process,plugin,model,phase,sample_count,processing_latency_ms,std_latency_ms,min_latency_ms,max_latency_ms,p95_latency_ms,e2e_latency_ms,t_start,t_end
world,UVC_Source,UVC_Source,boot,1,175.66178494598716,0.0,175.66178494598716,175.66178494598716,175.66178494598716,175.66178494598716,869243.28581627,869243.461478055
world,UVC_Source,UVC_Source,loop,30,27.857245275905978,5.160999200951609,12.354702921584249,34.94416899047792,33.40954874292947,68.84851174351449,869243.461478055,869244.481033412
world,UVC_Source,UVC_Source,loop,30,30.10395730379969,1.9827994027825333,27.10364491213113,33.248967956751585,33.15264436532743,68.81998761091381,869244.481033412,869245.485048182
world,UVC_Source,UVC_Source,loop,30,25.884120954045404,7.874243096013484,0.10591500904411077,35.93582799658179,33.13339177984744,69.76400153168167,869245.485048182,869246.49333476
world,UVC_Source,UVC_Source,loop,25,24.63596296031028,7.749466972066656,0.14006393030285835,33.07259106077254,32.75420379359275,69.32735147420317,869246.49333476,869247.497159854
world,UVC_Source,UVC_Source,loop,30,29.61765410533796,2.108196916982927,26.47269901353866,33.1842249725014,32.88052958087064,68.85039136201765,869247.497159854,869248.501148796
world,UVC_Source,UVC_Source,loop,30,29.532200606384624,1.9070042672604177,27.639481937512755,32.60110202245414,32.422986190067604,68.92098376605038,869248.501148796,869249.509193447
world,UVC_Source,UVC_Source,loop,30,29.715189632649224,2.04090164493813,27.239501010626554,33.041508984752,32.76269527268596,69.1122466349043,869249.509193447,869250.513275326
world,UVC_Source,UVC_Source,loop,30,29.69114649264763,2.1127367375540356,27.300371904857457,33.04669598583132,32.90023168665357,68.91049129966025,869250.513275326,869251.517323351
world,UVC_Source,UVC_Source,loop,30,29.611036833375692,2.1376040736797566,27.07009797450155,33.303478034213185,32.73579491651617,69.08774897068118,869251.517323351,869252.525311986
world,UVC_Source,UVC_Source,loop,30,29.792602461141843,2.0682183592560155,26.642601005733013,33.267288003116846,32.75681929662824,69.157095591072,869252.525311986,869253.529416518
world,UVC_Source,UVC_Source,loop,30,29.762141006843496,1.9851666707289182,27.13474805932492,33.36691402364522,32.966307195601985,69.08697149095435,869253.529416518,869254.533415288
world,UVC_Source,UVC_Source,loop,30,29.97776810855915,2.0019761432035597,27.711928938515484,33.36873999796808,33.044914301717654,69.26282157655805,869254.533415288,869255.541442183
world,UVC_Source,UVC_Source,loop,30,29.94750342719878,2.2277399023149203,25.951704941689968,33.63000997342169,33.40171352028847,69.24120043016349,869255.541442183,869256.54548767
world,UVC_Source,UVC_Source,loop,30,29.53600681309278,2.0409936484245783,26.789440074935555,32.92723896447569,32.786670938367024,69.14037076445918,869256.54548767,869257.549523448
world,UVC_Source,UVC_Source,loop,30,30.00420651320989,2.042383533730616,27.66104892361909,33.36652193684131,33.129618340171874,69.45525119857241,869257.549523448,869258.557590851
world,UVC_Source,UVC_Source,loop,30,29.402609596339364,2.0474315663510545,26.233527925796807,33.10893406160176,32.21491351723671,69.2653114752223,869258.557590851,869259.561653053
world,UVC_Source,UVC_Source,loop,30,29.627717585147668,2.0167799376480873,25.211766944266856,33.14449405297637,32.31422558310442,69.3159135679404,869259.561653053,869260.565665583
world,UVC_Source,UVC_Source,loop,30,29.888934878787648,2.0312214002224875,27.858943096362054,33.44681207090616,33.262107375776395,69.49886343209073,869260.565665583,869261.573653195
world,UVC_Source,UVC_Source,loop,30,29.640176562437166,2.091139794273195,27.576962020248175,33.168476074934006,33.09145061066374,69.43145642677943,869261.573653195,869262.577700135
world,UVC_Source,UVC_Source,loop,30,29.658066407622147,1.9732725642434163,27.505819918587804,33.09654304757714,32.84522300818935,69.47646046367784,869262.577700135,869263.581777198
world,UVC_Source,UVC_Source,loop,30,29.789064137730747,2.065347186463207,27.057096012867987,33.31472899299115,33.14824787667021,69.54520880632724,869263.581777198,869264.589803506
world,UVC_Source,UVC_Source,loop,30,29.976916033774614,2.1565117050172935,26.50453196838498,33.31907792016864,33.281162852654234,69.45436276728287,869264.589803506,869265.593806689
world,UVC_Source,UVC_Source,loop,30,29.52002715319395,1.9711255248493942,27.576107997447252,33.25409896206111,32.35357252997346,69.68001063602667,869265.593806689,869266.597913212
world,UVC_Source,UVC_Source,loop,30,29.464404731212806,2.0578620165513786,27.300848974846303,33.007676945999265,32.544975803466514,69.61646523947518,869266.597913212,869267.605959215
world,UVC_Source,UVC_Source,loop,30,29.390852347326774,1.996865494428734,26.782134897075593,33.08288392145187,31.959817436290905,69.66199933473642,869267.605959215,869268.60998858
world,UVC_Source,UVC_Source,loop,30,29.658642574213445,2.037022575046513,26.211429969407618,33.24791102204472,33.034080162178725,69.72295729986702,869268.60998858,869269.614049899
world,UVC_Source,UVC_Source,loop,30,29.812493838835508,2.002221090064153,27.532086009159684,33.19484309758991,32.96590443351306,69.78747937052201,869269.614049899,869270.622109396
world,UVC_Source,UVC_Source,loop,30,29.485148226376623,2.0267064062408293,26.281594997271895,33.10535103082657,32.29985493817367,69.85759329206,869270.622109396,869271.626052416
world,UVC_Source,UVC_Source,loop,30,29.3775189978381,2.0477110064396062,26.462903013452888,33.23367401026189,32.20691151218489,69.77745053591207,869271.626052416,869272.63007916
world,UVC_Source,UVC_Source,loop,30,29.918545643643785,2.111613791085868,25.979853933677077,33.25884498190135,32.84323629341088,69.8184434712554,869272.63007916,869273.638120318
world,UVC_Source,UVC_Source,loop,30,29.56450233468786,2.259876651712272,26.015475974418223,33.23688998352736,33.15011351951398,70.01934259509046,869273.638120318,869274.642202561
world,UVC_Source,UVC_Source,loop,30,29.421248578000814,2.0677126460069033,26.586721069179475,32.60761289857328,32.54451603279449,69.96360230647649,869274.642202561,869275.646258896
world,UVC_Source,UVC_Source,loop,30,29.564806803440053,2.058676278109943,27.44720201008022,33.08464598376304,32.53180157626048,70.01170189275096,869275.646258896,869276.654230453
world,UVC_Source,UVC_Source,loop,30,29.505076150720317,1.925297632443269,27.451889007352293,32.809550990350544,32.39071860443801,70.08814487295847,869276.654230453,869277.658355919
world,UVC_Source,UVC_Source,loop,30,29.574771229332935,2.0169310304096473,27.54889102652669,33.12777797691524,32.7107239572797,70.01050393252324,869277.658355919,869278.662306944
world,UVC_Source,UVC_Source,loop,30,29.84630536908905,1.9986096801237958,27.342658955603838,32.89373405277729,32.62596247950569,70.19016223105912,869278.662306944,869279.670399101
world,UVC_Source,UVC_Source,loop,30,29.650094569660723,2.0627158391096856,27.644092915579677,33.360059023834765,32.97808449715376,70.1242117676884,869279.670399101,869280.67445188
world,UVC_Source,UVC_Source,loop,30,29.658676695544273,2.333133970423776,26.32192801684141,35.046071046963334,33.03996408358216,70.09510440208639,869280.67445188,869281.678478094
world,UVC_Source,UVC_Source,loop,30,29.643664966958266,2.203799684650427,24.854335002601147,33.21013692766428,32.90471563232131,70.36356717192878,869281.678478094,869282.686492978
world,UVC_Source,UVC_Source,loop,30,29.641142712595563,2.0040739445857474,27.402524021454155,33.198622055351734,32.54025086062029,70.3095911652781,869282.686492978,869283.690554816
world,UVC_Source,UVC_Source,loop,30,29.516678008561332,2.1260985641825627,26.493756915442646,33.16128300502896,33.045189740369096,70.23774203068267,869283.690554816,869284.694599707
world,UVC_Source,UVC_Source,loop,30,29.579925727254402,1.9473631870638297,27.595011983066797,32.352314912714064,32.20133301219903,70.43888090799253,869284.694599707,869285.702655667
world,UVC_Source,UVC_Source,loop,30,29.439973668195307,2.1704575097927035,26.371416985057294,33.102315035648644,33.04476852645166,70.34325976079951,869285.702655667,869286.706638445
world,UVC_Source,UVC_Source,loop,30,29.33377653826028,2.558822453129598,20.378770073875785,32.99700794741511,32.26666458649561,70.41409036610276,869286.706638445,869287.710740213
world,UVC_Source,UVC_Source,loop,30,29.561115774170805,2.1225819087597957,25.477734045125544,33.19785697385669,32.57291616755538,70.47960200579837,869287.710740213,869288.718762499
world,UVC_Source,UVC_Source,loop,30,29.464967067663867,2.150466623151025,26.134020066820085,33.06967800017446,32.93388618621975,70.40055732553203,869288.718762499,869289.722811728
world,UVC_Source,UVC_Source,loop,30,29.235079628415406,2.5891120461306047,19.89151898305863,32.900427002459764,32.05114246811718,70.66040135687217,869289.722811728,869290.72681272
world,UVC_Source,UVC_Source,loop,30,29.63500520369659,1.9811181309593853,27.437341050244868,33.015825087204576,32.54921712214127,70.65368687035516,869290.72681272,869291.734866864
world,UVC_Source,UVC_Source,loop,30,29.46950039671113,2.057983195992423,26.37037297245115,32.69432100933045,32.382409810088575,70.56971377460286,869291.734866864,869292.738970294
world,NetworkApiPlugin,NetworkApiPlugin,boot,1,0.004507019184529781,0.0,0.004507019184529781,0.004507019184529781,0.004507019184529781,0.004507019184529781,869243.461522074,869243.461526581
world,NetworkApiPlugin,NetworkApiPlugin,loop,30,0.01828129170462489,0.010329355926489052,0.008039991371333599,0.05174404941499233,0.03300291718915104,68.88291569581877,869243.461526581,869244.481257471
world,NetworkApiPlugin,NetworkApiPlugin,loop,30,0.011659832671284676,0.0014319152759760861,0.009248033165931702,0.015072990208864212,0.014275807188823817,68.84239346254617,869244.481257471,869245.485221262
world,NetworkApiPlugin,NetworkApiPlugin,loop,30,0.014509935863316059,0.007183720590770505,0.007122056558728218,0.03345299046486616,0.029993866337463246,69.80335463304073,869245.485221262,869246.493898954
world,NetworkApiPlugin,NetworkApiPlugin,loop,25,0.01687290146946907,0.007732979599690648,0.009765964932739735,0.035131932236254215,0.030979164876043797,69.3624433176592,869246.493898954,869247.497401526
world,NetworkApiPlugin,NetworkApiPlugin,loop,30,0.010345891738931337,0.0010013854864696185,0.00753102358430624,0.01267390325665474,0.011359388008713722,68.87648275587708,869247.497401526,869248.501432731
world,NetworkApiPlugin,NetworkApiPlugin,loop,30,0.010464321045825878,0.0011649370128039543,0.007102033123373985,0.012406031601130962,0.011741433991119266,68.94279963259275,869248.501432731,869249.509349973
world,NetworkApiPlugin,NetworkApiPlugin,loop,30,0.01041376187155644,0.0010223620520174522,0.007522990927100182,0.012777978554368019,0.01178986276499927,69.13696636911482,869249.509349973,869250.513522663
world,NetworkApiPlugin,NetworkApiPlugin,loop,30,0.00987310583392779,0.0011642020982259031,0.00666698906570673,0.011448981240391731,0.011138425907120109,68.93460864278798,869250.513522663,869251.517570421
world,NetworkApiPlugin,NetworkApiPlugin,loop,30,0.010007433593273163,0.0014310896900846086,0.00699702650308609,0.014050980098545551,0.011759414337575436,69.1086750322332,869251.517570421,869252.525467871
world,NetworkApiPlugin,NetworkApiPlugin,loop,30,0.010358856525272131,0.0017887566202522797,0.006985967047512531,0.013818033039569855,0.013444002252072094,69.17887370024498,869252.525467871,869253.529578081
world,NetworkApiPlugin,NetworkApiPlugin,loop,30,0.010136437291900316,0.0012215828180434675,0.007477006874978542,0.011986005119979382,0.011520925909280777,69.11210816664,869253.529578081,869254.53367187
world,NetworkApiPlugin,NetworkApiPlugin,loop,30,0.00907086068764329,0.0016223900417404475,0.005823909305036068,0.011854921467602253,0.011420133523643015,69.28480432834476,869254.53367187,869255.541680143
world,NetworkApiPlugin,NetworkApiPlugin,loop,30,0.009391464603443941,0.0016175356314291971,0.006310991011559963,0.011876923963427544,0.011580524733290076,69.26391146456201,869255.541680143,869256.545731939
world,NetworkApiPlugin,NetworkApiPlugin,loop,30,0.011010433081537485,0.0022468813836916558,0.006100046448409557,0.016172067262232304,0.014206755440682171,69.16315693718691,869256.545731939,869257.54967612
world,NetworkApiPlugin,NetworkApiPlugin,loop,30,0.00981990403185288,0.0015986457718568656,0.007249065674841404,0.012314063496887684,0.012038869317620993,69.47931409425412,869257.54967612,869258.557849558
world,NetworkApiPlugin,NetworkApiPlugin,loop,30,0.010793923866003752,0.0012310655427144011,0.008163973689079285,0.013914075680077076,0.013292115181684492,69.28773670224473,869258.557849558,869259.561814911
world,NetworkApiPlugin,NetworkApiPlugin,loop,30,0.010593650707354149,0.0013285705553899012,0.006795977242290974,0.01398497261106968,0.012159696780145165,69.34155126412709,869259.561814911,869260.565922387
world,NetworkApiPlugin,NetworkApiPlugin,loop,30,0.009823303359250227,0.0018207506702240736,0.006300979293882847,0.012998003512620926,0.01259391428902745,69.51959856863444,869260.565922387,869261.573812028
world,NetworkApiPlugin,NetworkApiPlugin,loop,30,0.009901980714251598,0.001415457423083536,0.0069999368861317635,0.013740034773945808,0.011666887439787386,69.45227515728523,869261.573812028,869262.577861168
world,NetworkApiPlugin,NetworkApiPlugin,loop,30,0.009665071653823057,0.0015427454258443328,0.0071570975705981255,0.012206961400806904,0.0115474802441895,69.50055931617196,869262.577861168,869263.582040014
world,NetworkApiPlugin,NetworkApiPlugin,loop,30,0.008921930566430092,0.0014599093593541546,0.005950918421149254,0.011600088328123093,0.010969943832606077,69.567659481739,869263.582040014,869264.590059671
world,NetworkApiPlugin,NetworkApiPlugin,loop,30,0.008366773060212532,0.001577729235204267,0.006109010428190231,0.012089032679796219,0.01105995033867657,69.47224863106385,869264.590059671,869265.593955338
world,NetworkApiPlugin,NetworkApiPlugin,loop,30,0.010308165413637957,0.001072430783191567,0.007577007636427879,0.012353993952274323,0.011528073810040949,69.70522060291842,869265.593955338,869266.598172085
world,NetworkApiPlugin,NetworkApiPlugin,loop,30,0.011066110649456581,0.001968856337291625,0.00732101034373045,0.018556020222604275,0.014000956434756512,69.64261902418609,869266.598172085,869267.606222053
world,NetworkApiPlugin,NetworkApiPlugin,loop,30,0.010381984369208416,0.0017971726861619225,0.0066069187596440315,0.014196033589541912,0.013331463560461995,69.68728330684826,869267.606222053,869268.610247065
world,NetworkApiPlugin,NetworkApiPlugin,loop,30,0.009652075823396444,0.0018733576680815096,0.005870009772479534,0.01307495404034853,0.012573570711538196,69.744966737926,869268.610247065,869269.614224533
world,NetworkApiPlugin,NetworkApiPlugin,loop,30,0.009895042361070713,0.0014954312279564892,0.006970018148422241,0.012414995580911636,0.011673994595184922,69.81130884184192,869269.614224533,869270.622362731
world,NetworkApiPlugin,NetworkApiPlugin,loop,30,0.01043414231389761,0.001473279754841551,0.007192953489720821,0.012970995157957077,0.012176367454230785,69.8789225347961,869270.622362731,869271.626202689
world,NetworkApiPlugin,NetworkApiPlugin,loop,30,0.010531488806009293,0.0017071440545736681,0.007233000360429287,0.014342018403112888,0.013097276678308841,69.79913879962017,869271.626202689,869272.630217023
world,NetworkApiPlugin,NetworkApiPlugin,loop,30,0.009697881372024616,0.0013703181661593644,0.007657916285097599,0.011979020200669765,0.011574459495022893,69.8389897394615,869272.630217023,869273.638277135
world,NetworkApiPlugin,NetworkApiPlugin,loop,30,0.009864541546752056,0.001453635137102873,0.006931019015610218,0.012184027582406998,0.01165830180980265,70.04292053170502,869273.638277135,869274.642446568
world,NetworkApiPlugin,NetworkApiPlugin,loop,30,0.010605676410098871,0.0012259666135370979,0.007280032150447369,0.012492062523961067,0.011965591693297029,69.98889290262014,869274.642446568,869275.646512263
world,NetworkApiPlugin,NetworkApiPlugin,loop,30,0.010344941013803085,0.0013704238196937438,0.007341965101659298,0.01233699731528759,0.012174376752227545,70.0333688291721,869275.646512263,869276.654384539
world,NetworkApiPlugin,NetworkApiPlugin,loop,30,0.010519862795869509,0.001267812065291626,0.00780296977609396,0.013164011761546135,0.012749084271490574,70.10997286609684,869276.654384539,869277.658516656
world,NetworkApiPlugin,NetworkApiPlugin,loop,30,0.010422656002144018,0.0012905676563547707,0.007377006113529205,0.012739910744130611,0.012488564243540168,70.03261676679055,869277.658516656,869278.662469557
world,NetworkApiPlugin,NetworkApiPlugin,loop,30,0.009730372888346514,0.001729600600779536,0.006605987437069416,0.014191027730703354,0.011387508129701018,70.21067779666434,869278.662469557,869279.670553771
world,NetworkApiPlugin,NetworkApiPlugin,loop,30,0.009988523864497742,0.0013715884768075377,0.0072749098762869835,0.011805910617113113,0.011504784924909472,70.14817566378042,869279.670553771,869280.674709521
world,NetworkApiPlugin,NetworkApiPlugin,loop,30,0.010201955835024515,0.0014767139765428329,0.007127993740141392,0.012364936992526054,0.01154626370407641,70.1197541008393,869280.674709521,869281.678736738
world,NetworkApiPlugin,NetworkApiPlugin,loop,30,0.009785608078042666,0.0014476994972968608,0.0071820104494690895,0.012630014680325985,0.011512887431308625,70.38497413353373,869281.678736738,869282.686671086
world,NetworkApiPlugin,NetworkApiPlugin,loop,30,0.010080763604491949,0.0009905109167831438,0.006963033229112625,0.01128192525357008,0.011046248255297542,70.33366098767146,869282.686671086,869283.690807358
world,NetworkApiPlugin,NetworkApiPlugin,loop,30,0.009734963532537222,0.001145371521690469,0.00706803984940052,0.011722906492650509,0.011033163173124192,70.25867509267603,869283.690807358,869284.694757379
world,NetworkApiPlugin,NetworkApiPlugin,loop,30,0.010475787955025831,0.0008949040374284355,0.007980968803167343,0.01260591670870781,0.011702021583914755,70.46416243150209,869284.694757379,869285.702916097
world,NetworkApiPlugin,NetworkApiPlugin,loop,30,0.009709476338078579,0.0018533543471152018,0.005890964530408382,0.012688920833170414,0.012243835953995585,70.36339140031487,869285.702916097,869286.706779701
world,NetworkApiPlugin,NetworkApiPlugin,loop,30,0.010755596061547598,0.001946461012881198,0.007026013918220997,0.014284043572843075,0.013659935211762786,70.43956496442358,869286.706779701,869287.71099425
world,NetworkApiPlugin,NetworkApiPlugin,loop,30,0.010490642550090948,0.0016116390574170889,0.006371992640197277,0.013742013834416866,0.013024301733821629,70.50438031631832,869287.71099425,869288.719008207
world,NetworkApiPlugin,NetworkApiPlugin,loop,30,0.009957863949239254,0.0012643004842198093,0.007436960004270077,0.011904980055987835,0.011532485950738192,70.42453459774454,869288.719008207,869289.723060048
world,NetworkApiPlugin,NetworkApiPlugin,loop,30,0.011218610840539137,0.001890081955969754,0.006949994713068008,0.017510028555989265,0.014625547919422386,70.68657463338847,869289.723060048,869290.727065367
world,NetworkApiPlugin,NetworkApiPlugin,loop,30,0.010574775903175274,0.00178161874731552,0.006604008376598358,0.01440197229385376,0.012755882926285267,70.67916927626356,869290.727065367,869291.735126423
world,NetworkApiPlugin,NetworkApiPlugin,loop,30,0.010253783936301867,0.0014380054578166273,0.007516937330365181,0.01399102620780468,0.012646627146750689,70.6152046370941,869291.735126423,869292.739853423
world,Pupil_Data_Relay,Pupil_Data_Relay,boot,1,0.04528404679149389,0.0,0.04528404679149389,0.04528404679149389,0.04528404679149389,0.04528404679149389,869243.461538879,869243.461584163
world,Pupil_Data_Relay,Pupil_Data_Relay,loop,30,0.017342173183957737,0.008958633543631488,0.007188995368778706,0.036602956242859364,0.03527553053572773,68.90836963818099,869243.461584163,869244.481352001
world,Pupil_Data_Relay,Pupil_Data_Relay,loop,30,0.010696158278733492,0.0036402052389731716,0.006653019227087498,0.022658961825072765,0.01966501004062593,68.85885760420933,869244.481352001,869245.485312137
world,Pupil_Data_Relay,Pupil_Data_Relay,loop,30,0.015684283183266718,0.008680695885034536,0.004334957338869572,0.039816019125282764,0.037390651414170854,69.83551477314904,869245.485312137,869246.494304424
world,Pupil_Data_Relay,Pupil_Data_Relay,loop,25,0.039375703781843185,0.036658657959200015,0.006070011295378208,0.1341829774901271,0.11520117986947295,69.41362084820867,869246.494304424,869247.497668669
world,Pupil_Data_Relay,Pupil_Data_Relay,loop,30,0.12199016055092216,0.023542470714727058,0.06439897697418928,0.18272793386131525,0.16223704442381856,69.00866313759859,869247.497668669,869248.501748002
world,Pupil_Data_Relay,Pupil_Data_Relay,loop,30,0.12031984127437075,0.023416048282524533,0.06173201836645603,0.1724760513752699,0.14500899706035852,69.06969671060021,869248.501748002,869249.509493685
world,Pupil_Data_Relay,Pupil_Data_Relay,loop,30,0.11886766490836938,0.01999250986768505,0.0605100067332387,0.16119296196848154,0.1457851380109787,69.26548956738164,869249.509493685,869250.513814331
world,Pupil_Data_Relay,Pupil_Data_Relay,loop,30,0.11553906758005421,0.024567214409936,0.0514789717271924,0.1587750157341361,0.14435668708756563,69.05990146721403,869250.513814331,869251.517877106
world,Pupil_Data_Relay,Pupil_Data_Relay,loop,30,0.11304309591650963,0.02298689595644774,0.06090907845646143,0.15133002307265997,0.1379104680381715,69.22833426700284,869251.517877106,869252.5256211
world,Pupil_Data_Relay,Pupil_Data_Relay,loop,30,0.11543759610503912,0.03296724619127509,0.06274098996073008,0.22680801339447498,0.14520324184559283,69.30140670156106,869252.5256211,869253.52973705
world,Pupil_Data_Relay,Pupil_Data_Relay,loop,30,0.11421156426270802,0.020815343215470496,0.0674789771437645,0.14263996854424477,0.13780391309410334,69.23647026609008,869253.52973705,869254.533953467
world,Pupil_Data_Relay,Pupil_Data_Relay,loop,30,0.0824718619696796,0.02780918906707019,0.04085595719516277,0.1383019844070077,0.13458824250847098,69.37625783806045,869254.533953467,869255.541913685
world,Pupil_Data_Relay,Pupil_Data_Relay,loop,30,0.09024814159298937,0.03319070608456567,0.04495901521295309,0.1508849672973156,0.144563487265259,69.36311755950253,869255.541913685,869256.546026299
world,Pupil_Data_Relay,Pupil_Data_Relay,loop,30,0.11551120551303029,0.028153534475610944,0.06721797399222851,0.17624697647988796,0.14728810638189316,69.28547069740792,869256.546026299,869257.549821574
world,Pupil_Data_Relay,Pupil_Data_Relay,loop,30,0.11041814383740227,0.0323363782819188,0.05458306986838579,0.16701791901141405,0.16480112099088728,69.59972555438678,869257.549821574,869258.558145965
world,Pupil_Data_Relay,Pupil_Data_Relay,loop,30,0.12188547601302464,0.017528403018801382,0.06498908624053001,0.14861999079585075,0.14202336897142231,69.41633373110865,869258.558145965,869259.561950969
world,Pupil_Data_Relay,Pupil_Data_Relay,loop,30,0.11995680397376418,0.02312916343398415,0.06268499419093132,0.17551297787576914,0.14461458777077496,69.47182006357859,869259.561950969,869260.566207542
world,Pupil_Data_Relay,Pupil_Data_Relay,loop,30,0.10517083186035354,0.027207099409227532,0.06648001726716757,0.16365607734769583,0.14272933476604518,69.63145202413823,869260.566207542,869261.573970479
world,Pupil_Data_Relay,Pupil_Data_Relay,loop,30,0.1105170037286977,0.027275975442947537,0.06307393778115511,0.15090603847056627,0.1469570503104478,69.56980923811595,869261.573970479,869262.578032501
world,Pupil_Data_Relay,Pupil_Data_Relay,loop,30,0.10539572297905882,0.025178665986653397,0.062332022935152054,0.13936299365013838,0.13527785195037723,69.6156953422663,869262.578032501,869263.582344627
world,Pupil_Data_Relay,Pupil_Data_Relay,loop,30,0.07808196047941844,0.026142221096969398,0.04334002733230591,0.14352600555866957,0.1326296769548207,69.65484886895865,869263.582344627,869264.590303436
world,Pupil_Data_Relay,Pupil_Data_Relay,loop,30,0.07087716367095709,0.02279160289236302,0.043483916670084,0.1333069521933794,0.11262299958616492,69.54874264774844,869264.590303436,869265.594099615
world,Pupil_Data_Relay,Pupil_Data_Relay,loop,30,0.12361059586207072,0.023744949471883544,0.061064958572387695,0.16697891987860203,0.141794397495687,69.83889606393252,869265.594099615,869266.598477806
world,Pupil_Data_Relay,Pupil_Data_Relay,loop,30,0.1234154022919635,0.02472320191845946,0.0590599374845624,0.17075007781386375,0.14687970979139206,69.77616416212793,869266.598477806,869267.606518213
world,Pupil_Data_Relay,Pupil_Data_Relay,loop,30,0.11726326386754711,0.02526846955045057,0.06155390292406082,0.15726196579635143,0.14187832130119205,69.81512344209477,869267.606518213,869268.61054247
world,Pupil_Data_Relay,Pupil_Data_Relay,loop,30,0.10549899501105149,0.03135949940495216,0.054962001740932465,0.15580200124531984,0.15313182957470417,69.85672979305188,869268.61054247,869269.614353356
world,Pupil_Data_Relay,Pupil_Data_Relay,loop,30,0.10386237408965826,0.0304813626583785,0.061913044191896915,0.15614391304552555,0.14678189763799307,69.92451755407576,869269.614353356,869270.622665936
world,Pupil_Data_Relay,Pupil_Data_Relay,loop,30,0.11549541959539056,0.02655870168859753,0.06424903403967619,0.15155889559537172,0.14628226635977626,70.00096149664994,869270.622665936,869271.626348677
world,Pupil_Data_Relay,Pupil_Data_Relay,loop,30,0.11516740390410025,0.02843415295531764,0.06809202022850513,0.16431708354502916,0.15552425174973905,69.92086258639272,869271.626348677,869272.630354536
world,Pupil_Data_Relay,Pupil_Data_Relay,loop,30,0.10018602867300312,0.024761099742121217,0.062496052123606205,0.14404195826500654,0.13889914262108502,69.9452795709173,869272.630354536,869273.638426013
world,Pupil_Data_Relay,Pupil_Data_Relay,loop,30,0.11137984304999311,0.02992979511230463,0.0536179868504405,0.16018992755562067,0.15490051009692252,70.16345360316336,869273.638426013,869274.642729672
world,Pupil_Data_Relay,Pupil_Data_Relay,loop,30,0.12237059806163113,0.023732423455139026,0.06524892523884773,0.16449799295514822,0.14682799810543656,70.12125893573587,869274.642729672,869275.646805185
world,Pupil_Data_Relay,Pupil_Data_Relay,loop,30,0.1195231219753623,0.02488667652366108,0.07117702625691891,0.15192199498414993,0.14707676600664854,70.15948256788154,869275.646805185,869276.654527009
world,Pupil_Data_Relay,Pupil_Data_Relay,loop,30,0.1184155116789043,0.02342652920781689,0.05335290916264057,0.15599897596985102,0.15036239055916664,70.23507254198194,869276.654527009,869277.658638952
world,Pupil_Data_Relay,Pupil_Data_Relay,loop,30,0.11871875807022055,0.02422686910821868,0.06031803786754608,0.1580229727551341,0.1527184969745576,70.15819239895791,869277.658638952,869278.662605342
world,Pupil_Data_Relay,Pupil_Data_Relay,loop,30,0.11141827174772818,0.02777512697215567,0.056887976825237274,0.14545791782438755,0.14236479182727635,70.32828374067321,869278.662605342,869279.670722858
world,Pupil_Data_Relay,Pupil_Data_Relay,loop,30,0.11322387338926394,0.026058128485009872,0.06397790275514126,0.15924498438835144,0.14918812084943053,70.27136096342777,869279.670722858,869280.675021619
world,Pupil_Data_Relay,Pupil_Data_Relay,loop,30,0.1147408892090122,0.02798766633538356,0.06484403274953365,0.16422697808593512,0.1514215895440429,70.24435116133343,869280.675021619,869281.679035205
world,Pupil_Data_Relay,Pupil_Data_Relay,loop,30,0.11229238783319791,0.028956016032102936,0.06665894761681557,0.15822192654013634,0.1542071346193552,70.50446660335486,869281.679035205,869282.686857453
world,Pupil_Data_Relay,Pupil_Data_Relay,loop,30,0.11874994185442726,0.02548839480251588,0.05957705434411764,0.15980505850166082,0.155238714069128,70.4622850404121,869282.686857453,869283.691097487
world,Pupil_Data_Relay,Pupil_Data_Relay,loop,30,0.11245423229411244,0.025987766093275477,0.06206391844898462,0.14943804126232862,0.14152018120512366,70.37752446485683,869283.691097487,869284.694890076
world,Pupil_Data_Relay,Pupil_Data_Relay,loop,30,0.12424055797358353,0.01861474252551181,0.06718398071825504,0.15884405001997948,0.14609175850637257,70.5987397658949,869284.694890076,869285.703221773
world,Pupil_Data_Relay,Pupil_Data_Relay,loop,30,0.1126670278608799,0.02738121115608551,0.061676022596657276,0.14788692351430655,0.14569243066944182,70.48247676963608,869285.703221773,869286.706919163
world,Pupil_Data_Relay,Pupil_Data_Relay,loop,30,0.12022980954498053,0.028894137713825218,0.06045401096343994,0.16529206186532974,0.15193456783890724,70.57003886438906,869286.706919163,869287.711321358
world,Pupil_Data_Relay,Pupil_Data_Relay,loop,30,0.11819414018342893,0.02490142249227994,0.06599596235901117,0.14838797505944967,0.14651095843873918,70.63197766741116,869287.711321358,869288.719312708
world,Pupil_Data_Relay,Pupil_Data_Relay,loop,30,0.11681740094597141,0.027135971511737998,0.05689496174454689,0.15578907914459705,0.15048467903397977,70.55071009866272,869288.719312708,869289.723363923
world,Pupil_Data_Relay,Pupil_Data_Relay,loop,30,0.12313633148247997,0.02199897057112682,0.06911298260092735,0.1594159984961152,0.15744285774417222,70.81990393732364,869289.723363923,869290.727344537
world,Pupil_Data_Relay,Pupil_Data_Relay,loop,30,0.12450330735494693,0.0294975000550373,0.0614729942753911,0.16064103692770004,0.15357520314864814,70.81356269385044,869290.727344537,869291.735423853
world,Pupil_Data_Relay,Pupil_Data_Relay,loop,30,0.1209617320758601,0.020319469265462135,0.07126503624022007,0.15554099809378386,0.1458672748412937,70.76279212875913,869291.735423853,869292.740641136
world,Fixation_Detector,Fixation_Detector,boot,1,0.013255979865789413,0.0,0.013255979865789413,0.013255979865789413,0.013255979865789413,0.013255979865789413,869243.461595953,869243.461609209
world,Fixation_Detector,Fixation_Detector,loop,30,0.007163869061817725,0.005000423644669282,0.002974993549287319,0.02201995812356472,0.01476698089390993,68.92373280522104,869243.461609209,869244.481425327
world,Fixation_Detector,Fixation_Detector,loop,30,0.004146868983904521,0.0006348072912330647,0.0033240066841244698,0.005581998266279697,0.005262426566332578,68.86831293813884,869244.481425327,869245.485382319
world,Fixation_Detector,Fixation_Detector,loop,30,0.005690703013290961,0.0034074459461047443,0.002644956111907959,0.01409999094903469,0.012757704826071857,69.85591383030017,869245.485382319,869246.494632666
world,Fixation_Detector,Fixation_Detector,loop,25,0.006650760769844055,0.0037056178640617926,0.0036139972507953644,0.015245052054524422,0.013591209426522253,69.43157956004143,869246.494632666,869247.497830646
world,Fixation_Detector,Fixation_Detector,loop,30,0.004413929612686236,0.0004933205980877884,0.002756016328930855,0.005137990228831768,0.00493278494104743,69.02324786254515,869247.497830646,869248.501917603
world,Fixation_Detector,Fixation_Detector,loop,30,0.004459230694919825,0.0006250780790182093,0.002730987034738064,0.005515990778803825,0.005307234823703765,69.08131841337308,869248.501917603,869249.509564424
world,Fixation_Detector,Fixation_Detector,loop,30,0.004515610635280609,0.0004930658709406248,0.003034016117453575,0.005363021045923233,0.005145522300153971,69.28020687773824,869249.509564424,869250.513983303
world,Fixation_Detector,Fixation_Detector,loop,30,0.004220633612324794,0.0005976806472683899,0.002797110937535763,0.004893983714282513,0.004816905129700898,69.07417194064085,869250.513983303,869251.518050134
world,Fixation_Detector,Fixation_Detector,loop,30,0.004631082993000746,0.0013342043753298526,0.0026009511202573776,0.010780058801174164,0.00566716771572828,69.2399966258866,869251.518050134,869252.525694602
world,Fixation_Detector,Fixation_Detector,loop,30,0.0044015818275511265,0.0009069981313433631,0.0023510074242949486,0.006170943379402161,0.005492649506777525,69.31284553914641,869252.525694602,869253.529814017
world,Fixation_Detector,Fixation_Detector,loop,30,0.004288942242662112,0.0005383831200136325,0.0031319214031100273,0.005112960934638977,0.005041545955464244,69.25100934070845,869253.529814017,869254.534133504
world,Fixation_Detector,Fixation_Detector,loop,30,0.0038447401796778045,0.0007455883179796177,0.0025330809876322746,0.005437992513179779,0.0048675865400582535,69.38955060904846,869254.534133504,869255.542080081
world,Fixation_Detector,Fixation_Detector,loop,30,0.0038789973283807435,0.0007905088974591424,0.0024100299924612045,0.005177920684218407,0.004997733049094676,69.37703852308914,869255.542080081,869256.546200105
world,Fixation_Detector,Fixation_Detector,loop,30,0.004607404116541147,0.000984272108030051,0.0028728973120450974,0.006452901288866997,0.006066274363547563,69.29728962713853,869256.546200105,869257.549898023
world,Fixation_Detector,Fixation_Detector,loop,30,0.004209127898017566,0.0010457318507742029,0.002837972715497017,0.007751979865133762,0.005518877878785132,69.61431116408978,869257.549898023,869258.558319959
world,Fixation_Detector,Fixation_Detector,loop,30,0.004510410750905673,0.0004698022479615061,0.00299699604511261,0.0054889824241399765,0.005315360613167285,69.42841307415317,869258.558319959,869259.562034214
world,Fixation_Detector,Fixation_Detector,loop,30,0.004434896012147267,0.0006593695012797465,0.0024139881134033203,0.00525300856679678,0.005199050065129995,69.48707586076732,869259.562034214,869260.566382833
world,Fixation_Detector,Fixation_Detector,loop,30,0.004009122494608164,0.000930282116642309,0.002613058313727379,0.005607027560472488,0.0053190800826996565,69.6423968533054,869260.566382833,869261.574053409
world,Fixation_Detector,Fixation_Detector,loop,30,0.004109270715465148,0.0007620132231009742,0.00253098551183939,0.005473033525049686,0.005157286068424582,69.58089411491528,869261.574053409,869262.578111551
world,Fixation_Detector,Fixation_Detector,loop,30,0.003978765259186427,0.0007472842898387774,0.0027830246835947037,0.005226000212132931,0.004908198025077581,69.6294452684621,869262.578111551,869263.582519399
world,Fixation_Detector,Fixation_Detector,loop,30,0.0036010053008794785,0.0007797180593368934,0.002362998202443123,0.005042995326220989,0.004687369801104069,69.66795467305928,869263.582519399,869264.590474949
world,Fixation_Detector,Fixation_Detector,loop,30,0.003362540155649185,0.000728711051417474,0.0025010667741298676,0.005193985998630524,0.004593189805746078,69.55808049145465,869264.590474949,869265.594177036
world,Fixation_Detector,Fixation_Detector,loop,30,0.0042846038316686945,0.0005772607495407587,0.002822023816406727,0.005142996087670326,0.004941632505506277,69.85341450975586,869265.594177036,869266.598650807
world,Fixation_Detector,Fixation_Detector,loop,30,0.004477810580283403,0.0006648775095176876,0.002403976395726204,0.00537908636033535,0.005325855454429984,69.79146106168628,869266.598650807,869267.60670289
world,Fixation_Detector,Fixation_Detector,loop,30,0.004175871921082337,0.0007032307215252952,0.002842978574335575,0.005073030479252338,0.004917342448607087,69.82974914523463,869267.60670289,869268.610717574
world,Fixation_Detector,Fixation_Detector,loop,30,0.004014136114468177,0.0008591664471153836,0.0026510097086429596,0.005493988282978535,0.005376635817810893,69.86740363451342,869268.610717574,869269.614422958
world,Fixation_Detector,Fixation_Detector,loop,30,0.0039720248120526476,0.0008172234851552428,0.002568005584180355,0.005352078005671501,0.005175278056412934,69.9381253682077,869269.614422958,869270.622838906
world,Fixation_Detector,Fixation_Detector,loop,30,0.004321685992181301,0.0006558048783159411,0.002961023710668087,0.005393987521529198,0.00519842142239213,70.01279693407317,869270.622838906,869271.626422645
world,Fixation_Detector,Fixation_Detector,loop,30,0.004236066403488318,0.000723498400481515,0.0030050287023186684,0.005704001523554325,0.0051930430345237255,69.93205256294459,869271.626422645,869272.630431451
world,Fixation_Detector,Fixation_Detector,loop,30,0.003953604027628899,0.0008270623953956855,0.0026320340111851692,0.005042995326220989,0.004981900565326214,69.95587506874774,869272.630431451,869273.63850454
world,Fixation_Detector,Fixation_Detector,loop,30,0.004107186881204446,0.00073648154033038,0.0028120120987296104,0.005624955520033836,0.005045376019552349,70.1771438975508,869273.63850454,869274.642890645
world,Fixation_Detector,Fixation_Detector,loop,30,0.0044030991072456045,0.0005830824945295747,0.0028009526431560516,0.005427049472928047,0.005124852759763598,70.13597030115004,869274.642890645,869275.646980391
world,Fixation_Detector,Fixation_Detector,loop,30,0.004387301548073689,0.0006685833836424499,0.002963002771139145,0.005241949111223221,0.005200516898185015,70.1712401312155,869275.646980391,869276.654599393
world,Fixation_Detector,Fixation_Detector,loop,30,0.004569860175251961,0.0006799347439877202,0.002939952537417412,0.006012036465108395,0.005602726014330982,70.24675861078624,869276.654599393,869277.658711336
world,Fixation_Detector,Fixation_Detector,loop,30,0.004454279163231452,0.0005765718004920355,0.0029229559004306793,0.005322042852640152,0.0051965354941785336,70.16986778083567,869277.658711336,869278.662683645
world,Fixation_Detector,Fixation_Detector,loop,30,0.004103993220875661,0.000814204213136724,0.0024640467017889023,0.005944049917161465,0.004990323213860393,70.33982626938571,869278.662683645,869279.670816173
world,Fixation_Detector,Fixation_Detector,loop,30,0.00425183679908514,0.0007451923538846166,0.0027909409254789352,0.005358015187084675,0.005158508429303764,70.28617172424372,869279.670816173,869280.675202069
world,Fixation_Detector,Fixation_Detector,loop,30,0.0043009330208102865,0.0007347944245275951,0.002827029675245285,0.0052549876272678375,0.00520006287842989,70.25882343684013,869280.675202069,869281.679212902
world,Fixation_Detector,Fixation_Detector,loop,30,0.004101633870353301,0.0007988489934346067,0.0027600908651947975,0.005387002602219582,0.005209568189457059,70.5160595010966,869281.679212902,869282.686949001
world,Fixation_Detector,Fixation_Detector,loop,30,0.004245003219693899,0.000499937406937771,0.002603977918624878,0.0049800146371126175,0.004698120756074786,70.47710090021913,869282.686949001,869283.691279905
world,Fixation_Detector,Fixation_Detector,loop,30,0.004017387982457876,0.0006182278292997844,0.0025710323825478554,0.004870002157986164,0.004681636346504092,70.38832959175731,869283.691279905,869284.694964063
world,Fixation_Detector,Fixation_Detector,loop,30,0.004451663699001074,0.0005581622573517989,0.0028170179575681686,0.00539503525942564,0.005279638571664691,70.61379899969324,869284.694964063,869285.703398856
world,Fixation_Detector,Fixation_Detector,loop,30,0.004223516831795375,0.0007959776319733957,0.002661021426320076,0.005544978193938732,0.005362113006412983,70.49354909686372,869285.703398856,869286.706995193
world,Fixation_Detector,Fixation_Detector,loop,30,0.004518431766579549,0.0008740445681326468,0.002842978574335575,0.0062390463426709175,0.005620368756353855,70.58488305968542,869286.706995193,869287.71149508
world,Fixation_Detector,Fixation_Detector,loop,30,0.0044981250539422035,0.0007258702474345159,0.0029639340937137604,0.005678040906786919,0.005568686174228787,70.646645509017,869287.71149508,869288.719475864
world,Fixation_Detector,Fixation_Detector,loop,30,0.004248072703679402,0.0007163341480066644,0.0025730114430189133,0.005292007699608803,0.0050730479415506124,70.56470146635547,869288.719475864,869289.723525604
world,Fixation_Detector,Fixation_Detector,loop,30,0.004621242017795642,0.000655170420694212,0.0028329668566584587,0.006521935574710369,0.0056961318477988234,70.83506955144306,869289.723525604,869290.727520642
world,Fixation_Detector,Fixation_Detector,loop,30,0.004567337843279044,0.0008981645536792132,0.0028740614652633667,0.0073070405051112175,0.0053905590903013945,70.82881166910131,869290.727520642,869291.735599607
world,Fixation_Detector,Fixation_Detector,loop,30,0.0045222424281140166,0.000625419671185109,0.003206077963113785,0.005852896720170975,0.005590403452515602,70.79047730270152,869291.735599607,869292.74118632
world,ScreenMarkerChoreographyPlugin,ScreenMarkerChoreographyPlugin,boot,1,0.04955299664288759,0.0,0.04955299664288759,0.04955299664288759,0.04955299664288759,0.04955299664288759,869243.461618784,869243.461668337
world,ScreenMarkerChoreographyPlugin,ScreenMarkerChoreographyPlugin,loop,30,0.02698532383268078,0.01459389069864501,0.01114897895604372,0.06224599201232195,0.05536045646294947,68.95803723018616,869243.461668337,869244.481512559
world,ScreenMarkerChoreographyPlugin,ScreenMarkerChoreographyPlugin,loop,30,0.017710243506977957,0.0019684259471860707,0.012538977898657322,0.022539054043591022,0.02091043279506266,68.89116583624855,869244.481512559,869245.485457704
world,ScreenMarkerChoreographyPlugin,ScreenMarkerChoreographyPlugin,loop,30,0.021633276871095102,0.010090548150621183,0.011197058483958244,0.051597016863524914,0.042685493826866136,69.89115602724875,869245.485457704,869246.494956206
world,ScreenMarkerChoreographyPlugin,ScreenMarkerChoreographyPlugin,loop,25,0.025123991072177887,0.010662781873759075,0.01765601336956024,0.05986297037452459,0.04357530269771813,69.46830243803561,869246.494956206,869247.497998044
world,ScreenMarkerChoreographyPlugin,ScreenMarkerChoreographyPlugin,loop,30,0.019336763458947342,0.0022673118750849005,0.011443044058978558,0.02230703830718994,0.021595257567241788,69.0523163609517,869247.497998044,869248.502100193
world,ScreenMarkerChoreographyPlugin,ScreenMarkerChoreographyPlugin,loop,30,0.019758524528394144,0.0027823423239364945,0.011531985364854336,0.02370099537074566,0.02304606605321169,69.10770460575198,869248.502100193,869249.509639801
world,ScreenMarkerChoreographyPlugin,ScreenMarkerChoreographyPlugin,loop,30,0.0193855802839001,0.0020951662160136188,0.01432409044355154,0.02494407817721367,0.021358137018978596,69.30946271168068,869249.509639801,869250.514165028
world,ScreenMarkerChoreographyPlugin,ScreenMarkerChoreographyPlugin,loop,30,0.01890504111846288,0.0026833981456777178,0.010543037205934525,0.02189201768487692,0.02161329030059278,69.10246650222689,869250.514165028,869251.518225238
world,ScreenMarkerChoreographyPlugin,ScreenMarkerChoreographyPlugin,loop,30,0.018998573068529367,0.0023865778313870473,0.012811040505766869,0.023622065782546997,0.022027408704161644,69.26523094298318,869251.518225238,869252.525770889
world,ScreenMarkerChoreographyPlugin,ScreenMarkerChoreographyPlugin,loop,30,0.019327050540596247,0.0035927200787136686,0.01178099773824215,0.02594105899333954,0.024726067204028368,69.33852513708796,869252.525770889,869253.529889678
world,ScreenMarkerChoreographyPlugin,ScreenMarkerChoreographyPlugin,loop,30,0.019269009741644066,0.0021482930150560804,0.013776007108390331,0.023038010112941265,0.02214923151768744,69.28000113305946,869253.529889678,869254.534320024
world,ScreenMarkerChoreographyPlugin,ScreenMarkerChoreographyPlugin,loop,30,0.016157166101038456,0.003421187534395626,0.009830109775066376,0.02371997106820345,0.021303805988281965,69.4141915300861,869254.534320024,869255.542240279
world,ScreenMarkerChoreographyPlugin,ScreenMarkerChoreographyPlugin,loop,30,0.017211826828618843,0.0033079619451272814,0.01054699532687664,0.02369796857237816,0.021947553614154458,69.40076426059629,869255.542240279,869256.546297565
world,ScreenMarkerChoreographyPlugin,ScreenMarkerChoreographyPlugin,loop,30,0.020784213362882536,0.0038028232881035947,0.012982985936105251,0.026064924895763397,0.025647092843428254,69.3245561638226,869256.546297565,869257.549977603
world,ScreenMarkerChoreographyPlugin,ScreenMarkerChoreographyPlugin,loop,30,0.018632128679503996,0.0030093857104842438,0.013252953067421913,0.0248180003836751,0.02270390978083014,69.6422938296261,869257.549977603,869258.558500123
world,ScreenMarkerChoreographyPlugin,ScreenMarkerChoreographyPlugin,loop,30,0.019903655629605055,0.002260179163803178,0.01431501004844904,0.025230925530195236,0.023317290470004075,69.45503963700806,869258.558500123,869259.562112643
world,ScreenMarkerChoreographyPlugin,ScreenMarkerChoreographyPlugin,loop,30,0.02007336200525363,0.003164785235686699,0.011721043847501278,0.025197979994118214,0.02469819155521691,69.51694200591494,869259.562112643,869260.566564327
world,ScreenMarkerChoreographyPlugin,ScreenMarkerChoreographyPlugin,loop,30,0.018214465429385502,0.0033438747075166166,0.013839919120073318,0.024116947315633297,0.023262068862095475,69.66703293534617,869260.566564327,869261.574144043
world,ScreenMarkerChoreographyPlugin,ScreenMarkerChoreographyPlugin,loop,30,0.018517273322989542,0.0029451284285079327,0.011132913641631603,0.02236594446003437,0.021748908329755068,69.60564586721982,869261.574144043,869262.578189417
world,ScreenMarkerChoreographyPlugin,ScreenMarkerChoreographyPlugin,loop,30,0.01795263960957527,0.0028573259806267577,0.012970063835382462,0.021890969946980476,0.021600775653496385,69.65643890822928,869262.578189417,869263.58269875
world,ScreenMarkerChoreographyPlugin,ScreenMarkerChoreographyPlugin,loop,30,0.016027692860613268,0.003932588852758746,0.010112999007105827,0.02651102840900421,0.02380561782047151,69.69290823520471,869263.58269875,869264.590657191
world,ScreenMarkerChoreographyPlugin,ScreenMarkerChoreographyPlugin,loop,30,0.015164566381524006,0.0034515931823121226,0.00971299596130848,0.02326606772840023,0.02176713896915316,69.5798310994481,869264.590657191,869265.594293222
world,ScreenMarkerChoreographyPlugin,ScreenMarkerChoreographyPlugin,loop,30,0.019720934020976227,0.0029303531250198427,0.014128978364169598,0.026453053578734398,0.024535780539736145,69.88270920313273,869265.594293222,869266.598830498
world,ScreenMarkerChoreographyPlugin,ScreenMarkerChoreographyPlugin,loop,30,0.020034355111420155,0.0029787961012555,0.011113937944173813,0.024487962946295738,0.024392653722316027,69.82134980304788,869266.598830498,869267.606887468
world,ScreenMarkerChoreographyPlugin,ScreenMarkerChoreographyPlugin,loop,30,0.018703960813581944,0.002674833582566246,0.01127202995121479,0.022175954654812813,0.02165494952350855,69.85790258816753,869267.606887468,869268.610895919
world,ScreenMarkerChoreographyPlugin,ScreenMarkerChoreographyPlugin,loop,30,0.01827066686625282,0.0031810092632916795,0.011793919838964939,0.02525502350181341,0.02300634514540434,69.89161722594872,869268.610895919,869269.614496726
world,ScreenMarkerChoreographyPlugin,ScreenMarkerChoreographyPlugin,loop,30,0.01843173522502184,0.0032759526788942563,0.013516983017325401,0.026492984034121037,0.022943207295611497,69.96564453778167,869269.614496726,869270.623024199
world,ScreenMarkerChoreographyPlugin,ScreenMarkerChoreographyPlugin,loop,30,0.019319696972767513,0.0026288499273912566,0.013776007108390331,0.0230070436373353,0.022812350653111935,70.03844269784167,869270.623024199,869271.626497906
world,ScreenMarkerChoreographyPlugin,ScreenMarkerChoreographyPlugin,loop,30,0.019664561841636896,0.0029401962047929044,0.01443503424525261,0.025299028493463993,0.024650496197864413,69.95801153437544,869271.626497906,869272.630507746
world,ScreenMarkerChoreographyPlugin,ScreenMarkerChoreographyPlugin,loop,30,0.01819064685453971,0.0030973574959339695,0.013779965229332447,0.024538952857255936,0.022983388043940064,69.97989606655513,869272.630507746,869273.638579355
world,ScreenMarkerChoreographyPlugin,ScreenMarkerChoreographyPlugin,loop,30,0.018386329368998606,0.0029725123313679774,0.013927929103374481,0.02531998325139284,0.022348703350871798,70.20502031470339,869273.638579355,869274.643072336
world,ScreenMarkerChoreographyPlugin,ScreenMarkerChoreographyPlugin,loop,30,0.019608864871164162,0.0025465553620653237,0.013923970982432365,0.023668049834668636,0.022741366410627958,70.16548271058127,869274.643072336,869275.647169769
world,ScreenMarkerChoreographyPlugin,ScreenMarkerChoreographyPlugin,loop,30,0.019332436689486105,0.0025803805852602575,0.012775068171322346,0.02343510277569294,0.022326846374198794,70.19682192864518,869275.647169769,869276.654671105
world,ScreenMarkerChoreographyPlugin,ScreenMarkerChoreographyPlugin,loop,30,0.019733972537020843,0.0026867397464178915,0.013298937119543552,0.025219982489943504,0.024346384452655908,70.27304023116206,869276.654671105,869277.65878515
world,ScreenMarkerChoreographyPlugin,ScreenMarkerChoreographyPlugin,loop,30,0.019587704446166754,0.002236491377623608,0.013493932783603668,0.023311004042625427,0.022660481045022607,70.19580620496224,869277.65878515,869278.662758324
world,ScreenMarkerChoreographyPlugin,ScreenMarkerChoreographyPlugin,loop,30,0.018828567893554766,0.0040492061776747435,0.01085805706679821,0.03264599945396185,0.023767474340274923,70.36533096882825,869278.662758324,869279.670927485
world,ScreenMarkerChoreographyPlugin,ScreenMarkerChoreographyPlugin,loop,30,0.01854356766367952,0.0027293989351943734,0.01342396717518568,0.02268305979669094,0.021521520102396607,70.31416721098746,869279.670927485,869280.675382845
world,ScreenMarkerChoreographyPlugin,ScreenMarkerChoreographyPlugin,loop,30,0.0187992622765402,0.0026872705728787478,0.013194046914577484,0.02306897658854723,0.02214314299635589,70.2869738995408,869280.675382845,869281.679394223
world,ScreenMarkerChoreographyPlugin,ScreenMarkerChoreographyPlugin,loop,30,0.018496698855111997,0.0029258638331138864,0.012706033885478973,0.023482018150389194,0.022325245663523674,70.5442044728746,869281.679394223,869282.687134814
world,ScreenMarkerChoreographyPlugin,ScreenMarkerChoreographyPlugin,loop,30,0.01869138019780318,0.001962292299120041,0.013111974112689495,0.022014020942151546,0.0215669977478683,70.50545347544055,869282.687134814,869283.691461944
world,ScreenMarkerChoreographyPlugin,ScreenMarkerChoreographyPlugin,loop,30,0.018239366666724283,0.002629449294142616,0.012742006219923496,0.022675027139484882,0.02148978528566658,70.4133466235362,869283.691461944,869284.695048071
world,ScreenMarkerChoreographyPlugin,ScreenMarkerChoreographyPlugin,loop,30,0.01963070050502817,0.001991054114761021,0.014616060070693493,0.023589935153722763,0.022444257047027346,70.6433060656612,869284.695048071,869285.703583051
world,ScreenMarkerChoreographyPlugin,ScreenMarkerChoreographyPlugin,loop,30,0.018519589987893898,0.0032286781437341067,0.012320000678300858,0.023638014681637287,0.02293682191520929,70.51849860387544,869285.703583051,869286.707077733
world,ScreenMarkerChoreographyPlugin,ScreenMarkerChoreographyPlugin,loop,30,0.02051885627831022,0.003435420713841499,0.01428497489541769,0.02713699359446764,0.02496834495104849,70.615033324187,869286.707077733,869287.711677093
world,ScreenMarkerChoreographyPlugin,ScreenMarkerChoreographyPlugin,loop,30,0.020430594061811764,0.004048423325112163,0.011999974958598614,0.03429001662880182,0.02549109049141407,70.6764308619313,869287.711677093,869288.719642262
world,ScreenMarkerChoreographyPlugin,ScreenMarkerChoreographyPlugin,loop,30,0.024437857791781425,0.02105466800899119,0.013349112123250961,0.12389500625431538,0.05233925767242896,70.59844329487532,869288.719642262,869289.723692151
world,ScreenMarkerChoreographyPlugin,ScreenMarkerChoreographyPlugin,loop,30,0.02158463078861435,0.003985333216944853,0.01322000753134489,0.0342600978910923,0.02903966233134268,70.86666440591216,869289.723692151,869290.727697517
world,ScreenMarkerChoreographyPlugin,ScreenMarkerChoreographyPlugin,loop,30,0.020443260048826534,0.0032419570618138697,0.013343989849090576,0.025033950805664062,0.024668039986863732,70.85909619927406,869290.727697517,869291.735780507
world,ScreenMarkerChoreographyPlugin,ScreenMarkerChoreographyPlugin,loop,30,0.019381509628146887,0.003020093680668961,0.013209064491093159,0.024673063308000565,0.023934891214594245,70.82913438401495,869291.735780507,869292.741649881
world,System_Graphs,System_Graphs,boot,1,0.005295965820550919,0.0,0.005295965820550919,0.005295965820550919,0.005295965820550919,0.005295965820550919,869243.461707216,869243.461712512
world,System_Graphs,System_Graphs,loop,30,0.030287576373666525,0.062012137860626565,0.0018010614439845085,0.25061797350645065,0.16705455491319257,69.00502076217283,869243.461712512,869244.48158986
world,System_Graphs,System_Graphs,loop,30,0.017355731688439846,0.02972436901304933,0.0020549632608890533,0.0926600769162178,0.0798187684267759,68.91928737362225,869244.48158986,869245.485530286
world,System_Graphs,System_Graphs,loop,30,0.02365996673082312,0.049893476029977867,0.0017710262909531593,0.24927500635385513,0.08916045189835123,69.93768089838947,869245.485530286,869246.495302768
world,System_Graphs,System_Graphs,loop,25,0.027702637016773224,0.05405620003308012,0.0024909386411309242,0.2421489916741848,0.10016465093940494,69.53997291624546,869246.495302768,869247.498165064
world,System_Graphs,System_Graphs,loop,30,0.025605604362984497,0.045077725355675446,0.0028009526431560516,0.17489504534751177,0.10495841270312667,69.09435429455091,869247.498165064,869248.502267947
world,System_Graphs,System_Graphs,loop,30,0.022283530173202355,0.03741368761138811,0.0026170164346694946,0.10634597856551409,0.10515308240428567,69.14368420063208,869248.502267947,869249.509707523
world,System_Graphs,System_Graphs,loop,30,0.021742253253857296,0.0360940566263419,0.0025900080800056458,0.10239193215966225,0.09970265091396867,69.34790421898167,869249.509707523,869250.514337494
world,System_Graphs,System_Graphs,loop,30,0.022160386045773823,0.037235499457054476,0.0022170133888721466,0.11588598135858774,0.10257889516651628,69.14063233416528,869250.514337494,869251.518392737
world,System_Graphs,System_Graphs,loop,30,0.021609101289262373,0.03588430043712643,0.0026139896363019943,0.10875996667891741,0.09905525948852298,69.29973096897204,869251.518392737,869252.525841025
world,System_Graphs,System_Graphs,loop,30,0.02151660155504942,0.035861674927409264,0.0024760374799370766,0.10836496949195862,0.10342286550439893,69.37302713825677,869252.525841025,869253.529957368
world,System_Graphs,System_Graphs,loop,30,0.020859739743173122,0.03453983401784855,0.0023599714040756226,0.0992720015347004,0.09675120236352085,69.31698562887807,869253.529957368,869254.534495137
world,System_Graphs,System_Graphs,loop,30,0.020904078458746273,0.03585642895934742,0.0019960571080446243,0.11113996151834726,0.09851384093053639,69.45221150138725,869254.534495137,869255.542413846
world,System_Graphs,System_Graphs,loop,30,0.021142167194435995,0.03609480714996658,0.0022010644897818565,0.10679801926016808,0.09864509338513017,69.43398823495954,869255.542413846,869256.546377416
world,System_Graphs,System_Graphs,loop,30,0.021065259352326393,0.03466239358259399,0.002244953066110611,0.10318891145288944,0.09659986826591194,69.35909459910665,869256.546377416,869257.550056029
world,System_Graphs,System_Graphs,loop,30,0.019142035550127428,0.031396688196860034,0.0025659101083874702,0.09819702245295048,0.09515428682789207,69.67726323443155,869257.550056029,869258.558672418
world,System_Graphs,System_Graphs,loop,30,0.02268379321321845,0.03734281669740504,0.002769986167550087,0.10792806278914213,0.09943436016328633,69.49150916965057,869258.558672418,869259.562186394
world,System_Graphs,System_Graphs,loop,30,0.022075010929256678,0.03643104007124701,0.002527027390897274,0.10668998584151268,0.10390274692326783,69.55606004145618,869259.562186394,869260.566738587
world,System_Graphs,System_Graphs,loop,30,0.021103796704361837,0.03563932546162006,0.002496992237865925,0.10544294491410255,0.1019352814182639,69.70069976135467,869260.566738587,869261.574223113
world,System_Graphs,System_Graphs,loop,30,0.02111075057958563,0.03551499580070168,0.0024100299924612045,0.10593701153993607,0.1026022946462035,69.63914631633088,869261.574223113,869262.578260994
world,System_Graphs,System_Graphs,loop,30,0.021537494224806625,0.03653632277092375,0.002495013177394867,0.10498100891709328,0.10405635694041848,69.69291552668437,869262.578260994,869263.582871424
world,System_Graphs,System_Graphs,loop,30,0.01833039956788222,0.03026568175581799,0.00201293732970953,0.09083992335945368,0.08729705587029457,69.72762747512509,869263.582871424,869264.590826976
world,System_Graphs,System_Graphs,loop,30,0.017463027810057003,0.029715603987376004,0.0020239967852830887,0.09862997103482485,0.08219262817874544,69.60898846931134,869264.590826976,869265.594398032
world,System_Graphs,System_Graphs,loop,30,0.023202695107708376,0.038318854245981325,0.002515967935323715,0.10532001033425331,0.10134231415577233,69.92205347632989,869265.594398032,869266.599005741
world,System_Graphs,System_Graphs,loop,30,0.021160091273486614,0.034424558890703616,0.0025850022211670876,0.1012070570141077,0.09764860151335597,69.85952082710962,869266.599005741,869267.607066288
world,System_Graphs,System_Graphs,loop,30,0.021350476890802383,0.035269421918084014,0.0023329630494117737,0.10009598918259144,0.09810293558984994,69.89530669913317,869267.607066288,869268.611072064
world,System_Graphs,System_Graphs,loop,30,0.020108135261883337,0.03378543402874404,0.0025329645723104477,0.10173791088163853,0.09906357736326753,69.92398326595624,869268.611072064,869269.614564714
world,System_Graphs,System_Graphs,loop,30,0.019501630837718647,0.032020454020542224,0.002496992237865925,0.1003750367090106,0.08908236632123588,70.00024739730482,869269.614564714,869270.623199644
world,System_Graphs,System_Graphs,loop,30,0.02079056187843283,0.034421618410942066,0.002660905010998249,0.10493595618754625,0.09826885070651768,70.07227345214535,869270.623199644,869271.626572275
world,System_Graphs,System_Graphs,loop,30,0.02021936234086752,0.03392083876904565,0.0026150373741984367,0.10985799599438906,0.10500767966732383,69.99098306211333,869271.626572275,869272.63057779
world,System_Graphs,System_Graphs,loop,30,0.01958586120357116,0.03269228199952982,0.0022420426830649376,0.1017559552565217,0.0939811754506081,70.01118394158159,869272.63057779,869273.638646751
world,System_Graphs,System_Graphs,loop,30,0.021045003086328506,0.03526825876336796,0.0023801112547516823,0.10150694288313389,0.10016504093073308,70.24142805797358,869273.638646751,869274.64323475
world,System_Graphs,System_Graphs,loop,30,0.02167623412484924,0.03554828658643999,0.002542976289987564,0.10711792856454849,0.09757046354934572,70.20391009670372,869274.64323475,869275.647349415
world,System_Graphs,System_Graphs,loop,30,0.02271279615039627,0.037940275066477604,0.0027240021154284477,0.11535990051925182,0.10268070618622002,70.23278891574591,869275.647349415,869276.654740139
world,System_Graphs,System_Graphs,loop,30,0.02273626159876585,0.03773296893764539,0.0025349436327815056,0.10344793554395437,0.10282458388246596,70.30924697949861,869276.654740139,869277.658854537
world,System_Graphs,System_Graphs,loop,30,0.022391431654493015,0.03713488265439364,0.002588029019534588,0.10587903670966625,0.10241984273307025,70.23231829904641,869277.658854537,869278.662828452
world,System_Graphs,System_Graphs,loop,30,0.021371835221846897,0.03553446419110978,0.002408982254564762,0.10468391701579094,0.09839611593633887,70.40506243162478,869278.662828452,869279.671181514
world,System_Graphs,System_Graphs,loop,30,0.02257497205088536,0.03774806299618966,0.0023780157789587975,0.10580499656498432,0.10018429020419717,70.35257272267093,869279.671181514,869280.675557243
world,System_Graphs,System_Graphs,loop,30,0.021871734255303938,0.036573258012687536,0.002600019797682762,0.10713294614106417,0.1009930216241628,70.3248300938867,869280.675557243,869281.679568973
world,System_Graphs,System_Graphs,loop,30,0.020011623079578083,0.03299294382551301,0.0026419293135404587,0.10094803292304277,0.09496660204604267,70.58108566561714,869281.679568973,869282.687339396
world,System_Graphs,System_Graphs,loop,30,0.02117969561368227,0.035097669280433806,0.002415967173874378,0.10991701856255531,0.095073931152001,70.54309419278677,869282.687339396,869283.691635688
world,System_Graphs,System_Graphs,loop,30,0.02158716864263018,0.035989159283306794,0.0023649772629141808,0.10308506898581982,0.10027550742961465,70.4475903340305,869283.691635688,869284.695117632
world,System_Graphs,System_Graphs,loop,30,0.022006473348786432,0.036299663776558244,0.0027689384296536446,0.10367296636104584,0.10030199191533028,70.68223569076508,869284.695117632,869285.703758353
world,System_Graphs,System_Graphs,loop,30,0.02177645607541005,0.036568988602599134,0.002262997440993786,0.10697497054934502,0.10050755809061228,70.55303139689688,869285.703758353,869286.707153119
world,System_Graphs,System_Graphs,loop,30,0.022276362869888544,0.03633421926411524,0.0025460030883550644,0.10309997014701366,0.09909719810821115,70.6540632682542,869286.707153119,869287.711849947
world,System_Graphs,System_Graphs,loop,30,0.02245736929277579,0.03700689083621205,0.0025139888748526573,0.1022879732772708,0.09778622188605368,70.71489011092733,869287.711849947,869288.719802238
world,System_Graphs,System_Graphs,loop,30,0.020555426211406786,0.03399299432778346,0.0024510081857442856,0.10631198529154062,0.09683047537691888,70.63500026318555,869288.719802238,869289.723852768
world,System_Graphs,System_Graphs,loop,30,0.023444221975902717,0.03946983044220841,0.0027189962565898895,0.13411801774054766,0.10269999620504675,70.90779243347545,869289.723852768,869290.727868137
world,System_Graphs,System_Graphs,loop,30,0.0210459732140104,0.0342858364951492,0.0024070031940937042,0.10033510625362396,0.09729208541102706,70.89678759609039,869290.727868137,869291.735955902
world,System_Graphs,System_Graphs,loop,30,0.023118755780160427,0.038723639042442914,0.0028120120987296104,0.11245091445744038,0.10615380597300828,70.87701187313844,869291.735955902,869292.742054766
world,Display_Recent_Gaze,Display_Recent_Gaze,boot,1,0.004229019396007061,0.0,0.004229019396007061,0.004229019396007061,0.004229019396007061,0.004229019396007061,869243.461725142,869243.461729371
world,Display_Recent_Gaze,Display_Recent_Gaze,loop,30,0.00235063877577583,0.0016639680090933702,0.001042964868247509,0.007165013812482357,0.004812714178115129,69.01393906446174,869243.461729371,869244.48165569
world,Display_Recent_Gaze,Display_Recent_Gaze,loop,30,0.0012810924090445042,0.0002556791132275294,0.0009909272193908691,0.002266024239361286,0.0015824800357222553,68.92479020170867,869244.48165569,869245.485590152
world,Display_Recent_Gaze,Display_Recent_Gaze,loop,30,0.001915769341091315,0.0012157814518153366,0.0009079230949282646,0.004608999006450176,0.004519918002188206,69.95332126583283,869245.485590152,869246.495621037
world,Display_Recent_Gaze,Display_Recent_Gaze,loop,25,0.002253125421702862,0.0013311295347188017,0.0009980285540223122,0.005449051968753338,0.004637637175619601,69.55234370660037,869246.495621037,869247.498315072
world,Display_Recent_Gaze,Display_Recent_Gaze,loop,30,0.001766493854423364,0.0001686630280567792,0.0014120014384388924,0.002069980837404728,0.0020520121324807405,69.1046707991821,869247.498315072,869248.502420959
world,Display_Recent_Gaze,Display_Recent_Gaze,loop,30,0.0017874602538843949,0.0001711872828608295,0.0013030366972088814,0.0020440202206373215,0.0020190258510410786,69.15102630543213,869248.502420959,869249.509765446
world,Display_Recent_Gaze,Display_Recent_Gaze,loop,30,0.0017174830039342244,0.00017732672075342453,0.001161010004580021,0.0020280713215470314,0.002004933776333928,69.35813514282927,869249.509765446,869250.514491279
world,Display_Recent_Gaze,Display_Recent_Gaze,loop,30,0.0017186238740881283,0.00018395448462037934,0.0014039687812328339,0.002277083694934845,0.0020062900148332115,69.15079369985808,869250.514491279,869251.518544611
world,Display_Recent_Gaze,Display_Recent_Gaze,loop,30,0.0017520079078773658,0.00021272784147779723,0.001308973878622055,0.002118060365319252,0.0020711799152195454,69.30680830264464,869251.518544611,869252.525900179
world,Display_Recent_Gaze,Display_Recent_Gaze,loop,30,0.0017554421598712604,0.00020670309480686432,0.001293024979531765,0.0022399472072720528,0.0020479667000472546,69.3803677141356,869252.525900179,869253.530022031
world,Display_Recent_Gaze,Display_Recent_Gaze,loop,30,0.0017638822707037132,0.00017003833938879784,0.0014379620552062988,0.002125045284628868,0.0020683801267296076,69.32774446904659,869253.530022031,869254.534656565
world,Display_Recent_Gaze,Display_Recent_Gaze,loop,30,0.0016220340815683205,0.00019990710816882886,0.0012599630281329155,0.0021830201148986816,0.0018494611140340567,69.46170933078974,869254.534656565,869255.542561233
world,Display_Recent_Gaze,Display_Recent_Gaze,loop,30,0.0016113976016640663,0.00024095282180432726,0.0011990778148174286,0.002018059603869915,0.001977622741833329,69.44086509368692,869255.542561233,869256.546447011
world,Display_Recent_Gaze,Display_Recent_Gaze,loop,30,0.0017851552305122216,0.00027162888203378205,0.0013690441846847534,0.0027159694582223892,0.0021237239707261324,69.36658456300695,869256.546447011,869257.550120254
world,Display_Recent_Gaze,Display_Recent_Gaze,loop,30,0.0017299860094984372,0.00018243821364439234,0.001391046680510044,0.00220700167119503,0.001936324406415224,69.68733316365008,869257.550120254,869258.558829045
world,Display_Recent_Gaze,Display_Recent_Gaze,loop,30,0.0017849961295723915,0.00017458305806898462,0.0013360986486077309,0.002168002538383007,0.0020600215066224332,69.49895816311862,869258.558829045,869259.562247112
world,Display_Recent_Gaze,Display_Recent_Gaze,loop,30,0.0017736029500762622,0.0001636922645323965,0.0014500692486763,0.0021640444174408913,0.002000067615881562,69.56669711895908,869259.562247112,869260.566895334
world,Display_Recent_Gaze,Display_Recent_Gaze,loop,30,0.001730478834360838,0.00019948607698335797,0.001393025740981102,0.0021390151232481003,0.002079905243590474,69.70749140018597,869260.566895334,869261.574283588
world,Display_Recent_Gaze,Display_Recent_Gaze,loop,30,0.0017001332404712837,0.00017969313258435956,0.0013989629223942757,0.0021400628611445427,0.0020337582100182767,69.64616474385063,869261.574283588,869262.578325757
world,Display_Recent_Gaze,Display_Recent_Gaze,loop,30,0.001695728860795498,0.00021812927946350403,0.0013189855962991714,0.0022060703486204147,0.0020148407202214003,69.70300976730262,869262.578325757,869263.583033654
world,Display_Recent_Gaze,Display_Recent_Gaze,loop,30,0.0017804016048709552,0.0012263305343061725,0.001193024218082428,0.008270028047263622,0.0019976985640823837,69.73735090966026,869263.583033654,869264.590981223
world,Display_Recent_Gaze,Display_Recent_Gaze,loop,30,0.001509099577864011,0.00022379003727544954,0.0012030359357595444,0.002107000909745693,0.001931603765115141,69.61520849727094,869264.590981223,869265.594459321
world,Display_Recent_Gaze,Display_Recent_Gaze,loop,30,0.0017331098206341267,0.0001607526628788296,0.0014620600268244743,0.002110959030687809,0.0020006264094263315,69.93266256370892,869265.594459321,869266.599168757
world,Display_Recent_Gaze,Display_Recent_Gaze,loop,30,0.001779761320600907,0.00015576298274696978,0.001493026502430439,0.0020830193534493446,0.0020325707737356424,69.86994760033365,869266.599168757,869267.60722308
world,Display_Recent_Gaze,Display_Recent_Gaze,loop,30,0.0016789029662807782,0.0002134385071692582,0.0010950025171041489,0.002095010131597519,0.001974805491045117,69.90539850279067,869267.60722308,869268.611227911
world,Display_Recent_Gaze,Display_Recent_Gaze,loop,30,0.002122526833166679,0.0022482667289533734,0.0012300442904233932,0.014181947335600853,0.002144253812730312,69.93146932994325,869268.611227911,869269.614643561
world,Display_Recent_Gaze,Display_Recent_Gaze,loop,30,0.0016603696470459302,0.00019232090394560535,0.001293024979531765,0.0019810395315289497,0.0019350554794073103,70.00998427392915,869269.614643561,869270.623355207
world,Display_Recent_Gaze,Display_Recent_Gaze,loop,30,0.0017302770478030045,0.0002302159314077597,0.0012080417945981026,0.002234010025858879,0.002074817894026637,70.07937515542532,869270.623355207,869271.626634493
world,Display_Recent_Gaze,Display_Recent_Gaze,loop,30,0.0017505565968652566,0.00019955598329384416,0.0013469252735376358,0.0021549640223383904,0.0020741543266922235,69.99807712466766,869271.626634493,869272.630636328
world,Display_Recent_Gaze,Display_Recent_Gaze,loop,30,0.0016514638749261696,0.0002107792178956092,0.0013239914551377296,0.002095010131597519,0.0020524195861071344,70.017716800794,869272.630636328,869273.638705772
world,Display_Recent_Gaze,Display_Recent_Gaze,loop,30,0.0017268738398949306,0.00019573676987027851,0.001361011527478695,0.0021490268409252167,0.0020702718757092953,70.25115829116355,869273.638705772,869274.643380248
world,Display_Recent_Gaze,Display_Recent_Gaze,loop,30,0.0017866298245886962,0.000172293571097652,0.0014049001038074493,0.0020349398255348206,0.0019946310203522444,70.21440553944558,869274.643380248,869275.647505374
world,Display_Recent_Gaze,Display_Recent_Gaze,loop,30,0.0017612784480055173,0.00018111617246226248,0.001367996446788311,0.002179061993956566,0.0020070176105946302,70.23990926099941,869275.647505374,869276.654799743
world,Display_Recent_Gaze,Display_Recent_Gaze,loop,30,0.0017645574795703094,0.00013816357775693156,0.0014249235391616821,0.002054031938314438,0.0019607192371040583,70.31658020569012,869276.654799743,869277.658914115
world,Display_Recent_Gaze,Display_Recent_Gaze,loop,30,0.0017430749721825123,0.0001950347463851365,0.0013629905879497528,0.0020919833332300186,0.002054753713309765,70.23959143164878,869277.658914115,869278.66288824
world,Display_Recent_Gaze,Display_Recent_Gaze,loop,30,0.0017268660788734753,0.00022649082870053304,0.0012399395927786827,0.0024080509319901466,0.002011057222262025,70.41527612600476,869278.66288824,869279.671343995
world,Display_Recent_Gaze,Display_Recent_Gaze,loop,30,0.0017015302243332069,0.00019013606102398769,0.0012759119272232056,0.0020649749785661697,0.001958949724212289,70.36270232638344,869279.671343995,869280.675714546
world,Display_Recent_Gaze,Display_Recent_Gaze,loop,30,0.0018096800583104293,0.000432476237996523,0.001361011527478695,0.003937981091439724,0.0020669249352067705,70.3351367614232,869280.675714546,869281.679727058
world,Display_Recent_Gaze,Display_Recent_Gaze,loop,30,0.0017650619459648926,0.00023351023654586057,0.0013809185475111008,0.0025009503588080406,0.002205267082899809,70.59129206463695,869281.679727058,869282.687498559
world,Display_Recent_Gaze,Display_Recent_Gaze,loop,30,0.0017121783457696438,0.00014697429155407425,0.0015040859580039978,0.0021141022443771362,0.0019945902749896045,70.55351607656728,869282.687498559,869283.691794007
world,Display_Recent_Gaze,Display_Recent_Gaze,loop,30,0.001716346014291048,0.0001582331459089058,0.0012739328667521477,0.00208395067602396,0.0019342696759849785,70.45461903714265,869283.691794007,869284.695179067
world,Display_Recent_Gaze,Display_Recent_Gaze,loop,30,0.0017629664701720078,0.0001208008898747528,0.0015209661796689034,0.002008979208767414,0.001991668250411749,70.69281392808382,869284.695179067,869285.703917208
world,Display_Recent_Gaze,Display_Recent_Gaze,loop,30,0.0018586909087995689,0.0007497719811098018,0.0013369135558605194,0.005765934474766254,0.0021268555428832765,70.56045058416203,869285.703917208,869286.707221782
world,Display_Recent_Gaze,Display_Recent_Gaze,loop,30,0.0017531410170098145,0.00023421884505975382,0.0012030359357595444,0.002411077730357647,0.0021399755496531725,70.6646459759213,869286.707221782,869287.712009987
world,Display_Recent_Gaze,Display_Recent_Gaze,loop,30,0.0017485348507761955,0.00015775375041363827,0.0015239929780364037,0.0021369196474552155,0.0020271807443350554,70.72487500263378,869287.712009987,869288.719947059
world,Display_Recent_Gaze,Display_Recent_Gaze,loop,30,0.002095464151352644,0.0013019180330493725,0.0014229444786906242,0.007982947863638401,0.00402418663725256,70.64590576725702,869288.719947059,869289.723997866
world,Display_Recent_Gaze,Display_Recent_Gaze,loop,30,0.001762760803103447,0.00018756631547182015,0.0013760291039943695,0.0022189924493432045,0.0020565756130963564,70.91838518778484,869289.723997866,869290.728029086
world,Display_Recent_Gaze,Display_Recent_Gaze,loop,30,0.0017809371153513591,0.00020762303410382977,0.0013760291039943695,0.0023210886865854263,0.0020783860236406326,70.90756456600502,869290.728029086,869291.736114992
world,Display_Recent_Gaze,Display_Recent_Gaze,loop,30,0.0017049994009236495,0.00016192572849727126,0.0012699747458100319,0.002049957402050495,0.0019610743038356304,70.89687456997733,869291.736114992,869292.742490376
world,Blink_Detection,Blink_Detection,boot,1,0.015549943782389164,0.0,0.015549943782389164,0.015549943782389164,0.015549943782389164,0.015549943782389164,869243.461752285,869243.461767835
world,Blink_Detection,Blink_Detection,loop,30,0.006697105709463358,0.004575152807102553,0.0030830269679427147,0.02045894507318735,0.01366848591715097,69.02619233587757,869243.461767835,869244.481720548
world,Blink_Detection,Blink_Detection,loop,30,0.0036860001273453236,0.0005535842131633167,0.0028780195862054825,0.004926929250359535,0.0047460722271353,68.93260823950793,869244.481720548,869245.48564826
world,Blink_Detection,Blink_Detection,loop,30,0.005134610303988059,0.0030757172520621823,0.002293032594025135,0.012686941772699356,0.011796684702858327,69.97050336406876,869245.48564826,869246.495908439
world,Blink_Detection,Blink_Detection,loop,25,0.006104526109993458,0.003110377583142943,0.0033639371395111084,0.014332006685435772,0.010904436931014061,69.56829223781824,869246.495908439,869247.498475202
world,Blink_Detection,Blink_Detection,loop,30,0.005126600929846366,0.0005814709204266915,0.0034299446269869804,0.005822046659886837,0.005759310442954302,69.11788140423596,869247.498475202,869248.502571393
world,Blink_Detection,Blink_Detection,loop,30,0.005208894920845826,0.0007014171389688226,0.0031689414754509926,0.006024027243256569,0.005929014878347516,69.1613453362758,869248.502571393,869249.509825735
world,Blink_Detection,Blink_Detection,loop,30,0.005471465798715751,0.001734315573816153,0.003202003426849842,0.014181016013026237,0.006141868652775883,69.37168147026871,869249.509825735,869250.514646864
world,Blink_Detection,Blink_Detection,loop,30,0.005048792809247971,0.0007660395640167846,0.003122026100754738,0.006175949238240719,0.005706801312044263,69.16366616884868,869250.514646864,869251.518695905
world,Blink_Detection,Blink_Detection,loop,30,0.005430134478956461,0.00239435931270156,0.003230990841984749,0.017703045159578323,0.0062045466620475045,69.31715775669242,869251.518695905,869252.525959085
world,Blink_Detection,Blink_Detection,loop,30,0.005025164379427831,0.0008568235279226907,0.0031989766284823418,0.006115995347499847,0.006018840940669179,69.39028109579037,869252.525959085,869253.53008069
world,Blink_Detection,Blink_Detection,loop,30,0.0050330379356940584,0.0007038279530558803,0.0033490359783172607,0.0060140155255794525,0.005942926509305835,69.34079454125215,869253.53008069,869254.534814034
world,Blink_Detection,Blink_Detection,loop,30,0.004456972237676382,0.0007903926630956446,0.0027050264179706573,0.005732057616114616,0.005459407111629844,69.47340773185715,869254.534814034,869255.542706001
world,Blink_Detection,Blink_Detection,loop,30,0.004582584369927645,0.0009331289895621359,0.002835993655025959,0.005820998921990395,0.005804217653349042,69.45003448830296,869255.542706001,869256.546510031
world,Blink_Detection,Blink_Detection,loop,30,0.005196252216895421,0.0009266106188067986,0.0034159747883677483,0.00658305361866951,0.006415828829631209,69.38014999808122,869256.546510031,869257.550187098
world,Blink_Detection,Blink_Detection,loop,30,0.004889230088641246,0.000960989548590339,0.0033508986234664917,0.006476067937910557,0.00617250334471464,69.69999676803127,869257.550187098,869258.558984435
world,Blink_Detection,Blink_Detection,loop,30,0.0053721945732831955,0.0005315784459502295,0.00354694202542305,0.006302958354353905,0.0060571415815502405,69.50948587618768,869258.558984435,869259.562308576
world,Blink_Detection,Blink_Detection,loop,30,0.00524848389128844,0.0007632980847559591,0.0031999079510569572,0.006516929715871811,0.006073917029425502,69.58036105691765,869259.562308576,869260.567056828
world,Blink_Detection,Blink_Detection,loop,30,0.00472973333671689,0.0008928437389240183,0.0032439129427075386,0.005969079211354256,0.0058633682783693075,69.71698093305652,869260.567056828,869261.574348929
world,Blink_Detection,Blink_Detection,loop,30,0.00482673446337382,0.0008192410882081395,0.003381050191819668,0.006222049705684185,0.005843455437570809,69.65593362692744,869261.574348929,869262.578387864
world,Blink_Detection,Blink_Detection,loop,30,0.004987965803593397,0.0016734391399804208,0.00335893128067255,0.01102895475924015,0.007923756493255486,69.71571566925074,869262.578387864,869263.583188952
world,Blink_Detection,Blink_Detection,loop,30,0.0043369014747440815,0.0011952146141228288,0.002686050720512867,0.009097042493522167,0.005502958083525299,69.74924940150231,869263.583188952,869264.591139673
world,Blink_Detection,Blink_Detection,loop,30,0.004153085562090079,0.0013289503176767583,0.0028600916266441345,0.009629991836845875,0.005751842400059104,69.62337599834427,869264.591139673,869265.594518311
world,Blink_Detection,Blink_Detection,loop,30,0.005045269305507342,0.0006368291286988398,0.0035390257835388184,0.005671987310051918,0.005617743590846658,69.94575550003599,869265.594518311,869266.5993238
world,Blink_Detection,Blink_Detection,loop,30,0.005230586975812912,0.0007384988575093732,0.0030080555006861687,0.00661797821521759,0.0062517530750483274,69.88333556024979,869266.5993238,869267.607378476
world,Blink_Detection,Blink_Detection,loop,30,0.0049125209140280885,0.0007456190423122291,0.003547058440744877,0.005893060006201267,0.00584954977966845,69.91818241076544,869267.607378476,869268.611381954
world,Blink_Detection,Blink_Detection,loop,30,0.004653430854280789,0.0009011554636994365,0.0029739458113908768,0.006205984391272068,0.00566149828955531,69.94076565994571,869268.611381954,869269.614701899
world,Blink_Detection,Blink_Detection,loop,30,0.004698875515411298,0.0009217238492430226,0.0032820971682667732,0.0061980681493878365,0.005946075543761253,70.02215607014175,869269.614701899,869270.623508196
world,Blink_Detection,Blink_Detection,loop,30,0.004922575317323208,0.0007868043519192363,0.003442983143031597,0.006045098416507244,0.005759758641943335,70.08915666568403,869270.623508196,869271.626694141
world,Blink_Detection,Blink_Detection,loop,30,0.0050405932900806265,0.0008808961449414275,0.003464985638856888,0.0068160006776452065,0.006238551577553151,70.00793976864468,869271.626694141,869272.630695223
world,Blink_Detection,Blink_Detection,loop,30,0.004571936248491208,0.0008807966680477472,0.0033889664337038994,0.0060730380937457085,0.005854223854839802,70.02681016456336,869272.630695223,869273.638765074
world,Blink_Detection,Blink_Detection,loop,30,0.004863839906950791,0.0008252273356330376,0.003408989869058132,0.006170012056827545,0.005715811857953668,70.26342377842714,869273.638765074,869274.643523998
world,Blink_Detection,Blink_Detection,loop,30,0.005131684398899476,0.0006674839677138849,0.0034580007195472717,0.006070942617952824,0.005838111974298954,70.2275800673912,869274.643523998,869275.647658831
world,Blink_Detection,Blink_Detection,loop,30,0.005071144551038742,0.0007166820408637404,0.0032070092856884003,0.006325077265501022,0.0060088408645242435,70.24987335316837,869275.647658831,869276.654857532
world,Blink_Detection,Blink_Detection,loop,30,0.005354371387511492,0.0007107065081489831,0.003277091309428215,0.006538932211697102,0.006411981303244829,70.32719249449049,869276.654857532,869277.65898018
world,Blink_Detection,Blink_Detection,loop,30,0.005102891009300947,0.0006846516698328474,0.0031739473342895508,0.006302958354353905,0.005858484655618668,70.24965156645824,869277.65898018,869278.66294665
world,Blink_Detection,Blink_Detection,loop,30,0.004923060381164153,0.000843098599146649,0.002877088263630867,0.006963964551687241,0.005835667252540588,70.4279729980044,869278.66294665,869279.671497572
world,Blink_Detection,Blink_Detection,loop,30,0.004972971510142088,0.0008094672369913978,0.0034510158002376556,0.00613601878285408,0.00581462518312037,70.37545055694257,869279.671497572,869280.675868659
world,Blink_Detection,Blink_Detection,loop,30,0.004993662393341462,0.000733761035138534,0.003502005711197853,0.005958019755780697,0.005833333125337958,70.34818226626764,869280.675868659,869281.679885311
world,Blink_Detection,Blink_Detection,loop,30,0.004936607244114081,0.0008309384909279666,0.0031549716368317604,0.0062979524955153465,0.005987816257402299,70.60390787664801,869281.679885311,869282.687650793
world,Blink_Detection,Blink_Detection,loop,30,0.0051069849481185274,0.0006344962548593773,0.003578956238925457,0.006195972673594952,0.005962280556559563,70.56664656459664,869282.687650793,869283.691948819
world,Blink_Detection,Blink_Detection,loop,30,0.004874460864812136,0.0008101178297857262,0.002883956767618656,0.006132060661911964,0.005951913772150873,70.46451312877859,869283.691948819,869284.695243781
world,Blink_Detection,Blink_Detection,loop,30,0.005197249508152406,0.0005002432433694271,0.004042056389153004,0.005932990461587906,0.005893578054383397,70.7064320682548,869284.695243781,869285.704081589
world,Blink_Detection,Blink_Detection,loop,30,0.004914197294662396,0.0008731022183808956,0.0031869858503341675,0.006404006853699684,0.006122834747657179,70.57019072817639,869285.704081589,869286.707283234
world,Blink_Detection,Blink_Detection,loop,30,0.005333571850011746,0.0011512521105231657,0.0032800016924738884,0.009297975338995457,0.006621680222451687,70.67842626711354,869286.707283234,869287.712172212
world,Blink_Detection,Blink_Detection,loop,30,0.0057928186530868215,0.003313210245903597,0.003316090442240238,0.02182403113692999,0.009424146264791471,70.73871236449729,869287.712172212,869288.720096216
world,Blink_Detection,Blink_Detection,loop,30,0.005069902787605922,0.0008277219412165154,0.003208988346159458,0.006031012162566185,0.0059524900279939175,70.65956383788337,869288.720096216,869289.724148307
world,Blink_Detection,Blink_Detection,loop,30,0.005392489644388358,0.0011483054734701432,0.0036229612305760384,0.010729068890213966,0.006378651596605777,70.9320816056182,869289.724148307,869290.728184205
world,Blink_Detection,Blink_Detection,loop,30,0.005191164867331584,0.0008101732064687724,0.0032170210033655167,0.0060389284044504166,0.006011914229020476,70.9208471273693,869290.728184205,869291.736270017
world,Blink_Detection,Blink_Detection,loop,30,0.005081443426509698,0.0005879218618401626,0.0036780256778001785,0.00611704308539629,0.005866930587217212,70.91695273217435,869291.736270017,869292.742848616
world,Recorder,Recorder,boot,1,0.006405985914170742,0.0,0.006405985914170742,0.006405985914170742,0.006405985914170742,0.006405985914170742,869243.461787633,869243.461794039
world,Recorder,Recorder,loop,30,0.00404857952768604,0.004439766714811027,0.0014789402484893799,0.02525700256228447,0.009315792704001057,69.03721903994058,869243.461794039,869244.481825515
world,Recorder,Recorder,loop,30,0.0027394543091456094,0.0035555143223861218,0.001359032467007637,0.021775951609015465,0.003050459781661629,68.93994696826364,869244.481825515,869245.485727918
world,Recorder,Recorder,loop,30,0.004609456906716029,0.011471281607848712,0.0013129319995641708,0.06605801172554493,0.005896377842873334,69.98813347114871,869245.485727918,869246.496258489
world,Recorder,Recorder,loop,25,0.004063360393047333,0.005392283011801873,0.0018890714272856712,0.029826071113348007,0.005994690582156179,69.5824367646128,869246.496258489,869247.498648448
world,Recorder,Recorder,loop,30,0.0030666783762474856,0.0052389136311248394,0.001293024979531765,0.03122095949947834,0.0028350215870887024,69.12976830499247,869247.498648448,869248.502754187
world,Recorder,Recorder,loop,30,0.0028630951419472694,0.0036905364911619942,0.001142965629696846,0.022656982764601707,0.002810778096318243,69.16994159497942,869248.502754187,869249.509904172
world,Recorder,Recorder,loop,30,0.003132049459964037,0.005366275330251333,0.001425039954483509,0.031976960599422455,0.00263929832726717,69.38357862721507,869249.509904172,869250.514827293
world,Recorder,Recorder,loop,30,0.0030990495967368283,0.005680469562793288,0.0012400560081005096,0.03364798612892628,0.0024542969185858965,69.17528576062371,869250.514827293,869251.518874435
world,Recorder,Recorder,loop,30,0.002639876523365577,0.003514970004202776,0.0011319061741232872,0.021483981981873512,0.002549705095589161,69.32557330389197,869251.518874435,869252.526042419
world,Recorder,Recorder,loop,30,0.002815686942388614,0.0035644367296651246,0.0011470401659607887,0.021853018552064896,0.0029837014153599735,69.39859952544793,869252.526042419,869253.530156325
world,Recorder,Recorder,loop,30,0.0029934997049470744,0.004850324899737165,0.001235981471836567,0.029048998840153217,0.0027823029085993762,69.35249163846795,869253.530156325,869254.534993945
world,Recorder,Recorder,loop,30,0.002588133793324232,0.0045393424856989975,0.0010670628398656845,0.026950030587613583,0.0024250242859125137,69.48377953376621,869254.534993945,869255.542872091
world,Recorder,Recorder,loop,30,0.0025268294848501682,0.0034876909185196097,0.0008920906111598015,0.02112402580678463,0.002662633778527379,69.45773557138939,869255.542872091,869256.546588317
world,Recorder,Recorder,loop,30,0.003129437876244386,0.003999846623061296,0.0013100216165184975,0.0244540860876441,0.0033282209187746044,69.38905656570569,869256.546588317,869257.550267879
world,Recorder,Recorder,loop,30,0.0029450049623847008,0.004906713545198315,0.0013299286365509033,0.02928206231445074,0.0029703835025429713,69.71163906467457,869257.550267879,869258.559167866
world,Recorder,Recorder,loop,30,0.002930709160864353,0.0036572986015222498,0.0016830163076519966,0.022521009668707848,0.0032210780773311845,69.51824347488582,869258.559167866,869259.562386787
world,Recorder,Recorder,loop,30,0.003065339600046476,0.004966912221465118,0.0011009396985173225,0.029728980734944344,0.002904306165874004,69.59266405707847,869259.562386787,869260.567234663
world,Recorder,Recorder,loop,30,0.002643947179118792,0.003572177162281425,0.001284060999751091,0.021715997718274593,0.003082992043346166,69.7248471279939,869260.567234663,869261.574427904
world,Recorder,Recorder,loop,30,0.002644474928577741,0.003567887533540068,0.0013760291039943695,0.02177199348807335,0.0027465110179036843,69.6639774988095,869261.574427904,869262.578467399
world,Recorder,Recorder,loop,30,0.0028975695992509523,0.005171052807742451,0.0012310920283198357,0.030685914680361748,0.002552935620769858,69.72706093608092,869262.578467399,869263.583367692
world,Recorder,Recorder,loop,30,0.0026790774427354336,0.004674957103237163,0.0010920921340584755,0.026993919163942337,0.005496502853929979,69.7597917324553,869263.583367692,869264.591313005
world,Recorder,Recorder,loop,30,0.0023652450181543827,0.0038222146825830157,0.0010469229891896248,0.0228099524974823,0.002708187093958257,69.6302804009368,869264.591313005,869265.594596043
world,Recorder,Recorder,loop,30,0.0030315519931415715,0.004988977659246295,0.001558917574584484,0.029843999072909355,0.00273507903330028,69.95746206957847,869265.594596043,869266.599501082
world,Recorder,Recorder,loop,30,0.00309493625536561,0.00483923072558979,0.0012320233508944511,0.029064016416668892,0.0030214898288249956,69.89519092797612,869266.599501082,869267.607555142
world,Recorder,Recorder,loop,30,0.0028378951052824655,0.0048399899000850745,0.0011100200936198235,0.028793001547455788,0.00284292036667466,69.92954764282331,869267.607555142,869268.611565234
world,Recorder,Recorder,loop,30,0.002652006999899944,0.0035524800826416424,0.0012200325727462769,0.021656043827533722,0.0029675255063921213,69.94871989979099,869268.611565234,869269.614778933
world,Recorder,Recorder,loop,30,0.002943798123548428,0.005289918986479719,0.001267995685338974,0.0313660129904747,0.002676440635696053,70.0332496354046,869269.614778933,869270.623686605
world,Recorder,Recorder,loop,30,0.002778631945451101,0.0034794930461294555,0.0013599637895822525,0.02142402809113264,0.002732401480898261,70.09737567665677,869270.623686605,869271.62677121
world,Recorder,Recorder,loop,30,0.002881694429864486,0.0035816621626957586,0.0015100231394171715,0.022056978195905685,0.0030611117836087925,70.01657793298364,869271.62677121,869272.630772021
world,Recorder,Recorder,loop,30,0.002701902606834968,0.003560761575328265,0.00134296715259552,0.021783984266221523,0.002662738552317023,70.03458540809031,869272.630772021,869273.638842101
world,Recorder,Recorder,loop,30,0.0029010271343092122,0.004681331800024176,0.0013239914551377296,0.02800894435495138,0.0026272668037563562,70.27428733029713,869273.638842101,869274.643691054
world,Recorder,Recorder,loop,30,0.003026324945191542,0.004863466406574804,0.0012440141290426254,0.029135029762983322,0.002875021891668438,70.23933155772586,869274.643691054,869275.647833319
world,Recorder,Recorder,loop,30,0.002773664891719818,0.0034214331987855507,0.0014899997040629387,0.021102954633533955,0.0029633054509758936,70.25817275668184,869275.647833319,869276.654934151
world,Recorder,Recorder,loop,30,0.002806164169063171,0.0033976398402659875,0.0016040867194533348,0.02103205770254135,0.0027784320991486307,70.33607830138256,869276.654934151,869277.659068234
world,Recorder,Recorder,loop,30,0.002815989622225364,0.003417323933556534,0.001218053512275219,0.02112891525030136,0.0028018432203680273,70.25849116422857,869277.659068234,869278.663033751
world,Recorder,Recorder,loop,30,0.0028896106717487178,0.0047527318926080695,0.0010790536180138588,0.02837204374372959,0.0028525188099592924,70.4393510085841,869278.663033751,869279.671670446
world,Recorder,Recorder,loop,30,0.002937034393350283,0.004883738573301438,0.0013280659914016724,0.02914003562182188,0.002720957854762673,70.38691083434969,869279.671670446,869280.67605001
world,Recorder,Recorder,loop,30,0.003060989547520876,0.005123196757547938,0.0011889496818184853,0.030583003535866737,0.0027907430194318295,70.360068026154,869280.67605001,869281.680073311
world,Recorder,Recorder,loop,30,0.0029491765114168325,0.004894558723166577,0.0012409873306751251,0.029187067411839962,0.0029982125852257005,70.61513464044158,869281.680073311,869282.687823088
world,Recorder,Recorder,loop,30,0.0029549701139330864,0.004937992308145749,0.001444946974515915,0.02950697671622038,0.002561265137046575,70.57850010848294,869282.687823088,869283.69213435
world,Recorder,Recorder,loop,30,0.0026290887035429478,0.0033695024037319666,0.0011799857020378113,0.020688981749117374,0.0025599030777812,70.47252039192244,869283.69213435,869284.695320862
world,Recorder,Recorder,loop,30,0.003314611967653036,0.005653792696207957,0.0015379628166556358,0.03330199979245663,0.0052740913815796245,70.71881749822448,869284.695320862,869285.704267447
world,Recorder,Recorder,loop,30,0.00269946176558733,0.003441459780206671,0.00115192960947752,0.02108793705701828,0.0029339862521737805,70.57845852881049,869285.704267447,869286.707360985
world,Recorder,Recorder,loop,30,0.003199108565847079,0.0048691272587528325,0.001493026502430439,0.029281945899128914,0.0033942575100809327,70.69050366990268,869286.707360985,869287.712350696
world,Recorder,Recorder,loop,30,0.0031046957398454347,0.0047211967344038715,0.0012980308383703232,0.02841197419911623,0.003272190224379301,70.75082761002705,869287.712350696,869288.7202729
world,Recorder,Recorder,loop,30,0.0030935509130358696,0.004845006232508908,0.0014079269021749496,0.028908951207995415,0.0042201776523142975,70.671429799404,869288.7202729,869289.724316912
world,Recorder,Recorder,loop,30,0.0031703501008450985,0.004913845420418757,0.0015540281310677528,0.029533053748309612,0.0033739488571882244,70.94410712985943,869289.724316912,869290.728361601
world,Recorder,Recorder,loop,30,0.003090900524208943,0.004681922186689916,0.001392909325659275,0.028185080736875534,0.0031070900149643417,70.93280099021892,869290.728361601,869291.736445778
world,Recorder,Recorder,loop,30,0.0026601405503849187,0.0029285589866888317,0.0013960525393486023,0.018138904124498367,0.0034359924029558884,70.93510843502979,869291.736445778,869292.743217981
eye1,Roi,Roi,boot,1,0.03489595837891102,0.0,0.03489595837891102,0.03489595837891102,0.03489595837891102,9.171220008283854,869246.881873245,869246.881908141
eye1,Roi,Roi,loop,58,0.0033808956404441388,0.0016935848694977506,0.0022369204089045525,0.01549499575048685,0.00403383164666593,11.670230556648738,869246.881908141,869247.887445168
eye1,Roi,Roi,loop,120,0.003001389753383895,0.0006455644918177372,0.0021050218492746353,0.007626949809491634,0.003798550460487604,11.309830949176103,869247.887445168,869248.890280206
eye1,Roi,Roi,loop,117,0.003139595859325849,0.0011305684285822487,0.002208980731666088,0.01402292400598526,0.0038860365748405452,10.976149896597569,869248.890280206,869249.893992071
eye1,Roi,Roi,loop,119,0.0029685075527855326,0.0005134855498817646,0.00208092387765646,0.004406087100505829,0.0037439516745507713,11.346221373205175,869249.893992071,869250.897054821
eye1,Roi,Roi,loop,119,0.0029735946088653652,0.0007107001362004278,0.0021050218492746353,0.006483984179794788,0.0037872116081416607,11.427341618950816,869250.897054821,869251.902031603
eye1,Roi,Roi,loop,117,0.003054754959785531,0.0006268439846157036,0.002144952304661274,0.005359062924981117,0.003933487460017203,11.716002466069519,869251.902031603,869252.908373138
eye1,Roi,Roi,loop,120,0.002966174118531247,0.0005586476943221345,0.0021819723770022392,0.005309004336595535,0.0037527643144130707,11.371574004685195,869252.908373138,869253.910362966
eye1,Roi,Roi,loop,104,0.0029770308174192905,0.0005158592972460609,0.002169981598854065,0.004469999112188816,0.0037918391171842813,10.87523346807127,869253.910362966,869255.176900695
eye1,Roi,Roi,loop,24,0.004189748627444108,0.0018264468866561094,0.0023150350898504257,0.00900693703442812,0.008351443102583284,45.35254717726881,869255.176900695,869256.178292667
eye1,Roi,Roi,loop,105,0.003164737219257014,0.0008087353837938883,0.0020830193534493446,0.00941101461648941,0.004190974868834018,13.144405114109672,869256.178292667,869257.182022593
eye1,Roi,Roi,loop,114,0.003336377343849132,0.000697860491722104,0.0021760351955890656,0.007231021299958229,0.004434050060808659,11.831942280926006,869257.182022593,869258.184185008
eye1,Roi,Roi,loop,112,0.0030622925675873247,0.0004171556666228552,0.002153916284441948,0.004285015165805817,0.0036247191019356246,12.5696816238425,869258.184185008,869259.184766387
eye1,Roi,Roi,loop,111,0.0031940945264723923,0.0006972753963713509,0.002101995050907135,0.006704009138047695,0.004252477083355188,12.175615837059176,869259.184766387,869260.185185852
eye1,Roi,Roi,loop,118,0.003016854723189342,0.0004542140080919718,0.0020030420273542404,0.004227040335536003,0.003809400368481874,12.222416754180598,869260.185185852,869261.190430735
eye1,Roi,Roi,loop,119,0.0030810087762710428,0.0005029217567959569,0.0020799925550818443,0.006526010110974312,0.003630225546658039,12.11130798661283,869261.190430735,869262.190469232
eye1,Roi,Roi,loop,119,0.002930234303744901,0.0003945466280597036,0.002007000148296356,0.003742985427379608,0.0034262542612850666,11.452379572878302,869262.190469232,869263.190503779
eye1,Roi,Roi,loop,120,0.0030112472207595906,0.00041787304406969096,0.0020690495148301125,0.0037919962778687477,0.003545079380273819,11.259638396829056,869263.190503779,869264.190675663
eye1,Roi,Roi,loop,124,0.0027765974312299684,0.0004314743890461973,0.002058921381831169,0.0039959559217095375,0.0034664815757423635,10.592363587948643,869264.190675663,869265.196278299
eye1,Roi,Roi,loop,117,0.002989217113607969,0.0004208822151481818,0.0020239967852830887,0.004175002686679363,0.0035287579521536827,11.788377882594354,869265.196278299,869266.200997583
eye1,Roi,Roi,loop,122,0.003011488798456114,0.0005135994640836824,0.0020549632608890533,0.004893983714282513,0.0038169790059328066,11.70240371625443,869266.200997583,869267.202683026
eye1,Roi,Roi,loop,121,0.0029682318395203794,0.0003861939863916427,0.0021510059013962746,0.0037889694795012474,0.003454042598605156,11.858822443053004,869267.202683026,869268.205259761
eye1,Roi,Roi,loop,115,0.003106005327857059,0.0006117090139739823,0.002115964889526367,0.007454073056578636,0.0038427067920565596,12.483694515717419,869268.205259761,869269.21084189
eye1,Roi,Roi,loop,113,0.003086233025301347,0.00039922490841061046,0.002069980837404728,0.003949971869587898,0.0036095967516303062,12.471523999228282,869269.21084189,869270.210867931
eye1,Roi,Roi,loop,114,0.003067898082040381,0.0003863820997402171,0.0019869767129421234,0.003930996172130108,0.0035949517041444774,12.629197543821903,869270.210867931,869271.216824346
eye1,Roi,Roi,loop,122,0.0030658452115097986,0.0005422625684049166,0.002105953171849251,0.00683788675814867,0.003787240711972116,11.801069595690695,869271.216824346,869272.218944623
eye1,Roi,Roi,loop,113,0.0032163163300900333,0.0018925117629384133,0.002091052010655403,0.022601918317377567,0.003810413181781769,12.262063125659406,869272.218944623,869273.226959782
eye1,Roi,Roi,loop,112,0.00317122508671933,0.0006116158214081875,0.0020170118659734726,0.008119037374854088,0.003765377914533019,13.049942751032566,869273.226959782,869274.227833475
eye1,Roi,Roi,loop,121,0.003416335579654402,0.003990234315050112,0.002035987563431263,0.04663900472223759,0.003630993887782097,12.698904012737811,869274.227833475,869275.231629003
eye1,Roi,Roi,loop,122,0.003036014262403621,0.0005315123961975345,0.0020739389583468437,0.006029964424669743,0.0035437289625406265,11.90969201957532,869275.231629003,869276.234358896
eye1,Roi,Roi,loop,118,0.003051046297838122,0.0004307326631604409,0.0020319130271673203,0.0042869942262768745,0.0037251738831400867,12.293549866210354,869276.234358896,869277.239068872
eye1,Roi,Roi,loop,115,0.003153397499219231,0.0005156390537382188,0.0021569430828094482,0.005717040039598942,0.003906118217855692,12.798186434108926,869277.239068872,869278.239145914
eye1,Roi,Roi,loop,121,0.003022966282980994,0.00038906619892512857,0.002169981598854065,0.0038710422813892365,0.003519933670759201,12.16980699095721,869278.239145914,869279.242731913
eye1,Roi,Roi,loop,117,0.003051284390191237,0.0004842004550813773,0.002058921381831169,0.005181995220482349,0.0035978155210614196,13.094731518982822,869279.242731913,869280.244737522
eye1,Roi,Roi,loop,117,0.0030201815992084323,0.00044374848839002053,0.002035987563431263,0.004037981852889061,0.003549223765730858,12.804596403287325,869280.244737522,869281.249163822
eye1,Roi,Roi,loop,123,0.0030186000787388017,0.000645676593139395,0.002100015990436077,0.007977942004799843,0.003651995211839676,12.750528985634446,869281.249163822,869282.257604933
eye1,Roi,Roi,loop,118,0.0030553585975983386,0.0012745410781156395,0.0020819716155529022,0.016105943359434605,0.003501231549307704,12.971606162787115,869282.257604933,869283.259332405
eye1,Roi,Roi,loop,118,0.0031753314927346625,0.0011711841708574933,0.0020080478861927986,0.01502898521721363,0.003683188697323203,13.275906594541176,869283.259332405,869284.268530364
eye1,Roi,Roi,loop,120,0.003084236717162033,0.000786425475844761,0.002096989192068577,0.010409043170511723,0.0036236306186765432,12.826463289093226,869284.268530364,869285.278136032
eye1,Roi,Roi,loop,119,0.0030432862988790544,0.00046397186478868097,0.002078944817185402,0.004090019501745701,0.003679562360048294,12.78713091272673,869285.278136032,869286.283478153
eye1,Roi,Roi,loop,117,0.0031357969388238387,0.0007449087396010135,0.0021549640223383904,0.008467002771794796,0.0037641497328877445,13.042665260812093,869286.283478153,869287.28753852
eye1,Roi,Roi,loop,115,0.0032127915841081867,0.0005295392816234662,0.0021780142560601234,0.00537605956196785,0.004087167326360941,12.976945574273882,869287.28753852,869288.295519558
eye1,Roi,Roi,loop,115,0.0029767407914218697,0.000454039366593921,0.002110959030687809,0.0038549769669771194,0.0035863718949258327,13.279564937819606,869288.295519558,869289.295552065
eye1,Roi,Roi,loop,114,0.0033326244815007635,0.0009244882978867638,0.002140994183719158,0.0074070412665605545,0.005151354707777499,13.226480564314937,869289.295552065,869290.297905934
eye1,Roi,Roi,loop,116,0.0031101918811428137,0.0003796493052698564,0.0021080486476421356,0.00437605194747448,0.003647786797955632,13.324921583387487,869290.297905934,869291.301774594
eye1,Roi,Roi,loop,113,0.003133645998231605,0.0006113283127347247,0.002066022716462612,0.008216011337935925,0.0036758137866854668,13.721306688786871,869291.301774594,869292.30368105
eye1,Roi,Roi,loop,111,0.003319925855140428,0.0006080582647928958,0.0021420419216156006,0.00500003807246685,0.004551548045128584,14.2071353269506,869292.30368105,869293.309114104
eye1,Roi,Roi,loop,121,0.003034390378281597,0.00040388067896178975,0.0021560117602348328,0.004125991836190224,0.0036329729482531548,12.93718208816703,869293.309114104,869294.310714703
eye1,Roi,Roi,loop,116,0.00309202808019673,0.0003852721321084477,0.002119923010468483,0.00395788811147213,0.0035844568628817797,13.365578220490816,869294.310714703,869295.315807916
eye1,Roi,Roi,loop,122,0.0030327756263193537,0.0005871774514143847,0.00206800177693367,0.006863963790237904,0.003579154144972563,12.394963553724963,869295.315807916,869296.323782158
eye1,nnUNetDetector2DPlugin,2dcpp,boot,1,3.1015590066090226,0.0,3.1015590066090226,3.1015590066090226,3.1015590066090226,12.281736941076815,869246.881917605,869246.885019164
eye1,nnUNetDetector2DPlugin,pmrnet,loop,57,10.988007132127358,26.854183296577595,3.585542901419103,210.9535139752552,11.201484361663459,22.61925289578932,869246.885019164,869247.886292187
eye1,nnUNetDetector2DPlugin,pmrnet,loop,120,6.8634907200854895,2.8716050696304736,3.5461760126054287,12.837154907174408,10.639837308553977,18.227807169508498,869247.886292187,869248.890040916
eye1,nnUNetDetector2DPlugin,pmrnet,loop,117,6.7646341661039076,2.6729650843854285,3.641062998212874,12.360707041807473,11.059409589506684,17.719002616687273,869248.890040916,869249.890219574
eye1,nnUNetDetector2DPlugin,pmrnet,loop,118,6.721518569728517,2.5990102754420086,3.5670569632202387,11.369551997631788,10.707278858171776,18.005125720835274,869249.890219574,869250.890784144
eye1,nnUNetDetector2DPlugin,pmrnet,loop,120,6.63183976818497,2.837330096604658,3.5304349148645997,13.28891993034631,11.17605078034103,18.140324730969343,869250.890784144,869251.898349522
eye1,nnUNetDetector2DPlugin,pmrnet,loop,117,7.192634720689593,2.8103956218960144,3.614146960899234,12.232452048920095,10.948180197738111,18.865048988825745,869251.898349522,869252.907201653
eye1,nnUNetDetector2DPlugin,pmrnet,loop,120,6.611609586010066,2.6974324508221166,3.591887070797384,11.813575052656233,10.808819759404287,18.044331126535933,869252.907201653,869253.910112143
eye1,nnUNetDetector2DPlugin,pmrnet,loop,105,6.2072819819496505,2.552072076209775,3.6527590127661824,11.705724988132715,10.676274867728353,17.07663296034471,869253.910112143,869255.18777975
eye1,nnUNetDetector2DPlugin,pmrnet,loop,24,6.915181336808018,2.3435748010738515,3.801085986196995,11.10026694368571,10.532376071205363,52.28099454931604,869255.18777975,869256.188405525
eye1,nnUNetDetector2DPlugin,pmrnet,loop,105,7.170412767057617,2.8694140406694197,3.652842016890645,12.707279995083809,11.077737109735608,20.32095447537445,869256.188405525,869257.191644775
eye1,nnUNetDetector2DPlugin,pmrnet,loop,114,7.158641232659615,2.9283703803409153,3.7649529986083508,13.941494980826974,11.276128486497326,18.996813461151824,869257.191644775,869258.195126618
eye1,nnUNetDetector2DPlugin,pmrnet,loop,113,7.512127888899923,2.845655043112207,3.727670991793275,12.760419980622828,10.942802834324539,20.094588986161142,869258.195126618,869259.19535963
eye1,nnUNetDetector2DPlugin,pmrnet,loop,111,7.4189615914145035,2.9124538118308894,3.7061210023239255,12.933596968650818,11.363429017364979,19.611011607454973,869259.19535963,869260.199690617
eye1,nnUNetDetector2DPlugin,pmrnet,loop,118,7.11598940947393,2.683368717292253,3.620496951043606,11.671989923343062,10.985073196934534,19.320291050678215,869260.199690617,869261.209712033
eye1,nnUNetDetector2DPlugin,pmrnet,loop,119,6.647203459028749,2.7070372644368117,3.5486629931256175,11.559584992937744,10.61795939458534,18.781994407832183,869261.209712033,869262.212342177
eye1,nnUNetDetector2DPlugin,pmrnet,loop,121,6.124505353706681,2.534942102319384,3.6696760216727853,11.333475005812943,10.64229803159833,17.527647091322077,869262.212342177,869263.218993762
eye1,nnUNetDetector2DPlugin,pmrnet,loop,121,5.60177099402255,2.7064247368909293,3.5534279886633158,14.961638953536749,10.619763983413577,16.867723461232835,869263.218993762,869264.22639035
eye1,nnUNetDetector2DPlugin,pmrnet,loop,123,4.486366137256467,1.7646939220098596,3.5332890693098307,10.730230947956443,9.709010145161296,15.053222632618636,869264.22639035,869265.226439473
eye1,nnUNetDetector2DPlugin,pmrnet,loop,117,6.603637459472968,2.795318289265465,3.561162971891463,13.330155983567238,10.950471204705533,18.450695963608275,869265.226439473,869266.226848112
eye1,nnUNetDetector2DPlugin,pmrnet,loop,122,6.075952515067136,2.49909195354037,3.6273710429668427,12.112959986552596,10.682567075127736,17.80259283736623,869266.226848112,869267.235366998
eye1,nnUNetDetector2DPlugin,pmrnet,loop,120,6.508068917901255,2.6058530975694727,3.6218720488250256,13.582987943664193,10.68796145846136,18.421458035785083,869267.235366998,869268.237220151
eye1,nnUNetDetector2DPlugin,pmrnet,loop,116,6.910540464591106,2.9251940351892944,3.535530064254999,12.595058069564402,10.918902524281293,19.339228324905232,869268.237220151,869269.241669611
eye1,nnUNetDetector2DPlugin,pmrnet,loop,113,7.312529411298775,2.7611073463856433,3.6613920237869024,12.080362066626549,11.241717985831201,19.78797954301127,869269.241669611,869270.245017712
eye1,nnUNetDetector2DPlugin,pmrnet,loop,114,7.236882347793302,2.8928133296758887,3.636648994870484,12.169752968475223,11.035898263799027,19.889860223006586,869270.245017712,869271.248888292
eye1,nnUNetDetector2DPlugin,pmrnet,loop,122,6.110781595706329,2.4408903385239835,3.612907021306455,11.508859926834702,10.423344402806833,17.840102749120934,869271.248888292,869272.253546264
eye1,nnUNetDetector2DPlugin,pmrnet,loop,112,7.222179656050035,2.7740932437233634,3.7060780450701714,12.521328986622393,10.955900180852037,19.54206398763095,869272.253546264,869273.25709413
eye1,nnUNetDetector2DPlugin,pmrnet,loop,113,7.464022627017931,2.7378794924956003,3.7377510452643037,12.40243494976312,11.212760442867875,20.61103726943246,869273.25709413,869274.26404671
eye1,nnUNetDetector2DPlugin,pmrnet,loop,122,6.589141781212853,2.611005715372364,3.659861977212131,11.385103920474648,10.501990374177694,19.320557006543165,869274.26404671,869275.267582756
eye1,nnUNetDetector2DPlugin,pmrnet,loop,121,6.345281025302435,2.3671708154702342,3.6034140503033996,11.353031964972615,10.580506990663707,18.199314409482085,869275.267582756,869276.276165462
eye1,nnUNetDetector2DPlugin,pmrnet,loop,119,6.6032586677954725,2.791278063498824,3.6137299612164497,14.20238905120641,10.865376447327435,18.877462906559476,869276.276165462,869277.280472388
eye1,nnUNetDetector2DPlugin,pmrnet,loop,115,7.0831269208017895,2.826341822534302,3.609345993027091,12.146940920501947,11.225203762296587,19.842487559451357,869277.280472388,869278.284025304
eye1,nnUNetDetector2DPlugin,pmrnet,loop,121,6.3848902359758775,2.535099630617373,3.699886961840093,11.981891002506018,10.39659499656409,18.557832961178516,869278.284025304,869279.286169463
eye1,nnUNetDetector2DPlugin,pmrnet,loop,118,7.021013219146279,2.6992714708795895,3.647016012109816,14.209253014996648,10.68720552138984,20.221010591416476,869279.286169463,869280.292822216
eye1,nnUNetDetector2DPlugin,pmrnet,loop,118,6.852791171078965,2.7486063639881313,3.642373951151967,13.524656998924911,10.643647331744432,19.659248663120415,869280.292822216,869281.301924535
eye1,nnUNetDetector2DPlugin,pmrnet,loop,123,6.379402885251353,2.511751279919704,3.6171500105410814,10.934078018181026,10.456986387725918,19.215023699708706,869281.301924535,869282.305453844
eye1,nnUNetDetector2DPlugin,pmrnet,loop,118,6.5769453797394695,2.726207476810587,3.6086810287088156,14.722255989909172,10.748269344912842,19.34589562795551,869282.305453844,869283.311432294
eye1,nnUNetDetector2DPlugin,pmrnet,loop,117,7.057341321124735,2.8578444846725297,3.592127002775669,12.211921042762697,10.703739593736827,20.364023694314827,869283.311432294,869284.314357686
eye1,nnUNetDetector2DPlugin,pmrnet,loop,119,6.811930062327566,2.676394483697402,3.779588034376502,12.093789991922677,10.75314647750929,19.65884247035602,869284.314357686,869285.324445079
eye1,nnUNetDetector2DPlugin,pmrnet,loop,119,6.779451743003075,2.8136941705455145,3.6595570854842663,12.811900000087917,11.041909025516361,19.5856900081555,869285.324445079,869286.328906764
eye1,nnUNetDetector2DPlugin,pmrnet,loop,116,6.9541580079862015,2.74696596507451,3.668213030323386,13.303323998115957,10.745699546532705,20.133214833110507,869286.328906764,869287.330146908
eye1,nnUNetDetector2DPlugin,pmrnet,loop,115,6.847798583381202,2.647056775186146,3.6607920192182064,12.947560055181384,11.001652060076594,19.746179103284426,869287.330146908,869288.333439021
eye1,nnUNetDetector2DPlugin,pmrnet,loop,117,6.843241106750619,2.797444854410393,3.665962954983115,12.116577010601759,10.833656834438441,20.05585036578819,869288.333439021,869289.341666626
eye1,nnUNetDetector2DPlugin,pmrnet,loop,113,7.324480996632009,2.9434511159613823,3.5986549919471145,13.824403053149581,11.606090632267296,20.70684339933559,869289.341666626,869290.347728427
eye1,nnUNetDetector2DPlugin,pmrnet,loop,116,7.02571745355742,2.8964194613825196,3.577491967007518,13.31020297948271,10.978692298522219,20.303266719063938,869290.347728427,869291.356769981
eye1,nnUNetDetector2DPlugin,pmrnet,loop,115,7.529406844759765,2.738898327761784,3.618241986259818,17.41008402314037,10.91364574385807,21.213292082488213,869291.356769981,869292.366427464
eye1,nnUNetDetector2DPlugin,pmrnet,loop,112,7.867065242732808,2.8165720541639527,3.6944469902664423,12.944616028107703,11.477365624159575,21.9525947593086,869292.366427464,869293.370681081
eye1,nnUNetDetector2DPlugin,pmrnet,loop,120,6.493690361579259,2.613260639246148,3.662512986920774,12.444990104995668,10.550829477142543,19.706007225128513,869293.370681081,869294.375859911
eye1,nnUNetDetector2DPlugin,pmrnet,loop,117,6.708785998993195,2.6382776896806646,3.6353860050439835,10.847143013961613,10.609011980704963,19.909519332055098,869294.375859911,869295.380191105
eye1,nnUNetDetector2DPlugin,pmrnet,loop,121,5.1815829495706955,2.4526874245613044,3.5320169990882277,10.874597006477416,10.213950066827238,17.53985737200272,869295.380191105,869296.381606286
eye0,nnUNetDetector2DPlugin,2dcpp,boot,1,2.709351945668459,0.0,2.709351945668459,2.709351945668459,2.709351945668459,13.779694912955165,869246.835988297,869246.838697649
eye0,nnUNetDetector2DPlugin,pmrnet,loop,58,9.965659922053074,27.33333837578202,3.5605530720204115,215.39450797718018,10.877610498573631,21.33529510244663,869246.838697649,869247.845332356
eye0,nnUNetDetector2DPlugin,pmrnet,loop,114,7.222637077670936,2.859166068073262,3.731910022906959,13.138818088918924,11.341170890955254,18.720567716579687,869247.845332356,869248.846856206
eye0,nnUNetDetector2DPlugin,pmrnet,loop,120,6.893845916298839,2.7918758708706335,3.796067088842392,11.707728961482644,10.821055597625673,18.221590818332817,869248.846856206,869249.854613439
eye0,nnUNetDetector2DPlugin,pmrnet,loop,121,6.282849959867491,2.6611376462706846,3.637706977315247,13.705243938602507,10.58218302205205,17.24355386797154,869249.854613439,869250.862310778
eye0,nnUNetDetector2DPlugin,pmrnet,loop,121,6.649793346012242,2.741654042903316,3.7016550777480006,12.389355921186507,11.280167032964528,17.761740388063913,869250.862310778,869251.864717272
eye0,nnUNetDetector2DPlugin,pmrnet,loop,117,7.070039580058721,2.878593524014389,3.645412973128259,12.074314057826996,11.538777989335358,18.689315440730216,869251.864717272,869252.874159465
eye0,nnUNetDetector2DPlugin,pmrnet,loop,114,7.078291694102646,2.8985259990237755,3.656356013379991,13.037557946518064,10.988934780471025,18.48745951837484,869252.874159465,869253.877044354
eye0,nnUNetDetector2DPlugin,pmrnet,loop,115,7.074361818883082,3.006902893297943,3.611215972341597,12.068027979694307,11.162986152339727,18.680943665094674,869253.877044354,869254.883939757
eye0,nnUNetDetector2DPlugin,pmrnet,loop,124,4.72706138445515,1.8745091155224765,3.596569993533194,10.558455949649215,9.9899873661343,15.020334634051148,869254.883939757,869255.88471322
eye0,nnUNetDetector2DPlugin,pmrnet,loop,122,5.745074657349252,2.5632914048634756,3.6026070592924953,12.334185070358217,10.562839329941198,16.65366400647756,869255.88471322,869256.885629298
eye0,nnUNetDetector2DPlugin,pmrnet,loop,116,7.1382774180604205,2.8135177448067026,3.6843380657956004,13.664269004948437,11.39364848495461,19.114072864136563,869256.885629298,869257.892404998
eye0,nnUNetDetector2DPlugin,pmrnet,loop,117,6.833707770475974,2.9083130045444245,3.6710749845951796,12.364847003482282,11.076763132587073,18.5328738606718,869257.892404998,869258.893079868
eye0,nnUNetDetector2DPlugin,pmrnet,loop,112,7.636857629612288,2.886828887573493,3.7039080634713173,12.854670058004558,11.221995833329855,20.16635626932839,869258.893079868,869259.897453834
eye0,nnUNetDetector2DPlugin,pmrnet,loop,118,6.9015579430339065,2.8016134929841363,3.646895056590438,12.029273086227477,11.090560734737664,19.104471914588583,869259.897453834,869260.904750454
eye0,nnUNetDetector2DPlugin,pmrnet,loop,117,6.825791013180318,2.66129926020983,3.6767260171473026,12.954421923495829,10.732583957724273,18.699204029801948,869260.904750454,869261.909959827
eye0,nnUNetDetector2DPlugin,pmrnet,loop,118,6.617526271206848,2.69731160553979,3.706107963807881,11.71574101317674,10.64280304708518,18.06898336360326,869261.909959827,869262.918822913
eye0,nnUNetDetector2DPlugin,pmrnet,loop,93,7.801725388935176,2.868076310018482,3.7002379540354013,13.479436980560422,11.234121792949733,20.173879707061875,869262.918822913,869264.185231287
eye0,nnUNetDetector2DPlugin,pmrnet,loop,15,6.872214105290671,2.7979457683597713,3.8018389604985714,11.339817894622684,11.101630365010351,78.8525305998822,869264.185231287,869265.190907225
eye0,nnUNetDetector2DPlugin,pmrnet,loop,99,5.942992880150224,2.6125215045060104,3.6181180039420724,12.498305994085968,10.765190422534943,19.47964722469374,869265.190907225,869266.196629209
eye0,nnUNetDetector2DPlugin,pmrnet,loop,112,7.227981869488888,2.7599593847049304,3.6501369904726744,11.884309002198279,10.985680425073951,19.69167654793377,869266.196629209,869267.196663318
eye0,nnUNetDetector2DPlugin,pmrnet,loop,117,6.634221088865565,2.800790186719828,3.616990987211466,12.898919056169689,10.799390799365934,18.738706342469996,869267.196663318,869268.197260268
eye0,nnUNetDetector2DPlugin,pmrnet,loop,108,7.42517694554947,2.7986574647850415,3.6061230348423123,12.183868908323348,10.593089298345149,20.634891297150816,869268.197260268,869269.211521536
eye0,nnUNetDetector2DPlugin,pmrnet,loop,121,6.608907354626158,2.698506166660633,3.5714999539777637,12.079125037416816,10.924617992714047,19.060369462644573,869269.211521536,869270.215488342
eye0,nnUNetDetector2DPlugin,pmrnet,loop,120,6.347913328985062,2.6361995321713696,3.6366720451042056,14.625238021835685,10.665898746810853,18.47430241080777,869270.215488342,869271.217165322
eye0,nnUNetDetector2DPlugin,pmrnet,loop,112,7.5198570214394875,2.840099234601981,3.5489830188453197,13.074351008981466,11.080118594691156,20.898900313893268,869271.217165322,869272.21890823
eye0,nnUNetDetector2DPlugin,pmrnet,loop,115,6.601700623033811,2.9241037029159016,3.6224089562892914,12.665067100897431,10.99191321991384,19.361952355172,869272.21890823,869273.221714013
eye0,nnUNetDetector2DPlugin,pmrnet,loop,119,6.740562588430378,2.801639278286968,3.575315000489354,11.187954107299447,10.623340890742838,19.345295944196337,869273.221714013,869274.226134168
eye0,nnUNetDetector2DPlugin,pmrnet,loop,119,6.6219015181956795,2.8171008452805526,3.5823360085487366,11.682440992444754,10.890371329151094,18.985194748877976,869274.226134168,869275.229221425
eye0,nnUNetDetector2DPlugin,pmrnet,loop,118,6.637092958938457,2.760469399575364,3.6039940314367414,12.31911696959287,10.969628154998645,18.93962084284147,869275.229221425,869276.233405904
eye0,nnUNetDetector2DPlugin,pmrnet,loop,117,6.876843225242745,2.789688029007797,3.567771054804325,12.673555058427155,10.751220141537486,19.626991665110182,869276.233405904,869277.242259791
eye0,nnUNetDetector2DPlugin,pmrnet,loop,116,6.970665826068806,2.7614256968351936,3.645631019026041,12.843788950704038,10.985253960825503,19.501660467759738,869277.242259791,869278.243632116
eye0,nnUNetDetector2DPlugin,pmrnet,loop,114,7.247031560134992,2.810227712365824,3.5853800363838673,11.980939074419439,11.057788954349235,20.312047566556814,869278.243632116,869279.247398664
eye0,nnUNetDetector2DPlugin,pmrnet,loop,116,6.726100814030987,2.82076685699412,3.6687669344246387,12.677750084549189,11.081575241405517,19.247320470608898,869279.247398664,869280.248598932
eye0,nnUNetDetector2DPlugin,pmrnet,loop,119,6.374881642933215,2.6944822635135264,3.616334986872971,11.264609987847507,10.740928258746862,18.76450873649202,869280.248598932,869281.253632982
eye0,nnUNetDetector2DPlugin,pmrnet,loop,116,7.058844017467044,2.9673841765118922,3.5874609602615237,15.415640082210302,11.496786988573149,20.036042437101877,869281.253632982,869282.254095176
eye0,nnUNetDetector2DPlugin,pmrnet,loop,118,6.039023074771325,2.587411528715188,3.5856360336765647,14.46847605984658,10.479040746577084,18.00773629200471,869282.254095176,869283.255619247
eye0,nnUNetDetector2DPlugin,pmrnet,loop,116,6.982274707768048,2.7501170706474163,3.6279699997976422,11.82646700181067,10.811779502546415,20.070558333576752,869283.255619247,869284.257456886
eye0,nnUNetDetector2DPlugin,pmrnet,loop,116,6.933491492387036,2.741042268996256,3.6193879786878824,14.968161005526781,11.02401377283968,19.783274985143336,869284.257456886,869285.257882811
eye0,nnUNetDetector2DPlugin,pmrnet,loop,115,7.017940019621797,2.6855648618994756,3.560938988812268,11.55312405899167,10.983121965546161,19.99669776945982,869285.257882811,869286.263895001
eye0,nnUNetDetector2DPlugin,pmrnet,loop,118,6.454581333624231,2.7504246860685595,3.629932994954288,12.910131947137415,10.880079492926596,19.472720364890044,869286.263895001,869287.269327348
eye0,nnUNetDetector2DPlugin,pmrnet,loop,114,6.964568074245268,2.867106373839045,3.589170053601265,13.161118025891483,11.085288308095185,19.83954995694946,869287.269327348,869288.281275901
eye0,nnUNetDetector2DPlugin,pmrnet,loop,115,7.256569176831323,2.7558411611464573,3.67567699868232,11.21510798111558,10.736638505477458,20.468289390935198,869288.281275901,869289.286661567
eye0,nnUNetDetector2DPlugin,pmrnet,loop,111,7.020453263812505,3.112168780919963,3.582497942261398,13.205925934016705,11.998009926173836,20.045807854658378,869289.286661567,869290.290092835
eye0,nnUNetDetector2DPlugin,pmrnet,loop,114,7.039432931617883,2.8298387898485906,3.558221971616149,11.99820393230766,10.97781652933918,20.58428629779404,869290.290092835,869291.292999777
eye0,nnUNetDetector2DPlugin,pmrnet,loop,116,7.305982823740562,2.6191333018136747,3.6006830632686615,11.38572790659964,10.980061226291582,21.18189533939585,869291.292999777,869292.294354241
eye0,nnUNetDetector2DPlugin,pmrnet,loop,109,7.885884695447161,2.723584673096375,3.742814064025879,12.171664042398334,10.855793138034642,21.74685731820694,869292.294354241,869293.308719652
eye0,nnUNetDetector2DPlugin,pmrnet,loop,113,7.263438037464774,2.818671609554406,3.577435971237719,12.383391964249313,10.964912618510425,20.66981536542288,869293.308719652,869294.310649974
eye0,nnUNetDetector2DPlugin,pmrnet,loop,117,6.484431051450152,2.853319213770499,3.6271290155127645,12.551381019875407,11.03359581902623,19.615371024005242,869294.310649974,869295.316438422
eye0,nnUNetDetector2DPlugin,pmrnet,loop,31,8.143099043668519,2.7685902669124687,3.632148029282689,11.605469044297934,11.254689015913755,23.601733418481967,869295.316438422,869296.684283221
eye0,Roi,Roi,boot,1,0.0337379751726985,0.0,0.0337379751726985,0.0337379751726985,0.0337379751726985,11.061039986088872,869246.835944244,869246.835977982
eye0,Roi,Roi,loop,59,0.0035248606039558427,0.002464522843950492,0.002122018486261368,0.02136209513992071,0.004190485924482343,11.39253077010419,869246.835977982,869247.846472351
eye0,Roi,Roi,loop,114,0.0031460382926620937,0.0007573705757757521,0.0021189916878938675,0.006814952939748764,0.00407475745305419,11.493087303007773,869247.846472351,869248.847099466
eye0,Roi,Roi,loop,120,0.0031161849619820714,0.0006234765920790429,0.002077082172036171,0.004676985554397106,0.00409468193538487,11.317186348605901,869248.847099466,869249.854999008
eye0,Roi,Roi,loop,121,0.0029688389309920557,0.000521349496029554,0.002148095518350601,0.004149973392486572,0.003917026333510876,10.954205254631594,869249.854999008,869250.863448917
eye0,Roi,Roi,loop,121,0.002974350859742027,0.0005667900321998614,0.0021080486476421356,0.005953013896942139,0.0036599813029170036,11.123829111379901,869250.863448917,869251.866092246
eye0,Roi,Roi,loop,117,0.0030596921634342936,0.0005765778920161677,0.002162996679544449,0.005365000106394291,0.0038368860259652133,11.621002777495509,869251.866092246,869252.875538988
eye0,Roi,Roi,loop,114,0.0030627318968375525,0.0005249958923826847,0.002176966518163681,0.004785018973052502,0.003840570570901036,11.370329890939358,869252.875538988,869253.880354562
eye0,Roi,Roi,loop,115,0.003175527545744958,0.001221232731438838,0.0022229505702853203,0.01511408481746912,0.003927014768123627,11.595921958391758,869253.880354562,869254.888274398
eye0,Roi,Roi,loop,125,0.0026744650676846504,0.0004092643577720241,0.0020799925550818443,0.004147994332015514,0.0034894095733761787,10.280707654543221,869254.888274398,869255.896242635
eye0,Roi,Roi,loop,122,0.002948971862187151,0.0006058263629450366,0.002059037797152996,0.006835092790424824,0.0037564488593488927,10.89621303969475,869255.896242635,869256.896295298
eye0,Roi,Roi,loop,115,0.003250918108160081,0.0007317820162544166,0.002062995918095112,0.005151960067451,0.004469137638807297,11.989101306940226,869256.896295298,869257.896382727
eye0,Roi,Roi,loop,118,0.0030334646245306833,0.0004967241473351668,0.0021390151232481003,0.004431931301951408,0.0038690399378538127,11.694879145795575,869257.896382727,869258.908561389
eye0,Roi,Roi,loop,113,0.003199048744168429,0.0006458026802563711,0.0020670704543590546,0.005976995453238487,0.0042412662878632545,12.686963058159217,869258.908561389,869259.911921476
eye0,Roi,Roi,loop,117,0.002982888896113787,0.0005187024565440275,0.002142973244190216,0.0040960730984807014,0.003773975186049938,12.052652835010145,869259.911921476,869260.916473713
eye0,Roi,Roi,loop,117,0.0030057918694284228,0.0006151047921140283,0.0020960578694939613,0.005920999683439732,0.003927829675376415,11.904809181180456,869260.916473713,869261.918973263
eye0,Roi,Roi,loop,117,0.0029597819472352662,0.0004981838445846874,0.0021529849618673325,0.0041940947994589806,0.0037494115531444537,11.426818632703815,869261.918973263,869262.919200805
eye0,Roi,Roi,loop,92,0.0031393150414299707,0.0005587110882442364,0.002192915417253971,0.005624024197459221,0.003815884701907635,12.360011890490094,869262.919200805,869264.171557902
eye0,Roi,Roi,loop,15,0.005203539816041787,0.001998834195573465,0.002639950253069401,0.009165960364043713,0.009013409726321697,71.96028166605781,869264.171557902,869265.179974734
eye0,Roi,Roi,loop,98,0.0030986301848018654,0.0007654221353274239,0.002118060365319252,0.008453032933175564,0.003967835800722241,13.564540238395256,869265.179974734,869266.184796603
eye0,Roi,Roi,loop,113,0.0039314577125210675,0.007923425030872792,0.002107000909745693,0.08762895595282316,0.004039355553686619,12.439751420664576,869266.184796603,869267.192809425
eye0,Roi,Roi,loop,117,0.0032245133740779683,0.0012866038804414857,0.002019922249019146,0.016312929801642895,0.003806641325354575,12.099657686323756,869267.192809425,869268.192887846
eye0,Roi,Roi,loop,108,0.003158237733360794,0.000779824467369698,0.0019739381968975067,0.008714967407286167,0.003796635428443551,13.203733524143765,869268.192887846,869269.200962584
eye0,Roi,Roi,loop,121,0.0030884195950405657,0.0004284013776506365,0.0021510059013962746,0.004024943336844444,0.0037800054997205734,12.44571004332282,869269.200962584,869270.205021879
eye0,Roi,Roi,loop,120,0.0031024421332404017,0.0005595914454602096,0.0021050218492746353,0.006592017598450184,0.0037960358895361423,12.12156607750027,869270.205021879,869271.212952233
eye0,Roi,Roi,loop,113,0.003153728156358795,0.0005323578352855715,0.0019710278138518333,0.005476991645991802,0.0039218226447701445,13.416878843012439,869271.212952233,869272.220083147
eye0,Roi,Roi,loop,115,0.0031802590693468633,0.0005695527694512143,0.0020479783415794373,0.004987930878996849,0.0040330225601792336,12.698074028341342,869272.220083147,869273.222205483
eye0,Roi,Roi,loop,119,0.003136776606826221,0.0004918621190805003,0.002129003405570984,0.004320056177675724,0.003863684833049774,12.635778886179963,869273.222205483,869274.227102224
eye0,Roi,Roi,loop,119,0.0030767160835636766,0.00044243299110072583,0.0021900050342082977,0.003964989446103573,0.003724265843629837,12.312919711459335,869274.227102224,869275.230283088
eye0,Roi,Roi,loop,118,0.0031848232877456535,0.0007729476487876605,0.0019889557734131813,0.007936032488942146,0.003907072823494672,12.330795903650696,869275.230283088,869276.234828737
eye0,Roi,Roi,loop,117,0.003114177519057551,0.0005685027543683896,0.0020600855350494385,0.004942994564771652,0.0040055252611637115,12.737260557289243,869276.234828737,869277.242601377
eye0,Roi,Roi,loop,116,0.003187966348346451,0.0005177456600422849,0.002041109837591648,0.004425994120538235,0.0040299491956830025,12.533267579595398,869277.242601377,869278.243962219
eye0,Roi,Roi,loop,114,0.003126650035642741,0.0004773932994205612,0.0020990846678614616,0.004265923053026199,0.0037963327486068006,13.031620899901577,869278.243962219,869279.249334319
eye0,Roi,Roi,loop,116,0.00319671255118888,0.0005804872752550178,0.002152053639292717,0.005943002179265022,0.004178495146334171,12.510991561957153,869279.249334319,869280.249374154
eye0,Roi,Roi,loop,119,0.0031161632686227307,0.0006720049805784827,0.002145068719983101,0.008399016223847866,0.0038250465877354145,12.379530736073038,869280.249374154,869281.257424613
eye0,Roi,Roi,loop,116,0.003119723887407574,0.00046123299935188136,0.0019279541447758675,0.0040800077840685844,0.003845751052722335,12.967159568155505,869281.257424613,869282.257476179
eye0,Roi,Roi,loop,119,0.003108718557705899,0.00045614742556825225,0.002057058736681938,0.004159985110163689,0.003891449887305498,12.05546858313517,869282.257476179,869283.264250005
eye0,Roi,Roi,loop,116,0.003137825466371302,0.0005716300778459809,0.002034008502960205,0.006492948159575462,0.0038725556805729866,13.017155151766051,869283.264250005,869284.269484148
eye0,Roi,Roi,loop,116,0.0031642738231939488,0.00044653290994516433,0.002134009264409542,0.004297937266528606,0.003873254172503948,12.835417922329286,869284.269484148,869285.269579883
eye0,Roi,Roi,loop,115,0.003272532890348331,0.0004936538186157493,0.0019940780475735664,0.005226000212132931,0.003989983815699816,13.048742319781171,869285.269579883,869286.276516053
eye0,Roi,Roi,loop,118,0.0031005257693261412,0.00045105678943933484,0.0020869774743914604,0.004186062142252922,0.003845873288810253,12.919694085613335,869286.276516053,869287.277579643
eye0,Roi,Roi,loop,113,0.0032043193705973373,0.0006314694051193181,0.001991051249206066,0.005085021257400513,0.004378589801490306,12.919013672796762,869287.277579643,869288.281615505
eye0,Roi,Roi,loop,115,0.0030912600619637447,0.00046672874648206325,0.002042972482740879,0.004280940629541874,0.0037954538129270077,13.17868014169938,869288.281615505,869289.286974749
eye0,Roi,Roi,loop,111,0.0033017304549748834,0.0007770151234765741,0.0021309824660420418,0.005431007593870163,0.005162495654076338,13.046439390981922,869289.286974749,869290.290420831
eye0,Roi,Roi,loop,114,0.0031229666140126554,0.0005075032272702135,0.002007000148296356,0.0045049237087368965,0.0038161582779139276,13.567951780523321,869290.290420831,869291.294143562
eye0,Roi,Roi,loop,116,0.0032769096613829507,0.00045957437123135195,0.002212938852608204,0.005387933924794197,0.003961264155805111,13.827703508813384,869291.294143562,869292.297847714
eye0,Roi,Roi,loop,108,0.003525891332645659,0.0009096576838426981,0.0021229498088359833,0.009766081348061562,0.004698941484093666,13.869500577803356,869292.297847714,869293.297883052
eye0,Roi,Roi,loop,113,0.003150838377794861,0.000501155581977968,0.0020619481801986694,0.004454050213098526,0.003917980939149857,13.400486123385484,869293.297883052,869294.300357512
eye0,Roi,Roi,loop,117,0.003099524113548617,0.0004538011779807638,0.0020869774743914604,0.004090019501745701,0.0037315301597118373,13.125071877167903,869294.300357512,869295.305986648
eye0,Roi,Roi,loop,31,0.0032005238256627515,0.00048514970006061076,0.0021600862964987755,0.0038350699469447136,0.0038039288483560085,15.454803709872067,869295.305986648,869296.68517852
eye0,nnUNetDetector2DPlugin,pmrnet,boot,1,225.10608797892928,0.0,225.10608797892928,225.10608797892928,225.10608797892928,235.9595490852371,869307.8605123,869308.085618388
eye0,nnUNetDetector2DPlugin,2dcpp,loop,12,3.573402325855568,1.8368127354982098,1.3046959647908807,8.966117980889976,6.286328798159953,82.07051659701392,869308.085618388,869309.103624697
eye0,nnUNetDetector2DPlugin,2dcpp,loop,101,2.282485790034332,1.0678003559419225,0.6869460921734571,4.527232958935201,4.244185984134674,14.415624907636776,869309.103624697,869310.112108328
eye0,nnUNetDetector2DPlugin,2dcpp,loop,125,1.8075464339926839,0.7477433362477685,0.7126349955797195,4.2230269173160195,3.407633933238685,12.116218626499176,869310.112108328,869311.112967424
eye0,nnUNetDetector2DPlugin,2dcpp,loop,124,1.8353135674260557,0.8939996341650457,0.6839829729869962,4.253875929862261,3.6897338286507866,12.052791899130229,869311.112967424,869312.116394644
eye0,nnUNetDetector2DPlugin,2dcpp,loop,125,2.0855064559727907,1.1253096763074537,0.686484039761126,6.101881968788803,4.2372494004666805,12.523570708930492,869312.116394644,869313.122103747
eye0,nnUNetDetector2DPlugin,2dcpp,loop,124,1.941194930564492,0.8578379386125006,0.6928090006113052,5.10551396291703,4.1148420539684585,12.091562294611528,869313.122103747,869314.123691419
eye0,nnUNetDetector2DPlugin,2dcpp,loop,124,1.8120346235997615,0.7477320976920553,0.6942260079085827,4.2029989417642355,3.2800992194097485,12.013436323257103,869314.123691419,869315.124106556
eye0,nnUNetDetector2DPlugin,2dcpp,loop,125,2.213176161982119,1.123282593537871,0.6858879933133721,7.465732982382178,4.174740822054446,12.508012051694095,869315.124106556,869316.132679214
eye0,nnUNetDetector2DPlugin,2dcpp,loop,17,1.8098761039950393,1.1035229896476755,0.7336849812418222,4.231258993968368,3.999069379642606,13.372178703053471,869316.132679214,869317.354532141
eye0,Roi,Roi,boot,1,0.020123086869716644,0.0,0.020123086869716644,0.020123086869716644,0.020123086869716644,10.828142054378986,869307.860461267,869307.86048139
eye0,Roi,Roi,loop,8,0.015723882825113833,0.005252025545216561,0.0061480095610022545,0.02337805926799774,0.022825022460892797,88.92235935491044,869307.86048139,869308.874186799
eye0,Roi,Roi,loop,77,0.009667049706369252,0.005681550723455151,0.002595013938844204,0.02793804742395878,0.020537152886390696,15.438266692671005,869308.874186799,869309.876358672
eye0,Roi,Roi,loop,124,0.007095603993342769,0.004249779697798182,0.0020849984139204025,0.028777052648365498,0.013893772847950459,10.146590837863304,869309.876358672,869310.876380714
eye0,Roi,Roi,loop,124,0.008359464118257165,0.005101004208759428,0.0020470470190048218,0.031083007343113422,0.014686997747048732,10.08579804141435,869310.876380714,869311.876717054
eye0,Roi,Roi,loop,124,0.007892441522750643,0.0037641489249129836,0.0022299354895949364,0.016256002709269524,0.0138331379275769,10.206128732534125,869311.876717054,869312.880581159
eye0,Roi,Roi,loop,125,0.007418081164360046,0.004155462720214272,0.0023070024326443672,0.025225919671356678,0.014004204422235489,10.414384524337947,869312.880581159,869313.888415492
eye0,Roi,Roi,loop,124,0.0068723175284122265,0.003731829434601783,0.0021029263734817505,0.018496066331863403,0.012969964882358909,10.29543976596136,869313.888415492,869314.888633733
eye0,Roi,Roi,loop,124,0.007978900553538434,0.005799626127100833,0.0021730083972215652,0.04306808114051819,0.013483158545568584,10.382330794292953,869314.888633733,869315.88865344
eye0,Roi,Roi,loop,47,0.01057712955677763,0.016708478373761895,0.0023529864847660065,0.12028694618493319,0.015155528672039509,10.258854956346307,869315.88865344,869317.354918573
world,UVC_Source,UVC_Source,loop,30,29.084564105141908,2.316763689224633,22.654091008007526,32.41961891762912,32.15433266013861,70.64108528041591,869292.738970294,869293.742955669
world,UVC_Source,UVC_Source,loop,30,29.4540886922429,2.0948848163030798,26.156542007811368,33.050504978746176,32.47522556921467,70.69897457258776,869293.742955669,869294.750995475
world,UVC_Source,UVC_Source,loop,30,29.482120496686548,2.13022848456334,26.16877993568778,33.19580003153533,32.807023456553,70.77160093079631,869294.750995475,869295.754996739
world,UVC_Source,UVC_Source,loop,30,29.180096664155524,2.1863634923210333,25.40776296518743,33.500724006444216,32.6757246570196,70.67132123823588,869295.754996739,869296.759022804
world,UVC_Source,UVC_Source,loop,30,29.76341957692057,1.879155695109822,27.29934803210199,33.19906408432871,33.04880161304027,70.72108836534123,869296.759022804,869297.763049043
world,UVC_Source,UVC_Source,loop,30,30.05680344067514,2.0460289654715758,27.081581065431237,33.28241698909551,33.261404279619455,70.9095938402849,869297.763049043,869298.771082305
world,UVC_Source,UVC_Source,loop,30,24.780999061961968,4.719492840956397,17.4002650892362,33.276672940701246,32.66750612528995,71.03901678929105,869298.771082305,869299.77532556
world,UVC_Source,UVC_Source,loop,30,21.407502389047295,2.260222751330546,16.045314026996493,26.567772030830383,24.28395810420625,71.254264722423,869299.77532556,869300.779440922
world,UVC_Source,UVC_Source,loop,30,21.68752826595058,2.849972658208384,16.15058199968189,27.403527055867016,26.782807463314384,71.28303730472301,869300.779440922,869301.78754514
world,UVC_Source,UVC_Source,loop,30,23.569944597935926,4.846686340388305,14.962546993046999,32.967366045340896,31.696316035231575,71.09458273431908,869301.78754514,869302.791745335
world,UVC_Source,UVC_Source,loop,30,22.143884045848,3.5057092685951123,13.875002972781658,32.67582401167601,28.137270780280225,71.3690035045147,869302.791745335,869303.795466933
world,UVC_Source,UVC_Source,loop,30,26.981598895508796,4.844960484209995,15.972143039107323,33.03742501884699,32.99716240726411,71.270061226096,869303.795466933,869304.803367976
world,UVC_Source,UVC_Source,loop,30,29.62134776171297,1.9928315191296704,26.54309303034097,33.18161203060299,32.963254232890904,71.10792006521176,869304.803367976,869305.807389752
world,UVC_Source,UVC_Source,loop,30,24.407499737571925,8.68464737331909,0.10992109309881926,33.049226040020585,32.929500768659636,71.67797436704859,869305.807389752,869306.811627756
world,UVC_Source,UVC_Source,loop,30,23.173912746521335,4.259073800006853,17.1319090295583,33.06421102024615,30.457010638201602,71.38613329734653,869306.811627756,869307.819742997
world,UVC_Source,UVC_Source,loop,30,24.065413023345172,4.262425728710448,17.344088992103934,32.663227058947086,32.09105433197692,71.47499880520627,869307.819742997,869308.823725848
world,UVC_Source,UVC_Source,loop,30,22.538821569954354,3.681711176757614,15.07717405911535,30.858156038448215,27.676631591748443,71.42927409537758,869308.823725848,869309.827763252
world,UVC_Source,UVC_Source,loop,30,25.47389556809018,3.6442019166467565,15.467357006855309,31.67646797373891,31.50533568696119,71.41384120332077,869309.827763252,869310.835674592
world,UVC_Source,UVC_Source,loop,30,25.58169930319612,3.1212518739951247,17.676749965175986,32.5888009974733,30.268184409942474,71.58241515280679,869310.835674592,869311.839682265
world,UVC_Source,UVC_Source,loop,30,24.414656664400052,4.304178301268038,15.524382004514337,30.515225022099912,30.217969371005893,71.5385476903369,869311.839682265,869312.843678724
world,UVC_Source,UVC_Source,loop,30,25.330855627544224,3.0270564535319946,18.543965998105705,31.177130062133074,30.430693598464128,71.60576146561652,869312.843678724,869313.852141912
world,UVC_Source,UVC_Source,loop,30,24.813861240788054,3.6705733251191304,16.625421005301178,30.613906914368272,30.253143538720906,71.69322409123804,869313.852141912,869314.856134562
world,UVC_Source,UVC_Source,loop,30,24.37325653154403,4.681570170554926,15.495584928430617,31.970654032193124,31.142959813587364,71.61373653216287,869314.856134562,869315.86004604
world,UVC_Source,UVC_Source,loop,30,22.79235494012634,4.488987096819871,14.379428001120687,32.54755795933306,29.58422040683217,71.84855666322012,869315.86004604,869316.868183432
world,UVC_Source,UVC_Source,loop,30,25.598948708890628,4.737379682657889,14.157350989989936,33.40136702172458,31.93006120272912,71.68703340770055,869316.868183432,869317.871934349
world,UVC_Source,UVC_Source,loop,30,20.505988295190036,3.9540349827208376,13.211456942372024,32.04418299719691,26.931666355812922,71.76094140158966,869317.871934349,869318.876245014
world,UVC_Source,UVC_Source,loop,30,20.185023080557585,3.2628842965086555,11.200525099411607,26.731246965937316,24.551154201617464,72.10190122326215,869318.876245014,869319.884235242
world,UVC_Source,UVC_Source,loop,30,20.708721472571295,3.3727863200877652,13.938571908511221,27.40257396362722,25.18059839494526,72.04506700315203,869319.884235242,869320.888330049
world,UVC_Source,UVC_Source,loop,30,21.596511092502624,3.479605298859222,14.554974040947855,28.988000005483627,26.69676876394078,71.9903482706286,869320.888330049,869321.892544634
world,UVC_Source,UVC_Source,loop,30,20.791275360776734,2.540261235700289,15.566771035082638,27.58336893748492,24.302987655391913,72.16547631348173,869321.892544634,869322.900281422
world,UVC_Source,UVC_Source,loop,30,20.078630791977048,3.394079225698997,12.68057303968817,26.588600012473762,25.850045436527576,72.02263309542711,869322.900281422,869323.904482943
world,UVC_Source,UVC_Source,loop,30,21.341617762421567,3.1064008623285213,15.574573073536158,25.967666995711625,25.719021167606115,72.11199639132246,869323.904482943,869324.908453882
world,UVC_Source,UVC_Source,loop,30,20.90195295944189,4.070328470419555,11.283496976830065,31.598044908605516,26.837594836251807,72.34502329180638,869324.908453882,869325.9164551
world,UVC_Source,UVC_Source,loop,30,20.36270537258436,3.5262759797528584,13.758645975030959,28.540011029690504,26.675277220783748,72.06178046762943,869325.9164551,869326.920567105
world,UVC_Source,UVC_Source,loop,30,23.213744970659416,4.394780233294344,14.740025042556226,32.30096900369972,30.648104543797665,72.2359996017379,869326.920567105,869327.924431801
world,UVC_Source,UVC_Source,loop,30,21.017371696264792,2.784411583788596,14.55800305120647,25.780437979847193,25.321989686926827,72.32817646193628,869327.924431801,869328.932636219
world,UVC_Source,UVC_Source,loop,30,21.653948809641104,2.9684646417661664,15.8669549273327,27.257051086053252,26.29712088964879,72.27361472711588,869328.932636219,869329.936581918
world,UVC_Source,UVC_Source,loop,30,21.70633924348901,2.8515333402946617,15.512807061895728,27.663778979331255,26.106772443745285,72.38430201153581,869329.936581918,869330.940656068
world,UVC_Source,UVC_Source,loop,30,21.613757964223623,3.06571964431827,13.853927957825363,27.06429990939796,26.720691903028637,72.3811545680898,869330.940656068,869331.948843646
world,UVC_Source,UVC_Source,loop,30,21.40101200978582,6.557294076389354,0.07807405199855566,33.07535301428288,27.102265506982803,73.79209666978568,869331.948843646,869332.953034346
world,UVC_Source,UVC_Source,loop,30,21.430249997259427,3.087034735313514,13.305632048286498,27.271032915450633,25.499889062484723,72.56575730474044,869332.953034346,869333.95681889
world,UVC_Source,UVC_Source,loop,30,20.382663580433775,3.269853276310899,12.067446019500494,25.6325900554657,24.877060647122562,72.47437953483313,869333.95681889,869334.964782185
world,UVC_Source,UVC_Source,loop,26,18.83976069243195,6.717775450683512,0.07028295658528805,26.834125979803503,26.200344786047935,73.5578987828026,869334.964782185,869335.968939755
world,UVC_Source,UVC_Source,loop,30,19.163453738049913,5.549919998807214,0.07620803080499172,26.58779709599912,25.305135088274252,72.69192627475907,869335.968939755,869336.972865144
world,UVC_Source,UVC_Source,loop,30,15.622296909956882,5.325912166052946,0.13003195635974407,26.17883903440088,23.936958651756864,72.63145979183416,869336.972865144,869337.981281831
world,UVC_Source,UVC_Source,loop,30,19.679003635731835,5.434503820242872,8.056553080677986,31.30169794894755,26.00860996171832,72.63587942579761,869337.981281831,869338.984787172
world,UVC_Source,UVC_Source,loop,29,12.71802840096041,6.913739690787344,0.053683994337916374,29.303660965524614,22.910702554509037,72.9128797618865,869338.984787172,869339.989020359
world,UVC_Source,UVC_Source,loop,30,20.031172681289416,4.0627723527649815,13.60397005919367,28.780853026546538,27.219163038535044,72.82229006911318,869339.989020359,869340.99702179
world,UVC_Source,UVC_Source,loop,30,16.25966049420337,4.497410234340934,6.685483967885375,24.481959990225732,23.556931508937847,72.80766843662907,869340.99702179,869342.000888342
world,UVC_Source,UVC_Source,loop,30,19.972151642044384,6.015831304691155,0.0869090436026454,31.3013750128448,27.082292456179854,72.64390946753944,869342.000888342,869343.00499257
world,NetworkApiPlugin,NetworkApiPlugin,loop,30,0.0100900341446201,0.0016270593558063964,0.006612972356379032,0.013535027392208576,0.012307526776567098,70.66557047267754,869292.739853423,869293.74321255
world,NetworkApiPlugin,NetworkApiPlugin,loop,30,0.010797133048375448,0.0029110394373949695,0.0068070366978645325,0.02273404970765114,0.014522741548717018,70.72473167208955,869293.74321255,869294.751256898
world,NetworkApiPlugin,NetworkApiPlugin,loop,30,0.009626363559315601,0.0016666084831517447,0.00625604297965765,0.013782992027699947,0.01161636901088059,70.79215756772707,869294.751256898,869295.75516061
world,NetworkApiPlugin,NetworkApiPlugin,loop,30,0.00866743503138423,0.0015479530223005077,0.005578971467912197,0.011897995136678219,0.011649774387478828,70.6906438455917,869295.75516061,869296.759190022
world,NetworkApiPlugin,NetworkApiPlugin,loop,30,0.009444030001759529,0.002415380601344871,0.005932990461587906,0.015486031770706177,0.01363765331916511,70.74105219605069,869296.759190022,869297.763205065
world,NetworkApiPlugin,NetworkApiPlugin,loop,30,0.007192305444429318,0.001478876585142385,0.005704001523554325,0.011635012924671173,0.009428954217582941,70.92600283601011,869297.763205065,869298.771236786
world,NetworkApiPlugin,NetworkApiPlugin,loop,30,0.01898355937252442,0.008484417250682384,0.005632056854665279,0.031220028176903725,0.030319381039589643,71.08586449176073,869298.771236786,869299.775855472
world,NetworkApiPlugin,NetworkApiPlugin,loop,30,0.026256769585112732,0.005397257748900403,0.01460209023207426,0.03603496588766575,0.03229218418709933,71.31710364871348,869299.775855472,869300.780098254
world,NetworkApiPlugin,NetworkApiPlugin,loop,30,0.026786234229803085,0.006011950628286626,0.014304998330771923,0.04237494431436062,0.034982885699719184,71.34138830394174,869300.780098254,869301.787992013
world,NetworkApiPlugin,NetworkApiPlugin,loop,30,0.019877066370099783,0.00785192529247013,0.008167000487446785,0.03306404687464237,0.030558113940060135,71.14836835923295,869301.787992013,869302.792448511
world,NetworkApiPlugin,NetworkApiPlugin,loop,30,0.02408612829943498,0.006788049848408663,0.007378053851425648,0.03438093699514866,0.03387029282748699,71.42334060044959,869302.792448511,869303.795964189
world,NetworkApiPlugin,NetworkApiPlugin,loop,30,0.0156935576039056,0.0087354877403611,0.00720401294529438,0.03231794107705355,0.0312630261760205,71.30310190841556,869303.795964189,869304.803622531
world,NetworkApiPlugin,NetworkApiPlugin,loop,30,0.01132602725798885,0.0034432501455483495,0.006097019650042057,0.0255160266533494,0.014319369802251456,71.13043332550053,869304.803622531,869305.807545671
world,NetworkApiPlugin,NetworkApiPlugin,loop,30,0.014797373053928217,0.007672082708641446,0.006149988621473312,0.032883952371776104,0.030980707379057996,71.71254530937101,869305.807545671,869306.811979558
world,NetworkApiPlugin,NetworkApiPlugin,loop,30,0.02398240612819791,0.00670523892876598,0.01021998468786478,0.035815988667309284,0.03244993858970702,71.43975999982406,869306.811979558,869307.820256923
world,NetworkApiPlugin,NetworkApiPlugin,loop,30,0.022653338965028524,0.010467183770365325,0.009137089364230633,0.061891041696071625,0.03185340319760144,71.53102510686342,869307.820256923,869308.824373546
world,NetworkApiPlugin,NetworkApiPlugin,loop,30,0.023336192437758047,0.008860141257260626,0.008019967935979366,0.04428194370120764,0.03393864026293158,71.48519102483988,869308.824373546,869309.828332259
world,NetworkApiPlugin,NetworkApiPlugin,loop,30,0.01770693731183807,0.007988624746929511,0.007293070666491985,0.03404205199331045,0.032501952955499284,71.46235272909205,869309.828332259,869310.836274594
world,NetworkApiPlugin,NetworkApiPlugin,loop,30,0.0173066354667147,0.007075738904210934,0.007251044735312462,0.03291002940386534,0.03019181312993169,71.61835141014308,869310.836274594,869311.83994116
world,NetworkApiPlugin,NetworkApiPlugin,loop,30,0.020124076399952173,0.008090924385175115,0.008994946256279945,0.03879494033753872,0.03416353138163685,71.58127152749027,869311.83994116,869312.843969178
world,NetworkApiPlugin,NetworkApiPlugin,loop,30,0.020446197595447302,0.008683459523589263,0.007683061994612217,0.03629899583756924,0.03402581205591559,71.66340219555423,869312.843969178,869313.852920608
world,NetworkApiPlugin,NetworkApiPlugin,loop,30,0.02299909247085452,0.010245766117274872,0.009358045645058155,0.045922002755105495,0.03907548380084332,71.75522608061631,869313.852920608,869314.856928448
world,NetworkApiPlugin,NetworkApiPlugin,loop,30,0.018361140973865986,0.008461448549361424,0.0071499962359666824,0.03296998329460621,0.03212162991985679,71.64835213528325,869314.856928448,869315.860215291
world,NetworkApiPlugin,NetworkApiPlugin,loop,30,0.022730242926627398,0.008701521769536901,0.006129033863544464,0.04047900438308716,0.0344264495652169,71.9121183307531,869315.860215291,869316.869036801
world,NetworkApiPlugin,NetworkApiPlugin,loop,30,0.018734601326286793,0.007220661044974122,0.008593895472586155,0.03352889325469732,0.031358539126813405,71.72943733943005,869316.869036801,869317.872259315
world,NetworkApiPlugin,NetworkApiPlugin,loop,30,0.025704173215975363,0.00632625523693307,0.00916304998099804,0.0351940980181098,0.0343176769092679,71.82316350129743,869317.872259315,869318.876910467
world,NetworkApiPlugin,NetworkApiPlugin,loop,30,0.02578620721275608,0.00592085672288407,0.01009996049106121,0.03361399285495281,0.032453634776175015,72.16386329382658,869318.876910467,869319.884891614
world,NetworkApiPlugin,NetworkApiPlugin,loop,30,0.027407666978736717,0.005923817580252682,0.01572899054735899,0.04309497307986021,0.036422710400074707,72.11010423488915,869319.884891614,869320.888998187
world,NetworkApiPlugin,NetworkApiPlugin,loop,30,0.027039538448055584,0.006067818817561553,0.013395911082625389,0.03416999243199825,0.03326454316265881,72.06240012698497,869320.888998187,869321.893429075
world,NetworkApiPlugin,NetworkApiPlugin,loop,30,0.026687727464983862,0.005059442908251645,0.016023986972868443,0.03315904177725315,0.03200909122824668,72.2283134275737,869321.893429075,869322.900931648
world,NetworkApiPlugin,NetworkApiPlugin,loop,30,0.025011358472208183,0.006064750311758756,0.01161498948931694,0.032529933378100395,0.03210021532140672,72.0863029321966,869322.900931648,869323.905221159
world,NetworkApiPlugin,NetworkApiPlugin,loop,30,0.025757142187406618,0.006165962496457667,0.010197050869464874,0.035761971957981586,0.03337184898555279,72.17475946138923,869323.905221159,869324.909145317
world,NetworkApiPlugin,NetworkApiPlugin,loop,30,0.02558832832922538,0.006243084033868342,0.009853043593466282,0.03379897680133581,0.03184879897162318,72.40423300924401,869324.909145317,869325.917045058
world,NetworkApiPlugin,NetworkApiPlugin,loop,30,0.024122189885626238,0.005020623758531214,0.015870085917413235,0.034932978451251984,0.03030342049896717,72.11608296493068,869325.917045058,869326.921046601
world,NetworkApiPlugin,NetworkApiPlugin,loop,30,0.021230355681230623,0.007309848684724938,0.009853974916040897,0.03187195397913456,0.031480047618970275,72.28704595472664,869326.921046601,869327.92496574
world,NetworkApiPlugin,NetworkApiPlugin,loop,30,0.024953437969088554,0.0051298395587995645,0.015754951164126396,0.033806078135967255,0.03243836108595133,72.38870817236602,869327.92496574,869328.933294896
world,NetworkApiPlugin,NetworkApiPlugin,loop,30,0.02430186529333393,0.00647102197107643,0.014047953300178051,0.04090496804565191,0.03169345436617732,72.33034683934723,869328.933294896,869329.937135231
world,NetworkApiPlugin,NetworkApiPlugin,loop,30,0.024969033741702635,0.005610710122758686,0.011758995242416859,0.03245100378990173,0.031980808125808835,72.44012599112466,869329.937135231,869330.941152963
world,NetworkApiPlugin,NetworkApiPlugin,loop,30,0.025655511611451704,0.0059887839328675065,0.01417903695255518,0.03531202673912048,0.0323485117405653,72.44604480608056,869330.941152963,869331.949602944
world,NetworkApiPlugin,NetworkApiPlugin,loop,30,0.022530163793514173,0.010279948662263368,0.006317044608294964,0.05504803266376257,0.03630372229963541,73.85548922854166,869331.949602944,869332.95391567
world,NetworkApiPlugin,NetworkApiPlugin,loop,30,0.02494947984814644,0.007373758819103789,0.016069971024990082,0.04455295857042074,0.04059241036884486,72.61588729840393,869332.95391567,869333.957163368
world,NetworkApiPlugin,NetworkApiPlugin,loop,30,0.02680137986317277,0.004781249495913725,0.014409073628485203,0.03195693716406822,0.031203916296362877,72.54510819523905,869333.957163368,869334.965645971
world,NetworkApiPlugin,NetworkApiPlugin,loop,26,0.026877082955951873,0.009033193285438758,0.006927992217242718,0.05120702553540468,0.03832625225186348,73.6307884620216,869334.965645971,869335.969782043
world,NetworkApiPlugin,NetworkApiPlugin,loop,30,0.03373650057862202,0.037729349260249505,0.007616938091814518,0.1952419988811016,0.09589022956788507,72.78647776693106,869335.969782043,869336.974252257
world,NetworkApiPlugin,NetworkApiPlugin,loop,30,0.023599702399224043,0.007021554171182572,0.01288997009396553,0.04190695472061634,0.034105806844308965,72.68878401179488,869336.974252257,869337.98191834
world,NetworkApiPlugin,NetworkApiPlugin,loop,30,0.025215504380563896,0.008785697427928015,0.010897987522184849,0.046274042688310146,0.04331172676756977,72.69196709385142,869337.98191834,869338.985204816
world,NetworkApiPlugin,NetworkApiPlugin,loop,29,0.022814568967140954,0.010181722844334015,0.0061229802668094635,0.049854046665132046,0.03738424275070429,72.97123887110502,869338.985204816,869339.989722072
world,NetworkApiPlugin,NetworkApiPlugin,loop,30,0.02882385936876138,0.015848881170536584,0.014498946256935596,0.10882597416639328,0.03818491240963336,72.88470856146887,869339.989722072,869340.997596637
world,NetworkApiPlugin,NetworkApiPlugin,loop,30,0.024731170075635116,0.008959531847687455,0.008633011020720005,0.04422001074999571,0.03769781324081123,72.85491550186028,869340.997596637,869342.001137447
world,NetworkApiPlugin,NetworkApiPlugin,loop,30,0.02584716227526466,0.007127885258838588,0.008654897101223469,0.04115107003599405,0.03513683332130312,72.74251048996423,869342.001137447,869343.006738767
world,Pupil_Data_Relay,Pupil_Data_Relay,loop,30,0.11564819142222404,0.03192573849667371,0.054684001952409744,0.16396702267229557,0.1583653036504984,70.79089980106801,869292.740641136,869293.743489584
world,Pupil_Data_Relay,Pupil_Data_Relay,loop,30,0.1101346764092644,0.030355747601611645,0.05499296821653843,0.15423400327563286,0.145531608723104,70.84666123070444,869293.743489584,869294.751564672
world,Pupil_Data_Relay,Pupil_Data_Relay,loop,30,0.09876037947833538,0.030246352769494944,0.04240102134644985,0.15798001550137997,0.14341603964567182,70.89762192917988,869294.751564672,869295.755286428
world,Pupil_Data_Relay,Pupil_Data_Relay,loop,30,0.0694150182728966,0.014373205968529632,0.043687061406672,0.09292294271290302,0.09010264184325932,70.76644042972475,869295.755286428,869296.759315348
world,Pupil_Data_Relay,Pupil_Data_Relay,loop,30,0.06543492975955208,0.01770087525108649,0.04483491647988558,0.10689802002161741,0.10032589780166744,70.81276503158733,869296.759315348,869297.763334428
world,Pupil_Data_Relay,Pupil_Data_Relay,loop,30,0.05736123615254959,0.015846968200316957,0.040406943298876286,0.08847995195537806,0.08713636198081076,70.9888480991746,869297.763334428,869298.771354201
world,Pupil_Data_Relay,Pupil_Data_Relay,loop,30,0.13744647148996592,0.07671142812262131,0.019397004507482052,0.2693540882319212,0.26210573269054294,71.24353650724515,869298.771354201,869299.776399886
world,Pupil_Data_Relay,Pupil_Data_Relay,loop,30,0.20488580533613762,0.0580684379429992,0.09028299245983362,0.3167940303683281,0.2959614037536084,71.54816080195208,869299.776399886,869300.780796957
world,Pupil_Data_Relay,Pupil_Data_Relay,loop,30,0.1969464976961414,0.05567191847021505,0.09176600724458694,0.29558397363871336,0.2870991360396147,71.5589452185668,869300.780796957,869301.788427425
world,Pupil_Data_Relay,Pupil_Data_Relay,loop,30,0.1431389401356379,0.06755056033996831,0.05220400635153055,0.26072398759424686,0.24370386381633577,71.31363366885732,869301.788427425,869302.793152763
world,Pupil_Data_Relay,Pupil_Data_Relay,loop,30,0.189776043407619,0.07461257007447525,0.05812104791402817,0.402578036300838,0.2945839834865182,71.63865517359227,869302.793152763,869303.796408269
world,Pupil_Data_Relay,Pupil_Data_Relay,loop,30,0.11533392826095223,0.08096172934317758,0.04573503974825144,0.32910495065152645,0.25636612554080784,71.43050782615319,869303.796408269,869304.803865034
world,Pupil_Data_Relay,Pupil_Data_Relay,loop,30,0.07114610246693094,0.0179221578090555,0.03854604437947273,0.102830003015697,0.09503404144197702,71.20804968290031,869304.803865034,869305.807668472
world,Pupil_Data_Relay,Pupil_Data_Relay,loop,30,0.10056899627670646,0.059087408651799546,0.041217077523469925,0.31789205968379974,0.1842039404436946,71.8255778386568,869305.807668472,869306.812308207
world,Pupil_Data_Relay,Pupil_Data_Relay,loop,30,0.16950966091826558,0.06055084342714623,0.0541789922863245,0.29457302298396826,0.24725287803448734,71.62766337472324,869306.812308207,869307.820661038
world,Pupil_Data_Relay,Pupil_Data_Relay,loop,30,0.16744667664170265,0.07391157286891316,0.0592479482293129,0.3402859438210726,0.27766432613134384,71.71841298695654,869307.820661038,869308.824903383
world,Pupil_Data_Relay,Pupil_Data_Relay,loop,30,0.2483149990439415,0.09396261947275282,0.07886998355388641,0.43737597297877073,0.4231720988173037,71.76202358289932,869308.824903383,869309.829328851
world,Pupil_Data_Relay,Pupil_Data_Relay,loop,30,0.21626134791101018,0.1068006708922212,0.0791400671005249,0.45538798440247774,0.4182688891887665,71.70139350540315,869309.829328851,869310.837097857
world,Pupil_Data_Relay,Pupil_Data_Relay,loop,30,0.21659976337105036,0.0997070508488786,0.071709044277668,0.46599097549915314,0.408991175936535,71.84979216738914,869310.837097857,869311.840441983
world,Pupil_Data_Relay,Pupil_Data_Relay,loop,30,0.2487048002270361,0.09916233149544762,0.1164870336651802,0.4316020058467984,0.41361974435858423,71.84672506215672,869311.840441983,869312.844339472
world,Pupil_Data_Relay,Pupil_Data_Relay,loop,30,0.25065904095148045,0.12062697221049781,0.0692510511726141,0.49106799997389317,0.4732211877126246,71.93990270219122,869312.844339472,869313.853812115
world,Pupil_Data_Relay,Pupil_Data_Relay,loop,30,0.27732284894833964,0.11791085233699049,0.10727101471275091,0.4612049087882042,0.4491708241403103,72.06121785954262,869313.853812115,869314.857663767
world,Pupil_Data_Relay,Pupil_Data_Relay,loop,30,0.2200852536285917,0.10009212973179452,0.06327510345727205,0.44195703230798244,0.4205456003546715,71.87913740053773,869314.857663767,869315.860382977
world,Pupil_Data_Relay,Pupil_Data_Relay,loop,30,0.2070823412699004,0.08201684238345874,0.06037997081875801,0.45691593550145626,0.36164806224405727,72.14586857007816,869315.860382977,869316.869812053
world,Pupil_Data_Relay,Pupil_Data_Relay,loop,30,0.13085571117699146,0.06920860463861166,0.049663009122014046,0.3153170691803098,0.2853134006727485,71.87069356053446,869316.869812053,869317.872403595
world,Pupil_Data_Relay,Pupil_Data_Relay,loop,30,0.22383657051250339,0.157164457356841,0.07555191405117512,0.9875230025500059,0.3251482732594013,72.07701246564586,869317.872403595,869318.877627551
world,Pupil_Data_Relay,Pupil_Data_Relay,loop,30,0.19994891481474042,0.060319099048869146,0.08656398858875036,0.2919570542871952,0.2803093113470822,72.39031039644033,869318.877627551,869319.885611689
world,Pupil_Data_Relay,Pupil_Data_Relay,loop,30,0.20678766692678133,0.0518402833318197,0.11356407776474953,0.3089900128543377,0.2847598283551633,72.3424678047498,869319.885611689,869320.88970476
world,Pupil_Data_Relay,Pupil_Data_Relay,loop,30,0.21199268909792104,0.06029633139055329,0.08408306166529655,0.31073903664946556,0.30864376458339393,72.3073036914381,869320.88970476,869321.894358529
world,Pupil_Data_Relay,Pupil_Data_Relay,loop,30,0.2122925710864365,0.05331908135537299,0.12987898662686348,0.3277290379628539,0.29958770610392094,72.47784703504294,869321.894358529,869322.902043544
world,Pupil_Data_Relay,Pupil_Data_Relay,loop,30,0.19477089711775383,0.0591088900017997,0.08984305895864964,0.3049409715458751,0.2762677788268774,72.31135281423728,869322.902043544,869323.906106501
world,Pupil_Data_Relay,Pupil_Data_Relay,loop,30,0.1903283642604947,0.058386654385825215,0.07480708882212639,0.30698999762535095,0.28619868680834765,72.38965019738923,869323.906106501,869324.909836079
world,Pupil_Data_Relay,Pupil_Data_Relay,loop,30,0.2081547824976345,0.07691106483689662,0.07240206468850374,0.4447801038622856,0.3169393981806933,72.63841403570648,869324.909836079,869325.917946006
world,Pupil_Data_Relay,Pupil_Data_Relay,loop,30,0.17570266888166466,0.04983092878163369,0.09514298290014267,0.26919401716440916,0.25219208328053355,72.30881710614388,869325.917946006,869326.921395253
world,Pupil_Data_Relay,Pupil_Data_Relay,loop,30,0.16567115283881625,0.06909628487989569,0.07040298078209162,0.2971629146486521,0.2803547831717878,72.48191592516378,869326.921395253,869327.925846105
world,Pupil_Data_Relay,Pupil_Data_Relay,loop,30,0.19369578221812844,0.07347407455265587,0.11496793013066053,0.48136990517377853,0.2764388103969395,72.60757553158328,869327.925846105,869328.93395962
world,Pupil_Data_Relay,Pupil_Data_Relay,loop,30,0.19582917060082158,0.05957169410744726,0.09483203757554293,0.34094403963536024,0.287606508936733,72.54845857387409,869328.93395962,869329.937694855
world,Pupil_Data_Relay,Pupil_Data_Relay,loop,30,0.20131293373803297,0.07699615838490129,0.0778780085965991,0.3852230729535222,0.33227186650037754,72.66053113077457,869329.937694855,869330.941566483
world,Pupil_Data_Relay,Pupil_Data_Relay,loop,30,0.20403959788382053,0.06587927744180043,0.09375507943332195,0.3390240017324686,0.29666498303413386,72.68553800337638,869330.941566483,869331.950517309
world,Pupil_Data_Relay,Pupil_Data_Relay,loop,30,0.16434021526947618,0.08225947185898273,0.004236935637891293,0.3213550662621856,0.29282920877449203,74.05192599787067,869331.950517309,869332.954904336
world,Pupil_Data_Relay,Pupil_Data_Relay,loop,30,0.1797665337411066,0.048310422086978395,0.10870106052607298,0.26972300838679075,0.2554433071054518,72.81615793472156,869332.954904336,869333.957471326
world,Pupil_Data_Relay,Pupil_Data_Relay,loop,30,0.21617344270149866,0.05967800766764871,0.10094302706420422,0.364279025234282,0.30529649229720235,72.79508207381393,869333.957471326,869334.966618431
world,Pupil_Data_Relay,Pupil_Data_Relay,loop,26,0.21208211994515017,0.06591841969344459,0.04066398832947016,0.30681199859827757,0.29753943090327084,73.87547888972152,869334.966618431,869335.970510821
world,Pupil_Data_Relay,Pupil_Data_Relay,loop,30,0.2100244009246429,0.0653186016011199,0.07601396646350622,0.3517789300531149,0.33461331622675056,73.0297419979858,869335.970510821,869336.975238952
world,Pupil_Data_Relay,Pupil_Data_Relay,loop,30,0.20803605439141393,0.06820589628491378,0.09068602230399847,0.325902015902102,0.31286118901334703,72.922501169766,869336.975238952,869337.982634126
world,Pupil_Data_Relay,Pupil_Data_Relay,loop,30,0.20237628680964312,0.06543063882538006,0.08314591832458973,0.3098869929090142,0.3034106979612261,72.91608022060245,869337.982634126,869338.985659975
world,Pupil_Data_Relay,Pupil_Data_Relay,loop,29,0.17802888961059266,0.08038271930610025,0.0380129786208272,0.31129701528698206,0.2943741856142878,73.17530314020556,869338.985659975,869339.990422109
world,Pupil_Data_Relay,Pupil_Data_Relay,loop,30,0.19847646666069826,0.052703050656588986,0.10711199138313532,0.32247602939605713,0.2822073292918503,73.10822182723011,869339.990422109,869340.998247738
world,Pupil_Data_Relay,Pupil_Data_Relay,loop,30,0.19320459881176552,0.071878924643296,0.06542203482240438,0.31014997512102127,0.3036469395738095,73.06236174190417,869340.998247738,869342.001338747
world,Pupil_Data_Relay,Pupil_Data_Relay,loop,30,0.20694710159053406,0.05944688055016858,0.053197029046714306,0.3207910340279341,0.2870008815079927,73.01878115783136,869342.001338747,869343.008645534
world,Fixation_Detector,Fixation_Detector,loop,30,0.004252337384968996,0.0007578607230278253,0.0025439076125621796,0.005481066182255745,0.005015265196561813,70.80501564390336,869292.74118632,869293.743657207
world,Fixation_Detector,Fixation_Detector,loop,30,0.004187431962539752,0.0007997897858156981,0.00272504985332489,0.005202018655836582,0.005063024582341313,70.86095876293257,869293.743657207,869294.751738501
world,Fixation_Detector,Fixation_Detector,loop,30,0.003976933658123016,0.0007879550623874782,0.0027118949219584465,0.005053007043898106,0.004936318146064877,70.90806846972555,869294.751738501,869295.755357339
world,Fixation_Detector,Fixation_Detector,loop,30,0.003721630976845821,0.0006871945603449679,0.002230983227491379,0.005475012585520744,0.004881579661741852,70.77644339296967,869295.755357339,869296.759389
world,Fixation_Detector,Fixation_Detector,loop,30,0.003871538986762365,0.0009219325321027437,0.002435990609228611,0.005717040039598942,0.005612010136246681,70.82281353650615,869296.759389,869297.763404792
world,Fixation_Detector,Fixation_Detector,loop,30,0.0031365004057685533,0.0007303528474840875,0.0023079337552189827,0.005307025276124477,0.004129414446651936,70.99773053390284,869297.763404792,869298.771432168
world,Fixation_Detector,Fixation_Detector,loop,30,0.00813264244546493,0.003946983720562437,0.0023460015654563904,0.014480086974799633,0.01427179086022079,71.2719536270015,869298.771432168,869299.776782257
world,Fixation_Detector,Fixation_Detector,loop,30,0.011111877392977476,0.0026521941885856467,0.005649984814226627,0.016886042430996895,0.014232628745958206,71.58719372625153,869299.776782257,869300.781284329
world,Fixation_Detector,Fixation_Detector,loop,30,0.010651497480769953,0.0025869465791643316,0.0053299590945243835,0.016255071386694908,0.01419591717422008,71.58942624616127,869300.781284329,869301.788698703
world,Fixation_Detector,Fixation_Detector,loop,30,0.009012517208854357,0.006033134176259752,0.0031189993023872375,0.03641902003437281,0.013193098129704595,71.34501237887889,869301.788698703,869302.793600809
world,Fixation_Detector,Fixation_Detector,loop,30,0.010749204860379299,0.006334420313705185,0.003579072654247284,0.04183000419288874,0.013796199345961211,71.66997937407966,869302.793600809,869303.796687979
world,Fixation_Detector,Fixation_Detector,loop,30,0.006651556274543206,0.005220710448999452,0.002729007974267006,0.027136062271893024,0.01362046459689736,71.45003913125645,869303.796687979,869304.804045431
world,Fixation_Detector,Fixation_Detector,loop,30,0.004195794463157654,0.0009081316361649278,0.002476968802511692,0.006949063390493393,0.005129893543198705,71.21924009018888,869304.804045431,869305.807747002
world,Fixation_Detector,Fixation_Detector,loop,30,0.005900782222549121,0.0035706216040538473,0.0023740576580166817,0.01912401057779789,0.012164487270638338,71.84432307258248,869305.807747002,869306.812524629
world,Fixation_Detector,Fixation_Detector,loop,30,0.009299469335625568,0.0032167453020169154,0.0037370482459664345,0.013756914995610714,0.01356850261799991,71.65542992685612,869306.812524629,869307.820905168
world,Fixation_Detector,Fixation_Detector,loop,30,0.008806966555615267,0.0032699145097328207,0.003727036528289318,0.013470067642629147,0.013325922191143036,71.74826653984685,869307.820905168,869308.825269347
world,Fixation_Detector,Fixation_Detector,loop,30,0.010435190051794052,0.004808337911136798,0.003702007234096527,0.028672977350652218,0.014517316594719885,71.8057121654662,869308.825269347,869309.830025367
world,Fixation_Detector,Fixation_Detector,loop,30,0.0073151662945747375,0.003855886752129836,0.0030490336939692497,0.016781967133283615,0.015079783042892808,71.73015609926854,869309.830025367,869310.83750774
world,Fixation_Detector,Fixation_Detector,loop,30,0.007544663579513629,0.0032866992890266287,0.002993037924170494,0.0138930045068264,0.01306004705838859,71.87678318005055,869310.83750774,869311.840792032
world,Fixation_Detector,Fixation_Detector,loop,30,0.009031100974728664,0.004221359603654416,0.004130997695028782,0.02091703936457634,0.015915639232844107,71.87078680144623,869311.840792032,869312.844499977
world,Fixation_Detector,Fixation_Detector,loop,30,0.008604842393348614,0.003901372529960808,0.0028690556064248085,0.01683004666119814,0.01489713322371244,71.97521590472509,869312.844499977,869313.854314781
world,Fixation_Detector,Fixation_Detector,loop,30,0.008620399360855421,0.003484128035749727,0.0035080593079328537,0.014147022739052773,0.01380236935801804,72.08574527176097,869313.854314781,869314.857837991
world,Fixation_Detector,Fixation_Detector,loop,30,0.007595389615744352,0.003443765017557147,0.00299699604511261,0.014415010809898376,0.013504672097042203,71.89849217344697,869314.857837991,869315.860472254
world,Fixation_Detector,Fixation_Detector,loop,30,0.009109464008361101,0.002987685562387608,0.002391054295003414,0.014772987924516201,0.013716483954340218,72.18995780761664,869315.860472254,869316.870573222
world,Fixation_Detector,Fixation_Detector,loop,30,0.007845573903371891,0.0035633722810473607,0.0031921081244945526,0.016527948901057243,0.013842643238604065,71.88911047220851,869316.870573222,869317.87247921
world,Fixation_Detector,Fixation_Detector,loop,30,0.010726635809987783,0.002962045487027203,0.0040529994294047356,0.015596975572407246,0.01484940876252949,72.10986238593857,869317.87247921,869318.877945592
world,Fixation_Detector,Fixation_Detector,loop,30,0.010745836577067772,0.0032201750584329317,0.004110042937099934,0.016733072698116302,0.015467812772840258,72.4305695310856,869318.877945592,869319.886148207
world,Fixation_Detector,Fixation_Detector,loop,30,0.011042202822864056,0.0028556586483013545,0.006360001862049103,0.020178034901618958,0.014038337394595143,72.38834113425885,869319.886148207,869320.890422532
world,Fixation_Detector,Fixation_Detector,loop,30,0.010973059882720312,0.0025942342294749204,0.005076988600194454,0.015033991076052189,0.014069105964154005,72.35286614159122,869320.890422532,869321.895040242
world,Fixation_Detector,Fixation_Detector,loop,30,0.010911794379353523,0.0022881357098267566,0.00651506707072258,0.014224904589354992,0.013796507846564053,72.52586303511634,869321.895040242,869322.902815881
world,Fixation_Detector,Fixation_Detector,loop,30,0.010456261225044727,0.0028881615080687444,0.004140078090131283,0.01486495602875948,0.01431552809663117,72.35296809424956,869322.902815881,869323.90671554
world,Fixation_Detector,Fixation_Detector,loop,30,0.010329671204090118,0.002869960533031134,0.004100962541997433,0.015598023310303688,0.014421815285459157,72.4260498653166,869323.90671554,869324.910294932
world,Fixation_Detector,Fixation_Detector,loop,30,0.010732239267478386,0.004408889729867371,0.0027440255507826805,0.02840394154191017,0.01469126436859369,72.69270893108721,869324.910294932,869325.918921376
world,Fixation_Detector,Fixation_Detector,loop,30,0.010495900642126799,0.00519591277695739,0.005787936970591545,0.03540702164173126,0.013606541324406862,72.33714267301063,869325.918921376,869326.921630276
world,Fixation_Detector,Fixation_Detector,loop,30,0.00886388976747791,0.00314937391419715,0.004205037839710712,0.014442019164562225,0.013618415687233208,72.52223413670436,869326.921630276,869327.926515154
world,Fixation_Detector,Fixation_Detector,loop,30,0.011011422611773014,0.005138958000685912,0.0062909675762057304,0.03476894926279783,0.01597803202457725,72.64816233267386,869327.926515154,869328.934508914
world,Fixation_Detector,Fixation_Detector,loop,30,0.011765805538743734,0.0110342479815789,0.0060729216784238815,0.06992102134972811,0.013480818597599862,72.58557560077558,869328.934508914,869329.938084994
world,Fixation_Detector,Fixation_Detector,loop,30,0.010620313696563244,0.0037044363770001856,0.00510108657181263,0.02256303559988737,0.014407210983335968,72.69125180707003,869329.938084994,869330.941828637
world,Fixation_Detector,Fixation_Detector,loop,30,0.010565738193690777,0.0029221225153582774,0.005570938810706139,0.015171011909842491,0.014432769967243074,72.72618747859572,869330.941828637,869331.951079426
world,Fixation_Detector,Fixation_Detector,loop,30,0.008885810772577921,0.0036488929747553103,0.0028169015422463417,0.015050987713038921,0.014038174413144585,74.09412963315845,869331.951079426,869332.95559331
world,Fixation_Detector,Fixation_Detector,loop,30,0.009531717902670303,0.002145848269747488,0.005910056643188,0.013778917491436005,0.013021356426179409,72.84306215588003,869332.95559331,869333.957666644
world,Fixation_Detector,Fixation_Detector,loop,30,0.011909675473968187,0.0037980139134085405,0.00568595714867115,0.026567024178802967,0.017333903815597282,72.84196021112923,869333.957666644,869334.967314537
world,Fixation_Detector,Fixation_Detector,loop,26,0.011718643900866691,0.006006892522719934,0.002924934960901737,0.037931022234261036,0.013897253666073084,73.91745996965955,869334.967314537,869335.970963099
world,Fixation_Detector,Fixation_Detector,loop,30,0.01039999770000577,0.0026894197279717026,0.0035210978239774704,0.01446995884180069,0.014080136315897107,73.07488189156477,869335.970963099,869336.975915763
world,Fixation_Detector,Fixation_Detector,loop,30,0.010476866737008095,0.0034305708408427344,0.005548936314880848,0.020144041627645493,0.014817313058301806,72.9614603992862,869336.975915763,869337.983121849
world,Fixation_Detector,Fixation_Detector,loop,30,0.010232639033347368,0.0029545655238667266,0.004508998245000839,0.015064957551658154,0.013936473987996578,72.9496039217338,869337.983121849,869338.985995944
world,Fixation_Detector,Fixation_Detector,loop,29,0.010286863283093634,0.005613872455735353,0.002969987690448761,0.03357604146003723,0.014350167475640774,73.2129587679459,869338.985995944,869339.990891995
world,Fixation_Detector,Fixation_Detector,loop,30,0.01628534325088064,0.031720274479097685,0.00568595714867115,0.1866569509729743,0.01449086121283471,73.15179192616294,869339.990891995,869340.998709026
world,Fixation_Detector,Fixation_Detector,loop,30,0.01049389053756992,0.0037569515046579423,0.0036420533433556557,0.021370011381804943,0.014030741294845937,73.08940649963915,869340.998709026,869342.001468282
world,Fixation_Detector,Fixation_Detector,loop,30,0.010659099401285252,0.002744224131295074,0.003580935299396515,0.013818033039569855,0.01350725069642067,73.11779752684136,869342.001468282,869343.010938452
world,ScreenMarkerChoreographyPlugin,ScreenMarkerChoreographyPlugin,loop,30,0.018709203383574884,0.0026306624886332907,0.013174954801797867,0.02358097117394209,0.021931627998128533,70.83301746364062,869292.741649881,869293.743828731
world,ScreenMarkerChoreographyPlugin,ScreenMarkerChoreographyPlugin,loop,30,0.018416934957106907,0.002718909857685001,0.01168902963399887,0.023104948922991753,0.021429406479001045,70.8886595016035,869293.743828731,869294.751916903
world,ScreenMarkerChoreographyPlugin,ScreenMarkerChoreographyPlugin,loop,30,0.01755075839658578,0.002993994617333664,0.010685063898563385,0.02114300150424242,0.02080844715237617,70.93150436024492,869294.751916903,869295.755429435
world,ScreenMarkerChoreographyPlugin,ScreenMarkerChoreographyPlugin,loop,30,0.015339464880526066,0.002974580149671933,0.00934000127017498,0.022941967472434044,0.019544659880921238,70.79726663650945,869295.755429435,869296.759464874
world,ScreenMarkerChoreographyPlugin,ScreenMarkerChoreographyPlugin,loop,30,0.016994176742931206,0.004236656405576544,0.009560957551002502,0.025314977392554283,0.02431313623674214,70.84532723917316,869296.759464874,869297.76347456
world,ScreenMarkerChoreographyPlugin,ScreenMarkerChoreographyPlugin,loop,30,0.012665630007783571,0.002332913370006156,0.009511015377938747,0.018894905224442482,0.01674125669524073,71.01524093886837,869297.76347456,869298.771504904
world,ScreenMarkerChoreographyPlugin,ScreenMarkerChoreographyPlugin,loop,30,0.030278810299932957,0.013550940254760497,0.010677962563931942,0.059681013226509094,0.053839711472392075,71.32205737289041,869298.771504904,869299.777204462
world,ScreenMarkerChoreographyPlugin,ScreenMarkerChoreographyPlugin,loop,30,0.03916099667549133,0.009093684821342705,0.020351959392428398,0.06020604632794857,0.05395697662606835,71.6498301558507,869299.777204462,869300.781731528
world,ScreenMarkerChoreographyPlugin,ScreenMarkerChoreographyPlugin,loop,30,0.03820016669730345,0.010631017574418738,0.01851399429142475,0.07008097600191832,0.058758247178047875,71.64494906319305,869300.781731528,869301.788954776
world,ScreenMarkerChoreographyPlugin,ScreenMarkerChoreographyPlugin,loop,30,0.0319226256882151,0.012337165003627339,0.0169089762493968,0.062071019783616066,0.057329976698383675,71.39692126462857,869301.788954776,869302.794046244
world,ScreenMarkerChoreographyPlugin,ScreenMarkerChoreographyPlugin,loop,30,0.03748640495662888,0.01329432044632746,0.019668019376695156,0.0760350376367569,0.061001983704045394,71.72530742827803,869302.794046244,869303.796952079
world,ScreenMarkerChoreographyPlugin,ScreenMarkerChoreographyPlugin,loop,30,0.025214099635680515,0.011409826363058803,0.01511105801910162,0.05093705840408802,0.047299615107476704,71.48659120236213,869303.796952079,869304.804222718
world,ScreenMarkerChoreographyPlugin,ScreenMarkerChoreographyPlugin,loop,30,0.019245140720158815,0.003643094584887687,0.008713919669389725,0.02698507159948349,0.02392151509411633,71.24459225451574,869304.804222718,869305.807826532
world,ScreenMarkerChoreographyPlugin,ScreenMarkerChoreographyPlugin,loop,30,0.023101968690752983,0.011139777510685156,0.009568990208208561,0.06261502858251333,0.044948229333385784,71.87864747053634,869305.807826532,869306.812733711
world,ScreenMarkerChoreographyPlugin,ScreenMarkerChoreographyPlugin,loop,30,0.03510877722874284,0.014457237795487079,0.01613306812942028,0.08679600432515144,0.05817919736728068,71.7068312340416,869306.812733711,869307.82115899
world,ScreenMarkerChoreographyPlugin,ScreenMarkerChoreographyPlugin,loop,30,0.03299740298340718,0.010733275076227282,0.018434016965329647,0.05825702100992203,0.04795347922481596,71.79872094032665,869307.82115899,869308.825590422
world,ScreenMarkerChoreographyPlugin,ScreenMarkerChoreographyPlugin,loop,30,0.03708890484025081,0.011985060023731628,0.013262033462524414,0.05777901969850063,0.050636392552405596,71.87682852769892,869308.825590422,869309.830698027
world,ScreenMarkerChoreographyPlugin,ScreenMarkerChoreographyPlugin,loop,30,0.02558000075320403,0.01209095589572279,0.011338968761265278,0.05559390410780907,0.04888145485892892,71.76893571546923,869309.830698027,869310.837719383
world,ScreenMarkerChoreographyPlugin,ScreenMarkerChoreographyPlugin,loop,30,0.029269547667354345,0.011134306303620167,0.011567026376724243,0.04985893610864878,0.04736911505460739,71.92373157401259,869310.837719383,869311.841148094
world,ScreenMarkerChoreographyPlugin,ScreenMarkerChoreographyPlugin,loop,30,0.03216793993487954,0.013711459798268575,0.014944002032279968,0.07580406963825226,0.048879580572247505,71.91652866313234,869311.841148094,869312.844661389
world,ScreenMarkerChoreographyPlugin,ScreenMarkerChoreographyPlugin,loop,30,0.030197300172100466,0.013487099257125656,0.011548050679266453,0.0699149677529931,0.05217944271862505,72.02860823987673,869312.844661389,869313.854806309
world,ScreenMarkerChoreographyPlugin,ScreenMarkerChoreographyPlugin,loop,30,0.031223373177150886,0.01155477525186813,0.015354016795754433,0.05005602724850178,0.04845658550038934,72.13176401952903,869313.854806309,869314.858016607
world,ScreenMarkerChoreographyPlugin,ScreenMarkerChoreographyPlugin,loop,30,0.02856666687875986,0.012260837672224509,0.012647942639887333,0.051212962716817856,0.048278417671099305,71.9370947452262,869314.858016607,869315.860560477
world,ScreenMarkerChoreographyPlugin,ScreenMarkerChoreographyPlugin,loop,30,0.03235370386391878,0.010372264877691544,0.010316027328372002,0.05349703133106232,0.0524128321558237,72.24179569554205,869315.860560477,869316.87092878
world,ScreenMarkerChoreographyPlugin,ScreenMarkerChoreographyPlugin,loop,30,0.03050632852440079,0.012589052267461454,0.016733072698116302,0.06915698759257793,0.053432659478858086,71.9290119013749,869316.87092878,869317.8725592
world,ScreenMarkerChoreographyPlugin,ScreenMarkerChoreographyPlugin,loop,30,0.038816488813608885,0.011273157732194174,0.018725055269896984,0.06562599446624517,0.0572479562833905,72.16710979895045,869317.8725592,869318.878228077
world,ScreenMarkerChoreographyPlugin,ScreenMarkerChoreographyPlugin,loop,30,0.03750635078176856,0.010022848717202118,0.014330027624964714,0.055699958465993404,0.04859187756665051,72.49547303654253,869318.878228077,869319.886708232
world,ScreenMarkerChoreographyPlugin,ScreenMarkerChoreographyPlugin,loop,30,0.038427572386960186,0.008916013275310676,0.02323498483747244,0.06293808110058308,0.05245860666036604,72.46920532779768,869319.886708232,869320.891440007
world,ScreenMarkerChoreographyPlugin,ScreenMarkerChoreographyPlugin,loop,30,0.03803117821613947,0.008705477703371156,0.021210056729614735,0.05123403389006853,0.049219414358958595,72.42167464767893,869320.891440007,869321.895703923
world,ScreenMarkerChoreographyPlugin,ScreenMarkerChoreographyPlugin,loop,30,0.03827839779357115,0.007730399935028719,0.024031964130699635,0.048576039262115955,0.047484011156484485,72.59493646367143,869321.895703923,869322.903477867
world,ScreenMarkerChoreographyPlugin,ScreenMarkerChoreographyPlugin,loop,30,0.0375867278004686,0.008822803509819815,0.01775100827217102,0.051129027269780636,0.04812099505215883,72.41817663113277,869322.903477867,869323.907291674
world,ScreenMarkerChoreographyPlugin,ScreenMarkerChoreographyPlugin,loop,30,0.036567329273869596,0.01183745240326633,0.016881036572158337,0.07900805212557316,0.05392607999965548,72.48534523726751,869323.907291674,869324.91073751
world,ScreenMarkerChoreographyPlugin,ScreenMarkerChoreographyPlugin,loop,30,0.035263303046425186,0.009683352374093172,0.011202995665371418,0.048735993914306164,0.04613316850736737,72.75982135906816,869324.91073751,869325.919636202
world,ScreenMarkerChoreographyPlugin,ScreenMarkerChoreographyPlugin,loop,30,0.03355110917861263,0.007889556752236189,0.021371059119701385,0.05509902257472277,0.04400312900543213,72.38635234922792,869325.919636202,869326.921851283
world,ScreenMarkerChoreographyPlugin,ScreenMarkerChoreographyPlugin,loop,30,0.03121046271796028,0.011392210473195073,0.016757985576987267,0.06810901686549187,0.04495530156418681,72.58076703874394,869326.921851283,869327.927136346
world,ScreenMarkerChoreographyPlugin,ScreenMarkerChoreographyPlugin,loop,30,0.037171043610821165,0.012397906849830907,0.022571999579668045,0.07732503581792116,0.06308294832706451,72.71042046680425,869327.927136346,869328.935042606
world,ScreenMarkerChoreographyPlugin,ScreenMarkerChoreographyPlugin,loop,30,0.03660745763530334,0.011303683044990654,0.02008106093853712,0.06651598960161209,0.054093042854219675,72.64829507330433,869328.935042606,869329.938463748
world,ScreenMarkerChoreographyPlugin,ScreenMarkerChoreographyPlugin,loop,30,0.03622908843681216,0.011097870415462594,0.016837031580507755,0.06247195415198803,0.05302740610204636,72.74515085931246,869329.938463748,869330.942093465
world,ScreenMarkerChoreographyPlugin,ScreenMarkerChoreographyPlugin,loop,30,0.03961464390158653,0.013365470055524376,0.020626001060009003,0.06972299888730049,0.06505701458081603,72.78751193468149,869330.942093465,869331.951447224
world,ScreenMarkerChoreographyPlugin,ScreenMarkerChoreographyPlugin,loop,30,0.03230365691706538,0.011921480541347573,0.013103941455483437,0.054141972213983536,0.04946290864609182,74.15565435852234,869331.951447224,869332.956280311
world,ScreenMarkerChoreographyPlugin,ScreenMarkerChoreographyPlugin,loop,30,0.03412144724279642,0.0073236554697086904,0.021603074856102467,0.04663900472223759,0.046402227599173784,72.89166842820123,869332.956280311,869333.957864181
world,ScreenMarkerChoreographyPlugin,ScreenMarkerChoreographyPlugin,loop,30,0.03768640259901682,0.007451029933900849,0.020197010599076748,0.05024799611419439,0.04697772092185914,72.91006322484463,869333.957864181,869334.967978535
world,ScreenMarkerChoreographyPlugin,ScreenMarkerChoreographyPlugin,loop,26,4.617051109492492,7.4070352616735855,0.02460600808262825,35.120618995279074,11.381070245988667,78.56386097577902,869334.967978535,869335.980028181
world,ScreenMarkerChoreographyPlugin,ScreenMarkerChoreographyPlugin,loop,30,11.36026947448651,5.433630198558787,5.244262982159853,33.78729207906872,18.680950085399672,84.4654805609025,869335.980028181,869336.987926307
world,ScreenMarkerChoreographyPlugin,ScreenMarkerChoreographyPlugin,loop,30,15.041726493897537,4.8985242937709215,6.167154060676694,31.85703093186021,21.138101699762036,88.02745279002313,869336.987926307,869337.989671621
world,ScreenMarkerChoreographyPlugin,ScreenMarkerChoreographyPlugin,loop,30,11.210278995955983,5.437942257843492,3.3925820607692003,25.825830060057342,21.637928689597175,84.1851977010568,869337.989671621,869338.995302363
world,ScreenMarkerChoreographyPlugin,ScreenMarkerChoreographyPlugin,loop,29,18.95106355017372,10.784835221578893,6.66519405785948,70.5106440000236,26.54946020338683,92.19105015428543,869338.995302363,869340.001061436
world,ScreenMarkerChoreographyPlugin,ScreenMarkerChoreographyPlugin,loop,30,10.808473449045172,3.8902798548788495,5.462239030748606,20.142492023296654,18.006436713039875,83.9869123379079,869340.001061436,869341.017069102
world,ScreenMarkerChoreographyPlugin,ScreenMarkerChoreographyPlugin,loop,31,14.502473708782945,3.416131483253528,6.047051982022822,20.298500079661608,18.647904507815838,87.56880259006134,869341.017069102,869342.042203406
world,ScreenMarkerChoreographyPlugin,ScreenMarkerChoreographyPlugin,loop,30,10.887452242119858,5.357753146679151,4.814855987206101,30.23666492663324,18.623294297140085,84.17530743948494,869342.042203406,869343.050557899
world,System_Graphs,System_Graphs,loop,30,0.02117693657055497,0.03490638701463271,0.0024330802261829376,0.09904906619340181,0.09747974690981209,70.88008057326078,869292.742054766,869293.743995699
world,System_Graphs,System_Graphs,loop,30,0.021715105200807255,0.036515982173670435,0.0024239998310804367,0.10441802442073822,0.10155129129998385,70.92617289551224,869293.743995699,869294.752093249
world,System_Graphs,System_Graphs,loop,30,0.020088270927468937,0.03380886814004148,0.0019799917936325073,0.10118097998201847,0.09882343001663685,70.96358605970939,869294.752093249,869295.755497675
world,System_Graphs,System_Graphs,loop,30,0.01792644616216421,0.03038659975189569,0.001952052116394043,0.09661109652370214,0.08925250731408592,70.83215304495145,869295.755497675,869296.759561477
world,System_Graphs,System_Graphs,loop,30,0.021215442878504593,0.036883043386348756,0.0020259758457541466,0.10931200813502073,0.10317186824977395,70.88470673188567,869296.759561477,869297.763554493
world,System_Graphs,System_Graphs,loop,30,0.016841094475239515,0.029110244353853416,0.00199698843061924,0.09141105692833662,0.08105573360808187,71.04163819846387,869297.763554493,869298.771572388
world,System_Graphs,System_Graphs,loop,30,0.03372210000331203,0.060596984460498,0.0020649749785661697,0.256334082223475,0.1597436785232274,71.39578565644722,869298.771572388,869299.777656115
world,System_Graphs,System_Graphs,loop,30,0.05578268707419435,0.09348994622371357,0.004661967977881432,0.26409002020955086,0.2601777552627027,71.7509393619063,869299.777656115,869300.782175062
world,System_Graphs,System_Graphs,loop,30,0.06380297321205337,0.10973106249248883,0.004768022336065769,0.3671449376270175,0.30336845666170115,71.74463280243799,869300.782175062,869301.789256578
world,System_Graphs,System_Graphs,loop,30,0.036028660057733454,0.06425064175597602,0.0026100315153598785,0.24725997354835272,0.1926198776345699,71.46553572965786,869301.789256578,869302.794453418
world,System_Graphs,System_Graphs,loop,30,0.06097097648307681,0.10739102651033823,0.0030959490686655045,0.3469589864835143,0.2874297846574336,71.82096894442414,869302.794453418,869303.797220353
world,System_Graphs,System_Graphs,loop,30,0.029474124312400818,0.05559711517999175,0.0025599729269742966,0.22094498854130507,0.15612568822689324,71.53761878532048,869303.797220353,869304.80439425
world,System_Graphs,System_Graphs,loop,30,0.020553404465317726,0.0341000154416716,0.0021440209820866585,0.0985549995675683,0.09585506631992757,71.2775594399621,869304.80439425,869305.807896932
world,System_Graphs,System_Graphs,loop,30,0.029758720969160397,0.05587071768175109,0.002115964889526367,0.20320096518844366,0.172235583886504,71.9282994667689,869305.807896932,869306.812948987
world,System_Graphs,System_Graphs,loop,30,0.04459160069624583,0.0787370643744779,0.003147055394947529,0.2589550567790866,0.2351714356336742,71.78984434576705,869306.812948987,869307.821396614
world,System_Graphs,System_Graphs,loop,30,0.0371512685281535,0.06313633343119045,0.002942979335784912,0.22497004829347134,0.19258657121099526,71.86982129933313,869307.821396614,869308.825875957
world,System_Graphs,System_Graphs,loop,30,0.1343059392335514,0.46155366124287717,0.003105960786342621,2.569854026660323,0.2912227238994091,72.05871300927053,869308.825875957,869309.83137668
world,System_Graphs,System_Graphs,loop,30,0.026159236828486126,0.03914410381186881,0.0025460030883550644,0.11273904237896204,0.11237510479986668,71.81782675907016,869309.83137668,869310.837862831
world,System_Graphs,System_Graphs,loop,30,0.04133426118642092,0.07777592839773045,0.0027939677238464355,0.29178697150200605,0.2210408099927004,71.99238456863289,869310.837862831,869311.841396168
world,System_Graphs,System_Graphs,loop,30,0.042123906314373016,0.07152662602291894,0.0035210978239774704,0.25782501325011253,0.20506725413724775,71.98619567013036,869311.841396168,869312.84481804
world,System_Graphs,System_Graphs,loop,30,0.04427417879924178,0.08218021540418534,0.002559041604399681,0.3177729668095708,0.23788381949998394,72.11249686855201,869312.84481804,869313.855374124
world,System_Graphs,System_Graphs,loop,30,0.03719546366482973,0.05939357005637642,0.0033230753615498543,0.2179240109398961,0.16744626336731,72.1984128234908,869313.855374124,869314.858189486
world,System_Graphs,System_Graphs,loop,30,0.029274200399716694,0.04669045687718351,0.002945074811577797,0.16728299669921398,0.13307968620210886,71.98862490865092,869314.858189486,869315.86064968
world,System_Graphs,System_Graphs,loop,30,0.05126276519149542,0.09188636917257005,0.002108979970216751,0.31409994699060917,0.27308970456942905,72.32591662711154,869315.86064968,869316.87124577
world,System_Graphs,System_Graphs,loop,30,0.03464441979303956,0.06422735703003814,0.002959044650197029,0.2500200644135475,0.18660783534869518,71.99937003897503,869316.87124577,869317.872631427
world,System_Graphs,System_Graphs,loop,30,0.05545216457297405,0.09800964571067619,0.0032599782571196556,0.37601706571877,0.2624233486130831,72.25941809592769,869317.872631427,869318.878538408
world,System_Graphs,System_Graphs,loop,30,0.06325263918067019,0.10936469789443301,0.004559056833386421,0.306322006508708,0.29611099162139,72.60752568642299,869318.878538408,869319.88731716
world,System_Graphs,System_Graphs,loop,30,0.05416300458212694,0.09158111015917518,0.006176996976137161,0.3026879858225584,0.25040464242920263,72.56832093698904,869319.88731716,869320.89198739
world,System_Graphs,System_Graphs,loop,30,0.05863553378731012,0.1009602683252929,0.004486064426600933,0.31937798485159874,0.291746383300051,72.52991644199938,869320.89198739,869321.896375369
world,System_Graphs,System_Graphs,loop,30,0.05332372384145856,0.09192321409841367,0.006019952706992626,0.31557190231978893,0.2690570778213439,72.69088776083663,869321.896375369,869322.903951415
world,System_Graphs,System_Graphs,loop,30,0.06088004835570852,0.10733342595680763,0.0038659200072288513,0.3446280024945736,0.3158265433739871,72.5216265884228,869322.903951415,869323.907770576
world,System_Graphs,System_Graphs,loop,30,0.050806894432753325,0.08442693599798212,0.003603985533118248,0.2754461020231247,0.2317059319466352,72.57654796897744,869323.907770576,869324.911182239
world,System_Graphs,System_Graphs,loop,30,0.05341569194570184,0.08934900608244326,0.0023329630494117737,0.2658609300851822,0.24848796892911193,72.8681167975689,869324.911182239,869325.920524159
world,System_Graphs,System_Graphs,loop,30,0.04625342941532532,0.07781859875900579,0.004902016371488571,0.2622590400278568,0.2249556651804594,72.46294113186498,869325.920524159,869326.922101728
world,System_Graphs,System_Graphs,loop,30,0.05327779799699783,0.09517529199622136,0.0032619573175907135,0.29680493753403425,0.26036593480966985,72.67008575533207,869326.922101728,869327.927583519
world,System_Graphs,System_Graphs,loop,30,0.051002445009847484,0.08786488774948015,0.005277106538414955,0.2844210248440504,0.2539556939154862,72.80446843554576,869327.927583519,869328.935594021
world,System_Graphs,System_Graphs,loop,30,0.0566273694857955,0.09552428313968653,0.0053209951147437096,0.28440693859010935,0.258377572754398,72.74393525440246,869328.935594021,869329.938838409
world,System_Graphs,System_Graphs,loop,30,0.05190796218812466,0.08625174076144138,0.003961031325161457,0.2975320676341653,0.2394230628851801,72.83053146287178,869329.938838409,869330.94234815
world,System_Graphs,System_Graphs,loop,30,0.04633511028562983,0.07911029585782514,0.0047049252316355705,0.28040504548698664,0.23381039500236495,72.87124333282311,869330.94234815,869331.951777861
world,System_Graphs,System_Graphs,loop,30,0.04782359270999829,0.08328740942856389,0.002360902726650238,0.27458497788757086,0.2340704551897942,74.24627471870433,869331.951777861,869332.956938141
world,System_Graphs,System_Graphs,loop,30,0.04549712951605519,0.07599726805231921,0.0056229764595627785,0.2456109505146742,0.21441276767291118,72.96744346385822,869332.956938141,869333.958060261
world,System_Graphs,System_Graphs,loop,30,0.05509291077032685,0.09028485172144514,0.004999921657145023,0.2729600528255105,0.2536016399972141,73.0135786657532,869333.958060261,869334.968661021
world,System_Graphs,System_Graphs,loop,26,0.048461235844745085,0.08321722029412629,0.003927038051187992,0.261512934230268,0.23963127750903368,78.66728304921148,869334.968661021,869335.980547762
world,System_Graphs,System_Graphs,loop,30,0.048143172170966864,0.08017934020068623,0.00404904130846262,0.2749679842963815,0.2294406353030352,84.57052836505075,869335.980547762,869336.988238237
world,System_Graphs,System_Graphs,loop,30,0.0507087679579854,0.09500621771671032,0.003738095983862877,0.33698801416903734,0.2878412837162612,88.12850109146287,869336.988238237,869337.990101383
world,System_Graphs,System_Graphs,loop,30,0.03756418979416291,0.06369612852434915,0.003322027623653412,0.2882119733840227,0.13716401299461722,84.27046843571588,869337.990101383,869338.995512168
world,System_Graphs,System_Graphs,loop,29,0.04360076152430526,0.0920547265457594,0.0024980399757623672,0.46349200420081615,0.17826117109507314,92.30392451141158,869338.995512168,869340.001933289
world,System_Graphs,System_Graphs,loop,30,0.04295836746071776,0.07441733839771116,0.003442983143031597,0.2839909866452217,0.20844214595854246,84.08217047496389,869340.001933289,869341.017341119
world,System_Graphs,System_Graphs,loop,31,0.04290553906391705,0.08302338001651001,0.0030079390853643417,0.30354608315974474,0.27116044657304883,87.67585103370008,869341.017341119,869342.043048335
world,System_Graphs,System_Graphs,loop,30,0.04802828965087732,0.08440344592555679,0.002538086846470833,0.2931300550699234,0.249744119355455,84.32320560095832,869342.043048335,869343.052211496
world,Display_Recent_Gaze,Display_Recent_Gaze,loop,30,0.0016732645841936271,0.00018715546831198857,0.001310952939093113,0.00215193722397089,0.001982721732929349,70.89024314967294,869292.742490376,869293.744151975
world,Display_Recent_Gaze,Display_Recent_Gaze,loop,30,0.0016851001419126987,0.00022184042014997514,0.001166015863418579,0.0020819716155529022,0.001950643490999937,70.93606659133609,869293.744151975,869294.752248503
world,Display_Recent_Gaze,Display_Recent_Gaze,loop,30,0.001688386934498946,0.00018761201510723293,0.00132701825350523,0.002007000148296356,0.001946027623489499,70.97040819547449,869294.752248503,869295.755559351
world,Display_Recent_Gaze,Display_Recent_Gaze,loop,30,0.0014711637049913406,0.00019378750668181614,0.0010950025171041489,0.001978944055736065,0.0016953679732978342,70.83857082373773,869295.755559351,869296.759623097
world,Display_Recent_Gaze,Display_Recent_Gaze,loop,30,0.0015635043382644653,0.0002590872486618777,0.0010780058801174164,0.002162996679544449,0.0020387349650263786,70.89106019896765,869296.759623097,869297.763617009
world,Display_Recent_Gaze,Display_Recent_Gaze,loop,30,0.0014059711247682571,0.00018236855679686686,0.0010869698598980904,0.0018159626051783562,0.0017367536202073093,71.04732266937692,869297.763617009,869298.771630725
world,Display_Recent_Gaze,Display_Recent_Gaze,loop,30,0.0032139825634658337,0.0015249245234907835,0.0009700888767838478,0.005513080395758152,0.005300866905599832,71.42034163698554,869298.771630725,869299.778133342
world,Display_Recent_Gaze,Display_Recent_Gaze,loop,30,0.004442078837503989,0.0009360283253779493,0.0025440240278840065,0.005961046554148197,0.005807232810184359,71.77647623078276,869299.778133342,869300.782566581
world,Display_Recent_Gaze,Display_Recent_Gaze,loop,30,0.004247218991319339,0.0008839605006151562,0.0024120090529322624,0.005783978849649429,0.005491927731782197,71.76605804124847,869300.782566581,869301.789519874
world,Display_Recent_Gaze,Display_Recent_Gaze,loop,30,0.003307091537863016,0.0014237401555983683,0.0014649704098701477,0.006997957825660706,0.005310057895258068,71.48068393192564,869301.789519874,869302.79464228
world,Display_Recent_Gaze,Display_Recent_Gaze,loop,30,0.004610822846492131,0.0033957444173976516,0.0018129358068108559,0.021741027012467384,0.006049155490472913,71.84131597168744,869302.79464228,869303.7974483
world,Display_Recent_Gaze,Display_Recent_Gaze,loop,30,0.002425501588732004,0.0014706841261010015,0.0010279472917318344,0.005746958777308464,0.004999939119443297,71.55010680047174,869303.7974483,869304.804550534
world,Display_Recent_Gaze,Display_Recent_Gaze,loop,30,0.0014608260244131088,0.0002860594463020555,0.0009529758244752884,0.001962995156645775,0.0019534723833203316,71.28409679668646,869304.804550534,869305.807955171
world,Display_Recent_Gaze,Display_Recent_Gaze,loop,30,0.0022752598548928895,0.0011868350794006102,0.0009710201993584633,0.0052299583330750465,0.004483963130041956,71.94161847388993,869305.807955171,869306.8131638
world,Display_Recent_Gaze,Display_Recent_Gaze,loop,30,0.003971275873482227,0.0021741149233853656,0.0013210810720920563,0.013345037586987019,0.00573890283703804,71.80916112847626,869306.8131638,869307.821608939
world,Display_Recent_Gaze,Display_Recent_Gaze,loop,30,0.0034820016783972583,0.001378032363626416,0.0013950048014521599,0.006171991117298603,0.00535807921551168,71.88807303706805,869307.821608939,869308.826126058
world,Display_Recent_Gaze,Display_Recent_Gaze,loop,30,0.0038383761420845985,0.0012927907020735584,0.0012239906936883926,0.006097019650042057,0.005365279503166676,72.09065892966464,869308.826126058,869309.831986254
world,Display_Recent_Gaze,Display_Recent_Gaze,loop,30,0.002842427541812261,0.0016391075704393875,0.0009940704330801964,0.008255010470747948,0.005602964665740727,71.8301313269573,869309.831986254,869310.837984583
world,Display_Recent_Gaze,Display_Recent_Gaze,loop,30,0.0030025645780066648,0.001306256192554185,0.0013279495760798454,0.005642999894917011,0.005341536598280072,72.00538037577644,869310.837984583,869311.841516492
world,Display_Recent_Gaze,Display_Recent_Gaze,loop,30,0.0032828616288801036,0.0013815284566807103,0.001491047441959381,0.005480949766933918,0.005414814222604036,72.00102236432333,869311.841516492,869312.844962311
world,Display_Recent_Gaze,Display_Recent_Gaze,loop,30,0.0033870417003830275,0.0018584070102722777,0.0013300450518727303,0.009406008757650852,0.006696104537695642,72.13929220645998,869312.844962311,869313.855822966
world,Display_Recent_Gaze,Display_Recent_Gaze,loop,30,0.003387631538013617,0.0013899446822428754,0.0016350531950592995,0.00578700564801693,0.005259574390947819,72.21463149956737,869313.855822966,869314.858346887
world,Display_Recent_Gaze,Display_Recent_Gaze,loop,30,0.0030331003169218698,0.0014116309134218396,0.0013129319995641708,0.00608398113399744,0.005417387001216411,72.00359213165939,869314.858346887,869315.860725591
world,Display_Recent_Gaze,Display_Recent_Gaze,loop,30,0.0036039273254573345,0.001162904595326002,0.001318054273724556,0.006309943273663521,0.005508674075827001,72.34493490929405,869315.860725591,869316.871486524
world,Display_Recent_Gaze,Display_Recent_Gaze,loop,30,0.0029299408197402954,0.0015632262199678359,0.001085922122001648,0.006583984941244125,0.006342091364786029,72.01010529727985,869316.871486524,869317.872693175
world,Display_Recent_Gaze,Display_Recent_Gaze,loop,30,0.0042470831734438734,0.001263842930285349,0.0016170088201761246,0.006794929504394531,0.006175093585625291,72.27929796014602,869317.872693175,869318.878769406
world,Display_Recent_Gaze,Display_Recent_Gaze,loop,30,0.004316994454711676,0.0011430759948797722,0.00186101533472538,0.0065159983932971954,0.005525402957573533,72.63903226315354,869318.878769406,869319.887878046
world,Display_Recent_Gaze,Display_Recent_Gaze,loop,30,0.00429754921545585,0.0008698733862818087,0.002708984538912773,0.005758018232882023,0.005529983900487423,72.59258700457092,869319.887878046,869320.892344956
world,Display_Recent_Gaze,Display_Recent_Gaze,loop,30,0.004423541637758414,0.0010863690679107523,0.0021400628611445427,0.005820067599415779,0.005758198676630855,72.5622768746689,869320.892344956,869321.896965832
world,Display_Recent_Gaze,Display_Recent_Gaze,loop,30,0.00431606313213706,0.0009006299390112317,0.002755899913609028,0.006000977009534836,0.005619367584586143,72.71542638773099,869321.896965832,869322.904284917
world,Display_Recent_Gaze,Display_Recent_Gaze,loop,30,0.004224269650876522,0.0010213552462861152,0.0016440171748399734,0.006143003702163696,0.005515088560059665,72.55028739261131,869322.904284917,869323.908254026
world,Display_Recent_Gaze,Display_Recent_Gaze,loop,30,0.004171300679445267,0.0011388775408777885,0.0017869751900434494,0.006756046786904335,0.006199500057846304,72.59775052079931,869323.908254026,869324.911442236
world,Display_Recent_Gaze,Display_Recent_Gaze,loop,30,0.00399036022524039,0.001150119940950388,0.0013799872249364853,0.005885027348995209,0.005357374902814627,72.89065049262717,869324.911442236,869325.920838227
world,Display_Recent_Gaze,Display_Recent_Gaze,loop,30,0.003914597133795421,0.0009670438177167793,0.0025549670681357384,0.005693989805877209,0.005376629997044801,72.48053600390752,869325.920838227,869326.922298649
world,Display_Recent_Gaze,Display_Recent_Gaze,loop,30,0.003457251780976852,0.0011433350033609473,0.0015640398487448692,0.005264999344944954,0.005041365511715412,72.69463596555094,869326.922298649,869327.927997962
world,Display_Recent_Gaze,Display_Recent_Gaze,loop,30,0.00401491221661369,0.0009288775542845357,0.002687913365662098,0.006318092346191406,0.005466531729325652,72.83319568959996,869327.927997962,869328.936119324
world,Display_Recent_Gaze,Display_Recent_Gaze,loop,30,0.0038644298911094666,0.0009335867857820158,0.0022259773686528206,0.005422043614089489,0.005027273437008262,72.77079500102748,869328.936119324,869329.939301925
world,Display_Recent_Gaze,Display_Recent_Gaze,loop,30,0.004173954948782921,0.001138674460761348,0.0021080486476421356,0.006127054803073406,0.0059727521147578955,72.85104566253722,869329.939301925,869330.942577874
world,Display_Recent_Gaze,Display_Recent_Gaze,loop,30,0.004154843433449666,0.0010162656544054846,0.002501998096704483,0.0055729178711771965,0.005296152085065842,72.89322539387892,869330.942577874,869331.952067711
world,Display_Recent_Gaze,Display_Recent_Gaze,loop,30,0.0036227982491254807,0.0013444660687844659,0.0011669471859931946,0.0060319434851408005,0.005733669968321919,74.27745782770216,869331.952067711,869332.957572592
world,Display_Recent_Gaze,Display_Recent_Gaze,loop,30,0.0038463156670331955,0.0008078334820075673,0.0025900080800056458,0.005388050340116024,0.005035958020016551,72.98387402358155,869332.957572592,869333.958225735
world,Display_Recent_Gaze,Display_Recent_Gaze,loop,30,0.00428389369820555,0.0008599818386173081,0.002319924533367157,0.005904003046452999,0.005300506018102169,73.0464507243596,869333.958225735,869334.969281126
world,Display_Recent_Gaze,Display_Recent_Gaze,loop,26,0.004202315512184913,0.001720729100941789,0.0011130468919873238,0.009295996278524399,0.006083922926336527,78.69820481685635,869334.969281126,869335.981021937
world,Display_Recent_Gaze,Display_Recent_Gaze,loop,30,0.0035721653451522193,0.001307710909350384,0.0015869736671447754,0.005893060006201267,0.005609000800177454,84.58909723752488,869335.981021937,869336.988405122
world,Display_Recent_Gaze,Display_Recent_Gaze,loop,30,0.0028956991930802665,0.0011690967626802392,0.0017189886420965195,0.005627982318401337,0.0053215480875223875,88.14889800269157,869336.988405122,869337.99039588
world,Display_Recent_Gaze,Display_Recent_Gaze,loop,30,0.0031072995625436306,0.0013307613445219112,0.0012399395927786827,0.005581998266279697,0.005295139271765947,84.28732806739087,869337.99039588,869338.995676991
world,Display_Recent_Gaze,Display_Recent_Gaze,loop,29,0.0030569700074606927,0.001516909828224148,0.0010040821507573128,0.006485031917691231,0.005471846088767051,92.33621914132402,869338.995676991,869340.002547936
world,Display_Recent_Gaze,Display_Recent_Gaze,loop,30,0.0033511780202388763,0.0013495027348421986,0.001550070010125637,0.007227994501590729,0.0052959308959543705,84.09944805704679,869340.002547936,869341.017490487
world,Display_Recent_Gaze,Display_Recent_Gaze,loop,31,0.0030551586420305313,0.0016604216503624217,0.0009419163689017296,0.005624024197459221,0.005478446837514639,87.7075293627117,869341.017490487,869342.043686665
world,Display_Recent_Gaze,Display_Recent_Gaze,loop,30,0.003323424607515335,0.0012807583616705556,0.0011168885976076126,0.0056639546528458595,0.005507143214344978,84.37095876627912,869342.043686665,869343.053276509
world,Blink_Detection,Blink_Detection,loop,30,0.004888954572379589,0.0007920067083133466,0.003235996700823307,0.00599701888859272,0.005877675721421838,70.90294546990965,869292.742848616,869293.744302862
world,Blink_Detection,Blink_Detection,loop,30,0.004844829284896453,0.0008310571782956513,0.0033190008252859116,0.0058889854699373245,0.005761883221566677,70.94855873923127,869293.744302862,869294.752402177
world,Blink_Detection,Blink_Detection,loop,30,0.004671040611962478,0.0008388259226008858,0.002802000381052494,0.0058140140026807785,0.005597103154286742,70.97962012048811,869294.752402177,869295.755617421
world,Blink_Detection,Blink_Detection,loop,30,0.004131552608062823,0.0006536207766800067,0.0027669593691825867,0.0053639523684978485,0.005197367863729596,70.84702539723366,869295.755617421,869296.759682591
world,Blink_Detection,Blink_Detection,loop,30,0.004270408923427264,0.0008508002954681046,0.00272202305495739,0.0060480087995529175,0.005903484998270869,70.89966320975994,869296.759682591,869297.763675531
world,Blink_Detection,Blink_Detection,loop,30,0.003623139734069506,0.0007064593765503618,0.0027979258447885513,0.005014939233660698,0.004866626113653182,71.05471413039292,869297.763675531,869298.771687902
world,Blink_Detection,Blink_Detection,loop,30,0.009323055079827705,0.005182803409154959,0.002771965228021145,0.02586201298981905,0.01568298321217298,71.44871042498077,869298.771687902,869299.77857541
world,Blink_Detection,Blink_Detection,loop,30,0.012483944495519003,0.002936584762973162,0.00623590312898159,0.01799105666577816,0.016269111074507233,71.80482242644455,869299.77857541,869300.78286268
world,Blink_Detection,Blink_Detection,loop,30,0.01284910443549355,0.0038145437234256225,0.006245099939405918,0.025138026103377342,0.018407381139695644,71.79830060728516,869300.78286268,869301.789782393
world,Blink_Detection,Blink_Detection,loop,30,0.00892820923278729,0.0036221800566867976,0.003890017978847027,0.015171011909842491,0.014497933443635702,71.500237340418,869301.789782393,869302.794826999
world,Blink_Detection,Blink_Detection,loop,30,0.011724870031078657,0.0038019766925116456,0.004124012775719166,0.019573955796658993,0.018130912212654945,71.86813715767737,869302.794826999,869303.797678362
world,Blink_Detection,Blink_Detection,loop,30,0.007082587884118159,0.004198012380590526,0.0034479890018701553,0.015265075489878654,0.01500032376497984,71.56636737054214,869303.797678362,869304.80470476
world,Blink_Detection,Blink_Detection,loop,30,0.004727994867910941,0.0009861765354116196,0.00254996120929718,0.006326008588075638,0.006099807796999811,71.2937021550412,869304.80470476,869305.808017947
world,Blink_Detection,Blink_Detection,loop,30,0.006469765988488992,0.003180699646755011,0.002683955244719982,0.015600002370774746,0.01256794785149395,71.95909328293055,869305.808017947,869306.813370799
world,Blink_Detection,Blink_Detection,loop,30,0.010965236773093542,0.0040796489213407805,0.0043800100684165955,0.022012973204255104,0.015910028014332056,71.83237073089306,869306.813370799,869307.821821765
world,Blink_Detection,Blink_Detection,loop,30,0.01044499222189188,0.00465145307616155,0.004043919034302235,0.02153799869120121,0.017804029630497094,71.91187459975481,869307.821821765,869308.826370924
world,Blink_Detection,Blink_Detection,loop,30,0.011180057966460785,0.0037106782670897837,0.004217028617858887,0.0173450680449605,0.016213260823860765,72.12834982589509,869308.826370924,869309.832594582
world,Blink_Detection,Blink_Detection,loop,30,0.008068361785262823,0.004240989890758113,0.003542983904480934,0.0192869920283556,0.016264052828773856,71.84676675824448,869309.832594582,869310.838110454
world,Blink_Detection,Blink_Detection,loop,30,0.009260396473109722,0.003962991054322235,0.003715045750141144,0.01673505175858736,0.016558036440983415,72.02329294523224,869310.838110454,869311.841634978
world,Blink_Detection,Blink_Detection,loop,30,0.00989093678072095,0.004099227975809114,0.00454694963991642,0.01748895738273859,0.016501161735504866,72.02147380060826,869311.841634978,869312.845110135
world,Blink_Detection,Blink_Detection,loop,30,0.01060547074303031,0.005132466979581615,0.0035350676625967026,0.021337997168302536,0.01956062042154371,72.17049114406109,869312.845110135,869313.856277587
world,Blink_Detection,Blink_Detection,loop,30,0.010265809639046589,0.004365489996821419,0.004232046194374561,0.01672899816185236,0.016561616212129593,72.23616294019546,869313.856277587,869314.858500694
world,Blink_Detection,Blink_Detection,loop,30,0.008994670740018288,0.004261043330970067,0.003378954716026783,0.018674996681511402,0.016854540444910526,72.02001769716541,869314.858500694,869315.860800167
world,Blink_Detection,Blink_Detection,loop,30,0.01044967599834005,0.003241323326052171,0.0031300587579607964,0.01677602995187044,0.01606004079803824,72.36868763963382,869315.860800167,869316.871716952
world,Blink_Detection,Blink_Detection,loop,30,0.008557007337609926,0.004142825611602271,0.0038370490074157715,0.01918699126690626,0.01596655347384512,72.02549196081236,869316.871716952,869317.872753384
world,Blink_Detection,Blink_Detection,loop,30,0.012237695045769215,0.003745446778741331,0.005264999344944954,0.0181649811565876,0.017693545669317245,72.30850686707224,869317.872753384,869318.879079397
world,Blink_Detection,Blink_Detection,loop,30,0.012445826238642136,0.004180212920327901,0.0059800222516059875,0.02767704427242279,0.015681900549679995,72.67589706849928,869318.879079397,869319.888419792
world,Blink_Detection,Blink_Detection,loop,30,0.01225301530212164,0.0027058229723472414,0.00781891867518425,0.017873011529445648,0.01569253508932888,72.61973530209313,869319.888419792,869320.892596693
world,Blink_Detection,Blink_Detection,loop,30,0.013274536468088627,0.004247373102725034,0.006554066203534603,0.025646062567830086,0.02047026064246891,72.60052956795941,869320.892596693,869321.897520758
world,Blink_Detection,Blink_Detection,loop,30,0.012129455960045258,0.0025820364878832306,0.007821014150977135,0.01555692870169878,0.015439570415765047,72.74464709529032,869321.897520758,869322.904593832
world,Blink_Detection,Blink_Detection,loop,30,0.012423947919160128,0.00483109605267816,0.005100970156490803,0.03259594086557627,0.016916333697736256,72.58372153155506,869322.904593832,869323.908693714
world,Blink_Detection,Blink_Detection,loop,30,0.012843497097492218,0.005722238425547758,0.0047120265662670135,0.0364440493285656,0.02002232940867542,72.62460599886253,869323.908693714,869324.911669413
world,Blink_Detection,Blink_Detection,loop,30,0.01194855043043693,0.003928295653524898,0.002964981831610203,0.02318399492651224,0.01577562652528286,72.91640809271485,869324.911669413,869325.921070884
world,Blink_Detection,Blink_Detection,loop,30,0.01179336104542017,0.005406186038126205,0.006743939593434334,0.035976991057395935,0.016897066961973895,72.50443485875924,869325.921070884,869326.922497601
world,Blink_Detection,Blink_Detection,loop,30,0.010243186261504889,0.004398711757376087,0.004931935109198093,0.026601948775351048,0.014637515414506197,72.72057250374928,869326.922497601,869327.928320374
world,Blink_Detection,Blink_Detection,loop,30,0.011452365045746168,0.0028762446770090864,0.00712007749825716,0.01698802225291729,0.015487510245293377,72.86900330024461,869327.928320374,869328.936651392
world,Blink_Detection,Blink_Detection,loop,30,0.011369345399240652,0.0025104395886783055,0.006261048838496208,0.0153400469571352,0.014869001461192966,72.80230910594885,869328.936651392,869329.939737868
world,Blink_Detection,Blink_Detection,loop,30,0.01278852578252554,0.005295276757196466,0.005733105354011059,0.02948299515992403,0.022964697564020732,72.87650970198835,869329.939737868,869330.942774184
world,Blink_Detection,Blink_Detection,loop,30,0.012926404209186634,0.005052398067899985,0.006088055670261383,0.032735057175159454,0.019223365234211077,72.92519363497074,869330.942774184,869331.952456095
world,Blink_Detection,Blink_Detection,loop,30,0.01082950426886479,0.004548590361088586,0.003628898411989212,0.022849999368190765,0.017555500380694863,74.31346072892968,869331.952456095,869332.958189699
world,Blink_Detection,Blink_Detection,loop,30,0.010826283444960913,0.0025306478525642436,0.006676069460809231,0.01560896635055542,0.015004328452050684,73.00588379148394,869332.958189699,869333.958393144
world,Blink_Detection,Blink_Detection,loop,30,0.01229133146504561,0.0024316980982954854,0.0065959757193923,0.01582200638949871,0.015374500071629882,73.08401202705379,869333.958393144,869334.969860701
world,Blink_Detection,Blink_Detection,loop,26,0.012435139909100074,0.0047650143703729,0.003897002898156643,0.026894034817814827,0.01621228875592351,78.7394847899962,869334.969860701,869335.981612748
world,Blink_Detection,Blink_Detection,loop,30,0.01591190230101347,0.03167588296970257,0.004471978172659874,0.1854350557550788,0.01563417026773095,84.61866005867098,869335.981612748,869336.98863021
world,Blink_Detection,Blink_Detection,loop,30,0.009103573393076658,0.005449637727200119,0.004222034476697445,0.03171397838741541,0.016139692161232233,88.16809945274144,869336.98863021,869337.990545404
world,Blink_Detection,Blink_Detection,loop,30,0.009207124821841717,0.0038189375329503754,0.0035410048440098763,0.015623983927071095,0.015136675210669637,84.30700519432624,869337.990545404,869338.995833718
world,Blink_Detection,Blink_Detection,loop,29,0.008558172026071054,0.00436127768719764,0.0028529902920126915,0.016794074326753616,0.016046222299337387,92.35868714187808,869338.995833718,869340.002804041
world,Blink_Detection,Blink_Detection,loop,30,0.009635374105225006,0.003808113619392685,0.004214001819491386,0.018161023035645485,0.015614792937412855,84.11953595544522,869340.002804041,869341.017623252
world,Blink_Detection,Blink_Detection,loop,31,0.008720356310086866,0.004492675898280219,0.0030690571293234825,0.015940051525831223,0.015464553143829107,87.73874374662316,869341.017623252,869342.044238357
world,Blink_Detection,Blink_Detection,loop,30,0.009784634069850048,0.0036746749175517743,0.002974993549287319,0.015844008885324,0.01566437422297895,84.41973413573578,869342.044238357,869343.054274654
world,Recorder,Recorder,loop,30,0.002803160653760036,0.004814729681853374,0.0011379597708582878,0.028642010875046253,0.002685363870114087,70.91434280931328,869292.743217981,869293.74447613
world,Recorder,Recorder,loop,30,0.002889408885190884,0.004902236683583411,0.0014640390872955322,0.029245042242109776,0.0024471955839544535,70.95974235174556,869293.74447613,869294.752577529
world,Recorder,Recorder,loop,30,0.002481734069685141,0.003102954581945414,0.0008719507604837418,0.0191020080819726,0.0023384985979646444,70.98719479593758,869294.752577529,869295.755693021
world,Recorder,Recorder,loop,30,0.0022292331171532473,0.00316408905304978,0.0009669456630945206,0.019156024791300297,0.0023526663426309824,70.85424113708238,869295.755693021,869296.759760489
world,Recorder,Recorder,loop,30,0.002601312007755041,0.003284681037696242,0.0010690419003367424,0.0199789647012949,0.0033064628951251485,70.90711999141301,869296.759760489,869297.763750214
world,Recorder,Recorder,loop,30,0.0020066043362021446,0.0032520150446164967,0.000993022695183754,0.0194240128621459,0.002301234053447841,71.06099780648947,869297.763750214,869298.771762631
world,Recorder,Recorder,loop,30,0.005742643649379413,0.012674117935745872,0.0011009396985173225,0.07352500688284636,0.005708244862034916,71.47676096453021,869298.771762631,869299.779141229
world,Recorder,Recorder,loop,30,0.006407239319135745,0.010622670554388735,0.002233893610537052,0.06333307828754187,0.006232253508642313,71.82910356593008,869299.779141229,869300.783211668
world,Recorder,Recorder,loop,30,0.00642031275977691,0.01020663642701452,0.0021900050342082977,0.061045982874929905,0.007261295104399318,71.82159173147132,869300.783211668,869301.790102171
world,Recorder,Recorder,loop,30,0.005139864515513182,0.008954297542907795,0.0017069978639483452,0.052983989007771015,0.005333358421921729,71.5179552944998,869301.790102171,869302.795078919
world,Recorder,Recorder,loop,30,0.006096976964424054,0.009445729403988202,0.002268003299832344,0.056491000577807426,0.007126020500436425,71.88958013042186,869302.795078919,869303.797944803
world,Recorder,Recorder,loop,30,0.0037637578013042607,0.00443481056671467,0.0016039703041315079,0.02642103936523199,0.006007630145177244,71.57996656994025,869303.797944803,869304.804878612
world,Recorder,Recorder,loop,30,0.002905967024465402,0.0034222373738188195,0.0009379582479596138,0.021136016584932804,0.003146071685478091,71.30193259799853,869304.804878612,869305.808094667
world,Recorder,Recorder,loop,30,0.004249772367378076,0.00935076119325025,0.0010480871424078941,0.054283998906612396,0.005243672057986255,71.97531371299799,869305.808094667,869306.813625587
world,Recorder,Recorder,loop,30,0.005459766058872144,0.008910542934383543,0.0017350539565086365,0.053027993999421597,0.005872774636372924,71.85166696241747,869306.813625587,869307.8220805
world,Recorder,Recorder,loop,30,0.005583263312776883,0.009867482857172828,0.002280925400555134,0.05834701005369425,0.006494444096460938,71.93232269492,869307.8220805,869308.826669632
world,Recorder,Recorder,loop,30,0.0055874271007875604,0.008768942531374724,0.0013060634955763817,0.05221692845225334,0.0062786915805190776,72.15337792877108,869308.826669632,869309.832985051
world,Recorder,Recorder,loop,30,0.0037983603154619536,0.005119855899543302,0.0011960510164499283,0.030268914997577667,0.0062621547840535615,71.86003507813439,869309.832985051,869310.838256773
world,Recorder,Recorder,loop,30,0.004716888846208652,0.005840584145728181,0.0012849923223257065,0.030618044547736645,0.014084792928770146,72.03810717522477,869310.838256773,869311.841783412
world,Recorder,Recorder,loop,30,0.004362761198232572,0.00406209113929288,0.0015689292922616005,0.02480205148458481,0.007009162800386544,72.03783607498433,869311.841783412,869312.845273899
world,Recorder,Recorder,loop,30,0.005884348259617885,0.0128277165561351,0.0012570526450872421,0.07444003131240606,0.0073213013820350135,72.19716066805024,869312.845273899,869313.856780588
world,Recorder,Recorder,loop,30,0.004489867327113946,0.004490368021581839,0.0017299316823482513,0.027447007596492767,0.005885795690119266,72.25320575137933,869313.856780588,869314.858678103
world,Recorder,Recorder,loop,30,0.004265472913781802,0.004533043140613433,0.0013740500435233116,0.026390072889626026,0.008686975343152869,72.03297805972397,869314.858678103,869315.860897729
world,Recorder,Recorder,loop,30,0.005431158933788538,0.009336233517908977,0.0010570511221885681,0.055315904319286346,0.006062746979296206,72.39192808823039,869315.860897729,869316.872084647
world,Recorder,Recorder,loop,30,0.0043238746002316475,0.004258895931828976,0.0019409926608204842,0.02593907993286848,0.007424759678542607,72.0379145660748,869316.872084647,869317.872836463
world,Recorder,Recorder,loop,30,0.006374837054560582,0.010552907657807154,0.002300017513334751,0.06281305104494095,0.007132469909265635,72.33318286792685,869317.872836463,869318.879429487
world,Recorder,Recorder,loop,30,0.007415399886667728,0.015119153094530926,0.0019209692254662514,0.08850602898746729,0.0073145027272403206,72.70967716273542,869318.879429487,869319.8890221
world,Recorder,Recorder,loop,30,0.006305973511189222,0.009686285325528425,0.0028070062398910522,0.05817099008709192,0.006855692481622096,72.64120239997283,869319.8890221,869320.892859436
world,Recorder,Recorder,loop,30,0.006863009184598923,0.012867572564594455,0.0023730099201202393,0.07592199835926294,0.005746225360780954,72.63454781301941,869320.892859436,869321.898137789
world,Recorder,Recorder,loop,30,0.005656077216068904,0.006941283848597309,0.002672080881893635,0.04274898674339056,0.005721423076465726,72.76932106275733,869321.898137789,869322.904918874
world,Recorder,Recorder,loop,30,0.005820932953308026,0.008446131512585664,0.0020260922610759735,0.05091703496873379,0.006326014408841726,72.61261009455968,869322.904918874,869323.909152359
world,Recorder,Recorder,loop,30,0.005732111943264802,0.00838231351568091,0.0017189886420965195,0.050425995141267776,0.00657648779451847,72.645339233956,869323.909152359,869324.911929284
world,Recorder,Recorder,loop,30,0.005699026708801587,0.008330868054850848,0.0012289965525269508,0.05011202301830053,0.005671504186466336,72.9409563083512,869324.911929284,869325.921321444
world,Recorder,Recorder,loop,30,0.005382908663402001,0.006773890276079692,0.0025440240278840065,0.041381921619176865,0.006429501809179781,72.52307470577459,869325.921321444,869326.922703916
world,Recorder,Recorder,loop,30,0.006509250185141961,0.011088722779136933,0.001852051354944706,0.050780014134943485,0.027032027719542273,72.74379812491436,869326.922703916,869327.928644733
world,Recorder,Recorder,loop,30,0.006225837084154288,0.011291081199879302,0.002461019903421402,0.0667870044708252,0.005949713522568343,72.89861691727613,869327.928644733,869328.937203975
world,Recorder,Recorder,loop,30,0.005592999514192343,0.008630333229927824,0.0025900080800056458,0.05185510963201523,0.005457678344100713,72.82940699563672,869328.937203975,869329.940201675
world,Recorder,Recorder,loop,30,0.006265468740214904,0.00975032647635243,0.0018558930605649948,0.0581799540668726,0.007760501466691493,72.89745589563002,869329.940201675,869330.943029613
world,Recorder,Recorder,loop,30,0.006238929927349091,0.010575340864564714,0.0026099151000380516,0.0628569396212697,0.006685673724859952,72.9506287141703,869330.943029613,869331.952852082
world,Recorder,Recorder,loop,30,0.0059842015616595745,0.012300559991912315,0.0012560049071907997,0.07178797386586666,0.0059742771554738274,74.34382750264679,869331.952852082,869332.958786652
world,Recorder,Recorder,loop,31,0.006351931651513423,0.013411113205919688,0.0024259788915514946,0.07966801058501005,0.005318433977663517,73.07160516539889,869332.958786652,869333.993530918
world,Recorder,Recorder,loop,30,0.006860793412973483,0.01288854533979843,0.002230983227491379,0.07609301246702671,0.006029108772054313,73.07334400247782,869333.993530918,869334.997343939
world,Recorder,Recorder,loop,26,0.005664836722784317,0.0070162937315440335,0.0017880229279398918,0.04019099287688732,0.006423942977562547,79.02370962368038,869334.997343939,869336.0090776
world,Recorder,Recorder,loop,30,0.0048085348680615425,0.006243057522047009,0.0014849938452243805,0.03772694617509842,0.005795265315100551,84.97710083999361,869336.0090776,869337.024616729
world,Recorder,Recorder,loop,31,0.00528174061929026,0.012147457308993739,0.0015730038285255432,0.0714639900252223,0.005473499186336994,87.65107291119713,869337.024616729,869338.054651382
world,Recorder,Recorder,loop,30,0.0037906652626891932,0.0030908693605183205,0.0013989629223942757,0.018829014152288437,0.0056473654694855204,86.84859504379953,869338.054651382,869339.12368203
world,Recorder,Recorder,loop,31,0.004836759950605131,0.009521785931468551,0.0011479714885354042,0.05641102325171232,0.005729962140321732,89.33648535410964,869339.12368203,869340.135900232
world,Recorder,Recorder,loop,30,0.005244440399110317,0.01085045387365816,0.001700012944638729,0.06333598867058754,0.005328789120540022,85.09010019091268,869340.135900232,869341.150201257
world,Recorder,Recorder,loop,31,0.0049842168546972735,0.010030331843456308,0.001166015863418579,0.05919497925788164,0.005753478035330772,86.72212851759527,869341.150201257,869342.177713037
world,Recorder,Recorder,loop,30,0.005076158170898755,0.008554303819970428,0.001227017492055893,0.050541944801807404,0.005899375537410377,85.31425406690687,869342.177713037,869343.191293355
eye1,Roi,Roi,loop,123,0.00346290436005447,0.0010117917721664139,0.002066022716462612,0.008924980647861958,0.005060818511992693,12.17330562810194,869296.323782158,869297.323882919
eye1,Roi,Roi,loop,125,0.00282414723187685,0.0004420416893104259,0.0020439038053154945,0.003951019607484341,0.0034759752452373505,11.800817681476474,869297.323882919,869298.331857109
eye1,Roi,Roi,loop,115,0.004460938963229241,0.003122850304266296,0.0020029256120324135,0.01456297468394041,0.010539370123296974,11.749470884830732,869298.331857109,869299.332437091
eye1,Roi,Roi,loop,125,0.009265153668820858,0.0028394387390292906,0.0031850067898631096,0.016196048818528652,0.014585372991859913,12.131893864832819,869299.332437091,869300.340555021
eye1,Roi,Roi,loop,124,0.009969584718947449,0.004543086660287419,0.004958012141287327,0.05187105853110552,0.01378391752950847,12.45678699342534,869300.340555021,869301.34441177
eye1,Roi,Roi,loop,125,0.008446888998150826,0.0032101567225424946,0.002795015461742878,0.01632492057979107,0.0132925808429718,12.384413367137313,869301.34441177,869302.352160584
eye1,Roi,Roi,loop,124,0.00894074365797062,0.0027860701214946705,0.002471962943673134,0.01739396248012781,0.013273791410028933,12.407444143337347,869302.352160584,869303.352622729
eye1,Roi,Roi,loop,125,0.007618310861289501,0.0035613754758012143,0.0023670727387070656,0.01731503289192915,0.013113580644130707,12.298694802448153,869303.352622729,869304.360131183
eye1,Roi,Roi,loop,124,0.0033127359910717896,0.0006243524879073888,0.0020120060071349144,0.006155925802886486,0.004171882756054401,12.031564243032687,869304.360131183,869305.360314127
eye1,Roi,Roi,loop,125,0.003310736268758774,0.0005319600293072201,0.002024928107857704,0.005025067366659641,0.004288973286747932,12.102100611664355,869305.360314127,869306.368168778
eye1,Roi,Roi,loop,122,0.008879713217926318,0.0036349484670254537,0.0022329622879624367,0.03071199171245098,0.01349793164990842,12.538716123538611,869306.368168778,869307.372819506
eye1,Roi,Roi,loop,125,0.0064756618812680244,0.0035560091700428025,0.002469983883202076,0.01989502925425768,0.013357563875615597,12.518835184164345,869307.372819506,869308.380470821
eye1,Roi,Roi,loop,124,0.009789029248960076,0.004090430530562427,0.003700028173625469,0.03589596599340439,0.015331746544688938,12.815320439967177,869308.380470821,869309.380779397
eye1,Roi,Roi,loop,125,0.008527124300599098,0.004366596846777805,0.002288026735186577,0.019553001038730145,0.015588197857141495,12.687262601219118,869309.380779397,869310.388503423
eye1,Roi,Roi,loop,124,0.007245299075880359,0.006751100692632352,0.0023560132831335068,0.07112300954759121,0.01396774314343929,12.53136080471919,869310.388503423,869311.388577073
eye1,Roi,Roi,loop,125,0.007693690247833729,0.004603261044145166,0.002554035745561123,0.022599007934331894,0.016619195230305195,12.634554448537529,869311.388577073,869312.396451466
eye1,Roi,Roi,loop,124,0.008346953226493732,0.004292313904285068,0.0030569499358534813,0.017649028450250626,0.0152571068610996,12.829550063132398,869312.396451466,869313.397050014
eye1,Roi,Roi,loop,124,0.007568375064781116,0.004350574204130288,0.0024780165404081345,0.020592007786035538,0.01531437155790627,12.69442819419407,869313.397050014,869314.400609967
eye1,Roi,Roi,loop,124,0.007485476089641452,0.004408831290416918,0.002383952960371971,0.02310203853994608,0.014266383368521927,12.888521978428829,869314.400609967,869315.401265924
eye1,Roi,Roi,loop,125,0.00816893856972456,0.0047835586247649935,0.0023050233721733093,0.03879307769238949,0.01447959803044796,12.962590745650232,869315.401265924,869316.408874565
eye1,Roi,Roi,loop,124,0.008632290935624511,0.0034238566865940844,0.002763001248240471,0.023619970306754112,0.013910303823649883,12.905025846257265,869316.408874565,869317.409401884
eye1,Roi,Roi,loop,125,0.006899437867105007,0.0037544777090230785,0.002295011654496193,0.029030023142695427,0.012536393478512762,12.799712230451405,869317.409401884,869318.41713374
eye1,Roi,Roi,loop,124,0.010015794091046817,0.0031133981445764752,0.0033419346436858177,0.02697401214390993,0.015847024042159312,13.073741179522909,869318.41713374,869319.417327592
eye1,Roi,Roi,loop,125,0.009904769249260426,0.0025684761591087094,0.004807952791452408,0.01691398210823536,0.014348630793392658,13.06012430600822,869319.417327592,869320.425522889
eye1,Roi,Roi,loop,124,0.010793832423646123,0.009036503874552555,0.004573026672005653,0.10732200462371111,0.01414419966749847,13.257989230858643,869320.425522889,869321.42918713
eye1,Roi,Roi,loop,124,0.009042728174057218,0.002933927109839681,0.0030229566618800163,0.017145066522061825,0.014507991727441546,13.351366014948356,869321.42918713,869322.42955358
eye1,Roi,Roi,loop,125,0.009996505454182625,0.002748036545453489,0.0032329699024558067,0.01681596040725708,0.01434276346117258,13.330191295593977,869322.42955358,869323.437366757
eye1,Roi,Roi,loop,125,0.009297482669353485,0.004637294313914279,0.0028921058401465416,0.05117896944284439,0.013613956980407236,13.24578962661326,869323.437366757,869324.444947201
eye1,Roi,Roi,loop,124,0.008873153297651199,0.002777063766686523,0.003130990080535412,0.016874982975423336,0.013876816956326365,13.239331140686128,869324.444947201,869325.445472849
eye1,Roi,Roi,loop,125,0.00976377259939909,0.005451703527483301,0.002949964255094528,0.06395205855369568,0.013745762407779694,13.277127204462886,869325.445472849,869326.453545078
eye1,Roi,Roi,loop,124,0.008364832366726572,0.0031340842050648654,0.0022919848561286926,0.015345052815973759,0.014251092215999961,13.233971223422897,869326.453545078,869327.453591443
eye1,Roi,Roi,loop,124,0.008820658437006416,0.002348477269046846,0.003134016878902912,0.015106983482837677,0.013078353367745875,13.467379985564959,869327.453591443,869328.457456945
eye1,Roi,Roi,loop,124,0.00969993397443285,0.0031744273444605483,0.004978966899216175,0.03178301267325878,0.013645901344716549,13.59816461486081,869328.457456945,869329.457649028
eye1,Roi,Roi,loop,125,0.008802068419754505,0.002111063948745986,0.003952067345380783,0.014384044334292412,0.01257557887583971,13.581745623610914,869329.457649028,869330.465680268
eye1,Roi,Roi,loop,125,0.009182507172226906,0.0022440421732735877,0.005127978511154652,0.0169690465554595,0.013302522711455822,13.568684061057866,869330.465680268,869331.473606014
eye1,Roi,Roi,loop,116,0.00816199964651003,0.002644257969131049,0.0020489096641540527,0.01617101952433586,0.012741278624162078,13.585228056462224,869331.473606014,869332.481420104
eye1,Roi,Roi,loop,124,0.009380536334168526,0.0035524277821481686,0.003242981620132923,0.03744498826563358,0.013451726408675313,13.54414346954605,869332.481420104,869333.481761725
eye1,Roi,Roi,loop,124,0.010306607075636425,0.003870370490584298,0.004146946594119072,0.032618059776723385,0.015718577196821557,13.677566337601972,869333.481761725,869334.48594855
eye1,Roi,Roi,loop,125,0.011003655381500721,0.011176329292207153,0.003237975761294365,0.11718505993485451,0.015307823196053505,13.824179415591061,869334.48594855,869335.493488599
eye1,Roi,Roi,loop,116,0.00911812972405861,0.0038982417937000217,0.0023581087589263916,0.02772908192127943,0.014909543097019196,13.877353519562568,869335.493488599,869336.493714463
eye1,Roi,Roi,loop,125,0.009246451780200005,0.003174491496484974,0.002950080670416355,0.023004948161542416,0.014140550047159195,13.831861258484423,869336.493714463,869337.501468749
eye1,Roi,Roi,loop,124,0.009285332071745107,0.0036073254181417844,0.003445078618824482,0.02622697502374649,0.014919147361069916,13.798915388648428,869337.501468749,869338.501737342
eye1,Roi,Roi,loop,111,0.009030370075289194,0.003919996269489576,0.0026440247893333435,0.025412999093532562,0.015180499758571386,14.03933645935041,869338.501737342,869339.502242739
eye1,Roi,Roi,loop,125,0.009855551645159721,0.004133864153287914,0.0024640467017889023,0.03198895137757063,0.015637231990695,13.886875081807375,869339.502242739,869340.509828465
eye1,Roi,Roi,loop,124,0.008552636568164152,0.0033963011582438525,0.003435998223721981,0.02415594644844532,0.013100344222038984,13.973601483514592,869340.509828465,869341.514202974
eye1,Roi,Roi,loop,125,0.009925923310220242,0.008804219166589121,0.002422020770609379,0.10008702520281076,0.014269608072936535,14.132412134669721,869341.514202974,869342.522130671
eye1,Roi,Roi,loop,124,0.009001661730449527,0.004371668630349674,0.002769986167550087,0.03492401447147131,0.016137294005602595,14.07555501434892,869342.522130671,869343.522324652
eye1,Roi,Roi,loop,125,0.008812501095235348,0.00313717555641055,0.00318803358823061,0.02042099367827177,0.014184229075908661,14.069171723909676,869343.522324652,869344.530101725
eye1,Roi,Roi,loop,124,0.00882191741238198,0.003146927347378994,0.003022025339305401,0.01832295674830675,0.013945787213742733,14.085777901909164,869344.530101725,869345.530252867
eye1,Roi,Roi,loop,124,0.009942711556270238,0.003960292000807789,0.0033510150387883186,0.03484392073005438,0.014661275781691073,14.216402988700617,869345.530252867,869346.530290735
eye1,nnUNetDetector2DPlugin,pmrnet,loop,124,4.871833530600153,2.177848294729071,3.567280014976859,11.113430024124682,10.342228331137449,16.99490800984354,869296.381606286,869297.383405808
eye1,nnUNetDetector2DPlugin,pmrnet,loop,124,4.116669596706126,1.322522587322523,3.5175849916413426,10.569276986643672,7.518963795155283,15.8994470820612,869297.383405808,869298.383583182
eye1,nnUNetDetector2DPlugin,2dcpp,loop,116,3.245815364764361,0.9850628651602734,0.692636938765645,7.823136984370649,4.2049832991324365,14.985822543606226,869298.383583182,869299.389733064
eye1,nnUNetDetector2DPlugin,2dcpp,loop,124,2.477356178250404,0.7648551726451983,0.9461219888180494,5.200193962082267,3.736613894579932,14.784438103707808,869299.389733064,869300.394599131
eye1,nnUNetDetector2DPlugin,2dcpp,loop,125,2.4120398042723536,0.6266943817563362,1.1563969310373068,4.110954003408551,3.66019899956882,14.889615616761148,869300.394599131,869301.40216842
eye1,nnUNetDetector2DPlugin,2dcpp,loop,125,2.0803118254989386,0.9206596395013162,0.6604010704904795,4.110610927455127,3.5697493935003877,14.426571839489043,869301.40216842,869302.409176836
eye1,nnUNetDetector2DPlugin,2dcpp,loop,124,2.505987710807653,0.7659334861546154,0.7095210021361709,6.845826981589198,3.5448154085315764,14.92666155137422,869302.409176836,869303.41196274
eye1,nnUNetDetector2DPlugin,2dcpp,loop,125,2.03556334041059,1.077390134667527,0.6703659892082214,5.109396995976567,3.543409542180598,14.286167090758681,869303.41196274,869304.417198524
eye1,nnUNetDetector2DPlugin,2dcpp,loop,124,0.97936752717942,0.19250722438617637,0.6592279532924294,2.1252420265227556,1.1005097243469208,12.991914561303753,869304.417198524,869305.417367284
eye1,nnUNetDetector2DPlugin,2dcpp,loop,122,0.9845335410571978,0.18423595339138532,0.6600790657103062,1.9248370081186295,1.1045268562156707,13.18976341471931,869305.417367284,869306.424451169
eye1,nnUNetDetector2DPlugin,2dcpp,loop,125,2.5056518968194723,0.8570575651920812,0.7412050617858768,5.51418901886791,3.908639401197433,15.135398698970675,869306.424451169,869307.430801789
eye1,nnUNetDetector2DPlugin,2dcpp,loop,124,1.787974062608555,0.97767517771625,0.6802059942856431,4.16663393843919,3.5443376458715647,14.273926807237007,869307.430801789,869308.431486727
eye1,nnUNetDetector2DPlugin,2dcpp,loop,124,2.5897258789383715,0.8477666942179442,1.0512799490243196,4.844511044211686,4.156859731301665,15.402995579455409,869308.431486727,869309.431667877
eye1,nnUNetDetector2DPlugin,2dcpp,loop,125,2.0255380729213357,0.9289616689126493,0.715574948117137,4.456131020560861,3.8651310838758945,14.684600118547678,869309.431667877,869310.43955166
eye1,nnUNetDetector2DPlugin,2dcpp,loop,125,1.7372152945026755,0.7275917247035931,0.6924320477992296,3.9094589883461595,3.2383509445935483,14.253656761720777,869310.43955166,869311.445633148
eye1,nnUNetDetector2DPlugin,2dcpp,loop,124,1.927604634998246,0.9561675031618021,0.7197200320661068,4.335975972935557,4.020657204091548,14.61088587154424,869311.445633148,869312.449238729
eye1,nnUNetDetector2DPlugin,2dcpp,loop,124,2.0716425375036533,1.0053693996110065,0.7800260791555047,5.3091420559212565,4.163015523226932,14.852603058135438,869312.449238729,869313.449380792
eye1,nnUNetDetector2DPlugin,2dcpp,loop,124,1.8501429379196657,0.7678968576219912,0.7112130988389254,4.232945037074387,3.5296085290610786,14.701284530136975,869313.449380792,869314.450350434
eye1,nnUNetDetector2DPlugin,2dcpp,loop,125,1.948846840299666,0.8773342059650517,0.6977739976719022,4.267935990355909,3.9083422161638737,14.854990758001804,869314.450350434,869315.457869325
eye1,nnUNetDetector2DPlugin,2dcpp,loop,124,2.1728333968278624,0.9456699464735363,0.7626190781593323,5.881001939997077,4.142841376597061,15.097598625992935,869315.457869325,869316.460270059
eye1,nnUNetDetector2DPlugin,2dcpp,loop,125,2.1832393864169717,0.7618144345640109,0.7060039788484573,3.9601039607077837,3.3815447939559817,15.07269088178873,869316.460270059,869317.465577361
eye1,nnUNetDetector2DPlugin,2dcpp,loop,124,1.7932063980673951,1.0115692627017951,0.6710290908813477,6.919414037838578,3.4149535116739567,14.586424985487435,869317.465577361,869318.466693903
eye1,nnUNetDetector2DPlugin,2dcpp,loop,124,2.6721369461982603,0.8149766423325078,0.8333580335602164,6.761846947483718,4.000668675871566,15.740307805601567,869318.466693903,869319.46793121
eye1,nnUNetDetector2DPlugin,2dcpp,loop,124,2.6613158134428123,0.6287472672547165,1.2652489822357893,4.270307021215558,3.719437529798597,15.79804856596785,869319.46793121,869320.472865993
eye1,nnUNetDetector2DPlugin,2dcpp,loop,125,2.607757885940373,0.7807280251081433,1.0474579175934196,6.495850044302642,3.83327598683536,15.95884239114821,869320.472865993,869321.479519671
eye1,nnUNetDetector2DPlugin,2dcpp,loop,125,2.5444011818617582,0.9647105614896935,0.8740379707887769,7.795411045663059,3.733570803888142,15.893030074425042,869321.479519671,869322.48847273
eye1,nnUNetDetector2DPlugin,2dcpp,loop,125,2.704599612392485,0.672994645095586,1.0670439805835485,4.336618003435433,3.7355200620368123,16.02077214512974,869322.48847273,869323.496286923
eye1,nnUNetDetector2DPlugin,2dcpp,loop,125,2.3432090245187283,0.6094588996890897,0.755673972889781,4.026726935990155,3.1906571704894304,15.569753502495587,869323.496286923,869324.50435618
eye1,nnUNetDetector2DPlugin,2dcpp,loop,125,2.3528350945562124,0.7188547154534577,1.0317699052393436,4.2663440108299255,3.5467033972963686,15.572772146202624,869324.50435618,869325.512476596
eye1,nnUNetDetector2DPlugin,2dcpp,loop,125,2.420783202163875,0.6272307254701819,0.8922290289774537,4.2703410144895315,3.434467175975442,15.672078847885132,869325.512476596,869326.519014421
eye1,nnUNetDetector2DPlugin,2dcpp,loop,124,2.1283167401223535,0.7460489259969256,0.6704330444335938,4.00833401363343,3.286234143888578,15.565873888854478,869326.519014421,869327.524373333
eye1,nnUNetDetector2DPlugin,2dcpp,loop,125,2.2611571736633778,0.5642723009172164,1.0180850513279438,3.7299140822142363,3.246574942022562,15.743917897343636,869327.524373333,869328.532050521
eye1,nnUNetDetector2DPlugin,2dcpp,loop,125,2.484998599626124,0.6476159314941978,1.0740100406110287,4.25498909316957,3.593956585973501,16.066054275259376,869328.532050521,869329.539950274
eye1,nnUNetDetector2DPlugin,2dcpp,loop,124,2.5444466896700644,0.6562073874476588,1.308684004470706,5.907331011258066,3.697614575503394,16.10878187010155,869329.539950274,869330.54130234
eye1,nnUNetDetector2DPlugin,2dcpp,loop,125,2.419921822845936,0.5255589147831199,1.4244260964915156,3.9860119577497244,3.3923107897862788,15.970189596526325,869330.54130234,869331.546896656
eye1,nnUNetDetector2DPlugin,2dcpp,loop,115,2.2560515410631248,0.738450666178415,0.650936970487237,5.191500997170806,3.0943504069000483,15.80933452806557,869331.546896656,869332.548644975
eye1,nnUNetDetector2DPlugin,2dcpp,loop,124,2.5174471356290122,0.7159127687610934,0.7301679579541087,5.099717993289232,3.726151102455333,16.085583625564112,869332.548644975,869333.554197314
eye1,nnUNetDetector2DPlugin,2dcpp,loop,125,2.7095186952501535,0.7717856507259554,0.8955969242379069,7.060401025228202,3.7874637870118018,16.605336636304855,869333.554197314,869334.560447523
eye1,nnUNetDetector2DPlugin,2dcpp,loop,120,2.5952402356779203,0.7317711121729281,0.8670379174873233,5.266095977276564,3.7163474247790873,16.39953932996529,869334.560447523,869335.574360061
eye1,nnUNetDetector2DPlugin,2dcpp,loop,122,2.443077841384306,0.7577932844819556,0.685508013702929,4.034308018162847,3.5829745116643608,16.30449059159785,869335.574360061,869336.577030838
eye1,nnUNetDetector2DPlugin,2dcpp,loop,125,2.325721349567175,0.7118214923996597,0.894195050932467,4.138384014368057,3.528861585073173,16.090941907837987,869336.577030838,869337.584824825
eye1,nnUNetDetector2DPlugin,2dcpp,loop,125,2.5279240095987916,0.8203369134148263,1.0282780276611447,6.872666068375111,3.7509576184675097,16.311740949749947,869337.584824825,869338.590657619
eye1,nnUNetDetector2DPlugin,2dcpp,loop,111,2.3557005454324655,0.8397216036958299,0.7425239309668541,4.174957983195782,3.849411499686539,16.3692705593332,869338.590657619,869339.594126725
eye1,nnUNetDetector2DPlugin,2dcpp,loop,124,2.631228355195133,0.7201395285599104,0.7610780885443091,4.139588098041713,3.8254550483543426,16.666718758642673,869339.594126725,869340.596273752
eye1,nnUNetDetector2DPlugin,2dcpp,loop,125,2.272244645282626,0.7126988313128089,1.0287739569321275,5.090721067972481,3.5579366143792868,16.37001644540578,869340.596273752,869341.605490645
eye1,nnUNetDetector2DPlugin,2dcpp,loop,125,2.5733898309990764,0.8724621850027721,0.6879770662635565,5.80188597086817,4.140654671937227,16.675859407521784,869341.605490645,869342.613974781
eye1,nnUNetDetector2DPlugin,2dcpp,loop,125,2.243741267360747,0.7811956383561095,0.7741780718788505,4.250508965924382,3.5796491894870996,16.27871934697032,869342.613974781,869343.62092915
eye1,nnUNetDetector2DPlugin,2dcpp,loop,124,2.391661416866907,0.6566377631212007,0.9634209563955665,3.9576629642397165,3.5370532830711454,16.450344937883557,869343.62092915,869344.621352261
eye1,nnUNetDetector2DPlugin,2dcpp,loop,125,2.239346000365913,0.6662820450174554,0.8706299122422934,4.147056024521589,3.584376396611333,16.280150721780956,869344.621352261,869345.629176921
eye1,nnUNetDetector2DPlugin,2dcpp,loop,124,2.576687729038719,0.8019722672705135,0.9859049459919333,5.521922023035586,4.069347493350504,16.77635173226947,869345.629176921,869346.630158421
world,UVC_Source,UVC_Source,loop,30,15.787935012485832,4.750474392690693,7.256335928104818,28.808614006265998,22.933657927205783,72.88502362789586,869343.00499257,869344.013111032
world,UVC_Source,UVC_Source,loop,30,19.71337995879973,5.0913308155595995,2.8398920549079776,25.869374978356063,25.78406321699731,72.88950166354577,869344.013111032,869345.017041094
world,UVC_Source,UVC_Source,loop,30,14.503834889425585,5.024881650160388,0.3200899809598923,22.1718029351905,21.5071398706641,73.08450256241485,869345.017041094,869346.021045125
world,UVC_Source,UVC_Source,loop,30,18.935368974537898,7.086137657925615,0.21152105182409286,28.705821954645216,28.378397988853976,73.29528350383043,869346.021045125,869347.029319164
world,UVC_Source,UVC_Source,loop,30,18.03957997278,8.238849860984429,0.060592079535126686,30.59066808782518,29.538463242352,73.06675075863798,869347.029319164,869348.033344158
world,UVC_Source,UVC_Source,loop,30,18.60648333095014,5.9349808093690095,8.752765017561615,30.025659943930805,26.565983938053247,73.02012513003622,869348.033344158,869349.037318035
world,UVC_Source,UVC_Source,loop,30,14.356562863880148,4.549091033245067,0.12444809544831514,24.488104972988367,23.019058658974238,73.20222607813776,869349.037318035,869350.045399667
world,UVC_Source,UVC_Source,loop,30,18.35618717595935,5.536708651384198,4.249482997693121,28.028788045048714,26.3918389333412,73.01107253103207,869350.045399667,869351.049237612
world,UVC_Source,UVC_Source,loop,30,14.021570157880584,4.670462079205155,5.351658095605671,28.720969916321337,20.30112614156678,73.17172730108723,869351.049237612,869352.053452883
world,UVC_Source,UVC_Source,loop,30,17.60059289711838,6.6112722743129195,0.09853299707174301,27.65440591610968,25.312241225037724,73.38258345844224,869352.053452883,869353.06146918
world,UVC_Source,UVC_Source,loop,30,13.845410166929165,4.7489483515741595,5.82681002561003,26.85479202773422,21.09156001824885,73.13316790387034,869353.06146918,869354.065549174
world,UVC_Source,UVC_Source,loop,29,18.289062591944017,8.533276876395995,0.060255988501012325,30.42816696688533,27.28916401974857,75.30090869564948,869354.065549174,869355.06963572
world,UVC_Source,UVC_Source,loop,30,19.84341162024066,3.1962297187487825,13.421417912468314,25.761071010492742,24.61689516203478,73.36200439215948,869355.06963572,869356.077736915
world,UVC_Source,UVC_Source,loop,30,20.55904356141885,2.4855285084596392,16.77312096580863,25.82456707023084,24.80032221064903,73.4211194018523,869356.077736915,869357.081791018
world,UVC_Source,UVC_Source,loop,30,21.73162232696389,3.30484275861257,16.30426396150142,28.45583006273955,27.23615089198574,73.44725530128926,869357.081791018,869358.08567338
world,UVC_Source,UVC_Source,loop,30,19.230850297026336,4.197649976336435,10.954930912703276,33.15455198753625,23.679716611513868,73.378615702192,869358.08567338,869359.08971981
world,UVC_Source,UVC_Source,loop,30,20.79896729361887,2.669458293541795,17.131694010458887,25.636123958975077,25.29424946405925,73.61521440713356,869359.08971981,869360.097832853
world,UVC_Source,UVC_Source,loop,30,21.916368999518454,2.9383718777482595,14.868666999973357,27.85792900249362,27.205408067675307,73.50682545996581,869360.097832853,869361.101840675
world,UVC_Source,UVC_Source,loop,30,19.88954459084198,3.822735004854232,13.015137985348701,28.476881911046803,26.780666690319773,73.58372486196458,869361.101840675,869362.105951324
world,UVC_Source,UVC_Source,loop,30,20.618655470510323,5.661986683473195,0.10136689525097609,29.918160056695342,28.321472415700548,74.08040919496368,869362.105951324,869363.114043234
world,UVC_Source,UVC_Source,loop,30,20.114084251690656,3.3942096534244715,12.676713056862354,27.26281399372965,25.642974098445844,73.51929126307368,869363.114043234,869364.117843606
world,UVC_Source,UVC_Source,loop,30,19.884484827828903,2.9567162299147367,14.390354976058006,27.871370082721114,23.80059700226411,73.71620743069798,869364.117843606,869365.12185398
world,UVC_Source,UVC_Source,loop,27,17.435612993452835,7.881412234045761,0.0940950121730566,27.179648051969707,25.106815726030618,75.29724707516532,869365.12185398,869366.130110981
world,UVC_Source,UVC_Source,loop,30,15.760973297680417,4.834444386005536,8.757289964705706,25.660712039098144,23.866711562732227,73.63401754992083,869366.130110981,869367.134117956
world,UVC_Source,UVC_Source,loop,30,17.990328868230183,5.783684248738127,0.7749769138172269,26.89457207452506,26.208292931551114,73.74844143244748,869367.134117956,869368.13826415
world,UVC_Source,UVC_Source,loop,30,12.426276074256748,6.93889588352933,0.050825998187065125,23.31828000023961,23.20135841728188,74.78742039917658,869368.13826415,869369.146142888
world,UVC_Source,UVC_Source,loop,30,16.94701173497985,6.411237912619842,1.8823000136762857,26.506096008233726,25.04245769232511,73.84698374274497,869369.146142888,869370.150116486
world,UVC_Source,UVC_Source,loop,30,14.820292592048645,4.143380187268164,7.603186997584999,23.905406007543206,22.215778072131794,73.94866266598304,869370.150116486,869371.154201655
world,UVC_Source,UVC_Source,loop,30,17.43384915947293,6.223520189737439,0.1428989926353097,30.45471105724573,26.392058731289577,73.92124821199104,869371.154201655,869372.16234222
world,UVC_Source,UVC_Source,loop,30,15.960028503711024,5.548375721020196,6.934416014701128,29.740795027464628,24.93686829111538,74.01986616120364,869372.16234222,869373.166164213
world,UVC_Source,UVC_Source,loop,30,16.92676522846644,6.447984590809273,4.547305987216532,28.00108096562326,26.499272789806128,74.00725126111259,869373.166164213,869374.170194567
world,UVC_Source,UVC_Source,loop,30,14.720252043722818,4.847331019015685,1.9426889484748244,25.30552097596228,22.075097402557727,74.03045922207336,869374.170194567,869375.178344095
world,UVC_Source,UVC_Source,loop,30,17.17360063533609,5.965241139207581,7.67661991994828,26.88434801530093,26.58585262252018,74.14120863347004,869375.178344095,869376.182332937
world,UVC_Source,UVC_Source,loop,28,14.925818004745192,5.7251657299479835,0.07301196455955505,25.438290904276073,23.727089213207364,74.19460607343353,869376.182332937,869377.186217339
world,UVC_Source,UVC_Source,loop,29,21.23623987226265,8.159577665521292,0.10666495654731989,33.40987907722592,32.905920571647584,74.17331272655905,869377.186217339,869378.194620407
world,UVC_Source,UVC_Source,loop,30,15.484427606376508,4.964970107157997,1.9149819854646921,23.536144057288766,23.26937461621128,74.23319247706483,869378.194620407,869379.198354088
world,UVC_Source,UVC_Source,loop,30,16.212050337344408,4.703369295009653,8.812748943455517,24.980989983305335,23.43724324018694,74.06596635313083,869379.198354088,869380.202447407
world,UVC_Source,UVC_Source,loop,30,15.878140848750869,5.166091495020733,6.456255097873509,30.064066988416016,23.070717335212976,74.37682200300817,869380.202447407,869381.210638661
world,UVC_Source,UVC_Source,loop,30,15.083901036996394,6.124376695618477,1.1911909095942974,25.293674902059138,25.007380329770967,74.29635466930146,869381.210638661,869382.214655592
world,UVC_Source,UVC_Source,loop,30,14.383448869921267,4.182919508205571,6.1277010245248675,23.74828001484275,21.483917778823518,74.22122737237562,869382.214655592,869383.218633888
world,UVC_Source,UVC_Source,loop,28,15.726535219333268,7.496868162322767,0.07697707042098045,31.070436933077872,25.316163687966764,75.30813016429809,869383.218633888,869384.226773695
world,UVC_Source,UVC_Source,loop,30,20.34647287412857,3.2900106936137927,11.93936902564019,27.940277010202408,26.42523343674838,74.39554081453632,869384.226773695,869385.230787424
world,UVC_Source,UVC_Source,loop,30,21.729032163663458,4.000511451050992,14.604010968469083,29.520798940211535,28.630273049930107,74.42350163279723,869385.230787424,869386.234830167
world,UVC_Source,UVC_Source,loop,30,19.738579634577036,3.400899774483878,12.978209066204727,24.78735090699047,24.582027067663148,74.67412243131548,869386.234830167,869387.243039457
world,UVC_Source,UVC_Source,loop,30,21.003063201593857,4.306886888004515,13.11548997182399,31.821073032915592,29.359246708918352,74.43566162449618,869387.243039457,869388.247044358
world,UVC_Source,UVC_Source,loop,30,21.213962979769956,3.2530427584649297,13.420455972664058,26.768521056510508,26.431035727728155,74.67691546771675,869388.247044358,869389.251235977
world,UVC_Source,UVC_Source,loop,30,20.847210167751957,2.8707612640509397,12.550854939036071,25.59029299300164,25.10490527492948,74.73841227280597,869389.251235977,869390.259121496
world,UVC_Source,UVC_Source,loop,29,19.393917032645952,5.108826664608372,0.14089897740632296,28.877586941234767,26.127749402076002,75.52462940682368,869390.259121496,869391.357825152
world,UVC_Source,UVC_Source,loop,30,20.435589470434934,6.566683272524005,0.11688098311424255,27.172927977517247,26.608729193685576,75.28512310236692,869391.357825152,869392.367076481
world,UVC_Source,UVC_Source,loop,30,16.99553461900602,5.903479830629263,0.08823990356177092,29.889533994719386,26.018792198738076,74.78721896186471,869392.367076481,869393.375083422
world,NetworkApiPlugin,NetworkApiPlugin,loop,30,0.02067823661491275,0.005610439889685796,0.012401025742292404,0.0319209648296237,0.030347664142027497,72.93305499479175,869343.006738767,869344.013473463
world,NetworkApiPlugin,NetworkApiPlugin,loop,30,0.025741053589930136,0.005773559579345406,0.014098011888563633,0.0370820052921772,0.034913636045530425,72.9479495397148,869344.013473463,869345.017606244
world,NetworkApiPlugin,NetworkApiPlugin,loop,30,0.023848450897882383,0.005861301863545035,0.010894960723817348,0.035149045288562775,0.032422208460047834,73.13365090327959,869345.017606244,869346.021392747
world,NetworkApiPlugin,NetworkApiPlugin,loop,30,0.025712652131915092,0.006094712825614898,0.00944593921303749,0.03280409146100283,0.03261400852352381,73.35064170571665,869346.021392747,869347.029779277
world,NetworkApiPlugin,NetworkApiPlugin,loop,30,0.017804233357310295,0.00816487736625467,0.006325077265501022,0.030504073947668076,0.030230171978473663,73.11379633611068,869347.029779277,869348.033948666
world,NetworkApiPlugin,NetworkApiPlugin,loop,30,0.02493676341449221,0.006296505420105497,0.01113908365368843,0.04287995398044586,0.031138141639530655,73.08642891002819,869348.033948666,869349.038141258
world,NetworkApiPlugin,NetworkApiPlugin,loop,30,0.02342128815750281,0.006190373821867493,0.011157011613249779,0.03392994403839111,0.03127542440779507,73.25998723972589,869349.038141258,869350.046049416
world,NetworkApiPlugin,NetworkApiPlugin,loop,30,0.02396919686968128,0.005906507999883223,0.009973067790269852,0.03408803604543209,0.03185003879480063,73.06431401132916,869350.046049416,869351.049727726
world,NetworkApiPlugin,NetworkApiPlugin,loop,30,0.024389037086317938,0.00649598172940863,0.007088994607329369,0.03383203875273466,0.03337703528814018,73.23815473355353,869351.049727726,869352.054309141
world,NetworkApiPlugin,NetworkApiPlugin,loop,30,0.024467159528285265,0.007020923135789674,0.005953945219516754,0.03196799661964178,0.03156538587063551,73.43951692649473,869352.054309141,869353.062040348
world,NetworkApiPlugin,NetworkApiPlugin,loop,30,0.024476907371232908,0.006390750476429001,0.00927504152059555,0.03304507117718458,0.03294115304015577,73.19501400537168,869353.062040348,869354.066272555
world,NetworkApiPlugin,NetworkApiPlugin,loop,29,0.022908279286890196,0.008316539697323839,0.006212037988007069,0.03374204970896244,0.0325310043990612,75.35744748270974,869354.066272555,869355.070237272
world,NetworkApiPlugin,NetworkApiPlugin,loop,30,0.027556740678846836,0.005045728385020668,0.011918949894607067,0.035360921174287796,0.03366825985722243,73.42395579908043,869355.070237272,869356.078293202
world,NetworkApiPlugin,NetworkApiPlugin,loop,30,0.026499976714452107,0.0050001822366414865,0.01542700920253992,0.03359897527843714,0.03273646580055356,73.48245536365236,869356.078293202,869357.082394831
world,NetworkApiPlugin,NetworkApiPlugin,loop,30,0.024424151827891667,0.005759884671461852,0.008326023817062378,0.03215798642486334,0.03153798170387745,73.50789445141952,869357.082394831,869358.086316389
world,NetworkApiPlugin,NetworkApiPlugin,loop,30,0.025066023226827383,0.006112777746796229,0.009643030352890491,0.04277401603758335,0.03186740796081722,73.43727411159004,869358.086316389,869359.090304979
world,NetworkApiPlugin,NetworkApiPlugin,loop,30,0.025829036409656208,0.0051461196157455095,0.013262033462524414,0.031871022656559944,0.03171710413880646,73.67913543324296,869359.090304979,869360.09854267
world,NetworkApiPlugin,NetworkApiPlugin,loop,30,0.025323642573008936,0.007995450526596599,0.010348972864449024,0.04612503107637167,0.038875412428751546,73.56519343641897,869360.09854267,869361.102390083
world,NetworkApiPlugin,NetworkApiPlugin,loop,30,0.02881017668793599,0.011155580328761653,0.012035947293043137,0.06848305929452181,0.04914570017717775,73.6483634604762,869361.102390083,869362.106582334
world,NetworkApiPlugin,NetworkApiPlugin,loop,30,0.02650440049668153,0.007750531840933531,0.013082986697554588,0.04342698957771063,0.03642235533334314,74.14997049684946,869362.106582334,869363.114897915
world,NetworkApiPlugin,NetworkApiPlugin,loop,30,0.02484878059476614,0.007443868986034254,0.01491699367761612,0.054792966693639755,0.03249998553656041,73.57523722651725,869363.114897915,869364.118359764
world,NetworkApiPlugin,NetworkApiPlugin,loop,30,0.027853894668320816,0.009087484626362111,0.013911048881709576,0.05283195059746504,0.04430731642059982,73.7792980003481,869364.118359764,869365.122419685
world,NetworkApiPlugin,NetworkApiPlugin,loop,27,0.02349477640732571,0.009301440158609743,0.005778041668236256,0.04118203651160002,0.037301634438335896,75.35302220343577,869365.122419685,869366.13063969
world,NetworkApiPlugin,NetworkApiPlugin,loop,30,0.025444574809322756,0.00941505679697212,0.007421942427754402,0.049561960622668266,0.04191036568954587,73.69644017502044,869366.13063969,869367.134816044
world,NetworkApiPlugin,NetworkApiPlugin,loop,30,0.02425474813207984,0.006778709282139388,0.008478062227368355,0.04067795816808939,0.031233922345563762,73.80191146706541,869367.134816044,869368.138731999
world,NetworkApiPlugin,NetworkApiPlugin,loop,30,0.024325225967913866,0.006401895017625994,0.005710986442863941,0.0331830233335495,0.03160367486998439,74.84796960294868,869368.138731999,869369.146835971
world,NetworkApiPlugin,NetworkApiPlugin,loop,30,0.023988494649529457,0.006706300014975432,0.010258983820676804,0.04267599433660507,0.031675613718107336,73.89693330430116,869369.146835971,869370.150499839
world,NetworkApiPlugin,NetworkApiPlugin,loop,30,0.025839257674912613,0.0047480061869257986,0.015957048162817955,0.03162096254527569,0.031355227110907435,74.01122451604654,869370.150499839,869371.154862942
world,NetworkApiPlugin,NetworkApiPlugin,loop,30,0.023381361582626898,0.006313046479623694,0.011557945981621742,0.03237603232264519,0.032037816708907485,73.98565016919747,869371.154862942,869372.163192293
world,NetworkApiPlugin,NetworkApiPlugin,loop,30,0.021831318736076355,0.006650193729339367,0.007555005140602589,0.03174995072185993,0.030942866578698158,74.07221423151593,869372.163192293,869373.166704599
world,NetworkApiPlugin,NetworkApiPlugin,loop,30,0.022885688425352175,0.006820248553683585,0.009201932698488235,0.035131932236254215,0.032261782325804234,74.058317936336,869373.166704599,869374.170642697
world,NetworkApiPlugin,NetworkApiPlugin,loop,30,0.02360946188370387,0.006002734830305066,0.008911010809242725,0.032044947147369385,0.03126068040728569,74.09042112994939,869374.170642697,869375.179043471
world,NetworkApiPlugin,NetworkApiPlugin,loop,30,0.0231307465583086,0.006869332262696888,0.008799019269645214,0.03214005846530199,0.031300639966502786,74.19319916516542,869375.179043471,869376.182809388
world,NetworkApiPlugin,NetworkApiPlugin,loop,28,0.02265652541869453,0.0065151411412044165,0.007561990059912205,0.031046918593347073,0.03058855072595179,74.23990085953847,869376.182809388,869377.186485029
world,NetworkApiPlugin,NetworkApiPlugin,loop,29,0.017290280585915876,0.008823800799775334,0.007502967491745949,0.03589398693293333,0.03215034957975149,74.22367855103622,869377.186485029,869378.195307379
world,NetworkApiPlugin,NetworkApiPlugin,loop,30,0.022374621282021206,0.006386376333263452,0.008784933015704155,0.0327529851347208,0.031971035059541464,74.28603146302824,869378.195307379,869379.198899985
world,NetworkApiPlugin,NetworkApiPlugin,loop,30,0.02307104878127575,0.005329457393393138,0.015561934560537338,0.0329859321936965,0.031132035655900833,74.11694760279109,869379.198899985,869380.202880222
world,NetworkApiPlugin,NetworkApiPlugin,loop,30,0.023815897293388844,0.006637237398380165,0.009496929123997688,0.03401399590075016,0.03313212073408067,74.43563141472016,869380.202880222,869381.211293145
world,NetworkApiPlugin,NetworkApiPlugin,loop,30,0.02137390353406469,0.005883658793044565,0.010102055966854095,0.031986040994524956,0.03062536707147956,74.34982203412801,869381.211293145,869382.215256957
world,NetworkApiPlugin,NetworkApiPlugin,loop,30,0.02210596188281973,0.005360075633969605,0.01256598625332117,0.03420992288738489,0.03038604627363383,74.27331679888691,869382.215256957,869383.219156441
world,NetworkApiPlugin,NetworkApiPlugin,loop,28,0.021899859088339975,0.00639343785940964,0.007521011866629124,0.03223097883164883,0.030014850199222565,75.37183422911247,869383.219156441,869384.227620709
world,NetworkApiPlugin,NetworkApiPlugin,loop,30,0.02463560861845811,0.006270268713131659,0.011577969416975975,0.033144024200737476,0.03237307537347078,74.45892352843657,869384.227620709,869385.231516002
world,NetworkApiPlugin,NetworkApiPlugin,loop,30,0.02303690416738391,0.006853365081850267,0.008451985195279121,0.03335403744131327,0.032012519659474485,74.48169372898217,869385.231516002,869386.235495529
world,NetworkApiPlugin,NetworkApiPlugin,loop,30,0.025859579909592867,0.007606999158016796,0.011705094948410988,0.053777010180056095,0.03199802595190704,74.73790986308207,869386.235495529,869387.243764289
world,NetworkApiPlugin,NetworkApiPlugin,loop,30,0.024273366822550695,0.006695453092743374,0.009518931619822979,0.03476301208138466,0.03275157650932668,74.49555263932173,869387.243764289,869388.247719536
world,NetworkApiPlugin,NetworkApiPlugin,loop,30,0.02647830406203866,0.009792403714972937,0.014915945939719677,0.060802907682955265,0.044915231410413974,74.73782215965912,869388.247719536,869389.251747917
world,NetworkApiPlugin,NetworkApiPlugin,loop,30,0.027630990371108055,0.008157267194631071,0.01317600253969431,0.04553096368908882,0.043985119555145495,74.80142643519987,869389.251747917,869390.259746194
world,NetworkApiPlugin,NetworkApiPlugin,loop,29,0.027226765864881975,0.009027671125193001,0.010487041436135769,0.05972397048026323,0.040306220762431594,75.57614652664753,869390.259746194,869391.358081902
world,NetworkApiPlugin,NetworkApiPlugin,loop,30,0.024127401411533356,0.007566761240413503,0.00868295319378376,0.03938598092645407,0.03658590139821172,75.35035326921691,869391.358081902,869392.367898767
world,NetworkApiPlugin,NetworkApiPlugin,loop,30,0.02527675436188777,0.005848863402193869,0.0050889793783426285,0.03236497286707163,0.032061029924079776,74.9153451101544,869392.367898767,869393.377748752
world,Pupil_Data_Relay,Pupil_Data_Relay,loop,30,0.16039137262851,0.046560855108518484,0.08637597784399986,0.27241301722824574,0.22976077161729333,73.11095546465367,869343.008645534,869344.013816579
world,Pupil_Data_Relay,Pupil_Data_Relay,loop,30,0.20327166421338916,0.05494703803236669,0.10533002205193043,0.3083529882133007,0.2700230688787997,73.18165774146716,869344.013816579,869345.01847262
world,Pupil_Data_Relay,Pupil_Data_Relay,loop,30,0.19024245363349715,0.059162763922440076,0.0819870037958026,0.3375329542905092,0.28159411158412695,73.33999428277214,869345.01847262,869346.021678893
world,Pupil_Data_Relay,Pupil_Data_Relay,loop,30,0.2054197364486754,0.06094771516388396,0.06632599979639053,0.30791701283305883,0.2964570187032223,73.57616403605789,869346.021678893,869347.030184358
world,Pupil_Data_Relay,Pupil_Data_Relay,loop,30,0.13852829967314997,0.09096694687014241,0.035486998967826366,0.4584179259836674,0.2600335283204913,73.27375210200746,869347.030184358,869348.034533507
world,Pupil_Data_Relay,Pupil_Data_Relay,loop,30,0.20474585083623728,0.06087980122004483,0.08213391993194818,0.3245699917897582,0.3141138528008014,73.32307286172484,869348.034533507,869349.039063295
world,Pupil_Data_Relay,Pupil_Data_Relay,loop,30,0.19148183443273106,0.05777840201571185,0.09279698133468628,0.2948939800262451,0.2684163744561374,73.47543704866742,869349.039063295,869350.046730986
world,Pupil_Data_Relay,Pupil_Data_Relay,loop,30,0.18585667324562868,0.06153676593724658,0.06966502405703068,0.3254599869251251,0.3104336326941847,73.27811503782868,869350.046730986,869351.050359675
world,Pupil_Data_Relay,Pupil_Data_Relay,loop,30,0.2021640189923346,0.06357547100785385,0.05360692739486694,0.3061949973925948,0.2892961318138986,73.47242956748232,869351.050359675,869352.055248872
world,Pupil_Data_Relay,Pupil_Data_Relay,loop,30,0.21014663701256117,0.07646897516333723,0.038165017031133175,0.3246569540351629,0.3123632923234254,73.6749870586209,869352.055248872,869353.062746097
world,Pupil_Data_Relay,Pupil_Data_Relay,loop,30,0.20597942251091203,0.06200622579926318,0.10273291263729334,0.31211599707603455,0.30353339971043164,73.4310357676198,869353.062746097,869354.067145385
world,Pupil_Data_Relay,Pupil_Data_Relay,loop,29,0.18476690406557814,0.07556044584777126,0.020057079382240772,0.27897802647203207,0.27006417512893677,75.56343985047063,869354.067145385,869355.070750651
world,Pupil_Data_Relay,Pupil_Data_Relay,loop,30,0.21991493801275888,0.07106589595460881,0.0836449908092618,0.4518359201028943,0.3138141008093953,73.66536546032876,869355.070750651,869356.078781641
world,Pupil_Data_Relay,Pupil_Data_Relay,loop,30,0.2105286616521577,0.06554237505143588,0.10314700193703175,0.40342495776712894,0.31229238375090057,73.71508116678645,869356.078781641,869357.082917928
world,Pupil_Data_Relay,Pupil_Data_Relay,loop,30,0.19633577515681586,0.06588714744480935,0.053138937801122665,0.331423943862319,0.27478456031531096,73.72494019024695,869357.082917928,869358.086770361
world,Pupil_Data_Relay,Pupil_Data_Relay,loop,30,0.20773356858020028,0.07329815555572494,0.05658995360136032,0.46733301132917404,0.28911004774272436,73.66870164017503,869358.086770361,869359.090951002
world,Pupil_Data_Relay,Pupil_Data_Relay,loop,30,0.21530670346692204,0.07304789399367301,0.09417207911610603,0.3873909590765834,0.3468223789241163,73.92764886220296,869359.090951002,869360.099511503
world,Pupil_Data_Relay,Pupil_Data_Relay,loop,30,0.1968280722697576,0.0654708237201607,0.05130702629685402,0.318991020321846,0.30588805093429977,73.78293603736286,869360.099511503,869361.102867521
world,Pupil_Data_Relay,Pupil_Data_Relay,loop,30,0.21233772858977318,0.05589091994219396,0.08715596050024033,0.324549968354404,0.2891147974878549,73.88434072490782,869361.102867521,869362.107109044
world,Pupil_Data_Relay,Pupil_Data_Relay,loop,30,0.2013235663374265,0.07486473397682954,0.04596903454512358,0.3331688931211829,0.30617350712418556,74.37728192890063,869362.107109044,869363.115515351
world,Pupil_Data_Relay,Pupil_Data_Relay,loop,30,0.19809437217190862,0.04808993134116983,0.10717799887061119,0.3016419941559434,0.2727357554249465,73.79695852287114,869363.115515351,869364.118877312
world,Pupil_Data_Relay,Pupil_Data_Relay,loop,30,0.21345264200742045,0.05251555597903774,0.0888319918885827,0.2990399952977896,0.2827795455232262,74.01364305987954,869364.118877312,869365.122838068
world,Pupil_Data_Relay,Pupil_Data_Relay,loop,27,0.17038107573710107,0.06644290340327912,0.03338197711855173,0.26062410324811935,0.2556415041908622,75.54225573592164,869365.122838068,869366.131062043
world,Pupil_Data_Relay,Pupil_Data_Relay,loop,30,0.19163173468162617,0.05997965392395647,0.05070795305073261,0.3112219274044037,0.288170069688931,73.91391230048612,869366.131062043,869367.135532356
world,Pupil_Data_Relay,Pupil_Data_Relay,loop,30,0.19667946811144552,0.0608114029925769,0.0747479498386383,0.3061440074816346,0.2903333574067801,74.01739879278466,869367.135532356,869368.13916292
world,Pupil_Data_Relay,Pupil_Data_Relay,loop,30,0.1829402482447525,0.06957803058307288,0.03898108843713999,0.34594396129250526,0.29505424899980426,75.05594027461484,869368.13916292,869369.147551598
world,Pupil_Data_Relay,Pupil_Data_Relay,loop,30,0.18895528046414256,0.04776205960110521,0.08873606566339731,0.2989770146086812,0.25921041378751397,74.10368536754201,869369.147551598,869370.150871852
world,Pupil_Data_Relay,Pupil_Data_Relay,loop,30,0.20808283782874545,0.050193887094651966,0.1345110358670354,0.29888295102864504,0.28138360357843334,74.24562943245594,869370.150871852,869371.155546226
world,Pupil_Data_Relay,Pupil_Data_Relay,loop,30,0.1865547887670497,0.06160333475586657,0.0909619266167283,0.3254789626225829,0.27966593042947346,74.20322209363803,869371.155546226,869372.164157607
world,Pupil_Data_Relay,Pupil_Data_Relay,loop,30,0.1918579451739788,0.06964594850035541,0.052477000281214714,0.30130206141620874,0.29961157124489546,74.28846003798147,869372.164157607,869373.167328659
world,Pupil_Data_Relay,Pupil_Data_Relay,loop,30,0.1901802335244914,0.08180693579816992,0.06648094858974218,0.48612209502607584,0.2972974849399179,74.26843573727335,869373.167328659,869374.17108974
world,Pupil_Data_Relay,Pupil_Data_Relay,loop,30,0.19673563462371627,0.05963031525875911,0.05798693746328354,0.280498992651701,0.2640711434651166,74.31476966788371,869374.17108974,869375.179781169
world,Pupil_Data_Relay,Pupil_Data_Relay,loop,30,0.184673680147777,0.06496341947055918,0.07004698272794485,0.30065805185586214,0.2809777914080768,74.39887479801352,869375.179781169,869376.183307727
world,Pupil_Data_Relay,Pupil_Data_Relay,loop,28,0.18188351116675353,0.05713031589202081,0.0864280154928565,0.2877080114558339,0.26470383163541555,74.43745238457008,869376.183307727,869377.186743111
world,Pupil_Data_Relay,Pupil_Data_Relay,loop,29,0.12800210267947665,0.07492402039126805,0.046252040192484856,0.27798290830105543,0.2636063611134887,74.37052400300986,869377.186743111,869378.195807577
world,Pupil_Data_Relay,Pupil_Data_Relay,loop,30,0.17405804246664047,0.05940133542919933,0.06800401024520397,0.2923249267041683,0.2595921279862523,74.48795734283824,869378.195807577,869379.19976206
world,Pupil_Data_Relay,Pupil_Data_Relay,loop,30,0.1903253374621272,0.05850336137648742,0.11241796892136335,0.344353960826993,0.2837287203874439,74.33001790971805,869379.19976206,869380.203427844
world,Pupil_Data_Relay,Pupil_Data_Relay,loop,30,0.19515079135696092,0.06704099606823359,0.06917899008840322,0.32557197846472263,0.2986238105222583,74.65770388565336,869380.203427844,869381.21204595
world,Pupil_Data_Relay,Pupil_Data_Relay,loop,30,0.18203593402480087,0.06657007223207786,0.08227198850363493,0.436606933362782,0.2694565802812576,74.55707012365262,869381.21204595,869382.215914341
world,Pupil_Data_Relay,Pupil_Data_Relay,loop,30,0.1821100634212295,0.060501702256652495,0.10037294123321772,0.41778094600886106,0.26952307089231897,74.47649597500761,869382.215914341,869383.219653895
world,Pupil_Data_Relay,Pupil_Data_Relay,loop,28,0.17179043581044035,0.07116366723960346,0.02763001248240471,0.30356203205883503,0.2805290510877967,75.57273121035125,869383.219653895,869384.228472038
world,Pupil_Data_Relay,Pupil_Data_Relay,loop,30,0.2007942646741867,0.05896999114613893,0.10924902744591236,0.3146309172734618,0.2834960527252406,74.68154343077913,869384.228472038,869385.231919744
world,Pupil_Data_Relay,Pupil_Data_Relay,loop,30,0.20150719598556557,0.08803849797053596,0.0657760538160801,0.41802902705967426,0.32870689756236965,74.7083696265084,869385.231919744,869386.236202516
world,Pupil_Data_Relay,Pupil_Data_Relay,loop,30,0.20420573030908903,0.058067034741309954,0.09913498070091009,0.31029200181365013,0.2983918879181146,74.96934652250881,869386.236202516,869387.244461868
world,Pupil_Data_Relay,Pupil_Data_Relay,loop,30,0.1949166995473206,0.06711997442493758,0.05376094486564398,0.3024939214810729,0.2883135050069541,74.71623131229232,869387.244461868,869388.248400957
world,Pupil_Data_Relay,Pupil_Data_Relay,loop,30,0.19117223176484308,0.06118678927326408,0.09962497279047966,0.299704959616065,0.2968193788547069,74.947028591608,869388.248400957,869389.252069686
world,Pupil_Data_Relay,Pupil_Data_Relay,loop,30,0.20715790257478753,0.056557494359694135,0.1128270523622632,0.3167759859934449,0.2954767842311411,75.03060116820659,869389.252069686,869390.260232464
world,Pupil_Data_Relay,Pupil_Data_Relay,loop,29,0.21399680428720755,0.06026783937199346,0.0730419997125864,0.35687105264514685,0.3275773953646421,75.80900368489453,869390.260232464,869391.358604292
world,Pupil_Data_Relay,Pupil_Data_Relay,loop,30,0.17826318896065155,0.05967647929512146,0.0424790196120739,0.2971439389511943,0.2636559831444174,75.56179233361036,869391.358604292,869392.368837861
world,Pupil_Data_Relay,Pupil_Data_Relay,loop,30,0.20258278818801045,0.0745516820129202,0.04386599175632,0.49090199172496796,0.287902116542682,75.18762831653778,869392.368837861,869393.379710451
world,Fixation_Detector,Fixation_Detector,loop,30,0.008741327716658512,0.0025409234526390565,0.004953937605023384,0.01400092151015997,0.0137163617182523,73.13832046929747,869343.010938452,869344.014057628
world,Fixation_Detector,Fixation_Detector,loop,30,0.010787501620749632,0.002870051461882443,0.003053923137485981,0.015377998352050781,0.013801321620121597,73.22564950445667,869344.014057628,869345.019121636
world,Fixation_Detector,Fixation_Detector,loop,30,0.011658307630568743,0.0057263660599440195,0.004881992936134338,0.03840797580778599,0.01581017859280109,73.36992293906708,869345.019121636,869346.021867918
world,Fixation_Detector,Fixation_Detector,loop,30,0.011483331521352133,0.0052859146715154084,0.0037499703466892242,0.036048004403710365,0.014137913240119815,73.60930242963757,869346.021867918,869347.030451728
world,Fixation_Detector,Fixation_Detector,loop,30,0.007489824201911688,0.0036631345360883453,0.0028780195862054825,0.01457706093788147,0.013841531472280622,73.30261748672153,869347.030451728,869348.034916417
world,Fixation_Detector,Fixation_Detector,loop,30,0.010667605480800072,0.0026727887443116906,0.004363013431429863,0.014596967957913876,0.014113920042291282,73.37148300139233,869348.034916417,869349.039854713
world,Fixation_Detector,Fixation_Detector,loop,30,0.010078602160016695,0.0028152834167033546,0.004592002369463444,0.014639925211668015,0.013767974451184271,73.51311732782051,869349.039854713,869350.047213559
world,Fixation_Detector,Fixation_Detector,loop,30,0.009672289403776327,0.002513180357336434,0.004121102392673492,0.014752964489161968,0.013047020183876157,73.31073567038402,869350.047213559,869351.050687337
world,Fixation_Detector,Fixation_Detector,loop,30,0.011432609365632137,0.004695247880903387,0.003152061253786087,0.027428031899034977,0.01977614592760799,73.51831316482276,869351.050687337,869352.055923339
world,Fixation_Detector,Fixation_Detector,loop,30,0.010754645336419344,0.0032173686933282403,0.0023350585252046585,0.014714081771671772,0.013930653221905231,73.7126136974742,869352.055923339,869353.063181698
world,Fixation_Detector,Fixation_Detector,loop,30,0.01066533150151372,0.002635326662772296,0.005126930773258209,0.014319084584712982,0.013818743173032999,73.47464972408488,869353.063181698,869354.067742371
world,Fixation_Detector,Fixation_Detector,loop,29,0.0096924747500954,0.003616753846282578,0.0023599714040756226,0.015171011909842491,0.014349003322422504,75.59473734702273,869354.067742371,869355.071070048
world,Fixation_Detector,Fixation_Detector,loop,30,0.011264536684999863,0.0023833038114680237,0.00432401429861784,0.016359961591660976,0.014597940025851129,73.70210617082193,869355.071070048,869356.079117211
world,Fixation_Detector,Fixation_Detector,loop,30,0.011817835426578919,0.006091512235915569,0.005695968866348267,0.036130077205598354,0.02264291397295888,73.74968539612989,869356.079117211,869357.083254858
world,Fixation_Detector,Fixation_Detector,loop,30,0.010248261969536543,0.002681773736732147,0.003950903192162514,0.015095924027264118,0.014232570538297292,73.75561143659677,869357.083254858,869358.087040564
world,Fixation_Detector,Fixation_Detector,loop,30,0.011156359687447548,0.0032024660566286538,0.0037209829315543175,0.019612954929471016,0.01536965719424188,73.7076135003008,869358.087040564,869359.091425059
world,Fixation_Detector,Fixation_Detector,loop,30,0.010701078766336044,0.0024311204075807354,0.005436013452708721,0.014575081877410412,0.013341271551325917,73.97337620689844,869359.091425059,869360.1001939
world,Fixation_Detector,Fixation_Detector,loop,30,0.011712421352664629,0.00897524772201926,0.0034850090742111206,0.05808798596262932,0.013730354839935895,73.82400353671983,869360.1001939,869361.103410179
world,Fixation_Detector,Fixation_Detector,loop,30,0.010875371905664602,0.0024077068215573585,0.005087931640446186,0.0144630903378129,0.013312004739418626,73.91957237074773,869361.103410179,869362.107445296
world,Fixation_Detector,Fixation_Detector,loop,30,0.010444122987488905,0.0032755901870355087,0.004349974915385246,0.01609895844012499,0.014885392738506196,74.4140700281908,869362.107445296,869363.115920948
world,Fixation_Detector,Fixation_Detector,loop,30,0.010461247681329647,0.0024588650790336782,0.005985959433019161,0.015628058463335037,0.014738255413249132,73.8364619629768,869363.115920948,869364.119338401
world,Fixation_Detector,Fixation_Detector,loop,30,0.012057305624087652,0.004845683941518915,0.005066045559942722,0.03455893602222204,0.014724273933097718,74.04834507033229,869364.119338401,869365.123137697
world,Fixation_Detector,Fixation_Detector,loop,27,0.01077444930733354,0.0062186688031467775,0.0025909394025802612,0.03043096512556076,0.024166295770555724,75.57264507610213,869365.123137697,869366.131320611
world,Fixation_Detector,Fixation_Detector,loop,30,0.010071279636273781,0.003182841328349206,0.003137974999845028,0.018734019249677658,0.014166656183078883,73.95520356173317,869366.131320611,869367.136127461
world,Fixation_Detector,Fixation_Detector,loop,30,0.010238529648631811,0.0027789946677757404,0.004478031769394875,0.01399102620780468,0.013672508066520095,74.04941035977875,869367.136127461,869368.139441954
world,Fixation_Detector,Fixation_Detector,loop,30,0.009901561619093021,0.0028807463523285925,0.0027259811758995056,0.014481018297374249,0.013538741040974854,75.09270920030151,869368.139441954,869369.148024779
world,Fixation_Detector,Fixation_Detector,loop,30,0.010287338712563118,0.002648672010419726,0.004815054126083851,0.014792894944548607,0.013886124361306427,74.13441360307236,869369.148024779,869370.151139576
world,Fixation_Detector,Fixation_Detector,loop,30,0.011634566665937504,0.003605658868304256,0.006746035069227219,0.02321705687791109,0.01708104973658918,74.28575069643557,869370.151139576,869371.156017964
world,Fixation_Detector,Fixation_Detector,loop,30,0.009987196729828915,0.0030155481349343795,0.00463507603853941,0.015318975783884525,0.013781583402305841,74.24612304118152,869371.156017964,869372.164823928
world,Fixation_Detector,Fixation_Detector,loop,30,0.009766810884078344,0.0029639215414593856,0.0030730152502655983,0.01400697510689497,0.013763277092948556,74.32520822621882,869372.164823928,869373.167788343
world,Fixation_Detector,Fixation_Detector,loop,30,0.009881138491133848,0.002872477498315271,0.0039800070226192474,0.014433055184781551,0.01365563948638737,74.3015240994282,869373.167788343,869374.171454086
world,Fixation_Detector,Fixation_Detector,loop,30,0.010654613530884186,0.0030935142875413543,0.003797002136707306,0.014628050848841667,0.01401263871230185,74.35848992705967,869374.171454086,869375.180403159
world,Fixation_Detector,Fixation_Detector,loop,30,0.009735929779708385,0.002947978903478764,0.0039029400795698166,0.014211982488632202,0.01373014529235661,74.43023217298712,869375.180403159,869376.183631468
world,Fixation_Detector,Fixation_Detector,loop,28,0.009762326953932643,0.0030131103760180334,0.003155902959406376,0.013818033039569855,0.013492465950548649,74.46541586042648,869376.183631468,869377.186931881
world,Fixation_Detector,Fixation_Detector,loop,29,0.007444053310258636,0.003637752599523991,0.0030760420486330986,0.014591962099075317,0.013632001355290413,74.40467745643751,869377.186931881,869378.19636215
world,Fixation_Detector,Fixation_Detector,loop,30,0.009526440408080816,0.0028484304543832245,0.0037460122257471085,0.014329096302390099,0.01334063708782196,74.52881815843284,869378.19636215,869379.200394764
world,Fixation_Detector,Fixation_Detector,loop,30,0.012876861728727818,0.01755769039597492,0.00612006988376379,0.10663096327334642,0.012937269639223814,74.36762747044365,869379.200394764,869380.203815537
world,Fixation_Detector,Fixation_Detector,loop,30,0.010351999662816525,0.0029680204553520647,0.004909001290798187,0.014756922610104084,0.013693177606910467,74.69980647632231,869380.203815537,869381.212649341
world,Fixation_Detector,Fixation_Detector,loop,30,0.00953629690532883,0.0029253276255627454,0.004780944436788559,0.015384051948785782,0.01380906323902309,74.6006957294109,869381.212649341,869382.216601102
world,Fixation_Detector,Fixation_Detector,loop,30,0.009849225170910358,0.003790103612892406,0.0057220458984375,0.025952933356165886,0.013722298899665475,74.50926427263767,869382.216601102,869383.220023045
world,Fixation_Detector,Fixation_Detector,loop,28,0.009226097193147455,0.0030923271191446214,0.003034016117453575,0.01441792119294405,0.013357773423194885,75.6151147818725,869383.220023045,869384.229098504
world,Fixation_Detector,Fixation_Detector,loop,30,0.011081733585645756,0.003163001468916678,0.005781999789178371,0.019827974028885365,0.014925433788448572,74.71535187214613,869384.229098504,869385.2321741
world,Fixation_Detector,Fixation_Detector,loop,30,0.010314273337523142,0.004445490655130239,0.003481050953269005,0.026392051950097084,0.015030184295028446,74.74669875421871,869385.2321741,869386.236712237
world,Fixation_Detector,Fixation_Detector,loop,30,0.010497010468194881,0.002578238814477689,0.004959059879183769,0.014147022739052773,0.013791630044579506,75.00575068018709,869386.236712237,869387.244911243
world,Fixation_Detector,Fixation_Detector,loop,30,0.009985326323658228,0.002873442058937739,0.003597000613808632,0.014153076335787773,0.013298186240717769,74.75239601529513,869387.244911243,869388.248859618
world,Fixation_Detector,Fixation_Detector,loop,30,0.01053439142803351,0.003641227485092743,0.005748937837779522,0.022088061086833477,0.016776326810941083,74.97517702868208,869388.248859618,869389.252274332
world,Fixation_Detector,Fixation_Detector,loop,30,0.010781905924280485,0.002796621772711041,0.005451962351799011,0.01984101254492998,0.014367629773914814,75.06104373993973,869389.252274332,869390.260468901
world,Fixation_Detector,Fixation_Detector,loop,29,0.010595681017328953,0.0024697762045959486,0.004259985871613026,0.01363398041576147,0.013374164700508118,75.83723737103543,869390.260468901,869391.358781356
world,Fixation_Detector,Fixation_Detector,loop,30,0.00983489832530419,0.0028808266838649945,0.003597000613808632,0.015283003449440002,0.013740296708419917,75.60487262671813,869391.358781356,869392.369524338
world,Fixation_Detector,Fixation_Detector,loop,30,0.010082408941040436,0.0024814087010849003,0.002338085323572159,0.01446995884180069,0.013647577725350855,75.26319486011441,869392.369524338,869393.381298214
world,ScreenMarkerChoreographyPlugin,ScreenMarkerChoreographyPlugin,loop,31,14.111827972585395,4.241034950171394,4.468432976864278,21.98653295636177,19.508612516801804,87.17940309114995,869343.050557899,869344.086507334
world,ScreenMarkerChoreographyPlugin,ScreenMarkerChoreographyPlugin,loop,30,11.828292017647376,5.249802094847352,7.1509170811623335,28.105131001211703,21.08129088883288,85.15443640450637,869344.086507334,869345.10140903
world,ScreenMarkerChoreographyPlugin,ScreenMarkerChoreographyPlugin,loop,31,15.61283266487261,6.291202789121328,3.4039400052279234,38.01097092218697,24.781212443485856,88.97267025519884,869345.10140903,869346.127116871
world,ScreenMarkerChoreographyPlugin,ScreenMarkerChoreographyPlugin,loop,30,12.339390767738223,6.920085504186908,6.193584064021707,41.435941006056964,20.6038870208431,85.99474467337132,869346.127116871,869347.144042128
world,ScreenMarkerChoreographyPlugin,ScreenMarkerChoreographyPlugin,loop,30,12.098943395540118,6.004004411400096,4.057811922393739,24.188466020859778,21.792174567235634,85.43992477158706,869347.144042128,869348.154485931
world,ScreenMarkerChoreographyPlugin,ScreenMarkerChoreographyPlugin,loop,30,12.220336229074746,5.32831338751681,5.887098959647119,23.75007001683116,21.190394507721063,85.60737559649472,869348.154485931,869349.16126368
world,ScreenMarkerChoreographyPlugin,ScreenMarkerChoreographyPlugin,loop,30,16.747279174160212,4.6002895342859,10.381652973592281,34.69606500584632,23.16394366789608,90.30025103517498,869349.16126368,869350.170477225
world,ScreenMarkerChoreographyPlugin,ScreenMarkerChoreographyPlugin,loop,31,12.456812321268503,4.765345975865913,4.893130040727556,21.765323006547987,20.3369504888542,85.74174017825675,869350.170477225,869351.202577055
world,ScreenMarkerChoreographyPlugin,ScreenMarkerChoreographyPlugin,loop,30,17.481391267695773,4.471396782624681,7.317657931707799,31.17949399165809,23.660316021414463,91.11957259010524,869351.202577055,869352.220891164
world,ScreenMarkerChoreographyPlugin,ScreenMarkerChoreographyPlugin,loop,31,12.611551841180171,5.403503486938555,4.4552290346473455,26.74273494631052,21.51861001038924,86.28331196509421,869352.220891164,869353.239253681
world,ScreenMarkerChoreographyPlugin,ScreenMarkerChoreographyPlugin,loop,30,16.176806665801752,4.705831379774426,0.0317329540848732,22.755343932658434,21.89496330684051,90.28126316455503,869353.239253681,869354.250986937
world,ScreenMarkerChoreographyPlugin,ScreenMarkerChoreographyPlugin,loop,30,0.03665885888040066,0.013779556495408414,0.010913005098700523,0.06674497853964567,0.055779877584427595,75.02048551104963,869354.250986937,869355.26978159
world,ScreenMarkerChoreographyPlugin,ScreenMarkerChoreographyPlugin,loop,30,0.04145698621869087,0.008082425003111083,0.024656997993588448,0.05912198685109615,0.05241340841166674,73.81092226908852,869355.26978159,869356.278311875
world,ScreenMarkerChoreographyPlugin,ScreenMarkerChoreographyPlugin,loop,30,0.03663375973701477,0.008262892043970108,0.02044602297246456,0.05442393012344837,0.045753008453175426,73.78572596159454,869356.278311875,869357.282073266
world,ScreenMarkerChoreographyPlugin,ScreenMarkerChoreographyPlugin,loop,30,0.0383457246546944,0.009520696355388313,0.014444929547607899,0.05536398384720087,0.052327895537018755,73.85247809579596,869357.282073266,869358.28596576
world,ScreenMarkerChoreographyPlugin,ScreenMarkerChoreographyPlugin,loop,30,0.03724052803590894,0.008901087599350932,0.018176971934735775,0.05657097790390253,0.047381973126903176,73.75720298926656,869358.28596576,869359.294076755
world,ScreenMarkerChoreographyPlugin,ScreenMarkerChoreographyPlugin,loop,30,0.03759923856705427,0.00819455596223984,0.011813943274319172,0.04903099033981562,0.04767096252180635,74.06525063561276,869359.294076755,869360.298022319
world,ScreenMarkerChoreographyPlugin,ScreenMarkerChoreographyPlugin,loop,30,0.03978446281204621,0.017729080094424282,0.018401071429252625,0.12462795712053776,0.0476048735436052,73.90728452786182,869360.298022319,869361.302290073
world,ScreenMarkerChoreographyPlugin,ScreenMarkerChoreographyPlugin,loop,30,0.036224781069904566,0.009859553472506468,0.018480001017451286,0.050924019888043404,0.049739150563254945,74.22835472195099,869361.302290073,869362.317737537
world,ScreenMarkerChoreographyPlugin,ScreenMarkerChoreographyPlugin,loop,31,0.038703509245909026,0.008845821424705726,0.02359994687139988,0.05641405005007982,0.05400896770879626,74.1617220318726,869362.317737537,869363.34611178
world,ScreenMarkerChoreographyPlugin,ScreenMarkerChoreographyPlugin,loop,30,0.037599929297963776,0.008251161693729631,0.02185697667300701,0.061293947510421276,0.047827785601839416,74.02445587795228,869363.34611178,869364.354456041
world,ScreenMarkerChoreographyPlugin,ScreenMarkerChoreographyPlugin,loop,26,0.9126499599705522,4.36047149740121,0.01770397648215294,22.71495689637959,0.05743332440033555,75.70166327059269,869364.354456041,869365.368807343
world,ScreenMarkerChoreographyPlugin,ScreenMarkerChoreographyPlugin,loop,31,12.432421655243923,4.995402438312435,5.4510500049218535,27.68159401603043,19.750585488509387,87.1279583267507,869365.368807343,869366.377417969
world,ScreenMarkerChoreographyPlugin,ScreenMarkerChoreographyPlugin,loop,30,15.299527234553048,3.1279780978014293,9.031596942804754,21.537797059863806,20.61189367668703,89.26995216558377,869366.377417969,869367.384944214
world,ScreenMarkerChoreographyPlugin,ScreenMarkerChoreographyPlugin,loop,30,13.117848068941385,5.953146989265894,5.555280018597841,33.554253983311355,20.74279707740061,87.29632150692244,869367.384944214,869368.39118555
world,ScreenMarkerChoreographyPlugin,ScreenMarkerChoreographyPlugin,loop,30,18.150901596527547,6.2323615498510705,10.461473022587597,45.601391000673175,24.434652150375765,93.22850389871746,869368.39118555,869369.394274429
world,ScreenMarkerChoreographyPlugin,ScreenMarkerChoreographyPlugin,loop,30,13.469879631884396,5.538031389019692,5.535525968298316,28.707548044621944,22.620229783933596,87.62312253238633,869369.394274429,869370.406443387
world,ScreenMarkerChoreographyPlugin,ScreenMarkerChoreographyPlugin,loop,31,16.162554838604503,3.1604390243006497,8.812971063889563,21.75758604425937,21.375335985794663,90.48366428713405,869370.406443387,869371.443658121
world,ScreenMarkerChoreographyPlugin,ScreenMarkerChoreographyPlugin,loop,30,13.916348270140588,5.711468403720643,4.099908983334899,31.20783099438995,22.953068953938768,88.25209306475396,869371.443658121,869372.451168597
world,ScreenMarkerChoreographyPlugin,ScreenMarkerChoreographyPlugin,loop,31,15.029460563504648,3.7848860117262833,6.177964038215578,22.4074840079993,20.710129931103438,89.28115198749208,869372.451168597,869373.483243936
world,ScreenMarkerChoreographyPlugin,ScreenMarkerChoreographyPlugin,loop,30,13.822533539496362,6.309449194256698,5.474897916428745,29.137061908841133,25.49220350338144,88.3012199619164,869373.483243936,869374.486344388
world,ScreenMarkerChoreographyPlugin,ScreenMarkerChoreographyPlugin,loop,30,16.598410760828603,4.151391272907169,8.390696020796895,28.58533593825996,21.85383348260075,90.82896099813904,869374.486344388,869375.493489784
world,ScreenMarkerChoreographyPlugin,ScreenMarkerChoreographyPlugin,loop,30,14.002987726901969,4.965409848539526,4.882575944066048,22.429629927501082,20.900075964163985,88.49825489257152,869375.493489784,869376.497642033
world,ScreenMarkerChoreographyPlugin,ScreenMarkerChoreographyPlugin,loop,27,17.470672386008555,16.97252722393121,7.090579019859433,102.01195604167879,20.68714826600626,92.10168103756452,869376.497642033,869377.501313661
world,ScreenMarkerChoreographyPlugin,ScreenMarkerChoreographyPlugin,loop,30,10.448309728720536,5.7827715557883845,1.7930309986695647,19.67231696471572,17.11116259684786,84.73677863754953,869377.501313661,869378.505610741
world,ScreenMarkerChoreographyPlugin,ScreenMarkerChoreographyPlugin,loop,30,16.045116443031777,4.311678077699621,8.322558016516268,31.6120550269261,21.410172339528796,90.66956692840904,869378.505610741,869379.518815899
world,ScreenMarkerChoreographyPlugin,ScreenMarkerChoreographyPlugin,loop,30,14.504556299652904,4.627852948729382,6.126558058895171,24.376483052037656,20.2610659180209,89.04254096172129,869379.518815899,869380.525056274
world,ScreenMarkerChoreographyPlugin,ScreenMarkerChoreographyPlugin,loop,30,15.94378286972642,3.934579284812621,5.949866957962513,22.402118076570332,21.470513468375426,90.54010056424886,869380.525056274,869381.530281469
world,ScreenMarkerChoreographyPlugin,ScreenMarkerChoreographyPlugin,loop,30,15.448464034125209,5.612362850473073,4.738782998174429,32.374016009271145,22.162396949715912,90.11011510156095,869381.530281469,869382.535872095
world,ScreenMarkerChoreographyPlugin,ScreenMarkerChoreographyPlugin,loop,30,16.402987549857546,3.5000458566611448,9.770822012796998,24.537855060771108,21.677552838809785,90.94653063220903,869382.535872095,869383.53901078
world,ScreenMarkerChoreographyPlugin,ScreenMarkerChoreographyPlugin,loop,29,4.7207541386436285,7.162908059143111,0.015586032532155514,19.81690793763846,17.14379379991442,80.34396178795603,869383.53901078,869384.559202683
world,ScreenMarkerChoreographyPlugin,ScreenMarkerChoreographyPlugin,loop,30,0.0377180598055323,0.01075613922490392,0.01454702578485012,0.053965020924806595,0.05393194733187556,74.84630829421803,869384.559202683,869385.567261614
world,ScreenMarkerChoreographyPlugin,ScreenMarkerChoreographyPlugin,loop,30,0.03714223469917973,0.01097040683069371,0.012880074791610241,0.05263299681246281,0.05218330188654363,74.84685756886999,869385.567261614,869386.571100868
world,ScreenMarkerChoreographyPlugin,ScreenMarkerChoreographyPlugin,loop,30,0.03514006190622846,0.011146420682569219,0.018704915419220924,0.05658797454088926,0.04848261014558375,74.95596430186804,869386.571100868,869387.575318173
world,ScreenMarkerChoreographyPlugin,ScreenMarkerChoreographyPlugin,loop,30,0.037055707070976496,0.007110176873594146,0.02158700954169035,0.04947104025632143,0.045637326547876,74.96773771708831,869387.575318173,869388.583504366
world,ScreenMarkerChoreographyPlugin,ScreenMarkerChoreographyPlugin,loop,30,0.03709609154611826,0.008145977345807654,0.021276995539665222,0.0512230908498168,0.04911687574349344,75.01546425822501,869388.583504366,869389.587322716
world,ScreenMarkerChoreographyPlugin,ScreenMarkerChoreographyPlugin,loop,30,0.03702924198781451,0.007995720744929085,0.019586062990128994,0.049393973313272,0.0475002103485167,75.09175585970904,869389.587322716,869390.591265024
world,ScreenMarkerChoreographyPlugin,ScreenMarkerChoreographyPlugin,loop,26,3.426344304058987,5.705486454466204,0.01613690983504057,23.12704105861485,10.783534060465172,79.44145635253965,869390.591265024,869391.60733098
world,ScreenMarkerChoreographyPlugin,ScreenMarkerChoreographyPlugin,loop,30,8.287617564201355,4.608861207410169,2.84143490716815,31.063901027664542,9.827130736084655,83.99852376508836,869391.60733098,869392.607473563
world,ScreenMarkerChoreographyPlugin,ScreenMarkerChoreographyPlugin,loop,30,14.568432664964348,4.111613470770752,4.357717931270599,21.474078996106982,19.983979797689237,89.77491838935141,869392.607473563,869393.616366018
world,System_Graphs,System_Graphs,loop,31,0.04777919891620836,0.09183936839703707,0.0031329691410064697,0.3523649647831917,0.2832470345310867,87.3124627809551,869343.052211496,869344.08726919
world,System_Graphs,System_Graphs,loop,30,0.045459174240628876,0.07680009933829125,0.0027579953894019127,0.2609729999676347,0.23012707242742164,85.25834133615717,869344.08726919,869345.101849705
world,System_Graphs,System_Graphs,loop,31,0.03672593964203712,0.06669636733734205,0.002958928234875202,0.25821803137660027,0.1875715097412467,89.05533438308105,869345.101849705,869346.127440305
world,System_Graphs,System_Graphs,loop,30,0.06576334126293659,0.11657522795965362,0.003688037395477295,0.3845799947157502,0.322524644434452,86.14659550754975,869346.127440305,869347.144989408
world,System_Graphs,System_Graphs,loop,30,0.03368420293554664,0.06717336418000416,0.002851942554116249,0.3179380437359214,0.15329314628615945,85.51631146498646,869347.144989408,869348.154700212
world,System_Graphs,System_Graphs,loop,30,0.04559274141987165,0.07837254623102931,0.002680928446352482,0.29437209013849497,0.21307605784386383,85.70766001939774,869348.154700212,869349.161646818
world,System_Graphs,System_Graphs,loop,30,0.041666165149460234,0.07482998585383871,0.003797002136707306,0.2850840101018548,0.22197106736712136,90.39015979118024,869349.161646818,869350.170716463
world,System_Graphs,System_Graphs,loop,31,0.05863694804570367,0.0954214870114732,0.003703986294567585,0.29252993408590555,0.2880134852603078,85.87567711759719,869350.170716463,869351.203781631
world,System_Graphs,System_Graphs,loop,30,0.048195927714308105,0.08577273359153749,0.0034420518204569817,0.28638902585953474,0.2688619075343013,91.22255628850932,869351.203781631,869352.221450018
world,System_Graphs,System_Graphs,loop,31,0.0526807721584074,0.09394777161620192,0.0037549762055277824,0.3064119955524802,0.2724314690567553,86.39437206570179,869352.221450018,869353.239638742
world,System_Graphs,System_Graphs,loop,30,0.033801537938416004,0.05310816110357439,0.003422028385102749,0.18332398030906916,0.15638679615221918,90.37168220384046,869353.239638742,869354.251494229
world,System_Graphs,System_Graphs,loop,30,0.05408171952391664,0.09378968207286571,0.0021529849618673325,0.3133099526166916,0.262584805022925,75.12697404405723,869354.251494229,869355.27041345
world,System_Graphs,System_Graphs,loop,30,0.059062455936024584,0.10003071374802325,0.006087939254939556,0.29447709675878286,0.27310088044032454,73.92015071042503,869355.27041345,869356.278976441
world,System_Graphs,System_Graphs,loop,30,0.050698674749583006,0.08617316742484779,0.005465000867843628,0.275616068392992,0.25110758724622423,73.87979759369045,869356.278976441,869357.282602494
world,System_Graphs,System_Graphs,loop,30,0.046753662172704935,0.07778614576087875,0.002924934960901737,0.23624696768820286,0.22959003108553586,73.94587030091013,869357.282602494,869358.286604577
world,System_Graphs,System_Graphs,loop,30,0.05826603931685289,0.10141648257451968,0.003003980964422226,0.29711402021348476,0.29100803658366203,73.85970293156181,869358.286604577,869359.294611404
world,System_Graphs,System_Graphs,loop,30,0.05892320380856594,0.10208551534614163,0.002408982254564762,0.3190700663253665,0.29191939975135023,74.16935773411144,869359.294611404,869360.298605746
world,System_Graphs,System_Graphs,loop,30,0.049666098008553185,0.08403821982587631,0.004335073754191399,0.2930060727521777,0.22817144053988153,74.0113488980569,869360.298605746,869361.303119288
world,System_Graphs,System_Graphs,loop,30,0.05483727824563781,0.0968394730302185,0.0033989781513810158,0.29990903567522764,0.28231306350789953,74.31711179281895,869361.303119288,869362.31795658
world,System_Graphs,System_Graphs,loop,31,0.04614699601886734,0.07655755301958232,0.005087000317871571,0.26638503186404705,0.20158349070698023,74.24875003315749,869362.31795658,869363.346541124
world,System_Graphs,System_Graphs,loop,30,0.05659659315521518,0.09742817857390156,0.005212030373513699,0.29983394779264927,0.2803209878038614,74.13333072715129,869363.346541124,869364.355239763
world,System_Graphs,System_Graphs,loop,26,0.055023428733245686,0.09568188236101094,0.004485948011279106,0.3308970481157303,0.24941976880654693,75.7942466208568,869364.355239763,869365.36902389
world,System_Graphs,System_Graphs,loop,31,0.03736608872009862,0.06060267612498319,0.0028439098969101906,0.2022680127993226,0.18758693477138877,87.23212123262665,869365.36902389,869366.378139197
world,System_Graphs,System_Graphs,loop,30,0.04243582564716538,0.07742519628332095,0.0037050340324640274,0.3146739909425378,0.20964146824553584,89.36365713210155,869366.378139197,869367.385346497
world,System_Graphs,System_Graphs,loop,30,0.05203144003947576,0.09178582024328279,0.0028689391911029816,0.3008999628946185,0.27238990878686303,87.40305702667683,869367.385346497,869368.391443771
world,System_Graphs,System_Graphs,loop,30,0.03837321031217774,0.06474873208438289,0.0034979311749339104,0.26673905085772276,0.16439100727438907,93.32508920924738,869368.391443771,869369.394768997
world,System_Graphs,System_Graphs,loop,30,0.04568366178621849,0.0803925036910543,0.0037821009755134583,0.29378803446888924,0.2558344218414277,87.73710050930579,869369.394768997,869370.407154843
world,System_Graphs,System_Graphs,loop,31,0.04047332256431541,0.06464415231333659,0.003403984010219574,0.26440504007041454,0.1598555245436728,90.58181660610342,869370.407154843,869371.444380551
world,System_Graphs,System_Graphs,loop,30,0.04001942773660024,0.07215141976772418,0.004449975676834583,0.27831795159727335,0.2072549599688496,88.34883096860722,869371.444380551,869372.451775347
world,System_Graphs,System_Graphs,loop,31,0.0375313158597677,0.06404210607710678,0.002839951775968075,0.2640020102262497,0.17575151287019253,89.37235834122065,869372.451775347,869373.483614513
world,System_Graphs,System_Graphs,loop,30,0.04206326169272264,0.0750581293351776,0.003908993676304817,0.2754859160631895,0.22371340310201027,88.39334935570757,869373.483614513,869374.48666223
world,System_Graphs,System_Graphs,loop,30,0.04342267056927085,0.0778504638521152,0.0033950200304389,0.3039600560441613,0.20484556443989252,90.9223308476309,869374.48666223,869375.493877527
world,System_Graphs,System_Graphs,loop,30,0.042989423188070454,0.07042328106350296,0.0032479874789714813,0.2852050820365548,0.17143881414085624,88.59755205921829,869375.493877527,869376.498017467
world,System_Graphs,System_Graphs,loop,27,0.04787979371569775,0.09605960670669197,0.0032989773899316788,0.3296679351478815,0.302331696730107,92.1961976327347,869376.498017467,869377.501753112
world,System_Graphs,System_Graphs,loop,30,0.04028160280237595,0.08284771062166348,0.002968008629977703,0.3311110194772482,0.24192950222641185,84.82548147051905,869377.501753112,869378.505888961
world,System_Graphs,System_Graphs,loop,30,0.03931246465072036,0.07360616174436832,0.0037850113585591316,0.3094460116699338,0.1915525936055924,90.77584757081543,869378.505888961,869379.519778687
world,System_Graphs,System_Graphs,loop,30,0.043944024946540594,0.07640453265022366,0.002729007974267006,0.2962100552394986,0.19955991301685563,89.14804473752156,869379.519778687,869380.52563555
world,System_Graphs,System_Graphs,loop,30,0.03904120142882069,0.06791155702116317,0.0034510158002376556,0.2526090247556567,0.19998747156932928,90.63020546842988,869380.52563555,869381.530685981
world,System_Graphs,System_Graphs,loop,30,0.045351769464711346,0.07724588845060716,0.0038940925151109695,0.29882893431931734,0.20391969592310488,90.2164446694466,869381.530685981,869382.536396276
world,System_Graphs,System_Graphs,loop,30,0.044347908503065504,0.08090072697350613,0.004060100764036179,0.311173964291811,0.23532200721092494,91.04555249602224,869382.536396276,869383.539429592
world,System_Graphs,System_Graphs,loop,29,0.04737007287170353,0.08143095242152258,0.0031619565561413765,0.27572503313422203,0.23870379664003835,80.45142220638307,869383.539429592,869384.559907861
world,System_Graphs,System_Graphs,loop,30,0.05842207077269753,0.10237385607630693,0.0032569514587521553,0.30981795862317085,0.2857304469216615,74.95470632566139,869384.559907861,869385.567974103
world,System_Graphs,System_Graphs,loop,30,0.0487073363425831,0.08764139804553706,0.005019945092499256,0.30745298136025667,0.26140121626667673,74.94624409591779,869385.567974103,869386.571785773
world,System_Graphs,System_Graphs,loop,30,0.052783696446567774,0.09457733684320192,0.0028299400582909584,0.2977430121973157,0.2747500373516231,75.06247580361863,869386.571785773,869387.576211889
world,System_Graphs,System_Graphs,loop,30,0.05491019692271948,0.0929449612015544,0.005593989044427872,0.27325795963406563,0.260565901407972,75.07185712844755,869387.576211889,869388.584206123
world,System_Graphs,System_Graphs,loop,30,0.054686974423627056,0.09540733270018169,0.005858950316905975,0.2980759600177407,0.284989015199244,75.11835123489921,869388.584206123,869389.587974207
world,System_Graphs,System_Graphs,loop,30,0.05501902584607402,0.09495828528829121,0.004866044037044048,0.29972707852721214,0.270596012705937,75.19536182905237,869389.587974207,869390.591936771
world,System_Graphs,System_Graphs,loop,26,0.05288800009741233,0.09242884217977093,0.0037960708141326904,0.2736960304901004,0.2531610371079296,79.54505387281712,869390.591936771,869391.607895279
world,System_Graphs,System_Graphs,loop,31,0.046344361298026576,0.08127493633948098,0.002495013177394867,0.3065610071644187,0.23004901595413685,84.19328309490436,869391.607895279,869392.649154959
world,System_Graphs,System_Graphs,loop,30,0.042537886959811054,0.07665340267100475,0.003218068741261959,0.29132794588804245,0.22601705277338588,89.8426227698413,869392.649154959,869393.652901091
world,Display_Recent_Gaze,Display_Recent_Gaze,loop,31,0.003101082608824776,0.001549993352578477,0.0011440133675932884,0.006076064892113209,0.00577542232349515,87.3396230651246,869343.053276509,869344.087766561
world,Display_Recent_Gaze,Display_Recent_Gaze,loop,30,0.0035644276067614555,0.0013078143000046303,0.0011350493878126144,0.005708076059818268,0.005494221113622188,85.28309226191293,869344.087766561,869345.102193585
world,Display_Recent_Gaze,Display_Recent_Gaze,loop,31,0.0032119700805314125,0.0026137608352414772,0.0011200318112969398,0.015276018530130386,0.0058194855228066444,89.07116222150263,869345.102193585,869346.127594881
world,Display_Recent_Gaze,Display_Recent_Gaze,loop,30,0.0038182673354943595,0.0014620141284073568,0.0014210818335413933,0.007781898602843285,0.005792122101411222,86.17494596013178,869346.127594881,869347.145414867
world,Display_Recent_Gaze,Display_Recent_Gaze,loop,30,0.002620664114753405,0.0014688432734538308,0.0009939540177583694,0.005860929377377033,0.005580211291089653,85.53083476532872,869347.145414867,869348.154850833
world,Display_Recent_Gaze,Display_Recent_Gaze,loop,30,0.003214894483486811,0.0012638421939004105,0.001093023456633091,0.00620097853243351,0.00553265563212335,85.72899053882186,869348.154850833,869349.161929818
world,Display_Recent_Gaze,Display_Recent_Gaze,loop,30,0.0030322233214974403,0.0013720688971362218,0.001325039193034172,0.005421927198767662,0.005271978443488478,90.40710258220012,869349.161929818,869350.170879951
world,Display_Recent_Gaze,Display_Recent_Gaze,loop,31,0.0034998050860820277,0.001204074978540099,0.0015660189092159271,0.005581066943705082,0.005188921932131052,85.90426839767925,869350.170879951,869351.204264458
world,Display_Recent_Gaze,Display_Recent_Gaze,loop,30,0.0031688250601291656,0.0015275574151662284,0.0011669471859931946,0.006107962690293789,0.005862116813659668,91.24434023008992,869351.204264458,869352.221721344
world,Display_Recent_Gaze,Display_Recent_Gaze,loop,31,0.003408114876477949,0.001377496347757242,0.001334003172814846,0.006458023563027382,0.00536901643499732,86.41288467052001,869352.221721344,869353.239824408
world,Display_Recent_Gaze,Display_Recent_Gaze,loop,30,0.0031452858820557594,0.0017012075814612935,0.0012890668585896492,0.009326031431555748,0.005471380427479744,90.39018934126943,869353.239824408,869354.251723864
world,Display_Recent_Gaze,Display_Recent_Gaze,loop,30,0.003857316914945841,0.0013213551716989,0.0009889481589198112,0.00582495704293251,0.005446869181469082,75.15392437344417,869354.251723864,869355.270864405
world,Display_Recent_Gaze,Display_Recent_Gaze,loop,30,0.004293664824217558,0.0007693122432413203,0.0028869835659861565,0.005874084308743477,0.00527392840012908,73.94301752792671,869355.270864405,869356.279288693
world,Display_Recent_Gaze,Display_Recent_Gaze,loop,30,0.004522277352710565,0.0024609903590349902,0.0024139881134033203,0.016632024198770523,0.0057683326303958875,73.90173363188903,869356.279288693,869357.282906013
world,Display_Recent_Gaze,Display_Recent_Gaze,loop,30,0.004447069174299638,0.0017166212515518824,0.0017640413716435432,0.01167692244052887,0.006194878369569778,73.9680818010432,869357.282906013,869358.286907264
world,Display_Recent_Gaze,Display_Recent_Gaze,loop,30,0.004042370710521936,0.0010721971381277263,0.0018139835447072983,0.005909008905291557,0.005541136488318443,73.88636513690774,869358.286907264,869359.295058057
world,Display_Recent_Gaze,Display_Recent_Gaze,loop,30,0.004192360211163759,0.0009268342520843307,0.0014450633898377419,0.005739973857998848,0.0052815244998782864,74.19556634267792,869359.295058057,869360.29903775
world,Display_Recent_Gaze,Display_Recent_Gaze,loop,30,0.004097799925754468,0.0009580865226124608,0.002079061232507229,0.005493988282978535,0.00534982536919415,74.04346253024414,869360.29903775,869361.303729895
world,Display_Recent_Gaze,Display_Recent_Gaze,loop,30,0.004097000540544589,0.0011846829243862753,0.0016479752957820892,0.006133923307061195,0.005549006164073943,74.33643392287195,869361.303729895,869362.318082197
world,Display_Recent_Gaze,Display_Recent_Gaze,loop,31,0.0041519036336291225,0.0009950818983919146,0.00241096131503582,0.005532056093215942,0.005462497938424349,74.26843694561431,869362.318082197,869363.34675894
world,Display_Recent_Gaze,Display_Recent_Gaze,loop,30,0.004081835504621267,0.0009961984598946176,0.0024579931050539017,0.006210990250110626,0.005557312397286295,74.16311116733898,869363.34675894,869364.355757719
world,Display_Recent_Gaze,Display_Recent_Gaze,loop,26,0.004379602614790201,0.0010987166876924696,0.0015289988368749619,0.0057389261201024055,0.0056484423112124205,75.81218139071447,869364.355757719,869365.369127876
world,Display_Recent_Gaze,Display_Recent_Gaze,loop,31,0.003412031688757481,0.001301998601034329,0.0013220123946666718,0.00600004568696022,0.005619018338620663,87.25907142093826,869365.369127876,869366.37860854
world,Display_Recent_Gaze,Display_Recent_Gaze,loop,30,0.002950767520815134,0.0012343576632146355,0.0013349344953894615,0.005846028216183186,0.005546084139496088,89.38313079997897,869366.37860854,869367.385610829
world,Display_Recent_Gaze,Display_Recent_Gaze,loop,30,0.003126861217121283,0.0014329919747827387,0.0010289950296282768,0.005698064342141151,0.005590799264609814,87.4192022679684,869367.385610829,869368.391580657
world,Display_Recent_Gaze,Display_Recent_Gaze,loop,30,0.00292496212447683,0.0012014179509940955,0.0010139774531126022,0.005195965059101582,0.0050779490265995255,93.35209187120199,869368.391580657,869369.395271216
world,Display_Recent_Gaze,Display_Recent_Gaze,loop,30,0.0034219042087594667,0.0014590158107746828,0.0012620585039258003,0.005907029844820499,0.005579425487667321,87.75732171100874,869369.395271216,869370.407378058
world,Display_Recent_Gaze,Display_Recent_Gaze,loop,31,0.0026917851139460843,0.0014005249799110345,0.0011540250852704048,0.006416928954422474,0.005579960998147726,90.6022779996537,869370.407378058,869371.444707773
world,Display_Recent_Gaze,Display_Recent_Gaze,loop,30,0.003581137085954348,0.00328239213025156,0.0014799879863858223,0.02012704499065876,0.005405914271250366,88.3705711341463,869371.444707773,869372.452058982
world,Display_Recent_Gaze,Display_Recent_Gaze,loop,31,0.0040527891307588545,0.00426587543086898,0.001118052750825882,0.0229409197345376,0.009929528459906578,89.39109418931747,869372.452058982,869373.483809439
world,Display_Recent_Gaze,Display_Recent_Gaze,loop,30,0.0031139041918019452,0.001382037781807535,0.0011790543794631958,0.005345907993614674,0.0053364376071840525,88.4130450974529,869373.483809439,869374.486880031
world,Display_Recent_Gaze,Display_Recent_Gaze,loop,30,0.002897841235001882,0.0011644489850198185,0.0015400582924485207,0.005498062819242477,0.005471619078889489,90.95000063922878,869374.486880031,869375.494396938
world,Display_Recent_Gaze,Display_Recent_Gaze,loop,30,0.003703400337447723,0.0020624583819967798,0.0011719530448317528,0.011873082257807255,0.00561585184186697,88.61892788748567,869375.494396938,869376.498235064
world,Display_Recent_Gaze,Display_Recent_Gaze,loop,27,0.002467414122764711,0.0012115189714272754,0.0009540235623717308,0.005489913746714592,0.0049493624828755856,92.21842677625655,869376.498235064,869377.502121028
world,Display_Recent_Gaze,Display_Recent_Gaze,loop,30,0.0026132678613066673,0.0014996501113802593,0.001208973117172718,0.006223912350833416,0.006043043686076999,84.84077633668979,869377.502121028,869378.506067488
world,Display_Recent_Gaze,Display_Recent_Gaze,loop,30,0.002844600627819697,0.001437556616290053,0.001434003934264183,0.005595036782324314,0.00547179370187223,90.80747501381363,869378.506067488,869379.520422367
world,Display_Recent_Gaze,Display_Recent_Gaze,loop,30,0.0031773544227083526,0.0012900085062487981,0.0010919757187366486,0.005681999027729034,0.005605013575404882,89.16561265941709,869379.520422367,869380.525824073
world,Display_Recent_Gaze,Display_Recent_Gaze,loop,30,0.002880312968045473,0.001449839667933369,0.001310952939093113,0.005820067599415779,0.005419657099992037,90.6494374658602,869380.525824073,869381.530939522
world,Display_Recent_Gaze,Display_Recent_Gaze,loop,30,0.0032229232601821423,0.001162005241327477,0.0014600809663534164,0.00570307020097971,0.005483307177200912,90.23949675805245,869381.530939522,869382.536744459
world,Display_Recent_Gaze,Display_Recent_Gaze,loop,30,0.0030535816525419555,0.0013012833572351146,0.001351931132376194,0.005510984919965267,0.0054365722462534904,91.06585177748154,869382.536744459,869383.539710084
world,Display_Recent_Gaze,Display_Recent_Gaze,loop,29,0.0033622792247554353,0.0013337687041907998,0.0011730007827281952,0.005736947059631348,0.005282810889184475,80.47985511928283,869383.539710084,869384.560406476
world,Display_Recent_Gaze,Display_Recent_Gaze,loop,30,0.003990938421338797,0.0012257383167801515,0.0014629913493990898,0.007466995157301426,0.005537190008908509,74.99394563104336,869384.560406476,869385.568802717
world,Display_Recent_Gaze,Display_Recent_Gaze,loop,30,0.005692080594599247,0.009146057090893476,0.001484062522649765,0.054628937505185604,0.005353114102035761,74.97817479694884,869385.568802717,869386.572322501
world,Display_Recent_Gaze,Display_Recent_Gaze,loop,30,0.0036797253414988518,0.0011570384064468785,0.0016220146790146828,0.005255918949842453,0.00519565655849874,75.09449619877462,869386.572322501,869387.576846217
world,Display_Recent_Gaze,Display_Recent_Gaze,loop,30,0.004188456417371829,0.0008631834748365899,0.0025939662009477615,0.005812966264784336,0.00533478450961411,75.09871309545512,869387.576846217,869388.584657129
world,Display_Recent_Gaze,Display_Recent_Gaze,loop,30,0.0041430544418593245,0.0009322477050622738,0.0023299362510442734,0.005570007488131523,0.005274103023111819,75.14679023297504,869388.584657129,869389.588476143
world,Display_Recent_Gaze,Display_Recent_Gaze,loop,30,0.004098933034886916,0.0009122764343713096,0.0019479775801301003,0.005646958015859127,0.0053992553148418665,75.21994236546259,869389.588476143,869390.592306112
world,Display_Recent_Gaze,Display_Recent_Gaze,loop,26,0.003700811738291612,0.001178868513370796,0.0013909302651882172,0.005771988071501255,0.005211943062022328,79.57155497010368,869390.592306112,869391.608290907
world,Display_Recent_Gaze,Display_Recent_Gaze,loop,31,0.003390844100184979,0.0013105519582893835,0.0007950002327561378,0.005844980478286743,0.00550347613170743,84.21481539675545,869391.608290907,869392.649426816
world,Display_Recent_Gaze,Display_Recent_Gaze,loop,30,0.0028356250065068402,0.001436799340776846,0.0009289942681789398,0.00580598134547472,0.005366263212636112,89.89783936801057,869392.649426816,869393.654217495
world,Blink_Detection,Blink_Detection,loop,31,0.009234468903272383,0.004315470678827124,0.0039030564948916435,0.016056932508945465,0.015923462342470884,87.37030475130004,869343.054274654,869344.088266937
world,Blink_Detection,Blink_Detection,loop,30,0.010277272667735815,0.003929388277148985,0.0031400704756379128,0.015762983821332455,0.015756575157865882,85.31043224502355,869344.088266937,869345.102516032
world,Blink_Detection,Blink_Detection,loop,31,0.010226778085193327,0.013015666327562665,0.003421911969780922,0.0769150210544467,0.020209525246173143,89.0909829364729,869345.102516032,869346.127735353
world,Blink_Detection,Blink_Detection,loop,30,0.01293134797985355,0.009307560495251927,0.004220055416226387,0.05814898759126663,0.019658455858007056,86.2084894014212,869346.127735353,869347.145809966
world,Blink_Detection,Blink_Detection,loop,30,0.007771262122939031,0.004340890727550508,0.002600019797682762,0.016808975487947464,0.016125722322612997,85.54756791175653,869347.145809966,869348.154971241
world,Blink_Detection,Blink_Detection,loop,30,0.009366229642182589,0.0036325359266400825,0.0029210932552814484,0.017937971279025078,0.01569433370605111,85.75608229730278,869348.154971241,869349.162293744
world,Blink_Detection,Blink_Detection,loop,30,0.009408104233443737,0.005618899149311045,0.00387395266443491,0.03161304630339146,0.016357190907001495,90.42739964012678,869349.162293744,869350.17103765
world,Blink_Detection,Blink_Detection,loop,31,0.010675179862206983,0.004289578845243438,0.004027038812637329,0.023835920728743076,0.01554499613121152,85.93430239031271,869350.17103765,869351.204672189
world,Blink_Detection,Blink_Detection,loop,30,0.008933975671728453,0.003921764365873365,0.003740075044333935,0.016701058484613895,0.016030424740165472,91.26731076976284,869351.204672189,869352.221964207
world,Blink_Detection,Blink_Detection,loop,31,0.010165464763920154,0.0036814413371483246,0.004107016138732433,0.015613040886819363,0.015110534150153399,86.43445577247128,869352.221964207,869353.23998285
world,Blink_Detection,Blink_Detection,loop,30,0.009206476776550213,0.005494408262092542,0.00365404412150383,0.031525036320090294,0.016101181972771883,90.41161432784672,869353.23998285,869354.251936186
world,Blink_Detection,Blink_Detection,loop,30,0.011113262735307217,0.00415645797850522,0.0027349451556801796,0.01765601336956024,0.016921578207984563,75.18689620386188,869354.251936186,869355.271332886
world,Blink_Detection,Blink_Detection,loop,30,0.01254651773100098,0.0023221102822331783,0.007794005796313286,0.016990932635962963,0.015486753545701504,73.97127290023491,869355.271332886,869356.279571789
world,Blink_Detection,Blink_Detection,loop,30,0.012105765442053476,0.004524844698799345,0.006697024218738079,0.031745992600917816,0.015833764337003228,73.92924897527944,869356.279571789,869357.283191501
world,Blink_Detection,Blink_Detection,loop,30,0.011721265036612749,0.0029250807590372654,0.00387697946280241,0.017223996110260487,0.0151593005284667,73.99560896058877,869357.283191501,869358.287201139
world,Blink_Detection,Blink_Detection,loop,30,0.01202652541299661,0.00342365212660607,0.004329020157456398,0.02089003100991249,0.015555822756141422,73.9184053032659,869358.287201139,869359.29548392
world,Blink_Detection,Blink_Detection,loop,30,0.011977619336297115,0.0028250565562626703,0.0034390250220894814,0.01622503623366356,0.015086232451722026,74.22789359698072,869359.29548392,869360.299463342
world,Blink_Detection,Blink_Detection,loop,30,0.011524495979150137,0.0026901860972733047,0.0061140162870287895,0.01565495040267706,0.01496181357651949,74.08055067062378,869360.299463342,869361.304327974
world,Blink_Detection,Blink_Detection,loop,30,0.011709895140180985,0.0033914512061516714,0.005119014531373978,0.016104080714285374,0.01579063246026635,74.35841362457722,869361.304327974,869362.318188783
world,Blink_Detection,Blink_Detection,loop,31,0.012256599391900724,0.0030516230382757006,0.006336020305752754,0.01710199285298586,0.01644244184717536,74.2934400350937,869362.318188783,869363.346951678
world,Blink_Detection,Blink_Detection,loop,30,0.011803527983526388,0.0023656202031251865,0.0069249654188752174,0.01732597593218088,0.014606316108256578,74.19650839874521,869363.346951678,869364.356233743
world,Blink_Detection,Blink_Detection,loop,26,0.01239285428220263,0.0031687063734003452,0.004961038939654827,0.01701503060758114,0.015992263797670603,75.83526670574568,869364.356233743,869365.369213006
world,Blink_Detection,Blink_Detection,loop,31,0.009952927939593792,0.004017015450864501,0.0033460091799497604,0.016971956938505173,0.016106991097331047,87.28835612700712,869365.369213006,869366.379047141
world,Blink_Detection,Blink_Detection,loop,30,0.008486370400836071,0.0035366124482506113,0.0035959528759121895,0.016808975487947464,0.01623065327294171,89.40468966029584,869366.379047141,869367.385854238
world,Blink_Detection,Blink_Detection,loop,30,0.010156926388541857,0.005070790108944463,0.0030890805646777153,0.021524028852581978,0.018143787747249,87.438970808095,869367.385854238,869368.391700276
world,Blink_Detection,Blink_Detection,loop,30,0.008523235252747932,0.003746656058009755,0.003048917278647423,0.01669104676693678,0.015692372107878327,93.37918169718857,869368.391700276,869369.39569857
world,Blink_Detection,Blink_Detection,loop,30,0.01071813361098369,0.005146836508294962,0.0036580022424459457,0.026941997930407524,0.016155093908309933,87.78331726789474,869369.39569857,869370.407565304
world,Blink_Detection,Blink_Detection,loop,31,0.008324551726541212,0.005140442899628512,0.003973953425884247,0.02566108014434576,0.018485472537577152,90.62146460787663,869370.407565304,869371.444908587
world,Blink_Detection,Blink_Detection,loop,30,0.009406066965311766,0.004431577239239608,0.004337984137237072,0.023487955331802368,0.015303556574508548,88.39866106476013,869371.444908587,869372.452295448
world,Blink_Detection,Blink_Detection,loop,31,0.009175228525794322,0.004645138172158748,0.003229011781513691,0.016762991435825825,0.0165260280482471,89.41124048038957,869372.452295448,869373.483983393
world,Blink_Detection,Blink_Detection,loop,30,0.00931557733565569,0.004098936367535126,0.0029311049729585648,0.016093021258711815,0.015775446081534028,88.44776895518105,869373.483983393,869374.487456484
world,Blink_Detection,Blink_Detection,loop,30,0.008511702374865612,0.0037536450567196957,0.003906083293259144,0.019229017198085785,0.015209906268864868,90.9848270394529,869374.487456484,869375.495055869
world,Blink_Detection,Blink_Detection,loop,30,0.010621264421691498,0.004996077539947444,0.0030980445444583893,0.02396409399807453,0.016629690071567893,88.64179622614756,869375.495055869,869376.498409313
world,Blink_Detection,Blink_Detection,loop,27,0.007526815386006126,0.003983823787203538,0.003590015694499016,0.018382095731794834,0.016135477926582098,92.24734663169968,869376.498409313,869377.502599535
world,Blink_Detection,Blink_Detection,loop,30,0.008631563590218624,0.006498289753673102,0.0032010721042752266,0.03432307858020067,0.017918564844876528,84.86167817997436,869377.502599535,869378.506298302
world,Blink_Detection,Blink_Detection,loop,30,0.008213314382980267,0.004292243095492105,0.004651956260204315,0.01707801129668951,0.01664108131080866,90.84000900232543,869378.506298302,869379.521028663
world,Blink_Detection,Blink_Detection,loop,30,0.009050107716272274,0.0038101157817820616,0.0029070070013403893,0.016207923181355,0.015692209126427766,89.18452953609328,869379.521028663,869380.525954111
world,Blink_Detection,Blink_Detection,loop,30,0.008363331047197184,0.004315989952329981,0.0031329691410064697,0.01742399763315916,0.015844544395804405,90.67173023552944,869380.525954111,869381.531189426
world,Blink_Detection,Blink_Detection,loop,30,0.009705553141733011,0.0041286254671848354,0.004539033398032188,0.02083193976432085,0.016742781735956665,90.26509693358094,869381.531189426,869382.537061757
world,Blink_Detection,Blink_Detection,loop,30,0.009137302792320648,0.003964786686835281,0.003990950062870979,0.016605015844106674,0.015696283662691712,91.09057907092695,869382.537061757,869383.540035025
world,Blink_Detection,Blink_Detection,loop,29,0.009771388281008294,0.003834967539743584,0.0034070108085870743,0.015727011486887932,0.014875829219818115,80.51001600487608,869383.540035025,869384.560851539
world,Blink_Detection,Blink_Detection,loop,30,0.011550805841883024,0.0033164398771821906,0.0047140056267380714,0.020050909370183945,0.0159487419296056,75.03471495971705,869384.560851539,869385.569514863
world,Blink_Detection,Blink_Detection,loop,30,0.011950242333114147,0.0035355805543034117,0.0038460129871964455,0.018952065147459507,0.016126624541357156,75.01360185754795,869385.569514863,869386.572817378
world,Blink_Detection,Blink_Detection,loop,30,0.010670834065725407,0.0035297204079705324,0.00441400334239006,0.016781967133283615,0.015654508024454113,75.1311960668924,869386.572817378,869387.577464255
world,Blink_Detection,Blink_Detection,loop,30,0.011996416530261437,0.002386226352100314,0.0073569826781749725,0.015689991414546967,0.015123287448659537,75.1311821397394,869387.577464255,869388.585087133
world,Blink_Detection,Blink_Detection,loop,30,0.012695735010008017,0.004008581346852758,0.0064230989664793015,0.028135953471064568,0.017093610949814316,75.18123166713242,869388.585087133,869389.588948417
world,Blink_Detection,Blink_Detection,loop,30,0.012082032238443693,0.0027349730537776463,0.006734044291079044,0.015888945199549198,0.015656137838959694,75.24919139686972,869389.588948417,869390.592625631
world,Blink_Detection,Blink_Detection,loop,26,0.010782799038749475,0.003238409673137239,0.004044966772198677,0.015976023860275745,0.015148776583373547,79.6017591537048,869390.592625631,869391.608644367
world,Blink_Detection,Blink_Detection,loop,31,0.00992535628498562,0.003681892294087135,0.002786051481962204,0.016793026588857174,0.016005535144358873,84.2368217718397,869391.608644367,869392.649590858
world,Blink_Detection,Blink_Detection,loop,30,0.00855717808008194,0.004506273190361915,0.0033249380066990852,0.017968937754631042,0.0168578524608165,89.93974320280056,869392.649590858,869393.655058866
world,Recorder,Recorder,loop,31,0.004631572312885715,0.008648132612971426,0.001261010766029358,0.05142600275576115,0.0054969568736851215,86.61422816540805,869343.191293355,869344.220772122
world,Recorder,Recorder,loop,30,0.005723601983239253,0.009561250805513963,0.0011790543794631958,0.05399598740041256,0.0137923459988087,86.26588911283761,869344.220772122,869345.233720333
world,Recorder,Recorder,loop,31,0.004732609546232608,0.009470274847338608,0.0011369120329618454,0.05569809582084417,0.0076954602263867855,88.20287058235056,869345.233720333,869346.265775933
world,Recorder,Recorder,loop,30,0.006130465772002935,0.012024422047512544,0.0013629905879497528,0.07035001181066036,0.006979098543524735,86.78302376065403,869346.265775933,869347.272244989
world,Recorder,Recorder,loop,30,0.005601691858222087,0.014891636281493393,0.0010029179975390434,0.0854650279507041,0.006462098099291324,85.12065609684214,869347.272244989,869348.279925895
world,Recorder,Recorder,loop,30,0.004650031526883443,0.00803606813554636,0.0011549564078450203,0.047462061047554016,0.005583267193287609,86.72200829799597,869348.279925895,869349.29131936
world,Recorder,Recorder,loop,31,0.005328261684025487,0.01233481683404451,0.0013529788702726364,0.07249496411532164,0.00573950819671154,89.18958074683624,869349.29131936,869350.318531879
world,Recorder,Recorder,loop,30,0.004751631058752537,0.0059359334703474945,0.0017419224604964256,0.03585801459848881,0.006047118222340941,87.47231135688101,869350.318531879,869351.334063789
world,Recorder,Recorder,loop,31,0.004292893854360427,0.007003973646592069,0.0012289965525269508,0.042013940401375294,0.005416455678641796,90.02597203793665,869351.334063789,869352.366202518
world,Recorder,Recorder,loop,30,0.004142165804902713,0.0031493006638337743,0.00127498060464859,0.019584083929657936,0.00540826003998518,87.7071900293231,869352.366202518,869353.3796673
world,Recorder,Recorder,loop,30,0.004178615442166726,0.007151562222727027,0.001143082045018673,0.04197109956294298,0.005752156721428036,89.22026964525382,869353.3796673,869354.402198984
world,Recorder,Recorder,loop,30,0.005996778296927611,0.008803991458137837,0.0016320263966917992,0.05297304596751928,0.006686110282316801,73.98642329887177,869354.402198984,869355.406525835
world,Recorder,Recorder,loop,30,0.006334328403075536,0.009051048711805412,0.0028669601306319237,0.05482800770550966,0.005834887269884348,73.96094409438471,869355.406525835,869356.410517734
world,Recorder,Recorder,loop,30,0.005640419355283181,0.007553840552673053,0.0023869797587394714,0.04593899939209223,0.006037339335307479,73.91579640097916,869356.410517734,869357.418483991
world,Recorder,Recorder,loop,30,0.006141393290211757,0.010559606073469497,0.0015140976756811142,0.06273400504142046,0.006155832670629022,74.11244626079376,869357.418483991,869358.422646782
world,Recorder,Recorder,loop,30,0.005565125805636247,0.006990795394313336,0.0020759180188179016,0.04280090797692537,0.005865795537829399,73.92481767650072,869358.422646782,869359.426768984
world,Recorder,Recorder,loop,30,0.0057927837284902734,0.007332300334164316,0.0016689300537109375,0.04491698928177357,0.005634629633277654,74.19418660768618,869359.426768984,869360.434671673
world,Recorder,Recorder,loop,30,0.005776761099696159,0.00875302908605849,0.0022260937839746475,0.052548013627529144,0.006087915971875189,74.19782569631934,869360.434671673,869361.438694368
world,Recorder,Recorder,loop,30,0.004910759162157774,0.004311832232856857,0.002069980837404728,0.027299043722450733,0.005915056681260466,74.32590137856702,869361.438694368,869362.442115625
world,Recorder,Recorder,loop,30,0.0059470611934860544,0.006612246404630308,0.0025439076125621796,0.04026701208204031,0.009867449989542344,74.35736519983038,869362.442115625,869363.45055217
world,Recorder,Recorder,loop,30,0.0059265488137801485,0.00840284740962888,0.00253401231020689,0.05079491529613733,0.006566412048414347,74.24145450737949,869363.45055217,869364.454765574
world,Recorder,Recorder,loop,27,0.007281890483918013,0.015445981693193951,0.0020780134946107864,0.08577201515436172,0.0060570077039301395,77.67504354921618,869364.454765574,869365.469523599
world,Recorder,Recorder,loop,30,0.005061392827580373,0.007721643799925687,0.001251930370926857,0.045888940803706646,0.006898172432556743,87.63472096373637,869365.469523599,869366.485931105
world,Recorder,Recorder,loop,31,0.004004213898893326,0.0064284189617441695,0.0011790543794631958,0.038646976463496685,0.005357549525797367,88.56479887054452,869366.485931105,869367.509773712
world,Recorder,Recorder,loop,30,0.005253004686286052,0.010531160807728727,0.0009699724614620209,0.06137101445347071,0.005978386616334319,88.55248690039541,869367.509773712,869368.52915453
world,Recorder,Recorder,loop,31,0.0046764034777879715,0.009252890727522866,0.0012140953913331032,0.054912990890443325,0.005371985025703907,92.8840403963301,869368.52915453,869369.555899469
world,Recorder,Recorder,loop,30,0.004783501693358024,0.007838528727074119,0.001227017492055893,0.04616798833012581,0.006074726115912196,87.97081337155153,869369.555899469,869370.567609197
world,Recorder,Recorder,loop,30,0.004400258573393027,0.008490330908777531,0.0013810349628329277,0.04955800250172615,0.005883479025214909,90.94091803223516,869370.567609197,869371.573418848
world,Recorder,Recorder,loop,30,0.004116018923620383,0.005312440358247212,0.001166015863418579,0.03138091415166855,0.00671566813252866,87.83274203694116,869371.573418848,869372.57681046
world,Recorder,Recorder,loop,31,0.0051742179259177176,0.00943274715034388,0.0013050157576799393,0.05608110222965479,0.006293994374573231,89.49623604290068,869372.57681046,869373.610904201
world,Recorder,Recorder,loop,30,0.004014508643498023,0.005421053878083375,0.0009790528565645218,0.032401992939412594,0.005363509990274905,88.92545045043032,869373.610904201,869374.619596594
world,Recorder,Recorder,loop,30,0.00400708910698692,0.005127084256657411,0.0012329546734690666,0.03052700776606798,0.006289168959483501,90.74587342329323,869374.619596594,869375.633604002
world,Recorder,Recorder,loop,30,0.004762973791609208,0.008070725463947171,0.0011230586096644402,0.04749000072479248,0.005670450627803801,89.00327231967822,869375.633604002,869376.63698182
world,Recorder,Recorder,loop,27,0.00429315561497653,0.006733127834667483,0.0012579839676618576,0.037244055420160294,0.00805926974862814,91.18261473701784,869376.63698182,869377.639188549
world,Recorder,Recorder,loop,30,0.0038072001188993454,0.005477507189697371,0.0014440156519412994,0.03230106085538864,0.0066733045969158385,85.73525674097861,869377.639188549,869378.645192694
world,Recorder,Recorder,loop,30,0.0039388348037997884,0.00555014253359847,0.0013450626283884048,0.03282295074313879,0.005801784573122857,91.05632125089566,869378.645192694,869379.649803696
world,Recorder,Recorder,loop,30,0.00582253560423851,0.013873952909351141,0.0010110670700669289,0.08025090210139751,0.005288649117574096,88.98880819324404,869379.649803696,869380.656572989
world,Recorder,Recorder,loop,30,0.005048765645672877,0.009752082058636835,0.001559033989906311,0.05388504359871149,0.014318706234917,90.61873064298804,869380.656572989,869381.665179791
world,Recorder,Recorder,loop,30,0.004348690466334422,0.0054755272232054125,0.0014370307326316833,0.03289291635155678,0.00663399114273488,90.40849889473368,869381.665179791,869382.669848915
world,Recorder,Recorder,loop,30,0.004468140347550313,0.005947009102684689,0.0011289957910776138,0.03552599810063839,0.006108387606218454,91.00020804520075,869382.669848915,869383.672225281
world,Recorder,Recorder,loop,29,0.006258820890095727,0.012496461955608083,0.0017069978639483452,0.0719770323485136,0.006570224650204181,78.44592634476079,869383.672225281,869384.695221869
world,Recorder,Recorder,loop,30,0.005832520158340533,0.009978626760534208,0.0016459962353110313,0.05912699270993471,0.006935367127880449,74.98897280311212,869384.695221869,869385.699038518
world,Recorder,Recorder,loop,30,0.006933766417205334,0.013042663026737261,0.0019549624994397163,0.07692200597375631,0.00616804463788867,75.18695903321107,869385.699038518,869386.707517746
world,Recorder,Recorder,loop,30,0.00543897816290458,0.007799101270305527,0.002020038664340973,0.0468370271846652,0.006965582724660632,75.12823793028171,869386.707517746,869387.711086701
world,Recorder,Recorder,loop,30,0.0066504813730716705,0.012240039589781912,0.0023599714040756226,0.07240800186991692,0.0058343808632344,75.11723103622596,869387.711086701,869388.71540957
world,Recorder,Recorder,loop,30,0.0067240092903375626,0.013095522854143924,0.0023510074242949486,0.07701793219894171,0.006186444079503417,75.16940829421704,869388.71540957,869389.723553682
world,Recorder,Recorder,loop,30,0.006079095570991437,0.008573535006466645,0.0027319183573126793,0.05200202576816082,0.005836720811203122,75.37402023250858,869389.723553682,869390.727259682
world,Recorder,Recorder,loop,26,0.0073866461976789515,0.01753121474379356,0.0014279503375291824,0.09482400491833687,0.0058367440942674875,80.84279183710281,869390.727259682,869391.740090013
world,Recorder,Recorder,loop,30,0.004989428756137689,0.007972852558569223,0.0009230570867657661,0.04746799822896719,0.005800835788249967,85.12570003125195,869391.740090013,869392.756137882
world,Recorder,Recorder,loop,31,0.003977025288247293,0.005865125421381523,0.0012139789760112762,0.03520399332046509,0.005837471690028906,89.53850068181994,869392.756137882,869393.785376806
eye1,Roi,Roi,loop,122,0.008516043203226367,0.0033749074713317314,0.0021259766072034836,0.017174985259771347,0.01385601353831589,14.21251450188183,869346.530290735,869347.530294545
eye1,Roi,Roi,loop,124,0.0076777219111400265,0.003796977695617207,0.0024009495973587036,0.019483035430312157,0.01333649270236492,14.20017191670805,869347.530294545,869348.534651322
eye1,Roi,Roi,loop,125,0.008945716544985771,0.002583721785716232,0.0031639356166124344,0.016190926544368267,0.012971763499081135,14.42880164179951,869348.534651322,869349.542384668
eye1,Roi,Roi,loop,124,0.008539558621123433,0.003205133441455906,0.0024030450731515884,0.024860026314854622,0.013715069508180022,14.405247775064181,869349.542384668,869350.542499252
eye1,Roi,Roi,loop,125,0.00905576627701521,0.0027039958399760157,0.0038780272006988525,0.016339938156306744,0.013049179688096046,14.433642900548875,869350.542499252,869351.550310572
eye1,Roi,Roi,loop,124,0.009030672616415446,0.002952216722866868,0.002910965122282505,0.018713995814323425,0.013906811363995075,14.448012283537537,869351.550310572,869352.550651065
eye1,Roi,Roi,loop,125,0.009698541834950447,0.0034191050172140813,0.0026009511202573776,0.027916044928133488,0.01478071790188551,14.483970132656395,869352.550651065,869353.558341487
eye1,Roi,Roi,loop,115,0.008660650042736012,0.0031800240260034507,0.002108979970216751,0.01596298534423113,0.014320248737931252,14.491051145950737,869353.558341487,869354.558713747
eye1,Roi,Roi,loop,124,0.00981395996566261,0.0025905317824652697,0.0041209859773516655,0.016664969734847546,0.013907102402299643,14.706242473743435,869354.558713747,869355.562842624
eye1,Roi,Roi,loop,125,0.009711258113384247,0.003228359634484845,0.005373964086174965,0.029311049729585648,0.013219588436186314,14.826632094569504,869355.562842624,869356.570721652
eye1,Roi,Roi,loop,125,0.009083550423383713,0.002266706377165028,0.0023649772629141808,0.01582200638949871,0.012911180965602398,14.699728379026055,869356.570721652,869357.578275462
eye1,Roi,Roi,loop,124,0.009669022889988076,0.005870530750165807,0.0022209715098142624,0.0664170365780592,0.013914337614551187,14.684294452778094,869357.578275462,869358.578537528
eye1,Roi,Roi,loop,124,0.009097601099300289,0.002506999404409296,0.0034070108085870743,0.015857047401368618,0.013214972568675876,14.740409881567523,869358.578537528,869359.578805019
eye1,Roi,Roi,loop,124,0.009780744045612312,0.003993562809743352,0.0032529933378100395,0.03153400029987097,0.014861859381198878,14.737645531215914,869359.578805019,869360.579121342
eye1,Roi,Roi,loop,124,0.009492138257971214,0.0036422227839459443,0.004202942363917828,0.033523072488605976,0.014105392619967459,14.75957337477725,869360.579121342,869361.579158387
eye1,Roi,Roi,loop,121,0.009282729742386617,0.0041933810692398816,0.002856017090380192,0.03504892811179161,0.015110010281205177,15.00206050840168,869361.579158387,869362.583189285
eye1,Roi,Roi,loop,125,0.009761798195540905,0.0037286814144300334,0.004520057700574398,0.032886979170143604,0.014933128841221329,15.05295579507947,869362.583189285,869363.590617253
eye1,Roi,Roi,loop,124,0.00963850423783785,0.0028521483254876395,0.004041008651256561,0.022758962586522102,0.01390247489325702,14.99975980597458,869363.590617253,869364.591000112
eye1,Roi,Roi,loop,119,0.009016757009222227,0.004424998083282658,0.002640997990965843,0.0319300452247262,0.014888879377394913,15.092567111240276,869364.591000112,869365.599151399
eye1,Roi,Roi,loop,125,0.009842786937952042,0.00427850924960285,0.0023270258679986,0.029086950235068798,0.015681469812989235,15.041176995262504,869365.599151399,869366.607084576
eye1,Roi,Roi,loop,124,0.008646954572008501,0.0036769657848344612,0.002924934960901737,0.026481924578547478,0.0161797390319407,14.947587930251874,869366.607084576,869367.607215578
eye1,Roi,Roi,loop,124,0.008728578611607514,0.0032257828990716773,0.003047054633498192,0.019959057681262493,0.014496617950499056,15.021892642835155,869367.607215578,869368.611406502
eye1,Roi,Roi,loop,121,0.009004738612854776,0.0035478107266040944,0.002078944817185402,0.01710990909487009,0.015539000742137432,15.630239408178456,869368.611406502,869369.618889191
eye1,Roi,Roi,loop,124,0.009010639792728809,0.0032186530050406707,0.0025799963623285294,0.018608057871460915,0.014434062177315351,15.28531080017978,869369.618889191,869370.619030616
eye1,Roi,Roi,loop,124,0.00914219849472565,0.003123547833509959,0.003239954821765423,0.017269980162382126,0.01560111413709819,15.27599839872921,869370.619030616,869371.619258458
eye1,Roi,Roi,loop,124,0.008861570911962659,0.0031566860209664162,0.0022799940779805183,0.01635297667235136,0.013533333549275993,15.31207708983622,869371.619258458,869372.6196093
eye1,Roi,Roi,loop,125,0.00848611630499363,0.0029079766613826644,0.0025510089471936226,0.016473932191729546,0.01303714234381914,15.284184504300356,869372.6196093,869373.627139573
eye1,Roi,Roi,loop,125,0.008614332415163517,0.003007167624060927,0.002810964360833168,0.020495965145528316,0.01351693645119667,15.279074913822114,869373.627139573,869374.635258697
eye1,Roi,Roi,loop,124,0.008776170885070197,0.003574259592511951,0.0034820986911654472,0.030829105526208878,0.0154071778524667,15.353929305884746,869374.635258697,869375.63912142
eye1,Roi,Roi,loop,124,0.00901627842517149,0.002979394625714405,0.002556014806032181,0.016958918422460556,0.01368489465676248,15.568197511451979,869375.63912142,869376.639537243
eye1,Roi,Roi,loop,120,0.007247413547399144,0.003248979061993402,0.002320040948688984,0.016713980585336685,0.013061246136203408,15.51894029835239,869376.639537243,869377.647306999
eye1,Roi,Roi,loop,125,0.006591632962226868,0.003171707524387987,0.002129003405570984,0.01613993663340807,0.01281520817428827,15.371731352061033,869377.647306999,869378.655297424
eye1,Roi,Roi,loop,125,0.008893247693777084,0.0028619636930158087,0.003798981197178364,0.016415957361459732,0.013409950770437717,15.57231363747269,869378.655297424,869379.66347501
eye1,Roi,Roi,loop,124,0.008596794589632941,0.0026575775520512545,0.00246299896389246,0.015454948879778385,0.01323198666796088,15.562403964013942,869379.66347501,869380.663726875
eye1,Roi,Roi,loop,125,0.008375365287065506,0.0028223829483954984,0.0028919894248247147,0.016271951608359814,0.013415189459919928,15.538499696180224,869380.663726875,869381.671568622
eye1,Roi,Roi,loop,124,0.00896239690783043,0.0033596760471087967,0.0035499688237905502,0.019600032828748226,0.016153155593201518,15.781468250826302,869381.671568622,869382.675455609
eye1,Roi,Roi,loop,125,0.009020260535180569,0.003483917578410458,0.003381050191819668,0.030444003641605377,0.013461033813655376,15.842854999005795,869382.675455609,869383.683661481
eye1,Roi,Roi,loop,117,0.009184059464078173,0.0043013972586887165,0.002411077730357647,0.038890051655471325,0.01376427244395017,16.23736018848279,869383.683661481,869384.683661514
eye1,Roi,Roi,loop,125,0.008240177296102047,0.002448084964004553,0.002110959030687809,0.017079990357160568,0.012852624058723448,15.748640118166804,869384.683661514,869385.691764942
eye1,Roi,Roi,loop,125,0.009775256738066673,0.004321926321962884,0.0026240013539791107,0.027104048058390617,0.018061581067740914,15.880662325769663,869385.691764942,869386.699557483
eye1,Roi,Roi,loop,124,0.008760938315742439,0.003966068811768322,0.0029579969123005867,0.03502704203128815,0.014082685811445115,15.7951419880133,869386.699557483,869387.699718471
eye1,Roi,Roi,loop,124,0.009670497797008964,0.002857939037643497,0.004478031769394875,0.01931004226207733,0.014651654055342075,15.87052104502706,869387.699718471,869388.699761617
eye1,Roi,Roi,loop,124,0.009650015272200108,0.003713233028297127,0.003897002898156643,0.032954965718090534,0.01403281930834055,16.14329400247023,869388.699761617,869389.704035699
eye1,Roi,Roi,loop,125,0.009603451937437057,0.003104050210943572,0.004781992174685001,0.02603593748062849,0.014416780322790144,16.124433749355376,869389.704035699,869390.711698748
eye1,Roi,Roi,loop,118,0.008816309904648085,0.005094927200092344,0.0020939623937010765,0.04161300603300333,0.015283713582903136,16.239614624498508,869390.711698748,869391.711911079
eye1,Roi,Roi,loop,119,0.009036425328930887,0.003514902409793535,0.0029730144888162613,0.02361403312534094,0.014331948477774857,16.22612141620587,869391.711911079,869392.71226381
eye1,Roi,Roi,loop,125,0.00926380604505539,0.008023662257875921,0.0023980392143130302,0.08188607171177864,0.01486975234001875,16.06821091938764,869392.71226381,869393.720255691
eye1,Roi,Roi,loop,125,0.010523834265768528,0.010148707328451703,0.003263005055487156,0.0961449695751071,0.015288777649402613,16.14953001961112,869393.720255691,869394.727729983
eye1,Roi,Roi,loop,121,0.009190633677500339,0.0085310334345824,0.0021919840946793556,0.09289500303566456,0.015606987290084362,16.476760331679845,869394.727729983,869395.731873728
eye1,Roi,Roi,loop,124,0.009654609922079309,0.003087679319283557,0.003095017746090889,0.02151296939700842,0.013736996334046124,16.4185221299469,869395.731873728,869396.732550613
eye1,nnUNetDetector2DPlugin,2dcpp,loop,122,2.2628983686922393,0.8340642152935198,0.6475779227912426,4.4989800080657005,3.506458143237978,16.676715657221855,869346.630158421,869347.633436829
eye1,nnUNetDetector2DPlugin,2dcpp,loop,125,2.2661113711073995,1.137352924006746,0.6971199763938785,8.21842101868242,3.912855265662074,16.578612880781293,869347.633436829,869348.641137308
eye1,nnUNetDetector2DPlugin,2dcpp,loop,125,2.4283042289316654,0.6831358644592463,0.8684359490871429,4.023418063297868,3.4899968886747956,16.8247730107978,869348.641137308,869349.648738736
eye1,nnUNetDetector2DPlugin,2dcpp,loop,124,2.4285571914421573,0.7024155797682404,0.7216739468276501,4.5997879933565855,3.504429140593856,16.79063595703713,869349.648738736,869350.650216909
eye1,nnUNetDetector2DPlugin,2dcpp,loop,125,2.4274725783616304,0.6273029763477047,0.9819200495257974,3.9172559045255184,3.3938868436962366,16.80795560590923,869350.650216909,869351.65718629
eye1,nnUNetDetector2DPlugin,2dcpp,loop,124,2.469726709551328,0.8244125571839013,0.7335660047829151,5.248318077065051,3.752973512746393,16.89053525314516,869351.65718629,869352.659094446
eye1,nnUNetDetector2DPlugin,2dcpp,loop,124,2.7027559061084063,0.989929256576031,0.8980750571936369,6.415028008632362,4.410605953307822,17.216873062293857,869352.659094446,869353.662632134
eye1,nnUNetDetector2DPlugin,2dcpp,loop,116,2.591993796221655,0.8873780349675543,0.6686949636787176,5.2780379774048924,4.070400755153969,17.34410746701479,869353.662632134,869354.669647444
eye1,nnUNetDetector2DPlugin,2dcpp,loop,125,2.712898625060916,0.686922586396942,1.1463509872555733,5.883672973141074,3.698728419840336,17.441074947826564,869354.669647444,869355.67710219
eye1,nnUNetDetector2DPlugin,2dcpp,loop,124,2.845654864006886,0.6584378390739044,1.539265038445592,5.583068006671965,3.9391164958942673,17.623940160715833,869355.67710219,869356.677672429
eye1,nnUNetDetector2DPlugin,2dcpp,loop,124,2.5893151356403026,0.701903953684352,0.6791070336475968,4.071956034749746,3.5936511761974543,17.227290520226703,869356.677672429,869357.677714798
eye1,nnUNetDetector2DPlugin,2dcpp,loop,125,2.5892362724989653,0.6986876882405578,1.0434379801154137,5.781688028946519,3.7209202302619815,17.258350290358067,869357.677714798,869358.685364106
eye1,nnUNetDetector2DPlugin,2dcpp,loop,124,2.6693908993395103,0.5633291145075213,1.3850070536136627,4.033628036268055,3.6004604829940945,17.36983655568873,869358.685364106,869359.685655035
eye1,nnUNetDetector2DPlugin,2dcpp,loop,124,2.6818888502255565,0.6693345400514287,1.1044240090996027,4.448591964319348,3.7552671507000923,17.478337320837102,869359.685655035,869360.69021489
eye1,nnUNetDetector2DPlugin,2dcpp,loop,125,2.627832030877471,0.7291363453596738,1.1998149566352367,5.2782619604840875,3.991605760529637,17.631790698505938,869360.69021489,869361.696638063
eye1,nnUNetDetector2DPlugin,2dcpp,loop,122,2.5749649732282047,0.7811696804058134,0.8308320539072156,4.392900969833136,3.906121844192965,17.60747912530711,869361.696638063,869362.707183576
eye1,nnUNetDetector2DPlugin,2dcpp,loop,125,2.5883110957220197,0.702452797260228,1.2781420955434442,5.897773080505431,3.650956368073821,17.565743941813707,869362.707183576,869363.713295912
eye1,nnUNetDetector2DPlugin,2dcpp,loop,124,2.6135833402569855,0.6741724023735018,1.1034340132027864,4.011032986454666,3.7975346378516406,17.5622241034533,869363.713295912,869364.713419015
eye1,nnUNetDetector2DPlugin,2dcpp,loop,118,2.4779533041972606,0.766091398155268,0.698908930644393,4.1444828966632485,3.651502961292862,17.54148240532663,869364.713419015,869365.713732349
eye1,nnUNetDetector2DPlugin,2dcpp,loop,125,2.352896237745881,0.6331254046554179,0.675905030220747,4.072354058735073,3.2796052051708102,17.314721098169684,869365.713732349,869366.720512017
eye1,nnUNetDetector2DPlugin,2dcpp,loop,124,2.3457946250170107,0.7344282558494007,0.8828779682517052,4.28015599027276,3.550371417077258,17.499799344448313,869366.720512017,869367.725527632
eye1,nnUNetDetector2DPlugin,2dcpp,loop,124,2.327175061744187,0.7157525481629532,0.8755340240895748,4.1444869711995125,3.4877916274126615,17.52783346080011,869367.725527632,869368.726846555
eye1,nnUNetDetector2DPlugin,2dcpp,loop,121,2.5221723947704824,0.8125313125182101,0.6977459415793419,5.955068045295775,3.7208599969744682,18.109563978635205,869368.726846555,869369.733905817
eye1,nnUNetDetector2DPlugin,2dcpp,loop,125,2.3474032189697027,0.6707180810659691,0.6752070039510727,3.811256028711796,3.419284033589065,17.563303718343377,869369.733905817,869370.739807373
eye1,nnUNetDetector2DPlugin,2dcpp,loop,124,2.5217950028637723,0.7886663498548397,0.8921640692278743,5.2960950415581465,3.682834515348077,17.765587291515043,869370.739807373,869371.744280697
eye1,nnUNetDetector2DPlugin,2dcpp,loop,125,2.3627412682399154,0.7952509606378948,0.6802050629630685,4.344146931543946,3.9207283640280366,17.602902648970485,869371.744280697,869372.747948547
eye1,nnUNetDetector2DPlugin,2dcpp,loop,124,2.4724492123500714,0.7794927191712322,0.7102040108293295,5.069800070486963,3.7077352113556117,17.753232484533182,869372.747948547,869373.752560111
eye1,nnUNetDetector2DPlugin,2dcpp,loop,124,2.411954292667008,0.6801502842429482,0.7503449451178312,3.8907229900360107,3.569223894737661,17.90835904314243,869373.752560111,869374.754054104
eye1,nnUNetDetector2DPlugin,2dcpp,loop,124,2.3555518043482855,0.8257998197564657,0.9468559874221683,5.352703970856965,3.6924878309946507,17.836432882411888,869374.754054104,869375.754893841
eye1,nnUNetDetector2DPlugin,2dcpp,loop,125,2.3325826907530427,0.8825900158628713,0.726416939869523,6.273512030020356,3.866471629589796,17.84131294861436,869375.754893841,869376.761245463
eye1,nnUNetDetector2DPlugin,2dcpp,loop,120,1.913654378343684,0.929603405044921,0.6162769859656692,5.744972033426166,3.45776510075666,17.354250698311564,869376.761245463,869377.767607292
eye1,nnUNetDetector2DPlugin,2dcpp,loop,124,1.7963686099861778,0.7961038741590957,0.6430220091715455,3.995385952293873,3.161107242340222,17.143022551599348,869377.767607292,869378.770743414
eye1,nnUNetDetector2DPlugin,2dcpp,loop,124,2.366754897652314,0.7027548560777679,0.9055970003828406,5.345287965610623,3.4935539297293863,17.892172707492605,869378.770743414,869379.771226416
eye1,nnUNetDetector2DPlugin,2dcpp,loop,124,2.421613685944448,0.8597845944281932,0.6949689704924822,6.208605947904289,3.871136804809792,18.008663417628757,869379.771226416,869380.774549166
eye1,nnUNetDetector2DPlugin,2dcpp,loop,125,2.312073824927211,0.7164102276922658,0.824125949293375,4.224295960739255,3.457957715727389,18.096771677955985,869380.774549166,869381.781988091
eye1,nnUNetDetector2DPlugin,2dcpp,loop,124,2.652724446248143,0.9870753491157669,0.9404849261045456,6.021043984219432,4.702301794895901,18.465983132163302,869381.781988091,869382.782162117
eye1,nnUNetDetector2DPlugin,2dcpp,loop,125,2.62873228546232,0.8743547301439969,1.0873740538954735,5.839271936565638,4.19258140027523,18.41648061387241,869382.782162117,869383.790818111
eye1,nnUNetDetector2DPlugin,2dcpp,loop,118,2.5531830911335174,0.8761656828219485,0.6752910558134317,5.641544004902244,4.039627523161471,18.738684078710058,869383.790818111,869384.799081827
eye1,nnUNetDetector2DPlugin,2dcpp,loop,125,2.3761383583769202,0.6954986292040349,0.6806741002947092,4.843403003178537,3.5845233825966716,18.07564345188439,869384.799081827,869385.80555168
eye1,nnUNetDetector2DPlugin,2dcpp,loop,124,2.639182296866972,0.8007711225765687,0.6946609355509281,4.862364963628352,4.11824770271778,18.491404206161537,869385.80555168,869386.807397409
eye1,nnUNetDetector2DPlugin,2dcpp,loop,124,2.388915638514464,0.776600328251542,0.7018509786576033,4.077931982465088,3.648812329629435,18.311585959670463,869386.807397409,869387.810934205
eye1,nnUNetDetector2DPlugin,2dcpp,loop,125,2.611587656661868,0.626198818985934,1.320522977039218,4.237586981616914,3.6533844424411654,18.72062674537301,869387.810934205,869388.819116257
eye1,nnUNetDetector2DPlugin,2dcpp,loop,125,2.557518039830029,0.5795589472851882,1.286572078242898,4.195026005618274,3.472082666121423,18.655658974312246,869388.819116257,869389.827357835
eye1,nnUNetDetector2DPlugin,2dcpp,loop,125,2.6097899889573455,0.6072518271113003,1.144798006862402,3.889250918291509,3.7086173659190536,18.663563564419746,869389.827357835,869390.834817911
eye1,nnUNetDetector2DPlugin,2dcpp,loop,118,2.2837375497871664,0.8352336570066278,0.66756596788764,4.000072018243372,3.4815615799743673,18.49301107981542,869390.834817911,869391.835520883
eye1,nnUNetDetector2DPlugin,2dcpp,loop,120,2.3319602973060682,0.7274017671934395,0.7975948974490166,4.083065898157656,3.5161329607944936,18.49771086126566,869391.835520883,869392.843723246
eye1,nnUNetDetector2DPlugin,2dcpp,loop,125,2.1097728051245213,0.8011407004970894,0.6686130072921515,4.169286927208304,3.530664043501019,18.12093644682318,869392.843723246,869393.856456721
eye1,nnUNetDetector2DPlugin,2dcpp,loop,121,2.418923429367402,0.7861484302215617,0.660546007566154,4.251015023328364,3.7427720380946994,18.85350740106761,869393.856456721,869394.859039312
eye1,nnUNetDetector2DPlugin,2dcpp,loop,125,2.3223297391086817,0.8433655569036698,0.73046307079494,5.508383037522435,4.075227654539049,18.886142302304506,869394.859039312,869395.860907664
eye1,nnUNetDetector2DPlugin,2dcpp,loop,124,2.515236523205174,0.7559608491690245,0.8231609826907516,5.450809025205672,3.684073267504572,18.914780189891555,869395.860907664,869396.862198053
world,Recorder,Recorder,loop,30,0.004089491752286752,0.0032369839066987618,0.0012220116332173347,0.019953935407102108,0.005734933074563742,86.40670009578268,869393.785376806,869394.824209163
world,Recorder,Recorder,loop,31,0.004168228066015628,0.005487794993497484,0.0008600763976573944,0.026904046535491943,0.014109478797763586,91.38974824905276,869394.824209163,869395.838461146
world,Recorder,Recorder,loop,30,0.0056711297171811266,0.01115191204927318,0.0010919757187366486,0.0652889721095562,0.005628663348034023,85.26860550434019,869395.838461146,869396.839992173
world,Recorder,Recorder,loop,31,0.00470812477531933,0.01093156867387462,0.001235981471836567,0.06424903403967619,0.005261506885290146,90.22347040609607,869396.839992173,869397.890318362
world,Recorder,Recorder,loop,30,0.005866928646961848,0.011106860647261635,0.0016799895092844963,0.06518897134810686,0.006808410398662083,86.76511337204526,869397.890318362,869398.891137048
world,Recorder,Recorder,loop,31,0.0038078963576305296,0.006092088504632086,0.0010620569810271263,0.03664102405309677,0.00506499782204628,90.5763687445752,869398.891137048,869399.935597297
world,Recorder,Recorder,loop,31,0.005294512506694563,0.00823098206432319,0.001467997208237648,0.049758004024624825,0.006172980647534132,87.28875147344004,869399.935597297,869400.962597674
world,Recorder,Recorder,loop,30,0.0036832915308574834,0.0030812924716506897,0.0013490207493305206,0.018690945580601692,0.005978374974802133,92.47740826491888,869400.962597674,869401.966049774
world,Recorder,Recorder,loop,30,0.005377957131713629,0.012106579777949848,0.0012399395927786827,0.07018493488430977,0.005945301381871102,87.14052076684311,869401.966049774,869402.977482336
world,Recorder,Recorder,loop,30,0.0040830811485648155,0.00842109578656612,0.0011459924280643463,0.04893599543720484,0.0052629737183451635,91.04138244098674,869402.977482336,869403.979389468
world,Recorder,Recorder,loop,30,0.005129460866252582,0.008039278267554741,0.001416075974702835,0.04788301885128021,0.006253295578062533,88.37298583239317,869403.979389468,869404.98696854
world,Recorder,Recorder,loop,31,0.002914686657248005,0.0031909342160933375,0.0015869736671447754,0.019920989871025085,0.004705507308244705,82.28455412937629,869404.98696854,869406.009327223
world,Recorder,Recorder,loop,30,0.0033444686171909175,0.0036243079048910976,0.0014789402484893799,0.021658954210579395,0.006510515231639144,82.00247672696908,869406.009327223,869407.021160568
world,Recorder,Recorder,loop,30,0.0031737921138604483,0.003621029829975231,0.0011919764801859856,0.021499930880963802,0.005970266647636889,87.85461926988016,869407.021160568,869408.023270131
world,Recorder,Recorder,loop,30,0.005117105320096016,0.0070858692981831135,0.001110951416194439,0.03913603723049164,0.01371814287267622,86.4896426598231,869408.023270131,869409.038684139
world,Recorder,Recorder,loop,31,0.004027031301971405,0.00779765157739088,0.001161010004580021,0.04640500992536545,0.005034031346440315,91.93803012491234,869409.038684139,869410.078380795
world,Recorder,Recorder,loop,28,0.0064161847279007945,0.012455986952939108,0.0014510005712509155,0.07085304241627455,0.005727331154048443,78.74545453731636,869410.078380795,869411.104290361
world,Recorder,Recorder,loop,30,0.006838837483276923,0.012466248510118723,0.0027370406314730644,0.07364200428128242,0.007280061254277818,76.03027373164271,869411.104290361,869412.10853771
world,Recorder,Recorder,loop,30,0.005637132562696934,0.008433786254895515,0.0011059455573558807,0.050579896196722984,0.006303662667050953,76.93389427149668,869412.10853771,869413.112149344
world,Recorder,Recorder,loop,30,0.004835962317883968,0.0046937432600986755,0.002200016751885414,0.02925400622189045,0.006581417983397836,76.00061959819868,869413.112149344,869414.119821944
world,Recorder,Recorder,loop,30,0.006726162973791361,0.011414298434081134,0.002354034222662449,0.0675559276714921,0.008822832023724908,76.22459919269507,869414.119821944,869415.124468777
world,Recorder,Recorder,loop,30,0.006304196237275998,0.011194089544442273,0.0019170111045241356,0.06624299567192793,0.0058078672736883155,76.26174180380379,869415.124468777,869416.128403929
world,Recorder,Recorder,loop,30,0.007022257583836715,0.012942395738859466,0.002558925189077854,0.07650291081517935,0.006569997640326615,76.23782726392771,869416.128403929,869417.132669417
world,Recorder,Recorder,loop,30,0.005901868765552838,0.01081833076573793,0.0018890714272856712,0.06373203359544277,0.006642227526754135,76.3329061291491,869417.132669417,869418.140589874
world,Recorder,Recorder,loop,30,0.005786101489017407,0.007559402674236395,0.002591055817902088,0.046008965000510216,0.006853998638689514,76.28572646450873,869418.140589874,869419.144299184
world,Recorder,Recorder,loop,14,0.00595806964806148,0.00507256954458159,0.002966029569506645,0.023694010451436043,0.013833458069711918,76.5091193607077,869419.144299184,869419.625498218
world,Blink_Detection,Blink_Detection,loop,30,0.00995423567170898,0.0038401812281735254,0.003213062882423401,0.019276980310678482,0.01639084075577557,85.15474636030073,869393.655058866,869394.667344473
world,Blink_Detection,Blink_Detection,loop,30,0.00785535667091608,0.004370755427715903,0.0027080532163381577,0.015964964404702187,0.015719723887741566,92.54565834999084,869394.667344473,869395.671886825
world,Blink_Detection,Blink_Detection,loop,30,0.010092125739902258,0.003881457928894345,0.0031120143830776215,0.017230981029570103,0.015247164992615579,85.01990733590598,869395.671886825,869396.679643247
world,Blink_Detection,Blink_Detection,loop,31,0.007695127879419635,0.0036038742633217064,0.003252062015235424,0.016539939679205418,0.015421479474753141,90.30675410383171,869396.679643247,869397.713819755
world,Blink_Detection,Blink_Detection,loop,30,0.011165467246125141,0.0035314310660026858,0.005133915692567825,0.015933066606521606,0.015665177488699555,86.48793310082208,869397.713819755,869398.723006578
world,Blink_Detection,Blink_Detection,loop,31,0.008254349532146607,0.0036432703537933597,0.0032709212973713875,0.016594072803854942,0.015206984244287014,90.62403783712897,869398.723006578,869399.760758958
world,Blink_Detection,Blink_Detection,loop,30,0.010259503809114298,0.0038222244461514525,0.0043620821088552475,0.01709896605461836,0.01612891792319715,87.1223249589093,869399.760758958,869400.763398566
world,Blink_Detection,Blink_Detection,loop,30,0.008590857032686472,0.0036273155906585705,0.003864988684654236,0.01566100399941206,0.015456555411219597,92.52644133909295,869400.763398566,869401.764868519
world,Blink_Detection,Blink_Detection,loop,30,0.00997528744240602,0.0037854973927931605,0.003171968273818493,0.018659047782421112,0.015984859783202406,87.19113365514204,869401.764868519,869402.780833804
world,Blink_Detection,Blink_Detection,loop,30,0.007504996998856465,0.004013609030845878,0.0033390242606401443,0.015596975572407246,0.015320780221372843,91.00922682943444,869402.780833804,869403.785875776
world,Blink_Detection,Blink_Detection,loop,30,0.011355973159273466,0.0087714211905466,0.004097004421055317,0.053817988373339176,0.01823920174501836,87.91574679780751,869403.785875776,869404.788376921
world,Blink_Detection,Blink_Detection,loop,31,0.006437260327079604,0.003289469023486577,0.0037890858948230743,0.016613048501312733,0.01345097552984953,84.84735360534322,869404.788376921,869405.81217218
world,Blink_Detection,Blink_Detection,loop,30,0.0056342920288443565,0.0028964837064665784,0.003364984877407551,0.017349026165902615,0.01075507025234399,79.37711966612066,869405.81217218,869406.828433065
world,Blink_Detection,Blink_Detection,loop,31,0.0076451181103625605,0.0041679706833107144,0.003112945705652237,0.016132951714098454,0.01579598756507039,89.98643784152884,869406.828433065,869407.855567497
world,Blink_Detection,Blink_Detection,loop,30,0.008281692862510681,0.004415696558583932,0.0030029332265257835,0.01655006781220436,0.01560348318889737,84.46711250968899,869407.855567497,869408.867854667
world,Blink_Detection,Blink_Detection,loop,30,0.008323994309951862,0.0032331985500427454,0.0037850113585591316,0.015873927623033524,0.01557262148708105,92.15820123208687,869408.867854667,869409.881312632
world,Blink_Detection,Blink_Detection,loop,28,0.010964581243959921,0.004980861834161809,0.004056957550346851,0.028847018256783485,0.015157362213358283,81.8097934742192,869409.881312632,869410.901482754
world,Blink_Detection,Blink_Detection,loop,30,0.012525574614604315,0.0026134919115550774,0.008507980965077877,0.017535057850182056,0.01579191884957254,76.1097830060559,869410.901482754,869411.909934828
world,Blink_Detection,Blink_Detection,loop,30,0.011227796009431282,0.00352039087492048,0.0031619565561413765,0.017165089957416058,0.016285019228234884,76.88349533903722,869411.909934828,869412.913718087
world,Blink_Detection,Blink_Detection,loop,30,0.012401867813120285,0.0035044530944732017,0.006300979293882847,0.02099794801324606,0.017750589177012437,75.91668349535514,869412.913718087,869413.916502089
world,Blink_Detection,Blink_Detection,loop,30,0.01660619939987858,0.028554244173752963,0.00394799280911684,0.167959020473063,0.024258834309875934,76.24359823142488,869413.916502089,869414.92599591
world,Blink_Detection,Blink_Detection,loop,30,0.011330765361587206,0.0035324839436614726,0.004193978384137154,0.0160199124366045,0.015849678311496973,76.19982570176944,869414.92599591,869415.929819871
world,Blink_Detection,Blink_Detection,loop,30,0.012574492332835993,0.0030717882051194416,0.006689922884106636,0.021227053366601467,0.016214628703892228,76.19376863973837,869415.929819871,869416.933828752
world,Blink_Detection,Blink_Detection,loop,30,0.010956230107694864,0.003825449517979838,0.0035440316423773766,0.016389996744692326,0.015727477148175236,76.30004504074653,869416.933828752,869417.941922653
world,Blink_Detection,Blink_Detection,loop,30,0.01189810379097859,0.0031512771185124838,0.00675395131111145,0.01917104236781597,0.01746576162986457,76.24244706627603,869417.941922653,869418.94512045
world,Blink_Detection,Blink_Detection,loop,20,0.01183688291348517,0.0024391650719625306,0.008214032277464867,0.016293954104185104,0.01592357293702662,76.36430009151809,869418.94512045,869419.626637141
world,Display_Recent_Gaze,Display_Recent_Gaze,loop,30,0.003306773335983356,0.0012050193916417096,0.000992906279861927,0.005815993063151836,0.005399744259193539,85.12915952984865,869393.654217495,869394.667035093
world,Display_Recent_Gaze,Display_Recent_Gaze,loop,30,0.0027188992438217006,0.0015219076848273212,0.0008869683369994164,0.0061229802668094635,0.005161087028682232,92.52343386954938,869394.667035093,869395.671589042
world,Display_Recent_Gaze,Display_Recent_Gaze,loop,30,0.0034665067990620932,0.0013045947495280833,0.001159030944108963,0.005558016709983349,0.0054929114412516356,84.98778122787674,869395.671589042,869396.679151736
world,Display_Recent_Gaze,Display_Recent_Gaze,loop,31,0.0025877849228920476,0.0011593698757231471,0.001161010004580021,0.0054729171097278595,0.004930014256387949,90.28393663315764,869396.679151736,869397.713488564
world,Display_Recent_Gaze,Display_Recent_Gaze,loop,30,0.003834041611601909,0.0013274487981675216,0.0017990823835134506,0.006254995241761208,0.005538930417969823,86.45933509881918,869397.713488564,869398.722681658
world,Display_Recent_Gaze,Display_Recent_Gaze,loop,31,0.0028261208846684423,0.0011915540482597994,0.0011100200936198235,0.005841953679919243,0.0052274554036557674,90.60249174569523,869398.722681658,869399.760484185
world,Display_Recent_Gaze,Display_Recent_Gaze,loop,30,0.003386502309391896,0.0012536751504114868,0.0014499528333544731,0.005975947715342045,0.00528564560227096,87.10145901810999,869399.760484185,869400.763259165
world,Display_Recent_Gaze,Display_Recent_Gaze,loop,30,0.002806703560054302,0.0011914268617830956,0.0014200340956449509,0.005391077138483524,0.005009124288335442,92.50641000689939,869400.763259165,869401.764680189
world,Display_Recent_Gaze,Display_Recent_Gaze,loop,30,0.0032456397699813047,0.0010304368245376441,0.0010309740900993347,0.00487698707729578,0.004752434324473142,87.16305349565421,869401.764680189,869402.780446129
world,Display_Recent_Gaze,Display_Recent_Gaze,loop,30,0.0024761344927052655,0.0013740661487429892,0.0011420343071222305,0.005980953574180603,0.005340354982763528,90.99034253352632,869402.780446129,869403.785674161
world,Display_Recent_Gaze,Display_Recent_Gaze,loop,30,0.003278034273535013,0.0011365046411851262,0.001667998731136322,0.0055730342864990234,0.0053284631576389066,87.887679595345,869403.785674161,869404.788055889
world,Display_Recent_Gaze,Display_Recent_Gaze,loop,31,0.0021478288897102877,0.0011180944615342258,0.0012279488146305084,0.005474081262946129,0.0046869972720742226,84.8345712818686,869404.788055889,869405.812096892
world,Display_Recent_Gaze,Display_Recent_Gaze,loop,30,0.0018609571270644665,0.0010060066310290255,0.0011489028111100197,0.005950918421149254,0.003707210998982183,79.34601489299287,869405.812096892,869406.827745357
world,Display_Recent_Gaze,Display_Recent_Gaze,loop,31,0.0025971770106304076,0.001425866265900485,0.001201988197863102,0.005626934580504894,0.0054480042308568954,89.97200717473582,869406.827745357,869407.855493649
world,Display_Recent_Gaze,Display_Recent_Gaze,loop,30,0.0029265376118322215,0.0016475418802810212,0.0011650845408439636,0.007160939276218414,0.005338108167052269,84.44572183070704,869407.855493649,869408.867616678
world,Display_Recent_Gaze,Display_Recent_Gaze,loop,30,0.003308115992695093,0.0032470101206738436,0.0012450618669390678,0.019954051822423935,0.005260243779048323,92.12845403623457,869408.867616678,869409.880825103
world,Display_Recent_Gaze,Display_Recent_Gaze,loop,28,0.003540601548073547,0.0012801539647000388,0.0013799872249364853,0.006093061529099941,0.005018402589485049,81.7813864310405,869409.880825103,869410.901144173
world,Display_Recent_Gaze,Display_Recent_Gaze,loop,30,0.004368876883139213,0.0012005263657975252,0.0023659085854887962,0.007136957719922066,0.0064678024500608436,76.0726799373515,869410.901144173,869411.909381825
world,Display_Recent_Gaze,Display_Recent_Gaze,loop,30,0.0038462613398830094,0.001144861041976906,0.0009249197319149971,0.005707028321921825,0.005604734178632497,76.84528656148662,869411.909381825,869412.913057933
world,Display_Recent_Gaze,Display_Recent_Gaze,loop,30,0.004076309657345216,0.0009961212117892027,0.0018719583749771118,0.005442067049443722,0.005356530891731381,75.89042963227257,869412.913057933,869413.916273829
world,Display_Recent_Gaze,Display_Recent_Gaze,loop,30,0.004314064669112365,0.0021610701209813584,0.0017510028555989265,0.01101603265851736,0.008516263915225851,76.1993270018138,869413.916273829,869414.925335708
world,Display_Recent_Gaze,Display_Recent_Gaze,loop,30,0.003867472211519877,0.0011166734825092393,0.00132701825350523,0.005458015948534012,0.005216390127316117,76.16979627249141,869414.925335708,869415.929423529
world,Display_Recent_Gaze,Display_Recent_Gaze,loop,30,0.00422745943069458,0.0009419647364443637,0.0022149179130792618,0.005985028110444546,0.005459901876747608,76.15016157506034,869415.929423529,869416.933073468
world,Display_Recent_Gaze,Display_Recent_Gaze,loop,30,0.0037711812183260918,0.0011923654957598174,0.0012950040400028229,0.005733920261263847,0.005253887502476573,76.26209873706102,869416.933073468,869417.94125809
world,Display_Recent_Gaze,Display_Recent_Gaze,loop,30,0.004059499284873406,0.0010228231868853596,0.002352055162191391,0.006123911589384079,0.005514285294339061,76.2149296506929,869417.94125809,869418.944840478
world,Display_Recent_Gaze,Display_Recent_Gaze,loop,20,0.0041997991502285,0.0007663499294525101,0.003061024472117424,0.005415990017354488,0.005414109909906983,76.34605853818357,869418.944840478,869419.627652927
world,System_Graphs,System_Graphs,loop,30,0.04196923691779375,0.06905608650560385,0.0031350646167993546,0.2308350522071123,0.20540279219858334,85.10360714280978,869393.652901091,869394.666626146
world,System_Graphs,System_Graphs,loop,30,0.0435312744230032,0.07987767712240723,0.002517946995794773,0.29345101211220026,0.23975465446710564,92.5002788930821,869394.666626146,869395.671202258
world,System_Graphs,System_Graphs,loop,30,0.05234972729037205,0.0928674284703461,0.0029010698199272156,0.2905640285462141,0.26579147088341415,84.9605214355203,869395.671202258,869396.678731853
world,System_Graphs,System_Graphs,loop,31,0.03597283014847386,0.05834345773814091,0.0032439129427075386,0.24956802371889353,0.1444484805688262,90.2589107976265,869396.678731853,869397.713010038
world,System_Graphs,System_Graphs,loop,30,0.06424405534441273,0.11699494946143989,0.004694913513958454,0.44893298763781786,0.31298501999117434,86.41779789856325,869397.713010038,869398.721843413
world,System_Graphs,System_Graphs,loop,31,0.04122661231386085,0.0793350020383203,0.0027640489861369133,0.3182990476489067,0.21644745720550418,90.57572161057784,869398.721843413,869399.75999428
world,System_Graphs,System_Graphs,loop,30,0.05505211108053724,0.09651945389149644,0.003673951141536236,0.30198099557310343,0.2893748169299215,87.08070789774258,869399.75999428,869400.763011655
world,System_Graphs,System_Graphs,loop,30,0.03760133016233643,0.069220139265613,0.0034710392355918884,0.32321701291948557,0.15000297571532425,92.48730333832403,869400.763011655,869401.764423903
world,System_Graphs,System_Graphs,loop,30,0.04272772930562496,0.06939293096516859,0.00272202305495739,0.25760894641280174,0.18830619519576422,87.12990436858188,869401.764423903,869402.779806791
world,System_Graphs,System_Graphs,loop,30,0.039262506955613695,0.07412922679348365,0.0033370452001690865,0.2933630021288991,0.20847545238211723,90.96247671404853,869402.779806791,869403.78511714
world,System_Graphs,System_Graphs,loop,30,0.047193397767841816,0.08349213542106276,0.0044050393626093864,0.3409519558772445,0.21672219154424954,87.86142094371219,869403.78511714,869404.787637368
world,System_Graphs,System_Graphs,loop,31,0.029582537770751986,0.05562128507033936,0.0031800009310245514,0.21510699298232794,0.15988247469067574,84.8221284780471,869404.787637368,869405.811954248
world,System_Graphs,System_Graphs,loop,30,0.021512193294862907,0.033750820634931664,0.0025259796530008316,0.10343210306018591,0.09072475950233637,79.31734730179112,869405.811954248,869406.827065274
world,System_Graphs,System_Graphs,loop,31,0.03278057932132675,0.06134089467116964,0.003102002665400505,0.29163400176912546,0.13800302986055613,89.95843429734269,869406.827065274,869407.85536243
world,System_Graphs,System_Graphs,loop,30,0.03992164662728707,0.07458052295750872,0.002688029780983925,0.2939850091934204,0.22154141333885477,84.42485489649698,869407.85536243,869408.86730871
world,System_Graphs,System_Graphs,loop,30,0.04294450239588817,0.07754523110066468,0.0035190023481845856,0.29705301858484745,0.22001088946126374,92.10420386710514,869408.86730871,869409.88042975
world,System_Graphs,System_Graphs,loop,28,0.05443086930816727,0.09524385286586322,0.002457061782479286,0.2964350860565901,0.282199791399762,81.74510159213762,869409.88042975,869410.900439806
world,System_Graphs,System_Graphs,loop,30,0.05543119041249156,0.09393456031678353,0.00623706728219986,0.2956870011985302,0.25657228543423105,76.02619321163122,869410.900439806,869411.908399061
world,System_Graphs,System_Graphs,loop,30,0.04886117142935594,0.08356002679103997,0.0020259758457541466,0.28703396674245596,0.23861753288656465,76.80901935091242,869411.908399061,869412.912298344
world,System_Graphs,System_Graphs,loop,30,0.05729133263230324,0.09890321156398,0.0050140079110860825,0.3015209222212434,0.28773983358405525,75.86511153494939,869412.912298344,869413.915874279
world,System_Graphs,System_Graphs,loop,30,0.056351302191615105,0.10229749103264857,0.0028730137273669243,0.3150349948555231,0.30100540025159717,76.15888770669699,869413.915874279,869414.924470715
world,System_Graphs,System_Graphs,loop,30,0.04291101358830929,0.07334802359059765,0.0028710346668958664,0.27854309882968664,0.20620339782908542,76.13133901031688,869414.924470715,869415.928589256
world,System_Graphs,System_Graphs,loop,30,0.06085518980398774,0.10430808967227238,0.005568028427660465,0.3186409594491124,0.28982266085222347,76.11519159205879,869415.928589256,869416.932398637
world,System_Graphs,System_Graphs,loop,30,0.048382910123715796,0.08295051237407354,0.002235989086329937,0.27301302179694176,0.22752517834305747,76.22496680123731,869416.932398637,869417.940457238
world,System_Graphs,System_Graphs,loop,30,0.05671487112219135,0.09957615370086367,0.004954054020345211,0.3161659697070718,0.2926983928773551,76.18783860234544,869417.940457238,869418.944377341
world,System_Graphs,System_Graphs,loop,20,0.052037317072972655,0.08438846270611006,0.006568036042153835,0.24010194465517998,0.22974609164521098,76.3336832402274,869418.944377341,869419.628843455
world,ScreenMarkerChoreographyPlugin,ScreenMarkerChoreographyPlugin,loop,30,9.59230613273879,4.9970459219886125,4.039483028464019,33.09374791570008,15.373276284663005,84.71749939878161,869393.616366018,869394.623352173
world,ScreenMarkerChoreographyPlugin,ScreenMarkerChoreographyPlugin,loop,30,16.861520839544635,6.305969072459439,7.679948932491243,41.17401200346649,24.130743060959492,92.43759233892585,869394.623352173,869395.627275149
world,ScreenMarkerChoreographyPlugin,ScreenMarkerChoreographyPlugin,loop,30,9.708335902541876,3.8258115215387667,3.765957080759108,19.858025014400482,18.489372433396053,84.78163863765076,869395.627275149,869396.629960421
world,ScreenMarkerChoreographyPlugin,ScreenMarkerChoreographyPlugin,loop,30,15.129784836123386,3.823068338132434,8.518048096448183,26.080470997840166,19.99190517235547,90.36413337647294,869396.629960421,869397.641147804
world,ScreenMarkerChoreographyPlugin,ScreenMarkerChoreographyPlugin,loop,30,10.788521795378378,5.944628775615312,6.17601303383708,33.785309991799295,22.359569137915944,86.24374723682801,869397.641147804,869398.645961581
world,ScreenMarkerChoreographyPlugin,ScreenMarkerChoreographyPlugin,loop,31,15.318711543635976,3.741079496840833,5.580027005635202,27.041158988140523,19.36135848518461,90.55535576771945,869398.645961581,869399.692371011
world,ScreenMarkerChoreographyPlugin,ScreenMarkerChoreographyPlugin,loop,30,11.529882190128168,5.31792638689654,5.85776602383703,27.769034961238503,23.190917179454104,86.91657788973923,869399.692371011,869400.699919285
world,ScreenMarkerChoreographyPlugin,ScreenMarkerChoreographyPlugin,loop,30,16.68718613218516,4.544811273250499,8.55077407322824,35.4111980414018,20.44161416706629,92.24002660484985,869400.699919285,869401.702469948
world,ScreenMarkerChoreographyPlugin,ScreenMarkerChoreographyPlugin,loop,30,11.302997532766312,6.240424633384252,4.658316960558295,35.98397900350392,21.549758192850277,86.9783421085837,869401.702469948,869402.705264616
world,ScreenMarkerChoreographyPlugin,ScreenMarkerChoreographyPlugin,loop,30,15.228501571497569,4.0551336059334115,8.28561803791672,23.043907014653087,21.248638781253245,90.77899713690083,869402.705264616,869403.714966992
world,ScreenMarkerChoreographyPlugin,ScreenMarkerChoreographyPlugin,loop,30,12.163943455864986,6.427599068426597,5.776592995971441,33.90815097372979,24.143941700458512,87.73957715602592,869403.714966992,869404.719100482
world,ScreenMarkerChoreographyPlugin,ScreenMarkerChoreographyPlugin,loop,31,10.404919225331996,5.594257559575166,3.7452459800988436,19.917845027521253,18.994985497556627,85.72936952189212,869404.719100482,869405.745674522
world,ScreenMarkerChoreographyPlugin,ScreenMarkerChoreographyPlugin,loop,30,3.5778030287474394,1.8023014578431633,1.7989450134336948,8.255315013229847,6.658233690541237,78.75553640381743,869405.745674522,869406.747555952
world,ScreenMarkerChoreographyPlugin,ScreenMarkerChoreographyPlugin,loop,30,14.780695305671543,5.486867112021956,6.037745042704046,29.968604096211493,22.514603077433993,90.71270940670122,869406.747555952,869407.757586102
world,ScreenMarkerChoreographyPlugin,ScreenMarkerChoreographyPlugin,loop,30,8.139616743816683,4.4807786530766505,3.0712910229340196,23.746700957417488,17.708848224719976,83.72324350445221,869407.757586102,869408.771948097
world,ScreenMarkerChoreographyPlugin,ScreenMarkerChoreographyPlugin,loop,30,15.524915640708059,3.742823630145218,8.390381000936031,23.75980606302619,20.893864386016503,91.2608331340986,869408.771948097,869409.777134806
world,ScreenMarkerChoreographyPlugin,ScreenMarkerChoreographyPlugin,loop,28,6.0926208596876155,8.531262039568793,0.015398021787405014,28.183536953292787,19.00760815478861,83.47426296261672,869409.777134806,869410.800388365
world,ScreenMarkerChoreographyPlugin,ScreenMarkerChoreographyPlugin,loop,30,0.04082975986724099,0.010090180606543984,0.022934051230549812,0.06926304195076227,0.05961409769952296,75.93329267498727,869410.800388365,869411.804310868
world,ScreenMarkerChoreographyPlugin,ScreenMarkerChoreographyPlugin,loop,30,0.03414559566105405,0.009792745277039746,0.010933959856629372,0.05091005004942417,0.04634776851162314,76.71744796680287,869411.804310868,869412.811967438
world,ScreenMarkerChoreographyPlugin,ScreenMarkerChoreographyPlugin,loop,30,0.03796089828635255,0.011381676112603725,0.020524021238088608,0.06444205064326525,0.05723549402318892,75.88103423671176,869412.811967438,869413.816341448
world,ScreenMarkerChoreographyPlugin,ScreenMarkerChoreographyPlugin,loop,30,0.03569647669792175,0.01201341475416111,0.018474063836038113,0.06465194746851921,0.051527941832318895,75.90278501156718,869413.816341448,869414.819930558
world,ScreenMarkerChoreographyPlugin,ScreenMarkerChoreographyPlugin,loop,30,0.0365725252777338,0.00923646503725499,0.01614110078662634,0.04943693056702614,0.0478599569760263,76.04048320014651,869414.819930558,869415.828306142
world,ScreenMarkerChoreographyPlugin,ScreenMarkerChoreographyPlugin,loop,30,0.038924215671916805,0.009218586410178642,0.021357904188334942,0.06019393913447857,0.05113605293445289,76.1413822338606,869415.828306142,869416.832243699
world,ScreenMarkerChoreographyPlugin,ScreenMarkerChoreographyPlugin,loop,30,0.03602854364241163,0.011660279819979883,0.013936078175902367,0.07015909068286419,0.05010599270462989,75.99636156422396,869416.832243699,869417.836566108
world,ScreenMarkerChoreographyPlugin,ScreenMarkerChoreographyPlugin,loop,30,0.03600394120439887,0.010013646057166684,0.01968198921531439,0.06416195537894964,0.05539031117223201,76.05641739598165,869417.836566108,869418.844590113
world,ScreenMarkerChoreographyPlugin,ScreenMarkerChoreographyPlugin,loop,23,0.038682407213617924,0.008222220063512777,0.02635200507938862,0.06017496343702078,0.05010261666029692,76.32850664262862,869418.844590113,869419.629827954
world,Fixation_Detector,Fixation_Detector,loop,31,0.009780073718678567,0.003077180363767709,0.004385015927255154,0.014071003533899784,0.013539975043386221,75.00580250991568,869393.381298214,869394.411266052
world,Fixation_Detector,Fixation_Detector,loop,30,0.010151035773257414,0.004013452415149818,0.002739951014518738,0.02361403312534094,0.014574680244550105,75.52965721891572,869394.411266052,869395.419671961
world,Fixation_Detector,Fixation_Detector,loop,30,0.010194707040985426,0.003308091685624544,0.004744972102344036,0.018332968465983868,0.015730538871139278,75.01345029644047,869395.419671961,869396.423384144
world,Fixation_Detector,Fixation_Detector,loop,30,0.009691591064135233,0.0029801910310582715,0.0033869873732328415,0.0142629723995924,0.013360963203012943,75.17681556055322,869396.423384144,869397.427567946
world,Fixation_Detector,Fixation_Detector,loop,30,0.010274024680256844,0.0028403766678867185,0.0028830254450440407,0.013591023162007332,0.013498368207365274,75.30331974073003,869397.427567946,869398.435605057
world,Fixation_Detector,Fixation_Detector,loop,30,0.0111975590698421,0.004911159757212655,0.003797002136707306,0.029333983547985554,0.018759933300316313,75.40534662936504,869398.435605057,869399.439526352
world,Fixation_Detector,Fixation_Detector,loop,30,0.010521558579057455,0.0025786799572392054,0.00561494380235672,0.014593941159546375,0.013623945415019987,75.27131042055164,869399.439526352,869400.443392343
world,Fixation_Detector,Fixation_Detector,loop,30,0.010613794438540936,0.00619270725860428,0.0053399708122015,0.040255021303892136,0.01525772968307137,75.2862473600544,869400.443392343,869401.451433192
world,Fixation_Detector,Fixation_Detector,loop,30,0.010987107331554094,0.0033057761456233292,0.005441019311547279,0.023226020857691765,0.013871554983779786,75.67434526281431,869401.451433192,869402.455769172
world,Fixation_Detector,Fixation_Detector,loop,30,0.009511038661003113,0.002660651984032096,0.0056140124797821045,0.014499993994832039,0.014123570872470735,75.65589194030811,869402.455769172,869403.459455254
world,Fixation_Detector,Fixation_Detector,loop,30,0.010421627666801214,0.0028460950003990127,0.004161032848060131,0.016027013771235943,0.013649644097313285,75.41792967434351,869403.459455254,869404.467796971
world,Fixation_Detector,Fixation_Detector,loop,30,0.00982436661918958,0.006535479695925386,0.0034689437597990036,0.03948190715163946,0.013961689546704292,75.58741683606058,869404.467796971,869405.4713782
world,Fixation_Detector,Fixation_Detector,loop,30,0.004497469247629245,0.00097328372286521,0.0022980384528636932,0.006009009666740894,0.005952263018116355,75.1209362060763,869405.4713782,869406.475580166
world,Fixation_Detector,Fixation_Detector,loop,30,0.007827979667733112,0.003596973215661262,0.003091059625148773,0.014608027413487434,0.0140500720590353,75.89123406602691,869406.475580166,869407.483563794
world,Fixation_Detector,Fixation_Detector,loop,30,0.011407832304636637,0.016743505880430047,0.002710963599383831,0.0984689686447382,0.01736780977807938,75.48642792583753,869407.483563794,869408.487936631
world,Fixation_Detector,Fixation_Detector,loop,30,0.01148491088921825,0.006249267761243041,0.0036710407584905624,0.04179798997938633,0.01445410307496786,75.6265041961645,869408.487936631,869409.491912351
world,Fixation_Detector,Fixation_Detector,loop,27,0.009956644606535081,0.003371666240944559,0.0034120166674256325,0.014264951460063457,0.013963400851935148,77.46489665953925,869409.491912351,869410.500033627
world,Fixation_Detector,Fixation_Detector,loop,30,0.011390905516843,0.0021934299646326036,0.006119022145867348,0.01454702578485012,0.013778964057564734,75.87534977744023,869410.500033627,869411.503988026
world,Fixation_Detector,Fixation_Detector,loop,30,0.009937471865365902,0.0029434707363737273,0.002827029675245285,0.013993005268275738,0.013735465472564101,76.51692316867411,869411.503988026,869412.508178612
world,Fixation_Detector,Fixation_Detector,loop,30,0.010879368831713995,0.0033628501407421355,0.0058050500229001045,0.024252920411527157,0.013570196460932491,75.94999981035168,869412.508178612,869413.516552937
world,Fixation_Detector,Fixation_Detector,loop,30,0.010798367050786814,0.0059588923827873005,0.0038529979065060616,0.030993949621915817,0.022333278320729705,75.80054506737117,869413.516552937,869414.520184429
world,Fixation_Detector,Fixation_Detector,loop,30,0.010777334682643414,0.002860233429923748,0.0053140101954340935,0.014416989870369434,0.014129211194813251,75.82074136783679,869414.520184429,869415.52419128
world,Fixation_Detector,Fixation_Detector,loop,30,0.012653425801545382,0.005364049572688524,0.0037350691854953766,0.034227967262268066,0.0200579175725579,76.19820510735735,869415.52419128,869416.532137273
world,Fixation_Detector,Fixation_Detector,loop,30,0.010426136820266644,0.0019515806348142125,0.006705988198518753,0.013125012628734112,0.013049086555838585,75.95566956636806,869416.532137273,869417.536311017
world,Fixation_Detector,Fixation_Detector,loop,30,0.009306073964883884,0.003058763363868894,0.003260909579694271,0.014791032299399376,0.014077808009460568,75.91057751560584,869417.536311017,869418.540160986
world,Fixation_Detector,Fixation_Detector,loop,30,0.011099009619404873,0.0025031394835697525,0.007127062417566776,0.015757977962493896,0.015123572666198012,76.26735115190968,869418.540160986,869419.548437324
world,Fixation_Detector,Fixation_Detector,loop,2,0.01060793874785304,0.0004940084181725979,0.010113930329680443,0.011101947166025639,0.011052546324208379,75.0744670513086,869419.548437324,869419.631102765
world,Pupil_Data_Relay,Pupil_Data_Relay,loop,30,0.1796016120351851,0.06420893996356644,0.06726803258061409,0.30126108322292566,0.2615996112581342,75.0361319941779,869393.379710451,869394.380702267
world,Pupil_Data_Relay,Pupil_Data_Relay,loop,30,0.17087208107113838,0.06953358300244836,0.03426894545555115,0.3201359650120139,0.2934144693426787,75.39617163905253,869394.380702267,869395.384064275
world,Pupil_Data_Relay,Pupil_Data_Relay,loop,30,0.17555459635332227,0.05180515491403878,0.08718995377421379,0.29160105623304844,0.2620635903440416,75.02037779195234,869395.384064275,869396.392597341
world,Pupil_Data_Relay,Pupil_Data_Relay,loop,30,0.17662991303950548,0.06932816171024556,0.05149003118276596,0.3166790120303631,0.30227400129660964,75.1780418989559,869396.392597341,869397.396430418
world,Pupil_Data_Relay,Pupil_Data_Relay,loop,30,0.19693669552604356,0.06608455993611861,0.056282966397702694,0.3103730268776417,0.281752017326653,75.18115813145414,869397.396430418,869398.400300258
world,Pupil_Data_Relay,Pupil_Data_Relay,loop,30,0.20047700963914394,0.06470097274850313,0.07591408211737871,0.3163249930366874,0.29439392965286965,75.40960516004513,869398.400300258,869399.408559554
world,Pupil_Data_Relay,Pupil_Data_Relay,loop,30,0.19964331295341253,0.06339186974140362,0.09531201794743538,0.3208459820598364,0.31307573080994183,75.28723443392664,869399.408559554,869400.412266505
world,Pupil_Data_Relay,Pupil_Data_Relay,loop,30,0.177234027069062,0.05734577557055872,0.08637493010610342,0.29275601264089346,0.27346513816155493,75.15159346318494,869400.412266505,869401.417050677
world,Pupil_Data_Relay,Pupil_Data_Relay,loop,30,0.1950163976289332,0.053763956009277206,0.09221502114087343,0.2986909821629524,0.2723336860071867,75.66837906682242,869401.417050677,869402.424955128
world,Pupil_Data_Relay,Pupil_Data_Relay,loop,30,0.1866580219939351,0.060566312546400276,0.09600992780178785,0.30991609673947096,0.3039668081328273,75.6765959939609,869402.424955128,869403.428210905
world,Pupil_Data_Relay,Pupil_Data_Relay,loop,30,0.19448586196328202,0.06167600509755478,0.07742992602288723,0.3285130951553583,0.2931891242042184,75.2675906366979,869403.428210905,869404.433191569
world,Pupil_Data_Relay,Pupil_Data_Relay,loop,30,0.17043105714643994,0.07533015493878992,0.056248041801154613,0.30680804047733545,0.29586669988930225,75.62169519951567,869404.433191569,869405.439552144
world,Pupil_Data_Relay,Pupil_Data_Relay,loop,30,0.07377670456965764,0.02836582254669509,0.039986916817724705,0.18974801059812307,0.09907468338496982,75.14199460080515,869405.439552144,869406.443889252
world,Pupil_Data_Relay,Pupil_Data_Relay,loop,30,0.13479112725084028,0.07706075770761481,0.008312985301017761,0.3479949664324522,0.25595322367735207,75.77858929289505,869406.443889252,869407.447944655
world,Pupil_Data_Relay,Pupil_Data_Relay,loop,30,0.15136960816259185,0.08777844407495644,0.043789041228592396,0.3327589947730303,0.2700952580198645,75.47862050123513,869407.447944655,869408.456781748
world,Pupil_Data_Relay,Pupil_Data_Relay,loop,30,0.21718288383757076,0.08890112921617463,0.05394092295318842,0.44675800018012524,0.3948599740397182,75.62371526922409,869408.456781748,869409.461481111
world,Pupil_Data_Relay,Pupil_Data_Relay,loop,27,0.20278749245874308,0.09417183416641002,0.02349098213016987,0.438493094407022,0.3402828937396407,77.32705558494975,869409.461481111,869410.464984117
world,Pupil_Data_Relay,Pupil_Data_Relay,loop,30,0.2251690331225594,0.06474730206958916,0.10729499626904726,0.4214160144329071,0.32249972573481495,75.88607247065131,869410.464984117,869411.472723321
world,Pupil_Data_Relay,Pupil_Data_Relay,loop,30,0.192443432752043,0.07952518697054994,0.02110505010932684,0.36386598367244005,0.32316293800249685,76.51873896053682,869411.472723321,869412.477667356
world,Pupil_Data_Relay,Pupil_Data_Relay,loop,30,0.20011453501259288,0.059932831160479004,0.08773000445216894,0.3261510282754898,0.2796849759761244,75.81914815042789,869412.477667356,869413.480186663
world,Pupil_Data_Relay,Pupil_Data_Relay,loop,30,0.17584577823678652,0.0795222343820157,0.055571901611983776,0.3236070042476058,0.3102360060438513,75.81971840700135,869413.480186663,869414.489293289
world,Pupil_Data_Relay,Pupil_Data_Relay,loop,30,0.19970297192533812,0.06139476483312697,0.09354297071695328,0.3185570240020752,0.2861562417820096,75.83055567617218,869414.489293289,869415.493229597
world,Pupil_Data_Relay,Pupil_Data_Relay,loop,30,0.20777682851379117,0.07364829616204639,0.06741296965628862,0.46120898332446814,0.2886402653530239,76.07040147219475,869415.493229597,869416.49722948
world,Pupil_Data_Relay,Pupil_Data_Relay,loop,30,0.19851033575832844,0.05142555973216119,0.11158001143485308,0.31989195849746466,0.29010160942561913,75.95692900940776,869416.49722948,869417.505669831
world,Pupil_Data_Relay,Pupil_Data_Relay,loop,30,0.16897560950989524,0.06624125729964656,0.040313927456736565,0.31591393053531647,0.2793149789795278,75.93119643861428,869417.505669831,869418.509047146
world,Pupil_Data_Relay,Pupil_Data_Relay,loop,30,0.20351508089030781,0.058129395880468504,0.12788199819624424,0.3277169307693839,0.3148936142679304,76.13098905421793,869418.509047146,869419.513582545
world,Pupil_Data_Relay,Pupil_Data_Relay,loop,3,0.17322502875079712,0.011164802224109607,0.16207003500312567,0.1884800149127841,0.18654451705515385,75.82738638545077,869419.513582545,869419.631940722
world,NetworkApiPlugin,NetworkApiPlugin,loop,30,0.023933003346125286,0.00807162027138807,0.010302988812327385,0.03863801248371601,0.032901013037189834,74.83198669894288,869393.377748752,869394.379990756
world,NetworkApiPlugin,NetworkApiPlugin,loop,30,0.02247002363825838,0.008262558510916385,0.005938112735748291,0.044294982217252254,0.03312989720143378,75.20653690056254,869394.379990756,869395.383641046
world,NetworkApiPlugin,NetworkApiPlugin,loop,30,0.023331497019777696,0.0059889699168874716,0.011519994586706161,0.032261013984680176,0.03120492910966277,74.81841391806181,869395.383641046,869396.391862376
world,NetworkApiPlugin,NetworkApiPlugin,loop,30,0.02165174422164758,0.006685855180401174,0.007629976607859135,0.031120958738029003,0.030763406539335847,74.9762771340708,869396.391862376,869397.395733251
world,NetworkApiPlugin,NetworkApiPlugin,loop,30,0.023883759664992493,0.007103732978522869,0.006471993401646614,0.03511004615575075,0.03232287708669901,74.96300983475521,869397.395733251,869398.399855942
world,NetworkApiPlugin,NetworkApiPlugin,loop,30,0.025062340622146923,0.006837294164055897,0.00866095069795847,0.037522055208683014,0.03363618743605911,75.183431210462,869398.399855942,869399.40788825
world,NetworkApiPlugin,NetworkApiPlugin,loop,30,0.02384526887908578,0.005913896374495003,0.00850600190460682,0.03356393426656723,0.03146528033539653,75.06759635871276,869399.40788825,869400.411845272
world,NetworkApiPlugin,NetworkApiPlugin,loop,30,0.02245316281914711,0.00600982323030731,0.014338060282170773,0.03460410516709089,0.03066802746616304,74.94330929669862,869400.411845272,869401.416135864
world,NetworkApiPlugin,NetworkApiPlugin,loop,30,0.024077579534302156,0.005352856357806382,0.012563075870275497,0.03214494790881872,0.03156473394483328,75.44782807429631,869401.416135864,869402.424232815
world,NetworkApiPlugin,NetworkApiPlugin,loop,30,0.023026725587745506,0.006045777571603568,0.011925934813916683,0.033932970836758614,0.03236488555558026,75.46838053579752,869402.424232815,869403.427716439
world,NetworkApiPlugin,NetworkApiPlugin,loop,30,0.024338772830863793,0.006520595628081523,0.009840005077421665,0.03355403896421194,0.032293796539306634,75.04118130309507,869403.427716439,869404.432215795
world,NetworkApiPlugin,NetworkApiPlugin,loop,30,0.021675636526197195,0.008048686550099382,0.009384937584400177,0.035331002436578274,0.03319004899822175,75.43970249826089,869404.432215795,869405.43941704
world,NetworkApiPlugin,NetworkApiPlugin,loop,30,0.012220694528271755,0.005124111118375909,0.00646000262349844,0.03645697142928839,0.01685888273641466,75.05837653297931,869405.43941704,869406.44363266
world,NetworkApiPlugin,NetworkApiPlugin,loop,30,0.018668621002386015,0.007716125505315897,0.008638016879558563,0.032796990126371384,0.03105104551650583,75.63076210208237,869406.44363266,869407.447676672
world,NetworkApiPlugin,NetworkApiPlugin,loop,30,0.018668776222815115,0.009001444615903619,0.0061820028349757195,0.032062060199677944,0.030904682353138924,75.30411266488954,869407.447676672,869408.456128595
world,NetworkApiPlugin,NetworkApiPlugin,loop,30,0.02408743215103944,0.006264145929239327,0.008424045518040657,0.03295205533504486,0.03162847715429962,75.37318859249353,869408.456128595,869409.460537955
world,NetworkApiPlugin,NetworkApiPlugin,loop,27,0.023118039179179404,0.007350747536889952,0.00830506905913353,0.03314006607979536,0.03208317793905735,77.10056411343868,869409.460537955,869410.464456838
world,NetworkApiPlugin,NetworkApiPlugin,loop,30,0.026918334575990837,0.006278243038202824,0.016194069758057594,0.04957395140081644,0.031291088089346886,75.64094150826956,869410.464456838,869411.472317301
world,NetworkApiPlugin,NetworkApiPlugin,loop,30,0.03338834115614494,0.03461842966157109,0.00585801899433136,0.17157802358269691,0.10200879769399736,76.29330923082307,869411.472317301,869412.476699311
world,NetworkApiPlugin,NetworkApiPlugin,loop,30,0.02492777615164717,0.005193563120857515,0.013464945368468761,0.03172503784298897,0.030492362566292282,75.60267000614355,869412.476699311,869413.479918642
world,NetworkApiPlugin,NetworkApiPlugin,loop,30,0.024100129182140034,0.009875380050195457,0.00890402588993311,0.051183043979108334,0.040167232509702416,75.61928626770775,869413.479918642,869414.488586345
world,NetworkApiPlugin,NetworkApiPlugin,loop,30,0.027025060262531042,0.012247698379248651,0.014065997675061226,0.08518702816218138,0.033390079624950886,75.60798849444836,869414.488586345,869415.492653233
world,NetworkApiPlugin,NetworkApiPlugin,loop,30,0.028677160541216534,0.009982882590242027,0.00934302806854248,0.058924080803990364,0.0477667839732021,75.83875370910391,869415.492653233,869416.496608786
world,NetworkApiPlugin,NetworkApiPlugin,loop,30,0.028103601653128862,0.008816035164577362,0.013189041055738926,0.05874806083738804,0.04275506362318991,75.73270819848403,869416.496608786,869417.504940362
world,NetworkApiPlugin,NetworkApiPlugin,loop,30,0.02657619770616293,0.021163028549936312,0.007868977263569832,0.13139494694769382,0.03730056923814118,75.74411220460509,869417.504940362,869418.508619202
world,NetworkApiPlugin,NetworkApiPlugin,loop,30,0.031463433212290205,0.017162805712556097,0.015323981642723083,0.1134839840233326,0.048619130393490126,75.90027838402118,869418.508619202,869419.512881838
world,NetworkApiPlugin,NetworkApiPlugin,loop,3,0.026187277399003506,0.0018314710197552713,0.024221953935921192,0.028630951419472694,0.028338748961687088,75.64476535965998,869419.512881838,869419.732891448
world,UVC_Source,UVC_Source,loop,30,19.7144841736493,6.199450018314494,0.7889859843999147,30.38061410188675,26.9388923770748,74.77494495299955,869393.375083422,869394.379369772
world,UVC_Source,UVC_Source,loop,30,15.547830464007953,7.528790915770052,0.05509401671588421,26.820943923667073,26.37336650514044,75.15612667193636,869394.379369772,869395.38318305
world,UVC_Source,UVC_Source,loop,30,19.429666242407013,5.3681807907186165,4.087819019332528,28.861769009381533,26.63357506971806,74.76006566236417,869395.38318305,869396.391206212
world,UVC_Source,UVC_Source,loop,30,17.161764701207478,5.2931330421993135,3.6157830618321896,27.773616020567715,24.74632554803975,74.92111017151426,869396.391206212,869397.395084004
world,UVC_Source,UVC_Source,loop,30,18.976602291998763,4.937748540192233,5.552630987949669,28.444126015529037,26.562792464392256,74.90873350761831,869397.395084004,869398.399353552
world,UVC_Source,UVC_Source,loop,30,17.08653026726097,5.3573201735650615,0.09520805906504393,25.208720937371254,24.19983873260207,75.12405366481592,869398.399353552,869399.407280724
world,UVC_Source,UVC_Source,loop,30,17.90887543465942,6.202527153360996,3.093307022936642,30.523673980496824,25.439510337309912,75.01317203665774,869399.407280724,869400.411329972
world,UVC_Source,UVC_Source,loop,30,15.999428050902983,4.881174856699826,7.896977011114359,28.601762955076993,24.32382882107048,74.8840399319306,869400.411329972,869401.415404024
world,UVC_Source,UVC_Source,loop,30,17.514405966115493,6.495191904901099,0.163923017680645,28.180917026475072,25.96303874161094,75.38694920561586,869401.415404024,869402.42353285
world,UVC_Source,UVC_Source,loop,30,17.147037080333877,6.077463068162824,0.13162102550268173,26.945751975290477,26.032992795808237,75.41787694596376,869402.42353285,869403.427287403
world,UVC_Source,UVC_Source,loop,30,17.82115272556742,5.994031917405161,4.060076898895204,28.275400050915778,26.030814449768503,74.97931377729401,869403.427287403,869404.431495573
world,UVC_Source,UVC_Source,loop,30,18.30405751631285,6.625916901112886,0.1320319715887308,29.50927393976599,28.185476473299783,75.40000516843672,869404.431495573,869405.439252918
world,UVC_Source,UVC_Source,loop,30,28.192638310914237,2.9091895445296103,22.122201044112444,33.53561297990382,33.07878639316186,75.03076837553333,869405.439252918,869406.443371069
world,UVC_Source,UVC_Source,loop,30,18.81312303788339,8.518101145305337,0.09904499165713787,32.90564497001469,31.24170734663494,75.59135037008673,869406.443371069,869407.447372489
world,UVC_Source,UVC_Source,loop,30,22.452358820009977,6.029628289748056,7.339130039326847,31.848446000367403,30.417551839491352,75.2568306052126,869407.447372489,869408.455566767
world,UVC_Source,UVC_Source,loop,30,17.38433582553019,5.5786418750487465,6.876670988276601,30.756902997381985,27.385963639244423,75.30826554478456,869408.455566767,869409.459698084
world,UVC_Source,UVC_Source,loop,27,14.966518527621197,7.165050177548578,0.0877350103110075,25.291603058576584,24.920286028645933,77.03783868432596,869409.459698084,869410.463736614
world,UVC_Source,UVC_Source,loop,30,20.8300886520495,2.45357426634825,14.6033939672634,25.07940004579723,24.369870137888938,75.58090867241845,869410.463736614,869411.47177811
world,UVC_Source,UVC_Source,loop,30,19.80332415162896,6.689873017084919,0.06813497748225927,34.883867017924786,26.667059230385345,76.2172349030152,869411.47177811,869412.47581286
world,UVC_Source,UVC_Source,loop,30,21.534638859642047,3.222287310929701,15.939589007757604,27.474241913296282,27.200781455030665,75.5512345659857,869412.47581286,869413.479613164
world,UVC_Source,UVC_Source,loop,30,23.002906135904293,4.88164363822388,14.656231040135026,32.95212495140731,32.70163530833088,75.55602120701224,869413.479613164,869414.487854288
world,UVC_Source,UVC_Source,loop,30,21.04805784765631,3.4581504657241786,12.977468897588551,27.93216600548476,26.587848679628223,75.5453372374177,869414.487854288,869415.491995658
world,UVC_Source,UVC_Source,loop,30,20.995128826082993,4.0286179198018575,14.132643933407962,32.348548993468285,28.602126374607902,75.77390847339605,869415.491995658,869416.496020247
world,UVC_Source,UVC_Source,loop,30,20.639477235575516,2.882493110457129,16.239351010881364,27.746514999307692,24.951410375069827,75.66480113503833,869416.496020247,869417.504216734
world,UVC_Source,UVC_Source,loop,30,20.856012737688918,4.602014300451997,13.302178005687892,32.964215031825006,28.34923955379054,75.68716223274048,869417.504216734,869418.508084195
world,UVC_Source,UVC_Source,loop,30,20.867999429659296,3.374383941097376,13.085426995530725,26.222868938930333,25.6751557753887,75.82939072744921,869418.508084195,869419.51218218
world,UVC_Source,UVC_Source,loop,3,19.576650656138856,2.146100864354463,17.980096046812832,22.610298939980567,22.163224744144827,75.60246965537469,869419.51218218,869419.896434833
eye1,nnUNetDetector2DPlugin,2dcpp,loop,125,2.1226617209613323,0.7209396646325985,0.6865320028737187,4.3102920753881335,3.5206208005547523,18.447472136467695,869396.862198053,869397.872088431
eye1,nnUNetDetector2DPlugin,2dcpp,loop,125,2.6484063221141696,0.7181483399772673,1.2858969857916236,5.8015299728140235,3.700342308729887,19.108316372148693,869397.872088431,869398.878804699
eye1,nnUNetDetector2DPlugin,2dcpp,loop,125,2.209411687217653,0.6460705700762489,0.7276230026036501,4.023598972707987,3.2631951617076993,18.552011881954968,869398.878804699,869399.88606259
eye1,nnUNetDetector2DPlugin,2dcpp,loop,124,2.5803245483867583,0.6601922017629964,1.1227020295336843,5.014342023059726,3.7248836597427726,19.106759966704093,869399.88606259,869400.890491978
eye1,nnUNetDetector2DPlugin,2dcpp,loop,124,2.2934041569955768,0.6303707475898791,0.8775810711085796,3.7683829432353377,3.3939516404643646,18.93569926558543,869400.890491978,869401.89125317
eye1,nnUNetDetector2DPlugin,2dcpp,loop,125,2.4706258671358228,0.7551758675764243,0.7085429970175028,5.060793017037213,3.8833956234157085,19.09990495443344,869401.89125317,869402.899473567
eye1,nnUNetDetector2DPlugin,2dcpp,loop,124,2.21867328641125,0.8203810352496081,0.721863005310297,4.165154998190701,3.5529699525795873,18.782331401692524,869402.899473567,869403.899863571
eye1,nnUNetDetector2DPlugin,2dcpp,loop,125,2.5378386825323105,0.8523906062166094,0.9240759536623955,7.125366013497114,3.5596186527982354,19.20924232993275,869403.899863571,869404.906978063
eye1,nnUNetDetector2DPlugin,2dcpp,loop,125,1.3928095884621143,0.8934138206725886,0.680156983435154,5.738254054449499,3.115601371973753,17.762043432332575,869404.906978063,869405.913259194
eye1,nnUNetDetector2DPlugin,2dcpp,loop,124,1.0901031210162346,0.5219440820171835,0.6759600946679711,3.152802004478872,2.3554403276648372,17.387487064679004,869405.913259194,869406.91512677
eye1,nnUNetDetector2DPlugin,2dcpp,loop,118,2.0240080943410046,0.9544250430384006,0.6510809762403369,4.249360994435847,3.8353446056134985,18.90303741181585,869406.91512677,869407.917057828
eye1,nnUNetDetector2DPlugin,2dcpp,loop,124,2.4523146106906597,1.077148843207998,0.6762850098311901,4.426938947290182,4.005172906909138,19.271974050019296,869407.917057828,869408.92026583
eye1,nnUNetDetector2DPlugin,2dcpp,loop,125,2.7617757143452764,1.0954326811893094,0.6224799435585737,7.399127003736794,4.376442194916308,19.704542729072273,869408.92026583,869409.928636533
eye1,nnUNetDetector2DPlugin,2dcpp,loop,112,2.477276478852478,0.8230121739325674,0.6422329461202025,4.4983160914853215,3.7977884814608838,19.643245225389755,869409.928636533,869410.935762288
eye1,nnUNetDetector2DPlugin,2dcpp,loop,125,2.6236803056672215,0.6722515000153838,1.3391650281846523,5.11572603136301,3.7375174229964614,19.503477524966,869410.935762288,869411.943317757
eye1,nnUNetDetector2DPlugin,2dcpp,loop,120,2.443734073312953,0.696581889240897,0.7579979719594121,4.423346021212637,3.6312106763944025,19.37709688791074,869411.943317757,869412.953234361
eye1,nnUNetDetector2DPlugin,2dcpp,loop,124,2.452458865234568,0.6056160211921293,1.2818670365959406,4.236681968905032,3.5635956330224867,19.39580557894172,869412.953234361,869413.955578393
eye1,nnUNetDetector2DPlugin,2dcpp,loop,124,2.167671647546212,0.8167732079332992,0.7080429932102561,4.240633919835091,3.540743724443018,19.29323659973189,869413.955578393,869414.955611634
eye1,nnUNetDetector2DPlugin,2dcpp,loop,125,2.3381865732371807,0.7763287840537647,0.6903390167281032,4.602369968779385,3.500372217968106,19.53240934293717,869414.955611634,869415.964030278
eye1,nnUNetDetector2DPlugin,2dcpp,loop,124,2.4915901050272007,0.6357038960274344,0.836157938465476,5.6126529816538095,3.4320064878556873,19.687961872419223,869415.964030278,869416.964314426
eye1,nnUNetDetector2DPlugin,2dcpp,loop,125,2.3075095638632774,0.8163668291746852,0.6775240181013942,5.099743022583425,3.656913246959448,19.44814314134419,869416.964314426,869417.972111086
eye1,nnUNetDetector2DPlugin,2dcpp,loop,125,2.613826305605471,0.7603194206630471,0.7073789602145553,6.112242001108825,3.9863174548372626,19.7481246907264,869417.972111086,869418.979494503
eye1,nnUNetDetector2DPlugin,2dcpp,loop,117,2.4036326789910083,0.8105803532320783,0.7501860382035375,6.618380080908537,3.4751354483887527,19.709509444168297,869418.979494503,869421.021297785
eye1,Roi,Roi,loop,125,0.008145563304424286,0.0028329208351797436,0.0033410033211112022,0.01615809742361307,0.012775580398738383,16.410917359404266,869396.732550613,869397.740561736
eye1,Roi,Roi,loop,125,0.0093257250264287,0.0025782783499041667,0.002593034878373146,0.016952049918472767,0.013188133016228676,16.501547561958432,869397.740561736,869398.748238084
eye1,Roi,Roi,loop,124,0.008879146809058805,0.0031801031305287654,0.0025549670681357384,0.025654910132288933,0.013428559759631753,16.41874855962552,869398.748238084,869399.748362463
eye1,Roi,Roi,loop,125,0.00935510452836752,0.0026278726876715008,0.0032240059226751328,0.016661942936480045,0.01365325879305601,16.44518944248557,869399.748362463,869400.756557327
eye1,Roi,Roi,loop,125,0.00873540062457323,0.0031136841087653,0.0033939722925424576,0.019897008314728737,0.013816985301673412,16.4144815094769,869400.756557327,869401.764031881
eye1,Roi,Roi,loop,124,0.009099492848279976,0.0025677786984743384,0.0024029286578297615,0.016827951185405254,0.01307150232605636,16.591035518720144,869401.764031881,869402.76889034
eye1,Roi,Roi,loop,125,0.008077668026089668,0.003217290367736907,0.002301996573805809,0.01738104037940502,0.01376536674797535,16.61011494230479,869402.76889034,869403.776667662
eye1,Roi,Roi,loop,124,0.009132508796850038,0.0028810545384671486,0.0030209776014089584,0.018443912267684937,0.014311575796455145,16.720624514780337,869403.776667662,869404.776815575
eye1,Roi,Roi,loop,125,0.005892813205718994,0.003257577487872139,0.0026210909709334373,0.02053799107670784,0.011874595656991003,16.491794539615512,869404.776815575,869405.784105512
eye1,Roi,Roi,loop,124,0.0035400641331028554,0.0007875266579165797,0.0023939646780490875,0.007845927029848099,0.004684744635596871,16.31512952266231,869405.784105512,869406.78433007
eye1,Roi,Roi,loop,119,0.007970666536325667,0.0038597894130422425,0.0026579946279525757,0.03024295438081026,0.013679196126759047,16.768258166726397,869406.78433007,869407.792195998
eye1,Roi,Roi,loop,124,0.007455146142972573,0.003800410532890729,0.00237906351685524,0.018001999706029892,0.013100984506309032,16.576601076878667,869407.792195998,869408.792540177
eye1,Roi,Roi,loop,124,0.008964835057756113,0.003517307790350042,0.002142973244190216,0.030068913474678993,0.013374967966228724,16.941564048700517,869408.792540177,869409.796824978
eye1,Roi,Roi,loop,111,0.008708641126013553,0.0033152043754024123,0.002374988980591297,0.018669990822672844,0.014252495020627975,17.19966923675357,869409.796824978,869410.796954898
eye1,Roi,Roi,loop,125,0.009377934038639069,0.0026544403085695693,0.003542983904480934,0.020317034795880318,0.01380436588078737,16.965478651225567,869410.796954898,869411.80477231
eye1,Roi,Roi,loop,120,0.009047373896464705,0.003967039604904498,0.002925051376223564,0.040504964999854565,0.013436417793855071,16.999559958154958,869411.80477231,869412.812806358
eye1,Roi,Roi,loop,124,0.009152961278995198,0.0032813785690783905,0.004722969606518745,0.03367708995938301,0.013716320972889662,16.966489120198773,869412.812806358,869413.812886197
eye1,Roi,Roi,loop,125,0.007941330783069134,0.002905152118836215,0.003129011020064354,0.01734006218612194,0.01299672294408083,16.90289212949574,869413.812886197,869414.820775934
eye1,Roi,Roi,loop,124,0.008894957699662736,0.0033112629380598092,0.0025189947336912155,0.02058700192719698,0.01385605428367853,16.96904254006973,869414.820775934,869415.825043704
eye1,Roi,Roi,loop,125,0.010472319088876247,0.004664376653921938,0.005094101652503014,0.045155989937484264,0.016614398919045925,17.3141079377383,869415.825043704,869416.833169824
eye1,Roi,Roi,loop,125,0.010048211552202702,0.00819106857705953,0.0025189947336912155,0.06056006532162428,0.020351633429527283,17.192340668290854,869416.833169824,869417.841050685
eye1,Roi,Roi,loop,124,0.009894067789578149,0.004301845492431583,0.0026579946279525757,0.04420592449605465,0.01420021872036159,17.195906382121688,869417.841050685,869418.841052726
eye1,Roi,Roi,loop,125,0.009541474282741547,0.0033650843300052483,0.0031819799914956093,0.022959080524742603,0.014918041415512562,17.232714724726975,869418.841052726,869419.84892298
eye1,Roi,Roi,loop,9,0.011163660221629672,0.0029234667183272098,0.007494003511965275,0.016658916138112545,0.01573495101183653,16.997095093958908,869419.84892298,869421.021824
