process,plugin,model,stage,frame_timestamp,processing_latency_ms,e2e_latency_ms,t_start,t_end
eye0,Pye3DPlugin,Pye3DPlugin,gl_display,0.0,0.007160007953643799,0.007160007953643799,843968.907011757,843968.907018917
eye0,Pye3DPlugin,Pye3DPlugin,detect,0.0,0.08437398355454206,0.08437398355454206,843969.403172708,843969.403257082
eye0,Pye3DPlugin,Pye3DPlugin,recent_events,843969.184915,0.09263900574296713,218.3455730555579,843969.403167363,843969.403260002
eye0,Detector2DPlugin,pmrnet,gl_display,0.0,0.0007969792932271957,0.0007969792932271957,843968.907007459,843968.907008256
eye0,Detector2DPlugin,pmrnet,detect,0.0,207.98967697191983,207.98967697191983,843969.195160987,843969.403150664
eye0,Detector2DPlugin,pmrnet,recent_events,843969.184915,208.0070620868355,218.24804099742323,843969.195154678,843969.40316174
eye0,Detector2DPlugin,pmrnet,gl_display,0.0,0.0064070336520671844,0.0064070336520671844,843969.40717049,843969.407176897
eye0,Roi,Roi,gl_display,0.0,0.0018810387700796127,0.0018810387700796127,843968.906996705,843968.906998586
eye0,Roi,Roi,recent_events,843969.184915,0.039390986785292625,10.232846019789577,843969.195104018,843969.195143409
eye0,Roi,Roi,gl_display,0.0,0.018098042346537113,0.018098042346537113,843969.407149805,843969.407167903
eye1,Pye3DPlugin,Pye3DPlugin,gl_display,0.0,0.005943002179265022,0.005943002179265022,843968.909758983,843968.909764926
eye1,Pye3DPlugin,Pye3DPlugin,detect,0.0,0.07230008486658335,0.07230008486658335,843969.459748474,843969.459820774
eye1,Pye3DPlugin,Pye3DPlugin,recent_events,843969.243363,0.07938896305859089,216.46086405962706,843969.459743833,843969.459823222
eye1,Detector2DPlugin,pmrnet,gl_display,0.0,0.0006170012056827545,0.0006170012056827545,843968.909754969,843968.909755586
eye1,Detector2DPlugin,pmrnet,detect,0.0,206.73469302710146,206.73469302710146,843969.252994227,843969.45972892
eye1,Detector2DPlugin,pmrnet,recent_events,843969.243363,206.74927497748286,216.37726400513202,843969.252989974,843969.459739249
eye1,Detector2DPlugin,pmrnet,gl_display,0.0,0.006102956831455231,0.006102956831455231,843969.463490532,843969.463496635
eye1,Roi,Roi,gl_display,0.0,0.001276959665119648,0.001276959665119648,843968.909749922,843968.909751199
eye1,Roi,Roi,recent_events,843969.243363,0.026453984901309013,9.622259996831417,843969.252956404,843969.252982858
eye1,Roi,Roi,gl_display,0.0,0.016973004676401615,0.016973004676401615,843969.463471032,843969.463488005
eye0,UVC_Source,UVC_Source,gl_display,0.0,6.119677098467946,6.119677098467946,843968.900857196,843968.906976873
eye0,UVC_Source,UVC_Source,gl_display,0.0,3.73716710601002,3.73716710601002,843969.403406155,843969.407143322
eye1,UVC_Source,UVC_Source,gl_display,0.0,5.770199000835419,5.770199000835419,843968.9039622,843968.909732399
eye1,UVC_Source,UVC_Source,gl_display,0.0,3.513755975291133,3.513755975291133,843969.459951013,843969.463464769
world,UVC_Source,UVC_Source,gl_display,0.0,0.13090798165649176,0.13090798165649176,843965.101912805,843965.102043713
world,UVC_Source,UVC_Source,recent_events,0.0,174.80619193520397,174.80619193520397,843965.106522146,843965.281328338
world,UVC_Source,UVC_Source,recent_events,843965.261581,43.98213606327772,68.0157479364425,843965.285605814,843965.32958795
world,UVC_Source,UVC_Source,gl_display,0.0,7.8711980022490025,7.8711980022490025,843965.330596332,843965.33846753
world,UVC_Source,UVC_Source,recent_events,843965.295092,25.71270999033004,70.4511689255014,843965.339825454,843965.365538164
world,UVC_Source,UVC_Source,gl_display,0.0,7.05732696224004,7.05732696224004,843965.366116378,843965.373173705
world,UVC_Source,UVC_Source,recent_events,843965.328602,21.900051971897483,68.68420692626387,843965.375383758,843965.39728381
world,UVC_Source,UVC_Source,gl_display,0.0,1.7718150047585368,1.7718150047585368,843965.397714144,843965.399485959
world,UVC_Source,UVC_Source,recent_events,843965.362112,29.003169969655573,67.1900890301913,843965.400296038,843965.429299208
world,UVC_Source,UVC_Source,gl_display,0.0,1.8503229366615415,1.8503229366615415,843965.429702403,843965.431552726
world,UVC_Source,UVC_Source,recent_events,843965.395623,33.24917599093169,69.82646498363465,843965.432198094,843965.46544727
world,UVC_Source,UVC_Source,gl_display,0.0,2.0276299910619855,2.0276299910619855,843965.465879032,843965.467906662
world,UVC_Source,UVC_Source,recent_events,843965.429133,29.069732991047204,68.54303006548434,843965.468600512,843965.497670245
world,UVC_Source,UVC_Source,gl_display,0.0,10.813024011440575,10.813024011440575,843965.498447876,843965.5092609
world,UVC_Source,UVC_Source,recent_events,843965.462644,23.02031998988241,70.98231907002628,843965.510601624,843965.533621944
world,UVC_Source,UVC_Source,gl_display,0.0,5.229230038821697,5.229230038821697,843965.534114142,843965.539343372
world,UVC_Source,UVC_Source,recent_events,843965.496154,25.56042606011033,69.24646289553493,843965.539836237,843965.565396663
world,UVC_Source,UVC_Source,gl_display,0.0,4.4234939850866795,4.4234939850866795,843965.565687135,843965.570110629
world,UVC_Source,UVC_Source,recent_events,843965.529664,26.59603499341756,67.74681399110705,843965.570808533,843965.597404568
world,UVC_Source,UVC_Source,gl_display,0.0,9.325447957962751,9.325447957962751,843965.599196729,843965.608522177
world,UVC_Source,UVC_Source,recent_events,843965.563175,23.51682400330901,70.01645292621106,843965.609673081,843965.633189905
world,UVC_Source,UVC_Source,gl_display,0.0,1.9498870242387056,1.9498870242387056,843965.633331877,843965.635281764
world,UVC_Source,UVC_Source,recent_events,843965.596685,29.4576600426808,68.61692201346159,843965.635841221,843965.665298881
world,UVC_Source,UVC_Source,gl_display,0.0,2.893140073865652,2.893140073865652,843965.665952395,843965.668845535
world,UVC_Source,UVC_Source,recent_events,843965.630196,27.547086006961763,67.14099599048495,843965.66978768,843965.697334766
world,UVC_Source,UVC_Source,gl_display,0.0,2.895158948376775,2.895158948376775,843965.697974868,843965.700870027
world,UVC_Source,UVC_Source,recent_events,843965.663706,31.792605062946677,69.59590606857091,843965.701507413,843965.733300018
world,UVC_Source,UVC_Source,gl_display,0.0,1.9565289840102196,1.9565289840102196,843965.734240308,843965.736196837
world,UVC_Source,UVC_Source,recent_events,843965.697216,28.673453023657203,68.06801608763635,843965.73660797,843965.765281423
world,UVC_Source,UVC_Source,gl_display,0.0,2.056230092421174,2.056230092421174,843965.766344216,843965.768400446
world,UVC_Source,UVC_Source,recent_events,843965.730727,32.435230910778046,70.55081590078771,843965.768840649,843965.80127588
world,UVC_Source,UVC_Source,gl_display,0.0,2.8930429834872484,2.8930429834872484,843965.802254054,843965.805147097
world,UVC_Source,UVC_Source,recent_events,843965.764237,27.681489009410143,69.077854976058,843965.80563146,843965.833312949
world,UVC_Source,UVC_Source,gl_display,0.0,2.8876260621473193,2.8876260621473193,843965.834257979,843965.837145605
world,UVC_Source,UVC_Source,recent_events,843965.797748,27.703949948772788,67.58258596528322,843965.837623044,843965.865326994
world,UVC_Source,UVC_Source,gl_display,0.0,3.0670169508084655,3.0670169508084655,843965.866162289,843965.869229306
world,UVC_Source,UVC_Source,recent_events,843965.831258,31.45699598826468,70.09422604460269,843965.869891527,843965.901348523
world,UVC_Source,UVC_Source,gl_display,0.0,3.042775089852512,3.042775089852512,843965.902064752,843965.905107527
world,UVC_Source,UVC_Source,recent_events,843965.864768,27.44203305337578,68.48334497772157,843965.905807212,843965.933249245
world,UVC_Source,UVC_Source,gl_display,0.0,2.0823630038648844,2.0823630038648844,843965.933515145,843965.935597508
world,UVC_Source,UVC_Source,recent_events,843965.898279,29.077206971123815,67.0153220416978,843965.936214573,843965.96529178
world,UVC_Source,UVC_Source,gl_display,0.0,2.9859470669180155,2.9859470669180155,843965.965640447,843965.968626394
world,UVC_Source,UVC_Source,recent_events,843965.931789,32.055684947408736,69.54870990011841,843965.969278653,843966.001334338
world,UVC_Source,UVC_Source,gl_display,0.0,2.9232940869405866,2.9232940869405866,843966.001674739,843966.004598033
world,UVC_Source,UVC_Source,recent_events,843965.9653,28.16158498171717,68.0444180034101,843966.005179203,843966.033340788
world,UVC_Source,UVC_Source,gl_display,0.0,3.040864015929401,3.040864015929401,843966.033601642,843966.036642506
world,UVC_Source,UVC_Source,recent_events,843965.99881,32.160390983335674,70.51375694572926,843966.037159435,843966.069319826
world,UVC_Source,UVC_Source,gl_display,0.0,3.0840550316497684,3.0840550316497684,843966.069647878,843966.072731933
world,UVC_Source,UVC_Source,recent_events,843966.03232,27.991983923129737,69.05612500850111,843966.073380799,843966.101372783
world,UVC_Source,UVC_Source,gl_display,0.0,3.060059971176088,3.060059971176088,843966.101773508,843966.104833568
world,UVC_Source,UVC_Source,recent_events,843966.065831,27.61973498854786,67.48040101956576,843966.105689363,843966.133309098
world,UVC_Source,UVC_Source,gl_display,0.0,3.0112260719761252,3.0112260719761252,843966.13359554,843966.136606766
world,UVC_Source,UVC_Source,recent_events,843966.099341,32.28194802068174,70.00293803866953,843966.137059628,843966.169341576
world,UVC_Source,UVC_Source,gl_display,0.0,3.0092030065134168,3.0092030065134168,843966.169655184,843966.172664387
world,UVC_Source,UVC_Source,recent_events,843966.132852,27.81084505841136,68.46356205642223,843966.17350315,843966.201313995
world,UVC_Source,UVC_Source,gl_display,0.0,2.942710998468101,2.942710998468101,843966.201726106,843966.204668817
world,UVC_Source,UVC_Source,recent_events,843966.166362,27.93236100114882,66.95545394904912,843966.205383501,843966.233315862
world,UVC_Source,UVC_Source,gl_display,0.0,2.987815998494625,2.987815998494625,843966.233553801,843966.236541617
world,UVC_Source,UVC_Source,recent_events,843966.199872,32.378977979533374,69.50089591555297,843966.236991851,843966.269370829
world,UVC_Source,UVC_Source,gl_display,0.0,2.970846020616591,2.970846020616591,843966.269774485,843966.272745331
world,UVC_Source,UVC_Source,recent_events,843966.233383,28.036341071128845,67.98284396063536,843966.273325763,843966.301362104
world,UVC_Source,UVC_Source,gl_display,0.0,3.022599034011364,3.022599034011364,843966.301747666,843966.304770265
world,UVC_Source,UVC_Source,recent_events,843966.266893,31.929031014442444,70.46819804236293,843966.305428529,843966.33735756
world,UVC_Source,UVC_Source,gl_display,0.0,2.9985089786350727,2.9985089786350727,843966.337657416,843966.340655925
world,UVC_Source,UVC_Source,recent_events,843966.300404,28.14436994958669,68.9799269894138,843966.341237745,843966.369382115
world,UVC_Source,UVC_Source,gl_display,0.0,2.8889470268040895,2.8889470268040895,843966.370635839,843966.373524786
world,UVC_Source,UVC_Source,recent_events,843966.333914,27.373729972168803,67.37228203564882,843966.373910093,843966.401283823
world,UVC_Source,UVC_Source,gl_display,0.0,2.0426410483196378,2.0426410483196378,843966.401825567,843966.403868208
world,UVC_Source,UVC_Source,recent_events,843966.367424,32.98767900560051,69.85173898283392,843966.404285574,843966.437273253
world,UVC_Source,UVC_Source,gl_display,0.0,2.040946972556412,2.040946972556412,843966.437869352,843966.439910299
world,UVC_Source,UVC_Source,recent_events,843966.400935,28.96268805488944,68.32145701628178,843966.440291778,843966.469254466
world,UVC_Source,UVC_Source,gl_display,0.0,2.0566419698297977,2.0566419698297977,843966.469708433,843966.471765075
world,UVC_Source,UVC_Source,recent_events,843966.434445,32.896710094064474,70.82801801152527,843966.472373816,843966.505270526
world,UVC_Source,UVC_Source,gl_display,0.0,2.048464957624674,2.048464957624674,843966.505547645,843966.50759611
world,UVC_Source,UVC_Source,recent_events,843966.467956,29.03834404423833,69.3162539973855,843966.508231721,843966.537270065
world,UVC_Source,UVC_Source,gl_display,0.0,2.0263949409127235,2.0263949409127235,843966.537437352,843966.539463747
world,UVC_Source,UVC_Source,recent_events,843966.501466,29.292671009898186,67.8095860639587,843966.539980821,843966.569273492
world,UVC_Source,UVC_Source,gl_display,0.0,2.033601049333811,2.033601049333811,843966.569452113,843966.571485714
world,UVC_Source,UVC_Source,recent_events,843966.534976,33.28831004910171,70.31080708838999,843966.571996767,843966.605285077
world,UVC_Source,UVC_Source,gl_display,0.0,2.017857041209936,2.017857041209936,843966.60552764,843966.607545497
world,UVC_Source,UVC_Source,recent_events,843966.568487,29.244675999507308,68.8055669888854,843966.608045969,843966.637290645
world,UVC_Source,UVC_Source,gl_display,0.0,2.079149940982461,2.079149940982461,843966.637463964,843966.639543114
world,UVC_Source,UVC_Source,recent_events,843966.601997,29.187444015406072,67.30265193618834,843966.640109863,843966.669297307
world,UVC_Source,UVC_Source,gl_display,0.0,2.052369061857462,2.052369061857462,843966.669481989,843966.671534358
world,UVC_Source,UVC_Source,recent_events,843966.635508,33.33747398573905,69.76824393495917,843966.671936158,843966.705273632
world,UVC_Source,UVC_Source,gl_display,0.0,2.0444620167836547,2.0444620167836547,843966.705461776,843966.707506238
world,UVC_Source,UVC_Source,recent_events,843966.669018,29.332375968806446,68.26737197116017,843966.707950714,843966.73728309
world,UVC_Source,UVC_Source,gl_display,0.0,2.0443840185180306,2.0443840185180306,843966.737836969,843966.739881353
world,UVC_Source,UVC_Source,recent_events,843966.702528,32.960383919999,70.7849309546873,843966.74035034,843966.773310724
world,UVC_Source,UVC_Source,gl_display,0.0,2.105379942804575,2.105379942804575,843966.77387469,843966.77598007
world,UVC_Source,UVC_Source,recent_events,843966.736039,28.78738404251635,69.26010397728533,843966.776510309,843966.805297693
world,UVC_Source,UVC_Source,gl_display,0.0,2.2067290265113115,2.2067290265113115,843966.80654226,843966.808748989
world,UVC_Source,UVC_Source,recent_events,843966.769549,27.99260802567005,67.71317904349416,843966.809268272,843966.83726088
world,UVC_Source,UVC_Source,gl_display,0.0,2.0888190483674407,2.0888190483674407,843966.837709666,843966.839798485
world,UVC_Source,UVC_Source,recent_events,843966.80306,33.061287947930396,70.24219410959631,843966.840239212,843966.8733005
world,UVC_Source,UVC_Source,gl_display,0.0,2.0551789784803987,2.0551789784803987,843966.873837914,843966.875893093
world,UVC_Source,UVC_Source,recent_events,843966.83657,28.97592808585614,68.73889197595417,843966.876330999,843966.905306927
world,UVC_Source,UVC_Source,gl_display,0.0,2.066683955490589,2.066683955490589,843966.905851388,843966.907918072
world,UVC_Source,UVC_Source,recent_events,843966.87008,28.855836018919945,67.1737790107727,843966.908395889,843966.937251725
world,UVC_Source,UVC_Source,gl_display,0.0,2.03797803260386,2.03797803260386,843966.937798498,843966.939836476
world,UVC_Source,UVC_Source,recent_events,843966.903591,32.93670900166035,69.6708339964971,843966.940323156,843966.973259865
world,UVC_Source,UVC_Source,gl_display,0.0,2.027705078944564,2.027705078944564,843966.973761061,843966.975788766
world,UVC_Source,UVC_Source,recent_events,843966.937101,29.089595074765384,68.20789899211377,843966.976216337,843967.005305932
world,UVC_Source,UVC_Source,gl_display,0.0,2.062389045022428,2.062389045022428,843967.00591211,843967.007974499
world,UVC_Source,UVC_Source,recent_events,843966.970612,32.94224792625755,70.7466050516814,843967.008414263,843967.041356511
world,UVC_Source,UVC_Source,gl_display,0.0,2.9954779893159866,2.9954779893159866,843967.042384534,843967.045380012
world,UVC_Source,UVC_Source,recent_events,843967.004122,27.279198984615505,69.2284080432728,843967.046069109,843967.073348308
world,UVC_Source,UVC_Source,gl_display,0.0,2.9285020427778363,2.9285020427778363,843967.074213323,843967.077141825
world,UVC_Source,UVC_Source,recent_events,843967.037632,27.531364001333714,67.64809100423008,843967.077746423,843967.105277787
world,UVC_Source,UVC_Source,gl_display,0.0,2.1126390201970935,2.1126390201970935,843967.105799501,843967.10791214
world,UVC_Source,UVC_Source,recent_events,843967.071143,32.87998400628567,70.15562790911645,843967.108416115,843967.141296099
world,UVC_Source,UVC_Source,gl_display,0.0,2.1781669929623604,2.1781669929623604,843967.141563642,843967.143741809
world,UVC_Source,UVC_Source,recent_events,843967.104653,29.18270498048514,68.63967899698764,843967.144106942,843967.173289647
world,UVC_Source,UVC_Source,gl_display,0.0,2.1089770598337054,2.1089770598337054,843967.173575175,843967.175684152
world,UVC_Source,UVC_Source,recent_events,843967.138164,29.256803914904594,67.1369320480153,843967.176042068,843967.205298872
world,UVC_Source,UVC_Source,gl_display,0.0,2.094515017233789,2.094515017233789,843967.205543419,843967.207637934
world,UVC_Source,UVC_Source,recent_events,843967.171674,33.22618000674993,69.64245601557195,843967.20808862,843967.2413148
world,UVC_Source,UVC_Source,gl_display,0.0,2.0828619599342346,2.0828619599342346,843967.241511487,843967.243594349
world,UVC_Source,UVC_Source,recent_events,843967.205184,29.255599016323686,68.1636220542714,843967.244089664,843967.273345263
world,UVC_Source,UVC_Source,gl_display,0.0,2.0666089840233326,2.0666089840233326,843967.273608698,843967.275675307
world,UVC_Source,UVC_Source,recent_events,843967.238695,33.1616559997201,70.61699300538749,843967.276148427,843967.309310083
world,UVC_Source,UVC_Source,gl_display,0.0,2.393056987784803,2.393056987784803,843967.309581273,843967.31197433
world,UVC_Source,UVC_Source,recent_events,843967.272205,28.929512947797775,69.07214689999819,843967.312345391,843967.341274904
world,UVC_Source,UVC_Source,gl_display,0.0,2.3324000649154186,2.3324000649154186,843967.34145387,843967.34378627
world,UVC_Source,UVC_Source,recent_events,843967.305716,29.106731992214918,67.5859620096162,843967.344193644,843967.373300376
world,UVC_Source,UVC_Source,gl_display,0.0,2.002006978727877,2.002006978727877,843967.373474961,843967.375476968
world,UVC_Source,UVC_Source,recent_events,843967.339226,33.42976700514555,70.04224800039083,843967.37583629,843967.409266057
world,UVC_Source,UVC_Source,gl_display,0.0,2.0189109491184354,2.0189109491184354,843967.409427582,843967.411446493
world,UVC_Source,UVC_Source,recent_events,843967.372736,29.461361002177,68.60262004192919,843967.411875182,843967.441336543
world,UVC_Source,UVC_Source,gl_display,0.0,2.013797056861222,2.013797056861222,843967.441650372,843967.443664169
world,UVC_Source,UVC_Source,recent_events,843967.406247,28.989111888222396,67.05222697928548,843967.44430802,843967.473297132
world,UVC_Source,UVC_Source,gl_display,0.0,2.1179739851504564,2.1179739851504564,843967.473563538,843967.475681512
world,UVC_Source,UVC_Source,recent_events,843967.439757,33.05796894710511,69.6019260212779,843967.476298974,843967.509356943
world,UVC_Source,UVC_Source,gl_display,0.0,2.031042007729411,2.031042007729411,843967.50952573,843967.511556772
world,UVC_Source,UVC_Source,recent_events,843967.473268,29.377104016020894,68.01490404177457,843967.511903291,843967.541280395
world,UVC_Source,UVC_Source,gl_display,0.0,2.100109006278217,2.100109006278217,843967.541451766,843967.543551875
world,UVC_Source,UVC_Source,recent_events,843967.506778,33.195912023074925,70.6147359451279,843967.544193943,843967.577389855
world,UVC_Source,UVC_Source,gl_display,0.0,2.9544070130214095,2.9544070130214095,843967.577810476,843967.580764883
world,UVC_Source,UVC_Source,recent_events,843967.540288,27.846314013004303,69.15832601953298,843967.581595737,843967.609442051
world,UVC_Source,UVC_Source,gl_display,0.0,2.998576033860445,2.998576033860445,843967.610042712,843967.613041288
world,UVC_Source,UVC_Source,recent_events,843967.573799,27.58402400650084,67.61066394392401,843967.613822224,843967.641406248
world,UVC_Source,UVC_Source,gl_display,0.0,2.984065911732614,2.984065911732614,843967.641813843,843967.644797909
world,UVC_Source,UVC_Source,recent_events,843967.607309,31.890204059891403,70.11375005822629,843967.645529234,843967.677419438
world,UVC_Source,UVC_Source,gl_display,0.0,2.1112810354679823,2.1112810354679823,843967.677803874,843967.679915155
world,UVC_Source,UVC_Source,recent_events,843967.64082,28.677811031229794,68.6163529753685,843967.68075501,843967.709432821
world,UVC_Source,UVC_Source,gl_display,0.0,2.1996020805090666,2.1996020805090666,843967.709862802,843967.712062404
world,UVC_Source,UVC_Source,recent_events,843967.67433,28.66566099692136,67.0749309938401,843967.71273503,843967.741400691
world,UVC_Source,UVC_Source,gl_display,0.0,2.2558990167453885,2.2558990167453885,843967.741708772,843967.743964671
world,UVC_Source,UVC_Source,recent_events,843967.70784,32.69298595841974,69.44867793936282,843967.744593148,843967.777286134
world,UVC_Source,UVC_Source,gl_display,0.0,2.033894998021424,2.033894998021424,843967.778680276,843967.780714171
world,UVC_Source,UVC_Source,recent_events,843967.741351,23.61013402696699,67.91523797437549,843967.785654939,843967.809265073
world,UVC_Source,UVC_Source,gl_display,0.0,2.1318120416253805,2.1318120416253805,843967.841851707,843967.843983519
world,UVC_Source,UVC_Source,recent_events,843967.774861,0.11102494318038225,81.56840002629906,843967.85631664,843967.856427665
world,UVC_Source,UVC_Source,gl_display,0.0,15.719764051027596,15.719764051027596,843967.85670755,843967.872427314
world,UVC_Source,UVC_Source,recent_events,843967.808372,4.351443029008806,68.93704296089709,843967.872955969,843967.877307412
world,UVC_Source,UVC_Source,gl_display,0.0,2.064084983430803,2.064084983430803,843967.889055496,843967.891119581
world,UVC_Source,UVC_Source,recent_events,843967.841882,17.834920901805162,67.51511106267571,843967.891560303,843967.909395224
world,UVC_Source,UVC_Source,gl_display,0.0,2.0539439283311367,2.0539439283311367,843967.909837358,843967.911891302
world,UVC_Source,UVC_Source,recent_events,843967.875392,33.03917299490422,69.92266501765698,843967.912272607,843967.94531178
world,UVC_Source,UVC_Source,gl_display,0.0,2.0485500572249293,2.0485500572249293,843967.945561101,843967.947609651
world,UVC_Source,UVC_Source,recent_events,843967.908903,29.36557901557535,68.42113402672112,843967.947955754,843967.977321333
world,UVC_Source,UVC_Source,gl_display,0.0,2.038153004832566,2.038153004832566,843967.977622302,843967.979660455
world,UVC_Source,UVC_Source,recent_events,843967.942413,33.24825700838119,70.91148791369051,843967.980073264,843968.013321521
world,UVC_Source,UVC_Source,gl_display,0.0,2.035303972661495,2.035303972661495,843968.023428168,843968.025463472
world,UVC_Source,UVC_Source,recent_events,843967.975924,19.385779974982142,69.42855101078749,843968.025963672,843968.045349452
world,UVC_Source,UVC_Source,gl_display,0.0,2.017181017436087,2.017181017436087,843968.090376706,843968.092393887
world,UVC_Source,UVC_Source,recent_events,843968.009434,0.06944290362298489,83.34815001580864,843968.092711513,843968.092780956
world,UVC_Source,UVC_Source,recent_events,843968.042944,20.38017299491912,70.35527599509805,843968.092917175,843968.113297348
world,UVC_Source,UVC_Source,gl_display,0.0,1.9775469554588199,1.9775469554588199,843968.124109203,843968.12608675
world,UVC_Source,UVC_Source,recent_events,843968.076455,18.95746903028339,68.83532600477338,843968.126331094,843968.145288563
world,UVC_Source,UVC_Source,gl_display,0.0,1.9732590299099684,1.9732590299099684,843968.145622136,843968.147595395
world,UVC_Source,UVC_Source,recent_events,843968.109965,29.647207004018128,67.53602006938308,843968.147847695,843968.177494902
world,UVC_Source,UVC_Source,gl_display,0.0,9.709585108794272,9.709585108794272,843968.178042515,843968.1877521
world,UVC_Source,UVC_Source,recent_events,843968.143476,24.77211505174637,70.11868990957737,843968.188815994,843968.213588109
world,UVC_Source,UVC_Source,gl_display,0.0,10.111707029864192,10.111707029864192,843968.217767296,843968.227879003
world,UVC_Source,UVC_Source,recent_events,843968.176986,16.715222038328648,68.60556500032544,843968.22886899,843968.245584212
world,UVC_Source,UVC_Source,gl_display,0.0,10.034737992100418,10.034737992100418,843968.247749189,843968.257783927
world,UVC_Source,UVC_Source,recent_events,843968.210496,21.513005951419473,70.83543401677161,843968.259815871,843968.281328877
world,UVC_Source,UVC_Source,gl_display,0.0,2.0164120942354202,2.0164120942354202,843968.281904229,843968.283920641
world,UVC_Source,UVC_Source,recent_events,843968.244007,29.06819898635149,69.36394795775414,843968.284299473,843968.313367672
world,UVC_Source,UVC_Source,gl_display,0.0,2.345395041629672,2.345395041629672,843968.313922163,843968.316267558
world,UVC_Source,UVC_Source,recent_events,843968.277517,28.747046017087996,68.0117979645729,843968.316774727,843968.345521773
world,UVC_Source,UVC_Source,gl_display,0.0,9.95118694845587,9.95118694845587,843968.347635813,843968.357587
world,UVC_Source,UVC_Source,recent_events,843968.311028,22.381264017894864,70.27070398908108,843968.358915935,843968.381297199
world,UVC_Source,UVC_Source,gl_display,0.0,1.949805999174714,1.949805999174714,843968.381736434,843968.38368624
world,UVC_Source,UVC_Source,recent_events,843968.344538,29.41339393146336,68.78000299911946,843968.383901554,843968.413314948
world,UVC_Source,UVC_Source,gl_display,0.0,2.040961990132928,2.040961990132928,843968.414154246,843968.416195208
world,UVC_Source,UVC_Source,recent_events,843968.378048,28.781424975022674,67.29714700486511,843968.416561506,843968.445342931
world,UVC_Source,UVC_Source,gl_display,0.0,2.0703970221802592,2.0703970221802592,843968.445935452,843968.448005849
world,UVC_Source,UVC_Source,recent_events,843968.411559,32.98041899688542,69.77131392341107,843968.448348085,843968.481328504
world,UVC_Source,UVC_Source,gl_display,0.0,1.9957390613853931,1.9957390613853931,843968.481687379,843968.483683118
world,UVC_Source,UVC_Source,recent_events,843968.445069,29.330753022804856,68.25693103019148,843968.483992203,843968.513322956
world,UVC_Source,UVC_Source,gl_display,0.0,1.9884469220414758,1.9884469220414758,843968.513489746,843968.515478193
world,UVC_Source,UVC_Source,recent_events,843968.47858,33.71110500302166,70.97252504900098,843968.515834769,843968.549545874
world,UVC_Source,UVC_Source,gl_display,0.0,9.632240980863571,9.632240980863571,843968.550074672,843968.559706913
world,UVC_Source,UVC_Source,recent_events,843968.51209,16.926232958212495,69.21515497379005,843968.564377482,843968.581303715
world,UVC_Source,UVC_Source,gl_display,0.0,1.9518900662660599,1.9518900662660599,843968.581431769,843968.583383659
world,UVC_Source,UVC_Source,recent_events,843968.5456,29.67066806741059,67.73045007139444,843968.583657007,843968.613327675
world,UVC_Source,UVC_Source,gl_display,0.0,2.067976980470121,2.067976980470121,843968.613564545,843968.615632522
world,UVC_Source,UVC_Source,recent_events,843968.579111,28.61036208923906,70.24745095986873,843968.620745373,843968.649355735
world,UVC_Source,UVC_Source,gl_display,0.0,2.033873926848173,2.033873926848173,843968.649544607,843968.651578481
world,UVC_Source,UVC_Source,recent_events,843968.612621,29.394572018645704,68.69975896552205,843968.651923929,843968.681318501
world,UVC_Source,UVC_Source,gl_display,0.0,1.9851800752803683,1.9851800752803683,843968.681470932,843968.683456112
world,UVC_Source,UVC_Source,recent_events,843968.646132,29.547634068876505,67.16087192762643,843968.683743772,843968.713291406
world,UVC_Source,UVC_Source,gl_display,0.0,1.9523579394444823,1.9523579394444823,843968.713440767,843968.715393125
world,UVC_Source,UVC_Source,recent_events,843968.679642,33.62196509260684,69.69179201405495,843968.715710552,843968.749332517
world,UVC_Source,UVC_Source,gl_display,0.0,1.9921769853681326,1.9921769853681326,843968.749465007,843968.751457184
world,UVC_Source,UVC_Source,recent_events,843968.713152,29.53006699681282,68.22150596417487,843968.751842023,843968.78137209
world,UVC_Source,UVC_Source,gl_display,0.0,1.9909190014004707,1.9909190014004707,843968.781591602,843968.783582521
world,UVC_Source,UVC_Source,recent_events,843968.746663,33.44922896940261,70.7256430760026,843968.783938145,843968.817387374
world,UVC_Source,UVC_Source,gl_display,0.0,1.9864739151671529,1.9864739151671529,843968.817706058,843968.819692532
world,UVC_Source,UVC_Source,recent_events,843968.780173,28.917107032611966,69.20155207626522,843968.820456235,843968.849373342
world,UVC_Source,UVC_Source,gl_display,0.0,2.0135350059717894,2.0135350059717894,843968.849734893,843968.851748428
world,UVC_Source,UVC_Source,recent_events,843968.813684,28.826031950302422,67.65529792755842,843968.852511193,843968.881337225
world,UVC_Source,UVC_Source,gl_display,0.0,2.9988980386406183,2.9988980386406183,843968.881769281,843968.884768179
world,UVC_Source,UVC_Source,recent_events,843968.847194,31.121190055273473,70.26617496740073,843968.886335506,843968.917456696
world,UVC_Source,UVC_Source,gl_display,0.0,2.6816120371222496,2.6816120371222496,843968.917930926,843968.920612538
world,UVC_Source,UVC_Source,recent_events,843968.981236,0.17827190458774567,80.61000902671367,843969.061665444,843969.061843716
world,UVC_Source,UVC_Source,gl_display,0.0,3.0502539593726397,3.0502539593726397,843969.062433787,843969.065484041
world,UVC_Source,UVC_Source,recent_events,843969.014746,10.609186021611094,70.72602305561304,843969.074858552,843969.085467738
world,UVC_Source,UVC_Source,gl_display,0.0,3.0008619651198387,3.0008619651198387,843969.085797888,843969.08879875
world,UVC_Source,UVC_Source,recent_events,843969.048256,23.49758497439325,69.2329949233681,843969.093986996,843969.117484581
world,UVC_Source,UVC_Source,gl_display,0.0,3.0143929179757833,3.0143929179757833,843969.11781733,843969.120831723
world,UVC_Source,UVC_Source,recent_events,843969.081767,27.804648969322443,67.6661969628185,843969.121626375,843969.149431024
world,UVC_Source,UVC_Source,gl_display,0.0,2.1381800761446357,2.1381800761446357,843969.149743559,843969.151881739
world,UVC_Source,UVC_Source,recent_events,843969.115277,32.88433700799942,70.19371294882149,843969.152584469,843969.185468806
world,UVC_Source,UVC_Source,gl_display,0.0,2.068241941742599,2.068241941742599,843969.185732943,843969.187801185
world,UVC_Source,UVC_Source,recent_events,843969.148788,28.720144066028297,68.63353203516454,843969.188698454,843969.217418598
world,UVC_Source,UVC_Source,gl_display,0.0,2.0567509345710278,2.0567509345710278,843969.217750809,843969.21980756
world,UVC_Source,UVC_Source,recent_events,843969.182298,29.132680967450142,67.09918903652579,843969.220261254,843969.249393935
world,UVC_Source,UVC_Source,gl_display,0.0,2.0892100874334574,2.0892100874334574,843969.249735995,843969.251825205
world,UVC_Source,UVC_Source,recent_events,843969.215808,32.923368038609624,69.59862704388797,843969.252479687,843969.285403055
world,UVC_Source,UVC_Source,gl_display,0.0,2.0837540505453944,2.0837540505453944,843969.285709086,843969.28779284
world,UVC_Source,UVC_Source,recent_events,843969.249319,29.21142103150487,68.12615389935672,843969.288230755,843969.317442176
world,UVC_Source,UVC_Source,gl_display,0.0,2.1208400139585137,2.1208400139585137,843969.317694835,843969.319815675
world,UVC_Source,UVC_Source,recent_events,843969.282829,33.20914600044489,70.5699409591034,843969.320186846,843969.353395992
world,UVC_Source,UVC_Source,gl_display,0.0,2.102155005559325,2.102155005559325,843969.35378683,843969.355888985
world,UVC_Source,UVC_Source,recent_events,843969.31634,28.70392508339137,69.08618903253227,843969.356719747,843969.385423672
world,UVC_Source,UVC_Source,gl_display,0.0,2.100881072692573,2.100881072692573,843969.385835332,843969.387936213
world,UVC_Source,UVC_Source,recent_events,843969.34985,28.600166086107492,67.5230260239914,843969.388770285,843969.417370451
world,UVC_Source,UVC_Source,gl_display,0.0,2.1089790388941765,2.1089790388941765,843969.417636436,843969.419745415
world,UVC_Source,UVC_Source,recent_events,843969.38336,32.98626700416207,70.0297859730199,843969.420401302,843969.453387569
world,UVC_Source,UVC_Source,gl_display,0.0,2.0459750667214394,2.0459750667214394,843969.453693913,843969.455739888
world,UVC_Source,UVC_Source,recent_events,843969.416871,28.41333905234933,68.57407907955348,843969.457029026,843969.485442365
world,UVC_Source,UVC_Source,gl_display,0.0,2.0554140210151672,2.0554140210151672,843969.485972184,843969.488027598
world,UVC_Source,UVC_Source,recent_events,843969.450381,32.54608402494341,71.07588800136,843969.488906648,843969.521452732
world,UVC_Source,UVC_Source,gl_display,0.0,2.9749840032309294,2.9749840032309294,843969.521847517,843969.524822501
world,UVC_Source,UVC_Source,recent_events,843969.483892,26.96237596683204,69.53765789512545,843969.526464641,843969.553427017
world,UVC_Source,UVC_Source,gl_display,0.0,2.074916963465512,2.074916963465512,843969.553848461,843969.555923378
world,UVC_Source,UVC_Source,recent_events,843969.517402,28.62936502788216,68.0413079680875,843969.556810658,843969.585440023
world,UVC_Source,UVC_Source,gl_display,0.0,2.1226609824225307,2.1226609824225307,843969.585722177,843969.587844838
world,UVC_Source,UVC_Source,recent_events,843969.550912,32.94191195163876,70.53613802418113,843969.588503949,843969.621445861
world,UVC_Source,UVC_Source,gl_display,0.0,3.053902997635305,3.053902997635305,843969.621672114,843969.624726017
world,UVC_Source,UVC_Source,recent_events,843969.584423,28.290131012909114,69.19916602782905,843969.625325211,843969.653615342
world,UVC_Source,UVC_Source,gl_display,0.0,10.211092070676386,10.211092070676386,843969.654236252,843969.664447344
world,UVC_Source,UVC_Source,recent_events,843969.617933,19.905202090740204,67.69356201402843,843969.665714745,843969.685619947
world,UVC_Source,UVC_Source,gl_display,0.0,10.006153956055641,10.006153956055641,843969.686247964,843969.696254118
world,UVC_Source,UVC_Source,recent_events,843969.651444,24.25719005987048,70.20777103025466,843969.697387439,843969.721644629
world,UVC_Source,UVC_Source,gl_display,0.0,8.27619805932045,8.27619805932045,843969.722530933,843969.730807131
world,UVC_Source,UVC_Source,recent_events,843969.684954,22.565491031855345,68.6586449155584,843969.731040549,843969.75360604
world,UVC_Source,UVC_Source,gl_display,0.0,9.76680195890367,9.76680195890367,843969.754206129,843969.763972931
world,UVC_Source,UVC_Source,recent_events,843969.718464,24.419196997769177,71.0907889297232,843969.765129506,843969.789548703
world,UVC_Source,UVC_Source,gl_display,0.0,7.805323926731944,7.805323926731944,843969.79008645,843969.797891774
world,UVC_Source,UVC_Source,recent_events,843969.751975,23.332527955062687,69.58149303682148,843969.798218803,843969.821551331
world,UVC_Source,UVC_Source,gl_display,0.0,9.829371003434062,9.829371003434062,843969.822200698,843969.832030069
world,UVC_Source,UVC_Source,recent_events,843969.785485,20.309753017500043,68.12364794313908,843969.833292027,843969.85360178
world,UVC_Source,UVC_Source,gl_display,0.0,9.928795974701643,9.928795974701643,843969.854285148,843969.864213944
world,UVC_Source,UVC_Source,recent_events,843969.818996,24.141661007888615,70.6393689615652,843969.865487127,843969.889628788
world,UVC_Source,UVC_Source,gl_display,0.0,7.395675987936556,7.395675987936556,843969.890483099,843969.897878775
world,UVC_Source,UVC_Source,recent_events,843969.852506,23.395174997858703,69.15930600371212,843969.898263963,843969.921659138
world,UVC_Source,UVC_Source,gl_display,0.0,10.15431503765285,10.15431503765285,843969.922287593,843969.932441908
world,UVC_Source,UVC_Source,recent_events,843969.886016,19.800931913778186,67.68903404008597,843969.933896705,843969.953697637
world,UVC_Source,UVC_Source,gl_display,0.0,10.232478962279856,10.232478962279856,843969.954263751,843969.96449623
world,UVC_Source,UVC_Source,recent_events,843969.919527,23.532396066002548,70.21233695559204,843969.966201164,843969.98973356
world,UVC_Source,UVC_Source,gl_display,0.0,9.777051047421992,9.777051047421992,843969.990871658,843970.000648709
world,UVC_Source,UVC_Source,recent_events,843969.953037,19.005568930879235,68.68601497262716,843970.002711632,843970.021717201
world,UVC_Source,UVC_Source,gl_display,0.0,10.050156037323177,10.050156037323177,843970.022569519,843970.032619675
world,UVC_Source,UVC_Source,recent_events,843969.986548,23.672714014537632,71.11866003833711,843970.033988417,843970.057661131
world,UVC_Source,UVC_Source,gl_display,0.0,9.84460802283138,9.84460802283138,843970.058561932,843970.06840654
world,UVC_Source,UVC_Source,recent_events,843970.020058,19.876720965839922,69.59081802051514,843970.06976678,843970.089643501
world,UVC_Source,UVC_Source,gl_display,0.0,10.008204961195588,10.008204961195588,843970.09031471,843970.100322915
world,UVC_Source,UVC_Source,recent_events,843970.053568,20.216055097989738,68.05908505339175,843970.101404612,843970.121620667
world,UVC_Source,UVC_Source,gl_display,0.0,9.991200058721006,9.991200058721006,843970.122268465,843970.132259665
world,UVC_Source,UVC_Source,recent_events,843970.087079,24.27312999498099,70.55030902847648,843970.133349586,843970.157622716
world,UVC_Source,UVC_Source,gl_display,0.0,10.123832034878433,10.123832034878433,843970.158275227,843970.168399059
world,UVC_Source,UVC_Source,recent_events,843970.120589,19.75094899535179,69.04967199079692,843970.16988108,843970.189632029
world,UVC_Source,UVC_Source,gl_display,0.0,9.822649066336453,9.822649066336453,843970.190258291,843970.20008094
world,UVC_Source,UVC_Source,recent_events,843970.1541,19.48391692712903,67.56289990153164,843970.202171804,843970.221655721
world,UVC_Source,UVC_Source,gl_display,0.0,9.973982931114733,9.973982931114733,843970.222652617,843970.2326266
world,UVC_Source,UVC_Source,recent_events,843970.18761,23.613022989593446,70.00559498555958,843970.233995866,843970.257608889
world,UVC_Source,UVC_Source,gl_display,0.0,10.017931926995516,10.017931926995516,843970.258445819,843970.268463751
world,UVC_Source,UVC_Source,recent_events,843970.22112,19.73108504898846,68.49686498753726,843970.269877504,843970.289608589
world,UVC_Source,UVC_Source,gl_display,0.0,9.766377974301577,9.766377974301577,843970.290180831,843970.299947209
world,UVC_Source,UVC_Source,recent_events,843970.254631,24.347240920178592,71.00407499819994,843970.301280903,843970.325628144
world,UVC_Source,UVC_Source,gl_display,0.0,9.693591040559113,9.693591040559113,843970.32628422,843970.335977811
world,UVC_Source,UVC_Source,recent_events,843970.288141,20.693825907073915,69.53563902061433,843970.336976189,843970.357670015
world,UVC_Source,UVC_Source,gl_display,0.0,9.778798092156649,9.778798092156649,843970.358239646,843970.368018444
world,UVC_Source,UVC_Source,recent_events,843970.321652,20.661631016992033,68.01507307682186,843970.368998547,843970.389660178
world,UVC_Source,UVC_Source,gl_display,0.0,9.85388201661408,9.85388201661408,843970.390580889,843970.400434771
world,UVC_Source,UVC_Source,recent_events,843970.355162,23.854411905631423,70.35974389873445,843970.401663869,843970.425518281
world,UVC_Source,UVC_Source,gl_display,0.0,3.763349959626794,3.763349959626794,843970.425982909,843970.429746259
world,UVC_Source,UVC_Source,recent_events,843970.388672,26.463699992746115,68.72229801956564,843970.430928506,843970.457392206
world,UVC_Source,UVC_Source,gl_display,0.0,2.024266985245049,2.024266985245049,843970.457603098,843970.459627365
world,UVC_Source,UVC_Source,recent_events,843970.422183,28.89283001422882,67.2400810290128,843970.460527329,843970.489420159
world,UVC_Source,UVC_Source,gl_display,0.0,2.0721451146528125,2.0721451146528125,843970.489699603,843970.491771748
world,UVC_Source,UVC_Source,recent_events,843970.455693,31.524606980383396,69.76662203669548,843970.493932595,843970.525457202
world,UVC_Source,UVC_Source,gl_display,0.0,2.0556830568239093,2.0556830568239093,843970.525710283,843970.527765966
world,UVC_Source,UVC_Source,recent_events,843970.489204,28.651785920374095,68.29111906699836,843970.528839083,843970.557490869
world,UVC_Source,UVC_Source,gl_display,0.0,2.9799449257552624,2.9799449257552624,843970.558016423,843970.560996368
world,UVC_Source,UVC_Source,recent_events,843970.522714,30.5957900127396,70.8383220480755,843970.56295125,843970.59354704
world,UVC_Source,UVC_Source,gl_display,0.0,3.3027419121935964,3.3027419121935964,843970.59397158,843970.597274322
world,UVC_Source,UVC_Source,recent_events,843970.556224,26.577985961921513,69.31907194666564,843970.598960442,843970.625538428
world,UVC_Source,UVC_Source,gl_display,0.0,3.109166049398482,3.109166049398482,843970.626019447,843970.629128613
world,UVC_Source,UVC_Source,recent_events,843970.589735,26.590188965201378,67.79486790765077,843970.630934654,843970.657524843
world,UVC_Source,UVC_Source,gl_display,0.0,3.0141499591991305,3.0141499591991305,843970.657890621,843970.660904771
world,UVC_Source,UVC_Source,recent_events,843970.623245,31.04971710126847,70.28707792051136,843970.66247762,843970.693527337
world,UVC_Source,UVC_Source,gl_display,0.0,3.024365985766053,3.024365985766053,843970.693918784,843970.69694315
world,UVC_Source,UVC_Source,recent_events,843970.656756,26.96577599272132,68.8356279861182,843970.698621491,843970.725587267
world,UVC_Source,UVC_Source,gl_display,0.0,3.0179599998518825,3.0179599998518825,843970.726276401,843970.729294361
world,UVC_Source,UVC_Source,recent_events,843970.690266,26.768076000735164,67.23485002294183,843970.730730153,843970.757498229
world,UVC_Source,UVC_Source,gl_display,0.0,2.421298064291477,2.421298064291477,843970.757899266,843970.760320564
world,UVC_Source,UVC_Source,recent_events,843970.723776,32.189636025577784,69.82801004778594,843970.761410014,843970.79359965
world,UVC_Source,UVC_Source,gl_display,0.0,2.9924720292910933,2.9924720292910933,843970.794101401,843970.797093873
world,UVC_Source,UVC_Source,recent_events,843970.757287,27.12910796981305,68.36406607180834,843970.798517262,843970.82564637
world,UVC_Source,UVC_Source,gl_display,0.0,2.1089360816404223,2.1089360816404223,843970.827421082,843970.829530018
world,UVC_Source,UVC_Source,recent_events,843970.790797,30.950966058298945,70.77217800542712,843970.830614314,843970.86156528
world,UVC_Source,UVC_Source,gl_display,0.0,2.989655011333525,2.989655011333525,843970.862335579,843970.865325234
world,UVC_Source,UVC_Source,recent_events,843970.824308,26.744970004074275,69.2952509270981,843970.866855682,843970.893600652
world,UVC_Source,UVC_Source,gl_display,0.0,2.9662029119208455,2.9662029119208455,843970.894235742,843970.897201945
world,UVC_Source,UVC_Source,recent_events,843970.857818,26.866314932703972,67.79203296173364,843970.898738826,843970.925605141
world,UVC_Source,UVC_Source,gl_display,0.0,3.1498519238084555,3.1498519238084555,843970.926023061,843970.929172913
world,UVC_Source,UVC_Source,recent_events,843970.891328,30.968936975114048,70.29192498885095,843970.930648596,843970.961617533
world,UVC_Source,UVC_Source,gl_display,0.0,2.984639024361968,2.984639024361968,843970.962064428,843970.965049067
world,UVC_Source,UVC_Source,recent_events,843970.924839,27.0587969571352,68.65770404692739,843970.96643528,843970.993494077
world,UVC_Source,UVC_Source,gl_display,0.0,2.996221068315208,2.996221068315208,843970.994647087,843970.997643308
world,UVC_Source,UVC_Source,recent_events,843970.958349,26.59765793941915,67.13535299059004,843970.998884452,843971.02548211
world,UVC_Source,UVC_Source,gl_display,0.0,2.9481040546670556,2.9481040546670556,843971.026433427,843971.029381531
world,UVC_Source,UVC_Source,recent_events,843970.99186,31.109731062315404,69.67878004070371,843971.030426896,843971.061536627
world,UVC_Source,UVC_Source,gl_display,0.0,2.1000070264562964,2.1000070264562964,843971.062847506,843971.064947513
world,UVC_Source,UVC_Source,recent_events,843971.02537,27.631715056486428,68.09175992384553,843971.065828166,843971.093459881
world,UVC_Source,UVC_Source,gl_display,0.0,2.0959069952368736,2.0959069952368736,843971.093979558,843971.096075465
world,UVC_Source,UVC_Source,recent_events,843971.05888,28.915240080095828,70.7807430298999,843971.100741223,843971.129656463
world,UVC_Source,UVC_Source,gl_display,0.0,9.866314008831978,9.866314008831978,843971.132744598,843971.142610912
world,UVC_Source,UVC_Source,recent_events,843971.092391,16.526872059330344,69.37120598740876,843971.145227092,843971.161753964
world,UVC_Source,UVC_Source,gl_display,0.0,9.885792969726026,9.885792969726026,843971.164792472,843971.174678265
world,UVC_Source,UVC_Source,recent_events,843971.125901,18.11302301939577,68.00630304496735,843971.175786361,843971.193899384
world,UVC_Source,UVC_Source,gl_display,0.0,8.053936995565891,8.053936995565891,843971.196153248,843971.204207185
world,UVC_Source,UVC_Source,recent_events,843971.159412,25.416933000087738,70.43733505997807,843971.204426389,843971.229843322
world,UVC_Source,UVC_Source,gl_display,0.0,9.830091963522136,9.830091963522136,843971.231710669,843971.241540761
world,UVC_Source,UVC_Source,recent_events,843971.192922,19.25324194598943,68.89835104811937,843971.242559709,843971.261812951
world,UVC_Source,UVC_Source,gl_display,0.0,9.949709987267852,9.949709987267852,843971.263213132,843971.273162842
world,UVC_Source,UVC_Source,recent_events,843971.226432,23.44793896190822,71.27207191661,843971.27424939,843971.297697329
world,UVC_Source,UVC_Source,gl_display,0.0,9.766841074451804,9.766841074451804,843971.29832062,843971.308087461
world,UVC_Source,UVC_Source,recent_events,843971.259943,20.524305989965796,69.74716391414404,843971.309159416,843971.329683722
world,UVC_Source,UVC_Source,gl_display,0.0,9.749605087563396,9.749605087563396,843971.331156506,843971.340906111
world,UVC_Source,UVC_Source,recent_events,843971.293453,19.815644016489387,68.2251260150224,843971.34185552,843971.361671164
world,UVC_Source,UVC_Source,gl_display,0.0,9.658048977144063,9.658048977144063,843971.363339139,843971.372997188
world,UVC_Source,UVC_Source,recent_events,843971.326964,23.071332019753754,70.6782479537651,843971.374564479,843971.397635811
world,UVC_Source,UVC_Source,gl_display,0.0,9.691886021755636,9.691886021755636,843971.398941553,843971.408633439
world,UVC_Source,UVC_Source,recent_events,843971.360474,20.09514009114355,69.14428505115211,843971.409517619,843971.429612759
world,UVC_Source,UVC_Source,gl_display,0.0,9.700300055556,9.700300055556,843971.430467341,843971.440167641
world,UVC_Source,UVC_Source,recent_events,843971.393984,20.091886050067842,67.63786007650197,843971.441525367,843971.461617253
world,UVC_Source,UVC_Source,gl_display,0.0,9.969593025743961,9.969593025743961,843971.462107059,843971.472076652
world,UVC_Source,UVC_Source,recent_events,843971.427495,24.998245993629098,70.13539399486035,843971.472626568,843971.497624814
world,UVC_Source,UVC_Source,gl_display,0.0,10.139230987988412,10.139230987988412,843971.498136068,843971.508275299
world,UVC_Source,UVC_Source,recent_events,843971.461005,20.491829025559127,68.70867894031107,843971.509216058,843971.529707887
world,UVC_Source,UVC_Source,gl_display,0.0,8.343694964423776,8.343694964423776,843971.5303972,843971.538740895
world,UVC_Source,UVC_Source,recent_events,843971.494516,26.331747067160904,71.21564098633826,843971.539394712,843971.565726459
world,UVC_Source,UVC_Source,gl_display,0.0,9.827981004491448,9.827981004491448,843971.566542571,843971.576370552
world,UVC_Source,UVC_Source,recent_events,843971.528026,20.407438976690173,69.68853203579783,843971.577300726,843971.597708165
world,UVC_Source,UVC_Source,gl_display,0.0,9.882522048428655,9.882522048428655,843971.598326769,843971.608209291
world,UVC_Source,UVC_Source,recent_events,843971.561536,20.561559940688312,68.15878697670996,843971.609126279,843971.629687839
world,UVC_Source,UVC_Source,gl_display,0.0,9.526474983431399,9.526474983431399,843971.630284471,843971.639810946
world,UVC_Source,UVC_Source,recent_events,843971.595047,25.037950021214783,70.66793204285204,843971.640670197,843971.665708147
world,UVC_Source,UVC_Source,gl_display,0.0,9.806866990402341,9.806866990402341,843971.666299022,843971.676105889
world,UVC_Source,UVC_Source,recent_events,843971.628557,20.57076001074165,69.07653098460287,843971.6770562,843971.69762696
world,UVC_Source,UVC_Source,gl_display,0.0,9.869888075627387,9.869888075627387,843971.698160389,843971.708030277
world,UVC_Source,UVC_Source,recent_events,843971.662068,20.37165407091379,67.5747781060636,843971.709264944,843971.729636598
world,UVC_Source,UVC_Source,gl_display,0.0,9.951517917215824,9.951517917215824,843971.730481354,843971.740432872
world,UVC_Source,UVC_Source,recent_events,843971.695578,24.203344015404582,70.07017591968179,843971.741438773,843971.765642117
world,UVC_Source,UVC_Source,gl_display,0.0,9.894659044221044,9.894659044221044,843971.766178787,843971.776073446
world,UVC_Source,UVC_Source,recent_events,843971.729088,20.572504960000515,68.55191802605987,843971.777061793,843971.797634298
world,UVC_Source,UVC_Source,gl_display,0.0,8.407094050198793,8.407094050198793,843971.798268148,843971.806675242
world,UVC_Source,UVC_Source,recent_events,843971.762599,26.76136407535523,71.07551698572934,843971.806907516,843971.83366888
world,UVC_Source,UVC_Source,gl_display,0.0,9.878417011350393,9.878417011350393,843971.834211459,843971.844089876
world,UVC_Source,UVC_Source,recent_events,843971.796109,20.73285693768412,69.5545970229432,843971.844924716,843971.865657573
world,UVC_Source,UVC_Source,gl_display,0.0,9.724318981170654,9.724318981170654,843971.866183053,843971.875907372
world,UVC_Source,UVC_Source,recent_events,843971.82962,20.904452074319124,68.02767503540963,843971.876737298,843971.89764175
world,UVC_Source,UVC_Source,gl_display,0.0,9.77807305753231,9.77807305753231,843971.898406455,843971.908184528
world,UVC_Source,UVC_Source,recent_events,843971.86313,25.01991204917431,70.84411208052188,843971.908947408,843971.93396732
world,UVC_Source,UVC_Source,gl_display,0.0,7.9816720681265,7.9816720681265,843971.934582523,843971.942564195
world,UVC_Source,UVC_Source,recent_events,843971.89664,22.841410944238305,69.05086897313595,843971.942842939,843971.96568435
world,UVC_Source,UVC_Source,gl_display,0.0,9.98990295920521,9.98990295920521,843971.966280399,843971.976270302
world,UVC_Source,UVC_Source,recent_events,843971.930151,20.387311931699514,67.49351194594055,843971.977251186,843971.997638498
world,UVC_Source,UVC_Source,gl_display,0.0,9.841426042839885,9.841426042839885,843971.998184304,843972.00802573
world,UVC_Source,UVC_Source,recent_events,843971.963661,24.626608937978745,70.02179499249905,843972.009048082,843972.033674691
world,UVC_Source,UVC_Source,gl_display,0.0,9.93839604780078,9.93839604780078,843972.034243441,843972.044181837
world,UVC_Source,UVC_Source,recent_events,843971.997172,20.564466016367078,68.58542305417359,843972.045187883,843972.065752349
world,UVC_Source,UVC_Source,gl_display,0.0,9.622785029932857,9.622785029932857,843972.066549164,843972.076171949
world,UVC_Source,UVC_Source,recent_events,843972.030682,24.839176912792027,70.99690299946815,843972.07683457,843972.101673747
world,UVC_Source,UVC_Source,gl_display,0.0,9.826230932958424,9.826230932958424,843972.102246231,843972.112072462
world,UVC_Source,UVC_Source,recent_events,843972.064192,20.701566012576222,69.47367498651147,843972.112959074,843972.13366064
world,UVC_Source,UVC_Source,gl_display,0.0,9.687953046523035,9.687953046523035,843972.134204575,843972.143892528
world,UVC_Source,UVC_Source,recent_events,843972.097703,20.920331007800996,67.95513699762523,843972.144733507,843972.165653838
world,UVC_Source,UVC_Source,gl_display,0.0,9.67149599455297,9.67149599455297,843972.166189219,843972.175860715
world,UVC_Source,UVC_Source,recent_events,843972.131213,24.812447954900563,70.43643295764923,843972.176830707,843972.201643155
world,UVC_Source,UVC_Source,gl_display,0.0,9.845801978372037,9.845801978372037,843972.20220152,843972.212047322
world,UVC_Source,UVC_Source,recent_events,843972.164724,20.727236988022923,68.95842193625867,843972.212948499,843972.233675736
world,UVC_Source,UVC_Source,gl_display,0.0,9.716036962345243,9.716036962345243,843972.234478187,843972.244194224
world,UVC_Source,UVC_Source,recent_events,843972.198234,20.3731800429523,67.42968503385782,843972.245283942,843972.265657122
world,UVC_Source,UVC_Source,gl_display,0.0,10.953063028864563,10.953063028864563,843972.266228227,843972.27718129
world,UVC_Source,UVC_Source,recent_events,843972.231744,23.65419000852853,69.98703500721604,843972.278069918,843972.301724108
world,UVC_Source,UVC_Source,gl_display,0.0,9.802432032302022,9.802432032302022,843972.302405546,843972.312207978
world,UVC_Source,UVC_Source,recent_events,843972.265255,20.383300026878715,68.38862306904048,843972.313254863,843972.333638163
world,UVC_Source,UVC_Source,gl_display,0.0,9.901242912746966,9.901242912746966,843972.334215344,843972.344116587
world,UVC_Source,UVC_Source,recent_events,843972.298765,24.57701601088047,70.90139004867524,843972.345083159,843972.369660175
world,UVC_Source,UVC_Source,gl_display,0.0,9.903838974423707,9.903838974423707,843972.370187044,843972.380090883
world,UVC_Source,UVC_Source,recent_events,843972.332276,20.635434077121317,69.39409708138555,843972.381026667,843972.401662101
world,UVC_Source,UVC_Source,gl_display,0.0,9.542237967252731,9.542237967252731,843972.402412491,843972.411954729
world,UVC_Source,UVC_Source,recent_events,843972.365786,21.055420045740902,67.94986594468355,843972.412673223,843972.433728643
world,UVC_Source,UVC_Source,gl_display,0.0,9.546786081045866,9.546786081045866,843972.434380165,843972.443926951
world,UVC_Source,UVC_Source,recent_events,843972.399296,24.988307035528123,70.3916159691289,843972.444692581,843972.469680888
world,UVC_Source,UVC_Source,gl_display,0.0,9.51700599398464,9.51700599398464,843972.470255859,843972.479772865
world,UVC_Source,UVC_Source,recent_events,843972.432807,20.85479605011642,68.94109793938696,843972.480887395,843972.501742191
world,UVC_Source,UVC_Source,gl_display,0.0,9.937623981386423,9.937623981386423,843972.502384915,843972.512322539
world,UVC_Source,UVC_Source,recent_events,843972.466317,20.151037024334073,67.42550001945347,843972.513586113,843972.53373715
world,UVC_Source,UVC_Source,gl_display,0.0,11.046321946196258,11.046321946196258,843972.534407807,843972.545454129
world,UVC_Source,UVC_Source,recent_events,843972.499828,22.994123050011694,69.87939006648958,843972.546707706,843972.569701829
world,UVC_Source,UVC_Source,gl_display,0.0,9.969206992536783,9.969206992536783,843972.570525388,843972.580494595
world,UVC_Source,UVC_Source,recent_events,843972.533338,19.890154944732785,68.34828201681376,843972.581790664,843972.601680819
world,UVC_Source,UVC_Source,gl_display,0.0,9.710805024951696,9.710805024951696,843972.602300557,843972.612011362
world,UVC_Source,UVC_Source,recent_events,843972.566848,24.92687397170812,70.89843298308551,843972.612812604,843972.637739478
world,UVC_Source,UVC_Source,gl_display,0.0,9.768025018274784,9.768025018274784,843972.638389849,843972.648157874
world,UVC_Source,UVC_Source,recent_events,843972.600359,20.548634929582477,69.36649000272155,843972.649170174,843972.669718809
world,UVC_Source,UVC_Source,gl_display,0.0,9.798957034945488,9.798957034945488,843972.670331039,843972.680129996
world,UVC_Source,UVC_Source,recent_events,843972.633869,20.74722305405885,67.88013002369553,843972.680994598,843972.701741821
world,UVC_Source,UVC_Source,gl_display,0.0,9.818302001804113,9.818302001804113,843972.702382588,843972.71220089
world,UVC_Source,UVC_Source,recent_events,843972.66738,24.488433031365275,70.36901998799294,843972.713254267,843972.7377427
world,UVC_Source,UVC_Source,gl_display,0.0,9.879217017441988,9.879217017441988,843972.738564229,843972.748443446
world,UVC_Source,UVC_Source,recent_events,843972.70089,20.05357202142477,68.77622997853905,843972.749606278,843972.76965985
world,UVC_Source,UVC_Source,gl_display,0.0,9.673991007730365,9.673991007730365,843972.770198682,843972.779872673
world,UVC_Source,UVC_Source,recent_events,843972.7344,24.976153974421322,71.33074209559709,843972.780747597,843972.805723751
world,UVC_Source,UVC_Source,gl_display,0.0,9.708426077850163,9.708426077850163,843972.806347186,843972.816055612
world,UVC_Source,UVC_Source,recent_events,843972.767911,20.58469399344176,69.81811102014035,843972.817137871,843972.837722565
world,UVC_Source,UVC_Source,gl_display,0.0,9.841384016908705,9.841384016908705,843972.838306617,843972.848148001
world,UVC_Source,UVC_Source,recent_events,843972.801421,20.5985700013116,68.30821000039577,843972.849124282,843972.869722852
world,UVC_Source,UVC_Source,gl_display,0.0,9.72296204417944,9.72296204417944,843972.870333713,843972.880056675
world,UVC_Source,UVC_Source,recent_events,843972.834932,24.820178980007768,70.83803100977093,843972.880942831,843972.90576301
world,UVC_Source,UVC_Source,gl_display,0.0,9.990195045247674,9.990195045247674,843972.906581829,843972.916572024
world,UVC_Source,UVC_Source,recent_events,843972.868442,20.12894896324724,69.25333896651864,843972.917560521,843972.93768947
world,UVC_Source,UVC_Source,gl_display,0.0,9.822174091823399,9.822174091823399,843972.938335244,843972.948157418
world,UVC_Source,UVC_Source,recent_events,843972.901952,20.30359103810042,67.75245105382055,843972.949394187,843972.969697778
world,UVC_Source,UVC_Source,gl_display,0.0,9.798812912777066,9.798812912777066,843972.970293867,843972.98009268
world,UVC_Source,UVC_Source,recent_events,843972.935463,24.577166070230305,70.21750102285296,843972.981097098,843973.005674264
world,UVC_Source,UVC_Source,gl_display,0.0,9.260204969905317,9.260204969905317,843973.006195285,843973.01545549
world,UVC_Source,UVC_Source,recent_events,843972.968973,21.33541798684746,68.69997002650052,843973.016331929,843973.037667347
world,UVC_Source,UVC_Source,gl_display,0.0,9.913229034282267,9.913229034282267,843973.038184228,843973.048097457
world,UVC_Source,UVC_Source,recent_events,843973.002484,24.749537114985287,71.22105290181935,843973.048949641,843973.073699178
world,UVC_Source,UVC_Source,gl_display,0.0,9.812578093260527,9.812578093260527,843973.074491103,843973.084303681
world,UVC_Source,UVC_Source,recent_events,843973.035994,20.53768199402839,69.74491896107793,843973.085195096,843973.105732778
world,UVC_Source,UVC_Source,gl_display,0.0,9.554279036819935,9.554279036819935,843973.106282827,843973.115837106
world,UVC_Source,UVC_Source,recent_events,843973.069504,21.14571293350309,68.18360602483153,843973.116536853,843973.137682566
world,UVC_Source,UVC_Source,gl_display,0.0,9.584062034264207,9.584062034264207,843973.13823503,843973.147819092
world,UVC_Source,UVC_Source,recent_events,843973.103015,25.142980040982366,70.69917395710945,843973.148565555,843973.173708535
world,UVC_Source,UVC_Source,gl_display,0.0,9.687012992799282,9.687012992799282,843973.174256722,843973.183943735
world,UVC_Source,UVC_Source,recent_events,843973.136525,20.95683105289936,69.17957903351635,843973.184742217,843973.205699048
world,UVC_Source,UVC_Source,gl_display,0.0,9.557322016917169,9.557322016917169,843973.206262919,843973.215820241
world,UVC_Source,UVC_Source,recent_events,843973.170036,21.176566020585597,67.67646002117544,843973.216529613,843973.237706179
world,UVC_Source,UVC_Source,gl_display,0.0,9.83766803983599,9.83766803983599,843973.238465976,843973.248303644
world,UVC_Source,UVC_Source,recent_events,843973.203546,24.84433993231505,70.32451999839395,843973.249018055,843973.273862395
world,UVC_Source,UVC_Source,gl_display,0.0,9.93377307895571,9.93377307895571,843973.274458429,843973.284392202
world,UVC_Source,UVC_Source,recent_events,843973.237056,20.63892304431647,68.83106497116387,843973.285238897,843973.30587782
world,UVC_Source,UVC_Source,gl_display,0.0,9.774025995284319,9.774025995284319,843973.306511405,843973.316285431
world,UVC_Source,UVC_Source,recent_events,843973.270567,24.910165928304195,71.33858697488904,843973.316985951,843973.341896117
world,UVC_Source,UVC_Source,gl_display,0.0,9.6640819683671,9.6640819683671,843973.342555816,843973.352219898
world,UVC_Source,UVC_Source,recent_events,843973.304077,20.798456040211022,69.85392398200929,843973.353125306,843973.373923762
world,UVC_Source,UVC_Source,gl_display,0.0,9.678938891738653,9.678938891738653,843973.374482191,843973.38416113
world,UVC_Source,UVC_Source,recent_events,843973.337588,20.912889973260462,68.33188096061349,843973.384999997,843973.405912887
world,UVC_Source,UVC_Source,gl_display,0.0,9.861305938102305,9.861305938102305,843973.406695744,843973.41655705
world,UVC_Source,UVC_Source,recent_events,843973.371098,24.401734001003206,70.80285507254303,843973.417492352,843973.441894086
world,UVC_Source,UVC_Source,gl_display,0.0,9.785018977709115,9.785018977709115,843973.442431925,843973.452216944
world,UVC_Source,UVC_Source,recent_events,843973.404608,20.60271007940173,69.10764204803854,843973.453106075,843973.473708785
world,UVC_Source,UVC_Source,gl_display,0.0,9.661301970481873,9.661301970481873,843973.474270831,843973.483932133
world,UVC_Source,UVC_Source,recent_events,843973.438119,20.843931008130312,67.62615195475519,843973.484892833,843973.505736764
world,UVC_Source,UVC_Source,gl_display,0.0,12.206509942188859,12.206509942188859,843973.506370199,843973.518576709
world,UVC_Source,UVC_Source,recent_events,843973.471629,21.391432033851743,70.09264291264117,843973.520324945,843973.541716377
world,UVC_Source,UVC_Source,gl_display,0.0,9.695400018244982,9.695400018244982,843973.544366176,843973.554061576
world,UVC_Source,UVC_Source,recent_events,843973.50514,18.70898704510182,68.57199501246214,843973.554997782,843973.573706769
world,UVC_Source,UVC_Source,gl_display,0.0,9.616347961127758,9.616347961127758,843973.575981301,843973.585597649
world,UVC_Source,UVC_Source,recent_events,843973.53865,23.165085003711283,71.09764404594898,843973.586577259,843973.609742344
world,UVC_Source,UVC_Source,gl_display,0.0,9.669159073382616,9.669159073382616,843973.612212959,843973.621882118
world,UVC_Source,UVC_Source,recent_events,843973.57216,19.02211899869144,69.5500880246982,843973.622682744,843973.641704863
world,UVC_Source,UVC_Source,gl_display,0.0,9.872394031845033,9.872394031845033,843973.643787402,843973.653659796
world,UVC_Source,UVC_Source,recent_events,843973.605671,19.094821996986866,68.01308202557266,843973.654583807,843973.673678629
world,UVC_Source,UVC_Source,gl_display,0.0,9.62949194945395,9.62949194945395,843973.67561893,843973.685248422
world,UVC_Source,UVC_Source,recent_events,843973.639181,23.711006972007453,70.52735309116542,843973.685991485,843973.709702492
world,UVC_Source,UVC_Source,gl_display,0.0,9.769347961992025,9.769347961992025,843973.711657398,843973.721426746
world,UVC_Source,UVC_Source,recent_events,843973.672692,19.514431012794375,69.03177092317492,843973.722203814,843973.741718245
world,UVC_Source,UVC_Source,gl_display,0.0,9.518680977635086,9.518680977635086,843973.743648352,843973.753167033
world,UVC_Source,UVC_Source,recent_events,843973.706202,19.846174982376397,67.49009096529335,843973.753837686,843973.773683861
world,Fixation_Detector,Fixation_Detector,gl_display,0.0,0.0005420297384262085,0.0005420297384262085,843965.102051924,843965.102052466
world,Fixation_Detector,Fixation_Detector,recent_events,0.0,0.00392901711165905,0.00392901711165905,843965.281369368,843965.281373297
world,Fixation_Detector,Fixation_Detector,recent_events,843965.261581,0.014498014934360981,68.14849190413952,843965.329712974,843965.329727472
world,Fixation_Detector,Fixation_Detector,gl_display,0.0,0.0009080395102500916,0.0009080395102500916,843965.338475132,843965.33847604
world,Fixation_Detector,Fixation_Detector,recent_events,843965.295092,0.013153068721294403,70.55439497344196,843965.365630723,843965.365643876
world,Fixation_Detector,Fixation_Detector,gl_display,0.0,0.001950073055922985,0.001950073055922985,843965.373195633,843965.373197583
world,Fixation_Detector,Fixation_Detector,recent_events,843965.328602,0.0062800245359539986,68.73798498418182,843965.397333018,843965.397339298
world,Fixation_Detector,Fixation_Detector,gl_display,0.0,0.0007399357855319977,0.0007399357855319977,843965.399492211,843965.399492951
world,Fixation_Detector,Fixation_Detector,recent_events,843965.362112,0.006236019544303417,67.2467410331592,843965.42935182,843965.429358056
world,Fixation_Detector,Fixation_Detector,gl_display,0.0,0.0005400506779551506,0.0005400506779551506,843965.431558511,843965.431559051
world,Fixation_Detector,Fixation_Detector,recent_events,843965.395623,0.009345007129013538,69.88241395447403,843965.46549542,843965.465504765
world,Fixation_Detector,Fixation_Detector,gl_display,0.0,0.0005329493433237076,0.0005329493433237076,843965.467916702,843965.467917235
world,Fixation_Detector,Fixation_Detector,recent_events,843965.429133,0.015072058886289597,68.66772600915283,843965.497784607,843965.497799679
world,Fixation_Detector,Fixation_Detector,gl_display,0.0,0.0017290003597736359,0.0017290003597736359,843965.509280946,843965.509282675
world,Fixation_Detector,Fixation_Detector,recent_events,843965.462644,0.015978002920746803,71.0808380972594,843965.533707665,843965.533723643
world,Fixation_Detector,Fixation_Detector,gl_display,0.0,0.0015959376469254494,0.0015959376469254494,843965.539350964,843965.53935256
world,Fixation_Detector,Fixation_Detector,recent_events,843965.496154,0.005757901817560196,69.31062694638968,843965.565458356,843965.565464114
world,Fixation_Detector,Fixation_Detector,gl_display,0.0,0.0007870839908719063,0.0007870839908719063,843965.570125963,843965.57012675
world,Fixation_Detector,Fixation_Detector,recent_events,843965.529664,0.010516028851270676,67.86357297096401,843965.597516041,843965.597526557
world,Fixation_Detector,Fixation_Detector,gl_display,0.0,0.0019229482859373093,0.0019229482859373093,843965.608541075,843965.608542998
world,Fixation_Detector,Fixation_Detector,recent_events,843965.563175,0.0028939684852957726,70.04389993380755,843965.633215787,843965.633218681
world,Fixation_Detector,Fixation_Detector,gl_display,0.0,0.0004899920895695686,0.0004899920895695686,843965.635286903,843965.635287393
world,Fixation_Detector,Fixation_Detector,recent_events,843965.596685,0.0043049221858382225,68.6643070075661,843965.665344316,843965.665348621
world,Fixation_Detector,Fixation_Detector,gl_display,0.0,0.0006270129233598709,0.0006270129233598709,843965.668851768,843965.668852395
world,Fixation_Detector,Fixation_Detector,recent_events,843965.630196,0.004578032530844212,67.18938203994185,843965.697380187,843965.697384765
world,Fixation_Detector,Fixation_Detector,gl_display,0.0,0.0006820773705840111,0.0006820773705840111,843965.70087627,843965.700876952
world,Fixation_Detector,Fixation_Detector,recent_events,843965.663706,0.004439032636582851,69.63906798046082,843965.733340053,843965.733344492
world,Fixation_Detector,Fixation_Detector,gl_display,0.0,0.0004440080374479294,0.0004440080374479294,843965.736202445,843965.736202889
world,Fixation_Detector,Fixation_Detector,recent_events,843965.697216,0.004893983714282513,68.1227600434795,843965.765332955,843965.765337849
world,Fixation_Detector,Fixation_Detector,gl_display,0.0,0.0004050089046359062,0.0004050089046359062,843965.768405832,843965.768406237
world,Fixation_Detector,Fixation_Detector,recent_events,843965.730727,0.0046140048652887344,70.59395289979875,843965.801315664,843965.801320278
world,Fixation_Detector,Fixation_Detector,gl_display,0.0,0.0005279434844851494,0.0005279434844851494,843965.805152999,843965.805153527
world,Fixation_Detector,Fixation_Detector,recent_events,843965.764237,0.005444977432489395,69.12800099235028,843965.833358926,843965.833364371
world,Fixation_Detector,Fixation_Detector,gl_display,0.0,0.0007849885150790215,0.0007849885150790215,843965.837151362,843965.837152147
world,Fixation_Detector,Fixation_Detector,recent_events,843965.797748,0.005297013558447361,67.63416295871139,843965.865376249,843965.865381546
world,Fixation_Detector,Fixation_Detector,gl_display,0.0,0.0008989591151475906,0.0008989591151475906,843965.86923549,843965.869236389
world,Fixation_Detector,Fixation_Detector,recent_events,843965.831258,0.0050960807129740715,70.14984695706517,843965.901402087,843965.901407183
world,Fixation_Detector,Fixation_Detector,gl_display,0.0,0.0005040783435106277,0.0005040783435106277,843965.905113393,843965.905113897
world,Fixation_Detector,Fixation_Detector,recent_events,843965.864768,0.003318069502711296,68.51950299460441,843965.93328394,843965.933287258
world,Fixation_Detector,Fixation_Detector,gl_display,0.0,0.0006230548024177551,0.0006230548024177551,843965.935605821,843965.935606444
world,Fixation_Detector,Fixation_Detector,recent_events,843965.898279,0.004575937055051327,67.06111901439726,843965.965334887,843965.965339463
world,Fixation_Detector,Fixation_Detector,gl_display,0.0,0.0006579793989658356,0.0006579793989658356,843965.968632584,843965.968633242
world,Fixation_Detector,Fixation_Detector,recent_events,843965.931789,0.005244975909590721,69.6030369726941,843966.001386147,843966.001391392
world,Fixation_Detector,Fixation_Detector,gl_display,0.0,0.0005989568307995796,0.0005989568307995796,843966.004604597,843966.004605196
world,Fixation_Detector,Fixation_Detector,recent_events,843965.9653,0.004576984792947769,68.1050339480862,843966.033399757,843966.033404334
world,Fixation_Detector,Fixation_Detector,gl_display,0.0,0.0007330672815442085,0.0007330672815442085,843966.036648255,843966.036648988
world,Fixation_Detector,Fixation_Detector,recent_events,843965.99881,0.005053938366472721,70.56647492572665,843966.069370804,843966.069375858
world,Fixation_Detector,Fixation_Detector,gl_display,0.0,0.0007620546966791153,0.0007620546966791153,843966.07273833,843966.072739092
world,Fixation_Detector,Fixation_Detector,recent_events,843966.03232,0.0054460251703858376,69.11826296709478,843966.101432158,843966.101437604
world,Fixation_Detector,Fixation_Detector,gl_display,0.0,0.0007629860192537308,0.0007629860192537308,843966.104839477,843966.10484024
world,Fixation_Detector,Fixation_Detector,recent_events,843966.065831,0.004958943463861942,67.52728100400418,843966.133352626,843966.133357585
world,Fixation_Detector,Fixation_Detector,gl_display,0.0,0.0007830094546079636,0.0007830094546079636,843966.136612488,843966.136613271
world,Fixation_Detector,Fixation_Detector,recent_events,843966.099341,0.004866975359618664,70.06101903971285,843966.1693965,843966.169401367
world,Fixation_Detector,Fixation_Detector,gl_display,0.0,0.0006719492375850677,0.0006719492375850677,843966.172670023,843966.172670695
world,Fixation_Detector,Fixation_Detector,recent_events,843966.132852,0.004566973075270653,68.50703409872949,843966.201353904,843966.201358471
world,Fixation_Detector,Fixation_Detector,gl_display,0.0,0.0005300389602780342,0.0005300389602780342,843966.204674676,843966.204675206
world,Fixation_Detector,Fixation_Detector,recent_events,843966.166362,0.004871981218457222,67.00375489890575,843966.233360215,843966.233365087
world,Fixation_Detector,Fixation_Detector,gl_display,0.0,0.0005210749804973602,0.0005210749804973602,843966.236547011,843966.236547532
world,Fixation_Detector,Fixation_Detector,recent_events,843966.199872,0.004698056727647781,69.54812398180366,843966.269414778,843966.269419476
world,Fixation_Detector,Fixation_Detector,gl_display,0.0,0.0007670605555176735,0.0007670605555176735,843966.272751477,843966.272752244
world,Fixation_Detector,Fixation_Detector,recent_events,843966.233383,0.005273963324725628,68.0452180095017,843966.301422312,843966.301427586
world,Fixation_Detector,Fixation_Detector,gl_display,0.0,0.0008729984983801842,0.0008729984983801842,843966.304777404,843966.304778277
world,Fixation_Detector,Fixation_Detector,recent_events,843966.266893,0.012608012184500694,70.53435000125319,843966.337413914,843966.337426522
world,Fixation_Detector,Fixation_Detector,gl_display,0.0,0.000859028659760952,0.000859028659760952,843966.34066217,843966.340663029
world,Fixation_Detector,Fixation_Detector,recent_events,843966.300404,0.004649977199733257,69.03300096746534,843966.369431688,843966.369436338
world,Fixation_Detector,Fixation_Detector,gl_display,0.0,0.0004359753802418709,0.0004359753802418709,843966.373531264,843966.3735317
world,Fixation_Detector,Fixation_Detector,recent_events,843966.333914,0.0034080585464835167,67.41239503026009,843966.401322649,843966.401326057
world,Fixation_Detector,Fixation_Detector,gl_display,0.0,0.0008490169420838356,0.0008490169420838356,843966.4038736,843966.403874449
world,Fixation_Detector,Fixation_Detector,recent_events,843966.367424,0.0032889656722545624,69.89091099239886,843966.437311335,843966.437314624
world,Fixation_Detector,Fixation_Detector,gl_display,0.0,0.00039301812648773193,0.00039301812648773193,843966.439916871,843966.439917264
world,Fixation_Detector,Fixation_Detector,recent_events,843966.400935,0.0035640550777316093,68.35984194185585,843966.469291069,843966.469294633
world,Fixation_Detector,Fixation_Detector,gl_display,0.0,0.0005349284037947655,0.0005349284037947655,843966.471772055,843966.47177259
world,Fixation_Detector,Fixation_Detector,recent_events,843966.434445,0.0032170210033655167,70.86532702669501,843966.505306863,843966.50531008
world,Fixation_Detector,Fixation_Detector,gl_display,0.0,0.0005209585651755333,0.0005209585651755333,843966.50760318,843966.507603701
world,Fixation_Detector,Fixation_Detector,recent_events,843966.467956,0.0030890805646777153,69.34999104123563,843966.537302692,843966.537305781
world,Fixation_Detector,Fixation_Detector,gl_display,0.0,0.0006189802661538124,0.0006189802661538124,843966.539469824,843966.539470443
world,Fixation_Detector,Fixation_Detector,recent_events,843966.501466,0.003335997462272644,67.84454104490578,843966.569307,843966.569310336
world,Fixation_Detector,Fixation_Detector,gl_display,0.0,0.0005050096660852432,0.0005050096660852432,843966.571493136,843966.571493641
world,Fixation_Detector,Fixation_Detector,recent_events,843966.534976,0.0035510165616869926,70.34276297781616,843966.605315002,843966.605318553
world,Fixation_Detector,Fixation_Detector,gl_display,0.0,0.0006700865924358368,0.0006700865924358368,843966.607552897,843966.607553567
world,Fixation_Detector,Fixation_Detector,recent_events,843966.568487,0.003390014171600342,68.8451339956373,843966.637328498,843966.637331888
world,Fixation_Detector,Fixation_Detector,gl_display,0.0,0.0007720664143562317,0.0007720664143562317,843966.639548898,843966.63954967
world,Fixation_Detector,Fixation_Detector,recent_events,843966.601997,0.002956017851829529,67.33623694162816,843966.669330078,843966.669333034
world,Fixation_Detector,Fixation_Detector,gl_display,0.0,0.000517931766808033,0.000517931766808033,843966.671538723,843966.671539241
world,Fixation_Detector,Fixation_Detector,recent_events,843966.635508,0.0034640543162822723,69.81379399076104,843966.70531814,843966.705321604
world,Fixation_Detector,Fixation_Detector,gl_display,0.0,0.0005509937182068825,0.0005509937182068825,843966.707514082,843966.707514633
world,Fixation_Detector,Fixation_Detector,recent_events,843966.669018,0.00366999302059412,68.30384896602482,843966.737317955,843966.737321625
world,Fixation_Detector,Fixation_Detector,gl_display,0.0,0.0005570473149418831,0.0005570473149418831,843966.739888564,843966.739889121
world,Fixation_Detector,Fixation_Detector,recent_events,843966.702528,0.005192938260734081,70.82967006135732,843966.773351478,843966.773356671
world,Fixation_Detector,Fixation_Detector,gl_display,0.0,0.0006490154191851616,0.0006490154191851616,843966.775984345,843966.775984994
world,Fixation_Detector,Fixation_Detector,recent_events,843966.736039,0.002868007868528366,69.29172901436687,843966.80532761,843966.805330478
world,Fixation_Detector,Fixation_Detector,gl_display,0.0,0.00048801302909851074,0.00048801302909851074,843966.808754212,843966.8087547
world,Fixation_Detector,Fixation_Detector,recent_events,843966.769549,0.0031420495361089706,67.74579209741205,843966.837291439,843966.837294581
world,Fixation_Detector,Fixation_Detector,gl_display,0.0,0.0006660120561718941,0.0006660120561718941,843966.839804156,843966.839804822
world,Fixation_Detector,Fixation_Detector,recent_events,843966.80306,0.0036390265449881554,70.27813803870231,843966.873334268,843966.873337907
world,Fixation_Detector,Fixation_Detector,gl_display,0.0,0.0005889451131224632,0.0005889451131224632,843966.875897392,843966.875897981
world,Fixation_Detector,Fixation_Detector,recent_events,843966.83657,0.003044959157705307,68.77464195713401,843966.905341382,843966.905344427
world,Fixation_Detector,Fixation_Detector,gl_display,0.0,0.0005139736458659172,0.0005139736458659172,843966.907922604,843966.907923118
world,Fixation_Detector,Fixation_Detector,recent_events,843966.87008,0.0032329699024558067,67.2060790238902,843966.937282603,843966.937285836
world,Fixation_Detector,Fixation_Detector,gl_display,0.0,0.0006450572982430458,0.0006450572982430458,843966.939842606,843966.939843251
world,Fixation_Detector,Fixation_Detector,recent_events,843966.903591,0.0033850083127617836,69.70249197911471,843966.973289864,843966.973293249
world,Fixation_Detector,Fixation_Detector,gl_display,0.0,0.0006969785317778587,0.0006969785317778587,843966.975795837,843966.975796534
world,Fixation_Detector,Fixation_Detector,recent_events,843966.937101,0.00620400533080101,68.25443101115525,843967.005348939,843967.005355143
world,Fixation_Detector,Fixation_Detector,gl_display,0.0,0.0006579793989658356,0.0006579793989658356,843967.007982964,843967.007983622
world,Fixation_Detector,Fixation_Detector,recent_events,843966.970612,0.003511086106300354,70.78699907287955,843967.041395271,843967.041398782
world,Fixation_Detector,Fixation_Detector,gl_display,0.0,0.0008100178092718124,0.0008100178092718124,843967.045387384,843967.045388194
world,Fixation_Detector,Fixation_Detector,recent_events,843967.004122,0.004835077561438084,69.2718350328505,843967.073388443,843967.073393278
world,Fixation_Detector,Fixation_Detector,gl_display,0.0,0.000642961822450161,0.000642961822450161,843967.077147101,843967.077147744
world,Fixation_Detector,Fixation_Detector,recent_events,843967.037632,0.0032869866117835045,67.68259697128087,843967.105311088,843967.105314375
world,Fixation_Detector,Fixation_Detector,gl_display,0.0,0.0005660112947225571,0.0005660112947225571,843967.107919508,843967.107920074
world,Fixation_Detector,Fixation_Detector,recent_events,843967.071143,0.004214001819491386,70.20040496718138,843967.141338848,843967.141343062
world,Fixation_Detector,Fixation_Detector,gl_display,0.0,0.0007189810276031494,0.0007189810276031494,843967.143750306,843967.143751025
world,Fixation_Detector,Fixation_Detector,recent_events,843967.104653,0.003147055394947529,68.67836695164442,843967.173327916,843967.173331063
world,Fixation_Detector,Fixation_Detector,gl_display,0.0,0.0007289927452802658,0.0007289927452802658,843967.175691673,843967.175692402
world,Fixation_Detector,Fixation_Detector,recent_events,843967.138164,0.00849191565066576,67.17784202191979,843967.205333124,843967.205341616
world,Fixation_Detector,Fixation_Detector,gl_display,0.0,0.0006629852578043938,0.0006629852578043938,843967.207645574,843967.207646237
world,Fixation_Detector,Fixation_Detector,recent_events,843967.171674,0.003627035766839981,69.68191103078425,843967.241352052,843967.241355679
world,Fixation_Detector,Fixation_Detector,gl_display,0.0,0.0007360940799117088,0.0007360940799117088,843967.243602878,843967.243603614
world,Fixation_Detector,Fixation_Detector,recent_events,843967.205184,0.0036079436540603638,68.20445798803121,843967.273384633,843967.273388241
world,Fixation_Detector,Fixation_Detector,gl_display,0.0,0.0006910413503646851,0.0006910413503646851,843967.275684968,843967.275685659
world,Fixation_Detector,Fixation_Detector,recent_events,843967.238695,0.00392901711165905,70.66039007622749,843967.309351158,843967.309355087
world,Fixation_Detector,Fixation_Detector,gl_display,0.0,0.0006200280040502548,0.0006200280040502548,843967.311984146,843967.311984766
world,Fixation_Detector,Fixation_Detector,recent_events,843967.272205,0.004001078195869923,69.11068898625672,843967.341311359,843967.34131536
world,Fixation_Detector,Fixation_Detector,gl_display,0.0,0.0006048940122127533,0.0006048940122127533,843967.343793604,843967.343794209
world,Fixation_Detector,Fixation_Detector,recent_events,843967.305716,0.0031980453059077263,67.61727796401829,843967.37332978,843967.373332978
world,Fixation_Detector,Fixation_Detector,gl_display,0.0,0.0005610054358839989,0.0005610054358839989,843967.37548105,843967.375481611
world,Fixation_Detector,Fixation_Detector,recent_events,843967.339226,0.002800021320581436,70.07667701691389,843967.409299575,843967.409302375
world,Fixation_Detector,Fixation_Detector,gl_display,0.0,0.0005229376256465912,0.0005229376256465912,843967.411453046,843967.411453569
world,Fixation_Detector,Fixation_Detector,recent_events,843967.372736,0.003363005816936493,68.63720202818513,843967.441369467,843967.44137283
world,Fixation_Detector,Fixation_Detector,gl_display,0.0,0.0005639158189296722,0.0005639158189296722,843967.443670302,843967.443670866
world,Fixation_Detector,Fixation_Detector,recent_events,843967.406247,0.0031919917091727257,67.0908410102129,843967.473334347,843967.473337539
world,Fixation_Detector,Fixation_Detector,gl_display,0.0,0.00048708170652389526,0.00048708170652389526,843967.475688236,843967.475688723
world,Fixation_Detector,Fixation_Detector,recent_events,843967.439757,0.003314926289021969,69.6356080006808,843967.509389035,843967.50939235
world,Fixation_Detector,Fixation_Detector,gl_display,0.0,0.0024940818548202515,0.0024940818548202515,843967.511564179,843967.511566673
world,Fixation_Detector,Fixation_Detector,recent_events,843967.473268,0.003634020686149597,68.04786203429103,843967.54131194,843967.541315574
world,Fixation_Detector,Fixation_Detector,gl_display,0.0,0.00041106250137090683,0.00041106250137090683,843967.543558414,843967.543558825
world,Fixation_Detector,Fixation_Detector,recent_events,843967.506778,0.0048120273277163506,70.66593097988516,843967.577438428,843967.57744324
world,Fixation_Detector,Fixation_Detector,gl_display,0.0,0.0006760237738490105,0.0006760237738490105,843967.580771417,843967.580772093
world,Fixation_Detector,Fixation_Detector,recent_events,843967.540288,0.0053140101954340935,69.22287703491747,843967.609504875,843967.609510189
world,Fixation_Detector,Fixation_Detector,gl_display,0.0,0.000833999365568161,0.000833999365568161,843967.613047874,843967.613048708
world,Fixation_Detector,Fixation_Detector,recent_events,843967.573799,0.012985896319150925,67.67720403149724,843967.641462509,843967.641475495
world,Fixation_Detector,Fixation_Detector,gl_display,0.0,0.0006780028343200684,0.0006780028343200684,843967.644803826,843967.644804504
world,Fixation_Detector,Fixation_Detector,recent_events,843967.607309,0.004881061613559723,70.1648440444842,843967.677468309,843967.67747319
world,Fixation_Detector,Fixation_Detector,gl_display,0.0,0.0005379552021622658,0.0005379552021622658,843967.679921727,843967.679922265
world,Fixation_Detector,Fixation_Detector,recent_events,843967.64082,0.004468020051717758,68.66507604718208,843967.70947999,843967.709484458
world,Fixation_Detector,Fixation_Detector,gl_display,0.0,0.000659027136862278,0.000659027136862278,843967.712069273,843967.712069932
world,Fixation_Detector,Fixation_Detector,recent_events,843967.67433,0.005103065632283688,67.13031209073961,843967.741454536,843967.741459639
world,Fixation_Detector,Fixation_Detector,gl_display,0.0,0.0005849869921803474,0.0005849869921803474,843967.74397113,843967.743971715
world,Fixation_Detector,Fixation_Detector,recent_events,843967.70784,0.0030850060284137726,69.49213589541614,843967.777328781,843967.777331866
world,Fixation_Detector,Fixation_Detector,gl_display,0.0,0.0005880137905478477,0.0005880137905478477,843967.780723159,843967.780723747
world,Fixation_Detector,Fixation_Detector,recent_events,843967.741351,0.002988032065331936,67.94216996058822,843967.80928989,843967.809292878
world,Fixation_Detector,Fixation_Detector,gl_display,0.0,0.0005440087988972664,0.0005440087988972664,843967.843995514,843967.843996058
world,Fixation_Detector,Fixation_Detector,recent_events,843967.774861,0.004224013537168503,81.60010701976717,843967.85645666,843967.856460884
world,Fixation_Detector,Fixation_Detector,gl_display,0.0,0.0009241048246622086,0.0009241048246622086,843967.872439995,843967.872440919
world,Fixation_Detector,Fixation_Detector,recent_events,843967.808372,0.003975001163780689,68.96958802826703,843967.877337294,843967.877341269
world,Fixation_Detector,Fixation_Detector,gl_display,0.0,0.000567990355193615,0.000567990355193615,843967.891126004,843967.891126572
world,Fixation_Detector,Fixation_Detector,recent_events,843967.841882,0.0033460091799497604,67.56031699478626,843967.909438728,843967.909442074
world,Fixation_Detector,Fixation_Detector,gl_display,0.0,0.0006239861249923706,0.0006239861249923706,843967.911897139,843967.911897763
world,Fixation_Detector,Fixation_Detector,recent_events,843967.875392,0.0035939738154411316,69.9597269995138,843967.945347932,843967.945351526
world,Fixation_Detector,Fixation_Detector,gl_display,0.0,0.0007419148460030556,0.0007419148460030556,843967.94761468,843967.947615422
world,Fixation_Detector,Fixation_Detector,recent_events,843967.908903,0.004224013537168503,68.46090406179428,843967.977359373,843967.977363597
world,Fixation_Detector,Fixation_Detector,gl_display,0.0,0.0006640329957008362,0.0006640329957008362,843967.979669655,843967.979670319
world,Fixation_Detector,Fixation_Detector,recent_events,843967.942413,0.004308996722102165,70.95585495699197,843968.013364286,843968.013368595
world,Fixation_Detector,Fixation_Detector,gl_display,0.0,0.0005649635568261147,0.0005649635568261147,843968.025470303,843968.025470868
world,Fixation_Detector,Fixation_Detector,recent_events,843967.975924,0.0067569781094789505,69.47745196521282,843968.045394207,843968.045400964
world,Fixation_Detector,Fixation_Detector,gl_display,0.0,0.0005599576979875565,0.0005599576979875565,843968.092401542,843968.092402102
world,Fixation_Detector,Fixation_Detector,recent_events,843968.009434,0.0061800237745046616,83.36980198509991,843968.092797361,843968.092803541
world,Fixation_Detector,Fixation_Detector,recent_events,843968.042944,0.002626911737024784,70.38309401832521,843968.113324166,843968.113326793
world,Fixation_Detector,Fixation_Detector,gl_display,0.0,0.0005969777703285217,0.0005969777703285217,843968.126091587,843968.126092184
world,Fixation_Detector,Fixation_Detector,recent_events,843968.076455,0.002995016984641552,68.8667050562799,843968.145318433,843968.145321428
world,Fixation_Detector,Fixation_Detector,gl_display,0.0,0.000626896508038044,0.000626896508038044,843968.147600564,843968.147601191
world,Fixation_Detector,Fixation_Detector,recent_events,843968.109965,0.028655980713665485,67.63830699492246,843968.177573345,843968.177602001
world,Fixation_Detector,Fixation_Detector,gl_display,0.0,0.001817941665649414,0.001817941665649414,843968.187773221,843968.187775039
world,Fixation_Detector,Fixation_Detector,recent_events,843968.143476,0.01240801066160202,70.25382190477103,843968.213716017,843968.213728425
world,Fixation_Detector,Fixation_Detector,gl_display,0.0,0.002235989086329937,0.002235989086329937,843968.227906169,843968.227908405
world,Fixation_Detector,Fixation_Detector,recent_events,843968.176986,0.013234908692538738,68.72023292817175,843968.245691871,843968.245705106
world,Fixation_Detector,Fixation_Detector,gl_display,0.0,0.0020560109987854958,0.0020560109987854958,843968.257806773,843968.257808829
world,Fixation_Detector,Fixation_Detector,recent_events,843968.210496,0.004151021130383015,70.88196696713567,843968.281373555,843968.281377706
world,Fixation_Detector,Fixation_Detector,gl_display,0.0,0.0006150221452116966,0.0006150221452116966,843968.283927607,843968.283928222
world,Fixation_Detector,Fixation_Detector,recent_events,843968.244007,0.004783971235156059,69.41746699158102,843968.313419351,843968.313424135
world,Fixation_Detector,Fixation_Detector,gl_display,0.0,0.0007629860192537308,0.0007629860192537308,843968.316278048,843968.316278811
world,Fixation_Detector,Fixation_Detector,recent_events,843968.277517,0.012823962606489658,68.11177299823612,843968.345614584,843968.345627408
world,Fixation_Detector,Fixation_Detector,gl_display,0.0,0.0020309817045927048,0.0020309817045927048,843968.357616647,843968.357618678
world,Fixation_Detector,Fixation_Detector,recent_events,843968.311028,0.0027659116312861443,70.29623701237142,843968.381321124,843968.38132389
world,Fixation_Detector,Fixation_Detector,gl_display,0.0,0.00040710438042879105,0.00040710438042879105,843968.383690866,843968.383691273
world,Fixation_Detector,Fixation_Detector,recent_events,843968.344538,0.0036070123314857483,68.81925102788955,843968.413353372,843968.413356979
world,Fixation_Detector,Fixation_Detector,gl_display,0.0,0.0005480833351612091,0.0005480833351612091,843968.416202648,843968.416203196
world,Fixation_Detector,Fixation_Detector,recent_events,843968.378048,0.003990950062870979,67.3350680153817,843968.44537887,843968.445382861
world,Fixation_Detector,Fixation_Detector,gl_display,0.0,0.00046694185584783554,0.00046694185584783554,843968.448011187,843968.448011654
world,Fixation_Detector,Fixation_Detector,recent_events,843968.411559,0.0033240066841244698,69.80843900237232,843968.481363877,843968.481367201
world,Fixation_Detector,Fixation_Detector,gl_display,0.0,0.000492902472615242,0.000492902472615242,843968.483687345,843968.483687838
world,Fixation_Detector,Fixation_Detector,recent_events,843968.445069,0.0036639394238591194,68.29107704106718,843968.513356224,843968.513359888
world,Fixation_Detector,Fixation_Detector,gl_display,0.0,0.00046601053327322006,0.00046601053327322006,843968.515485676,843968.515486142
world,Fixation_Detector,Fixation_Detector,recent_events,843968.47858,0.011945958249270916,71.08139805495739,843968.549648407,843968.549660353
world,Fixation_Detector,Fixation_Detector,gl_display,0.0,0.002217944711446762,0.002217944711446762,843968.559733976,843968.559736194
world,Fixation_Detector,Fixation_Detector,recent_events,843968.51209,0.0030728988349437714,69.23993106465787,843968.581326627,843968.5813297
world,Fixation_Detector,Fixation_Detector,gl_display,0.0,0.0006709014996886253,0.0006709014996886253,843968.583388249,843968.58338892
world,Fixation_Detector,Fixation_Detector,recent_events,843968.5456,0.004698988050222397,67.77099310420454,843968.613366044,843968.613370743
world,Fixation_Detector,Fixation_Detector,gl_display,0.0,0.0006790505722165108,0.0006790505722165108,843968.615642241,843968.61564292
world,Fixation_Detector,Fixation_Detector,recent_events,843968.579111,0.00532704871147871,70.2871159883216,843968.649392569,843968.649397896
world,Fixation_Detector,Fixation_Detector,gl_display,0.0,0.0006740447133779526,0.0006740447133779526,843968.651586868,843968.651587542
world,Fixation_Detector,Fixation_Detector,recent_events,843968.612621,0.004091998562216759,68.73501092195511,843968.681351679,843968.681355771
world,Fixation_Detector,Fixation_Detector,gl_display,0.0,0.0005080364644527435,0.0005080364644527435,843968.683461134,843968.683461642
world,Fixation_Detector,Fixation_Detector,recent_events,843968.646132,0.0033619580790400505,67.19346600584686,843968.713321815,843968.713325177
world,Fixation_Detector,Fixation_Detector,gl_display,0.0,0.0003989553079009056,0.0003989553079009056,843968.715396913,843968.715397312
world,Fixation_Detector,Fixation_Detector,recent_events,843968.679642,0.003078952431678772,69.72220202442259,843968.749359947,843968.749363026
world,Fixation_Detector,Fixation_Detector,gl_display,0.0,0.00046996865421533585,0.00046996865421533585,843968.751460957,843968.751461427
world,Fixation_Detector,Fixation_Detector,recent_events,843968.713152,0.003174995072185993,68.24717705603689,843968.781395784,843968.781398959
world,Fixation_Detector,Fixation_Detector,gl_display,0.0,0.00035995617508888245,0.00035995617508888245,843968.783586028,843968.783586388
world,Fixation_Detector,Fixation_Detector,recent_events,843968.746663,0.0024550827220082283,70.75350708328187,843968.817409862,843968.817412317
world,Fixation_Detector,Fixation_Detector,gl_display,0.0,0.0004300381988286972,0.0004300381988286972,843968.819697178,843968.819697608
world,Fixation_Detector,Fixation_Detector,recent_events,843968.780173,0.002802000381052494,69.22775402199477,843968.849397717,843968.849400519
world,Fixation_Detector,Fixation_Detector,gl_display,0.0,0.0003320164978504181,0.0003320164978504181,843968.851752719,843968.851753051
world,Fixation_Detector,Fixation_Detector,recent_events,843968.813684,0.003902008756995201,67.69978592637926,843968.881379589,843968.881383491
world,Fixation_Detector,Fixation_Detector,gl_display,0.0,0.0007619382813572884,0.0007619382813572884,843968.884775885,843968.884776647
world,Fixation_Detector,Fixation_Detector,recent_events,843968.847194,0.014883000403642654,70.34465600736439,843968.917523017,843968.9175379
world,Fixation_Detector,Fixation_Detector,gl_display,0.0,0.000500003807246685,0.000500003807246685,843968.920624457,843968.920624957
world,Fixation_Detector,Fixation_Detector,recent_events,843968.981236,0.005627982318401337,80.65992698539048,843969.061889649,843969.061895277
world,Fixation_Detector,Fixation_Detector,gl_display,0.0,0.000733998604118824,0.000733998604118824,843969.065492612,843969.065493346
world,Fixation_Detector,Fixation_Detector,recent_events,843969.014746,0.007053022272884846,70.79535105731338,843969.085533679,843969.085540732
world,Fixation_Detector,Fixation_Detector,gl_display,0.0,0.001142965629696846,0.001142965629696846,843969.088806014,843969.088807157
world,Fixation_Detector,Fixation_Detector,recent_events,843969.048256,0.0063729239627718925,69.2929410142824,843969.117541883,843969.117548256
world,Fixation_Detector,Fixation_Detector,gl_display,0.0,0.0007420312613248825,0.0007420312613248825,843969.120837947,843969.120838689
world,Fixation_Detector,Fixation_Detector,recent_events,843969.081767,0.005229027010500431,67.71588302217424,843969.149477,843969.149482229
world,Fixation_Detector,Fixation_Detector,gl_display,0.0,0.0006139744073152542,0.0006139744073152542,843969.151892173,843969.151892787
world,Fixation_Detector,Fixation_Detector,recent_events,843969.115277,0.005326000973582268,70.2405070187524,843969.185511943,843969.185517269
world,Fixation_Detector,Fixation_Detector,gl_display,0.0,0.0006289919838309288,0.0006289919838309288,843969.187805389,843969.187806018
world,Fixation_Detector,Fixation_Detector,recent_events,843969.148788,0.004350091330707073,68.67548101581633,843969.2174589,843969.21746325
world,Fixation_Detector,Fixation_Detector,gl_display,0.0,0.0006080372259020805,0.0006080372259020805,843969.219822809,843969.219823417
world,Fixation_Detector,Fixation_Detector,recent_events,843969.182298,0.004585948772728443,67.15130200609565,843969.249444489,843969.249449075
world,Fixation_Detector,Fixation_Detector,gl_display,0.0,0.000658910721540451,0.000658910721540451,843969.251830694,843969.251831353
world,Fixation_Detector,Fixation_Detector,recent_events,843969.215808,0.004551024176180363,69.64647106360644,843969.285449683,843969.285454234
world,Fixation_Detector,Fixation_Detector,gl_display,0.0,0.0006329501047730446,0.0006329501047730446,843969.287799983,843969.287800616
world,Fixation_Detector,Fixation_Detector,recent_events,843969.249319,0.0037240097299218178,68.17828200291842,843969.317488451,843969.317492175
world,Fixation_Detector,Fixation_Detector,gl_display,0.0,0.0005890615284442902,0.0005890615284442902,843969.319825033,843969.319825622
world,Fixation_Detector,Fixation_Detector,recent_events,843969.282829,0.003922032192349434,70.6147130113095,843969.353439554,843969.353443476
world,Fixation_Detector,Fixation_Detector,gl_display,0.0,0.0007669441401958466,0.0007669441401958466,843969.355895744,843969.355896511
world,Fixation_Detector,Fixation_Detector,recent_events,843969.31634,0.004369998350739479,69.13485401310027,843969.385470207,843969.385474577
world,Fixation_Detector,Fixation_Detector,gl_display,0.0,0.0006230548024177551,0.0006230548024177551,843969.387941583,843969.387942206
world,Fixation_Detector,Fixation_Detector,recent_events,843969.34985,0.003505963832139969,67.6014149794355,843969.417447553,843969.417451059
world,Fixation_Detector,Fixation_Detector,gl_display,0.0,0.0006669433787465096,0.0006669433787465096,843969.419754493,843969.41975516
world,Fixation_Detector,Fixation_Detector,recent_events,843969.38336,0.0043800100684165955,70.07936702575535,843969.453434756,843969.453439136
world,Fixation_Detector,Fixation_Detector,gl_display,0.0,0.0006300397217273712,0.0006300397217273712,843969.455749144,843969.455749774
world,Fixation_Detector,Fixation_Detector,recent_events,843969.416871,0.004990957677364349,68.68128501810133,843969.485546569,843969.48555156
world,Fixation_Detector,Fixation_Detector,gl_display,0.0,0.0006549526005983353,0.0006549526005983353,843969.488034692,843969.488035347
world,Fixation_Detector,Fixation_Detector,recent_events,843969.450381,0.006641028448939323,71.13954203668982,843969.521513294,843969.521519935
world,Fixation_Detector,Fixation_Detector,gl_display,0.0,0.0008969800546765327,0.0008969800546765327,843969.524828529,843969.524829426
world,Fixation_Detector,Fixation_Detector,recent_events,843969.483892,0.005687004886567593,69.58646490238607,843969.553472047,843969.553477734
world,Fixation_Detector,Fixation_Detector,gl_display,0.0,0.000676955096423626,0.000676955096423626,843969.555930026,843969.555930703
world,Fixation_Detector,Fixation_Detector,recent_events,843969.517402,0.005024019628763199,68.09129298198968,843969.585487579,843969.585492603
world,Fixation_Detector,Fixation_Detector,gl_display,0.0,0.000700005330145359,0.000700005330145359,843969.587854237,843969.587854937
world,Fixation_Detector,Fixation_Detector,recent_events,843969.550912,0.03487302456051111,70.60035096947104,843969.621477096,843969.621511969
world,Fixation_Detector,Fixation_Detector,gl_display,0.0,0.00064109917730093,0.00064109917730093,843969.62473429,843969.624734931
world,Fixation_Detector,Fixation_Detector,recent_events,843969.584423,0.0117539893835783,69.32149606291205,843969.653731197,843969.653742951
world,Fixation_Detector,Fixation_Detector,gl_display,0.0,0.0021549640223383904,0.0021549640223383904,843969.664472288,843969.664474443
world,Fixation_Detector,Fixation_Detector,recent_events,843969.617933,0.010504038073122501,67.80549802351743,843969.685726739,843969.685737243
world,Fixation_Detector,Fixation_Detector,gl_display,0.0,0.001600012183189392,0.001600012183189392,843969.69628563,843969.69628723
world,Fixation_Detector,Fixation_Detector,recent_events,843969.651444,0.012709060683846474,70.32801199238747,843969.721757932,843969.721770641
world,Fixation_Detector,Fixation_Detector,gl_display,0.0,0.0003150198608636856,0.0003150198608636856,843969.730810981,843969.730811296
world,Fixation_Detector,Fixation_Detector,recent_events,843969.684954,0.011087046004831791,68.7683499418199,843969.753710203,843969.75372129
world,Fixation_Detector,Fixation_Detector,gl_display,0.0,0.001584063284099102,0.001584063284099102,843969.763991913,843969.763993497
world,Fixation_Detector,Fixation_Detector,recent_events,843969.718464,0.011752941645681858,71.20755000505596,843969.789658464,843969.789670217
world,Fixation_Detector,Fixation_Detector,gl_display,0.0,0.00029103830456733704,0.00029103830456733704,843969.797896151,843969.797896442
world,Fixation_Detector,Fixation_Detector,recent_events,843969.751975,0.01171301119029522,69.68315597623587,843969.82164538,843969.821657093
world,Fixation_Detector,Fixation_Detector,gl_display,0.0,0.002117943949997425,0.002117943949997425,843969.832056247,843969.832058365
world,Fixation_Detector,Fixation_Detector,recent_events,843969.785485,0.012285076081752777,68.24464094825089,843969.853716382,843969.853728667
world,Fixation_Detector,Fixation_Detector,gl_display,0.0,0.001576961949467659,0.001576961949467659,843969.86423404,843969.864235617
world,Fixation_Detector,Fixation_Detector,recent_events,843969.818996,0.011443044058978558,70.74848003685474,843969.88973162,843969.889743063
world,Fixation_Detector,Fixation_Detector,gl_display,0.0,0.0004189787432551384,0.0004189787432551384,843969.897884651,843969.89788507
world,Fixation_Detector,Fixation_Detector,recent_events,843969.852506,0.010445015504956245,69.29490005131811,843969.921789368,843969.921799813
world,Fixation_Detector,Fixation_Detector,gl_display,0.0,0.0021490268409252167,0.0021490268409252167,843969.932466912,843969.932469061
world,Fixation_Detector,Fixation_Detector,recent_events,843969.886016,0.011852942407131195,67.8001280175522,843969.953803258,843969.953815111
world,Fixation_Detector,Fixation_Detector,gl_display,0.0,0.0021919840946793556,0.0021919840946793556,843969.964524602,843969.964526794
world,Fixation_Detector,Fixation_Detector,recent_events,843969.919527,0.013911048881709576,70.35017700400203,843969.989860751,843969.989874662
world,Fixation_Detector,Fixation_Detector,gl_display,0.0,0.001735985279083252,0.001735985279083252,843970.000670863,843970.000672599
world,Fixation_Detector,Fixation_Detector,recent_events,843969.953037,0.013769022189080715,68.85048397816718,843970.021871036,843970.021884805
world,Fixation_Detector,Fixation_Detector,gl_display,0.0,0.0020329607650637627,0.0020329607650637627,843970.032643602,843970.032645635
world,Fixation_Detector,Fixation_Detector,recent_events,843969.986548,0.013684970326721668,71.24142092652619,843970.057774568,843970.057788253
world,Fixation_Detector,Fixation_Detector,gl_display,0.0,0.0017210841178894043,0.0017210841178894043,843970.068425198,843970.068426919
world,Fixation_Detector,Fixation_Detector,recent_events,843970.020058,0.011209980584681034,69.70042898319662,843970.089746009,843970.089757219
world,Fixation_Detector,Fixation_Detector,gl_display,0.0,0.0018749851733446121,0.0018749851733446121,843970.100341229,843970.100343104
world,Fixation_Detector,Fixation_Detector,recent_events,843970.053568,0.010879011824727058,68.16598202567548,843970.121722069,843970.121732948
world,Fixation_Detector,Fixation_Detector,gl_display,0.0,0.0011899974197149277,0.0011899974197149277,843970.132278307,843970.132279497
world,Fixation_Detector,Fixation_Detector,recent_events,843970.087079,0.011406023986637592,70.65881008747965,843970.157725289,843970.157736695
world,Fixation_Detector,Fixation_Detector,gl_display,0.0,0.001969980075955391,0.001969980075955391,843970.168423565,843970.168425535
world,Fixation_Detector,Fixation_Detector,recent_events,843970.120589,0.01083605457097292,69.17546596378088,843970.189752523,843970.189763359
world,Fixation_Detector,Fixation_Detector,gl_display,0.0,0.0021470477804541588,0.0021470477804541588,843970.200106434,843970.200108581
world,Fixation_Detector,Fixation_Detector,recent_events,843970.1541,0.012286007404327393,67.70861090626568,843970.221795079,843970.221807365
world,Fixation_Detector,Fixation_Detector,gl_display,0.0,0.0017099082469940186,0.0017099082469940186,843970.232647279,843970.232648989
world,Fixation_Detector,Fixation_Detector,recent_events,843970.18761,0.011525931768119335,70.1233500149101,843970.25772074,843970.257732266
world,Fixation_Detector,Fixation_Detector,gl_display,0.0,0.002166023477911949,0.002166023477911949,843970.268483965,843970.268486131
world,Fixation_Detector,Fixation_Detector,recent_events,843970.22112,0.010931049473583698,68.59291496220976,843970.289700852,843970.289711783
world,Fixation_Detector,Fixation_Detector,gl_display,0.0,0.0017470447346568108,0.0017470447346568108,843970.29996907,843970.299970817
world,Fixation_Detector,Fixation_Detector,recent_events,843970.254631,0.012894044630229473,71.11981301568449,843970.325736359,843970.325749253
world,Fixation_Detector,Fixation_Detector,gl_display,0.0,0.0014889519661664963,0.0014889519661664963,843970.335996908,843970.335998397
world,Fixation_Detector,Fixation_Detector,recent_events,843970.288141,0.010606949217617512,69.66896506492049,843970.357798313,843970.35780892
world,Fixation_Detector,Fixation_Detector,gl_display,0.0,0.0014239922165870667,0.0014239922165870667,843970.368039052,843970.368040476
world,Fixation_Detector,Fixation_Detector,recent_events,843970.321652,0.011948985047638416,68.12667206395417,843970.389765357,843970.389777306
world,Fixation_Detector,Fixation_Detector,gl_display,0.0,0.0014890683814883232,0.0014890683814883232,843970.400450663,843970.400452152
world,Fixation_Detector,Fixation_Detector,recent_events,843970.355162,0.008180970326066017,70.44152694288641,843970.425594298,843970.425602479
world,Fixation_Detector,Fixation_Detector,gl_display,0.0,0.0005830079317092896,0.0005830079317092896,843970.429753481,843970.429754064
world,Fixation_Detector,Fixation_Detector,recent_events,843970.388672,0.0034249387681484222,68.76135396305472,843970.457429697,843970.457433122
world,Fixation_Detector,Fixation_Detector,gl_display,0.0,0.0008740462362766266,0.0008740462362766266,843970.459634963,843970.459635837
world,Fixation_Detector,Fixation_Detector,recent_events,843970.422183,0.004751957021653652,67.29237094987184,843970.489470393,843970.489475145
world,Fixation_Detector,Fixation_Detector,gl_display,0.0,0.0006869668141007423,0.0006869668141007423,843970.491789603,843970.49179029
world,Fixation_Detector,Fixation_Detector,recent_events,843970.455693,0.004792003892362118,69.81807202100754,843970.525506046,843970.525510838
world,Fixation_Detector,Fixation_Detector,gl_display,0.0,0.0008440110832452774,0.0008440110832452774,843970.52777509,843970.527775934
world,Fixation_Detector,Fixation_Detector,recent_events,843970.489204,0.006329966709017754,68.35657102055848,843970.557553641,843970.557559971
world,Fixation_Detector,Fixation_Detector,gl_display,0.0,0.0009760260581970215,0.0009760260581970215,843970.561008365,843970.561009341
world,Fixation_Detector,Fixation_Detector,recent_events,843970.522714,0.007921014912426472,70.91232400853187,843970.593617509,843970.59362543
world,Fixation_Detector,Fixation_Detector,gl_display,0.0,0.0008970964699983597,0.0008970964699983597,843970.597286086,843970.597286983
world,Fixation_Detector,Fixation_Detector,recent_events,843970.556224,0.006985035724937916,69.38707397785038,843970.625603516,843970.625610501
world,Fixation_Detector,Fixation_Detector,gl_display,0.0,0.0006979098543524742,0.0006979098543524742,843970.629139282,843970.62913998
world,Fixation_Detector,Fixation_Detector,recent_events,843970.589735,0.007036025635898113,67.85977794788778,843970.657587071,843970.657594107
world,Fixation_Detector,Fixation_Detector,gl_display,0.0,0.0010350486263632774,0.0010350486263632774,843970.660911639,843970.660912674
world,Fixation_Detector,Fixation_Detector,recent_events,843970.623245,0.014120945706963539,70.3640669817105,843970.693594185,843970.693608306
world,Fixation_Detector,Fixation_Detector,gl_display,0.0,0.000976957380771637,0.000976957380771637,843970.696950315,843970.696951292
world,Fixation_Detector,Fixation_Detector,recent_events,843970.656756,0.0066069187596440315,68.90358193777502,843970.725652317,843970.725658924
world,Fixation_Detector,Fixation_Detector,gl_display,0.0,0.0007740454748272896,0.0007740454748272896,843970.729303957,843970.729304731
world,Fixation_Detector,Fixation_Detector,recent_events,843970.690266,0.006341957487165928,67.28617299813777,843970.75754517,843970.757551512
world,Fixation_Detector,Fixation_Detector,gl_display,0.0,0.0005520414561033249,0.0005520414561033249,843970.760328183,843970.760328735
world,Fixation_Detector,Fixation_Detector,recent_events,843970.723776,0.006295042112469673,69.88495506811887,843970.793653977,843970.793660272
world,Fixation_Detector,Fixation_Detector,gl_display,0.0,0.0007799826562404633,0.0007799826562404633,843970.797101044,843970.797101824
world,Fixation_Detector,Fixation_Detector,recent_events,843970.757287,0.007112044841051102,68.44414700753987,843970.825723376,843970.825730488
world,Fixation_Detector,Fixation_Detector,gl_display,0.0,0.0005289912223815918,0.0005289912223815918,843970.829536668,843970.829537197
world,Fixation_Detector,Fixation_Detector,recent_events,843970.790797,0.004787929356098175,70.82486397121102,843970.861616765,843970.861621553
world,Fixation_Detector,Fixation_Detector,gl_display,0.0,0.0007749767974019051,0.0007749767974019051,843970.865334857,843970.865335632
world,Fixation_Detector,Fixation_Detector,recent_events,843970.824308,0.006577000021934509,69.34936495963484,843970.893650136,843970.893656713
world,Fixation_Detector,Fixation_Detector,gl_display,0.0,0.0007989583536982536,0.0007989583536982536,843970.897208924,843970.897209723
world,Fixation_Detector,Fixation_Detector,recent_events,843970.857818,0.006744987331330776,67.86481500603259,843970.925675459,843970.925682204
world,Fixation_Detector,Fixation_Detector,gl_display,0.0,0.0008159549906849861,0.0008159549906849861,843970.929180048,843970.929180864
world,Fixation_Detector,Fixation_Detector,recent_events,843970.891328,0.006207963451743126,70.35926496610045,843970.961680402,843970.96168661
world,Fixation_Detector,Fixation_Detector,gl_display,0.0,0.0009669456630945206,0.0009669456630945206,843970.965057295,843970.965058262
world,Fixation_Detector,Fixation_Detector,recent_events,843970.924839,0.0065319472923874855,68.71191295795143,843970.993543748,843970.99355028
world,Fixation_Detector,Fixation_Detector,gl_display,0.0,0.0010170042514801025,0.0010170042514801025,843970.997649764,843970.997650781
world,Fixation_Detector,Fixation_Detector,recent_events,843970.958349,0.006400980055332184,67.18444998841733,843971.025526445,843971.025532846
world,Fixation_Detector,Fixation_Detector,gl_display,0.0,0.0007689232006669044,0.0007689232006669044,843971.029387176,843971.029387945
world,Fixation_Detector,Fixation_Detector,recent_events,843970.99186,0.006454996764659882,69.76627907715738,843971.061619248,843971.061625703
world,Fixation_Detector,Fixation_Detector,gl_display,0.0,0.00047497451305389404,0.00047497451305389404,843971.06495455,843971.064955025
world,Fixation_Detector,Fixation_Detector,recent_events,843971.02537,0.00411702785640955,68.12497298233211,843971.093490559,843971.093494676
world,Fixation_Detector,Fixation_Detector,gl_display,0.0,0.0006640329957008362,0.0006640329957008362,843971.096082752,843971.096083416
world,Fixation_Detector,Fixation_Detector,recent_events,843971.05888,0.028157024644315243,70.88551099877805,843971.129735654,843971.129763811
world,Fixation_Detector,Fixation_Detector,gl_display,0.0,0.0019869767129421234,0.0019869767129421234,843971.142634767,843971.142636754
world,Fixation_Detector,Fixation_Detector,recent_events,843971.092391,0.011257943697273731,69.50646394398063,843971.161884648,843971.161895906
world,Fixation_Detector,Fixation_Detector,gl_display,0.0,0.0020459992811083794,0.0020459992811083794,843971.174701771,843971.174703817
world,Fixation_Detector,Fixation_Detector,recent_events,843971.125901,0.05120399873703718,68.18956299684942,843971.194028851,843971.194080055
world,Fixation_Detector,Fixation_Detector,gl_display,0.0,0.00047299545258283615,0.00047299545258283615,843971.204211587,843971.20421206
world,Fixation_Detector,Fixation_Detector,recent_events,843971.159412,0.011140014976263046,70.58199204038829,843971.229981353,843971.229992493
world,Fixation_Detector,Fixation_Detector,gl_display,0.0,0.0017710262909531593,0.0017710262909531593,843971.241561615,843971.241563386
world,Fixation_Detector,Fixation_Detector,recent_events,843971.192922,0.01399102620780468,69.06261609401554,843971.261969247,843971.261983238
world,Fixation_Detector,Fixation_Detector,gl_display,0.0,0.002230983227491379,0.002230983227491379,843971.273189249,843971.27319148
world,Fixation_Detector,Fixation_Detector,recent_events,843971.226432,0.011558993719518185,71.38252595905215,843971.297801888,843971.297813447
world,Fixation_Detector,Fixation_Detector,gl_display,0.0,0.0018470454961061478,0.0018470454961061478,843971.308111529,843971.308113376
world,Fixation_Detector,Fixation_Detector,recent_events,843971.259943,0.011060037650167942,69.8557139839977,843971.329786454,843971.329797514
world,Fixation_Detector,Fixation_Detector,gl_display,0.0,0.001291045919060707,0.001291045919060707,843971.340923185,843971.340924476
world,Fixation_Detector,Fixation_Detector,recent_events,843971.293453,0.012687989510595798,68.33847402594984,843971.361777499,843971.361790187
world,Fixation_Detector,Fixation_Detector,gl_display,0.0,0.0015029218047857285,0.0015029218047857285,843971.373027089,843971.373028592
world,Fixation_Detector,Fixation_Detector,recent_events,843971.326964,0.018691993318498135,70.80979098100215,843971.3977535,843971.397772192
world,Fixation_Detector,Fixation_Detector,gl_display,0.0,0.0014940742403268814,0.0014940742403268814,843971.408653362,843971.408654856
world,Fixation_Detector,Fixation_Detector,recent_events,843971.360474,0.010977964848279953,69.23038000240922,843971.429692255,843971.429703233
world,Fixation_Detector,Fixation_Detector,gl_display,0.0,0.0014390097931027412,0.0014390097931027412,843971.440184877,843971.440186316
world,Fixation_Detector,Fixation_Detector,recent_events,843971.393984,0.011194031685590744,67.72828905377537,843971.4616998,843971.461710994
world,Fixation_Detector,Fixation_Detector,gl_display,0.0,0.0023329630494117737,0.0023329630494117737,843971.472102955,843971.472105288
world,Fixation_Detector,Fixation_Detector,recent_events,843971.427495,0.010768999345600605,70.23949502035975,843971.497722659,843971.497733428
world,Fixation_Detector,Fixation_Detector,gl_display,0.0,0.0020649749785661697,0.0020649749785661697,843971.508294256,843971.508296321
world,Fixation_Detector,Fixation_Detector,recent_events,843971.461005,0.013221055269241333,68.85234697256237,843971.529843004,843971.529856225
world,Fixation_Detector,Fixation_Detector,gl_display,0.0,0.0007729977369308472,0.0007729977369308472,843971.538751892,843971.538752665
world,Fixation_Detector,Fixation_Detector,recent_events,843971.494516,0.0317930243909359,71.34656398557127,843971.565829091,843971.565860884
world,Fixation_Detector,Fixation_Detector,gl_display,0.0,0.0014940742403268814,0.0014940742403268814,843971.576389135,843971.576390629
world,Fixation_Detector,Fixation_Detector,recent_events,843971.528026,0.011138967238366604,69.79740399401635,843971.597811076,843971.597822215
world,Fixation_Detector,Fixation_Detector,gl_display,0.0,0.0015640398487448692,0.0015640398487448692,843971.608230575,843971.608232139
world,Fixation_Detector,Fixation_Detector,recent_events,843971.561536,0.01063395757228136,68.26703296974301,843971.629790672,843971.629801306
world,Fixation_Detector,Fixation_Detector,gl_display,0.0,0.001644948497414589,0.001644948497414589,843971.639829454,843971.639831099
world,Fixation_Detector,Fixation_Detector,recent_events,843971.595047,0.010719988495111465,70.77667897101492,843971.665811721,843971.665822441
world,Fixation_Detector,Fixation_Detector,gl_display,0.0,0.0019449507817626,0.0019449507817626,843971.67612591,843971.676127855
world,Fixation_Detector,Fixation_Detector,recent_events,843971.628557,0.01114595215767622,69.20056301169097,843971.697745112,843971.697756258
world,Fixation_Detector,Fixation_Detector,gl_display,0.0,0.0015828991308808327,0.0015828991308808327,843971.708048057,843971.70804964
world,Fixation_Detector,Fixation_Detector,recent_events,843971.662068,0.01278403215110302,67.66228610649705,843971.729716382,843971.729729166
world,Fixation_Detector,Fixation_Detector,gl_display,0.0,0.0016919802874326706,0.0016919802874326706,843971.740449154,843971.740450846
world,Fixation_Detector,Fixation_Detector,recent_events,843971.695578,0.011786003597080708,70.17919700592756,843971.7657441,843971.765755886
world,Fixation_Detector,Fixation_Detector,gl_display,0.0,0.002137967385351658,0.002137967385351658,843971.776105189,843971.776107327
world,Fixation_Detector,Fixation_Detector,recent_events,843971.729088,0.011830008588731289,68.6642179498449,843971.797739191,843971.797751021
world,Fixation_Detector,Fixation_Detector,gl_display,0.0,0.0004069879651069641,0.0004069879651069641,843971.806680517,843971.806680924
world,Fixation_Detector,Fixation_Detector,recent_events,843971.762599,0.011308933608233929,71.1944280192256,843971.833780969,843971.833792278
world,Fixation_Detector,Fixation_Detector,gl_display,0.0,0.0018849968910217285,0.0018849968910217285,843971.844110268,843971.844112153
world,Fixation_Detector,Fixation_Detector,recent_events,843971.796109,0.011336058378219604,69.66113205999136,843971.865757784,843971.86576912
world,Fixation_Detector,Fixation_Detector,gl_display,0.0,0.001693028025329113,0.001693028025329113,843971.875927134,843971.875928827
world,Fixation_Detector,Fixation_Detector,recent_events,843971.82962,0.011433032341301441,68.1179299717769,843971.897725416,843971.897736849
world,Fixation_Detector,Fixation_Detector,gl_display,0.0,0.0017320271581411362,0.0017320271581411362,843971.908203441,843971.908205173
world,Fixation_Detector,Fixation_Detector,recent_events,843971.86313,0.010652001947164536,70.97966701257974,843971.934097628,843971.93410828
world,Fixation_Detector,Fixation_Detector,gl_display,0.0,0.00038801226764917374,0.00038801226764917374,843971.942567782,843971.94256817
world,Fixation_Detector,Fixation_Detector,recent_events,843971.89664,0.010677031241357327,69.15776198729873,843971.96578585,843971.965796527
world,Fixation_Detector,Fixation_Detector,gl_display,0.0,0.0019039725884795189,0.0019039725884795189,843971.976295233,843971.976297137
world,Fixation_Detector,Fixation_Detector,recent_events,843971.930151,0.015774043276906013,67.6361839286983,843971.997770202,843971.997785976
world,Fixation_Detector,Fixation_Detector,gl_display,0.0,0.001377076841890812,0.001377076841890812,843972.008046323,843972.0080477
world,Fixation_Detector,Fixation_Detector,recent_events,843971.963661,0.013135024346411228,70.13603195082396,843972.033782611,843972.033795746
world,Fixation_Detector,Fixation_Detector,gl_display,0.0,0.0016289995983242989,0.0016289995983242989,843972.044203036,843972.044204665
world,Fixation_Detector,Fixation_Detector,recent_events,843971.997172,0.011103926226496696,68.70763003826141,843972.065867561,843972.065878665
world,Fixation_Detector,Fixation_Detector,gl_display,0.0,0.0016710255295038223,0.0016710255295038223,843972.076187211,843972.076188882
world,Fixation_Detector,Fixation_Detector,recent_events,843972.030682,0.011596945114433765,71.12096098717302,843972.10178994,843972.101801537
world,Fixation_Detector,Fixation_Detector,gl_display,0.0,0.0018290011212229729,0.0018290011212229729,843972.112093454,843972.112095283
world,Fixation_Detector,Fixation_Detector,recent_events,843972.064192,0.011255033314228058,69.59683098830283,843972.133776444,843972.133787699
world,Fixation_Detector,Fixation_Detector,gl_display,0.0,0.0016209669411182404,0.0016209669411182404,843972.143907947,843972.143909568
world,Fixation_Detector,Fixation_Detector,recent_events,843972.097703,0.013421056792140007,68.05622903630137,843972.165744656,843972.165758077
world,Fixation_Detector,Fixation_Detector,gl_display,0.0,0.0013120006769895554,0.0013120006769895554,843972.175876594,843972.175877906
world,Fixation_Detector,Fixation_Detector,recent_events,843972.131213,0.011616968549787998,70.54626091849059,843972.201746421,843972.201758038
world,Fixation_Detector,Fixation_Detector,gl_display,0.0,0.0013120006769895554,0.0013120006769895554,843972.212065046,843972.212066358
world,Fixation_Detector,Fixation_Detector,recent_events,843972.164724,0.011492986232042313,69.07279591541737,843972.233784248,843972.233795741
world,Fixation_Detector,Fixation_Detector,gl_display,0.0,0.0016540288925170898,0.0016540288925170898,843972.244222712,843972.244224366
world,Fixation_Detector,Fixation_Detector,recent_events,843972.198234,0.011124997399747372,67.55787401925772,843972.265779546,843972.265790671
world,Fixation_Detector,Fixation_Detector,gl_display,0.0,0.0013069948181509972,0.0013069948181509972,843972.277197578,843972.277198885
world,Fixation_Detector,Fixation_Detector,recent_events,843972.231744,0.012125005014240742,70.09450101759285,843972.301825496,843972.301837621
world,Fixation_Detector,Fixation_Detector,gl_display,0.0,0.001727021299302578,0.001727021299302578,843972.312232313,843972.31223404
world,Fixation_Detector,Fixation_Detector,recent_events,843972.265255,0.010813004337251186,68.48915107548237,843972.333732098,843972.333742911
world,Fixation_Detector,Fixation_Detector,gl_display,0.0,0.0020259758457541466,0.0020259758457541466,843972.344143327,843972.344145353
world,Fixation_Detector,Fixation_Detector,recent_events,843972.298765,0.011327909305691719,71.0053980583325,843972.369757852,843972.36976918
world,Fixation_Detector,Fixation_Detector,gl_display,0.0,0.0017039710655808449,0.0017039710655808449,843972.380109844,843972.380111548
world,Fixation_Detector,Fixation_Detector,recent_events,843972.332276,0.010992982424795628,69.50877408962697,843972.401772698,843972.401783691
world,Fixation_Detector,Fixation_Detector,gl_display,0.0,0.001352047547698021,0.001352047547698021,843972.411973081,843972.411974433
world,Fixation_Detector,Fixation_Detector,recent_events,843972.365786,0.03118603490293026,68.08205298148096,843972.433835626,843972.433866812
world,Fixation_Detector,Fixation_Detector,gl_display,0.0,0.001184060238301754,0.001184060238301754,843972.443946471,843972.443947655
world,Fixation_Detector,Fixation_Detector,recent_events,843972.399296,0.013182987459003925,70.5276089720428,843972.469790227,843972.46980341
world,Fixation_Detector,Fixation_Detector,gl_display,0.0,0.0016480917111039162,0.0016480917111039162,843972.479788755,843972.479790403
world,Fixation_Detector,Fixation_Detector,recent_events,843972.432807,0.011738971807062626,69.08139097504318,843972.501875362,843972.501887101
world,Fixation_Detector,Fixation_Detector,gl_display,0.0,0.002204091288149357,0.002204091288149357,843972.512341452,843972.512343656
world,Fixation_Detector,Fixation_Detector,recent_events,843972.466317,0.012272968888282776,67.53408897202462,843972.533837563,843972.533849836
world,Fixation_Detector,Fixation_Detector,gl_display,0.0,0.0020139850676059723,0.0020139850676059723,843972.545479494,843972.545481508
world,Fixation_Detector,Fixation_Detector,recent_events,843972.499828,0.01091999001801014,70.00458205584437,843972.569820406,843972.569831326
world,Fixation_Detector,Fixation_Detector,gl_display,0.0,0.0015959376469254494,0.0015959376469254494,843972.580511264,843972.58051286
world,Fixation_Detector,Fixation_Detector,recent_events,843972.533338,0.013959011994302273,68.46613204106688,843972.601788376,843972.601802335
world,Fixation_Detector,Fixation_Detector,gl_display,0.0,0.0015189871191978455,0.0015189871191978455,843972.612028519,843972.612030038
world,Fixation_Detector,Fixation_Detector,recent_events,843972.566848,0.011603930033743382,71.0135669214651,843972.637848929,843972.637860533
world,Fixation_Detector,Fixation_Detector,gl_display,0.0,0.001811073161661625,0.001811073161661625,843972.648176497,843972.648178308
world,Fixation_Detector,Fixation_Detector,recent_events,843972.600359,0.010840012691915035,69.48158692102879,843972.669828167,843972.669839007
world,Fixation_Detector,Fixation_Detector,gl_display,0.0,0.0011139782145619392,0.0011139782145619392,843972.680147047,843972.680148161
world,Fixation_Detector,Fixation_Detector,recent_events,843972.633869,0.010944087989628315,68.02432797849178,843972.701881195,843972.701892139
world,Fixation_Detector,Fixation_Detector,gl_display,0.0,0.0015579862520098686,0.0015579862520098686,843972.712217889,843972.712219447
world,Fixation_Detector,Fixation_Detector,recent_events,843972.66738,0.010480056516826153,70.47490798868239,843972.7378432,843972.73785368
world,Fixation_Detector,Fixation_Detector,gl_display,0.0,0.0020569423213601112,0.0020569423213601112,843972.74846098,843972.748463037
world,Fixation_Detector,Fixation_Detector,recent_events,843972.70089,0.010870047844946384,68.88236000668257,843972.769759991,843972.769770861
world,Fixation_Detector,Fixation_Detector,gl_display,0.0,0.0017799902707338333,0.0017799902707338333,843972.779891304,843972.779893084
world,Fixation_Detector,Fixation_Detector,recent_events,843972.7344,0.011020922102034092,71.43820798955858,843972.805826124,843972.805837145
world,Fixation_Detector,Fixation_Detector,gl_display,0.0,0.001451931893825531,0.001451931893825531,843972.816076257,843972.816077709
world,Fixation_Detector,Fixation_Detector,recent_events,843972.767911,0.010358053259551525,69.92304406594485,843972.837822687,843972.837833045
world,Fixation_Detector,Fixation_Detector,gl_display,0.0,0.0014150282368063927,0.0014150282368063927,843972.848168016,843972.848169431
world,Fixation_Detector,Fixation_Detector,recent_events,843972.801421,0.02880999818444252,68.43280291650444,843972.869823368,843972.869852178
world,Fixation_Detector,Fixation_Detector,gl_display,0.0,0.0012100208550691605,0.0012100208550691605,843972.880073031,843972.880074241
world,Fixation_Detector,Fixation_Detector,recent_events,843972.834932,0.011380994692444801,70.95234596636146,843972.90587192,843972.905883301
world,Fixation_Detector,Fixation_Detector,gl_display,0.0,0.0021189916878938675,0.0021189916878938675,843972.916597237,843972.916599356
world,Fixation_Detector,Fixation_Detector,recent_events,843972.868442,0.010200077667832375,69.34310996439308,843972.937773592,843972.937783792
world,Fixation_Detector,Fixation_Detector,gl_display,0.0,0.0018799910321831703,0.0018799910321831703,843972.948180794,843972.948182674
world,Fixation_Detector,Fixation_Detector,recent_events,843972.901952,0.011311960406601429,67.87711405195296,843972.969816604,843972.969827916
world,Fixation_Detector,Fixation_Detector,gl_display,0.0,0.002118060365319252,0.002118060365319252,843972.980113448,843972.980115566
world,Fixation_Detector,Fixation_Detector,recent_events,843972.935463,0.009737908840179443,70.33491600304842,843973.005786978,843973.005796716
world,Fixation_Detector,Fixation_Detector,gl_display,0.0,0.001442967914044857,0.001442967914044857,843973.015473936,843973.015475379
world,Fixation_Detector,Fixation_Detector,recent_events,843972.968973,0.01115200575441122,68.79044510424137,843973.037751343,843973.037762495
world,Fixation_Detector,Fixation_Detector,gl_display,0.0,0.0022959429770708084,0.0022959429770708084,843973.048126389,843973.048128685
world,Fixation_Detector,Fixation_Detector,recent_events,843973.002484,0.01149496529251337,71.32369792088866,843973.073795206,843973.073806701
world,Fixation_Detector,Fixation_Detector,gl_display,0.0,0.0014649704098701477,0.0014649704098701477,843973.08432523,843973.084326695
world,Fixation_Detector,Fixation_Detector,recent_events,843973.035994,0.011324998922646046,69.8674739105627,843973.105848859,843973.105860184
world,Fixation_Detector,Fixation_Detector,gl_display,0.0,0.0015259720385074615,0.0015259720385074615,843973.115852688,843973.115854214
world,Fixation_Detector,Fixation_Detector,recent_events,843973.069504,0.010930001735687256,68.30841302871704,843973.137799924,843973.137810854
world,Fixation_Detector,Fixation_Detector,gl_display,0.0,0.0019069993868470192,0.0019069993868470192,843973.147837138,843973.147839045
world,Fixation_Detector,Fixation_Detector,recent_events,843973.103015,0.01095607876777649,70.81028399989009,843973.173812912,843973.173823868
world,Fixation_Detector,Fixation_Detector,gl_display,0.0,0.0015889527276158333,0.0015889527276158333,843973.183962204,843973.183963793
world,Fixation_Detector,Fixation_Detector,recent_events,843973.136525,0.01092604361474514,69.283002987504,843973.205795917,843973.205806843
world,Fixation_Detector,Fixation_Detector,gl_display,0.0,0.0012529781088232994,0.0012529781088232994,843973.215838679,843973.215839932
world,Fixation_Detector,Fixation_Detector,recent_events,843973.170036,0.011883093975484371,67.7793089998886,843973.237802396,843973.237814279
world,Fixation_Detector,Fixation_Detector,gl_display,0.0,0.0012780074030160904,0.0012780074030160904,843973.24832343,843973.248324708
world,Fixation_Detector,Fixation_Detector,recent_events,843973.203546,0.011138967238366604,70.44456503354013,843973.273978148,843973.273989287
world,Fixation_Detector,Fixation_Detector,gl_display,0.0,0.0018629943951964378,0.0018629943951964378,843973.284415088,843973.284416951
world,Fixation_Detector,Fixation_Detector,recent_events,843973.237056,0.039094011299312115,69.02091193478554,843973.306036054,843973.306075148
world,Fixation_Detector,Fixation_Detector,gl_display,0.0,0.000983942300081253,0.000983942300081253,843973.31630275,843973.316303734
world,Fixation_Detector,Fixation_Detector,recent_events,843973.270567,0.011741998605430126,71.47108495701104,843973.342025097,843973.342036839
world,Fixation_Detector,Fixation_Detector,gl_display,0.0,0.0016140984371304512,0.0016140984371304512,843973.352237918,843973.352239532
world,Fixation_Detector,Fixation_Detector,recent_events,843973.304077,0.011236988939344883,69.97991201933473,843973.374044459,843973.374055696
world,Fixation_Detector,Fixation_Detector,gl_display,0.0,0.0013239914551377296,0.0013239914551377296,843973.384179466,843973.38418079
world,Fixation_Detector,Fixation_Detector,recent_events,843973.337588,0.011569005437195301,68.46096797380596,843973.406036272,843973.406047841
world,Fixation_Detector,Fixation_Detector,gl_display,0.0,0.001893029548227787,0.001893029548227787,843973.416574692,843973.416576585
world,Fixation_Detector,Fixation_Detector,recent_events,843973.371098,0.011323019862174988,70.94454299658537,843973.442030129,843973.442041452
world,Fixation_Detector,Fixation_Detector,gl_display,0.0,0.001408974640071392,0.001408974640071392,843973.452236176,843973.452237585
world,Fixation_Detector,Fixation_Detector,recent_events,843973.404608,0.01156108919531107,69.21432400122285,843973.473809575,843973.473821136
world,Fixation_Detector,Fixation_Detector,gl_display,0.0,0.0016370322555303574,0.0016370322555303574,843973.483948588,843973.483950225
world,Fixation_Detector,Fixation_Detector,recent_events,843973.438119,0.015018973499536514,67.758968914859,843973.505861097,843973.505876116
world,Fixation_Detector,Fixation_Detector,gl_display,0.0,0.002330983988940716,0.002330983988940716,843973.518603444,843973.518605775
world,Fixation_Detector,Fixation_Detector,recent_events,843973.471629,0.011552008800208569,70.19690901506692,843973.541812974,843973.541824526
world,Fixation_Detector,Fixation_Detector,gl_display,0.0,0.001318054273724556,0.001318054273724556,843973.554080662,843973.55408198
world,Fixation_Detector,Fixation_Detector,recent_events,843973.50514,0.011353986337780952,68.69567895773798,843973.573823061,843973.573834415
world,Fixation_Detector,Fixation_Detector,gl_display,0.0,0.0013739336282014847,0.0013739336282014847,843973.585615406,843973.58561678
world,Fixation_Detector,Fixation_Detector,recent_events,843973.53865,0.01210800837725401,71.20804395526648,843973.609844435,843973.609856543
world,Fixation_Detector,Fixation_Detector,gl_display,0.0,0.0011259689927101135,0.0011259689927101135,843973.621897958,843973.621899084
world,Fixation_Detector,Fixation_Detector,recent_events,843973.57216,0.011005089618265629,69.65544004924595,843973.641803333,843973.641814338
world,Fixation_Detector,Fixation_Detector,gl_display,0.0,0.0016030389815568924,0.0016030389815568924,843973.653681754,843973.653683357
world,Fixation_Detector,Fixation_Detector,recent_events,843973.605671,0.01167692244052887,68.10039398260415,843973.67375841,843973.673770087
world,Fixation_Detector,Fixation_Detector,gl_display,0.0,0.0012060627341270447,0.0012060627341270447,843973.685265748,843973.685266954
world,Fixation_Detector,Fixation_Detector,recent_events,843973.639181,0.011087977327406406,70.61402208637446,843973.709782213,843973.709793301
world,Fixation_Detector,Fixation_Detector,gl_display,0.0,0.0012320233508944511,0.0012320233508944511,843973.721444941,843973.721446173
world,Fixation_Detector,Fixation_Detector,recent_events,843973.672692,0.016851932741701603,69.12245193962008,843973.741795812,843973.741812664
world,Fixation_Detector,Fixation_Detector,gl_display,0.0,0.0011629890650510788,0.0011629890650510788,843973.753183364,843973.753184527
world,Fixation_Detector,Fixation_Detector,recent_events,843973.706202,0.010989955626428127,74.75069200154394,843973.780939977,843973.780950967
world,ScreenMarkerChoreographyPlugin,ScreenMarkerChoreographyPlugin,gl_display,0.0,0.000875093974173069,0.000875093974173069,843965.102055786,843965.102056661
world,ScreenMarkerChoreographyPlugin,ScreenMarkerChoreographyPlugin,recent_events,0.0,0.02067210152745247,0.02067210152745247,843965.281375879,843965.281396551
world,ScreenMarkerChoreographyPlugin,ScreenMarkerChoreographyPlugin,recent_events,843965.261581,0.05391496233642101,68.21151589974761,843965.329736524,843965.329790439
world,ScreenMarkerChoreographyPlugin,ScreenMarkerChoreographyPlugin,gl_display,0.0,0.0009409850463271141,0.0009409850463271141,843965.338477803,843965.338478744
world,ScreenMarkerChoreographyPlugin,ScreenMarkerChoreographyPlugin,recent_events,843965.295092,0.055131036788225174,70.61841792892665,843965.365653289,843965.36570842
world,ScreenMarkerChoreographyPlugin,ScreenMarkerChoreographyPlugin,gl_display,0.0,0.002369983121752739,0.002369983121752739,843965.373205466,843965.373207836
world,ScreenMarkerChoreographyPlugin,ScreenMarkerChoreographyPlugin,recent_events,843965.328602,0.02488598693162203,68.76634492073208,843965.397342733,843965.397367619
world,ScreenMarkerChoreographyPlugin,ScreenMarkerChoreographyPlugin,gl_display,0.0,0.000817934051156044,0.000817934051156044,843965.399495632,843965.39949645
world,ScreenMarkerChoreographyPlugin,ScreenMarkerChoreographyPlugin,recent_events,843965.362112,0.02404500264674425,67.27495195809752,843965.429362025,843965.42938607
world,ScreenMarkerChoreographyPlugin,ScreenMarkerChoreographyPlugin,gl_display,0.0,0.0009950017556548119,0.0009950017556548119,843965.431561447,843965.431562442
world,ScreenMarkerChoreographyPlugin,ScreenMarkerChoreographyPlugin,recent_events,843965.395623,0.020904000848531723,69.90701297763735,843965.465508418,843965.465529322
world,ScreenMarkerChoreographyPlugin,ScreenMarkerChoreographyPlugin,gl_display,0.0,0.0007050111889839172,0.0007050111889839172,843965.467919868,843965.467920573
world,ScreenMarkerChoreographyPlugin,ScreenMarkerChoreographyPlugin,recent_events,843965.429133,0.06050011143088341,68.73569299932569,843965.497806083,843965.497866583
world,ScreenMarkerChoreographyPlugin,ScreenMarkerChoreographyPlugin,gl_display,0.0,0.0019851140677928925,0.0019851140677928925,843965.509290007,843965.509291992
world,ScreenMarkerChoreographyPlugin,ScreenMarkerChoreographyPlugin,recent_events,843965.462644,0.04521198570728302,71.13175501581281,843965.53372901,843965.533774222
world,ScreenMarkerChoreographyPlugin,ScreenMarkerChoreographyPlugin,gl_display,0.0,0.002101995050907135,0.002101995050907135,843965.539355483,843965.539357585
world,ScreenMarkerChoreographyPlugin,ScreenMarkerChoreographyPlugin,recent_events,843965.496154,0.022460008040070534,69.33682889211923,843965.565467466,843965.565489926
world,ScreenMarkerChoreographyPlugin,ScreenMarkerChoreographyPlugin,gl_display,0.0,0.0017459969967603683,0.0017459969967603683,843965.570131351,843965.570133097
world,ScreenMarkerChoreographyPlugin,ScreenMarkerChoreographyPlugin,recent_events,843965.529664,0.038951984606683254,67.9093359503895,843965.597532566,843965.597571518
world,ScreenMarkerChoreographyPlugin,ScreenMarkerChoreographyPlugin,gl_display,0.0,0.0017479760572314262,0.0017479760572314262,843965.608548524,843965.608550272
world,ScreenMarkerChoreographyPlugin,ScreenMarkerChoreographyPlugin,recent_events,843965.563175,0.012982985936105251,70.05890202708542,843965.633220458,843965.633233441
world,ScreenMarkerChoreographyPlugin,ScreenMarkerChoreographyPlugin,gl_display,0.0,0.000608968548476696,0.000608968548476696,843965.635289473,843965.635290082
world,ScreenMarkerChoreographyPlugin,ScreenMarkerChoreographyPlugin,recent_events,843965.596685,0.021826941519975662,68.68987600319088,843965.665352244,843965.665374071
world,ScreenMarkerChoreographyPlugin,ScreenMarkerChoreographyPlugin,gl_display,0.0,0.0011959346011281013,0.0011959346011281013,843965.668860108,843965.668861304
world,ScreenMarkerChoreographyPlugin,ScreenMarkerChoreographyPlugin,recent_events,843965.630196,0.021412037312984467,67.21462507266551,843965.697388475,843965.697409887
world,ScreenMarkerChoreographyPlugin,ScreenMarkerChoreographyPlugin,gl_display,0.0,0.0008180504664778709,0.0008180504664778709,843965.700879746,843965.700880564
world,ScreenMarkerChoreographyPlugin,ScreenMarkerChoreographyPlugin,recent_events,843965.663706,0.018532038666307926,69.6608810685575,843965.733347639,843965.733366171
world,ScreenMarkerChoreographyPlugin,ScreenMarkerChoreographyPlugin,gl_display,0.0,0.000591040588915348,0.000591040588915348,843965.736204823,843965.736205414
world,ScreenMarkerChoreographyPlugin,ScreenMarkerChoreographyPlugin,recent_events,843965.697216,0.024703913368284702,68.15697206184268,843965.765347445,843965.765372149
world,ScreenMarkerChoreographyPlugin,ScreenMarkerChoreographyPlugin,gl_display,0.0,0.0008560018613934517,0.0008560018613934517,843965.768408344,843965.7684092
world,ScreenMarkerChoreographyPlugin,ScreenMarkerChoreographyPlugin,recent_events,843965.730727,0.01996301580220461,70.61726995743811,843965.801323554,843965.801343517
world,ScreenMarkerChoreographyPlugin,ScreenMarkerChoreographyPlugin,gl_display,0.0,0.0008490169420838356,0.0008490169420838356,843965.805156277,843965.805157126
world,ScreenMarkerChoreographyPlugin,ScreenMarkerChoreographyPlugin,recent_events,843965.764237,0.022251042537391186,69.15387802291662,843965.833367883,843965.833390134
world,ScreenMarkerChoreographyPlugin,ScreenMarkerChoreographyPlugin,gl_display,0.0,0.0010450603440403938,0.0010450603440403938,843965.837155249,843965.837156294
world,ScreenMarkerChoreographyPlugin,ScreenMarkerChoreographyPlugin,recent_events,843965.797748,0.025570974685251713,67.6640160381794,843965.865385726,843965.865411297
world,ScreenMarkerChoreographyPlugin,ScreenMarkerChoreographyPlugin,gl_display,0.0,0.0010050134733319283,0.0010050134733319283,843965.86923939,843965.869240395
world,ScreenMarkerChoreographyPlugin,ScreenMarkerChoreographyPlugin,recent_events,843965.831258,0.023957923986017704,70.17768395598978,843965.901411002,843965.90143496
world,ScreenMarkerChoreographyPlugin,ScreenMarkerChoreographyPlugin,gl_display,0.0,0.0009289942681789398,0.0009289942681789398,843965.905115929,843965.905116858
world,ScreenMarkerChoreographyPlugin,ScreenMarkerChoreographyPlugin,recent_events,843965.864768,0.017113983631134033,68.53907997719944,843965.933289571,843965.933306685
world,ScreenMarkerChoreographyPlugin,ScreenMarkerChoreographyPlugin,gl_display,0.0,0.0010379590094089508,0.0010379590094089508,843965.935608712,843965.93560975
world,ScreenMarkerChoreographyPlugin,ScreenMarkerChoreographyPlugin,recent_events,843965.898279,0.02251903060823679,67.08756403531879,843965.965343273,843965.965365792
world,ScreenMarkerChoreographyPlugin,ScreenMarkerChoreographyPlugin,gl_display,0.0,0.0010189833119511604,0.0010189833119511604,843965.968635811,843965.96863683
world,ScreenMarkerChoreographyPlugin,ScreenMarkerChoreographyPlugin,recent_events,843965.931789,0.025424989871680737,69.63265792001039,843966.001395481,843966.001420906
world,ScreenMarkerChoreographyPlugin,ScreenMarkerChoreographyPlugin,gl_display,0.0,0.0007299240678548813,0.0007299240678548813,843966.004607212,843966.004607942
world,ScreenMarkerChoreographyPlugin,ScreenMarkerChoreographyPlugin,recent_events,843965.9653,0.022089923731982708,68.13130096998066,843966.03340842,843966.03343051
world,ScreenMarkerChoreographyPlugin,ScreenMarkerChoreographyPlugin,gl_display,0.0,0.0014289980754256248,0.0014289980754256248,843966.036651571,843966.036653
world,ScreenMarkerChoreographyPlugin,ScreenMarkerChoreographyPlugin,recent_events,843965.99881,0.023366999812424183,70.59377199038863,843966.069379658,843966.069403025
world,ScreenMarkerChoreographyPlugin,ScreenMarkerChoreographyPlugin,gl_display,0.0,0.0011249212548136711,0.0011249212548136711,843966.072742052,843966.072743177
world,ScreenMarkerChoreographyPlugin,ScreenMarkerChoreographyPlugin,recent_events,843966.03232,0.026048975996673107,69.14821802638471,843966.101441454,843966.101467503
world,ScreenMarkerChoreographyPlugin,ScreenMarkerChoreographyPlugin,gl_display,0.0,0.0012549571692943573,0.0012549571692943573,843966.104848467,843966.104849722
world,ScreenMarkerChoreographyPlugin,ScreenMarkerChoreographyPlugin,recent_events,843966.065831,0.022469088435173035,67.55299295764416,843966.133360787,843966.133383256
world,ScreenMarkerChoreographyPlugin,ScreenMarkerChoreographyPlugin,gl_display,0.0,0.0007950002327561378,0.0007950002327561378,843966.13661622,843966.136617015
world,ScreenMarkerChoreographyPlugin,ScreenMarkerChoreographyPlugin,recent_events,843966.099341,0.022361986339092255,70.08700701408088,843966.169404924,843966.169427286
world,ScreenMarkerChoreographyPlugin,ScreenMarkerChoreographyPlugin,gl_display,0.0,0.000959029421210289,0.000959029421210289,843966.172673808,843966.172674767
world,ScreenMarkerChoreographyPlugin,ScreenMarkerChoreographyPlugin,recent_events,843966.132852,0.020651030354201794,68.53653199505061,843966.201367166,843966.201387817
world,ScreenMarkerChoreographyPlugin,ScreenMarkerChoreographyPlugin,gl_display,0.0,0.0009420327842235565,0.0009420327842235565,843966.204677896,843966.204678838
world,ScreenMarkerChoreographyPlugin,ScreenMarkerChoreographyPlugin,recent_events,843966.166362,0.02234696876257658,67.02974997460842,843966.233368561,843966.233390908
world,ScreenMarkerChoreographyPlugin,ScreenMarkerChoreographyPlugin,gl_display,0.0,0.0008789356797933578,0.0008789356797933578,843966.2365502,843966.236551079
world,ScreenMarkerChoreographyPlugin,ScreenMarkerChoreographyPlugin,recent_events,843966.199872,0.024085980840027332,69.57607192452997,843966.269423279,843966.269447365
world,ScreenMarkerChoreographyPlugin,ScreenMarkerChoreographyPlugin,gl_display,0.0,0.000917934812605381,0.000917934812605381,843966.27275501,843966.272755928
world,ScreenMarkerChoreographyPlugin,ScreenMarkerChoreographyPlugin,recent_events,843966.233383,0.024085049517452717,68.07305593974888,843966.30143125,843966.301455335
world,ScreenMarkerChoreographyPlugin,ScreenMarkerChoreographyPlugin,gl_display,0.0,0.0012119999155402184,0.0012119999155402184,843966.304781419,843966.304782631
world,ScreenMarkerChoreographyPlugin,ScreenMarkerChoreographyPlugin,recent_events,843966.266893,0.025425106287002563,70.56447595823556,843966.337431224,843966.337456649
world,ScreenMarkerChoreographyPlugin,ScreenMarkerChoreographyPlugin,gl_display,0.0,0.0014649704098701477,0.0014649704098701477,843966.340665919,843966.340667384
world,ScreenMarkerChoreographyPlugin,ScreenMarkerChoreographyPlugin,recent_events,843966.300404,0.022175023332238197,69.0589799778536,843966.369440026,843966.369462201
world,ScreenMarkerChoreographyPlugin,ScreenMarkerChoreographyPlugin,gl_display,0.0,0.0005759065970778465,0.0005759065970778465,843966.373533642,843966.373534218
world,ScreenMarkerChoreographyPlugin,ScreenMarkerChoreographyPlugin,recent_events,843966.333914,0.015183002687990665,67.43019900750369,843966.401328563,843966.401343746
world,ScreenMarkerChoreographyPlugin,ScreenMarkerChoreographyPlugin,gl_display,0.0,0.000959029421210289,0.000959029421210289,843966.403876386,843966.403877345
world,ScreenMarkerChoreographyPlugin,ScreenMarkerChoreographyPlugin,recent_events,843966.367424,0.01753494143486023,69.91099088918418,843966.437316957,843966.437334492
world,ScreenMarkerChoreographyPlugin,ScreenMarkerChoreographyPlugin,gl_display,0.0,0.0009760260581970215,0.0009760260581970215,843966.439919382,843966.439920358
world,ScreenMarkerChoreographyPlugin,ScreenMarkerChoreographyPlugin,recent_events,843966.400935,0.01763598993420601,68.37973196525127,843966.469296693,843966.469314329
world,ScreenMarkerChoreographyPlugin,ScreenMarkerChoreographyPlugin,gl_display,0.0,0.0010239891707897186,0.0010239891707897186,843966.4717748,843966.471775824
world,ScreenMarkerChoreographyPlugin,ScreenMarkerChoreographyPlugin,recent_events,843966.434445,0.01770094968378544,70.88552799541503,843966.505312429,843966.50533013
world,ScreenMarkerChoreographyPlugin,ScreenMarkerChoreographyPlugin,gl_display,0.0,0.0009589130058884621,0.0009589130058884621,843966.507605851,843966.50760681
world,ScreenMarkerChoreographyPlugin,ScreenMarkerChoreographyPlugin,recent_events,843966.467956,0.01721398439258337,69.36952495016158,843966.537307885,843966.537325099
world,ScreenMarkerChoreographyPlugin,ScreenMarkerChoreographyPlugin,gl_display,0.0,0.0010690419003367424,0.0010690419003367424,843966.539476519,843966.539477588
world,ScreenMarkerChoreographyPlugin,ScreenMarkerChoreographyPlugin,recent_events,843966.501466,0.017162994481623173,67.86447006743401,843966.569312964,843966.569330127
world,ScreenMarkerChoreographyPlugin,ScreenMarkerChoreographyPlugin,gl_display,0.0,0.0011570518836379051,0.0011570518836379051,843966.571495728,843966.571496885
world,ScreenMarkerChoreographyPlugin,ScreenMarkerChoreographyPlugin,recent_events,843966.534976,0.01710501965135336,70.36193006206304,843966.605320449,843966.605337554
world,ScreenMarkerChoreographyPlugin,ScreenMarkerChoreographyPlugin,gl_display,0.0,0.001061009243130684,0.001061009243130684,843966.607555859,843966.60755692
world,ScreenMarkerChoreographyPlugin,ScreenMarkerChoreographyPlugin,recent_events,843966.568487,0.01746194902807474,68.86535708326846,843966.637334489,843966.637351951
world,ScreenMarkerChoreographyPlugin,ScreenMarkerChoreographyPlugin,gl_display,0.0,0.0007400522008538246,0.0007400522008538246,843966.639552066,843966.639552806
world,ScreenMarkerChoreographyPlugin,ScreenMarkerChoreographyPlugin,recent_events,843966.601997,0.017939950339496136,67.35629495233297,843966.669334869,843966.669352809
world,ScreenMarkerChoreographyPlugin,ScreenMarkerChoreographyPlugin,gl_display,0.0,0.0007690396159887314,0.0007690396159887314,843966.671540873,843966.671541642
world,ScreenMarkerChoreographyPlugin,ScreenMarkerChoreographyPlugin,recent_events,843966.635508,0.018991995602846146,69.83507995028049,843966.705323643,843966.705342635
world,ScreenMarkerChoreographyPlugin,ScreenMarkerChoreographyPlugin,gl_display,0.0,0.0014320248737931252,0.0014320248737931252,843966.707516882,843966.707518314
world,ScreenMarkerChoreographyPlugin,ScreenMarkerChoreographyPlugin,recent_events,843966.669018,0.018418068066239357,68.32449696958065,843966.737323683,843966.737342101
world,ScreenMarkerChoreographyPlugin,ScreenMarkerChoreographyPlugin,gl_display,0.0,0.0010790536180138588,0.0010790536180138588,843966.739891627,843966.739892706
world,ScreenMarkerChoreographyPlugin,ScreenMarkerChoreographyPlugin,recent_events,843966.702528,0.019317027181386948,70.85148803889751,843966.773359747,843966.773379064
world,ScreenMarkerChoreographyPlugin,ScreenMarkerChoreographyPlugin,gl_display,0.0,0.0009649666026234627,0.0009649666026234627,843966.775987079,843966.775988044
world,ScreenMarkerChoreographyPlugin,ScreenMarkerChoreographyPlugin,recent_events,843966.736039,0.0176519388332963,69.31150006130338,843966.805332442,843966.805350094
world,ScreenMarkerChoreographyPlugin,ScreenMarkerChoreographyPlugin,gl_display,0.0,0.0009749783203005791,0.0009749783203005791,843966.808756861,843966.808757836
world,ScreenMarkerChoreographyPlugin,ScreenMarkerChoreographyPlugin,recent_events,843966.769549,0.017757993191480637,67.77179706841707,843966.837302652,843966.83732041
world,ScreenMarkerChoreographyPlugin,ScreenMarkerChoreographyPlugin,gl_display,0.0,0.0010810326784849167,0.0010810326784849167,843966.839807209,843966.83980829
world,ScreenMarkerChoreographyPlugin,ScreenMarkerChoreographyPlugin,recent_events,843966.80306,0.01652503851801157,70.29669906478375,843966.873339731,843966.873356256
world,ScreenMarkerChoreographyPlugin,ScreenMarkerChoreographyPlugin,gl_display,0.0,0.0007490161806344986,0.0007490161806344986,843966.875899689,843966.875900438
world,ScreenMarkerChoreographyPlugin,ScreenMarkerChoreographyPlugin,recent_events,843966.83657,0.01699104905128479,68.79476993344724,843966.905347363,843966.905364354
world,ScreenMarkerChoreographyPlugin,ScreenMarkerChoreographyPlugin,gl_display,0.0,0.0008569331839680672,0.0008569331839680672,843966.907924753,843966.90792561
world,ScreenMarkerChoreographyPlugin,ScreenMarkerChoreographyPlugin,recent_events,843966.87008,0.016102916561067104,67.22414400428534,843966.937287569,843966.937303672
world,ScreenMarkerChoreographyPlugin,ScreenMarkerChoreographyPlugin,gl_display,0.0,0.0008650822564959526,0.0008650822564959526,843966.939845271,843966.939846136
world,ScreenMarkerChoreographyPlugin,ScreenMarkerChoreographyPlugin,recent_events,843966.903591,0.022070948034524918,69.72671998664737,843966.973295239,843966.97331731
world,ScreenMarkerChoreographyPlugin,ScreenMarkerChoreographyPlugin,gl_display,0.0,0.0007440103217959404,0.0007440103217959404,843966.975802801,843966.975803545
world,ScreenMarkerChoreographyPlugin,ScreenMarkerChoreographyPlugin,recent_events,843966.937101,0.021918094716966152,68.27862397767603,843967.005357371,843967.005379289
world,ScreenMarkerChoreographyPlugin,ScreenMarkerChoreographyPlugin,gl_display,0.0,0.0011740485206246376,0.0011740485206246376,843967.007986121,843967.007987295
world,ScreenMarkerChoreographyPlugin,ScreenMarkerChoreographyPlugin,recent_events,843966.970612,0.01803890336304903,70.80731505993754,843967.041400889,843967.041418928
world,ScreenMarkerChoreographyPlugin,ScreenMarkerChoreographyPlugin,gl_display,0.0,0.0014599645510315895,0.0014599645510315895,843967.045391403,843967.045392863
world,ScreenMarkerChoreographyPlugin,ScreenMarkerChoreographyPlugin,recent_events,843967.004122,0.022841966710984707,69.30399604607373,843967.073402391,843967.073425233
world,ScreenMarkerChoreographyPlugin,ScreenMarkerChoreographyPlugin,gl_display,0.0,0.0005579786375164986,0.0005579786375164986,843967.077149617,843967.077150175
world,ScreenMarkerChoreographyPlugin,ScreenMarkerChoreographyPlugin,recent_events,843967.037632,0.017606071196496487,67.70243390928954,843967.105316452,843967.105334058
world,ScreenMarkerChoreographyPlugin,ScreenMarkerChoreographyPlugin,gl_display,0.0,0.0008100178092718124,0.0008100178092718124,843967.107922708,843967.107923518
world,ScreenMarkerChoreographyPlugin,ScreenMarkerChoreographyPlugin,recent_events,843967.071143,0.019164057448506355,70.22279198281467,843967.141346172,843967.141365336
world,ScreenMarkerChoreographyPlugin,ScreenMarkerChoreographyPlugin,gl_display,0.0,0.0010010553523898125,0.0010010553523898125,843967.143753696,843967.143754697
world,ScreenMarkerChoreographyPlugin,ScreenMarkerChoreographyPlugin,recent_events,843967.104653,0.018032966181635857,68.69901693426073,843967.17333356,843967.173351593
world,ScreenMarkerChoreographyPlugin,ScreenMarkerChoreographyPlugin,gl_display,0.0,0.001084059476852417,0.001084059476852417,843967.175695207,843967.175696291
world,ScreenMarkerChoreographyPlugin,ScreenMarkerChoreographyPlugin,recent_events,843967.138164,0.01881900243461132,67.19911203254014,843967.205343817,843967.205362636
world,ScreenMarkerChoreographyPlugin,ScreenMarkerChoreographyPlugin,gl_display,0.0,0.0012009404599666595,0.0012009404599666595,843967.207649042,843967.207650243
world,ScreenMarkerChoreographyPlugin,ScreenMarkerChoreographyPlugin,recent_events,843967.171674,0.019029946997761726,69.70310700125992,843967.241357682,843967.241376712
world,ScreenMarkerChoreographyPlugin,ScreenMarkerChoreographyPlugin,gl_display,0.0,0.001293024979531765,0.001293024979531765,843967.243606239,843967.243607532
world,ScreenMarkerChoreographyPlugin,ScreenMarkerChoreographyPlugin,recent_events,843967.205184,0.018083956092596054,68.22478107642382,843967.273390339,843967.273408423
world,ScreenMarkerChoreographyPlugin,ScreenMarkerChoreographyPlugin,gl_display,0.0,0.0012830132618546486,0.0012830132618546486,843967.275688722,843967.275690005
world,ScreenMarkerChoreographyPlugin,ScreenMarkerChoreographyPlugin,recent_events,843967.238695,0.019542989321053028,70.68256300408393,843967.309357613,843967.309377156
world,ScreenMarkerChoreographyPlugin,ScreenMarkerChoreographyPlugin,gl_display,0.0,0.0011010561138391495,0.0011010561138391495,843967.311987688,843967.311988789
world,ScreenMarkerChoreographyPlugin,ScreenMarkerChoreographyPlugin,recent_events,843967.272205,0.017342041246593,69.13029693532735,843967.341317571,843967.341334913
world,ScreenMarkerChoreographyPlugin,ScreenMarkerChoreographyPlugin,gl_display,0.0,0.000991043634712696,0.000991043634712696,843967.343796924,843967.343797915
world,ScreenMarkerChoreographyPlugin,ScreenMarkerChoreographyPlugin,recent_events,843967.305716,0.016095000319182873,67.6355849718675,843967.373335034,843967.373351129
world,ScreenMarkerChoreographyPlugin,ScreenMarkerChoreographyPlugin,gl_display,0.0,0.0007780035957694054,0.0007780035957694054,843967.375483067,843967.375483845
world,ScreenMarkerChoreographyPlugin,ScreenMarkerChoreographyPlugin,recent_events,843967.339226,0.015974976122379303,70.09506796021014,843967.409304606,843967.409320581
world,ScreenMarkerChoreographyPlugin,ScreenMarkerChoreographyPlugin,gl_display,0.0,0.0007549533620476723,0.0007549533620476723,843967.41146125,843967.411462005
world,ScreenMarkerChoreographyPlugin,ScreenMarkerChoreographyPlugin,recent_events,843967.372736,0.017518061213195324,68.6577659798786,843967.441375684,843967.441393202
world,ScreenMarkerChoreographyPlugin,ScreenMarkerChoreographyPlugin,gl_display,0.0,0.0006580958142876625,0.0006580958142876625,843967.44367289,843967.443673548
world,ScreenMarkerChoreographyPlugin,ScreenMarkerChoreographyPlugin,recent_events,843967.406247,0.01701910514384508,67.11002497468144,843967.473339591,843967.47335661
world,ScreenMarkerChoreographyPlugin,ScreenMarkerChoreographyPlugin,gl_display,0.0,0.0010540243238210678,0.0010540243238210678,843967.475690804,843967.475691858
world,ScreenMarkerChoreographyPlugin,ScreenMarkerChoreographyPlugin,recent_events,843967.439757,0.017030048184096813,69.65894799213856,843967.509398551,843967.509415581
world,ScreenMarkerChoreographyPlugin,ScreenMarkerChoreographyPlugin,gl_display,0.0,0.0009119976311922073,0.0009119976311922073,843967.51156895,843967.511569862
world,ScreenMarkerChoreographyPlugin,ScreenMarkerChoreographyPlugin,recent_events,843967.473268,0.0170939601957798,68.0673330789432,843967.541317796,843967.54133489
world,ScreenMarkerChoreographyPlugin,ScreenMarkerChoreographyPlugin,gl_display,0.0,0.0008349306881427765,0.0008349306881427765,843967.543560888,843967.543561723
world,ScreenMarkerChoreographyPlugin,ScreenMarkerChoreographyPlugin,recent_events,843967.506778,0.023085973225533962,70.69274294190109,843967.577446947,843967.577470033
world,ScreenMarkerChoreographyPlugin,ScreenMarkerChoreographyPlugin,gl_display,0.0,0.0011320225894451141,0.0011320225894451141,843967.580774946,843967.580776078
world,ScreenMarkerChoreographyPlugin,ScreenMarkerChoreographyPlugin,recent_events,843967.540288,0.025311019271612167,69.25219600088894,843967.609514127,843967.609539438
world,ScreenMarkerChoreographyPlugin,ScreenMarkerChoreographyPlugin,gl_display,0.0,0.0011540250852704048,0.0011540250852704048,843967.613051683,843967.613052837
world,ScreenMarkerChoreographyPlugin,ScreenMarkerChoreographyPlugin,recent_events,843967.573799,0.024394015781581402,67.70557793788612,843967.641479357,843967.641503751
world,ScreenMarkerChoreographyPlugin,ScreenMarkerChoreographyPlugin,gl_display,0.0,0.0012710224837064743,0.0012710224837064743,843967.644806981,843967.644808252
world,ScreenMarkerChoreographyPlugin,ScreenMarkerChoreographyPlugin,recent_events,843967.607309,0.024054083041846752,70.19260805100203,843967.677476869,843967.677500923
world,ScreenMarkerChoreographyPlugin,ScreenMarkerChoreographyPlugin,gl_display,0.0,0.0008529750630259514,0.0008529750630259514,843967.679924555,843967.679925408
world,ScreenMarkerChoreographyPlugin,ScreenMarkerChoreographyPlugin,recent_events,843967.64082,0.021780957467854023,68.69048008229584,843967.709488017,843967.709509798
world,ScreenMarkerChoreographyPlugin,ScreenMarkerChoreographyPlugin,gl_display,0.0,0.0007690396159887314,0.0007690396159887314,843967.712072024,843967.712072793
world,ScreenMarkerChoreographyPlugin,ScreenMarkerChoreographyPlugin,recent_events,843967.67433,0.023766886442899704,67.15816701762378,843967.741463663,843967.74148743
world,ScreenMarkerChoreographyPlugin,ScreenMarkerChoreographyPlugin,gl_display,0.0,0.0010150251910090446,0.0010150251910090446,843967.743973997,843967.743975012
world,ScreenMarkerChoreographyPlugin,ScreenMarkerChoreographyPlugin,recent_events,843967.70784,0.014013960026204586,69.50896990019828,843967.777334588,843967.777348602
world,ScreenMarkerChoreographyPlugin,ScreenMarkerChoreographyPlugin,gl_display,0.0,0.0008720671758055687,0.0008720671758055687,843967.780726415,843967.780727287
world,ScreenMarkerChoreographyPlugin,ScreenMarkerChoreographyPlugin,recent_events,843967.741351,0.014577992260456085,67.95904692262411,843967.80929502,843967.809309598
world,ScreenMarkerChoreographyPlugin,ScreenMarkerChoreographyPlugin,gl_display,0.0,0.00394799280911684,0.00394799280911684,843967.843999536,843967.844003484
world,ScreenMarkerChoreographyPlugin,ScreenMarkerChoreographyPlugin,recent_events,843967.774861,0.019778963178396225,81.62219496443868,843967.856462946,843967.856482725
world,ScreenMarkerChoreographyPlugin,ScreenMarkerChoreographyPlugin,gl_display,0.0,0.0014828983694314957,0.0014828983694314957,843967.872451944,843967.872453427
world,ScreenMarkerChoreographyPlugin,ScreenMarkerChoreographyPlugin,recent_events,843967.808372,0.018463004380464554,68.99014604277909,843967.877343247,843967.87736171
world,ScreenMarkerChoreographyPlugin,ScreenMarkerChoreographyPlugin,gl_display,0.0,0.0010899966582655907,0.0010899966582655907,843967.891129128,843967.891130218
world,ScreenMarkerChoreographyPlugin,ScreenMarkerChoreographyPlugin,recent_events,843967.841882,0.018993974663317204,67.5816839793697,843967.909444244,843967.909463238
world,ScreenMarkerChoreographyPlugin,ScreenMarkerChoreographyPlugin,gl_display,0.0,0.0010640360414981842,0.0010640360414981842,843967.911899982,843967.911901046
world,ScreenMarkerChoreographyPlugin,ScreenMarkerChoreographyPlugin,recent_events,843967.875392,0.017335056327283382,69.98362205922604,843967.945357902,843967.945375237
world,ScreenMarkerChoreographyPlugin,ScreenMarkerChoreographyPlugin,gl_display,0.0,0.0008060596883296967,0.0008060596883296967,843967.947617305,843967.947618111
world,ScreenMarkerChoreographyPlugin,ScreenMarkerChoreographyPlugin,recent_events,843967.908903,0.021154992282390594,68.4844630304724,843967.977365912,843967.977387067
world,ScreenMarkerChoreographyPlugin,ScreenMarkerChoreographyPlugin,gl_display,0.0,0.0009880168363451958,0.0009880168363451958,843967.979672937,843967.979673925
world,ScreenMarkerChoreographyPlugin,ScreenMarkerChoreographyPlugin,recent_events,843967.942413,0.019415048882365227,70.97796094603837,843968.013371062,843968.013390477
world,ScreenMarkerChoreographyPlugin,ScreenMarkerChoreographyPlugin,gl_display,0.0,0.0010579824447631836,0.0010579824447631836,843968.025473211,843968.025474269
world,ScreenMarkerChoreographyPlugin,ScreenMarkerChoreographyPlugin,recent_events,843967.975924,0.02779101487249136,69.50936000794172,843968.045404546,843968.045432337
world,ScreenMarkerChoreographyPlugin,ScreenMarkerChoreographyPlugin,gl_display,0.0,0.000809086486697197,0.000809086486697197,843968.092404392,843968.092405201
world,ScreenMarkerChoreographyPlugin,ScreenMarkerChoreographyPlugin,recent_events,843968.009434,0.012252014130353928,83.38354399893433,843968.092804889,843968.092817141
world,ScreenMarkerChoreographyPlugin,ScreenMarkerChoreographyPlugin,recent_events,843968.042944,0.011936994269490242,70.39704406633973,843968.113328568,843968.113340505
world,ScreenMarkerChoreographyPlugin,ScreenMarkerChoreographyPlugin,gl_display,0.0,0.0008249189704656601,0.0008249189704656601,843968.126094019,843968.126094844
world,ScreenMarkerChoreographyPlugin,ScreenMarkerChoreographyPlugin,recent_events,843968.076455,0.013388926163315773,68.88193206395954,843968.145323129,843968.145336518
world,ScreenMarkerChoreographyPlugin,ScreenMarkerChoreographyPlugin,gl_display,0.0,0.0008030328899621964,0.0008030328899621964,843968.147602923,843968.147603726
world,ScreenMarkerChoreographyPlugin,ScreenMarkerChoreographyPlugin,recent_events,843968.109965,0.03950705286115408,67.68473703414202,843968.177608546,843968.177648053
world,ScreenMarkerChoreographyPlugin,ScreenMarkerChoreographyPlugin,gl_display,0.0,0.0024569453671574593,0.0024569453671574593,843968.187783606,843968.187786063
world,ScreenMarkerChoreographyPlugin,ScreenMarkerChoreographyPlugin,recent_events,843968.143476,0.04383490886539221,70.30563498847187,843968.213735491,843968.213779326
world,ScreenMarkerChoreographyPlugin,ScreenMarkerChoreographyPlugin,gl_display,0.0,0.0018529826775193214,0.0018529826775193214,843968.227917481,843968.227919334
world,ScreenMarkerChoreographyPlugin,ScreenMarkerChoreographyPlugin,recent_events,843968.176986,0.054350937716662884,68.78305692225695,843968.245712455,843968.245766806
world,ScreenMarkerChoreographyPlugin,ScreenMarkerChoreographyPlugin,gl_display,0.0,0.0021900050342082977,0.0021900050342082977,843968.257816519,843968.257818709
world,ScreenMarkerChoreographyPlugin,ScreenMarkerChoreographyPlugin,recent_events,843968.210496,0.016796053387224674,70.90123102534562,843968.28137995,843968.281396746
world,ScreenMarkerChoreographyPlugin,ScreenMarkerChoreographyPlugin,gl_display,0.0,0.000842963345348835,0.000842963345348835,843968.283930373,843968.283931216
world,ScreenMarkerChoreographyPlugin,ScreenMarkerChoreographyPlugin,recent_events,843968.244007,0.020657083950936794,69.44079394452274,843968.313426678,843968.313447335
world,ScreenMarkerChoreographyPlugin,ScreenMarkerChoreographyPlugin,gl_display,0.0,0.0008690403774380684,0.0008690403774380684,843968.316281681,843968.31628255
world,ScreenMarkerChoreographyPlugin,ScreenMarkerChoreographyPlugin,recent_events,843968.277517,0.04673004150390625,68.16654198337346,843968.345634699,843968.345681429
world,ScreenMarkerChoreographyPlugin,ScreenMarkerChoreographyPlugin,gl_display,0.0,0.0025960616767406464,0.0025960616767406464,843968.357626249,843968.357628845
world,ScreenMarkerChoreographyPlugin,ScreenMarkerChoreographyPlugin,recent_events,843968.311028,0.0125060323625803,70.31034503597766,843968.381325374,843968.38133788
world,ScreenMarkerChoreographyPlugin,ScreenMarkerChoreographyPlugin,gl_display,0.0,0.0006909249350428581,0.0006909249350428581,843968.383694392,843968.383695083
world,ScreenMarkerChoreographyPlugin,ScreenMarkerChoreographyPlugin,recent_events,843968.344538,0.017818063497543335,68.83906200528145,843968.413358853,843968.413376671
world,ScreenMarkerChoreographyPlugin,ScreenMarkerChoreographyPlugin,gl_display,0.0,0.0011690426617860794,0.0011690426617860794,843968.416205519,843968.416206688
world,ScreenMarkerChoreographyPlugin,ScreenMarkerChoreographyPlugin,recent_events,843968.378048,0.017434940673410892,67.35462695360184,843968.445384765,843968.4454022
world,ScreenMarkerChoreographyPlugin,ScreenMarkerChoreographyPlugin,gl_display,0.0,0.0007139751687645912,0.0007139751687645912,843968.448013649,843968.448014363
world,ScreenMarkerChoreographyPlugin,ScreenMarkerChoreographyPlugin,recent_events,843968.411559,0.015993951819837093,69.82745393179357,843968.481370058,843968.481386052
world,ScreenMarkerChoreographyPlugin,ScreenMarkerChoreographyPlugin,gl_display,0.0,0.0006329501047730446,0.0006329501047730446,843968.483689135,843968.483689768
world,ScreenMarkerChoreographyPlugin,ScreenMarkerChoreographyPlugin,recent_events,843968.445069,0.01454702578485012,68.30761802848428,843968.513361583,843968.51337613
world,ScreenMarkerChoreographyPlugin,ScreenMarkerChoreographyPlugin,gl_display,0.0,0.0009729992598295212,0.0009729992598295212,843968.515488284,843968.515489257
world,ScreenMarkerChoreographyPlugin,ScreenMarkerChoreographyPlugin,recent_events,843968.47858,0.04338903818279505,71.13142102025449,843968.54966632,843968.549709709
world,ScreenMarkerChoreographyPlugin,ScreenMarkerChoreographyPlugin,gl_display,0.0,0.002634013071656227,0.002634013071656227,843968.559744481,843968.559747115
world,ScreenMarkerChoreographyPlugin,ScreenMarkerChoreographyPlugin,recent_events,843968.51209,0.013782060705125332,69.2554300185293,843968.581331288,843968.58134507
world,ScreenMarkerChoreographyPlugin,ScreenMarkerChoreographyPlugin,gl_display,0.0,0.0006390037015080452,0.0006390037015080452,843968.583390709,843968.583391348
world,ScreenMarkerChoreographyPlugin,ScreenMarkerChoreographyPlugin,recent_events,843968.5456,0.016919104382395744,67.7902630995959,843968.613372944,843968.613389863
world,ScreenMarkerChoreographyPlugin,ScreenMarkerChoreographyPlugin,gl_display,0.0,0.0012209638953208923,0.0012209638953208923,843968.615645656,843968.615646877
world,ScreenMarkerChoreographyPlugin,ScreenMarkerChoreographyPlugin,recent_events,843968.579111,0.01851900015026331,70.30797796323895,843968.649400073,843968.649418592
world,ScreenMarkerChoreographyPlugin,ScreenMarkerChoreographyPlugin,gl_display,0.0,0.001142965629696846,0.001142965629696846,843968.651590532,843968.651591675
world,ScreenMarkerChoreographyPlugin,ScreenMarkerChoreographyPlugin,recent_events,843968.612621,0.016900943592190742,68.75383201986551,843968.681357554,843968.681374455
world,ScreenMarkerChoreographyPlugin,ScreenMarkerChoreographyPlugin,gl_display,0.0,0.0007830094546079636,0.0007830094546079636,843968.683463536,843968.683464319
world,ScreenMarkerChoreographyPlugin,ScreenMarkerChoreographyPlugin,recent_events,843968.646132,0.01611595507711172,67.21169396769255,843968.713327065,843968.713343181
world,ScreenMarkerChoreographyPlugin,ScreenMarkerChoreographyPlugin,gl_display,0.0,0.0004320172592997551,0.0004320172592997551,843968.715398715,843968.715399147
world,ScreenMarkerChoreographyPlugin,ScreenMarkerChoreographyPlugin,recent_events,843968.679642,0.013726996257901192,69.73767094314098,843968.749365551,843968.749379278
world,ScreenMarkerChoreographyPlugin,ScreenMarkerChoreographyPlugin,gl_display,0.0,0.0004189787432551384,0.0004189787432551384,843968.751462871,843968.75146329
world,ScreenMarkerChoreographyPlugin,ScreenMarkerChoreographyPlugin,recent_events,843968.713152,0.013977987691760063,68.26270604506135,843968.781400339,843968.781414317
world,ScreenMarkerChoreographyPlugin,ScreenMarkerChoreographyPlugin,gl_display,0.0,0.00047998037189245224,0.00047998037189245224,843968.7835876,843968.78358808
world,ScreenMarkerChoreographyPlugin,ScreenMarkerChoreographyPlugin,recent_events,843968.746663,0.010013929568231106,70.76506805606186,843968.817417653,843968.817427667
world,ScreenMarkerChoreographyPlugin,ScreenMarkerChoreographyPlugin,gl_display,0.0,0.0004370231181383133,0.0004370231181383133,843968.819702943,843968.81970338
world,ScreenMarkerChoreographyPlugin,ScreenMarkerChoreographyPlugin,recent_events,843968.780173,0.010418007150292397,69.23972407821566,843968.849401879,843968.849412297
world,ScreenMarkerChoreographyPlugin,ScreenMarkerChoreographyPlugin,gl_display,0.0,0.0005729962140321732,0.0005729962140321732,843968.851754974,843968.851755547
world,ScreenMarkerChoreographyPlugin,ScreenMarkerChoreographyPlugin,recent_events,843968.813684,0.017493031919002533,67.72105698473752,843968.881387146,843968.881404639
world,ScreenMarkerChoreographyPlugin,ScreenMarkerChoreographyPlugin,gl_display,0.0,0.001310952939093113,0.001310952939093113,843968.884780162,843968.884781473
world,ScreenMarkerChoreographyPlugin,ScreenMarkerChoreographyPlugin,recent_events,843968.847194,0.028470996767282486,70.37776196375489,843968.917542461,843968.917570932
world,ScreenMarkerChoreographyPlugin,ScreenMarkerChoreographyPlugin,gl_display,0.0,0.0017579877749085426,0.0017579877749085426,843968.920628656,843968.920630414
world,ScreenMarkerChoreographyPlugin,ScreenMarkerChoreographyPlugin,recent_events,843968.981236,0.024816952645778656,80.68863907828927,843969.061899045,843969.061923862
world,ScreenMarkerChoreographyPlugin,ScreenMarkerChoreographyPlugin,gl_display,0.0,0.0010280637070536613,0.0010280637070536613,843969.065495768,843969.065496796
world,ScreenMarkerChoreographyPlugin,ScreenMarkerChoreographyPlugin,recent_events,843969.014746,0.028323964215815067,70.82789205014706,843969.085544848,843969.085573172
world,ScreenMarkerChoreographyPlugin,ScreenMarkerChoreographyPlugin,gl_display,0.0,0.00135891605168581,0.00135891605168581,843969.088809801,843969.08881116
world,ScreenMarkerChoreographyPlugin,ScreenMarkerChoreographyPlugin,recent_events,843969.048256,0.02521602436900139,69.32197592686862,843969.117551966,843969.117577182
world,ScreenMarkerChoreographyPlugin,ScreenMarkerChoreographyPlugin,gl_display,0.0,0.001166015863418579,0.001166015863418579,843969.120841149,843969.120842315
world,ScreenMarkerChoreographyPlugin,ScreenMarkerChoreographyPlugin,recent_events,843969.081767,0.01848896499723196,67.73753499146551,843969.149485226,843969.149503715
world,ScreenMarkerChoreographyPlugin,ScreenMarkerChoreographyPlugin,gl_display,0.0,0.000708969309926033,0.000708969309926033,843969.151895197,843969.151895906
world,ScreenMarkerChoreographyPlugin,ScreenMarkerChoreographyPlugin,recent_events,843969.115277,0.0228190328925848,70.26529801078141,843969.185519064,843969.185541883
world,ScreenMarkerChoreographyPlugin,ScreenMarkerChoreographyPlugin,gl_display,0.0,0.0006550690159201622,0.0006550690159201622,843969.187807701,843969.187808356
world,ScreenMarkerChoreographyPlugin,ScreenMarkerChoreographyPlugin,recent_events,843969.148788,0.01856195740401745,68.69664206169546,843969.217465713,843969.217484275
world,ScreenMarkerChoreographyPlugin,ScreenMarkerChoreographyPlugin,gl_display,0.0,0.0011979136615991592,0.0011979136615991592,843969.219832206,843969.219833404
world,ScreenMarkerChoreographyPlugin,ScreenMarkerChoreographyPlugin,recent_events,843969.182298,0.02235604915767908,67.17609707266092,843969.249451253,843969.249473609
world,ScreenMarkerChoreographyPlugin,ScreenMarkerChoreographyPlugin,gl_display,0.0,0.0009579816833138466,0.0009579816833138466,843969.251833598,843969.251834556
world,ScreenMarkerChoreographyPlugin,ScreenMarkerChoreographyPlugin,recent_events,843969.215808,0.01978909131139517,69.66911209747195,843969.285456906,843969.285476695
world,ScreenMarkerChoreographyPlugin,ScreenMarkerChoreographyPlugin,gl_display,0.0,0.0009239884093403816,0.0009239884093403816,843969.287802723,843969.287803647
world,ScreenMarkerChoreographyPlugin,ScreenMarkerChoreographyPlugin,recent_events,843969.249319,0.02032797783613205,68.2018909137696,843969.317500162,843969.31752049
world,ScreenMarkerChoreographyPlugin,ScreenMarkerChoreographyPlugin,gl_display,0.0,0.001142965629696846,0.001142965629696846,843969.319828282,843969.319829425
world,ScreenMarkerChoreographyPlugin,ScreenMarkerChoreographyPlugin,recent_events,843969.282829,0.019836006686091423,70.63716801349074,843969.353445872,843969.353465708
world,ScreenMarkerChoreographyPlugin,ScreenMarkerChoreographyPlugin,gl_display,0.0,0.001317937858402729,0.001317937858402729,843969.355899048,843969.355900366
world,ScreenMarkerChoreographyPlugin,ScreenMarkerChoreographyPlugin,recent_events,843969.31634,0.020227977074682713,69.16287203785032,843969.385482214,843969.385502442
world,ScreenMarkerChoreographyPlugin,ScreenMarkerChoreographyPlugin,gl_display,0.0,0.0010119983926415443,0.0010119983926415443,843969.387944984,843969.387945996
world,ScreenMarkerChoreographyPlugin,ScreenMarkerChoreographyPlugin,recent_events,843969.34985,0.0189079437404871,67.62309605255723,843969.417453801,843969.417472709
world,ScreenMarkerChoreographyPlugin,ScreenMarkerChoreographyPlugin,gl_display,0.0,0.0012560049071907997,0.0012560049071907997,843969.419757791,843969.419759047
world,ScreenMarkerChoreographyPlugin,ScreenMarkerChoreographyPlugin,recent_events,843969.38336,0.018866965547204018,70.10074204299599,843969.453441497,843969.453460364
world,ScreenMarkerChoreographyPlugin,ScreenMarkerChoreographyPlugin,gl_display,0.0,0.0012100208550691605,0.0012100208550691605,843969.455752844,843969.455754054
world,ScreenMarkerChoreographyPlugin,ScreenMarkerChoreographyPlugin,recent_events,843969.416871,0.024267006665468216,68.70969000738114,843969.485555651,843969.485579918
world,ScreenMarkerChoreographyPlugin,ScreenMarkerChoreographyPlugin,gl_display,0.0,0.0008849892765283585,0.0008849892765283585,843969.488037277,843969.488038162
world,ScreenMarkerChoreographyPlugin,ScreenMarkerChoreographyPlugin,recent_events,843969.450381,0.02838694490492344,71.17208605632186,843969.521523959,843969.521552346
world,ScreenMarkerChoreographyPlugin,ScreenMarkerChoreographyPlugin,gl_display,0.0,0.0015239929780364037,0.0015239929780364037,843969.524831889,843969.524833413
world,ScreenMarkerChoreographyPlugin,ScreenMarkerChoreographyPlugin,recent_events,843969.483892,0.021352083422243595,69.61150700226426,843969.55348136,843969.553502712
world,ScreenMarkerChoreographyPlugin,ScreenMarkerChoreographyPlugin,gl_display,0.0,0.0009390059858560562,0.0009390059858560562,843969.555937468,843969.555938407
world,ScreenMarkerChoreographyPlugin,ScreenMarkerChoreographyPlugin,recent_events,843969.517402,0.01777801662683487,68.11256695073098,843969.58549604,843969.585513818
world,ScreenMarkerChoreographyPlugin,ScreenMarkerChoreographyPlugin,gl_display,0.0,0.0009419163689017296,0.0009419163689017296,843969.587857407,843969.587858349
world,ScreenMarkerChoreographyPlugin,ScreenMarkerChoreographyPlugin,recent_events,843969.550912,0.020361971110105515,70.62337303068489,843969.621514412,843969.621534774
world,ScreenMarkerChoreographyPlugin,ScreenMarkerChoreographyPlugin,gl_display,0.0,0.0012050149962306023,0.0012050149962306023,843969.624737854,843969.624739059
world,ScreenMarkerChoreographyPlugin,ScreenMarkerChoreographyPlugin,recent_events,843969.584423,0.041341991163790226,69.3730809725821,843969.653753122,843969.653794464
world,ScreenMarkerChoreographyPlugin,ScreenMarkerChoreographyPlugin,gl_display,0.0,0.0025889603421092033,0.0025889603421092033,843969.664483897,843969.664486486
world,ScreenMarkerChoreographyPlugin,ScreenMarkerChoreographyPlugin,recent_events,843969.617933,0.03948202356696129,67.85307300742716,843969.685744477,843969.685783959
world,ScreenMarkerChoreographyPlugin,ScreenMarkerChoreographyPlugin,gl_display,0.0,0.0025799963623285294,0.0025799963623285294,843969.696293288,843969.696295868
world,ScreenMarkerChoreographyPlugin,ScreenMarkerChoreographyPlugin,recent_events,843969.651444,0.04146690480411053,70.37675206083804,843969.721777318,843969.721818785
world,ScreenMarkerChoreographyPlugin,ScreenMarkerChoreographyPlugin,gl_display,0.0,0.00043492764234542847,0.00043492764234542847,843969.730812562,843969.730812997
world,ScreenMarkerChoreographyPlugin,ScreenMarkerChoreographyPlugin,recent_events,843969.684954,0.03678502980619669,68.81219591014087,843969.753727591,843969.753764376
world,ScreenMarkerChoreographyPlugin,ScreenMarkerChoreographyPlugin,gl_display,0.0,0.0024279579520225525,0.0024279579520225525,843969.7640229,843969.764025328
world,ScreenMarkerChoreographyPlugin,ScreenMarkerChoreographyPlugin,recent_events,843969.718464,0.03703299444168806,71.25212193932384,843969.789676892,843969.789713925
world,ScreenMarkerChoreographyPlugin,ScreenMarkerChoreographyPlugin,gl_display,0.0,0.00046403147280216217,0.00046403147280216217,843969.797897839,843969.797898303
world,ScreenMarkerChoreographyPlugin,ScreenMarkerChoreographyPlugin,recent_events,843969.751975,0.03920693416148424,69.72889695316553,843969.821662797,843969.821702004
world,ScreenMarkerChoreographyPlugin,ScreenMarkerChoreographyPlugin,gl_display,0.0,0.0020849984139204025,0.0020849984139204025,843969.832066786,843969.832068871
world,ScreenMarkerChoreographyPlugin,ScreenMarkerChoreographyPlugin,recent_events,843969.785485,0.04577299114316702,68.29765695147216,843969.853734912,843969.853780685
world,ScreenMarkerChoreographyPlugin,ScreenMarkerChoreographyPlugin,gl_display,0.0,0.002235989086329937,0.002235989086329937,843969.864241423,843969.864243659
world,ScreenMarkerChoreographyPlugin,ScreenMarkerChoreographyPlugin,recent_events,843969.818996,0.037717982195317745,70.79311099369079,843969.889749647,843969.889787365
world,ScreenMarkerChoreographyPlugin,ScreenMarkerChoreographyPlugin,gl_display,0.0,0.00046996865421533585,0.00046996865421533585,843969.897887047,843969.897887517
world,ScreenMarkerChoreographyPlugin,ScreenMarkerChoreographyPlugin,recent_events,843969.852506,0.03825710155069828,69.34093404561281,843969.921806388,843969.921844645
world,ScreenMarkerChoreographyPlugin,ScreenMarkerChoreographyPlugin,gl_display,0.0,0.0026209745556116104,0.0026209745556116104,843969.932478497,843969.932481118
world,ScreenMarkerChoreographyPlugin,ScreenMarkerChoreographyPlugin,recent_events,843969.886016,0.04215200897306204,67.85046006552875,843969.95382226,843969.953864412
world,ScreenMarkerChoreographyPlugin,ScreenMarkerChoreographyPlugin,gl_display,0.0,0.0026830239221453667,0.0026830239221453667,843969.964537988,843969.964540671
world,ScreenMarkerChoreographyPlugin,ScreenMarkerChoreographyPlugin,recent_events,843969.919527,0.04797999281436205,70.40961796883494,843969.989885742,843969.989933722
world,ScreenMarkerChoreographyPlugin,ScreenMarkerChoreographyPlugin,gl_display,0.0,0.0024850014597177505,0.0024850014597177505,843970.000681503,843970.000683988
world,ScreenMarkerChoreographyPlugin,ScreenMarkerChoreographyPlugin,recent_events,843969.953037,0.049310969188809395,68.91203799750656,843970.021896519,843970.02194583
world,ScreenMarkerChoreographyPlugin,ScreenMarkerChoreographyPlugin,gl_display,0.0,0.002500019036233425,0.002500019036233425,843970.032654465,843970.032656965
world,ScreenMarkerChoreographyPlugin,ScreenMarkerChoreographyPlugin,recent_events,843969.986548,0.053854077123105526,71.30323396995664,843970.057795308,843970.057849162
world,ScreenMarkerChoreographyPlugin,ScreenMarkerChoreographyPlugin,gl_display,0.0,0.002674991264939308,0.002674991264939308,843970.068434114,843970.068436789
world,ScreenMarkerChoreographyPlugin,ScreenMarkerChoreographyPlugin,recent_events,843970.020058,0.03840192221105099,69.76336904335767,843970.089780844,843970.089819246
world,ScreenMarkerChoreographyPlugin,ScreenMarkerChoreographyPlugin,gl_display,0.0,0.0020739389583468437,0.0020739389583468437,843970.100351848,843970.100353922
world,ScreenMarkerChoreographyPlugin,ScreenMarkerChoreographyPlugin,recent_events,843970.053568,0.037567922845482826,68.2107190368697,843970.121739248,843970.121776816
world,ScreenMarkerChoreographyPlugin,ScreenMarkerChoreographyPlugin,gl_display,0.0,0.0023780157789587975,0.0023780157789587975,843970.132284935,843970.132287313
world,ScreenMarkerChoreographyPlugin,ScreenMarkerChoreographyPlugin,recent_events,843970.087079,0.04229508340358734,70.70820301305503,843970.157743044,843970.157785339
world,ScreenMarkerChoreographyPlugin,ScreenMarkerChoreographyPlugin,gl_display,0.0,0.0022510066628456116,0.0022510066628456116,843970.168433374,843970.168435625
world,ScreenMarkerChoreographyPlugin,ScreenMarkerChoreographyPlugin,recent_events,843970.120589,0.03597000613808632,69.21863090246916,843970.189769559,843970.189805529
world,ScreenMarkerChoreographyPlugin,ScreenMarkerChoreographyPlugin,gl_display,0.0,0.0023669563233852386,0.0023669563233852386,843970.200116422,843970.200118789
world,ScreenMarkerChoreographyPlugin,ScreenMarkerChoreographyPlugin,recent_events,843970.1541,0.04059297498315573,67.75770790409297,843970.221814853,843970.221855446
world,ScreenMarkerChoreographyPlugin,ScreenMarkerChoreographyPlugin,gl_display,0.0,0.002734013833105564,0.002734013833105564,843970.232657409,843970.232660143
world,ScreenMarkerChoreographyPlugin,ScreenMarkerChoreographyPlugin,recent_events,843970.18761,0.03982800990343094,70.17077296040952,843970.257738879,843970.257778707
world,ScreenMarkerChoreographyPlugin,ScreenMarkerChoreographyPlugin,gl_display,0.0,0.0028869835659861565,0.0028869835659861565,843970.268492846,843970.268495733
world,ScreenMarkerChoreographyPlugin,ScreenMarkerChoreographyPlugin,recent_events,843970.22112,0.03832497168332338,68.63841798622161,843970.289718211,843970.289756536
world,ScreenMarkerChoreographyPlugin,ScreenMarkerChoreographyPlugin,gl_display,0.0,0.0024689361453056335,0.0024689361453056335,843970.299977991,843970.29998046
world,ScreenMarkerChoreographyPlugin,ScreenMarkerChoreographyPlugin,recent_events,843970.254631,0.047671026550233364,71.17545895744115,843970.325756866,843970.325804537
world,ScreenMarkerChoreographyPlugin,ScreenMarkerChoreographyPlugin,gl_display,0.0,0.00227498821914196,0.00227498821914196,843970.336017245,843970.33601952
world,ScreenMarkerChoreographyPlugin,ScreenMarkerChoreographyPlugin,recent_events,843970.288141,0.04141207318753004,69.71801503095776,843970.357815482,843970.357856894
world,ScreenMarkerChoreographyPlugin,ScreenMarkerChoreographyPlugin,gl_display,0.0,0.0020549632608890533,0.0020549632608890533,843970.368047053,843970.368049108
world,ScreenMarkerChoreographyPlugin,ScreenMarkerChoreographyPlugin,recent_events,843970.321652,0.03894802648574114,68.17302107810974,843970.389784154,843970.389823102
world,ScreenMarkerChoreographyPlugin,ScreenMarkerChoreographyPlugin,gl_display,0.0,0.0018490245565772057,0.0018490245565772057,843970.400458834,843970.400460683
world,ScreenMarkerChoreographyPlugin,ScreenMarkerChoreographyPlugin,recent_events,843970.355162,0.0285259447991848,70.47621090896428,843970.4256082,843970.425636726
world,ScreenMarkerChoreographyPlugin,ScreenMarkerChoreographyPlugin,gl_display,0.0,0.0007499475032091141,0.0007499475032091141,843970.429757151,843970.429757901
world,ScreenMarkerChoreographyPlugin,ScreenMarkerChoreographyPlugin,recent_events,843970.388672,0.016122939996421337,68.77952697686851,843970.457435057,843970.45745118
world,ScreenMarkerChoreographyPlugin,ScreenMarkerChoreographyPlugin,gl_display,0.0,0.0010560033842921257,0.0010560033842921257,843970.459638264,843970.45963932
world,ScreenMarkerChoreographyPlugin,ScreenMarkerChoreographyPlugin,recent_events,843970.422183,0.022348947823047638,67.31759803369641,843970.489477826,843970.489500175
world,ScreenMarkerChoreographyPlugin,ScreenMarkerChoreographyPlugin,gl_display,0.0,0.001349952071905136,0.001349952071905136,843970.491793219,843970.491794569
world,ScreenMarkerChoreographyPlugin,ScreenMarkerChoreographyPlugin,recent_events,843970.455693,0.020381994545459747,69.84119897242635,843970.525513401,843970.525533783
world,ScreenMarkerChoreographyPlugin,ScreenMarkerChoreographyPlugin,gl_display,0.0,0.0011650845408439636,0.0011650845408439636,843970.527778319,843970.527779484
world,ScreenMarkerChoreographyPlugin,ScreenMarkerChoreographyPlugin,recent_events,843970.489204,0.02706598024815321,68.39458202011883,843970.557570671,843970.557597737
world,ScreenMarkerChoreographyPlugin,ScreenMarkerChoreographyPlugin,gl_display,0.0,0.0013080425560474396,0.0013080425560474396,843970.561014191,843970.561015499
world,ScreenMarkerChoreographyPlugin,ScreenMarkerChoreographyPlugin,recent_events,843970.522714,0.02962804865092039,70.94703800976276,843970.59363058,843970.593660208
world,ScreenMarkerChoreographyPlugin,ScreenMarkerChoreographyPlugin,gl_display,0.0,0.0019229482859373093,0.0019229482859373093,843970.597290755,843970.597292678
world,ScreenMarkerChoreographyPlugin,ScreenMarkerChoreographyPlugin,recent_events,843970.556224,0.02738996408879757,69.4187629269436,843970.625614704,843970.625642094
world,ScreenMarkerChoreographyPlugin,ScreenMarkerChoreographyPlugin,gl_display,0.0,0.0019129365682601929,0.0019129365682601929,843970.629143323,843970.629145236
world,ScreenMarkerChoreographyPlugin,ScreenMarkerChoreographyPlugin,recent_events,843970.589735,0.026057008653879166,67.8900039056316,843970.657598262,843970.657624319
world,ScreenMarkerChoreographyPlugin,ScreenMarkerChoreographyPlugin,gl_display,0.0,0.0016300473362207413,0.0016300473362207413,843970.660915707,843970.660917337
world,ScreenMarkerChoreographyPlugin,ScreenMarkerChoreographyPlugin,recent_events,843970.623245,0.02612406387925148,70.39509795140475,843970.6936132,843970.693639324
world,ScreenMarkerChoreographyPlugin,ScreenMarkerChoreographyPlugin,gl_display,0.0,0.0013459939509630203,0.0013459939509630203,843970.696954516,843970.696955862
world,ScreenMarkerChoreographyPlugin,ScreenMarkerChoreographyPlugin,recent_events,843970.656756,0.027074012905359268,68.93484201282263,843970.725662875,843970.725689949
world,ScreenMarkerChoreographyPlugin,ScreenMarkerChoreographyPlugin,gl_display,0.0,0.001252046786248684,0.001252046786248684,843970.729308245,843970.729309497
world,ScreenMarkerChoreographyPlugin,ScreenMarkerChoreographyPlugin,recent_events,843970.690266,0.027002999559044838,67.31661304365844,843970.757554909,843970.757581912
world,ScreenMarkerChoreographyPlugin,ScreenMarkerChoreographyPlugin,gl_display,0.0,0.0012050149962306023,0.0012050149962306023,843970.760330838,843970.760332043
world,ScreenMarkerChoreographyPlugin,ScreenMarkerChoreographyPlugin,recent_events,843970.723776,0.024919048883020878,69.91398602258414,843970.793664317,843970.793689236
world,ScreenMarkerChoreographyPlugin,ScreenMarkerChoreographyPlugin,gl_display,0.0,0.001451931893825531,0.001451931893825531,843970.797104593,843970.797106045
world,ScreenMarkerChoreographyPlugin,ScreenMarkerChoreographyPlugin,recent_events,843970.757287,0.026828027330338955,68.47517599817365,843970.825734588,843970.825761416
world,ScreenMarkerChoreographyPlugin,ScreenMarkerChoreographyPlugin,gl_display,0.0,0.0010599615052342415,0.0010599615052342415,843970.829539123,843970.829540183
world,ScreenMarkerChoreographyPlugin,ScreenMarkerChoreographyPlugin,recent_events,843970.790797,0.020802021026611328,70.84822293836623,843970.861624051,843970.861644853
world,ScreenMarkerChoreographyPlugin,ScreenMarkerChoreographyPlugin,gl_display,0.0,0.0014229444786906242,0.0014229444786906242,843970.865338974,843970.865340397
world,ScreenMarkerChoreographyPlugin,ScreenMarkerChoreographyPlugin,recent_events,843970.824308,0.02462195698171854,69.3778779823333,843970.89366055,843970.893685172
world,ScreenMarkerChoreographyPlugin,ScreenMarkerChoreographyPlugin,gl_display,0.0,0.001143082045018673,0.001143082045018673,843970.897220503,843970.897221646
world,ScreenMarkerChoreographyPlugin,ScreenMarkerChoreographyPlugin,recent_events,843970.857818,0.027236994355916977,67.89652002044022,843970.92568656,843970.925713797
world,ScreenMarkerChoreographyPlugin,ScreenMarkerChoreographyPlugin,gl_display,0.0,0.0014739343896508217,0.0014739343896508217,843970.929183535,843970.929185009
world,ScreenMarkerChoreographyPlugin,ScreenMarkerChoreographyPlugin,recent_events,843970.891328,0.03941007889807224,70.40240801870823,843970.961690233,843970.961729643
world,ScreenMarkerChoreographyPlugin,ScreenMarkerChoreographyPlugin,gl_display,0.0,0.0012309756129980087,0.0012309756129980087,843970.965061353,843970.965062584
world,ScreenMarkerChoreographyPlugin,ScreenMarkerChoreographyPlugin,recent_events,843970.924839,0.026227091439068317,68.74898297246546,843970.993561041,843970.993587268
world,ScreenMarkerChoreographyPlugin,ScreenMarkerChoreographyPlugin,gl_display,0.0,0.0010580988600850105,0.0010580988600850105,843970.997653649,843970.997654707
world,ScreenMarkerChoreographyPlugin,ScreenMarkerChoreographyPlugin,recent_events,843970.958349,0.024153967387974262,67.21198302693665,843971.02553609,843971.025560244
world,ScreenMarkerChoreographyPlugin,ScreenMarkerChoreographyPlugin,gl_display,0.0,0.000867992639541626,0.000867992639541626,843971.029390722,843971.02939159
world,ScreenMarkerChoreographyPlugin,ScreenMarkerChoreographyPlugin,recent_events,843970.99186,0.02625701017677784,69.79630410205573,843971.061629238,843971.061655495
world,ScreenMarkerChoreographyPlugin,ScreenMarkerChoreographyPlugin,gl_display,0.0,0.0006050104275345802,0.0006050104275345802,843971.064957079,843971.064957684
world,ScreenMarkerChoreographyPlugin,ScreenMarkerChoreographyPlugin,recent_events,843971.02537,0.015883008018136024,68.14282690174878,843971.093496507,843971.09351239
world,ScreenMarkerChoreographyPlugin,ScreenMarkerChoreographyPlugin,gl_display,0.0,0.000967993400990963,0.000967993400990963,843971.096085832,843971.0960868
world,ScreenMarkerChoreographyPlugin,ScreenMarkerChoreographyPlugin,recent_events,843971.05888,0.041741994209587574,70.93520497437567,843971.12977149,843971.129813232
world,ScreenMarkerChoreographyPlugin,ScreenMarkerChoreographyPlugin,gl_display,0.0,0.0021550804376602173,0.0021550804376602173,843971.142645921,843971.142648076
world,ScreenMarkerChoreographyPlugin,ScreenMarkerChoreographyPlugin,recent_events,843971.092391,0.047359964810311794,69.56283596809953,843971.161903787,843971.161951147
world,ScreenMarkerChoreographyPlugin,ScreenMarkerChoreographyPlugin,gl_display,0.0,0.0023239990696310997,0.0023239990696310997,843971.174712209,843971.174714533
world,ScreenMarkerChoreographyPlugin,ScreenMarkerChoreographyPlugin,recent_events,843971.125901,0.04880304913967848,68.26629105489701,843971.194115708,843971.194164511
world,ScreenMarkerChoreographyPlugin,ScreenMarkerChoreographyPlugin,gl_display,0.0,0.000559026375412941,0.000559026375412941,843971.204213602,843971.204214161
world,ScreenMarkerChoreographyPlugin,ScreenMarkerChoreographyPlugin,recent_events,843971.159412,0.0545009970664978,70.64346107654274,843971.229998718,843971.230053219
world,ScreenMarkerChoreographyPlugin,ScreenMarkerChoreographyPlugin,gl_display,0.0,0.0020940788090229034,0.0020940788090229034,843971.241570963,843971.241573057
world,ScreenMarkerChoreographyPlugin,ScreenMarkerChoreographyPlugin,recent_events,843971.192922,0.05943502765148878,69.13183408323675,843971.261992487,843971.262051922
world,ScreenMarkerChoreographyPlugin,ScreenMarkerChoreographyPlugin,gl_display,0.0,0.0020399456843733788,0.0020399456843733788,843971.273200107,843971.273202147
world,ScreenMarkerChoreographyPlugin,ScreenMarkerChoreographyPlugin,recent_events,843971.226432,0.04159403033554554,71.43142994027585,843971.297820009,843971.297861603
world,ScreenMarkerChoreographyPlugin,ScreenMarkerChoreographyPlugin,gl_display,0.0,0.0022669555619359016,0.0022669555619359016,843971.308120485,843971.308122752
world,ScreenMarkerChoreographyPlugin,ScreenMarkerChoreographyPlugin,recent_events,843971.259943,0.04006805829703808,69.90363192744553,843971.329804261,843971.329844329
world,ScreenMarkerChoreographyPlugin,ScreenMarkerChoreographyPlugin,gl_display,0.0,0.001900014467537403,0.001900014467537403,843971.34094461,843971.34094651
world,ScreenMarkerChoreographyPlugin,ScreenMarkerChoreographyPlugin,recent_events,843971.293453,0.04502502270042896,68.39108001440763,843971.361796953,843971.361841978
world,ScreenMarkerChoreographyPlugin,ScreenMarkerChoreographyPlugin,gl_display,0.0,0.001895008608698845,0.001895008608698845,843971.373034706,843971.373036601
world,ScreenMarkerChoreographyPlugin,ScreenMarkerChoreographyPlugin,recent_events,843971.326964,0.03515102434903383,70.85253403056413,843971.397778988,843971.397814139
world,ScreenMarkerChoreographyPlugin,ScreenMarkerChoreographyPlugin,gl_display,0.0,0.0019869767129421234,0.0019869767129421234,843971.408661181,843971.408663168
world,ScreenMarkerChoreographyPlugin,ScreenMarkerChoreographyPlugin,recent_events,843971.360474,0.03725697752088308,69.289920036681,843971.42972486,843971.429762117
world,ScreenMarkerChoreographyPlugin,ScreenMarkerChoreographyPlugin,gl_display,0.0,0.002042972482740879,0.002042972482740879,843971.440193816,843971.440195859
world,ScreenMarkerChoreographyPlugin,ScreenMarkerChoreographyPlugin,recent_events,843971.393984,0.038878992199897766,67.77453504037112,843971.461717791,843971.46175667
world,ScreenMarkerChoreographyPlugin,ScreenMarkerChoreographyPlugin,gl_display,0.0,0.002500019036233425,0.002500019036233425,843971.472113644,843971.472116144
world,ScreenMarkerChoreographyPlugin,ScreenMarkerChoreographyPlugin,recent_events,843971.427495,0.03923499025404453,70.28610806446522,843971.497739636,843971.497778871
world,ScreenMarkerChoreographyPlugin,ScreenMarkerChoreographyPlugin,gl_display,0.0,0.0021309824660420418,0.0021309824660420418,843971.508303118,843971.508305249
world,ScreenMarkerChoreographyPlugin,ScreenMarkerChoreographyPlugin,recent_events,843971.461005,0.04895403981208801,68.90967593062669,843971.529863887,843971.529912841
world,ScreenMarkerChoreographyPlugin,ScreenMarkerChoreographyPlugin,gl_display,0.0,0.0013980315998196602,0.0013980315998196602,843971.538756588,843971.538757986
world,ScreenMarkerChoreographyPlugin,ScreenMarkerChoreographyPlugin,recent_events,843971.494516,0.0388480257242918,71.39371300581843,843971.565868524,843971.565907372
world,ScreenMarkerChoreographyPlugin,ScreenMarkerChoreographyPlugin,gl_display,0.0,0.0019150320440530777,0.0019150320440530777,843971.576396544,843971.576398459
world,ScreenMarkerChoreographyPlugin,ScreenMarkerChoreographyPlugin,recent_events,843971.528026,0.04007900133728981,69.84437303617597,843971.59782817,843971.597868249
world,ScreenMarkerChoreographyPlugin,ScreenMarkerChoreographyPlugin,gl_display,0.0,0.0023120082914829254,0.0023120082914829254,843971.608238481,843971.608240793
world,ScreenMarkerChoreographyPlugin,ScreenMarkerChoreographyPlugin,recent_events,843971.561536,0.03826397005468607,68.31371400039643,843971.629809257,843971.629847521
world,ScreenMarkerChoreographyPlugin,ScreenMarkerChoreographyPlugin,gl_display,0.0,0.0021440209820866585,0.0021440209820866585,843971.639837883,843971.639840027
world,ScreenMarkerChoreographyPlugin,ScreenMarkerChoreographyPlugin,recent_events,843971.595047,0.03699806984513998,70.8218130748719,843971.665829844,843971.665866842
world,ScreenMarkerChoreographyPlugin,ScreenMarkerChoreographyPlugin,gl_display,0.0,0.0022120075300335884,0.0022120075300335884,843971.676134488,843971.6761367
world,ScreenMarkerChoreographyPlugin,ScreenMarkerChoreographyPlugin,recent_events,843971.628557,0.03669795114547014,69.2456770921126,843971.697764082,843971.69780078
world,ScreenMarkerChoreographyPlugin,ScreenMarkerChoreographyPlugin,gl_display,0.0,0.0021209707483649254,0.0021209707483649254,843971.708055769,843971.70805789
world,ScreenMarkerChoreographyPlugin,ScreenMarkerChoreographyPlugin,recent_events,843971.662068,0.03670703154057264,67.70636700093746,843971.729735772,843971.729772479
world,ScreenMarkerChoreographyPlugin,ScreenMarkerChoreographyPlugin,gl_display,0.0,0.0018420396372675896,0.0018420396372675896,843971.740457213,843971.740459055
world,ScreenMarkerChoreographyPlugin,ScreenMarkerChoreographyPlugin,recent_events,843971.695578,0.0378279946744442,70.22550597321242,843971.765763282,843971.76580111
world,ScreenMarkerChoreographyPlugin,ScreenMarkerChoreographyPlugin,gl_display,0.0,0.0024990877136588097,0.0024990877136588097,843971.77612052,843971.776123019
world,ScreenMarkerChoreographyPlugin,ScreenMarkerChoreographyPlugin,recent_events,843971.729088,0.04250998608767986,68.71380703523755,843971.797757344,843971.797799854
world,ScreenMarkerChoreographyPlugin,ScreenMarkerChoreographyPlugin,gl_display,0.0,0.0005559995770454407,0.0005559995770454407,843971.806682499,843971.806683055
world,ScreenMarkerChoreographyPlugin,ScreenMarkerChoreographyPlugin,recent_events,843971.762599,0.04149798769503832,71.2431879946962,843971.833798815,843971.833840313
world,ScreenMarkerChoreographyPlugin,ScreenMarkerChoreographyPlugin,gl_display,0.0,0.0023009488359093666,0.0023009488359093666,843971.844125372,843971.844127673
world,ScreenMarkerChoreographyPlugin,ScreenMarkerChoreographyPlugin,recent_events,843971.796109,0.03661098890006542,69.7197059635073,843971.865790216,843971.865826827
world,ScreenMarkerChoreographyPlugin,ScreenMarkerChoreographyPlugin,gl_display,0.0,0.002153916284441948,0.002153916284441948,843971.875936532,843971.875938686
world,ScreenMarkerChoreographyPlugin,ScreenMarkerChoreographyPlugin,recent_events,843971.82962,0.037936028093099594,68.1629100581631,843971.897742986,843971.897780922
world,ScreenMarkerChoreographyPlugin,ScreenMarkerChoreographyPlugin,gl_display,0.0,0.0016569392755627632,0.0016569392755627632,843971.908211585,843971.908213242
world,ScreenMarkerChoreographyPlugin,ScreenMarkerChoreographyPlugin,recent_events,843971.86313,0.036653014831244946,71.02296501398087,843971.934114433,843971.934151086
world,ScreenMarkerChoreographyPlugin,ScreenMarkerChoreographyPlugin,gl_display,0.0,0.0004080357030034065,0.0004080357030034065,843971.94256942,843971.942569828
world,ScreenMarkerChoreographyPlugin,ScreenMarkerChoreographyPlugin,recent_events,843971.89664,0.03671599552035332,69.20198898296803,843971.965803062,843971.965839778
world,ScreenMarkerChoreographyPlugin,ScreenMarkerChoreographyPlugin,gl_display,0.0,0.002610962837934494,0.002610962837934494,843971.976304491,843971.976307102
world,ScreenMarkerChoreographyPlugin,ScreenMarkerChoreographyPlugin,recent_events,843971.930151,0.03806001041084528,67.68119800835848,843971.997792408,843971.997830468
world,ScreenMarkerChoreographyPlugin,ScreenMarkerChoreographyPlugin,gl_display,0.0,0.0020830193534493446,0.0020830193534493446,843972.00805424,843972.008056323
world,ScreenMarkerChoreographyPlugin,ScreenMarkerChoreographyPlugin,recent_events,843971.963661,0.03951892722398043,70.18321193754673,843972.033802669,843972.033842188
world,ScreenMarkerChoreographyPlugin,ScreenMarkerChoreographyPlugin,gl_display,0.0,0.002235989086329937,0.002235989086329937,843972.044211863,843972.044214099
world,ScreenMarkerChoreographyPlugin,ScreenMarkerChoreographyPlugin,recent_events,843971.997172,0.037353020161390305,68.75269499141723,843972.065885154,843972.065922507
world,ScreenMarkerChoreographyPlugin,ScreenMarkerChoreographyPlugin,gl_display,0.0,0.0018790597096085548,0.0018790597096085548,843972.076194829,843972.076196708
world,ScreenMarkerChoreographyPlugin,ScreenMarkerChoreographyPlugin,recent_events,843972.030682,0.038072001188993454,71.1663740221411,843972.101808177,843972.101846249
world,ScreenMarkerChoreographyPlugin,ScreenMarkerChoreographyPlugin,gl_display,0.0,0.002257060259580612,0.002257060259580612,843972.112102932,843972.112105189
world,ScreenMarkerChoreographyPlugin,ScreenMarkerChoreographyPlugin,recent_events,843972.064192,0.038865022361278534,69.64259198866785,843972.133794056,843972.133832921
world,ScreenMarkerChoreographyPlugin,ScreenMarkerChoreographyPlugin,gl_display,0.0,0.0022150343284010887,0.0022150343284010887,843972.143916357,843972.143918572
world,ScreenMarkerChoreographyPlugin,ScreenMarkerChoreographyPlugin,recent_events,843972.097703,0.03769493196159601,68.10161704197526,843972.165764597,843972.165802292
world,ScreenMarkerChoreographyPlugin,ScreenMarkerChoreographyPlugin,gl_display,0.0,0.0024070031940937042,0.0024070031940937042,843972.175884268,843972.175886675
world,ScreenMarkerChoreographyPlugin,ScreenMarkerChoreographyPlugin,recent_events,843972.131213,0.037686084397137165,70.59141295030713,843972.201764411,843972.201802097
world,ScreenMarkerChoreographyPlugin,ScreenMarkerChoreographyPlugin,gl_display,0.0,0.0019939616322517395,0.0019939616322517395,843972.212084935,843972.212086929
world,ScreenMarkerChoreographyPlugin,ScreenMarkerChoreographyPlugin,recent_events,843972.164724,0.03918504808098078,69.11921501159668,843972.233801896,843972.233841081
world,ScreenMarkerChoreographyPlugin,ScreenMarkerChoreographyPlugin,gl_display,0.0,0.0017900019884109497,0.0017900019884109497,843972.244231009,843972.244232799
world,ScreenMarkerChoreographyPlugin,ScreenMarkerChoreographyPlugin,recent_events,843972.198234,0.035875942558050156,67.60052696336061,843972.265796724,843972.2658326
world,ScreenMarkerChoreographyPlugin,ScreenMarkerChoreographyPlugin,gl_display,0.0,0.0016479752957820892,0.0016479752957820892,843972.277203992,843972.27720564
world,ScreenMarkerChoreographyPlugin,ScreenMarkerChoreographyPlugin,recent_events,843972.231744,0.04063302185386419,70.15892106574029,843972.301860453,843972.301901086
world,ScreenMarkerChoreographyPlugin,ScreenMarkerChoreographyPlugin,gl_display,0.0,0.0018900027498602867,0.0018900027498602867,843972.312242241,843972.312244131
world,ScreenMarkerChoreographyPlugin,ScreenMarkerChoreographyPlugin,recent_events,843972.265255,0.03600004129111767,68.53219005279243,843972.333749303,843972.333785303
world,ScreenMarkerChoreographyPlugin,ScreenMarkerChoreographyPlugin,gl_display,0.0,0.002122018486261368,0.002122018486261368,843972.344153568,843972.34415569
world,ScreenMarkerChoreographyPlugin,ScreenMarkerChoreographyPlugin,recent_events,843972.298765,0.03776408266276121,71.05042005423456,843972.369775584,843972.369813348
world,ScreenMarkerChoreographyPlugin,ScreenMarkerChoreographyPlugin,gl_display,0.0,0.0018039718270301819,0.0018039718270301819,843972.380117448,843972.380119252
world,ScreenMarkerChoreographyPlugin,ScreenMarkerChoreographyPlugin,recent_events,843972.332276,0.038443016819655895,69.55411308445036,843972.401789896,843972.401828339
world,ScreenMarkerChoreographyPlugin,ScreenMarkerChoreographyPlugin,gl_display,0.0,0.001875101588666439,0.001875101588666439,843972.411979397,843972.411981272
world,ScreenMarkerChoreographyPlugin,ScreenMarkerChoreographyPlugin,recent_events,843972.365786,0.040065962821245193,68.12991097103804,843972.433873742,843972.433913808
world,ScreenMarkerChoreographyPlugin,ScreenMarkerChoreographyPlugin,gl_display,0.0,0.0021490268409252167,0.0021490268409252167,843972.443953693,843972.443955842
world,ScreenMarkerChoreographyPlugin,ScreenMarkerChoreographyPlugin,recent_events,843972.399296,0.04043895751237869,70.57587895542383,843972.46982956,843972.469869999
world,ScreenMarkerChoreographyPlugin,ScreenMarkerChoreographyPlugin,gl_display,0.0,0.0026889611035585403,0.0026889611035585403,843972.47979709,843972.479799779
world,ScreenMarkerChoreographyPlugin,ScreenMarkerChoreographyPlugin,recent_events,843972.432807,0.040575978346168995,69.12928994279355,843972.501893822,843972.501934398
world,ScreenMarkerChoreographyPlugin,ScreenMarkerChoreographyPlugin,gl_display,0.0,0.0021599698811769485,0.0021599698811769485,843972.5123516,843972.51235376
world,ScreenMarkerChoreographyPlugin,ScreenMarkerChoreographyPlugin,recent_events,843972.466317,0.040440005250275135,67.60020402725786,843972.533874927,843972.533915367
world,ScreenMarkerChoreographyPlugin,ScreenMarkerChoreographyPlugin,gl_display,0.0,0.0023600878193974495,0.0023600878193974495,843972.545490032,843972.545492392
world,ScreenMarkerChoreographyPlugin,ScreenMarkerChoreographyPlugin,recent_events,843972.499828,0.038943951949477196,70.05116203799844,843972.569837933,843972.569876877
world,ScreenMarkerChoreographyPlugin,ScreenMarkerChoreographyPlugin,gl_display,0.0,0.002085929736495018,0.002085929736495018,843972.580519229,843972.580521315
world,ScreenMarkerChoreographyPlugin,ScreenMarkerChoreographyPlugin,recent_events,843972.533338,0.046128989197313786,68.54248500894755,843972.601831264,843972.601877393
world,ScreenMarkerChoreographyPlugin,ScreenMarkerChoreographyPlugin,gl_display,0.0,0.0020799925550818443,0.0020799925550818443,843972.612035364,843972.612037444
world,ScreenMarkerChoreographyPlugin,ScreenMarkerChoreographyPlugin,recent_events,843972.566848,0.046122935600578785,71.06720795854926,843972.637866841,843972.637912964
world,ScreenMarkerChoreographyPlugin,ScreenMarkerChoreographyPlugin,gl_display,0.0,0.002452055923640728,0.002452055923640728,843972.648201166,843972.648203618
world,ScreenMarkerChoreographyPlugin,ScreenMarkerChoreographyPlugin,recent_events,843972.600359,0.03686896525323391,69.54365596175194,843972.669863653,843972.669900522
world,ScreenMarkerChoreographyPlugin,ScreenMarkerChoreographyPlugin,gl_display,0.0,0.0019560102373361588,0.0019560102373361588,843972.680153646,843972.680155602
world,ScreenMarkerChoreographyPlugin,ScreenMarkerChoreographyPlugin,recent_events,843972.633869,0.03639596980065107,68.06815799791366,843972.701898896,843972.701935292
world,ScreenMarkerChoreographyPlugin,ScreenMarkerChoreographyPlugin,gl_display,0.0,0.0025070039555430412,0.0025070039555430412,843972.712225372,843972.712227879
world,ScreenMarkerChoreographyPlugin,ScreenMarkerChoreographyPlugin,recent_events,843972.66738,0.04033604636788368,70.5403529573232,843972.737877695,843972.737918031
world,ScreenMarkerChoreographyPlugin,ScreenMarkerChoreographyPlugin,gl_display,0.0,0.0018810387700796127,0.0018810387700796127,843972.748469717,843972.748471598
world,ScreenMarkerChoreographyPlugin,ScreenMarkerChoreographyPlugin,recent_events,843972.70089,0.036732060834765434,68.92701506149024,843972.769778144,843972.769814876
world,ScreenMarkerChoreographyPlugin,ScreenMarkerChoreographyPlugin,gl_display,0.0,0.001979060471057892,0.001979060471057892,843972.779899559,843972.779901538
world,ScreenMarkerChoreographyPlugin,ScreenMarkerChoreographyPlugin,recent_events,843972.7344,0.04564307164400816,71.49199501145631,843972.805844007,843972.80588965
world,ScreenMarkerChoreographyPlugin,ScreenMarkerChoreographyPlugin,gl_display,0.0,0.002158922143280506,0.002158922143280506,843972.816083824,843972.816085983
world,ScreenMarkerChoreographyPlugin,ScreenMarkerChoreographyPlugin,recent_events,843972.767911,0.036673969589173794,69.96731704566628,843972.83783957,843972.837876244
world,ScreenMarkerChoreographyPlugin,ScreenMarkerChoreographyPlugin,gl_display,0.0,0.0026890775188803673,0.0026890775188803673,843972.848176439,843972.848179128
world,ScreenMarkerChoreographyPlugin,ScreenMarkerChoreographyPlugin,recent_events,843972.801421,0.036587007343769073,68.47724295221269,843972.869859582,843972.869896169
world,ScreenMarkerChoreographyPlugin,ScreenMarkerChoreographyPlugin,gl_display,0.0,0.0017739366739988327,0.0017739366739988327,843972.880079625,843972.880081399
world,ScreenMarkerChoreographyPlugin,ScreenMarkerChoreographyPlugin,recent_events,843972.834932,0.045549008063971996,71.00525591522455,843972.905889725,843972.905935274
world,ScreenMarkerChoreographyPlugin,ScreenMarkerChoreographyPlugin,gl_display,0.0,0.002210959792137146,0.002210959792137146,843972.916606214,843972.916608425
world,ScreenMarkerChoreographyPlugin,ScreenMarkerChoreographyPlugin,recent_events,843972.868442,0.03949296660721302,69.38961194828153,843972.937789967,843972.93782946
world,ScreenMarkerChoreographyPlugin,ScreenMarkerChoreographyPlugin,gl_display,0.0,0.00265706330537796,0.00265706330537796,843972.948190023,843972.94819268
world,ScreenMarkerChoreographyPlugin,ScreenMarkerChoreographyPlugin,recent_events,843972.901952,0.040346989408135414,67.92454200331122,843972.969834472,843972.969874819
world,ScreenMarkerChoreographyPlugin,ScreenMarkerChoreographyPlugin,gl_display,0.0,0.0022959429770708084,0.0022959429770708084,843972.980121487,843972.980123783
world,ScreenMarkerChoreographyPlugin,ScreenMarkerChoreographyPlugin,recent_events,843972.935463,0.034398981370031834,70.37636102177203,843973.005803009,843973.005837408
world,ScreenMarkerChoreographyPlugin,ScreenMarkerChoreographyPlugin,gl_display,0.0,0.002317945472896099,0.002317945472896099,843973.015481996,843973.015484314
world,ScreenMarkerChoreographyPlugin,ScreenMarkerChoreographyPlugin,recent_events,843972.968973,0.036106910556554794,68.8333900179714,843973.037768644,843973.037804751
world,ScreenMarkerChoreographyPlugin,ScreenMarkerChoreographyPlugin,gl_display,0.0,0.0024529872462153435,0.0024529872462153435,843973.048138191,843973.048140644
world,ScreenMarkerChoreographyPlugin,ScreenMarkerChoreographyPlugin,recent_events,843973.002484,0.041757943108677864,71.37330190744251,843973.073813386,843973.073855144
world,ScreenMarkerChoreographyPlugin,ScreenMarkerChoreographyPlugin,gl_display,0.0,0.0024349428713321686,0.0024349428713321686,843973.084358704,843973.084361139
world,ScreenMarkerChoreographyPlugin,ScreenMarkerChoreographyPlugin,recent_events,843973.035994,0.04100310616195202,69.91559790913016,843973.1058667,843973.105907703
world,ScreenMarkerChoreographyPlugin,ScreenMarkerChoreographyPlugin,gl_display,0.0,0.00212306622415781,0.00212306622415781,843973.115860106,843973.115862229
world,ScreenMarkerChoreographyPlugin,ScreenMarkerChoreographyPlugin,recent_events,843973.069504,0.03839994315057993,68.35444096941501,843973.137817963,843973.137856363
world,ScreenMarkerChoreographyPlugin,ScreenMarkerChoreographyPlugin,gl_display,0.0,0.0019669532775878906,0.0019669532775878906,843973.147845651,843973.147847618
world,ScreenMarkerChoreographyPlugin,ScreenMarkerChoreographyPlugin,recent_events,843973.103015,0.03812694922089577,70.87517704349011,843973.173850097,843973.173888224
world,ScreenMarkerChoreographyPlugin,ScreenMarkerChoreographyPlugin,gl_display,0.0,0.002269982360303402,0.002269982360303402,843973.183970775,843973.183973045
world,ScreenMarkerChoreographyPlugin,ScreenMarkerChoreographyPlugin,recent_events,843973.136525,0.03894302062690258,69.32928401511163,843973.205813485,843973.205852428
world,ScreenMarkerChoreographyPlugin,ScreenMarkerChoreographyPlugin,gl_display,0.0,0.0019730068743228912,0.0019730068743228912,843973.215847005,843973.215848978
world,ScreenMarkerChoreographyPlugin,ScreenMarkerChoreographyPlugin,recent_events,843973.170036,0.038985046558082104,67.82521901186556,843973.237820425,843973.23785941
world,ScreenMarkerChoreographyPlugin,ScreenMarkerChoreographyPlugin,gl_display,0.0,0.0017900019884109497,0.0017900019884109497,843973.248330734,843973.248332524
world,ScreenMarkerChoreographyPlugin,ScreenMarkerChoreographyPlugin,recent_events,843973.203546,0.053058029152452946,70.50474302377552,843973.27399557,843973.274048628
world,ScreenMarkerChoreographyPlugin,ScreenMarkerChoreographyPlugin,gl_display,0.0,0.0020889565348625183,0.0020889565348625183,843973.284424138,843973.284426227
world,ScreenMarkerChoreographyPlugin,ScreenMarkerChoreographyPlugin,recent_events,843973.237056,0.04697800613939762,69.07604192383587,843973.306083217,843973.306130195
world,ScreenMarkerChoreographyPlugin,ScreenMarkerChoreographyPlugin,gl_display,0.0,0.00160199124366045,0.00160199124366045,843973.316308885,843973.316310487
world,ScreenMarkerChoreographyPlugin,ScreenMarkerChoreographyPlugin,recent_events,843973.270567,0.04703796003013849,71.52504299301654,843973.342043292,843973.34209033
world,ScreenMarkerChoreographyPlugin,ScreenMarkerChoreographyPlugin,gl_display,0.0,0.001908978447318077,0.001908978447318077,843973.352245716,843973.352247625
world,ScreenMarkerChoreographyPlugin,ScreenMarkerChoreographyPlugin,recent_events,843973.304077,0.04288007039576769,70.03074698150158,843973.37406252,843973.3741054
world,ScreenMarkerChoreographyPlugin,ScreenMarkerChoreographyPlugin,gl_display,0.0,0.001934007741510868,0.001934007741510868,843973.384187036,843973.38418897
world,ScreenMarkerChoreographyPlugin,ScreenMarkerChoreographyPlugin,recent_events,843973.337588,0.040946993976831436,68.50867695175111,843973.406053977,843973.406094924
world,ScreenMarkerChoreographyPlugin,ScreenMarkerChoreographyPlugin,gl_display,0.0,0.0021279556676745415,0.0021279556676745415,843973.416583038,843973.416585166
world,ScreenMarkerChoreographyPlugin,ScreenMarkerChoreographyPlugin,recent_events,843973.371098,0.03819703124463558,70.99001202732325,843973.442047936,843973.442086133
world,ScreenMarkerChoreographyPlugin,ScreenMarkerChoreographyPlugin,gl_display,0.0,0.002093031071126461,0.002093031071126461,843973.452243352,843973.452245445
world,ScreenMarkerChoreographyPlugin,ScreenMarkerChoreographyPlugin,recent_events,843973.404608,0.03988505341112614,69.26168501377106,843973.473827789,843973.473867674
world,ScreenMarkerChoreographyPlugin,ScreenMarkerChoreographyPlugin,gl_display,0.0,0.002125045284628868,0.002125045284628868,843973.483955723,843973.483957848
world,ScreenMarkerChoreographyPlugin,ScreenMarkerChoreographyPlugin,recent_events,843973.438119,0.050217960961163044,67.82054796349257,843973.505886373,843973.505936591
world,ScreenMarkerChoreographyPlugin,ScreenMarkerChoreographyPlugin,gl_display,0.0,0.0030300579965114594,0.0030300579965114594,843973.518645383,843973.518648413
world,ScreenMarkerChoreographyPlugin,ScreenMarkerChoreographyPlugin,recent_events,843973.471629,0.04009692929685116,70.24498097598553,843973.541831893,843973.54187199
world,ScreenMarkerChoreographyPlugin,ScreenMarkerChoreographyPlugin,gl_display,0.0,0.001992913894355297,0.001992913894355297,843973.554089774,843973.554091767
world,ScreenMarkerChoreographyPlugin,ScreenMarkerChoreographyPlugin,recent_events,843973.50514,0.03979995381087065,68.74272192362696,843973.57384103,843973.57388083
world,ScreenMarkerChoreographyPlugin,ScreenMarkerChoreographyPlugin,gl_display,0.0,0.0020259758457541466,0.0020259758457541466,843973.585624757,843973.585626783
world,ScreenMarkerChoreographyPlugin,ScreenMarkerChoreographyPlugin,recent_events,843973.53865,0.039011938497424126,71.27137505449355,843973.609880271,843973.609919283
world,ScreenMarkerChoreographyPlugin,ScreenMarkerChoreographyPlugin,gl_display,0.0,0.0018400605767965317,0.0018400605767965317,843973.621904683,843973.621906523
world,ScreenMarkerChoreographyPlugin,ScreenMarkerChoreographyPlugin,recent_events,843973.57216,0.038394005969166756,69.70106903463602,843973.641820549,843973.641858943
world,ScreenMarkerChoreographyPlugin,ScreenMarkerChoreographyPlugin,gl_display,0.0,0.0020600855350494385,0.0020600855350494385,843973.653689827,843973.653691887
world,ScreenMarkerChoreographyPlugin,ScreenMarkerChoreographyPlugin,recent_events,843973.605671,0.03744708374142647,68.14477406442165,843973.673776391,843973.673813838
world,ScreenMarkerChoreographyPlugin,ScreenMarkerChoreographyPlugin,gl_display,0.0,0.0018189894035458565,0.0018189894035458565,843973.685272524,843973.685274343
world,ScreenMarkerChoreographyPlugin,ScreenMarkerChoreographyPlugin,recent_events,843973.639181,0.036224955692887306,70.65821101423353,843973.709801102,843973.709837327
world,ScreenMarkerChoreographyPlugin,ScreenMarkerChoreographyPlugin,gl_display,0.0,0.0018299324437975883,0.0018299324437975883,843973.721451965,843973.721453795
world,ScreenMarkerChoreographyPlugin,ScreenMarkerChoreographyPlugin,recent_events,843973.672692,0.036798068322241306,69.1668139770627,843973.741820012,843973.74185681
world,ScreenMarkerChoreographyPlugin,ScreenMarkerChoreographyPlugin,gl_display,0.0,0.0017220154404640198,0.0017220154404640198,843973.753190109,843973.753191831
world,ScreenMarkerChoreographyPlugin,ScreenMarkerChoreographyPlugin,recent_events,843973.706202,0.026624067686498165,80.5071690119803,843973.786679636,843973.78670626
world,System_Graphs,System_Graphs,gl_display,0.0,2.8076189337298274,2.8076189337298274,843965.102124896,843965.104932515
world,System_Graphs,System_Graphs,recent_events,0.0,0.002408982254564762,0.002408982254564762,843965.281407619,843965.281410028
world,System_Graphs,System_Graphs,recent_events,843965.261581,0.00787700992077589,68.25957994442433,843965.32983128,843965.329839157
world,System_Graphs,System_Graphs,gl_display,0.0,0.06300199311226606,0.06300199311226606,843965.338481846,843965.338544848
world,System_Graphs,System_Graphs,recent_events,843965.295092,0.010367948561906815,70.65831194631755,843965.365738315,843965.365748683
world,System_Graphs,System_Graphs,gl_display,0.0,0.18803600687533617,0.18803600687533617,843965.373217509,843965.373405545
world,System_Graphs,System_Graphs,recent_events,843965.328602,0.0046120258048176765,68.78415099345148,843965.397380934,843965.397385546
world,System_Graphs,System_Graphs,gl_display,0.0,0.09259197395294905,0.09259197395294905,843965.399500116,843965.399592708
world,System_Graphs,System_Graphs,recent_events,843965.362112,0.11277501471340656,67.40176596213132,843965.429400055,843965.42951283
world,System_Graphs,System_Graphs,gl_display,0.0,0.08753105066716671,0.08753105066716671,843965.43156567,843965.431653201
world,System_Graphs,System_Graphs,recent_events,843965.395623,0.003554043360054493,69.9221120448783,843965.465540923,843965.465544477
world,System_Graphs,System_Graphs,gl_display,0.0,0.06356195081025362,0.06356195081025362,843965.467923505,843965.467987067
world,System_Graphs,System_Graphs,recent_events,843965.429133,0.010991934686899185,68.77754302695394,843965.497898043,843965.497909035
world,System_Graphs,System_Graphs,gl_display,0.0,0.19214802887290716,0.19214802887290716,843965.509300925,843965.509493073
world,System_Graphs,System_Graphs,recent_events,843965.462644,0.010858988389372826,71.16785005200654,843965.533800035,843965.533810894
world,System_Graphs,System_Graphs,gl_display,0.0,0.07471395656466484,0.07471395656466484,843965.539363257,843965.539437971
world,System_Graphs,System_Graphs,recent_events,843965.496154,0.0037589343264698982,69.35390294529498,843965.565503592,843965.565507351
world,System_Graphs,System_Graphs,gl_display,0.0,0.1248399494215846,0.1248399494215846,843965.57013815,843965.57026299
world,System_Graphs,System_Graphs,recent_events,843965.529664,0.2245199866592884,68.16066091414541,843965.597598297,843965.597822817
world,System_Graphs,System_Graphs,gl_display,0.0,0.20020303782075644,0.20020303782075644,843965.608557574,843965.608757777
world,System_Graphs,System_Graphs,recent_events,843965.563175,0.001985928975045681,70.0674350373447,843965.633240174,843965.63324216
world,System_Graphs,System_Graphs,gl_display,0.0,0.04383095074445009,0.04383095074445009,843965.635292619,843965.63533645
world,System_Graphs,System_Graphs,recent_events,843965.596685,0.0034330878406763077,68.70579102542251,843965.665386766,843965.665390199
world,System_Graphs,System_Graphs,gl_display,0.0,0.09372294880449772,0.09372294880449772,843965.668864779,843965.668958502
world,System_Graphs,System_Graphs,recent_events,843965.630196,0.003400025889277458,67.22997105680406,843965.697421942,843965.697425342
world,System_Graphs,System_Graphs,gl_display,0.0,0.08116406388580799,0.08116406388580799,843965.700883891,843965.700965055
world,System_Graphs,System_Graphs,recent_events,843965.663706,0.0031030504032969475,69.67538699973375,843965.733377668,843965.733380771
world,System_Graphs,System_Graphs,gl_display,0.0,0.0512109836563468,0.0512109836563468,843965.736207402,843965.736258613
world,System_Graphs,System_Graphs,recent_events,843965.697216,0.10112801101058722,68.27167107257992,843965.765385658,843965.765486786
world,System_Graphs,System_Graphs,gl_display,0.0,0.06506592035293579,0.06506592035293579,843965.768411454,843965.76847652
world,System_Graphs,System_Graphs,recent_events,843965.730727,0.002966029569506645,70.63164794817567,843965.801355024,843965.80135799
world,System_Graphs,System_Graphs,gl_display,0.0,0.08493405766785145,0.08493405766785145,843965.805160066,843965.805245
world,System_Graphs,System_Graphs,recent_events,843965.764237,0.0033320393413305283,69.1700919996947,843965.833403152,843965.833406484
world,System_Graphs,System_Graphs,gl_display,0.0,0.09428698103874922,0.09428698103874922,843965.8371599,843965.837254187
world,System_Graphs,System_Graphs,recent_events,843965.797748,0.0036800047382712364,67.68159102648497,843965.865425226,843965.865428906
world,System_Graphs,System_Graphs,gl_display,0.0,0.09483599569648504,0.09483599569648504,843965.869243691,843965.869338527
world,System_Graphs,System_Graphs,recent_events,843965.831258,0.004017027094960213,70.19535498693585,843965.90144873,843965.901452747
world,System_Graphs,System_Graphs,gl_display,0.0,0.057243043556809425,0.057243043556809425,843965.905119734,843965.905176977
world,System_Graphs,System_Graphs,recent_events,843965.864768,0.08064601570367813,68.62762803211808,843965.933314592,843965.933395238
world,System_Graphs,System_Graphs,gl_display,0.0,0.061027007177472115,0.061027007177472115,843965.935612536,843965.935673563
world,System_Graphs,System_Graphs,recent_events,843965.898279,0.003268010914325714,67.10306007880718,843965.965378151,843965.965381419
world,System_Graphs,System_Graphs,gl_display,0.0,0.13741396833211184,0.13741396833211184,843965.968639982,843965.968777396
world,System_Graphs,System_Graphs,recent_events,843965.931789,0.0036529963836073875,69.64999297633767,843966.001434762,843966.001438415
world,System_Graphs,System_Graphs,gl_display,0.0,0.07450499106198549,0.07450499106198549,843966.004610358,843966.004684863
world,System_Graphs,System_Graphs,recent_events,843965.9653,0.0032299431040883064,68.14715801738203,843966.033443268,843966.033446498
world,System_Graphs,System_Graphs,gl_display,0.0,0.09140500333160162,0.09140500333160162,843966.036656352,843966.036747757
world,System_Graphs,System_Graphs,recent_events,843965.99881,0.0033190008252859116,70.61054895166308,843966.06941663,843966.069419949
world,System_Graphs,System_Graphs,gl_display,0.0,0.0890839146450162,0.0890839146450162,843966.072746398,843966.072835482
world,System_Graphs,System_Graphs,recent_events,843966.03232,0.1116220373660326,69.27354098297656,843966.101481101,843966.101592723
world,System_Graphs,System_Graphs,gl_display,0.0,0.08811498992145061,0.08811498992145061,843966.104853655,843966.10494177
world,System_Graphs,System_Graphs,recent_events,843966.065831,0.003434019163250923,67.56860401947051,843966.133395563,843966.133398997
world,System_Graphs,System_Graphs,gl_display,0.0,0.07398996967822313,0.07398996967822313,843966.136620439,843966.136694429
world,System_Graphs,System_Graphs,recent_events,843966.099341,0.0036279670894145966,70.10302704293281,843966.169439818,843966.169443446
world,System_Graphs,System_Graphs,gl_display,0.0,0.09713892359286547,0.09713892359286547,843966.172678014,843966.172775153
world,System_Graphs,System_Graphs,recent_events,843966.132852,0.0033830292522907257,68.55181709397584,843966.201399853,843966.201403236
world,System_Graphs,System_Graphs,gl_display,0.0,0.07715495303273201,0.07715495303273201,843966.204682064,843966.204759219
world,System_Graphs,System_Graphs,recent_events,843966.166362,0.00360200647264719,67.04582297243178,843966.23340358,843966.233407182
world,System_Graphs,System_Graphs,gl_display,0.0,0.07691397331655025,0.07691397331655025,843966.236554265,843966.236631179
world,System_Graphs,System_Graphs,recent_events,843966.199872,0.0983159989118576,69.68754599802196,843966.269460351,843966.269558667
world,System_Graphs,System_Graphs,gl_display,0.0,0.09872298687696457,0.09872298687696457,843966.272758979,843966.272857702
world,System_Graphs,System_Graphs,recent_events,843966.233383,0.0037010759115219116,68.09038098435849,843966.301469071,843966.301472772
world,System_Graphs,System_Graphs,gl_display,0.0,0.09002594742923975,0.09002594742923975,843966.304786392,843966.304876418
world,System_Graphs,System_Graphs,recent_events,843966.266893,0.003901892341673374,70.58264897204936,843966.337471037,843966.337474939
world,System_Graphs,System_Graphs,gl_display,0.0,0.09171606507152319,0.09171606507152319,843966.340671554,843966.34076327
world,System_Graphs,System_Graphs,recent_events,843966.300404,0.003030989319086075,69.07459604553878,843966.369475005,843966.369478036
world,System_Graphs,System_Graphs,gl_display,0.0,0.04564202390611172,0.04564202390611172,843966.373536557,843966.373582199
world,System_Graphs,System_Graphs,recent_events,843966.333914,0.002639950253069401,67.44050199631602,843966.401351507,843966.401354147
world,System_Graphs,System_Graphs,gl_display,0.0,0.055216019973158836,0.055216019973158836,843966.403879866,843966.403935082
world,System_Graphs,System_Graphs,recent_events,843966.367424,0.07721106521785259,69.99572599306703,843966.4373421,843966.437419311
world,System_Graphs,System_Graphs,gl_display,0.0,0.06555009167641401,0.06555009167641401,843966.439923166,843966.439988716
world,System_Graphs,System_Graphs,recent_events,843966.400935,0.002129003405570984,68.38916090782732,843966.469321739,843966.469323868
world,System_Graphs,System_Graphs,gl_display,0.0,0.057555967941880226,0.057555967941880226,843966.471778942,843966.471836498
world,System_Graphs,System_Graphs,recent_events,843966.434445,0.0025009503588080406,70.8956370363012,843966.505337834,843966.505340335
world,System_Graphs,System_Graphs,gl_display,0.0,0.06633799057453871,0.06633799057453871,843966.507609636,843966.507675974
world,System_Graphs,System_Graphs,recent_events,843966.467956,0.0019560102373361588,69.37863701023161,843966.537332427,843966.537334383
world,System_Graphs,System_Graphs,gl_display,0.0,0.05425803828984499,0.05425803828984499,843966.539480123,843966.539534381
world,System_Graphs,System_Graphs,recent_events,843966.501466,0.002513057552278042,67.87500495556742,843966.569338191,843966.569340704
world,System_Graphs,System_Graphs,gl_display,0.0,0.054249074310064316,0.054249074310064316,843966.571499671,843966.57155392
world,System_Graphs,System_Graphs,recent_events,843966.534976,0.07526902481913567,70.44447306543589,843966.605344864,843966.605420133
world,System_Graphs,System_Graphs,gl_display,0.0,0.05179201252758503,0.05179201252758503,843966.607559758,843966.60761155
world,System_Graphs,System_Graphs,recent_events,843966.568487,0.002230983227491379,68.87531408574432,843966.637359526,843966.637361757
world,System_Graphs,System_Graphs,gl_display,0.0,0.05058501847088337,0.05058501847088337,843966.639555581,843966.639606166
world,System_Graphs,System_Graphs,recent_events,843966.601997,0.0022869789972901344,67.36595497932285,843966.669360314,843966.669362601
world,System_Graphs,System_Graphs,gl_display,0.0,0.0485879136249423,0.0485879136249423,843966.671543815,843966.671592403
world,System_Graphs,System_Graphs,recent_events,843966.635508,0.0025919871404767036,69.84549993649125,843966.705350668,843966.70535326
world,System_Graphs,System_Graphs,gl_display,0.0,0.05710800178349018,0.05710800178349018,843966.707521007,843966.707578115
world,System_Graphs,System_Graphs,recent_events,843966.669018,0.0022849999368190765,68.33500403445214,843966.737350416,843966.737352701
world,System_Graphs,System_Graphs,gl_display,0.0,0.052987015806138515,0.052987015806138515,843966.739895694,843966.739948681
world,System_Graphs,System_Graphs,recent_events,843966.702528,0.07639999967068434,70.93601999804378,843966.773387234,843966.773463634
world,System_Graphs,System_Graphs,gl_display,0.0,0.06596604362130165,0.06596604362130165,843966.77599049,843966.776056456
world,System_Graphs,System_Graphs,recent_events,843966.736039,0.002086046151816845,69.32081398554146,843966.805357432,843966.805359518
world,System_Graphs,System_Graphs,gl_display,0.0,0.04773202817887068,0.04773202817887068,843966.808760087,843966.808807819
world,System_Graphs,System_Graphs,recent_events,843966.769549,0.0025810441002249718,67.78267200570554,843966.837328819,843966.8373314
world,System_Graphs,System_Graphs,gl_display,0.0,0.05571497604250908,0.05571497604250908,843966.839810812,843966.839866527
world,System_Graphs,System_Graphs,recent_events,843966.80306,0.0022989697754383087,70.30644407495856,843966.873363857,843966.873366156
world,System_Graphs,System_Graphs,gl_display,0.0,0.05075894296169281,0.05075894296169281,843966.875903074,843966.875953833
world,System_Graphs,System_Graphs,recent_events,843966.83657,0.0019320286810398102,68.80380189977586,843966.905371564,843966.905373496
world,System_Graphs,System_Graphs,gl_display,0.0,0.0482010655105114,0.0482010655105114,843966.90792809,843966.907976291
world,System_Graphs,System_Graphs,recent_events,843966.87008,0.07603992708027363,67.30754999443889,843966.937311053,843966.937387093
world,System_Graphs,System_Graphs,gl_display,0.0,0.05522300489246845,0.05522300489246845,843966.93984884,843966.939904063
world,System_Graphs,System_Graphs,recent_events,843966.903591,0.0023319153115153313,69.73654101602733,843966.973324905,843966.973327237
world,System_Graphs,System_Graphs,gl_display,0.0,0.051754992455244064,0.051754992455244064,843966.975806505,843966.97585826
world,System_Graphs,System_Graphs,recent_events,843966.937101,0.002757064066827297,68.28992499504238,843967.005387828,843967.005390585
world,System_Graphs,System_Graphs,gl_display,0.0,0.07440696936100721,0.07440696936100721,843967.00799093,843967.008065337
world,System_Graphs,System_Graphs,recent_events,843966.970612,0.0023010652512311935,70.81863202620298,843967.041428049,843967.04143035
world,System_Graphs,System_Graphs,gl_display,0.0,0.08846796117722988,0.08846796117722988,843967.045396668,843967.045485136
world,System_Graphs,System_Graphs,recent_events,843967.004122,0.0029510119929909706,69.3194130435586,843967.073437851,843967.073440802
world,System_Graphs,System_Graphs,gl_display,0.0,0.046073924750089645,0.046073924750089645,843967.077152205,843967.077198279
world,System_Graphs,System_Graphs,recent_events,843967.037632,0.06809399928897619,67.77825497556478,843967.105341752,843967.105409846
world,System_Graphs,System_Graphs,gl_display,0.0,0.05447003059089184,0.05447003059089184,843967.107926102,843967.107980572
world,System_Graphs,System_Graphs,recent_events,843967.071143,0.0030050287023186684,70.23526798002422,843967.141374676,843967.141377681
world,System_Graphs,System_Graphs,gl_display,0.0,0.05751103162765503,0.05751103162765503,843967.143758041,843967.143815552
world,System_Graphs,System_Graphs,recent_events,843967.104653,0.0028921058401465416,68.71122994925827,843967.173360996,843967.173363888
world,System_Graphs,System_Graphs,gl_display,0.0,0.058968900702893734,0.058968900702893734,843967.175699235,843967.175758204
world,System_Graphs,System_Graphs,recent_events,843967.138164,0.002735992893576622,67.20966997090727,843967.205370635,843967.205373371
world,System_Graphs,System_Graphs,gl_display,0.0,0.05840894300490618,0.05840894300490618,843967.207653385,843967.207711794
world,System_Graphs,System_Graphs,recent_events,843967.171674,0.002595013938844204,69.72231203690171,843967.241385662,843967.241388257
world,System_Graphs,System_Graphs,gl_display,0.0,0.062049017287790775,0.062049017287790775,843967.243610622,843967.243672671
world,System_Graphs,System_Graphs,recent_events,843967.205184,0.07354200351983309,68.30728601198643,843967.273417359,843967.273490901
world,System_Graphs,System_Graphs,gl_display,0.0,0.06737303920090199,0.06737303920090199,843967.275694235,843967.275761608
world,System_Graphs,System_Graphs,recent_events,843967.238695,0.0025779008865356445,70.69407508242875,843967.309386166,843967.309388744
world,System_Graphs,System_Graphs,gl_display,0.0,0.06459595169872046,0.06459595169872046,843967.311992096,843967.312056692
world,System_Graphs,System_Graphs,recent_events,843967.272205,0.0026329653337597847,69.14118397980928,843967.341343211,843967.341345844
world,System_Graphs,System_Graphs,gl_display,0.0,0.05386502016335726,0.05386502016335726,843967.34380089,843967.343854755
world,System_Graphs,System_Graphs,recent_events,843967.305716,0.0021100277081131935,67.64504499733448,843967.373358616,843967.373360726
world,System_Graphs,System_Graphs,gl_display,0.0,0.0402349978685379,0.0402349978685379,843967.375485922,843967.375526157
world,System_Graphs,System_Graphs,recent_events,843967.339226,0.002222019247710705,70.10439003352076,843967.409327886,843967.409330108
world,System_Graphs,System_Graphs,gl_display,0.0,0.049780006520450115,0.049780006520450115,843967.411464782,843967.411514562
world,System_Graphs,System_Graphs,recent_events,843967.372736,0.07595901843160391,68.74345696996897,843967.441402985,843967.441478944
world,System_Graphs,System_Graphs,gl_display,0.0,0.04970200825482607,0.04970200825482607,843967.443676058,843967.44372576
world,System_Graphs,System_Graphs,recent_events,843967.406247,0.0025010667741298676,67.12007604073733,843967.47336428,843967.473366781
world,System_Graphs,System_Graphs,gl_display,0.0,0.051773968152701855,0.051773968152701855,843967.475694409,843967.475746183
world,System_Graphs,System_Graphs,recent_events,843967.439757,0.002517946995794773,69.6695240912959,843967.509423599,843967.509426117
world,System_Graphs,System_Graphs,gl_display,0.0,0.05160097498446703,0.05160097498446703,843967.511572758,843967.511624359
world,System_Graphs,System_Graphs,recent_events,843967.473268,0.0021919840946793556,68.07807402219623,843967.541343544,843967.541345736
world,System_Graphs,System_Graphs,gl_display,0.0,0.049578957259655,0.049578957259655,843967.543564446,843967.543614025
world,System_Graphs,System_Graphs,recent_events,843967.506778,0.0031549716368317604,70.70849393494427,843967.577482561,843967.577485716
world,System_Graphs,System_Graphs,gl_display,0.0,0.0747729791328311,0.0747729791328311,843967.580779197,843967.58085397
world,System_Graphs,System_Graphs,recent_events,843967.540288,0.106757041066885,69.37384395860136,843967.609554213,843967.60966097
world,System_Graphs,System_Graphs,gl_display,0.0,0.09202398359775543,0.09202398359775543,843967.613056337,843967.613148361
world,System_Graphs,System_Graphs,recent_events,843967.573799,0.003995024599134922,67.72301194723696,843967.641517375,843967.64152137
world,System_Graphs,System_Graphs,gl_display,0.0,0.08719100151211023,0.08719100151211023,843967.644811392,843967.644898583
world,System_Graphs,System_Graphs,recent_events,843967.607309,0.0035350676625967026,70.20970899611712,843967.677514558,843967.677518093
world,System_Graphs,System_Graphs,gl_display,0.0,0.06420095451176167,0.06420095451176167,843967.67992772,843967.679991921
world,System_Graphs,System_Graphs,recent_events,843967.64082,0.003334018401801586,68.70644702576101,843967.709522538,843967.709525872
world,System_Graphs,System_Graphs,gl_display,0.0,0.04990794695913792,0.04990794695913792,843967.712074999,843967.712124907
world,System_Graphs,System_Graphs,recent_events,843967.67433,0.0035620760172605515,67.17518309596926,843967.741501045,843967.741504607
world,System_Graphs,System_Graphs,gl_display,0.0,0.056265038438141346,0.056265038438141346,843967.743977556,843967.744033821
world,System_Graphs,System_Graphs,recent_events,843967.70784,0.06339093670248985,69.5805229479447,843967.777356749,843967.77742014
world,System_Graphs,System_Graphs,gl_display,0.0,0.054745934903621674,0.054745934903621674,843967.78073022,843967.780784966
world,System_Graphs,System_Graphs,recent_events,843967.741351,0.002129003405570984,67.96796701382846,843967.809316555,843967.809318684
world,System_Graphs,System_Graphs,gl_display,0.0,0.07123604882508516,0.07123604882508516,843967.844007353,843967.844078589
world,System_Graphs,System_Graphs,recent_events,843967.774861,0.0029850052669644356,81.63396595045924,843967.856491584,843967.856494569
world,System_Graphs,System_Graphs,gl_display,0.0,0.07785100024193525,0.07785100024193525,843967.872457709,843967.87253556
world,System_Graphs,System_Graphs,recent_events,843967.808372,0.002400018274784088,69.00037394370884,843967.877369452,843967.877371852
world,System_Graphs,System_Graphs,gl_display,0.0,0.05920801777392626,0.05920801777392626,843967.891132848,843967.891192056
world,System_Graphs,System_Graphs,recent_events,843967.841882,0.002457061782479286,67.59168102871627,843967.909470929,843967.909473386
world,System_Graphs,System_Graphs,gl_display,0.0,0.05520903505384922,0.05520903505384922,843967.911903492,843967.911958701
world,System_Graphs,System_Graphs,recent_events,843967.875392,0.06779597606509924,70.05998108070344,843967.945383633,843967.945451429
world,System_Graphs,System_Graphs,gl_display,0.0,0.05538191180676222,0.05538191180676222,843967.947620772,843967.947676154
world,System_Graphs,System_Graphs,recent_events,843967.908903,0.002630986273288727,68.4956070035696,843967.977395701,843967.977398332
world,System_Graphs,System_Graphs,gl_display,0.0,0.05815504118800163,0.05815504118800163,843967.979677303,843967.979735458
world,System_Graphs,System_Graphs,recent_events,843967.942413,0.0025330809876322746,70.98916091490537,843968.013399276,843968.013401809
world,System_Graphs,System_Graphs,gl_display,0.0,0.05425792187452316,0.05425792187452316,843968.025477097,843968.025531355
world,System_Graphs,System_Graphs,recent_events,843967.975924,0.0044639455154538155,69.5282049709931,843968.04544706,843968.045451524
world,System_Graphs,System_Graphs,gl_display,0.0,0.05337200127542019,0.05337200127542019,843968.0924084,843968.092461772
world,System_Graphs,System_Graphs,recent_events,843968.009434,0.0019440194591879845,83.39235500898212,843968.092824137,843968.092826081
world,System_Graphs,System_Graphs,recent_events,843968.042944,0.06327498704195023,70.46771899331361,843968.113347983,843968.113411258
world,System_Graphs,System_Graphs,gl_display,0.0,0.04885194357484579,0.04885194357484579,843968.126097231,843968.126146083
world,System_Graphs,System_Graphs,recent_events,843968.076455,0.002301996573805809,68.89122107531875,843968.145343598,843968.1453459
world,System_Graphs,System_Graphs,gl_display,0.0,0.04301592707633972,0.04301592707633972,843968.147606165,843968.147649181
world,System_Graphs,System_Graphs,recent_events,843968.109965,0.007875962182879448,67.72093009203672,843968.177676853,843968.177684729
world,System_Graphs,System_Graphs,gl_display,0.0,0.1777559518814087,0.1777559518814087,843968.187796239,843968.187973995
world,System_Graphs,System_Graphs,recent_events,843968.143476,0.007156049832701683,70.34954288974404,843968.213816208,843968.213823364
world,System_Graphs,System_Graphs,gl_display,0.0,0.19042403437197208,0.19042403437197208,843968.227929311,843968.228119735
world,System_Graphs,System_Graphs,recent_events,843968.176986,0.008598901331424713,68.82788392249495,843968.245803156,843968.245811755
world,System_Graphs,System_Graphs,gl_display,0.0,0.16843003686517477,0.16843003686517477,843968.257828253,843968.257996683
world,System_Graphs,System_Graphs,recent_events,843968.210496,0.07770396769046783,70.98778593353927,843968.281405608,843968.281483312
world,System_Graphs,System_Graphs,gl_display,0.0,0.05336699541658163,0.05336699541658163,843968.283934212,843968.283987579
world,System_Graphs,System_Graphs,recent_events,843968.244007,0.0030070077627897263,69.45299298968166,843968.313456653,843968.31345966
world,System_Graphs,System_Graphs,gl_display,0.0,0.07001194171607494,0.07001194171607494,843968.31628624,843968.316356252
world,System_Graphs,System_Graphs,recent_events,843968.277517,0.007709022611379623,68.20005900226533,843968.3457076,843968.345715309
world,System_Graphs,System_Graphs,gl_display,0.0,0.1795790158212185,0.1795790158212185,843968.357638998,843968.357818577
world,System_Graphs,System_Graphs,recent_events,843968.311028,0.0019259750843048096,70.31858805567026,843968.381344378,843968.381346304
world,System_Graphs,System_Graphs,gl_display,0.0,0.04025106318295002,0.04025106318295002,843968.383697146,843968.383737397
world,System_Graphs,System_Graphs,recent_events,843968.344538,0.0020440202206373215,68.84905300103128,843968.41338469,843968.413386734
world,System_Graphs,System_Graphs,gl_display,0.0,0.05774002056568861,0.05774002056568861,843968.416209229,843968.416266969
world,System_Graphs,System_Graphs,recent_events,843968.378048,0.0651070149615407,67.42736394517124,843968.445409821,843968.445474928
world,System_Graphs,System_Graphs,gl_display,0.0,0.052453018724918365,0.052453018724918365,843968.448016912,843968.448069365
world,System_Graphs,System_Graphs,recent_events,843968.411559,0.001911073923110962,69.83630696777254,843968.481393077,843968.481394988
world,System_Graphs,System_Graphs,gl_display,0.0,0.041517079807817936,0.041517079807817936,843968.483692113,843968.48373363
world,System_Graphs,System_Graphs,recent_events,843968.445069,0.002752058207988739,68.31750797573477,843968.513383394,843968.513386146
world,System_Graphs,System_Graphs,gl_display,0.0,0.05580391734838486,0.05580391734838486,843968.515491649,843968.515547453
world,System_Graphs,System_Graphs,recent_events,843968.47858,0.007516937330365181,71.1641269735992,843968.549734998,843968.549742515
world,System_Graphs,System_Graphs,gl_display,0.0,0.18958596047013998,0.18958596047013998,843968.55975646,843968.559946046
world,System_Graphs,System_Graphs,recent_events,843968.51209,0.0021189916878938675,69.26374707836658,843968.581351374,843968.581353493
world,System_Graphs,System_Graphs,gl_display,0.0,0.041950028389692307,0.041950028389692307,843968.583393859,843968.583435809
world,System_Graphs,System_Graphs,recent_events,843968.5456,0.06201805081218481,67.85988400224596,843968.61339746,843968.613459478
world,System_Graphs,System_Graphs,gl_display,0.0,0.06353994831442833,0.06353994831442833,843968.615649968,843968.615713508
world,System_Graphs,System_Graphs,recent_events,843968.579111,0.0026329653337597847,70.3194949310273,843968.649427599,843968.649430232
world,System_Graphs,System_Graphs,gl_display,0.0,0.05822302773594856,0.05822302773594856,843968.651594948,843968.651653171
world,System_Graphs,System_Graphs,recent_events,843968.612621,0.002484070137143135,68.7638099770993,843968.681382046,843968.68138453
world,System_Graphs,System_Graphs,gl_display,0.0,0.04563899710774422,0.04563899710774422,843968.68346682,843968.683512459
world,System_Graphs,System_Graphs,recent_events,843968.646132,0.0023259781301021576,67.22193397581577,843968.713351235,843968.713353561
world,System_Graphs,System_Graphs,gl_display,0.0,0.03855710383504629,0.03855710383504629,843968.715401138,843968.715439695
world,System_Graphs,System_Graphs,recent_events,843968.679642,0.002025044523179531,69.74610697943717,843968.749385807,843968.749387832
world,System_Graphs,System_Graphs,gl_display,0.0,0.038334052078425884,0.038334052078425884,843968.751465507,843968.751503841
world,System_Graphs,System_Graphs,recent_events,843968.713152,0.07702398579567671,68.34601901937276,843968.781420565,843968.781497589
world,System_Graphs,System_Graphs,gl_display,0.0,0.0371360220015049,0.0371360220015049,843968.783589948,843968.783627084
world,System_Graphs,System_Graphs,recent_events,843968.746663,0.0016820849850773811,70.7723090890795,843968.817433351,843968.817435033
world,System_Graphs,System_Graphs,gl_display,0.0,0.037878984585404396,0.037878984585404396,843968.819705162,843968.819743041
world,System_Graphs,System_Graphs,recent_events,843968.780173,0.001925043761730194,69.24764206632972,843968.849418459,843968.849420384
world,System_Graphs,System_Graphs,gl_display,0.0,0.04930200520902872,0.04930200520902872,843968.851757385,843968.851806687
world,System_Graphs,System_Graphs,recent_events,843968.813684,0.0027889618650078773,67.78290099464357,843968.881463713,843968.881466502
world,System_Graphs,System_Graphs,gl_display,0.0,0.08643011096864939,0.08643011096864939,843968.885770722,843968.885857152
world,System_Graphs,System_Graphs,recent_events,843968.847194,0.003972090780735016,70.46418194659054,843968.917653575,843968.917657547
world,System_Graphs,System_Graphs,gl_display,0.0,0.07100298535078764,0.07100298535078764,843968.9207691,843968.920840103
world,System_Graphs,System_Graphs,recent_events,843968.981236,0.13221800327301025,80.83566802088171,843969.061938585,843969.062070803
world,System_Graphs,System_Graphs,gl_display,0.0,0.05998206324875355,0.05998206324875355,843969.065504815,843969.065564797
world,System_Graphs,System_Graphs,recent_events,843969.014746,0.004259985871613026,70.84686204325408,843969.085587852,843969.085592112
world,System_Graphs,System_Graphs,gl_display,0.0,0.09242293890565634,0.09242293890565634,843969.088832585,843969.088925008
world,System_Graphs,System_Graphs,recent_events,843969.048256,0.003728899173438549,69.33926895726472,843969.11759091,843969.117594639
world,System_Graphs,System_Graphs,gl_display,0.0,0.0870689982548356,0.0870689982548356,843969.120854433,843969.120941502
world,System_Graphs,System_Graphs,recent_events,843969.081767,0.0030800001695752144,67.7523430204019,843969.149515674,843969.149518754
world,System_Graphs,System_Graphs,gl_display,0.0,0.07195398211479187,0.07195398211479187,843969.151904294,843969.151976248
world,System_Graphs,System_Graphs,recent_events,843969.115277,0.0026730122044682503,70.27742697391659,843969.18555128,843969.185553953
world,System_Graphs,System_Graphs,gl_display,0.0,0.043035950511693954,0.043035950511693954,843969.187815174,843969.18785821
world,System_Graphs,System_Graphs,recent_events,843969.148788,0.0787259778007865,68.78356100060046,843969.217492376,843969.217571102
world,System_Graphs,System_Graphs,gl_display,0.0,0.05785701796412468,0.05785701796412468,843969.219843314,843969.219901171
world,System_Graphs,System_Graphs,recent_events,843969.182298,0.002525048330426216,67.19259906094521,843969.249487771,843969.249490296
world,System_Graphs,System_Graphs,gl_display,0.0,0.05019293166697025,0.05019293166697025,843969.251842456,843969.251892649
world,System_Graphs,System_Graphs,recent_events,843969.215808,0.002580927684903145,69.68040601350367,843969.285485506,843969.285488087
world,System_Graphs,System_Graphs,gl_display,0.0,0.05532801151275635,0.05532801151275635,843969.287812122,843969.28786745
world,System_Graphs,System_Graphs,recent_events,843969.249319,0.002701999619603157,68.21321591269225,843969.317529161,843969.317531863
world,System_Graphs,System_Graphs,gl_display,0.0,0.05552091170102358,0.05552091170102358,843969.31983913,843969.319894651
world,System_Graphs,System_Graphs,recent_events,843969.282829,0.00273797195404768,70.6486189737916,843969.353474601,843969.353477339
world,System_Graphs,System_Graphs,gl_display,0.0,0.05786807741969824,0.05786807741969824,843969.355908684,843969.355966552
world,System_Graphs,System_Graphs,recent_events,843969.31634,0.08041493128985167,69.25248203333467,843969.385511687,843969.385592102
world,System_Graphs,System_Graphs,gl_display,0.0,0.05907996091991663,0.05907996091991663,843969.387954233,843969.388013313
world,System_Graphs,System_Graphs,recent_events,843969.34985,0.00370608177036047,67.67042505089194,843969.41751636,843969.417520066
world,System_Graphs,System_Graphs,gl_display,0.0,0.046666013076901436,0.046666013076901436,843969.420038797,843969.420085463
world,System_Graphs,System_Graphs,recent_events,843969.38336,0.0027009518817067146,70.16171899158508,843969.45351865,843969.453521351
world,System_Graphs,System_Graphs,gl_display,0.0,0.047945999540388584,0.047945999540388584,843969.456385022,843969.456432968
world,System_Graphs,System_Graphs,recent_events,843969.416871,0.005587004125118256,68.77787108533084,843969.485642605,843969.485648192
world,System_Graphs,System_Graphs,gl_display,0.0,0.046039000153541565,0.046039000153541565,843969.488348724,843969.488394763
world,System_Graphs,System_Graphs,recent_events,843969.450381,0.0037549762055277824,71.26159709878266,843969.521638173,843969.521641928
world,System_Graphs,System_Graphs,gl_display,0.0,0.07614900823682547,0.07614900823682547,843969.525567362,843969.525643511
world,System_Graphs,System_Graphs,recent_events,843969.483892,0.11165998876094818,69.7370229754597,843969.553516561,843969.553628221
world,System_Graphs,System_Graphs,gl_display,0.0,0.053221010603010654,0.053221010603010654,843969.555946629,843969.55599985
world,System_Graphs,System_Graphs,recent_events,843969.517402,0.0031050294637680054,68.12782993074507,843969.585526104,843969.585529209
world,System_Graphs,System_Graphs,gl_display,0.0,0.056051998399198055,0.056051998399198055,843969.587867132,843969.587923184
world,System_Graphs,System_Graphs,recent_events,843969.550912,0.0033819815143942833,70.63635101076216,843969.621544548,843969.62154793
world,System_Graphs,System_Graphs,gl_display,0.0,0.07009098771959543,0.07009098771959543,843969.624749242,843969.624819333
world,System_Graphs,System_Graphs,recent_events,843969.584423,0.007514958269894123,69.40659799147397,843969.653820771,843969.653828286
world,System_Graphs,System_Graphs,gl_display,0.0,0.18195901066064835,0.18195901066064835,843969.664512931,843969.66469489
world,System_Graphs,System_Graphs,recent_events,843969.617933,0.007116934284567833,67.88790097925812,843969.685812368,843969.685819485
world,System_Graphs,System_Graphs,gl_display,0.0,0.15328405424952507,0.15328405424952507,843969.696323353,843969.696476637
world,System_Graphs,System_Graphs,recent_events,843969.651444,0.28832803945988417,70.69433806464076,843969.721847778,843969.722136106
world,System_Graphs,System_Graphs,gl_display,0.0,0.037828925997018814,0.037828925997018814,843969.730818975,843969.730856804
world,System_Graphs,System_Graphs,recent_events,843969.684954,0.007037073373794556,68.84513993281871,843969.75379068,843969.753797717
world,System_Graphs,System_Graphs,gl_display,0.0,0.14455802738666534,0.14455802738666534,843969.764052618,843969.764197176
world,System_Graphs,System_Graphs,recent_events,843969.718464,0.007205060683190823,71.28670893143862,843969.789742225,843969.78974943
world,System_Graphs,System_Graphs,gl_display,0.0,0.03096694126725197,0.03096694126725197,843969.797903932,843969.797934899
world,System_Graphs,System_Graphs,recent_events,843969.751975,0.0076700234785676,69.7621270082891,843969.821728112,843969.821735782
world,System_Graphs,System_Graphs,gl_display,0.0,0.17256801947951317,0.17256801947951317,843969.832116086,843969.832288654
world,System_Graphs,System_Graphs,recent_events,843969.785485,0.007903086952865124,68.33557097706944,843969.853811289,843969.853819192
world,System_Graphs,System_Graphs,gl_display,0.0,0.16438402235507965,0.16438402235507965,843969.864289459,843969.864453843
world,System_Graphs,System_Graphs,recent_events,843969.818996,0.2585670445114374,71.07978395652026,843969.889815033,843969.8900736
world,System_Graphs,System_Graphs,gl_display,0.0,0.032359035685658455,0.032359035685658455,843969.89789341,843969.897925769
world,System_Graphs,System_Graphs,recent_events,843969.852506,0.007392955012619495,69.37648507300764,843969.921873844,843969.921881237
world,System_Graphs,System_Graphs,gl_display,0.0,0.17895502969622612,0.17895502969622612,843969.932508723,843969.932687678
world,System_Graphs,System_Graphs,recent_events,843969.886016,0.006797024980187416,67.90638505481184,843969.953914188,843969.953920985
world,System_Graphs,System_Graphs,gl_display,0.0,0.1686069881543517,0.1686069881543517,843969.964585835,843969.964754442
world,System_Graphs,System_Graphs,recent_events,843969.919527,0.008644070476293564,70.45733497943729,843969.989973638,843969.989982282
world,System_Graphs,System_Graphs,gl_display,0.0,0.1669990597292781,0.1669990597292781,843970.000711171,843970.00087817
world,System_Graphs,System_Graphs,recent_events,843969.953037,0.008258968591690063,68.95908794831485,843970.021985606,843970.021993865
world,System_Graphs,System_Graphs,gl_display,0.0,0.18870097119361162,0.18870097119361162,843970.032692546,843970.032881247
world,System_Graphs,System_Graphs,recent_events,843969.986548,0.2562550362199545,71.59112498629838,843970.057880956,843970.058137211
world,System_Graphs,System_Graphs,gl_display,0.0,0.17960206605494022,0.17960206605494022,843970.068464684,843970.068644286
world,System_Graphs,System_Graphs,recent_events,843970.020058,0.007643015123903751,69.79741796385497,843970.089846469,843970.089854112
world,System_Graphs,System_Graphs,gl_display,0.0,0.14082202687859535,0.14082202687859535,843970.100379564,843970.100520386
world,System_Graphs,System_Graphs,recent_events,843970.053568,0.007073977030813694,68.24349006637931,843970.12180303,843970.121810104
world,System_Graphs,System_Graphs,gl_display,0.0,0.14300900511443615,0.14300900511443615,843970.13231319,843970.132456199
world,System_Graphs,System_Graphs,recent_events,843970.087079,0.006737071089446545,70.74030209332705,843970.157811333,843970.15781807
world,System_Graphs,System_Graphs,gl_display,0.0,0.1658610999584198,0.1658610999584198,843970.168462802,843970.168628663
world,System_Graphs,System_Graphs,recent_events,843970.120589,0.00706501305103302,69.25422989297658,843970.189834568,843970.189841633
world,System_Graphs,System_Graphs,gl_display,0.0,0.16005197539925575,0.16005197539925575,843970.200147538,843970.20030759
world,System_Graphs,System_Graphs,recent_events,843970.1541,0.3166090464219451,68.10752290766686,843970.22188628,843970.222202889
world,System_Graphs,System_Graphs,gl_display,0.0,0.16556389164179564,0.16556389164179564,843970.232687902,843970.232853466
world,System_Graphs,System_Graphs,recent_events,843970.18761,0.007726950570940971,70.20768092479557,843970.257808409,843970.257816136
world,System_Graphs,System_Graphs,gl_display,0.0,0.16740302089601755,0.16740302089601755,843970.268525141,843970.268692544
world,System_Graphs,System_Graphs,recent_events,843970.22112,0.006671994924545288,68.67149495519698,843970.289783358,843970.28979003
world,System_Graphs,System_Graphs,gl_display,0.0,0.16384304035454988,0.16384304035454988,843970.300044145,843970.300207988
world,System_Graphs,System_Graphs,recent_events,843970.254631,0.008090049959719181,71.21329696383327,843970.32583476,843970.32584285
world,System_Graphs,System_Graphs,gl_display,0.0,0.15173794236034155,0.15173794236034155,843970.336045976,843970.336197714
world,System_Graphs,System_Graphs,recent_events,843970.288141,0.007470021955668926,69.75458608940244,843970.357886668,843970.357894138
world,System_Graphs,System_Graphs,gl_display,0.0,0.14501996338367462,0.14501996338367462,843970.368075798,843970.368220818
world,System_Graphs,System_Graphs,recent_events,843970.321652,0.24978595320135355,68.4605180285871,843970.389860703,843970.390110489
world,System_Graphs,System_Graphs,gl_display,0.0,0.1404730137437582,0.1404730137437582,843970.400485976,843970.400626449
world,System_Graphs,System_Graphs,recent_events,843970.355162,0.005598063580691814,70.60617592651397,843970.425760697,843970.425766295
world,System_Graphs,System_Graphs,gl_display,0.0,0.04274793900549412,0.04274793900549412,843970.430659907,843970.430702655
world,System_Graphs,System_Graphs,recent_events,843970.388672,0.002437969669699669,68.83007602300495,843970.457499305,843970.457501743
world,System_Graphs,System_Graphs,gl_display,0.0,0.04493596497923136,0.04493596497923136,843970.460274757,843970.460319693
world,System_Graphs,System_Graphs,recent_events,843970.422183,0.003608991391956806,67.38253904040903,843970.489561621,843970.48956523
world,System_Graphs,System_Graphs,gl_display,0.0,0.052927061915397644,0.052927061915397644,843970.492519488,843970.492572415
world,System_Graphs,System_Graphs,recent_events,843970.455693,0.0026229536160826683,69.89705201704055,843970.525587048,843970.525589671
world,System_Graphs,System_Graphs,gl_display,0.0,0.049354974180459976,0.049354974180459976,843970.528499629,843970.528548984
world,System_Graphs,System_Graphs,recent_events,843970.489204,0.09469606447964907,68.5661310562864,843970.557674494,843970.55776919
world,System_Graphs,System_Graphs,gl_display,0.0,0.09607302490621805,0.09607302490621805,843970.562226846,843970.562322919
world,System_Graphs,System_Graphs,recent_events,843970.522714,0.004286062903702259,71.0387360304594,843970.593747607,843970.593751893
world,System_Graphs,System_Graphs,gl_display,0.0,0.09520701132714748,0.09520701132714748,843970.598526715,843970.598621922
world,System_Graphs,System_Graphs,recent_events,843970.556224,0.0039010774344205856,69.50494996272027,843970.625724315,843970.625728216
world,System_Graphs,System_Graphs,gl_display,0.0,0.09420409332960844,0.09420409332960844,843970.630473677,843970.630567881
world,System_Graphs,System_Graphs,recent_events,843970.589735,0.0035759294405579567,67.97171093057841,843970.657702459,843970.657706035
world,System_Graphs,System_Graphs,gl_display,0.0,0.09775906801223755,0.09775906801223755,843970.661986738,843970.662084497
world,System_Graphs,System_Graphs,recent_events,843970.623245,0.00370910856872797,70.48145099543035,843970.693722055,843970.693725764
world,System_Graphs,System_Graphs,gl_display,0.0,0.08337199687957764,0.08337199687957764,843970.698168169,843970.698251541
world,System_Graphs,System_Graphs,recent_events,843970.656756,0.11948496103286743,69.14634897839278,843970.725781864,843970.725901349
world,System_Graphs,System_Graphs,gl_display,0.0,0.0888030044734478,0.0888030044734478,843970.730259846,843970.730348649
world,System_Graphs,System_Graphs,recent_events,843970.690266,0.002956017851829529,67.39800202194601,843970.757660434,843970.75766339
world,System_Graphs,System_Graphs,gl_display,0.0,0.04439998883754015,0.04439998883754015,843970.760947077,843970.760991477
world,System_Graphs,System_Graphs,recent_events,843970.723776,0.0038170255720615387,69.99780505429953,843970.793769302,843970.793773119
world,System_Graphs,System_Graphs,gl_display,0.0,0.08062797132879496,0.08062797132879496,843970.798045513,843970.798126141
world,System_Graphs,System_Graphs,recent_events,843970.757287,0.0037730205804109573,68.5598470736295,843970.825842296,843970.825846069
world,System_Graphs,System_Graphs,gl_display,0.0,0.05111796781420708,0.05111796781420708,843970.83015603,843970.830207148
world,System_Graphs,System_Graphs,recent_events,843970.790797,0.0028889626264572144,70.92429196927696,843970.861717964,843970.861720853
world,System_Graphs,System_Graphs,gl_display,0.0,0.08521007839590311,0.08521007839590311,843970.866391246,843970.866476456
world,System_Graphs,System_Graphs,recent_events,843970.824308,0.1295990077778697,69.58149292040616,843970.893759066,843970.893888665
world,System_Graphs,System_Graphs,gl_display,0.0,0.07340998854488134,0.07340998854488134,843970.898034466,843970.898107876
world,System_Graphs,System_Graphs,recent_events,843970.857818,0.003884080797433853,67.98985798377544,843970.925803241,843970.925807125
world,System_Graphs,System_Graphs,gl_display,0.0,0.08521601557731628,0.08521601557731628,843970.930079076,843970.930164292
world,System_Graphs,System_Graphs,recent_events,843970.891328,0.0031010713428258896,70.48305694479495,843970.96180738,843970.961810481
world,System_Graphs,System_Graphs,gl_display,0.0,0.07925799582153559,0.07925799582153559,843970.965760122,843970.96583938
world,System_Graphs,System_Graphs,recent_events,843970.924839,0.003163004294037819,68.83140304125845,843970.99366659,843970.993669753
world,System_Graphs,System_Graphs,gl_display,0.0,0.07218599785119295,0.07218599785119295,843970.998478458,843970.998550644
world,System_Graphs,System_Graphs,recent_events,843970.958349,0.0029730144888162613,67.28710199240595,843971.025632354,843971.025635327
world,System_Graphs,System_Graphs,gl_display,0.0,0.06421993020921946,0.06421993020921946,843971.030068701,843971.030132921
world,System_Graphs,System_Graphs,recent_events,843970.99186,0.10806601494550705,69.9811220401898,843971.06173219,843971.061840256
world,System_Graphs,System_Graphs,gl_display,0.0,0.04271406214684248,0.04271406214684248,843971.06541679,843971.065459504
world,System_Graphs,System_Graphs,recent_events,843971.02537,0.0025569461286067963,68.1938489433378,843971.093560948,843971.093563505
world,System_Graphs,System_Graphs,gl_display,0.0,0.0462440075352788,0.0462440075352788,843971.096461997,843971.096508241
world,System_Graphs,System_Graphs,recent_events,843971.05888,0.007970957085490227,71.0884069558233,843971.129958483,843971.129966454
world,System_Graphs,System_Graphs,gl_display,0.0,0.14791102148592472,0.14791102148592472,843971.144390404,843971.144538315
world,System_Graphs,System_Graphs,recent_events,843971.092391,0.007165013812482357,69.60312696173787,843971.161985648,843971.161992813
world,System_Graphs,System_Graphs,gl_display,0.0,0.16653200145810843,0.16653200145810843,843971.174744447,843971.174910979
world,System_Graphs,System_Graphs,recent_events,843971.125901,0.008446979336440563,68.33173404447734,843971.194221874,843971.194230321
world,System_Graphs,System_Graphs,gl_display,0.0,0.038714031688869,0.038714031688869,843971.204220156,843971.20425887
world,System_Graphs,System_Graphs,recent_events,843971.159412,0.23805606178939342,70.91118500102311,843971.23008247,843971.230320526
world,System_Graphs,System_Graphs,gl_display,0.0,0.16318692360073328,0.16318692360073328,843971.241603401,843971.241766588
world,System_Graphs,System_Graphs,recent_events,843971.192922,0.010761898010969162,69.18020104058087,843971.262089336,843971.262100098
world,System_Graphs,System_Graphs,gl_display,0.0,0.1623359275981784,0.1623359275981784,843971.273231565,843971.273393901
world,System_Graphs,System_Graphs,recent_events,843971.226432,0.007726019248366356,71.47304096724838,843971.297895857,843971.297903583
world,System_Graphs,System_Graphs,gl_display,0.0,0.1546050189062953,0.1546050189062953,843971.308166555,843971.30832116
world,System_Graphs,System_Graphs,recent_events,843971.259943,0.006791087798774242,69.9373969109729,843971.329872106,843971.329878897
world,System_Graphs,System_Graphs,gl_display,0.0,0.14009990263730288,0.14009990263730288,843971.34096983,843971.34110993
world,System_Graphs,System_Graphs,recent_events,843971.293453,0.007034977898001671,68.42603592667729,843971.361870664,843971.361877699
world,System_Graphs,System_Graphs,gl_display,0.0,0.14921603724360466,0.14921603724360466,843971.373061568,843971.373210784
world,System_Graphs,System_Graphs,recent_events,843971.326964,0.2567500341683626,71.13770104479045,843971.397842806,843971.398099556
world,System_Graphs,System_Graphs,gl_display,0.0,0.1459020422771573,0.1459020422771573,843971.408688694,843971.408834596
world,System_Graphs,System_Graphs,recent_events,843971.360474,0.007446971721947193,69.3223939742893,843971.429787797,843971.429795244
world,System_Graphs,System_Graphs,gl_display,0.0,0.6826739991083741,0.6826739991083741,843971.440221564,843971.440904238
world,System_Graphs,System_Graphs,recent_events,843971.393984,0.0076409196481108665,67.80846603214741,843971.461783351,843971.461790992
world,System_Graphs,System_Graphs,gl_display,0.0,0.16760500147938728,0.16760500147938728,843971.472145192,843971.472312797
world,System_Graphs,System_Graphs,recent_events,843971.427495,0.007083057425916195,70.32153301406652,843971.497808066,843971.497815149
world,System_Graphs,System_Graphs,gl_display,0.0,0.15943904872983694,0.15943904872983694,843971.508330631,843971.50849007
world,System_Graphs,System_Graphs,recent_events,843971.461005,0.008609960786998272,68.94818891305476,843971.529942979,843971.529951589
world,System_Graphs,System_Graphs,gl_display,0.0,0.09595404844731092,0.09595404844731092,843971.538774596,843971.53887055
world,System_Graphs,System_Graphs,recent_events,843971.494516,0.2580370055511594,71.67884591035545,843971.565934706,843971.566192743
world,System_Graphs,System_Graphs,gl_display,0.0,0.13693398796021938,0.13693398796021938,843971.57642168,843971.576558614
world,System_Graphs,System_Graphs,recent_events,843971.528026,0.007463968358933926,69.87867294810712,843971.597895836,843971.5979033
world,System_Graphs,System_Graphs,gl_display,0.0,0.14750903937965631,0.14750903937965631,843971.608267744,843971.608415253
world,System_Graphs,System_Graphs,recent_events,843971.561536,0.007863971404731274,68.34855198394507,843971.629875327,843971.629883191
world,System_Graphs,System_Graphs,gl_display,0.0,0.14717504382133484,0.14717504382133484,843971.639865345,843971.64001252
world,System_Graphs,System_Graphs,recent_events,843971.595047,0.006810994818806648,70.85491099860519,843971.665893657,843971.665900468
world,System_Graphs,System_Graphs,gl_display,0.0,0.15136797446757555,0.15136797446757555,843971.676163355,843971.676314723
world,System_Graphs,System_Graphs,recent_events,843971.628557,0.00706803984940052,69.28032706491649,843971.697828883,843971.697835951
world,System_Graphs,System_Graphs,gl_display,0.0,0.13059505727142096,0.13059505727142096,843971.708082879,843971.708213474
world,System_Graphs,System_Graphs,recent_events,843971.662068,0.25739206466823816,67.99121608491987,843971.72979932,843971.730056712
world,System_Graphs,System_Graphs,gl_display,0.0,0.13675400987267494,0.13675400987267494,843971.74048214,843971.740618894
world,System_Graphs,System_Graphs,recent_events,843971.695578,0.007021939381957054,70.26028190739453,843971.765829551,843971.765836573
world,System_Graphs,System_Graphs,gl_display,0.0,0.16352394595742226,0.16352394595742226,843971.776151255,843971.776314779
world,System_Graphs,System_Graphs,recent_events,843971.729088,0.007970025762915611,68.74963897280395,843971.797828443,843971.797836413
world,System_Graphs,System_Graphs,gl_display,0.0,0.039485981687903404,0.039485981687903404,843971.806689141,843971.806728627
world,System_Graphs,System_Graphs,recent_events,843971.762599,0.007302034646272659,71.27716403920203,843971.833867667,843971.833874969
world,System_Graphs,System_Graphs,gl_display,0.0,0.15684100799262524,0.15684100799262524,843971.844155922,843971.844312763
world,System_Graphs,System_Graphs,recent_events,843971.796109,0.0068229855969548225,69.75288596004248,843971.86585359,843971.865860413
world,System_Graphs,System_Graphs,gl_display,0.0,0.16285700257867575,0.16285700257867575,843971.875962924,843971.876125781
world,System_Graphs,System_Graphs,recent_events,843971.82962,0.2658690791577101,68.45751206856221,843971.897809702,843971.898075571
world,System_Graphs,System_Graphs,gl_display,0.0,0.14371902216225863,0.14371902216225863,843971.908237021,843971.90838074
world,System_Graphs,System_Graphs,recent_events,843971.86313,0.006848946213722229,71.05625909753144,843971.934178228,843971.934185077
world,System_Graphs,System_Graphs,gl_display,0.0,0.03142899367958307,0.03142899367958307,843971.942575257,843971.942606686
world,System_Graphs,System_Graphs,recent_events,843971.89664,0.006732996553182602,69.23631590325385,843971.965868242,843971.965874975
world,System_Graphs,System_Graphs,gl_display,0.0,0.16892398707568645,0.16892398707568645,843971.976339178,843971.976508102
world,System_Graphs,System_Graphs,recent_events,843971.930151,0.007047085091471672,67.71492795087397,843971.997857687,843971.997864734
world,System_Graphs,System_Graphs,gl_display,0.0,0.18004095181822777,0.18004095181822777,843972.008082472,843972.008262513
world,System_Graphs,System_Graphs,recent_events,843971.963661,0.0070160022005438805,70.21721894852817,843972.0338699,843972.033876916
world,System_Graphs,System_Graphs,gl_display,0.0,0.17264089547097683,0.17264089547097683,843972.044240692,843972.044413333
world,System_Graphs,System_Graphs,recent_events,843971.997172,0.2437810180708766,69.02689195703715,843972.065952864,843972.066196645
world,System_Graphs,System_Graphs,gl_display,0.0,0.13264897279441357,0.13264897279441357,843972.076220284,843972.076352933
world,System_Graphs,System_Graphs,recent_events,843972.030682,0.007509021088480949,71.20207604020834,843972.101874986,843972.101882495
world,System_Graphs,System_Graphs,gl_display,0.0,0.15750911552459002,0.15750911552459002,843972.112131481,843972.11228899
world,System_Graphs,System_Graphs,recent_events,843972.064192,0.006832997314631939,69.67466103378683,843972.133858676,843972.133865509
world,System_Graphs,System_Graphs,gl_display,0.0,0.15862309373915195,0.15862309373915195,843972.143943616,843972.144102239
world,System_Graphs,System_Graphs,recent_events,843972.097703,0.007502967491745949,68.13771207816899,843972.165831618,843972.165839121
world,System_Graphs,System_Graphs,gl_display,0.0,0.13974704779684544,0.13974704779684544,843972.17591017,843972.176049917
world,System_Graphs,System_Graphs,recent_events,843972.131213,0.007627997547388077,70.62713999766856,843972.201831151,843972.201838779
world,System_Graphs,System_Graphs,gl_display,0.0,0.14378700871020555,0.14378700871020555,843972.212111844,843972.212255631
world,System_Graphs,System_Graphs,recent_events,843972.164724,0.25396200362592936,69.40718193072826,843972.233870066,843972.234124028
world,System_Graphs,System_Graphs,gl_display,0.0,0.12400699779391289,0.12400699779391289,843972.244273243,843972.24439725
world,System_Graphs,System_Graphs,recent_events,843972.198234,0.00711705069988966,67.63381604105234,843972.265859225,843972.265866342
world,System_Graphs,System_Graphs,gl_display,0.0,0.12898899149149656,0.12898899149149656,843972.277225817,843972.277354806
world,System_Graphs,System_Graphs,recent_events,843972.231744,0.007205992005765438,70.19406498875469,843972.30192922,843972.301936426
world,System_Graphs,System_Graphs,gl_display,0.0,0.1664099982008338,0.1664099982008338,843972.312271722,843972.312438132
world,System_Graphs,System_Graphs,recent_events,843972.265255,0.0067390501499176025,68.56491207145154,843972.333811748,843972.333818487
world,System_Graphs,System_Graphs,gl_display,0.0,0.17498410306870937,0.17498410306870937,843972.344184298,843972.344359282
world,System_Graphs,System_Graphs,recent_events,843972.298765,0.006761983968317509,71.08438201248646,843972.369841029,843972.369847791
world,System_Graphs,System_Graphs,gl_display,0.0,0.13280496932566166,0.13280496932566166,843972.380142775,843972.38027558
world,System_Graphs,System_Graphs,recent_events,843972.332276,0.24692702572792768,69.8287810664624,843972.401856044,843972.402102971
world,System_Graphs,System_Graphs,gl_display,0.0,0.13128994032740593,0.13128994032740593,843972.412016881,843972.412148171
world,System_Graphs,System_Graphs,recent_events,843972.365786,0.00735896173864603,68.16475896630436,843972.43394188,843972.433949239
world,System_Graphs,System_Graphs,gl_display,0.0,0.13851805124431849,0.13851805124431849,843972.443978407,843972.444116925
world,System_Graphs,System_Graphs,recent_events,843972.399296,0.006834045052528381,70.61058399267495,843972.469898368,843972.469905202
world,System_Graphs,System_Graphs,gl_display,0.0,0.14462904073297977,0.14462904073297977,843972.47982394,843972.479968569
world,System_Graphs,System_Graphs,recent_events,843972.432807,0.0071569811552762985,69.16349800303578,843972.501961976,843972.501969133
world,System_Graphs,System_Graphs,gl_display,0.0,0.16162300016731024,0.16162300016731024,843972.51238162,843972.512543243
world,System_Graphs,System_Graphs,recent_events,843972.466317,0.007090042345225811,67.64127698261291,843972.533949615,843972.533956705
world,System_Graphs,System_Graphs,gl_display,0.0,0.16200309619307518,0.16200309619307518,843972.545518996,843972.545680999
world,System_Graphs,System_Graphs,recent_events,843972.499828,0.249704928137362,70.33024297561496,843972.569905988,843972.570155693
world,System_Graphs,System_Graphs,gl_display,0.0,0.152906053699553,0.152906053699553,843972.580548839,843972.580701745
world,System_Graphs,System_Graphs,recent_events,843972.533338,0.007494003511965275,68.58135806396604,843972.601910396,843972.60191789
world,System_Graphs,System_Graphs,gl_display,0.0,0.15101197641342878,0.15101197641342878,843972.612063043,843972.612214055
world,System_Graphs,System_Graphs,recent_events,843972.566848,0.007199007086455822,71.10262790229172,843972.6379421,843972.637949299
world,System_Graphs,System_Graphs,gl_display,0.0,0.15240104403346777,0.15240104403346777,843972.648231716,843972.648384117
world,System_Graphs,System_Graphs,recent_events,843972.600359,0.007143011316657066,69.57951898220927,843972.669929773,843972.669936916
world,System_Graphs,System_Graphs,gl_display,0.0,0.12563809286803007,0.12563809286803007,843972.68017934,843972.680304978
world,System_Graphs,System_Graphs,recent_events,843972.633869,0.007620081305503845,68.10488295741379,843972.701964677,843972.701972297
world,System_Graphs,System_Graphs,gl_display,0.0,0.12781203258782625,0.12781203258782625,843972.712252231,843972.712380043
world,System_Graphs,System_Graphs,recent_events,843972.66738,0.23341504856944084,70.80212200526148,843972.737946744,843972.738180159
world,System_Graphs,System_Graphs,gl_display,0.0,0.16154791228473186,0.16154791228473186,843972.748497921,843972.748659469
world,System_Graphs,System_Graphs,recent_events,843972.70089,0.007627997547388077,68.9639130141586,843972.769844509,843972.769852137
world,System_Graphs,System_Graphs,gl_display,0.0,0.14135707169771194,0.14135707169771194,843972.77992515,843972.780066507
world,System_Graphs,System_Graphs,recent_events,843972.7344,0.008009024895727634,71.54704804997891,843972.80593729,843972.805945299
world,System_Graphs,System_Graphs,gl_display,0.0,0.15463796444237232,0.15463796444237232,843972.81612053,843972.816275168
world,System_Graphs,System_Graphs,recent_events,843972.767911,0.007522990927100182,70.00112102832645,843972.837903358,843972.837910881
world,System_Graphs,System_Graphs,gl_display,0.0,0.16203999985009432,0.16203999985009432,843972.848206122,843972.848368162
world,System_Graphs,System_Graphs,recent_events,843972.801421,0.007414026185870171,68.516535917297,843972.869928638,843972.869936052
world,System_Graphs,System_Graphs,gl_display,0.0,0.12427195906639099,0.12427195906639099,843972.880103104,843972.880227376
world,System_Graphs,System_Graphs,recent_events,843972.834932,0.2500229747965932,71.28337596077472,843972.905962917,843972.90621294
world,System_Graphs,System_Graphs,gl_display,0.0,0.1740899169817567,0.1740899169817567,843972.916644284,843972.916818374
world,System_Graphs,System_Graphs,recent_events,843972.868442,0.006909947842359543,69.44157602265477,843972.937875214,843972.937882124
world,System_Graphs,System_Graphs,gl_display,0.0,0.15202292706817389,0.15202292706817389,843972.948220095,843972.948372118
world,System_Graphs,System_Graphs,recent_events,843972.901952,0.0075249699875712395,67.96114798635244,843972.969903951,843972.969911476
world,System_Graphs,System_Graphs,gl_display,0.0,0.1608850434422493,0.1608850434422493,843972.980150966,843972.980311851
world,System_Graphs,System_Graphs,recent_events,843972.935463,0.006578979082405567,70.40932704694569,843973.00586459,843973.005871169
world,System_Graphs,System_Graphs,gl_display,0.0,0.16201799735426903,0.16201799735426903,843973.015512445,843973.015674463
world,System_Graphs,System_Graphs,recent_events,843972.968973,0.006995978765189648,68.86483309790492,843973.037829555,843973.037836551
world,System_Graphs,System_Graphs,gl_display,0.0,0.16084802336990833,0.16084802336990833,843973.048171213,843973.048332061
world,System_Graphs,System_Graphs,recent_events,843973.002484,0.2682670019567013,71.67121197562665,843973.073884776,843973.074153043
world,System_Graphs,System_Graphs,gl_display,0.0,0.16461207997053862,0.16461207997053862,843973.084390553,843973.084555165
world,System_Graphs,System_Graphs,recent_events,843973.035994,0.006838003173470497,69.95570799335837,843973.105941617,843973.105948455
world,System_Graphs,System_Graphs,gl_display,0.0,0.1461060019209981,0.1461060019209981,843973.115886878,843973.116032984
world,System_Graphs,System_Graphs,recent_events,843973.069504,0.007221940904855728,68.38966603390872,843973.137885138,843973.13789236
world,System_Graphs,System_Graphs,gl_display,0.0,0.15777198132127523,0.15777198132127523,843973.147871924,843973.148029696
world,System_Graphs,System_Graphs,recent_events,843973.103015,0.007711001671850681,70.91341097839177,843973.173919313,843973.173927024
world,System_Graphs,System_Graphs,gl_display,0.0,0.15128799714148045,0.15128799714148045,843973.183998278,843973.184149566
world,System_Graphs,System_Graphs,recent_events,843973.136525,0.007095048204064369,69.36520303133875,843973.20588174,843973.205888835
world,System_Graphs,System_Graphs,gl_display,0.0,0.14658994041383266,0.14658994041383266,843973.215874196,843973.216020786
world,System_Graphs,System_Graphs,recent_events,843973.170036,0.25046197697520256,68.10184102505445,843973.237885653,843973.238136115
world,System_Graphs,System_Graphs,gl_display,0.0,0.13639393728226423,0.13639393728226423,843973.248356587,843973.248492981
world,System_Graphs,System_Graphs,recent_events,843973.203546,0.006639980711042881,70.5385560868308,843973.274076569,843973.274083209
world,System_Graphs,System_Graphs,gl_display,0.0,0.1518570352345705,0.1518570352345705,843973.284454869,843973.284606726
world,System_Graphs,System_Graphs,recent_events,843973.237056,0.00861193984746933,69.11673897411674,843973.306162651,843973.306171263
world,System_Graphs,System_Graphs,gl_display,0.0,0.12409198097884655,0.12409198097884655,843973.316331691,843973.316455783
world,System_Graphs,System_Graphs,recent_events,843973.270567,0.007499009370803833,71.56042300630361,843973.3421184,843973.342125899
world,System_Graphs,System_Graphs,gl_display,0.0,0.15775603242218494,0.15775603242218494,843973.352272933,843973.352430689
world,System_Graphs,System_Graphs,recent_events,843973.304077,0.007322058081626892,70.06646296940744,843973.374134564,843973.374141886
world,System_Graphs,System_Graphs,gl_display,0.0,0.13847299851477146,0.13847299851477146,843973.384212011,843973.384350484
world,System_Graphs,System_Graphs,recent_events,843973.337588,0.23305194918066263,68.77017195802182,843973.406122716,843973.406355768
world,System_Graphs,System_Graphs,gl_display,0.0,0.1522520324215293,0.1522520324215293,843973.416611395,843973.416763647
world,System_Graphs,System_Graphs,recent_events,843973.371098,0.007592025212943554,71.0249759722501,843973.442114103,843973.442121695
world,System_Graphs,System_Graphs,gl_display,0.0,0.16072194557636976,0.16072194557636976,843973.452269483,843973.452430205
world,System_Graphs,System_Graphs,recent_events,843973.404608,0.007044058293104172,69.29659005254507,843973.473896166,843973.47390321
world,System_Graphs,System_Graphs,gl_display,0.0,0.1594250788912177,0.1594250788912177,843973.483982745,843973.48414217
world,System_Graphs,System_Graphs,recent_events,843973.438119,0.009230920113623142,67.86690989974886,843973.505974631,843973.505983862
world,System_Graphs,System_Graphs,gl_display,0.0,0.23954000789672136,0.23954000789672136,843973.51868915,843973.51892869
world,System_Graphs,System_Graphs,recent_events,843973.471629,0.007114955224096775,70.27950196061283,843973.541900055,843973.54190717
world,System_Graphs,System_Graphs,gl_display,0.0,0.16366306226700544,0.16366306226700544,843973.554118119,843973.554281782
world,System_Graphs,System_Graphs,recent_events,843973.50514,0.23358408361673355,69.00313298683614,843973.573907543,843973.574141127
world,System_Graphs,System_Graphs,gl_display,0.0,0.13512407895177603,0.13512407895177603,843973.585653518,843973.585788642
world,System_Graphs,System_Graphs,recent_events,843973.53865,0.007302034646272659,71.30791596136987,843973.609949167,843973.609956469
world,System_Graphs,System_Graphs,gl_display,0.0,0.14154997188597918,0.14154997188597918,843973.621928876,843973.622070426
world,System_Graphs,System_Graphs,recent_events,843973.57216,0.0077070435509085655,69.73584706429392,843973.641886669,843973.641894376
world,System_Graphs,System_Graphs,gl_display,0.0,0.16295700334012508,0.16295700334012508,843973.65372092,843973.653883877
world,System_Graphs,System_Graphs,recent_events,843973.605671,0.007722992449998856,68.17722599953413,843973.673839111,843973.673846834
world,System_Graphs,System_Graphs,gl_display,0.0,0.139369978569448,0.139369978569448,843973.685295811,843973.685435181
world,System_Graphs,System_Graphs,recent_events,843973.639181,0.006886082701385021,70.69088809657842,843973.709863295,843973.709870181
world,System_Graphs,System_Graphs,gl_display,0.0,0.1353949774056673,0.1353949774056673,843973.721478014,843973.721613409
world,System_Graphs,System_Graphs,recent_events,843973.672692,0.22615899797528982,69.42570896353573,843973.741889606,843973.742115765
world,System_Graphs,System_Graphs,gl_display,0.0,0.11976901441812515,0.11976901441812515,843973.753213501,843973.75333327
world,System_Graphs,System_Graphs,recent_events,843973.706202,0.003269989974796772,84.08816391602159,843973.79028548,843973.79028875
world,Display_Recent_Gaze,Display_Recent_Gaze,gl_display,0.0,0.0011849915608763695,0.0011849915608763695,843965.104940323,843965.104941508
world,Display_Recent_Gaze,Display_Recent_Gaze,recent_events,0.0,0.0015490222722291946,0.0015490222722291946,843965.281412416,843965.281413965
world,Display_Recent_Gaze,Display_Recent_Gaze,recent_events,843965.261581,0.005203066393733025,68.27775889541954,843965.329852453,843965.329857656
world,Display_Recent_Gaze,Display_Recent_Gaze,gl_display,0.0,0.0007709022611379623,0.0007709022611379623,843965.338546814,843965.338547585
world,Display_Recent_Gaze,Display_Recent_Gaze,recent_events,843965.295092,0.0046549830585718155,70.66964893601835,843965.365755865,843965.36576052
world,Display_Recent_Gaze,Display_Recent_Gaze,gl_display,0.0,0.0019030412659049034,0.0019030412659049034,843965.373412838,843965.373414741
world,Display_Recent_Gaze,Display_Recent_Gaze,recent_events,843965.328602,0.002094893716275692,68.78941494505852,843965.397388827,843965.397390922
world,Display_Recent_Gaze,Display_Recent_Gaze,gl_display,0.0,0.0008329516276717186,0.0008329516276717186,843965.39959626,843965.399597093
world,Display_Recent_Gaze,Display_Recent_Gaze,recent_events,843965.362112,0.0018629943951964378,67.40823201835155,843965.429517818,843965.429519681
world,Display_Recent_Gaze,Display_Recent_Gaze,gl_display,0.0,0.0007600756362080574,0.0007600756362080574,843965.431656451,843965.431657211
world,Display_Recent_Gaze,Display_Recent_Gaze,recent_events,843965.395623,0.002023065462708473,69.92710998747498,843965.465547588,843965.465549611
world,Display_Recent_Gaze,Display_Recent_Gaze,gl_display,0.0,0.000559026375412941,0.000559026375412941,843965.467989346,843965.467989905
world,Display_Recent_Gaze,Display_Recent_Gaze,recent_events,843965.429133,0.0042800093069672585,68.78814706578851,843965.497915479,843965.497919759
world,Display_Recent_Gaze,Display_Recent_Gaze,gl_display,0.0,0.0016459962353110313,0.0016459962353110313,843965.509498633,843965.509500279
world,Display_Recent_Gaze,Display_Recent_Gaze,recent_events,843965.462644,0.004603993147611618,71.17754500359297,843965.533815985,843965.533820589
world,Display_Recent_Gaze,Display_Recent_Gaze,gl_display,0.0,0.0013560056686401367,0.0013560056686401367,843965.539444244,843965.5394456
world,Display_Recent_Gaze,Display_Recent_Gaze,recent_events,843965.496154,0.0020560109987854958,69.36725589912385,843965.565518598,843965.565520654
world,Display_Recent_Gaze,Display_Recent_Gaze,gl_display,0.0,0.001208973117172718,0.001208973117172718,843965.57026749,843965.570268699
world,Display_Recent_Gaze,Display_Recent_Gaze,recent_events,843965.529664,0.0038410071283578873,68.17217892967165,843965.597831437,843965.597835278
world,Display_Recent_Gaze,Display_Recent_Gaze,gl_display,0.0,0.0018009450286626816,0.0018009450286626816,843965.608764361,843965.608766162
world,Display_Recent_Gaze,Display_Recent_Gaze,recent_events,843965.563175,0.0008729984983801842,70.07341703865677,843965.633247306,843965.633248179
world,Display_Recent_Gaze,Display_Recent_Gaze,gl_display,0.0,0.00035297125577926636,0.00035297125577926636,843965.635338025,843965.635338378
world,Display_Recent_Gaze,Display_Recent_Gaze,recent_events,843965.596685,0.0020599691197276115,68.71091900393367,843965.665393405,843965.665395465
world,Display_Recent_Gaze,Display_Recent_Gaze,gl_display,0.0,0.0006740447133779526,0.0006740447133779526,843965.668962105,843965.668962779
world,Display_Recent_Gaze,Display_Recent_Gaze,recent_events,843965.630196,0.0014189863577485085,67.23437097389251,843965.697428449,843965.697429868
world,Display_Recent_Gaze,Display_Recent_Gaze,gl_display,0.0,0.0007159542292356491,0.0007159542292356491,843965.700968427,843965.700969143
world,Display_Recent_Gaze,Display_Recent_Gaze,recent_events,843965.663706,0.001310952939093113,69.67922009062022,843965.733383522,843965.733384833
world,Display_Recent_Gaze,Display_Recent_Gaze,gl_display,0.0,0.0005200272426009178,0.0005200272426009178,843965.736260214,843965.736260734
world,Display_Recent_Gaze,Display_Recent_Gaze,recent_events,843965.697216,0.0016229460015892982,68.27775004785508,843965.765491649,843965.765493272
world,Display_Recent_Gaze,Display_Recent_Gaze,gl_display,0.0,0.0005878973752260208,0.0005878973752260208,843965.768478385,843965.768478973
world,Display_Recent_Gaze,Display_Recent_Gaze,recent_events,843965.730727,0.0013069948181509972,70.63605799339712,843965.801361292,843965.801362599
world,Display_Recent_Gaze,Display_Recent_Gaze,gl_display,0.0,0.0006529735401272774,0.0006529735401272774,843965.805248759,843965.805249412
world,Display_Recent_Gaze,Display_Recent_Gaze,recent_events,843965.764237,0.0017830170691013336,69.17549495119601,843965.833410218,843965.833412001
world,Display_Recent_Gaze,Display_Recent_Gaze,gl_display,0.0,0.0008469214662909508,0.0008469214662909508,843965.837257949,843965.837258796
world,Display_Recent_Gaze,Display_Recent_Gaze,recent_events,843965.797748,0.0017209677025675774,67.68655101768672,843965.865432329,843965.86543405
world,Display_Recent_Gaze,Display_Recent_Gaze,gl_display,0.0,0.0009220093488693237,0.0009220093488693237,843965.869342003,843965.869342925
world,Display_Recent_Gaze,Display_Recent_Gaze,recent_events,843965.831258,0.0014670658856630325,70.20023395307362,843965.901456374,843965.901457841
world,Display_Recent_Gaze,Display_Recent_Gaze,gl_display,0.0,0.0004989560693502426,0.0004989560693502426,843965.905179047,843965.905179546
world,Display_Recent_Gaze,Display_Recent_Gaze,recent_events,843965.864768,0.0012370292097330093,68.63129301927984,843965.933397854,843965.933399091
world,Display_Recent_Gaze,Display_Recent_Gaze,gl_display,0.0,0.0006069894880056381,0.0006069894880056381,843965.935676067,843965.935676674
world,Display_Recent_Gaze,Display_Recent_Gaze,recent_events,843965.898279,0.0015069963410496712,67.10784207098186,843965.965384867,843965.965386374
world,Display_Recent_Gaze,Display_Recent_Gaze,gl_display,0.0,0.0008259667083621025,0.0008259667083621025,843965.968787409,843965.968788235
world,Display_Recent_Gaze,Display_Recent_Gaze,recent_events,843965.931789,0.0017880229279398918,69.6553000016138,843966.001442074,843966.001443862
world,Display_Recent_Gaze,Display_Recent_Gaze,gl_display,0.0,0.0005549518391489983,0.0005549518391489983,843966.004686907,843966.004687462
world,Display_Recent_Gaze,Display_Recent_Gaze,recent_events,843965.9653,0.0016760313883423805,68.15204594749957,843966.033449888,843966.033451564
world,Display_Recent_Gaze,Display_Recent_Gaze,gl_display,0.0,0.0008218921720981598,0.0008218921720981598,843966.036751204,843966.036752026
world,Display_Recent_Gaze,Display_Recent_Gaze,recent_events,843965.99881,0.0017220154404640198,70.62155497260392,843966.069429335,843966.069431057
world,Display_Recent_Gaze,Display_Recent_Gaze,gl_display,0.0,0.0009529758244752884,0.0009529758244752884,843966.072838822,843966.072839775
world,Display_Recent_Gaze,Display_Recent_Gaze,recent_events,843966.03232,0.0018540304154157639,69.27968899253756,843966.101597313,843966.101599167
world,Display_Recent_Gaze,Display_Recent_Gaze,gl_display,0.0,0.0008720671758055687,0.0008720671758055687,843966.104944955,843966.104945827
world,Display_Recent_Gaze,Display_Recent_Gaze,recent_events,843966.065831,0.0014440156519412994,67.57318205200136,843966.133402271,843966.133403715
world,Display_Recent_Gaze,Display_Recent_Gaze,gl_display,0.0,0.000767991878092289,0.000767991878092289,843966.136698027,843966.136698795
world,Display_Recent_Gaze,Display_Recent_Gaze,recent_events,843966.099341,0.0015129335224628448,70.10797900147736,843966.169447012,843966.169448525
world,Display_Recent_Gaze,Display_Recent_Gaze,gl_display,0.0,0.0008170027285814285,0.0008170027285814285,843966.172778971,843966.172779788
world,Display_Recent_Gaze,Display_Recent_Gaze,recent_events,843966.132852,0.0014969846233725548,68.55637510307133,843966.201406436,843966.201407933
world,Display_Recent_Gaze,Display_Recent_Gaze,gl_display,0.0,0.0008279457688331604,0.0008279457688331604,843966.204762581,843966.204763409
world,Display_Recent_Gaze,Display_Recent_Gaze,recent_events,843966.166362,0.0016380799934267998,67.0506649184972,843966.23341058,843966.233412218
world,Display_Recent_Gaze,Display_Recent_Gaze,gl_display,0.0,0.000942964106798172,0.000942964106798172,843966.23663444,843966.236635383
world,Display_Recent_Gaze,Display_Recent_Gaze,recent_events,843966.199872,0.0016099074855446815,69.69336001202464,843966.269563207,843966.269564817
world,Display_Recent_Gaze,Display_Recent_Gaze,gl_display,0.0,0.0009100185707211494,0.0009100185707211494,843966.27286139,843966.2728623
world,Display_Recent_Gaze,Display_Recent_Gaze,recent_events,843966.233383,0.0017170095816254616,68.09533003252,843966.301476182,843966.301477899
world,Display_Recent_Gaze,Display_Recent_Gaze,gl_display,0.0,0.0010579824447631836,0.0010579824447631836,843966.304879742,843966.3048808
world,Display_Recent_Gaze,Display_Recent_Gaze,recent_events,843966.266893,0.0018499558791518211,70.58809895534068,843966.337478759,843966.337480609
world,Display_Recent_Gaze,Display_Recent_Gaze,gl_display,0.0,0.0007610069587826729,0.0007610069587826729,843966.340766567,843966.340767328
world,Display_Recent_Gaze,Display_Recent_Gaze,recent_events,843966.300404,0.0016760313883423805,69.07934800256044,843966.369481228,843966.369482904
world,Display_Recent_Gaze,Display_Recent_Gaze,gl_display,0.0,0.0006390037015080452,0.0006390037015080452,843966.373583978,843966.373584617
world,Display_Recent_Gaze,Display_Recent_Gaze,recent_events,843966.333914,0.000909087248146534,67.44330702349544,843966.401356209,843966.401357118
world,Display_Recent_Gaze,Display_Recent_Gaze,gl_display,0.0,0.0004180474206805229,0.0004180474206805229,843966.4039368,843966.403937218
world,Display_Recent_Gaze,Display_Recent_Gaze,recent_events,843966.367424,0.0010560033842921257,69.99885197728872,843966.437421605,843966.437422661
world,Display_Recent_Gaze,Display_Recent_Gaze,gl_display,0.0,0.0006069894880056381,0.0006069894880056381,843966.439990456,843966.439991063
world,Display_Recent_Gaze,Display_Recent_Gaze,recent_events,843966.400935,0.0011469237506389618,68.39219597168267,843966.469325863,843966.46932701
world,Display_Recent_Gaze,Display_Recent_Gaze,gl_display,0.0,0.0005830079317092896,0.0005830079317092896,843966.471838455,843966.471839038
world,Display_Recent_Gaze,Display_Recent_Gaze,recent_events,843966.434445,0.0012740492820739746,70.89984696358442,843966.505343357,843966.505344631
world,Display_Recent_Gaze,Display_Recent_Gaze,gl_display,0.0,0.0007019843906164169,0.0007019843906164169,843966.507678177,843966.507678879
world,Display_Recent_Gaze,Display_Recent_Gaze,recent_events,843966.467956,0.0011009396985173225,69.3815810373053,843966.537336218,843966.537337319
world,Display_Recent_Gaze,Display_Recent_Gaze,gl_display,0.0,0.000526895746588707,0.000526895746588707,843966.539536679,843966.539537206
world,Display_Recent_Gaze,Display_Recent_Gaze,recent_events,843966.501466,0.0011470401659607887,67.87821603938937,843966.5693428,843966.569343947
world,Display_Recent_Gaze,Display_Recent_Gaze,gl_display,0.0,0.00048510264605283737,0.00048510264605283737,843966.571556342,843966.571556827
world,Display_Recent_Gaze,Display_Recent_Gaze,recent_events,843966.534976,0.0009789364412426949,70.4476929968223,843966.605422497,843966.605423476
world,Display_Recent_Gaze,Display_Recent_Gaze,gl_display,0.0,0.0005159527063369751,0.0005159527063369751,843966.607613572,843966.607614088
world,Display_Recent_Gaze,Display_Recent_Gaze,recent_events,843966.568487,0.0010579824447631836,68.87839501723647,843966.637364082,843966.63736514
world,Display_Recent_Gaze,Display_Recent_Gaze,gl_display,0.0,0.0005170004442334175,0.0005170004442334175,843966.639607816,843966.639608333
world,Display_Recent_Gaze,Display_Recent_Gaze,recent_events,843966.601997,0.0010459916666150093,67.36897199880332,843966.669364679,843966.669365725
world,Display_Recent_Gaze,Display_Recent_Gaze,gl_display,0.0,0.0003550667315721512,0.0003550667315721512,843966.671593944,843966.671594299
world,Display_Recent_Gaze,Display_Recent_Gaze,recent_events,843966.635508,0.0012730015441775322,69.84855595510453,843966.705355107,843966.70535638
world,Display_Recent_Gaze,Display_Recent_Gaze,gl_display,0.0,0.0005209585651755333,0.0005209585651755333,843966.707580306,843966.707580827
world,Display_Recent_Gaze,Display_Recent_Gaze,recent_events,843966.669018,0.0013390090316534042,68.33822303451598,843966.737354664,843966.737356003
world,Display_Recent_Gaze,Display_Recent_Gaze,gl_display,0.0,0.00048603396862745285,0.00048603396862745285,843966.739950608,843966.739951094
world,Display_Recent_Gaze,Display_Recent_Gaze,recent_events,843966.702528,0.0010129297152161598,70.9394869627431,843966.773466279,843966.773467292
world,Display_Recent_Gaze,Display_Recent_Gaze,gl_display,0.0,0.0004989560693502426,0.0004989560693502426,843966.776058,843966.776058499
world,Display_Recent_Gaze,Display_Recent_Gaze,recent_events,843966.736039,0.0010400544852018356,69.32324601802975,843966.805361011,843966.805362051
world,Display_Recent_Gaze,Display_Recent_Gaze,gl_display,0.0,0.00037404242902994156,0.00037404242902994156,843966.808809472,843966.808809846
world,Display_Recent_Gaze,Display_Recent_Gaze,recent_events,843966.769549,0.0011540250852704048,67.7855770336464,843966.837333207,843966.837334361
world,Display_Recent_Gaze,Display_Recent_Gaze,gl_display,0.0,0.0006529735401272774,0.0006529735401272774,843966.839872567,843966.83987322
world,Display_Recent_Gaze,Display_Recent_Gaze,recent_events,843966.80306,0.0009780051186680794,70.30920509714633,843966.873368048,843966.873369026
world,Display_Recent_Gaze,Display_Recent_Gaze,gl_display,0.0,0.0005869660526514053,0.0005869660526514053,843966.875955457,843966.875956044
world,Display_Recent_Gaze,Display_Recent_Gaze,recent_events,843966.83657,0.0010450603440403938,68.80657991860062,843966.905375358,843966.905376403
world,Display_Recent_Gaze,Display_Recent_Gaze,gl_display,0.0,0.000517931766808033,0.000517931766808033,843966.907977806,843966.907978324
world,Display_Recent_Gaze,Display_Recent_Gaze,recent_events,843966.87008,0.0011801021173596382,67.31095002032816,843966.937389541,843966.937390721
world,Display_Recent_Gaze,Display_Recent_Gaze,gl_display,0.0,0.0005899928510189056,0.0005899928510189056,843966.939906316,843966.939906906
world,Display_Recent_Gaze,Display_Recent_Gaze,recent_events,843966.903591,0.001125037670135498,69.73988201934844,843966.973329545,843966.97333067
world,Display_Recent_Gaze,Display_Recent_Gaze,gl_display,0.0,0.0004949979484081268,0.0004949979484081268,843966.975860172,843966.975860667
world,Display_Recent_Gaze,Display_Recent_Gaze,recent_events,843966.937101,0.0020470470190048218,68.2941289851442,843967.005392841,843967.005394888
world,Display_Recent_Gaze,Display_Recent_Gaze,gl_display,0.0,0.0006309710443019867,0.0006309710443019867,843967.008067893,843967.008068524
world,Display_Recent_Gaze,Display_Recent_Gaze,recent_events,843966.970612,0.0011810334399342537,70.82185300532728,843967.041432443,843967.041433624
world,Display_Recent_Gaze,Display_Recent_Gaze,gl_display,0.0,0.0008759088814258575,0.0008759088814258575,843967.045488878,843967.045489754
world,Display_Recent_Gaze,Display_Recent_Gaze,recent_events,843967.004122,0.0014569377526640892,69.32385207619518,843967.073443884,843967.073445341
world,Display_Recent_Gaze,Display_Recent_Gaze,gl_display,0.0,0.00047800131142139435,0.00047800131142139435,843967.077200068,843967.077200546
world,Display_Recent_Gaze,Display_Recent_Gaze,recent_events,843967.037632,0.0011029187589883804,67.78154789935797,843967.105412209,843967.105413312
world,Display_Recent_Gaze,Display_Recent_Gaze,gl_display,0.0,0.0006350455805659294,0.0006350455805659294,843967.107982317,843967.107982952
world,Display_Recent_Gaze,Display_Recent_Gaze,recent_events,843967.071143,0.001349952071905136,70.23902598302811,843967.141380355,843967.141381705
world,Display_Recent_Gaze,Display_Recent_Gaze,gl_display,0.0,0.0006190966814756393,0.0006190966814756393,843967.143817714,843967.143818333
world,Display_Recent_Gaze,Display_Recent_Gaze,recent_events,843967.104653,0.0012080417945981026,68.7145619885996,843967.173366152,843967.17336736
world,Display_Recent_Gaze,Display_Recent_Gaze,gl_display,0.0,0.0006729969754815102,0.0006729969754815102,843967.175760416,843967.175761089
world,Display_Recent_Gaze,Display_Recent_Gaze,recent_events,843967.138164,0.0011229421943426132,67.2126580029726,843967.205375342,843967.205376465
world,Display_Recent_Gaze,Display_Recent_Gaze,gl_display,0.0,0.0005440087988972664,0.0005440087988972664,843967.207714203,843967.207714747
world,Display_Recent_Gaze,Display_Recent_Gaze,recent_events,843967.171674,0.0011560041457414627,69.72562498413026,843967.241398276,843967.241399432
world,Display_Recent_Gaze,Display_Recent_Gaze,gl_display,0.0,0.0007030321285128593,0.0007030321285128593,843967.243674906,843967.243675609
world,Display_Recent_Gaze,Display_Recent_Gaze,recent_events,843967.205184,0.0012640375643968582,68.3109430829063,843967.27349351,843967.273494774
world,Display_Recent_Gaze,Display_Recent_Gaze,gl_display,0.0,0.00047998037189245224,0.00047998037189245224,843967.275770119,843967.275770599
world,Display_Recent_Gaze,Display_Recent_Gaze,recent_events,843967.238695,0.0013370299711823463,70.70310204289854,843967.309396478,843967.309397815
world,Display_Recent_Gaze,Display_Recent_Gaze,gl_display,0.0,0.0006620539352297783,0.0006620539352297783,843967.312059016,843967.312059678
world,Display_Recent_Gaze,Display_Recent_Gaze,recent_events,843967.272205,0.001334003172814846,69.14480798877776,843967.341348212,843967.341349546
world,Display_Recent_Gaze,Display_Recent_Gaze,gl_display,0.0,0.0005100155249238014,0.0005100155249238014,843967.343856868,843967.343857378
world,Display_Recent_Gaze,Display_Recent_Gaze,recent_events,843967.305716,0.001093023456633091,67.65009602531791,843967.373363602,843967.373364695
world,Display_Recent_Gaze,Display_Recent_Gaze,gl_display,0.0,0.0003878958523273468,0.0003878958523273468,843967.375527734,843967.375528122
world,Display_Recent_Gaze,Display_Recent_Gaze,recent_events,843967.339226,0.0011730007827281952,70.10715594515204,843967.409331793,843967.409332966
world,Display_Recent_Gaze,Display_Recent_Gaze,gl_display,0.0,0.0005450565367937088,0.0005450565367937088,843967.411516276,843967.411516821
world,Display_Recent_Gaze,Display_Recent_Gaze,recent_events,843967.372736,0.001117936335504055,68.74728202819824,843967.44148197,843967.441483088
world,Display_Recent_Gaze,Display_Recent_Gaze,gl_display,0.0,0.0005159527063369751,0.0005159527063369751,843967.443727663,843967.443728179
world,Display_Recent_Gaze,Display_Recent_Gaze,recent_events,843967.406247,0.0011370284482836723,67.12320703081787,843967.473368855,843967.473369992
world,Display_Recent_Gaze,Display_Recent_Gaze,gl_display,0.0,0.0005259644240140915,0.0005259644240140915,843967.47574827,843967.475748796
world,Display_Recent_Gaze,Display_Recent_Gaze,recent_events,843967.439757,0.0011239899322390556,69.67263307888061,843967.509428298,843967.509429422
world,Display_Recent_Gaze,Display_Recent_Gaze,gl_display,0.0,0.0004800967872142792,0.0004800967872142792,843967.511626381,843967.511626861
world,Display_Recent_Gaze,Display_Recent_Gaze,recent_events,843967.473268,0.0012069940567016602,68.08167102281004,843967.541348171,843967.541349378
world,Display_Recent_Gaze,Display_Recent_Gaze,gl_display,0.0,0.0004980247467756271,0.0004980247467756271,843967.543615892,843967.54361639
world,Display_Recent_Gaze,Display_Recent_Gaze,recent_events,843967.506778,0.0013940734788775444,70.71282097604126,843967.577488886,843967.57749028
world,Display_Recent_Gaze,Display_Recent_Gaze,gl_display,0.0,0.0008749775588512421,0.0008749775588512421,843967.580857297,843967.580858172
world,Display_Recent_Gaze,Display_Recent_Gaze,recent_events,843967.540288,0.001950073055922985,69.37995692715049,843967.609665499,843967.609667449
world,Display_Recent_Gaze,Display_Recent_Gaze,gl_display,0.0,0.0008379574865102768,0.0008379574865102768,843967.613152071,843967.613152909
world,Display_Recent_Gaze,Display_Recent_Gaze,recent_events,843967.573799,0.0017370330169796944,67.72832095157355,843967.641525095,843967.641526832
world,Display_Recent_Gaze,Display_Recent_Gaze,gl_display,0.0,0.0009849900379776955,0.0009849900379776955,843967.644902015,843967.644903
world,Display_Recent_Gaze,Display_Recent_Gaze,recent_events,843967.607309,0.0015510013327002525,70.2148979762569,843967.677521907,843967.677523458
world,Display_Recent_Gaze,Display_Recent_Gaze,gl_display,0.0,0.0005600741133093834,0.0005600741133093834,843967.679993741,843967.679994301
world,Display_Recent_Gaze,Display_Recent_Gaze,recent_events,843967.64082,0.0016320263966917992,68.7112290179357,843967.709529143,843967.709530775
world,Display_Recent_Gaze,Display_Recent_Gaze,gl_display,0.0,0.00046996865421533585,0.00046996865421533585,843967.712130423,843967.712130893
world,Display_Recent_Gaze,Display_Recent_Gaze,recent_events,843967.67433,0.0014979159459471703,67.18042702414095,843967.741508414,843967.741509912
world,Display_Recent_Gaze,Display_Recent_Gaze,gl_display,0.0,0.0006629852578043938,0.0006629852578043938,843967.744035398,843967.744036061
world,Display_Recent_Gaze,Display_Recent_Gaze,recent_events,843967.70784,0.001027015969157219,69.58448991645128,843967.777423226,843967.777424253
world,Display_Recent_Gaze,Display_Recent_Gaze,gl_display,0.0,0.0004889443516731262,0.0004889443516731262,843967.780787269,843967.780787758
world,Display_Recent_Gaze,Display_Recent_Gaze,recent_events,843967.741351,0.0009520445019006729,67.9752299329266,843967.809325077,843967.809326029
world,Display_Recent_Gaze,Display_Recent_Gaze,gl_display,0.0,0.0007329508662223816,0.0007329508662223816,843967.844081108,843967.844081841
world,Display_Recent_Gaze,Display_Recent_Gaze,recent_events,843967.774861,0.001686043106019497,81.63792302366346,843967.856497036,843967.856498722
world,Display_Recent_Gaze,Display_Recent_Gaze,gl_display,0.0,0.0006490154191851616,0.0006490154191851616,843967.872537841,843967.87253849
world,Display_Recent_Gaze,Display_Recent_Gaze,recent_events,843967.808372,0.0017279526218771935,69.00378502905369,843967.877373817,843967.877375545
world,Display_Recent_Gaze,Display_Recent_Gaze,gl_display,0.0,0.0006570480763912201,0.0006570480763912201,843967.891194013,843967.89119467
world,Display_Recent_Gaze,Display_Recent_Gaze,recent_events,843967.841882,0.0010979129001498222,67.59449501987547,843967.909475184,843967.909476282
world,Display_Recent_Gaze,Display_Recent_Gaze,gl_display,0.0,0.0005069887265563011,0.0005069887265563011,843967.911960664,843967.911961171
world,Display_Recent_Gaze,Display_Recent_Gaze,recent_events,843967.875392,0.0010569347068667412,70.06343803368509,843967.945454166,843967.945455223
world,Display_Recent_Gaze,Display_Recent_Gaze,gl_display,0.0,0.0005509937182068825,0.0005509937182068825,843967.947677777,843967.947678328
world,Display_Recent_Gaze,Display_Recent_Gaze,recent_events,843967.908903,0.0020810402929782867,68.49987909663469,843967.977400556,843967.977402637
world,Display_Recent_Gaze,Display_Recent_Gaze,gl_display,0.0,0.0006150221452116966,0.0006150221452116966,843967.979737628,843967.979738243
world,Display_Recent_Gaze,Display_Recent_Gaze,recent_events,843967.942413,0.0018370337784290314,70.99310192279518,843968.013403983,843968.01340582
world,Display_Recent_Gaze,Display_Recent_Gaze,gl_display,0.0,0.0005210749804973602,0.0005210749804973602,843968.025533704,843968.025534225
world,Display_Recent_Gaze,Display_Recent_Gaze,recent_events,843967.975924,0.0019499566406011581,69.53400000929832,843968.045455502,843968.045457452
world,Display_Recent_Gaze,Display_Recent_Gaze,gl_display,0.0,0.000693020410835743,0.000693020410835743,843968.092463865,843968.092464558
world,Display_Recent_Gaze,Display_Recent_Gaze,recent_events,843968.009434,0.0007740454748272896,83.39465002063662,843968.09282764,843968.092828414
world,Display_Recent_Gaze,Display_Recent_Gaze,recent_events,843968.042944,0.0010490184649825096,70.47093496657908,843968.113413605,843968.113414654
world,Display_Recent_Gaze,Display_Recent_Gaze,gl_display,0.0,0.0004440080374479294,0.0004440080374479294,843968.126147739,843968.126148183
world,Display_Recent_Gaze,Display_Recent_Gaze,recent_events,843968.076455,0.00108394306153059,68.89402004890144,843968.145347696,843968.14534878
world,Display_Recent_Gaze,Display_Recent_Gaze,gl_display,0.0,0.00036100391298532486,0.00036100391298532486,843968.147650716,843968.147651077
world,Display_Recent_Gaze,Display_Recent_Gaze,recent_events,843968.109965,0.004758941940963268,67.73162807803601,843968.177690526,843968.177695285
world,Display_Recent_Gaze,Display_Recent_Gaze,gl_display,0.0,0.0016959384083747864,0.0016959384083747864,843968.187981538,843968.187983234
world,Display_Recent_Gaze,Display_Recent_Gaze,recent_events,843968.143476,0.003834022209048271,70.36015391349792,843968.213831128,843968.213834962
world,Display_Recent_Gaze,Display_Recent_Gaze,gl_display,0.0,0.002078944817185402,0.002078944817185402,843968.228128239,843968.228130318
world,Display_Recent_Gaze,Display_Recent_Gaze,recent_events,843968.176986,0.004933914169669151,68.84212198201567,843968.24582158,843968.245826514
world,Display_Recent_Gaze,Display_Recent_Gaze,gl_display,0.0,0.00218802597373724,0.00218802597373724,843968.258031507,843968.258033695
world,Display_Recent_Gaze,Display_Recent_Gaze,recent_events,843968.210496,0.00160199124366045,70.99181204102933,843968.281485946,843968.281487548
world,Display_Recent_Gaze,Display_Recent_Gaze,gl_display,0.0,0.0004540197551250458,0.0004540197551250458,843968.283989593,843968.283990047
world,Display_Recent_Gaze,Display_Recent_Gaze,recent_events,843968.244007,0.0017129350453615189,69.45689697749913,843968.313461928,843968.313463641
world,Display_Recent_Gaze,Display_Recent_Gaze,gl_display,0.0,0.0006080372259020805,0.0006080372259020805,843968.316358425,843968.316359033
world,Display_Recent_Gaze,Display_Recent_Gaze,recent_events,843968.277517,0.00471901148557663,68.238829029724,843968.34574975,843968.345754469
world,Display_Recent_Gaze,Display_Recent_Gaze,gl_display,0.0,0.001934007741510868,0.001934007741510868,843968.357825826,843968.35782776
world,Display_Recent_Gaze,Display_Recent_Gaze,recent_events,843968.311028,0.0009749783203005791,70.3209430212155,843968.381347761,843968.381348736
world,Display_Recent_Gaze,Display_Recent_Gaze,gl_display,0.0,0.0004400499165058136,0.0004400499165058136,843968.383738788,843968.383739228
world,Display_Recent_Gaze,Display_Recent_Gaze,recent_events,843968.344538,0.0010790536180138588,68.85184010025114,843968.413388531,843968.41338961
world,Display_Recent_Gaze,Display_Recent_Gaze,gl_display,0.0,0.0005350448191165924,0.0005350448191165924,843968.416268591,843968.416269126
world,Display_Recent_Gaze,Display_Recent_Gaze,recent_events,843968.378048,0.0012869713827967644,67.43058492429554,843968.445477132,843968.445478419
world,Display_Recent_Gaze,Display_Recent_Gaze,gl_display,0.0,0.0005200272426009178,0.0005200272426009178,843968.448071033,843968.448071553
world,Display_Recent_Gaze,Display_Recent_Gaze,recent_events,843968.411559,0.0012980308383703232,69.83903294894844,843968.481396477,843968.481397775
world,Display_Recent_Gaze,Display_Recent_Gaze,gl_display,0.0,0.0005080364644527435,0.0005080364644527435,843968.483734802,843968.48373531
world,Display_Recent_Gaze,Display_Recent_Gaze,recent_events,843968.445069,0.0013980315998196602,68.32084094639868,843968.51338815,843968.513389548
world,Display_Recent_Gaze,Display_Recent_Gaze,gl_display,0.0,0.00048801302909851074,0.00048801302909851074,843968.515549322,843968.51554981
world,Display_Recent_Gaze,Display_Recent_Gaze,recent_events,843968.47858,0.004734029062092304,71.17516605649143,843968.549749319,843968.549754053
world,Display_Recent_Gaze,Display_Recent_Gaze,gl_display,0.0,0.0019449507817626,0.0019449507817626,843968.559953458,843968.559955403
world,Display_Recent_Gaze,Display_Recent_Gaze,recent_events,843968.51209,0.001024920493364334,69.26629797089845,843968.581355056,843968.581356081
world,Display_Recent_Gaze,Display_Recent_Gaze,gl_display,0.0,0.0005830079317092896,0.0005830079317092896,843968.583437295,843968.583437878
world,Display_Recent_Gaze,Display_Recent_Gaze,recent_events,843968.5456,0.0014239922165870667,67.86362710408866,843968.61346193,843968.613463354
world,Display_Recent_Gaze,Display_Recent_Gaze,gl_display,0.0,0.0005329493433237076,0.0005329493433237076,843968.615715467,843968.615716
world,Display_Recent_Gaze,Display_Recent_Gaze,recent_events,843968.579111,0.0020739389583468437,70.32353698741645,843968.649432239,843968.649434313
world,Display_Recent_Gaze,Display_Recent_Gaze,gl_display,0.0,0.0006260816007852554,0.0006260816007852554,843968.651655503,843968.651656129
world,Display_Recent_Gaze,Display_Recent_Gaze,recent_events,843968.612621,0.0016080448403954506,68.76728101633489,843968.681386373,843968.681387981
world,Display_Recent_Gaze,Display_Recent_Gaze,gl_display,0.0,0.0005600741133093834,0.0005600741133093834,843968.68351444,843968.683515
world,Display_Recent_Gaze,Display_Recent_Gaze,recent_events,843968.646132,0.0012810342013835907,67.22492992412299,843968.713355351,843968.713356632
world,Display_Recent_Gaze,Display_Recent_Gaze,gl_display,0.0,0.00043690670281648636,0.00043690670281648636,843968.715441185,843968.715441622
world,Display_Recent_Gaze,Display_Recent_Gaze,recent_events,843968.679642,0.001044943928718567,69.74847405217588,843968.749389203,843968.749390248
world,Display_Recent_Gaze,Display_Recent_Gaze,gl_display,0.0,0.00040105078369379044,0.00040105078369379044,843968.751505357,843968.751505758
world,Display_Recent_Gaze,Display_Recent_Gaze,recent_events,843968.713152,0.000991043634712696,68.3486940106377,843968.78149952,843968.781500511
world,Display_Recent_Gaze,Display_Recent_Gaze,gl_display,0.0,0.00037404242902994156,0.00037404242902994156,843968.78362843,843968.783628804
world,Display_Recent_Gaze,Display_Recent_Gaze,recent_events,843968.746663,0.0007830094546079636,70.7742579979822,843968.817436275,843968.817437058
world,Display_Recent_Gaze,Display_Recent_Gaze,gl_display,0.0,0.00039907172322273254,0.00039907172322273254,843968.819744656,843968.819745055
world,Display_Recent_Gaze,Display_Recent_Gaze,recent_events,843968.780173,0.0007969792932271957,69.24984301440418,843968.849421845,843968.849422642
world,Display_Recent_Gaze,Display_Recent_Gaze,gl_display,0.0,0.00041909515857696533,0.00041909515857696533,843968.851808289,843968.851808708
world,Display_Recent_Gaze,Display_Recent_Gaze,recent_events,843968.813684,0.001049949787557125,67.78614700306207,843968.881468866,843968.881469916
world,Display_Recent_Gaze,Display_Recent_Gaze,gl_display,0.0,0.0010490184649825096,0.0010490184649825096,843968.885862119,843968.885863168
world,Display_Recent_Gaze,Display_Recent_Gaze,recent_events,843968.847194,0.0016470439732074738,70.47013496048748,843968.917661986,843968.917663633
world,Display_Recent_Gaze,Display_Recent_Gaze,gl_display,0.0,0.0008959323167800903,0.0008959323167800903,843968.920843855,843968.920844751
world,Display_Recent_Gaze,Display_Recent_Gaze,recent_events,843968.981236,0.002008979208767414,80.8421460678801,843969.062075585,843969.062077594
world,Display_Recent_Gaze,Display_Recent_Gaze,gl_display,0.0,0.0005980255082249641,0.0005980255082249641,843969.065566782,843969.06556738
world,Display_Recent_Gaze,Display_Recent_Gaze,recent_events,843969.014746,0.0024420442059636116,70.8528000395745,843969.085595951,843969.085598393
world,Display_Recent_Gaze,Display_Recent_Gaze,gl_display,0.0,0.0007200287654995918,0.0007200287654995918,843969.088928768,843969.088929488
world,Display_Recent_Gaze,Display_Recent_Gaze,recent_events,843969.048256,0.002215965650975704,69.34502196963876,843969.117598342,843969.117600558
world,Display_Recent_Gaze,Display_Recent_Gaze,gl_display,0.0,0.0009940704330801964,0.0009940704330801964,843969.120945241,843969.120946235
world,Display_Recent_Gaze,Display_Recent_Gaze,recent_events,843969.081767,0.0017320271581411362,67.7570259431377,843969.149521826,843969.149523558
world,Display_Recent_Gaze,Display_Recent_Gaze,gl_display,0.0,0.0004919711500406265,0.0004919711500406265,843969.151978596,843969.151979088
world,Display_Recent_Gaze,Display_Recent_Gaze,recent_events,843969.115277,0.001678941771388054,70.28104702476412,843969.18555615,843969.185557829
world,Display_Recent_Gaze,Display_Recent_Gaze,gl_display,0.0,0.0005289912223815918,0.0005289912223815918,843969.187860137,843969.187860666
world,Display_Recent_Gaze,Display_Recent_Gaze,recent_events,843969.148788,0.0013490207493305206,68.78792203497142,843969.217574381,843969.21757573
world,Display_Recent_Gaze,Display_Recent_Gaze,gl_display,0.0,0.00038999132812023163,0.00038999132812023163,843969.219903211,843969.219903601
world,Display_Recent_Gaze,Display_Recent_Gaze,recent_events,843969.182298,0.0014830147847533226,67.19634204637259,843969.249492645,843969.249494128
world,Display_Recent_Gaze,Display_Recent_Gaze,gl_display,0.0,0.00047392677515745163,0.00047392677515745163,843969.251894401,843969.251894875
world,Display_Recent_Gaze,Display_Recent_Gaze,recent_events,843969.215808,0.0017530983313918114,69.68411803245544,843969.285490176,843969.285491929
world,Display_Recent_Gaze,Display_Recent_Gaze,gl_display,0.0,0.000542961061000824,0.000542961061000824,843969.287869459,843969.287870002
world,Display_Recent_Gaze,Display_Recent_Gaze,recent_events,843969.249319,0.0015200348570942879,68.21698194835335,843969.317534251,843969.317535771
world,Display_Recent_Gaze,Display_Recent_Gaze,gl_display,0.0,0.00039103906601667404,0.00039103906601667404,843969.319896919,843969.31989731
world,Display_Recent_Gaze,Display_Recent_Gaze,recent_events,843969.282829,0.0015379628166556358,70.6522170221433,843969.353479472,843969.35348101
world,Display_Recent_Gaze,Display_Recent_Gaze,gl_display,0.0,0.0005409820005297661,0.0005409820005297661,843969.3559686,843969.355969141
world,Display_Recent_Gaze,Display_Recent_Gaze,recent_events,843969.31634,0.0014239922165870667,69.25655994564295,843969.385594961,843969.385596385
world,Display_Recent_Gaze,Display_Recent_Gaze,gl_display,0.0,0.0005509937182068825,0.0005509937182068825,843969.388015282,843969.388015833
world,Display_Recent_Gaze,Display_Recent_Gaze,recent_events,843969.34985,0.0009720679372549057,67.67364905681461,843969.417522479,843969.417523451
world,Display_Recent_Gaze,Display_Recent_Gaze,gl_display,0.0,0.0005210749804973602,0.0005210749804973602,843969.420088404,843969.420088925
world,Display_Recent_Gaze,Display_Recent_Gaze,recent_events,843969.38336,0.001308973878622055,70.16524404753,843969.453523714,843969.453525023
world,Display_Recent_Gaze,Display_Recent_Gaze,gl_display,0.0,0.000584055669605732,0.000584055669605732,843969.456436405,843969.456436989
world,Display_Recent_Gaze,Display_Recent_Gaze,recent_events,843969.416871,0.001544947735965252,68.78423504531384,843969.485652262,843969.485653807
world,Display_Recent_Gaze,Display_Recent_Gaze,gl_display,0.0,0.0005499459803104401,0.0005499459803104401,843969.488396993,843969.488397543
world,Display_Recent_Gaze,Display_Recent_Gaze,recent_events,843969.450381,0.001544947735965252,71.2669420754537,843969.521645913,843969.521647458
world,Display_Recent_Gaze,Display_Recent_Gaze,gl_display,0.0,0.0009320210665464401,0.0009320210665464401,843969.525647459,843969.525648391
world,Display_Recent_Gaze,Display_Recent_Gaze,recent_events,843969.483892,0.001926906406879425,69.74330998491496,843969.553632796,843969.553634723
world,Display_Recent_Gaze,Display_Recent_Gaze,gl_display,0.0,0.0007939524948596954,0.0007939524948596954,843969.556004193,843969.556004987
world,Display_Recent_Gaze,Display_Recent_Gaze,recent_events,843969.517402,0.0015830155462026596,68.13236302696168,843969.585532349,843969.585533932
world,Display_Recent_Gaze,Display_Recent_Gaze,gl_display,0.0,0.0005959300324320793,0.0005959300324320793,843969.587925257,843969.587925853
world,Display_Recent_Gaze,Display_Recent_Gaze,recent_events,843969.550912,0.0020510051399469376,70.640585036017,843969.621550241,843969.621552292
world,Display_Recent_Gaze,Display_Recent_Gaze,gl_display,0.0,0.0006949994713068008,0.0006949994713068008,843969.624821833,843969.624822528
world,Display_Recent_Gaze,Display_Recent_Gaze,recent_events,843969.584423,0.004205969162285328,69.41697804722935,843969.653834761,843969.653838967
world,Display_Recent_Gaze,Display_Recent_Gaze,gl_display,0.0,0.001759035512804985,0.001759035512804985,843969.664702808,843969.664704567
world,Display_Recent_Gaze,Display_Recent_Gaze,recent_events,843969.617933,0.003730994649231434,67.89811002090573,843969.685826404,843969.685830135
world,Display_Recent_Gaze,Display_Recent_Gaze,gl_display,0.0,0.0017239945009350777,0.0017239945009350777,843969.69648351,843969.696485234
world,Display_Recent_Gaze,Display_Recent_Gaze,recent_events,843969.651444,0.004102010279893875,70.70692209526896,843969.722145929,843969.722150031
world,Display_Recent_Gaze,Display_Recent_Gaze,gl_display,0.0,0.0003320164978504181,0.0003320164978504181,843969.730858297,843969.730858629
world,Display_Recent_Gaze,Display_Recent_Gaze,recent_events,843969.684954,0.0038190046325325966,68.85551696177572,843969.753804349,843969.753808168
world,Display_Recent_Gaze,Display_Recent_Gaze,gl_display,0.0,0.0019939616322517395,0.0019939616322517395,843969.764203832,843969.764205826
world,Display_Recent_Gaze,Display_Recent_Gaze,recent_events,843969.718464,0.003592926077544689,71.2964809499681,843969.789755632,843969.789759225
world,Display_Recent_Gaze,Display_Recent_Gaze,gl_display,0.0,0.00029709190130233765,0.00029709190130233765,843969.797936176,843969.797936473
world,Display_Recent_Gaze,Display_Recent_Gaze,recent_events,843969.751975,0.004073954187333584,69.77242801804096,843969.821742206,843969.82174628
world,Display_Recent_Gaze,Display_Recent_Gaze,gl_display,0.0,0.002117943949997425,0.002117943949997425,843969.832296635,843969.832298753
world,Display_Recent_Gaze,Display_Recent_Gaze,recent_events,843969.785485,0.004558940418064594,68.34687700029463,843969.853826027,843969.853830586
world,Display_Recent_Gaze,Display_Recent_Gaze,gl_display,0.0,0.0017900019884109497,0.0017900019884109497,843969.864460566,843969.864462356
world,Display_Recent_Gaze,Display_Recent_Gaze,recent_events,843969.818996,0.0043960753828287125,71.0928039625287,843969.890083181,843969.890087577
world,Display_Recent_Gaze,Display_Recent_Gaze,gl_display,0.0,0.00037497375160455704,0.00037497375160455704,843969.897927575,843969.89792795
world,Display_Recent_Gaze,Display_Recent_Gaze,recent_events,843969.852506,0.0034819822758436203,69.38599003478885,843969.921887507,843969.921890989
world,Display_Recent_Gaze,Display_Recent_Gaze,gl_display,0.0,0.002210959792137146,0.002210959792137146,843969.932695423,843969.932697634
world,Display_Recent_Gaze,Display_Recent_Gaze,recent_events,843969.886016,0.004588044248521328,67.92406004387885,843969.953934139,843969.953938727
world,Display_Recent_Gaze,Display_Recent_Gaze,gl_display,0.0,0.0020440202206373215,0.0020440202206373215,843969.964762667,843969.964764711
world,Display_Recent_Gaze,Display_Recent_Gaze,recent_events,843969.919527,0.004587927833199501,70.47236594371498,843969.989992897,843969.989997485
world,Display_Recent_Gaze,Display_Recent_Gaze,gl_display,0.0,0.0018799910321831703,0.0018799910321831703,843970.000893253,843970.000895133
world,Display_Recent_Gaze,Display_Recent_Gaze,recent_events,843969.953037,0.005060923285782337,68.99488694034517,843970.022024729,843970.02202979
world,Display_Recent_Gaze,Display_Recent_Gaze,gl_display,0.0,0.002603977918624878,0.002603977918624878,843970.032889792,843970.032892396
world,Display_Recent_Gaze,Display_Recent_Gaze,recent_events,843969.986548,0.004476052708923817,71.60463696345687,843970.058147133,843970.058151609
world,Display_Recent_Gaze,Display_Recent_Gaze,gl_display,0.0,0.0018689315766096115,0.0018689315766096115,843970.068651771,843970.06865364
world,Display_Recent_Gaze,Display_Recent_Gaze,recent_events,843970.020058,0.003917957656085491,69.8078089626506,843970.089860782,843970.0898647
world,Display_Recent_Gaze,Display_Recent_Gaze,gl_display,0.0,0.0014570541679859161,0.0014570541679859161,843970.100527762,843970.100529219
world,Display_Recent_Gaze,Display_Recent_Gaze,recent_events,843970.053568,0.0038889702409505844,68.25357407797128,843970.121816693,843970.121820582
world,Display_Recent_Gaze,Display_Recent_Gaze,gl_display,0.0,0.0014989636838436127,0.0014989636838436127,843970.132462802,843970.132464301
world,Display_Recent_Gaze,Display_Recent_Gaze,recent_events,843970.087079,0.0035120174288749695,70.7495070528239,843970.157824025,843970.157827537
world,Display_Recent_Gaze,Display_Recent_Gaze,gl_display,0.0,0.0018849968910217285,0.0018849968910217285,843970.1686371,843970.168638985
world,Display_Recent_Gaze,Display_Recent_Gaze,recent_events,843970.120589,0.0038819853216409683,69.26465791184455,843970.189848622,843970.189852504
world,Display_Recent_Gaze,Display_Recent_Gaze,gl_display,0.0,0.002352055162191391,0.002352055162191391,843970.200315582,843970.200317934
world,Display_Recent_Gaze,Display_Recent_Gaze,recent_events,843970.1541,0.005042995326220989,68.13194300048053,843970.222225068,843970.222230111
world,Display_Recent_Gaze,Display_Recent_Gaze,gl_display,0.0,0.001576961949467659,0.001576961949467659,843970.232861379,843970.232862956
world,Display_Recent_Gaze,Display_Recent_Gaze,recent_events,843970.18761,0.004185945726931095,70.21829299628735,843970.257823014,843970.2578272
world,Display_Recent_Gaze,Display_Recent_Gaze,gl_display,0.0,0.0018379651010036469,0.0018379651010036469,843970.26870031,843970.268702148
world,Display_Recent_Gaze,Display_Recent_Gaze,recent_events,843970.22112,0.003927969373762608,68.68168897926807,843970.289796864,843970.289800792
world,Display_Recent_Gaze,Display_Recent_Gaze,gl_display,0.0,0.0017080456018447876,0.0017080456018447876,843970.300215857,843970.300217565
world,Display_Recent_Gaze,Display_Recent_Gaze,recent_events,843970.254631,0.004827976226806641,71.22462196275592,843970.325849773,843970.325854601
world,Display_Recent_Gaze,Display_Recent_Gaze,gl_display,0.0,0.0020370353013277054,0.0020370353013277054,843970.336204306,843970.336206343
world,Display_Recent_Gaze,Display_Recent_Gaze,recent_events,843970.288141,0.004261033609509468,69.76504402700812,843970.357900638,843970.357904899
world,Display_Recent_Gaze,Display_Recent_Gaze,gl_display,0.0,0.0015830155462026596,0.0015830155462026596,843970.368227022,843970.368228605
world,Display_Recent_Gaze,Display_Recent_Gaze,recent_events,843970.321652,0.00425602775067091,68.47311602905393,843970.39011996,843970.390124216
world,Display_Recent_Gaze,Display_Recent_Gaze,gl_display,0.0,0.0015330733731389046,0.0015330733731389046,843970.400632578,843970.400634111
world,Display_Recent_Gaze,Display_Recent_Gaze,recent_events,843970.355162,0.0026619527488946915,70.61574200633913,843970.425774152,843970.425776814
world,Display_Recent_Gaze,Display_Recent_Gaze,gl_display,0.0,0.0004359753802418709,0.0004359753802418709,843970.430706011,843970.430706447
world,Display_Recent_Gaze,Display_Recent_Gaze,recent_events,843970.388672,0.0010799849405884743,68.83307301905006,843970.457503728,843970.457504808
world,Display_Recent_Gaze,Display_Recent_Gaze,gl_display,0.0,0.000684056431055069,0.000684056431055069,843970.46032279,843970.460323474
world,Display_Recent_Gaze,Display_Recent_Gaze,recent_events,843970.422183,0.0014379620552062988,67.38654593937099,843970.489567882,843970.48956932
world,Display_Recent_Gaze,Display_Recent_Gaze,gl_display,0.0,0.0005180481821298599,0.0005180481821298599,843970.492575448,843970.492575966
world,Display_Recent_Gaze,Display_Recent_Gaze,recent_events,843970.455693,0.0012579839676618576,69.90099197719246,843970.525592515,843970.525593773
world,Display_Recent_Gaze,Display_Recent_Gaze,gl_display,0.0,0.0005529727786779404,0.0005529727786779404,843970.528551981,843970.528552534
world,Display_Recent_Gaze,Display_Recent_Gaze,recent_events,843970.489204,0.0016819685697555542,68.57268302701414,843970.557774415,843970.557776097
world,Display_Recent_Gaze,Display_Recent_Gaze,gl_display,0.0,0.0009189825505018234,0.0009189825505018234,843970.562328488,843970.562329407
world,Display_Recent_Gaze,Display_Recent_Gaze,recent_events,843970.522714,0.0020120060071349144,71.0453650681302,843970.593756817,843970.593758829
world,Display_Recent_Gaze,Display_Recent_Gaze,gl_display,0.0,0.0010560033842921257,0.0010560033842921257,843970.598626981,843970.598628037
world,Display_Recent_Gaze,Display_Recent_Gaze,recent_events,843970.556224,0.0017579877749085426,69.5105449995026,843970.625732327,843970.625734085
world,Display_Recent_Gaze,Display_Recent_Gaze,gl_display,0.0,0.0010599615052342415,0.0010599615052342415,843970.630574045,843970.630575105
world,Display_Recent_Gaze,Display_Recent_Gaze,recent_events,843970.589735,0.0019189901649951935,67.97765695955604,843970.657710235,843970.657712154
world,Display_Recent_Gaze,Display_Recent_Gaze,gl_display,0.0,0.0007579801604151726,0.0007579801604151726,843970.66209164,843970.662092398
world,Display_Recent_Gaze,Display_Recent_Gaze,recent_events,843970.623245,0.0017700949683785439,70.48711297102273,843970.693729805,843970.693731575
world,Display_Recent_Gaze,Display_Recent_Gaze,gl_display,0.0,0.0010129297152161598,0.0010129297152161598,843970.698256755,843970.698257768
world,Display_Recent_Gaze,Display_Recent_Gaze,recent_events,843970.656756,0.0019399449229240417,69.15291503537446,843970.725906437,843970.725908377
world,Display_Recent_Gaze,Display_Recent_Gaze,gl_display,0.0,0.0009799841791391373,0.0009799841791391373,843970.730353551,843970.730354531
world,Display_Recent_Gaze,Display_Recent_Gaze,recent_events,843970.690266,0.001795007847249508,67.40328099112958,843970.75766694,843970.757668735
world,Display_Recent_Gaze,Display_Recent_Gaze,gl_display,0.0,0.0005719484761357307,0.0005719484761357307,843970.760994327,843970.760994899
world,Display_Recent_Gaze,Display_Recent_Gaze,recent_events,843970.723776,0.0015799887478351593,70.00360707752407,843970.793777356,843970.793778936
world,Display_Recent_Gaze,Display_Recent_Gaze,gl_display,0.0,0.0009440118446946144,0.0009440118446946144,843970.798130524,843970.798131468
world,Display_Recent_Gaze,Display_Recent_Gaze,recent_events,843970.757287,0.0016439007595181465,68.56526504270732,843970.825850147,843970.825851791
world,Display_Recent_Gaze,Display_Recent_Gaze,gl_display,0.0,0.0005780020728707314,0.0005780020728707314,843970.830209663,843970.830210241
world,Display_Recent_Gaze,Display_Recent_Gaze,recent_events,843970.790797,0.0014409888535737991,70.92822098638862,843970.861723474,843970.861724915
world,Display_Recent_Gaze,Display_Recent_Gaze,gl_display,0.0,0.0010940711945295334,0.0010940711945295334,843970.866481431,843970.866482525
world,Display_Recent_Gaze,Display_Recent_Gaze,recent_events,843970.824308,0.00187696423381567,69.58752393256873,843970.893893145,843970.893895022
world,Display_Recent_Gaze,Display_Recent_Gaze,gl_display,0.0,0.0008899951353669167,0.0008899951353669167,843970.898112396,843970.898113286
world,Display_Recent_Gaze,Display_Recent_Gaze,recent_events,843970.857818,0.001767999492585659,67.99595698248595,843970.925811663,843970.925813431
world,Display_Recent_Gaze,Display_Recent_Gaze,gl_display,0.0,0.000759027898311615,0.000759027898311615,843970.930168336,843970.930169095
world,Display_Recent_Gaze,Display_Recent_Gaze,recent_events,843970.891328,0.0020849984139204025,70.48873603343964,843970.961814142,843970.961816227
world,Display_Recent_Gaze,Display_Recent_Gaze,gl_display,0.0,0.0007980270311236382,0.0007980270311236382,843970.965843593,843970.965844391
world,Display_Recent_Gaze,Display_Recent_Gaze,recent_events,843970.924839,0.0019309809431433678,68.83697805460542,843970.993673586,843970.993675517
world,Display_Recent_Gaze,Display_Recent_Gaze,gl_display,0.0,0.0006869668141007423,0.0006869668141007423,843970.998554931,843970.998555618
world,Display_Recent_Gaze,Display_Recent_Gaze,recent_events,843970.958349,0.0017450656741857529,67.29223008733243,843971.025639009,843971.025640754
world,Display_Recent_Gaze,Display_Recent_Gaze,gl_display,0.0,0.0008189817890524864,0.0008189817890524864,843971.030136949,843971.030137768
world,Display_Recent_Gaze,Display_Recent_Gaze,recent_events,843970.99186,0.0020799925550818443,69.98742709401995,843971.061844864,843971.061846944
world,Display_Recent_Gaze,Display_Recent_Gaze,gl_display,0.0,0.0006289919838309288,0.0006289919838309288,843971.065462221,843971.06546285
world,Display_Recent_Gaze,Display_Recent_Gaze,recent_events,843971.02537,0.0010329531505703926,68.20135097950697,843971.093570083,843971.093571116
world,Display_Recent_Gaze,Display_Recent_Gaze,gl_display,0.0,0.0006069894880056381,0.0006069894880056381,843971.096510872,843971.096511479
world,Display_Recent_Gaze,Display_Recent_Gaze,recent_events,843971.05888,0.003788038156926632,71.10204396303743,843971.129976801,843971.129980589
world,Display_Recent_Gaze,Display_Recent_Gaze,gl_display,0.0,0.0019229482859373093,0.0019229482859373093,843971.14454987,843971.144551793
world,Display_Recent_Gaze,Display_Recent_Gaze,recent_events,843971.092391,0.019042985513806343,69.62993904016912,843971.161999671,843971.162018714
world,Display_Recent_Gaze,Display_Recent_Gaze,gl_display,0.0,0.0018810387700796127,0.0018810387700796127,843971.174918272,843971.174920153
world,Display_Recent_Gaze,Display_Recent_Gaze,recent_events,843971.125901,0.0040780287235975266,68.34422599058598,843971.194239969,843971.194244047
world,Display_Recent_Gaze,Display_Recent_Gaze,gl_display,0.0,0.0004220055416226387,0.0004220055416226387,843971.204260765,843971.204261187
world,Display_Recent_Gaze,Display_Recent_Gaze,recent_events,843971.159412,0.004110042937099934,70.92338206712157,843971.230330149,843971.230334259
world,Display_Recent_Gaze,Display_Recent_Gaze,gl_display,0.0,0.0018209684640169144,0.0018209684640169144,843971.241773578,843971.241775399
world,Display_Recent_Gaze,Display_Recent_Gaze,recent_events,843971.192922,0.004803994670510292,69.1957320086658,843971.262111693,843971.262116497
world,Display_Recent_Gaze,Display_Recent_Gaze,gl_display,0.0,0.0024329638108611107,0.0024329638108611107,843971.273401731,843971.273404164
world,Display_Recent_Gaze,Display_Recent_Gaze,recent_events,843971.226432,0.004147994332015514,71.51661196257919,843971.297943537,843971.297947685
world,Display_Recent_Gaze,Display_Recent_Gaze,gl_display,0.0,0.0014300458133220673,0.0014300458133220673,843971.308329506,843971.308330936
world,Display_Recent_Gaze,Display_Recent_Gaze,recent_events,843971.259943,0.003919005393981934,69.9479510076344,843971.329886048,843971.329889967
world,Display_Recent_Gaze,Display_Recent_Gaze,gl_display,0.0,0.001335982233285904,0.001335982233285904,843971.34111584,843971.341117176
world,Display_Recent_Gaze,Display_Recent_Gaze,recent_events,843971.293453,0.0036209821701049805,68.43522598501295,843971.361883675,843971.361887296
world,Display_Recent_Gaze,Display_Recent_Gaze,gl_display,0.0,0.0016049016267061234,0.0016049016267061234,843971.37321651,843971.373218115
world,Display_Recent_Gaze,Display_Recent_Gaze,recent_events,843971.326964,0.004178960807621479,71.15033094305545,843971.398109073,843971.398113252
world,Display_Recent_Gaze,Display_Recent_Gaze,gl_display,0.0,0.0019649742171168327,0.0019649742171168327,843971.408840383,843971.408842348
world,Display_Recent_Gaze,Display_Recent_Gaze,recent_events,843971.360474,0.004952074959874153,69.3336910335347,843971.429801513,843971.429806465
world,Display_Recent_Gaze,Display_Recent_Gaze,gl_display,0.0,0.002293032594025135,0.002293032594025135,843971.440914209,843971.440916502
world,Display_Recent_Gaze,Display_Recent_Gaze,recent_events,843971.393984,0.0039710430428385735,67.81854305882007,843971.461797418,843971.461801389
world,Display_Recent_Gaze,Display_Recent_Gaze,gl_display,0.0,0.0025010667741298676,0.0025010667741298676,843971.472321161,843971.472323662
world,Display_Recent_Gaze,Display_Recent_Gaze,recent_events,843971.427495,0.0037710415199398994,70.33188606146723,843971.497821913,843971.497825684
world,Display_Recent_Gaze,Display_Recent_Gaze,gl_display,0.0,0.0016499543562531471,0.0016499543562531471,843971.508496609,843971.508498259
world,Display_Recent_Gaze,Display_Recent_Gaze,recent_events,843971.461005,0.0045710476115345955,68.96076595876366,843971.529960001,843971.529964572
world,Display_Recent_Gaze,Display_Recent_Gaze,gl_display,0.0,0.0009409850463271141,0.0009409850463271141,843971.538874661,843971.538875602
world,Display_Recent_Gaze,Display_Recent_Gaze,recent_events,843971.494516,0.004039029590785503,71.691321907565,843971.566202243,843971.566206282
world,Display_Recent_Gaze,Display_Recent_Gaze,gl_display,0.0,0.0014330726116895676,0.0014330726116895676,843971.576564392,843971.576565825
world,Display_Recent_Gaze,Display_Recent_Gaze,recent_events,843971.528026,0.0040049199014902115,69.88870294298977,843971.597909813,843971.597913818
world,Display_Recent_Gaze,Display_Recent_Gaze,gl_display,0.0,0.0015890691429376602,0.0015890691429376602,843971.608420939,843971.608422528
world,Display_Recent_Gaze,Display_Recent_Gaze,recent_events,843971.561536,0.003924942575395107,68.35880305152386,843971.629889903,843971.629893828
world,Display_Recent_Gaze,Display_Recent_Gaze,gl_display,0.0,0.0017209677025675774,0.0017209677025675774,843971.640031453,843971.640033174
world,Display_Recent_Gaze,Display_Recent_Gaze,recent_events,843971.595047,0.0038211001083254814,70.86516101844609,843971.665907346,843971.665911167
world,Display_Recent_Gaze,Display_Recent_Gaze,gl_display,0.0,0.0018060673028230667,0.0018060673028230667,843971.676321556,843971.676323362
world,Display_Recent_Gaze,Display_Recent_Gaze,recent_events,843971.628557,0.0037869904190301895,69.28990106098354,843971.697842123,843971.69784591
world,Display_Recent_Gaze,Display_Recent_Gaze,gl_display,0.0,0.001334003172814846,0.001334003172814846,843971.708219535,843971.708220869
world,Display_Recent_Gaze,Display_Recent_Gaze,recent_events,843971.662068,0.004822970367968082,68.00752005074173,843971.730067115,843971.730071938
world,Display_Recent_Gaze,Display_Recent_Gaze,gl_display,0.0,0.0013639219105243683,0.0013639219105243683,843971.740625777,843971.740627141
world,Display_Recent_Gaze,Display_Recent_Gaze,recent_events,843971.695578,0.004493980668485165,70.27177093550563,843971.765843995,843971.765848489
world,Display_Recent_Gaze,Display_Recent_Gaze,gl_display,0.0,0.0021710293367505074,0.0021710293367505074,843971.776323315,843971.776325486
world,Display_Recent_Gaze,Display_Recent_Gaze,recent_events,843971.729088,0.004076980985701084,68.76024801749736,843971.797843023,843971.7978471
world,Display_Recent_Gaze,Display_Recent_Gaze,gl_display,0.0,0.0003259629011154175,0.0003259629011154175,843971.806730143,843971.806730469
world,Display_Recent_Gaze,Display_Recent_Gaze,recent_events,843971.762599,0.0036460114642977715,71.28736993763596,843971.833881076,843971.833884722
world,Display_Recent_Gaze,Display_Recent_Gaze,gl_display,0.0,0.0015909317880868912,0.0015909317880868912,843971.844320498,843971.844322089
world,Display_Recent_Gaze,Display_Recent_Gaze,recent_events,843971.796109,0.0037830322980880737,69.7624949971214,843971.865866559,843971.865870342
world,Display_Recent_Gaze,Display_Recent_Gaze,gl_display,0.0,0.0019740546122193336,0.0019740546122193336,843971.876136079,843971.876138053
world,Display_Recent_Gaze,Display_Recent_Gaze,recent_events,843971.82962,0.003956025466322899,68.46933497581631,843971.898084259,843971.898088215
world,Display_Recent_Gaze,Display_Recent_Gaze,gl_display,0.0,0.001467997208237648,0.001467997208237648,843971.908386946,843971.908388414
world,Display_Recent_Gaze,Display_Recent_Gaze,recent_events,843971.86313,0.0044960761442780495,71.0663020145148,843971.9341907,843971.934195196
world,Display_Recent_Gaze,Display_Recent_Gaze,gl_display,0.0,0.00037299469113349915,0.00037299469113349915,843971.942607953,843971.942608326
world,Display_Recent_Gaze,Display_Recent_Gaze,recent_events,843971.89664,0.0037549762055277824,69.24562889616936,843971.965880851,843971.965884606
world,Display_Recent_Gaze,Display_Recent_Gaze,gl_display,0.0,0.002380926162004471,0.002380926162004471,843971.976516118,843971.976518499
world,Display_Recent_Gaze,Display_Recent_Gaze,recent_events,843971.930151,0.00394799280911684,67.72468599956483,843971.997870787,843971.997874735
world,Display_Recent_Gaze,Display_Recent_Gaze,gl_display,0.0,0.00186101533472538,0.00186101533472538,843972.008269782,843972.008271643
world,Display_Recent_Gaze,Display_Recent_Gaze,recent_events,843971.963661,0.0038689468055963516,70.22742903791368,843972.033883551,843972.03388742
world,Display_Recent_Gaze,Display_Recent_Gaze,gl_display,0.0,0.0016439007595181465,0.0016439007595181465,843972.044420439,843972.044422083
world,Display_Recent_Gaze,Display_Recent_Gaze,recent_events,843971.997172,0.004122965037822723,69.03943500947207,843972.066206483,843972.066210606
world,Display_Recent_Gaze,Display_Recent_Gaze,gl_display,0.0,0.0019350554794073105,0.0019350554794073105,843972.07635983,843972.076361765
world,Display_Recent_Gaze,Display_Recent_Gaze,recent_events,843972.030682,0.003917026333510876,71.21166703291237,843972.101888809,843972.101892726
world,Display_Recent_Gaze,Display_Recent_Gaze,gl_display,0.0,0.0021599698811769485,0.0021599698811769485,843972.112297065,843972.112299225
world,Display_Recent_Gaze,Display_Recent_Gaze,recent_events,843972.064192,0.004058936610817909,69.68430406413972,843972.133871256,843972.133875315
world,Display_Recent_Gaze,Display_Recent_Gaze,gl_display,0.0,0.0013830140233039856,0.0013830140233039856,843972.144108297,843972.14410968
world,Display_Recent_Gaze,Display_Recent_Gaze,recent_events,843972.097703,0.004256959073245525,68.16389400046319,843972.165861231,843972.165865488
world,Display_Recent_Gaze,Display_Recent_Gaze,gl_display,0.0,0.0014789402484893799,0.0014789402484893799,843972.176056192,843972.176057671
world,Display_Recent_Gaze,Display_Recent_Gaze,recent_events,843972.131213,0.0040209852159023285,70.63741493038833,843972.201845149,843972.20184917
world,Display_Recent_Gaze,Display_Recent_Gaze,gl_display,0.0,0.001400010660290718,0.001400010660290718,843972.212261528,843972.212262928
world,Display_Recent_Gaze,Display_Recent_Gaze,recent_events,843972.164724,0.004143919795751572,69.42122895270586,843972.234139904,843972.234144048
world,Display_Recent_Gaze,Display_Recent_Gaze,gl_display,0.0,0.0018390128389000893,0.0018390128389000893,843972.244404781,843972.24440662
world,Display_Recent_Gaze,Display_Recent_Gaze,recent_events,843972.198234,0.0035939738154411316,67.64437700621784,843972.26587375,843972.265877344
world,Display_Recent_Gaze,Display_Recent_Gaze,gl_display,0.0,0.0015059486031532288,0.0015059486031532288,843972.277361124,843972.27736263
world,Display_Recent_Gaze,Display_Recent_Gaze,recent_events,843972.231744,0.003934954293072224,70.20447205286473,843972.301943597,843972.301947532
world,Display_Recent_Gaze,Display_Recent_Gaze,gl_display,0.0,0.0019050203263759613,0.0019050203263759613,843972.312446379,843972.312448284
world,Display_Recent_Gaze,Display_Recent_Gaze,recent_events,843972.265255,0.0040370505303144455,68.57560505159199,843972.333825522,843972.333829559
world,Display_Recent_Gaze,Display_Recent_Gaze,gl_display,0.0,0.002383952960371971,0.002383952960371971,843972.344367936,843972.34437032
world,Display_Recent_Gaze,Display_Recent_Gaze,recent_events,843972.298765,0.0041049206629395485,71.09477010089904,843972.36985469,843972.369858795
world,Display_Recent_Gaze,Display_Recent_Gaze,gl_display,0.0,0.0018040882423520088,0.0018040882423520088,843972.380288497,843972.380290301
world,Display_Recent_Gaze,Display_Recent_Gaze,recent_events,843972.332276,0.0037229619920253754,69.84008301515132,843972.402111483,843972.402115206
world,Display_Recent_Gaze,Display_Recent_Gaze,gl_display,0.0,0.0014599645510315895,0.0014599645510315895,843972.412153829,843972.412155289
world,Display_Recent_Gaze,Display_Recent_Gaze,recent_events,843972.365786,0.0037800054997205734,68.17448197398335,843972.433955747,843972.433959527
world,Display_Recent_Gaze,Display_Recent_Gaze,gl_display,0.0,0.0012869713827967644,0.0012869713827967644,843972.444122944,843972.444124231
world,Display_Recent_Gaze,Display_Recent_Gaze,recent_events,843972.399296,0.0034800032153725624,70.6197819672525,843972.469911244,843972.469914724
world,Display_Recent_Gaze,Display_Recent_Gaze,gl_display,0.0,0.0014400575309991837,0.0014400575309991837,843972.479974921,843972.479976361
world,Display_Recent_Gaze,Display_Recent_Gaze,recent_events,843972.432807,0.004267087206244469,69.17377898935229,843972.501975689,843972.501979956
world,Display_Recent_Gaze,Display_Recent_Gaze,gl_display,0.0,0.0019480939954519272,0.0019480939954519272,843972.512567104,843972.512569052
world,Display_Recent_Gaze,Display_Recent_Gaze,recent_events,843972.466317,0.004126923158764839,67.65123002696782,843972.533963124,843972.533967251
world,Display_Recent_Gaze,Display_Recent_Gaze,gl_display,0.0,0.002051936462521553,0.002051936462521553,843972.545688804,843972.545690856
world,Display_Recent_Gaze,Display_Recent_Gaze,recent_events,843972.499828,0.0040960730984807014,70.3424729872495,843972.57016543,843972.570169526
world,Display_Recent_Gaze,Display_Recent_Gaze,gl_display,0.0,0.0017560087144374847,0.0017560087144374847,843972.580708921,843972.580710677
world,Display_Recent_Gaze,Display_Recent_Gaze,recent_events,843972.533338,0.003727036528289318,68.59736808110029,843972.601930365,843972.601934092
world,Display_Recent_Gaze,Display_Recent_Gaze,gl_display,0.0,0.00153400469571352,0.00153400469571352,843972.612220244,843972.612221778
world,Display_Recent_Gaze,Display_Recent_Gaze,recent_events,843972.566848,0.0038139987736940384,71.11291098408401,843972.637955998,843972.637959812
world,Display_Recent_Gaze,Display_Recent_Gaze,gl_display,0.0,0.0022149179130792618,0.0022149179130792618,843972.648390872,843972.648393087
world,Display_Recent_Gaze,Display_Recent_Gaze,recent_events,843972.600359,0.00391609501093626,69.59014700260013,843972.669944007,843972.669947923
world,Display_Recent_Gaze,Display_Recent_Gaze,gl_display,0.0,0.0012619420886039734,0.0012619420886039734,843972.680310601,843972.680311863
world,Display_Recent_Gaze,Display_Recent_Gaze,recent_events,843972.633869,0.003847060725092888,68.1152029428631,843972.701979365,843972.701983212
world,Display_Recent_Gaze,Display_Recent_Gaze,gl_display,0.0,0.0012759119272232056,0.0012759119272232056,843972.712385509,843972.712386785
world,Display_Recent_Gaze,Display_Recent_Gaze,recent_events,843972.66738,0.003545079380273819,70.81341103184968,843972.738189044,843972.738192589
world,Display_Recent_Gaze,Display_Recent_Gaze,gl_display,0.0,0.0013980315998196602,0.0013980315998196602,843972.748665571,843972.748666969
world,Display_Recent_Gaze,Display_Recent_Gaze,recent_events,843972.70089,0.0037320423871278763,68.97503207437694,843972.769860168,843972.7698639
world,Display_Recent_Gaze,Display_Recent_Gaze,gl_display,0.0,0.0013830140233039856,0.0013830140233039856,843972.780072934,843972.780074317
world,Display_Recent_Gaze,Display_Recent_Gaze,recent_events,843972.7344,0.00425905454903841,71.55784405767918,843972.805952654,843972.805956913
world,Display_Recent_Gaze,Display_Recent_Gaze,gl_display,0.0,0.0018279533833265305,0.0018279533833265305,843972.816282526,843972.816284354
world,Display_Recent_Gaze,Display_Recent_Gaze,recent_events,843972.767911,0.003663008101284504,70.01066009979695,843972.837916991,843972.837920654
world,Display_Recent_Gaze,Display_Recent_Gaze,gl_display,0.0,0.0018170103430747986,0.0018170103430747986,843972.848374442,843972.848376259
world,Display_Recent_Gaze,Display_Recent_Gaze,recent_events,843972.801421,0.003915978595614433,68.52620292920619,843972.869941985,843972.869945901
world,Display_Recent_Gaze,Display_Recent_Gaze,gl_display,0.0,0.0012050149962306023,0.0012050149962306023,843972.880233816,843972.880235021
world,Display_Recent_Gaze,Display_Recent_Gaze,recent_events,843972.834932,0.004276982508599758,71.29613601136953,843972.906222468,843972.906226745
world,Display_Recent_Gaze,Display_Recent_Gaze,gl_display,0.0,0.0019010622054338455,0.0019010622054338455,843972.916826373,843972.916828274
world,Display_Recent_Gaze,Display_Recent_Gaze,recent_events,843972.868442,0.0037569552659988403,69.45198099128902,843972.937888967,843972.937892724
world,Display_Recent_Gaze,Display_Recent_Gaze,gl_display,0.0,0.0024440232664346695,0.0024440232664346695,843972.948379357,843972.948381801
world,Display_Recent_Gaze,Display_Recent_Gaze,recent_events,843972.901952,0.003786059096455574,67.97108903992921,843972.969918055,843972.969921841
world,Display_Recent_Gaze,Display_Recent_Gaze,gl_display,0.0,0.0017010606825351715,0.0017010606825351715,843972.980318868,843972.980320569
world,Display_Recent_Gaze,Display_Recent_Gaze,recent_events,843972.935463,0.0037209829315543175,70.42268302757293,843973.005880854,843973.005884575
world,Display_Recent_Gaze,Display_Recent_Gaze,gl_display,0.0,0.0019010622054338455,0.0019010622054338455,843973.015681581,843973.015683482
world,Display_Recent_Gaze,Display_Recent_Gaze,recent_events,843972.968973,0.00399397686123848,68.89229407534003,843973.037860346,843973.03786434
world,Display_Recent_Gaze,Display_Recent_Gaze,gl_display,0.0,0.0023619504645466805,0.0023619504645466805,843973.048342047,843973.048344409
world,Display_Recent_Gaze,Display_Recent_Gaze,recent_events,843973.002484,0.004258938133716583,71.6837109066546,843973.074162574,843973.074166833
world,Display_Recent_Gaze,Display_Recent_Gaze,gl_display,0.0,0.0016720732674002647,0.0016720732674002647,843973.08456354,843973.084565212
world,Display_Recent_Gaze,Display_Recent_Gaze,recent_events,843973.035994,0.0039549777284264565,69.96530795004219,843973.105954448,843973.105958403
world,Display_Recent_Gaze,Display_Recent_Gaze,gl_display,0.0,0.0015010591596364975,0.0015010591596364975,843973.116039,843973.116040501
world,Display_Recent_Gaze,Display_Recent_Gaze,recent_events,843973.069504,0.0038640573620796204,68.41025804169476,843973.137898491,843973.137902355
world,Display_Recent_Gaze,Display_Recent_Gaze,gl_display,0.0,0.0015438999980688095,0.0015438999980688095,843973.148036126,843973.14803767
world,Display_Recent_Gaze,Display_Recent_Gaze,recent_events,843973.103015,0.0041959574446082115,70.92345494311303,843973.173933265,843973.173937461
world,Display_Recent_Gaze,Display_Recent_Gaze,gl_display,0.0,0.0016349367797374725,0.0016349367797374725,843973.18415571,843973.184157345
world,Display_Recent_Gaze,Display_Recent_Gaze,recent_events,843973.136525,0.01044105738401413,69.3995610345155,843973.205894892,843973.205905333
world,Display_Recent_Gaze,Display_Recent_Gaze,gl_display,0.0,0.0015050172805786133,0.0015050172805786133,843973.216027302,843973.216028807
world,Display_Recent_Gaze,Display_Recent_Gaze,recent_events,843973.170036,0.0040839659050107,68.11473704874516,843973.23814576,843973.238149844
world,Display_Recent_Gaze,Display_Recent_Gaze,gl_display,0.0,0.001584063284099102,0.001584063284099102,843973.248499687,843973.248501271
world,Display_Recent_Gaze,Display_Recent_Gaze,recent_events,843973.203546,0.0037709251046180725,70.5475970171392,843973.274088907,843973.274092678
world,Display_Recent_Gaze,Display_Recent_Gaze,gl_display,0.0,0.002276967279613018,0.002276967279613018,843973.284614568,843973.284616845
world,Display_Recent_Gaze,Display_Recent_Gaze,recent_events,843973.237056,0.004418892785906792,69.12828900385648,843973.306178729,843973.306183148
world,Display_Recent_Gaze,Display_Recent_Gaze,gl_display,0.0,0.0011980300769209862,0.0011980300769209862,843973.31646166,843973.316462858
world,Display_Recent_Gaze,Display_Recent_Gaze,recent_events,843973.270567,0.004290021024644375,71.57119794283062,843973.342132755,843973.342137045
world,Display_Recent_Gaze,Display_Recent_Gaze,gl_display,0.0,0.001267995685338974,0.001267995685338974,843973.352436382,843973.35243765
world,Display_Recent_Gaze,Display_Recent_Gaze,recent_events,843973.304077,0.0042800093069672585,70.0777160236612,843973.374149146,843973.374153426
world,Display_Recent_Gaze,Display_Recent_Gaze,gl_display,0.0,0.0016960548236966133,0.0016960548236966133,843973.384371951,843973.384373647
world,Display_Recent_Gaze,Display_Recent_Gaze,recent_events,843973.337588,0.0039800070226192474,68.78240394871682,843973.406365472,843973.406369452
world,Display_Recent_Gaze,Display_Recent_Gaze,gl_display,0.0,0.001792912371456623,0.001792912371456623,843973.416770574,843973.416772367
world,Display_Recent_Gaze,Display_Recent_Gaze,recent_events,843973.371098,0.003729015588760376,71.04146399069577,843973.442134765,843973.442138494
world,Display_Recent_Gaze,Display_Recent_Gaze,gl_display,0.0,0.0018959399312734604,0.0018959399312734604,843973.452436974,843973.45243887
world,Display_Recent_Gaze,Display_Recent_Gaze,recent_events,843973.404608,0.004353001713752747,69.32615302503109,843973.473928622,843973.473932975
world,Display_Recent_Gaze,Display_Recent_Gaze,gl_display,0.0,0.0018989667296409607,0.0018989667296409607,843973.484148669,843973.484150568
world,Display_Recent_Gaze,Display_Recent_Gaze,recent_events,843973.438119,0.005446956492960453,67.8804669296369,843973.505992825,843973.505998272
world,Display_Recent_Gaze,Display_Recent_Gaze,gl_display,0.0,0.0025079352781176567,0.0025079352781176567,843973.518942388,843973.518944896
world,Display_Recent_Gaze,Display_Recent_Gaze,recent_events,843973.471629,0.004487927071750164,70.29045198578387,843973.541914029,843973.541918517
world,Display_Recent_Gaze,Display_Recent_Gaze,gl_display,0.0,0.0015649711713194847,0.0015649711713194847,843973.554287866,843973.554289431
world,Display_Recent_Gaze,Display_Recent_Gaze,recent_events,843973.50514,0.0045460183173418045,69.01561992708594,843973.574149869,843973.574154415
world,Display_Recent_Gaze,Display_Recent_Gaze,gl_display,0.0,0.0019510043784976006,0.0019510043784976006,843973.585794853,843973.585796804
world,Display_Recent_Gaze,Display_Recent_Gaze,recent_events,843973.53865,0.004410045221447945,71.31849799770862,843973.60996302,843973.60996743
world,Display_Recent_Gaze,Display_Recent_Gaze,gl_display,0.0,0.0014320248737931252,0.0014320248737931252,843973.622076473,843973.622077905
world,Display_Recent_Gaze,Display_Recent_Gaze,recent_events,843973.57216,0.004091998562216759,69.74572304170579,843973.641900431,843973.641904523
world,Display_Recent_Gaze,Display_Recent_Gaze,gl_display,0.0,0.0017550773918628693,0.0017550773918628693,843973.653890978,843973.653892733
world,Display_Recent_Gaze,Display_Recent_Gaze,recent_events,843973.605671,0.0037669669836759567,68.1863899808377,843973.673852587,843973.673856354
world,Display_Recent_Gaze,Display_Recent_Gaze,gl_display,0.0,0.001276959665119648,0.001276959665119648,843973.685440444,843973.685441721
world,Display_Recent_Gaze,Display_Recent_Gaze,recent_events,843973.639181,0.0043120235204696655,70.70127606857568,843973.709876923,843973.709881235
world,Display_Recent_Gaze,Display_Recent_Gaze,gl_display,0.0,0.0011700903996825218,0.0011700903996825218,843973.721620124,843973.721621294
world,Display_Recent_Gaze,Display_Recent_Gaze,recent_events,843973.672692,0.003868015483021736,69.4367989199236,843973.742123915,843973.742127783
world,Display_Recent_Gaze,Display_Recent_Gaze,gl_display,0.0,0.0012649688869714737,0.0012649688869714737,843973.753338397,843973.753339662
world,Display_Recent_Gaze,Display_Recent_Gaze,recent_events,843973.706202,0.0014980323612689972,86.27734798938036,843973.792476835,843973.792478333
world,Recorder,Recorder,recent_events,0.0,0.0035860575735569,0.0035860575735569,843965.281428254,843965.28143184
world,Recorder,Recorder,recent_events,843965.261581,0.006938003934919834,68.3179929619655,843965.329890973,843965.329897911
world,Recorder,Recorder,recent_events,843965.295092,0.008094008080661297,70.71074098348618,843965.365793668,843965.365801762
world,Recorder,Recorder,recent_events,843965.328602,0.003196997568011284,68.80574196111411,843965.397403949,843965.397407146
world,Recorder,Recorder,recent_events,843965.362112,0.0030919909477233887,67.42445402778685,843965.429532849,843965.429535941
world,Recorder,Recorder,recent_events,843965.395623,0.002529006451368332,69.94085304904729,843965.465560891,843965.46556342
world,Recorder,Recorder,recent_events,843965.429133,0.006895978003740311,68.84825706947595,843965.497973274,843965.49798017
world,Recorder,Recorder,recent_events,843965.462644,0.009312992915511131,71.21119904331863,843965.533845099,843965.533854412
world,Recorder,Recorder,recent_events,843965.496154,0.002930988557636738,69.38192993402481,843965.565532561,843965.565535492
world,Recorder,Recorder,recent_events,843965.529664,0.004516099579632282,68.20029998198152,843965.597858958,843965.597863474
world,Recorder,Recorder,recent_events,843965.563175,0.0014810357242822647,70.08120603859425,843965.633254515,843965.633255996
world,Recorder,Recorder,recent_events,843965.596685,0.0026259804144501686,68.7249880284071,843965.665406927,843965.665409553
world,Recorder,Recorder,recent_events,843965.630196,0.002485932782292366,67.24799005314708,843965.6974411,843965.697443586
world,Recorder,Recorder,recent_events,843965.663706,0.00246299896389246,69.69155301339924,843965.733394672,843965.733397135
world,Recorder,Recorder,recent_events,843965.697216,0.002756016328930855,68.29261605162174,843965.765505471,843965.765508227
world,Recorder,Recorder,recent_events,843965.730727,0.00244705006480217,70.64863399136811,843965.801372789,843965.801375236
world,Recorder,Recorder,recent_events,843965.764237,0.0023311004042625427,69.1953549394384,843965.833429616,843965.833431947
world,Recorder,Recorder,recent_events,843965.797748,0.0031869858503341675,67.7019750000909,843965.865446376,843965.865449563
world,Recorder,Recorder,recent_events,843965.831258,0.002850079908967018,70.22168603725731,843965.901476436,843965.901479286
world,Recorder,Recorder,recent_events,843965.864768,0.002432032488286495,68.64196306560189,843965.933407255,843965.933409687
world,Recorder,Recorder,recent_events,843965.898279,0.0025120098143815994,67.1220370568335,843965.965398051,843965.965400563
world,Recorder,Recorder,recent_events,843965.931789,0.0029510119929909706,69.67112794518471,843966.001456812,843966.001459763
world,Recorder,Recorder,recent_events,843965.9653,0.002504093572497368,68.16580996382982,843966.033462912,843966.033465416
world,Recorder,Recorder,recent_events,843965.99881,0.00272504985332489,70.63751202076674,843966.069444389,843966.069447114
world,Recorder,Recorder,recent_events,843966.03232,0.0033030519261956215,69.29710402619094,843966.101613359,843966.101616662
world,Recorder,Recorder,recent_events,843966.065831,0.0024759210646152496,67.58677598554641,843966.133414907,843966.133417383
world,Recorder,Recorder,recent_events,843966.099341,0.002612941898405552,70.12285001110286,843966.169460851,843966.169463464
world,Recorder,Recorder,recent_events,843966.132852,0.0020170118659734726,68.56947403866798,843966.201419057,843966.201421074
world,Recorder,Recorder,recent_events,843966.166362,0.002403976395726204,67.06480600405484,843966.233424,843966.233426404
world,Recorder,Recorder,recent_events,843966.199872,0.0025210902094841003,69.70838597044349,843966.269577415,843966.269579936
world,Recorder,Recorder,recent_events,843966.233383,0.03545999061316252,68.14395193941891,843966.301490771,843966.301526231
world,Recorder,Recorder,recent_events,843966.266893,0.003261025995016098,70.60369104146957,843966.337493001,843966.337496262
world,Recorder,Recorder,recent_events,843966.300404,0.002352055162191391,69.0962050575763,843966.369497467,843966.369499819
world,Recorder,Recorder,recent_events,843966.333914,0.0018730061128735542,67.4574290169403,843966.40136935,843966.401371223
world,Recorder,Recorder,recent_events,843966.367424,0.001878943294286728,70.01048291567713,843966.43743238,843966.437434259
world,Recorder,Recorder,recent_events,843966.400935,0.0020010629668831825,68.40227998327464,843966.469335067,843966.469337068
world,Recorder,Recorder,recent_events,843966.434445,0.0020989682525396347,70.9100499516353,843966.505352773,843966.505354872
world,Recorder,Recorder,recent_events,843966.467956,0.00220700167119503,69.3923180224374,843966.537345913,843966.53734812
world,Recorder,Recorder,recent_events,843966.501466,0.0018320279195904732,67.89313000626862,843966.569357082,843966.569358914
world,Recorder,Recorder,recent_events,843966.534976,0.0019420403987169266,70.46186202205718,843966.605435709,843966.605437651
world,Recorder,Recorder,recent_events,843966.568487,0.002412940375506878,68.88862699270248,843966.637372993,843966.637375406
world,Recorder,Recorder,recent_events,843966.601997,0.0023740576580166817,67.3788549611345,843966.669373233,843966.669375607
world,Recorder,Recorder,recent_events,843966.635508,0.002341112121939659,69.85851493664086,843966.705363949,843966.70536629
world,Recorder,Recorder,recent_events,843966.669018,0.0021569430828094482,68.34834301844239,843966.737363965,843966.737366122
world,Recorder,Recorder,recent_events,843966.702528,0.002154032699763775,70.95003500580788,843966.773475637,843966.773477791
world,Recorder,Recorder,recent_events,843966.736039,0.0018379651010036469,69.33697103522718,843966.805373928,843966.805375766
world,Recorder,Recorder,recent_events,843966.769549,0.0018730061128735542,67.79523100703955,843966.837342164,843966.837344037
world,Recorder,Recorder,recent_events,843966.80306,0.0018730061128735542,70.31813205685467,843966.873376035,843966.873377908
world,Recorder,Recorder,recent_events,843966.83657,0.001974985934793949,68.8163279555738,843966.905384085,843966.90538606
world,Recorder,Recorder,recent_events,843966.87008,0.001957057975232601,67.3198769800365,843966.937397701,843966.937399658
world,Recorder,Recorder,recent_events,843966.903591,0.002061016857624054,69.74902597721666,843966.973337776,843966.973339837
world,Recorder,Recorder,recent_events,843966.937101,0.0023850006982684135,68.30589403398335,843967.005404291,843967.005406676
world,Recorder,Recorder,recent_events,843966.970612,0.002234010025858879,70.83241001237184,843967.041441977,843967.041444211
world,Recorder,Recorder,recent_events,843967.004122,0.0025400659069418907,69.33775008656085,843967.073456832,843967.073459372
world,Recorder,Recorder,recent_events,843967.037632,0.0025569461286067963,67.79164192266762,843967.105420887,843967.105423444
world,Recorder,Recorder,recent_events,843967.071143,0.002159038558602333,70.2507309615612,843967.141391263,843967.141393422
world,Recorder,Recorder,recent_events,843967.104653,0.0021960586309432983,68.72502900660038,843967.173375602,843967.173377798
world,Recorder,Recorder,recent_events,843967.138164,0.0020150328055024147,67.22278101369739,843967.20538458,843967.205386595
world,Recorder,Recorder,recent_events,843967.171674,0.002362998202443123,69.7370080742985,843967.24140843,843967.241410793
world,Recorder,Recorder,recent_events,843967.205184,0.0025049084797501564,68.32267204299569,843967.273503883,843967.273506388
world,Recorder,Recorder,recent_events,843967.238695,0.02609298098832369,70.7387940492481,843967.30940732,843967.309433413
world,Recorder,Recorder,recent_events,843967.272205,0.002001994289457798,69.15527197998017,843967.341357994,843967.341359996
world,Recorder,Recorder,recent_events,843967.305716,0.0021229498088359833,67.66025896649808,843967.373373913,843967.373376036
world,Recorder,Recorder,recent_events,843967.339226,0.0020799925550818443,70.1162189943716,843967.409339926,843967.409342006
world,Recorder,Recorder,recent_events,843967.372736,0.0019900035113096237,68.7568950233981,843967.441490688,843967.441492678
world,Recorder,Recorder,recent_events,843967.406247,0.002020038664340973,67.13264202699065,843967.473377418,843967.473379438
world,Recorder,Recorder,recent_events,843967.439757,0.0022739404812455177,69.68306505586952,843967.50943758,843967.509439854
world,Recorder,Recorder,recent_events,843967.473268,0.0023150350898504257,68.09198600240052,843967.541357382,843967.541359697
world,Recorder,Recorder,recent_events,843967.506778,0.002515967935323715,70.72968501597643,843967.57750475,843967.577507266
world,Recorder,Recorder,recent_events,843967.540288,0.0035070115700364113,69.39810293260962,843967.60968218,843967.609685687
world,Recorder,Recorder,recent_events,843967.573799,0.0032579991966485977,67.7467780187726,843967.641542132,843967.64154539
world,Recorder,Recorder,recent_events,843967.607309,0.002749962732195854,70.23705902975053,843967.677542948,843967.677545698
world,Recorder,Recorder,recent_events,843967.64082,0.0025730114430189133,68.72846197802573,843967.709545461,843967.709548034
world,Recorder,Recorder,recent_events,843967.67433,0.002674991264939308,67.19480804167688,843967.741521683,843967.741524358
world,Recorder,Recorder,recent_events,843967.70784,0.0023490283638238907,69.59609792102128,843967.777433528,843967.777435877
world,Recorder,Recorder,recent_events,843967.741351,0.001925043761730194,67.98381893895566,843967.809332668,843967.809334593
world,Recorder,Recorder,recent_events,843967.774861,0.0020710285753011703,81.655957037583,843967.856507243,843967.856509314
world,Recorder,Recorder,recent_events,843967.808372,0.0019508879631757736,69.01327497325838,843967.877383121,843967.877385072
world,Recorder,Recorder,recent_events,843967.841882,0.0022100284695625305,67.6047729793936,843967.909484345,843967.909486555
world,Recorder,Recorder,recent_events,843967.875392,0.002152053639292717,70.07366209290922,843967.945463251,843967.945465403
world,Recorder,Recorder,recent_events,843967.908903,0.002649961970746517,68.5117500834167,843967.977411891,843967.977414541
world,Recorder,Recorder,recent_events,843967.942413,0.002411077730357647,71.00358896423131,843968.013413991,843968.013416402
world,Recorder,Recorder,recent_events,843967.975924,0.003196997568011284,69.55122295767069,843968.045471514,843968.045474711
world,Recorder,Recorder,recent_events,843968.009434,0.0014320248737931252,83.40186800342053,843968.092834254,843968.092835686
world,Recorder,Recorder,recent_events,843968.042944,0.002261018380522728,70.4800799721852,843968.113421595,843968.113423856
world,Recorder,Recorder,recent_events,843968.076455,0.0015379628166556358,68.90220905188471,843968.145355388,843968.145356926
world,Recorder,Recorder,recent_events,843968.109965,0.004741945303976536,67.7600660128519,843968.177719259,843968.177724001
world,Recorder,Recorder,recent_events,843968.143476,0.005566980689764023,70.40235889144242,843968.213871768,843968.213877335
world,Recorder,Recorder,recent_events,843968.176986,0.006193062290549278,68.8799669733271,843968.245858767,843968.24586496
world,Recorder,Recorder,recent_events,843968.210496,0.001910957507789135,71.00238394923508,843968.281496257,843968.281498168
world,Recorder,Recorder,recent_events,843968.244007,0.02917798701673746,69.49615804478526,843968.313473595,843968.313502773
world,Recorder,Recorder,recent_events,843968.277517,0.005432055331766605,68.27201403211802,843968.345782583,843968.345788015
world,Recorder,Recorder,recent_events,843968.311028,0.0016039703041315079,70.32942003570497,843968.381355599,843968.381357203
world,Recorder,Recorder,recent_events,843968.344538,0.0023760367184877396,68.86223808396608,843968.413397587,843968.413399963
world,Recorder,Recorder,recent_events,843968.378048,0.0020900042727589607,67.44049699045718,843968.445486158,843968.445488248
world,Recorder,Recorder,recent_events,843968.411559,0.0016260892152786255,69.84736397862434,843968.481404502,843968.481406128
world,Recorder,Recorder,recent_events,843968.445069,0.0018849968910217285,68.33063496742398,843968.513397495,843968.51339938
world,Recorder,Recorder,recent_events,843968.47858,0.0051889801397919655,71.20575103908777,843968.549779496,843968.549784685
world,Recorder,Recorder,recent_events,843968.51209,0.0015669502317905426,69.2738110665232,843968.581362031,843968.581363598
world,Recorder,Recorder,recent_events,843968.5456,0.001776963472366333,67.87400203756988,843968.613472011,843968.613473788
world,Recorder,Recorder,recent_events,843968.579111,0.0023510074242949486,70.33598190173507,843968.649444411,843968.649446762
world,Recorder,Recorder,recent_events,843968.612621,0.001917942427098751,68.77666397485882,843968.681395533,843968.681397451
world,Recorder,Recorder,recent_events,843968.646132,0.001843087375164032,67.23390496335924,843968.713363802,843968.713365645
world,Recorder,Recorder,recent_events,843968.679642,0.0017569400370121002,69.7569539770484,843968.749396953,843968.74939871
world,Recorder,Recorder,recent_events,843968.713152,0.0015789410099387169,68.35644703824073,843968.781506677,843968.781508256
world,Recorder,Recorder,recent_events,843968.746663,0.0011200318112969398,70.78035303857177,843968.81744203,843968.81744315
world,Recorder,Recorder,recent_events,843968.780173,0.001334003172814846,69.25731105729938,843968.849428782,843968.849430116
world,Recorder,Recorder,recent_events,843968.813684,0.0023209722712635994,67.79603299219161,843968.88147751,843968.881479831
world,Recorder,Recorder,recent_events,843968.847194,0.003503984771668911,70.48950192984194,843968.917679536,843968.91768304
world,Recorder,Recorder,recent_events,843968.981236,0.002613058313727379,80.85914503317326,843969.062092084,843969.062094697
world,Recorder,Recorder,recent_events,843969.014746,0.003668013960123062,70.87006408255547,843969.085611945,843969.085615613
world,Recorder,Recorder,recent_events,843969.048256,0.002891058102250099,69.36113198753446,843969.117613819,843969.11761671
world,Recorder,Recorder,recent_events,843969.081767,0.0021279556676745415,67.7709300071001,843969.149535401,843969.149537529
world,Recorder,Recorder,recent_events,843969.115277,0.002319924533367157,70.29437099117786,843969.185568828,843969.185571148
world,Recorder,Recorder,recent_events,843969.148788,0.002187909558415413,68.79879103507847,843969.217584372,843969.21758656
world,Recorder,Recorder,recent_events,843969.182298,0.002634013071656227,67.20794399734586,843969.24950308,843969.249505714
world,Recorder,Recorder,recent_events,843969.215808,0.0026490306481719017,69.69569309148937,843969.285500829,843969.285503478
world,Recorder,Recorder,recent_events,843969.249319,0.02879905514419079,68.25393298640847,843969.317543805,843969.317572604
world,Recorder,Recorder,recent_events,843969.282829,0.0026579946279525757,70.66945894621313,843969.353495563,843969.353498221
world,Recorder,Recorder,recent_events,843969.31634,0.002354034222662449,69.26837598439306,843969.385605795,843969.385608149
world,Recorder,Recorder,recent_events,843969.34985,0.0023299362510442734,67.68559501506388,843969.417533037,843969.417535367
world,Recorder,Recorder,recent_events,843969.38336,0.0023070024326443672,70.17680001445115,843969.453534304,843969.453536611
world,Recorder,Recorder,recent_events,843969.416871,0.006178044714033604,68.80547106266022,843969.485667055,843969.485673233
world,Recorder,Recorder,recent_events,843969.450381,0.002993037924170494,71.2817310122773,843969.521659332,843969.521662325
world,Recorder,Recorder,recent_events,843969.483892,0.0019959406927227974,69.7565849404782,843969.553646184,843969.55364818
world,Recorder,Recorder,recent_events,843969.517402,0.0019320286810398102,68.1441460037604,843969.585543778,843969.58554571
world,Recorder,Recorder,recent_events,843969.550912,0.002561020664870739,70.65223704557866,843969.621561375,843969.621563936
world,Recorder,Recorder,recent_events,843969.584423,0.005556037649512291,69.44478501100093,843969.653860959,843969.653866515
world,Recorder,Recorder,recent_events,843969.617933,0.005626003257930279,67.94335704762489,843969.685869609,843969.685875235
world,Recorder,Recorder,recent_events,843969.651444,0.004860921762883663,70.73551998473704,843969.722173652,843969.722178513
world,Recorder,Recorder,recent_events,843969.684954,0.004961970262229443,68.8831158913672,843969.753831028,843969.75383599
world,Recorder,Recorder,recent_events,843969.718464,0.0045299530029296875,71.32353400811553,843969.789781857,843969.789786387
world,Recorder,Recorder,recent_events,843969.751975,0.005066045559942722,69.80639498215169,843969.82177523,843969.821780296
world,Recorder,Recorder,recent_events,843969.785485,0.00666396226733923,68.37941601406783,843969.853856612,843969.853863276
world,Recorder,Recorder,recent_events,843969.818996,0.004978966899216175,71.12218695692718,843969.890112026,843969.890117005
world,Recorder,Recorder,recent_events,843969.852506,0.004453933797776699,69.4113700883463,843969.92191177,843969.921916224
world,Recorder,Recorder,recent_events,843969.886016,0.005451031029224396,67.95615109149367,843969.953965334,843969.953970785
world,Recorder,Recorder,recent_events,843969.919527,0.00976503361016512,70.66755997948349,843969.990182414,843969.990192179
world,Recorder,Recorder,recent_events,843969.953037,0.0073569826781749725,69.16024594102055,843970.022187554,843970.022194911
world,Recorder,Recorder,recent_events,843969.986548,0.005833921022713184,71.63518399465829,843970.058176266,843970.0581821
world,Recorder,Recorder,recent_events,843970.020058,0.004668952897191048,69.83316596597433,843970.089885275,843970.089889944
world,Recorder,Recorder,recent_events,843970.053568,0.004283036105334759,68.2955210795626,843970.121858022,843970.121862305
world,Recorder,Recorder,recent_events,843970.087079,0.004524015821516514,70.77573402784765,843970.157849,843970.157853524
world,Recorder,Recorder,recent_events,843970.120589,0.004883971996605396,69.29042399860919,843970.189873371,843970.189878255
world,Recorder,Recorder,recent_events,843970.1541,0.004442059434950352,68.16407397855073,843970.22225844,843970.222262882
world,Recorder,Recorder,recent_events,843970.18761,0.005587004125118256,70.26752491947263,843970.257870364,843970.257875951
world,Recorder,Recorder,recent_events,843970.22112,0.004427041858434677,68.7072459841147,843970.289821481,843970.289825908
world,Recorder,Recorder,recent_events,843970.254631,0.07980596274137497,71.32834999356419,843970.325878124,843970.32595793
world,Recorder,Recorder,recent_events,843970.288141,0.005053938366472721,69.79309604503214,843970.35792791,843970.357932964
world,Recorder,Recorder,recent_events,843970.321652,0.0051460228860378265,68.50171100813895,843970.390147446,843970.390152592
world,Recorder,Recorder,recent_events,843970.355162,0.0035030534490942955,70.63858094625175,843970.425796086,843970.425799589
world,Recorder,Recorder,recent_events,843970.388672,0.0018300488591194153,68.842520006001,843970.457512465,843970.457514295
world,Recorder,Recorder,recent_events,843970.422183,0.003268010914325714,67.4001689767465,843970.489579701,843970.489582969
world,Recorder,Recorder,recent_events,843970.455693,0.0021549640223383904,69.9109360575676,843970.525601512,843970.525603667
world,Recorder,Recorder,recent_events,843970.489204,0.00308093149214983,68.59321403317153,843970.557790181,843970.557793262
world,Recorder,Recorder,recent_events,843970.522714,0.0036869896575808525,71.06245798058808,843970.593772385,843970.593776072
world,Recorder,Recorder,recent_events,843970.556224,0.003221910446882248,69.53508197329938,843970.625747172,843970.625750394
world,Recorder,Recorder,recent_events,843970.589735,0.002822023816406727,67.99353600945324,843970.65772526,843970.657728082
world,Recorder,Recorder,recent_events,843970.623245,0.0030989758670330048,70.50654396880418,843970.69374496,843970.693748059
world,Recorder,Recorder,recent_events,843970.656756,0.0032850075513124466,69.16948303114623,843970.725921763,843970.725925048
world,Recorder,Recorder,recent_events,843970.690266,0.002800021320581436,67.42881005629897,843970.757681606,843970.757684406
world,Recorder,Recorder,recent_events,843970.723776,0.0024259788915514946,70.0182489817962,843970.793791339,843970.793793765
world,Recorder,Recorder,recent_events,843970.757287,0.0035740667954087257,68.581952014938,843970.82586497,843970.825868544
world,Recorder,Recorder,recent_events,843970.790797,0.0028460053727030754,70.94060489907861,843970.861734488,843970.861737334
world,Recorder,Recorder,recent_events,843970.824308,0.00235589686781168,69.60240099579096,843970.893907575,843970.893909931
world,Recorder,Recorder,recent_events,843970.857818,0.0031909439712762833,68.01225699018687,843970.925826629,843970.92582982
world,Recorder,Recorder,recent_events,843970.891328,0.00241096131503582,70.50304603762925,843970.9618282,843970.961830611
world,Recorder,Recorder,recent_events,843970.924839,0.0028169015422463417,68.85160005185753,843970.993687347,843970.993690164
world,Recorder,Recorder,recent_events,843970.958349,0.002568005584180355,67.30706302914768,843971.025653056,843971.025655624
world,Recorder,Recorder,recent_events,843970.99186,0.003049965016543865,70.00361708924174,843971.061860131,843971.061863181
world,Recorder,Recorder,recent_events,843971.02537,0.0016370322555303574,68.2103818980977,843971.093578483,843971.09358012
world,Recorder,Recorder,recent_events,843971.05888,0.0045460183173418045,71.14598096814007,843971.130020148,843971.130024694
world,Recorder,Recorder,recent_events,843971.092391,0.006442074663937092,69.6985840331763,843971.162081627,843971.162088069
world,Recorder,Recorder,recent_events,843971.125901,0.005163019523024559,68.37271200492978,843971.194267077,843971.19427224
world,Recorder,Recorder,recent_events,843971.159412,0.004236935637891293,70.95085899345577,843971.230357398,843971.230361635
world,Recorder,Recorder,recent_events,843971.192922,0.01042999792844057,69.33453609235585,843971.262243163,843971.262253593
world,Recorder,Recorder,recent_events,843971.226432,0.00494497362524271,71.54510193504393,843971.297970872,843971.297975817
world,Recorder,Recorder,recent_events,843971.259943,0.07435993757098913,70.04641101229936,843971.32991324,843971.3299876
world,Recorder,Recorder,recent_events,843971.293453,0.004348927177488804,68.46161000430584,843971.361909167,843971.361913516
world,Recorder,Recorder,recent_events,843971.326964,0.004400033503770828,71.17735897190869,843971.398135767,843971.398140167
world,Recorder,Recorder,recent_events,843971.360474,0.004168017767369747,69.35871602036059,843971.429827397,843971.429831565
world,Recorder,Recorder,recent_events,843971.393984,0.004627043381333351,67.84465501550585,843971.46182288,843971.461827507
world,Recorder,Recorder,recent_events,843971.427495,0.004588044248521328,70.35759801510721,843971.49784687,843971.497851458
world,Recorder,Recorder,recent_events,843971.461005,0.006115064024925232,68.99333896581084,843971.529990949,843971.529997064
world,Recorder,Recorder,recent_events,843971.494516,0.005201087333261967,71.71874691266567,843971.566228348,843971.566233549
world,Recorder,Recorder,recent_events,843971.528026,0.005667912773787975,69.93282004259527,843971.597951962,843971.59795763
world,Recorder,Recorder,recent_events,843971.561536,0.004649977199733257,68.38617799803615,843971.629916447,843971.629921097
world,Recorder,Recorder,recent_events,843971.595047,0.005251960828900337,70.89329103473574,843971.66593386,843971.665939112
world,Recorder,Recorder,recent_events,843971.628557,0.004580942913889885,69.3149360595271,843971.6978662,843971.697870781
world,Recorder,Recorder,recent_events,843971.662068,0.004528905265033245,68.03621305152774,843971.730098498,843971.730103027
world,Recorder,Recorder,recent_events,843971.695578,0.004247063770890236,70.29729196801782,843971.765869868,843971.765874115
world,Recorder,Recorder,recent_events,843971.729088,0.0048620859161019325,68.78781295381486,843971.797869648,843971.79787451
world,Recorder,Recorder,recent_events,843971.762599,0.004944042302668095,71.3153569959104,843971.833908458,843971.833913402
world,Recorder,Recorder,recent_events,843971.796109,0.004319939762353897,69.78826597332954,843971.865891819,843971.865896139
world,Recorder,Recorder,recent_events,843971.82962,0.004607019945979118,68.49634705577046,843971.898110539,843971.898115146
world,Recorder,Recorder,recent_events,843971.86313,0.00471901148557663,71.09302701428533,843971.934217283,843971.934222002
world,Recorder,Recorder,recent_events,843971.89664,0.004193047061562538,69.27232793532312,843971.965906792,843971.965910985
world,Recorder,Recorder,recent_events,843971.930151,0.004319939762353897,67.75060796644539,843971.997896141,843971.997900461
world,Recorder,Recorder,recent_events,843971.963661,0.00519107561558485,70.27132494840771,843972.03392526,843972.033930451
world,Recorder,Recorder,recent_events,843971.997172,0.004900037311017513,69.0688140457496,843972.06623484,843972.06623974
world,Recorder,Recorder,recent_events,843972.030682,0.00425300095230341,71.23856001999229,843972.101914834,843972.101919087
world,Recorder,Recorder,recent_events,843972.064192,0.009828014299273491,69.71506704576313,843972.133895784,843972.133905612
world,Recorder,Recorder,recent_events,843972.097703,0.0037710415199398994,68.18913703318685,843972.165887333,843972.165891104
world,Recorder,Recorder,recent_events,843972.131213,0.004505971446633339,70.66245400346816,843972.201869856,843972.201874362
world,Recorder,Recorder,recent_events,843972.164724,0.005076057277619839,69.45000099949539,843972.23416785,843972.234172926
world,Recorder,Recorder,recent_events,843972.198234,0.0044549815356731415,67.67166894860566,843972.265900105,843972.26590456
world,Recorder,Recorder,recent_events,843972.231744,0.005264999344944954,70.2314410591498,843972.301968946,843972.301974211
world,Recorder,Recorder,recent_events,843972.265255,0.07822096813470125,68.67518404033035,843972.333850367,843972.333928588
world,Recorder,Recorder,recent_events,843972.298765,0.00448198989033699,71.12128799781203,843972.369880625,843972.369885107
world,Recorder,Recorder,recent_events,843972.332276,0.004612957127392292,69.86681011039764,843972.402137152,843972.402141765
world,Recorder,Recorder,recent_events,843972.365786,0.005027977749705315,68.20272596087307,843972.433982636,843972.433987664
world,Recorder,Recorder,recent_events,843972.399296,0.0047959620133042336,70.65071898978204,843972.469940767,843972.469945563
world,Recorder,Recorder,recent_events,843972.432807,0.005283043719828129,69.22446796670556,843972.502025072,843972.502030355
world,Recorder,Recorder,recent_events,843972.466317,0.004870002157986164,67.6771099679172,843972.5339882,843972.53399307
world,Recorder,Recorder,recent_events,843972.499828,0.004408066160976887,70.36980905104429,843972.570192382,843972.57019679
world,Recorder,Recorder,recent_events,843972.533338,0.005556968972086906,68.62481101416051,843972.601955898,843972.601961455
world,Recorder,Recorder,recent_events,843972.566848,0.004308996722102165,71.13794900942594,843972.63798059,843972.637984899
world,Recorder,Recorder,recent_events,843972.600359,0.004785950295627117,69.61786991450936,843972.669970985,843972.669975771
world,Recorder,Recorder,recent_events,843972.633869,0.004771980457007885,68.16601601894945,843972.702028992,843972.702033764
world,Recorder,Recorder,recent_events,843972.66738,0.004360917955636978,70.83985896315426,843972.738214388,843972.738218749
world,Recorder,Recorder,recent_events,843972.70089,0.004283036105334759,68.999890005216,843972.769884516,843972.769888799
world,Recorder,Recorder,recent_events,843972.7344,0.004835077561438084,71.58422807697207,843972.80597834,843972.805983175
world,Recorder,Recorder,recent_events,843972.767911,0.004605972208082676,70.03694807644933,843972.837942256,843972.837946862
world,Recorder,Recorder,recent_events,843972.801421,0.004471978172659874,68.55393596924841,843972.86996933,843972.869973802
world,Recorder,Recorder,recent_events,843972.834932,0.0047300709411501884,71.32405799347907,843972.906250194,843972.906254924
world,Recorder,Recorder,recent_events,843972.868442,0.004130066372454166,69.485625019297,843972.93792229,843972.93792642
world,Recorder,Recorder,recent_events,843972.901952,0.004778965376317501,67.99891497939825,843972.969944881,843972.96994966
world,Recorder,Recorder,recent_events,843972.935463,0.00439200084656477,70.44862397015095,843973.005906077,843973.005910469
world,Recorder,Recorder,recent_events,843972.968973,0.004269997589290142,68.91765003092587,843973.037885133,843973.037889403
world,Recorder,Recorder,recent_events,843973.002484,0.0054229749366641045,71.71346095856279,843973.074190833,843973.074196256
world,Recorder,Recorder,recent_events,843973.035994,0.004519009962677956,69.99100395478308,843973.105979383,843973.105983902
world,Recorder,Recorder,recent_events,843973.069504,0.00439200084656477,68.43779201153666,843973.137936222,843973.137940614
world,Recorder,Recorder,recent_events,843973.103015,0.005283043719828129,70.95224200747907,843973.173960579,843973.173965862
world,Recorder,Recorder,recent_events,843973.136525,0.004516914486885071,69.42591606639326,843973.205945256,843973.205949773
world,Recorder,Recorder,recent_events,843973.170036,0.004749046638607979,68.1426030350849,843973.238172696,843973.238177445
world,Recorder,Recorder,recent_events,843973.203546,0.004447996616363525,70.59295510407537,843973.274133297,843973.274137745
world,Recorder,Recorder,recent_events,843973.237056,0.005259993486106396,69.15740098338574,843973.30620699,843973.30621225
world,Recorder,Recorder,recent_events,843973.270567,0.0801190035417676,71.69513695407659,843973.34218045,843973.342260569
world,Recorder,Recorder,recent_events,843973.304077,0.004792003892362118,70.10512100532651,843973.374176234,843973.374181026
world,Recorder,Recorder,recent_events,843973.337588,0.005092937499284744,68.82473197765648,843973.406406429,843973.406411522
world,Recorder,Recorder,recent_events,843973.371098,0.004378962330520153,71.06770307291299,843973.442160316,843973.442164695
world,Recorder,Recorder,recent_events,843973.404608,0.004992005415260792,69.35766409151256,843973.473959478,843973.47396447
world,Recorder,Recorder,recent_events,843973.438119,0.006385962478816509,67.93659692630172,843973.506047506,843973.506053892
world,Recorder,Recorder,recent_events,843973.471629,0.004803994670510292,70.33775595482439,843973.541960796,843973.5419656
world,Recorder,Recorder,recent_events,843973.50514,0.004956964403390884,69.05100692529231,843973.574184783,843973.57418974
world,Recorder,Recorder,recent_events,843973.53865,0.005522044375538826,71.37704500928521,843973.609990246,843973.609995768
world,Recorder,Recorder,recent_events,843973.57216,0.004861969500780106,69.77206096053123,843973.641926147,843973.641931009
world,Recorder,Recorder,recent_events,843973.605671,0.004102010279893875,68.2111419737339,843973.673877008,843973.67388111
world,Recorder,Recorder,recent_events,843973.639181,0.00415195245295763,70.72616601362824,843973.709901849,843973.709906001
world,Recorder,Recorder,recent_events,843973.672692,0.004314002580940723,69.46312799118459,843973.742149788,843973.742154102
world,Recorder,Recorder,recent_events,843973.706202,0.0013880198821425438,87.96900499146432,843973.79416923,843973.794170618
world,Recorder,Recorder,recent_events,843973.739712,0.0015730038285255432,69.906712975353,843973.809616951,843973.809618524
world,Recorder,Recorder,recent_events,843973.773223,0.0019469298422336578,68.37509700562805,843973.841595742,843973.841597689
world,Recorder,Recorder,recent_events,843973.806733,0.00521994661539793,71.33377296850085,843973.878060239,843973.878065459
world,Recorder,Recorder,recent_events,843973.840244,0.005371985025703907,70.12852607294917,843973.910365695,843973.910371067
world,Recorder,Recorder,recent_events,843973.873754,0.005132053047418594,68.16661800257862,843973.941914451,843973.941919583
world,Recorder,Recorder,recent_events,843973.907264,0.004215980879962444,70.71072096005082,843973.977969388,843973.977973604
world,Recorder,Recorder,recent_events,843973.940775,0.00415195245295763,69.14440297987312,843974.009914343,843974.009918495
world,Recorder,Recorder,recent_events,843973.974285,0.004732050001621246,67.61738297063857,843974.041896687,843974.041901419
world,Recorder,Recorder,recent_events,843974.007796,0.0022799940779805183,69.8914990061894,843974.07768494,843974.07768722
world,Recorder,Recorder,recent_events,843974.041306,0.0020579900592565536,68.27297899872065,843974.109576715,843974.109578773
world,Recorder,Recorder,recent_events,843974.074816,0.005010981112718582,71.13701908383518,843974.145947057,843974.145952068
world,Recorder,Recorder,recent_events,843974.108327,0.004171975888311863,69.68759093433619,843974.177995097,843974.177999269
world,Recorder,Recorder,recent_events,843974.141837,0.005068955942988396,68.10679100453854,843974.209937655,843974.209942724
world,Recorder,Recorder,recent_events,843974.175348,0.004297005943953991,70.8563820226118,843974.246198939,843974.246203236
world,Recorder,Recorder,recent_events,843974.208858,0.00593205913901329,69.17863804847002,843974.278029265,843974.278035197
world,Recorder,Recorder,recent_events,843974.242368,0.005203066393733025,67.62200105004013,843974.309983789,843974.309988992
world,Recorder,Recorder,recent_events,843974.275879,0.09768095333129168,70.1590400421992,843974.345939217,843974.346036898
world,Recorder,Recorder,recent_events,843974.309389,0.004040077328681946,68.5398920904845,843974.377923808,843974.377927848
world,Recorder,Recorder,recent_events,843974.3429,0.004439963959157467,71.2784129427746,843974.414173151,843974.414177591
world,Recorder,Recorder,recent_events,843974.37641,0.001286040060222149,69.16524202097207,843974.445573733,843974.445575019
world,Recorder,Recorder,recent_events,843974.40992,0.005768961273133755,68.32151499111205,843974.478234093,843974.478239862
world,Recorder,Recorder,recent_events,843974.443431,0.004874076694250107,70.5966210225597,843974.51402166,843974.514026534
world,Recorder,Recorder,recent_events,843974.476941,0.004601082764565945,69.09805198665708,843974.546033455,843974.546038056
world,Recorder,Recorder,recent_events,843974.510452,0.00442692544311285,71.7299310490489,843974.582176342,843974.582180769
world,Recorder,Recorder,recent_events,843974.543962,0.0048050424084067345,70.09136700071394,843974.614047429,843974.614052234
world,Recorder,Recorder,recent_events,843974.577472,0.004266970790922642,68.43608093913645,843974.64590276,843974.645907027
world,Recorder,Recorder,recent_events,843974.610983,0.004202011041343212,70.96762396395206,843974.681945476,843974.681949678
world,Recorder,Recorder,recent_events,843974.644493,0.004353001713752747,69.44870005827397,843974.713936293,843974.713940646
world,Recorder,Recorder,recent_events,843974.678004,0.004475004971027374,68.16669297404587,843974.746165219,843974.746169694
world,Recorder,Recorder,recent_events,843974.711514,0.00538211315870285,70.49962808378041,843974.782007178,843974.78201256
world,Recorder,Recorder,recent_events,843974.745024,0.004512956365942955,68.89532506465912,843974.813913522,843974.813918035
world,Recorder,Recorder,recent_events,843974.778535,0.00479305163025856,71.5480949729681,843974.850077209,843974.850082002
world,Recorder,Recorder,recent_events,843974.812045,0.004866975359618664,69.96919494122267,843974.881994907,843974.881999774
world,Recorder,Recorder,recent_events,843974.845556,0.0045280903577804565,68.59568797517568,843974.914146027,843974.914150555
world,Recorder,Recorder,recent_events,843974.879066,0.004176050424575806,70.88860403746367,843974.949949282,843974.949953458
world,Recorder,Recorder,recent_events,843974.912576,0.005537993274629116,69.40828007645905,843974.981977532,843974.98198307
world,Recorder,Recorder,recent_events,843974.946087,0.004114932380616665,67.88137007970363,843975.01396319,843975.013967305
world,Recorder,Recorder,recent_events,843974.979597,0.004550907760858536,70.40060497820377,843975.049991945,843975.049996496
world,Recorder,Recorder,recent_events,843975.013108,0.005103996954858303,69.12852090317756,843975.08223006,843975.082235164
world,Recorder,Recorder,recent_events,843975.046618,0.004631001502275467,71.42281893175095,843975.118035106,843975.118039737
world,Recorder,Recorder,recent_events,843975.080128,0.004427973181009293,69.94058401323855,843975.15006316,843975.150067588
world,Recorder,Recorder,recent_events,843975.113639,0.005410052835941315,68.54557699989527,843975.182178066,843975.182183476
world,Recorder,Recorder,recent_events,843975.147149,0.00396394170820713,70.81263803411275,843975.217956539,843975.217960503
world,Recorder,Recorder,recent_events,843975.18066,0.004608067683875561,69.63242101483047,843975.250286885,843975.250291493
world,Recorder,Recorder,recent_events,843975.21417,0.005159992724657059,67.81547097489238,843975.281978979,843975.281984139
world,Recorder,Recorder,recent_events,843975.24768,0.004924950189888477,70.39162097498775,843975.318065613,843975.318070538
world,Recorder,Recorder,recent_events,843975.281191,0.06808293983340263,68.9661429496482,843975.350087451,843975.350155534
world,Recorder,Recorder,recent_events,843975.314701,0.02094090450555086,71.31950999610126,843975.385998356,843975.386019297
world,Recorder,Recorder,recent_events,843975.348212,0.004817033186554909,69.97380696702749,843975.418180046,843975.418184863
world,Recorder,Recorder,recent_events,843975.381722,0.006082933396100998,68.35107202641666,843975.450065901,843975.450071984
world,Recorder,Recorder,recent_events,843975.415232,0.001843087375164032,70.43516892008483,843975.485665135,843975.485666978
world,Recorder,Recorder,recent_events,843975.448743,0.0021349405869841576,68.91528994310647,843975.517655898,843975.517658033
world,Recorder,Recorder,recent_events,843975.482253,0.001561013050377369,67.34356994275004,843975.549594771,843975.549596332
world,Recorder,Recorder,recent_events,843975.515764,0.012158998288214207,70.49101497977972,843975.586241814,843975.586253973
world,Recorder,Recorder,recent_events,843975.549274,0.005517969839274883,68.68635804858059,843975.617953826,843975.617959344
world,Recorder,Recorder,recent_events,843975.582784,0.005759997293353081,71.40588900074363,843975.654182766,843975.654188526
world,Recorder,Recorder,recent_events,843975.616295,0.007594935595989227,69.83515108004212,843975.686121596,843975.686129191
world,Recorder,Recorder,recent_events,843975.649805,0.004390021786093712,68.2845019036904,843975.718083952,843975.718088342
world,Recorder,Recorder,recent_events,843975.683316,0.0048050424084067345,71.04520394932479,843975.754355236,843975.754360041
world,Recorder,Recorder,recent_events,843975.716826,0.004693982191383839,69.29676001891494,843975.786117009,843975.786121703
world,Recorder,Recorder,recent_events,843975.750336,0.00479002483189106,67.76894198264927,843975.818099096,843975.818103886
world,Recorder,Recorder,recent_events,843975.783847,0.005293986760079861,70.277641993016,843975.854118332,843975.854123626
world,Recorder,Recorder,recent_events,843975.817357,0.00437605194747448,68.76666098833084,843975.886118313,843975.886122689
world,Recorder,Recorder,recent_events,843975.850868,0.005251960828900337,71.38130906969309,843975.922242903,843975.922248155
world,Recorder,Recorder,recent_events,843975.884378,0.0044120242819190025,69.66855900827795,843975.954041097,843975.954045509
world,Recorder,Recorder,recent_events,843975.917888,0.005075009539723396,68.13645095098764,843975.986018322,843975.986023397
world,Recorder,Recorder,recent_events,843975.951399,0.004560919478535652,70.63221302814782,843976.022025582,843976.022030143
world,Recorder,Recorder,recent_events,843975.984909,0.0045120250433683395,69.0815499983728,843976.053985039,843976.053989551
world,Recorder,Recorder,recent_events,843976.01842,0.004572095349431038,71.85604306869209,843976.090270264,843976.090274836
world,Recorder,Recorder,recent_events,843976.05193,0.005000969395041466,70.09281008504331,843976.122016681,843976.122021682
world,Recorder,Recorder,recent_events,843976.08544,0.005219015292823315,68.63697699736804,843976.154070562,843976.154075781
world,Recorder,Recorder,recent_events,843976.118951,0.004991074092686176,71.09204796142876,843976.190036946,843976.190041937
world,Recorder,Recorder,recent_events,843976.152461,0.004344037733972073,69.50671202503145,843976.221962265,843976.221966609
world,Recorder,Recorder,recent_events,843976.185972,0.005336012691259384,68.35242104716599,843976.254318096,843976.254323432
world,Recorder,Recorder,recent_events,843976.219482,0.0014919787645339966,70.24264300707728,843976.289722922,843976.289724414
world,Recorder,Recorder,recent_events,843976.252992,0.0024479813873767853,68.77998006530106,843976.321769319,843976.321771767
world,Recorder,Recorder,recent_events,843976.286503,0.03198895137757063,71.26244704704732,843976.357732967,843976.357764956
world,Recorder,Recorder,recent_events,843976.320013,0.00633997842669487,70.20783296320587,843976.390213448,843976.390219788
world,Recorder,Recorder,recent_events,843976.353524,0.001618056558072567,68.19896295201033,843976.421721112,843976.42172273
world,Recorder,Recorder,recent_events,843976.387034,0.005293986760079861,71.15611503832042,843976.458183788,843976.458189082
world,Recorder,Recorder,recent_events,843976.420544,0.005481066182255745,69.626679061912,843976.490164025,843976.490169506
world,Recorder,Recorder,recent_events,843976.454055,0.0018849968910217285,67.70696805324405,843976.521759866,843976.521761751
world,Recorder,Recorder,recent_events,843976.487565,0.0026989728212356567,70.24599506985396,843976.557807652,843976.557810351
world,Recorder,Recorder,recent_events,843976.521076,0.0047549838200211525,69.44739108439535,843976.590517533,843976.590522288
world,Recorder,Recorder,recent_events,843976.554586,0.004829023964703083,71.54561998322606,843976.626125717,843976.626130546
world,Recorder,Recorder,recent_events,843976.588096,0.00414892565459013,69.98085498344153,843976.658071488,843976.658075637
world,Recorder,Recorder,recent_events,843976.621607,0.003502005711197853,68.33188200835139,843976.689934695,843976.689938197
world,Recorder,Recorder,recent_events,843976.655117,0.0016819685697555542,70.51679003052413,843976.725631878,843976.72563356
world,Recorder,Recorder,recent_events,843976.688628,0.0017830170691013336,69.14419599343091,843976.757770206,843976.757771989
world,Recorder,Recorder,recent_events,843976.722138,0.004817033186554909,67.8293090313673,843976.789961656,843976.789966473
world,Recorder,Recorder,recent_events,843976.755648,0.00460201408714056,70.53968193940818,843976.826181935,843976.826186537
world,Recorder,Recorder,recent_events,843976.789159,0.004483037628233433,68.8667589565739,843976.85802015,843976.858024633
world,Recorder,Recorder,recent_events,843976.822669,0.0014079269021749496,71.00562495179474,843976.893673019,843976.893674427
world,Recorder,Recorder,recent_events,843976.85618,0.0041959574446082115,70.01118501648307,843976.92618623,843976.926190426
world,Recorder,Recorder,recent_events,843976.88969,0.004509929567575455,68.33775900304317,843976.958021959,843976.958026469
world,Recorder,Recorder,recent_events,843976.9232,0.004295026883482933,70.86725300177932,843976.99406189,843976.994066185
world,Recorder,Recorder,recent_events,843976.956711,0.005527050234377384,69.56672400701791,843977.026270464,843977.026275991
world,Recorder,Recorder,recent_events,843976.990221,0.0028690556064248085,67.61535198893398,843977.0578328,843977.057835669
world,Recorder,Recorder,recent_events,843977.023732,0.005337991751730442,70.69845497608185,843977.094424001,843977.094429339
world,Recorder,Recorder,recent_events,843977.057242,0.0026690540835261345,68.5410259757191,843977.125780046,843977.125782715
world,Recorder,Recorder,recent_events,843977.090752,0.006649061106145382,71.37007405981421,843977.162113856,843977.162120505
world,Recorder,Recorder,recent_events,843977.124263,0.004872097633779049,69.9840560555458,843977.194240336,843977.194245208
world,Recorder,Recorder,recent_events,843977.157773,0.005691079422831535,68.38756601791829,843977.226153396,843977.226159087
world,Recorder,Recorder,recent_events,843977.191284,0.004371977411210537,71.08899811282754,843977.262367542,843977.262371914
world,Recorder,Recorder,recent_events,843977.224794,0.004105968400835991,69.26681194454432,843977.294055558,843977.294059664
world,Recorder,Recorder,recent_events,843977.258304,0.002378947101533413,67.45398603379726,843977.325755318,843977.325757697
world,Recorder,Recorder,recent_events,843977.291815,0.07958605419844389,70.47758996486664,843977.36221144,843977.362291026
world,Recorder,Recorder,recent_events,843977.325325,0.0014320248737931252,68.3861980214715,843977.393709481,843977.393710913
world,Recorder,Recorder,recent_events,843977.358836,0.0043619656935334206,71.47720200009644,843977.430308011,843977.430312373
world,Recorder,Recorder,recent_events,843977.392346,0.005070003680884838,69.83276305254549,843977.462172607,843977.462177677
world,Recorder,Recorder,recent_events,843977.425856,0.006229034624993801,68.24751093517989,843977.49409529,843977.494101519
world,Recorder,Recorder,recent_events,843977.459367,0.004449975676834583,70.72778092697263,843977.530089332,843977.530093782
world,Recorder,Recorder,recent_events,843977.492877,0.004851026460528374,69.19737893622369,843977.562068401,843977.562073252
world,Recorder,Recorder,recent_events,843977.526388,0.0056800199672579765,71.97093102149665,843977.59835219,843977.59835787
world,Recorder,Recorder,recent_events,843977.559898,0.004301895387470722,70.08144806604832,843977.629974393,843977.629978695
world,Recorder,Recorder,recent_events,843977.593408,0.0033819815143942833,68.46715603023767,843977.66187135,843977.661874732
world,Recorder,Recorder,recent_events,843977.626919,0.0033639371395111084,71.0063970182091,843977.697921614,843977.697924978
world,Recorder,Recorder,recent_events,843977.660429,0.003174995072185993,69.4463140098378,843977.729871648,843977.729874823
world,Recorder,Recorder,recent_events,843977.69394,0.0021400628611445427,67.95754295308143,843977.761895114,843977.761897254
world,Recorder,Recorder,recent_events,843977.72745,0.0019279541447758675,70.25319198146462,843977.797700973,843977.797702901
world,Recorder,Recorder,recent_events,843977.76096,0.0026710331439971924,68.83820402435958,843977.829795201,843977.829797872
world,Recorder,Recorder,recent_events,843977.827981,0.0024139881134033203,80.80826909281313,843977.908786447,843977.908788861
world,Recorder,Recorder,recent_events,843977.861492,0.0021490268409252167,68.22766899131238,843977.92971733,843977.929719479
world,Recorder,Recorder,recent_events,843977.895002,0.002396991476416588,70.85690693929791,843977.965856275,843977.965858672
world,Recorder,Recorder,recent_events,843977.928512,0.0029009534046053886,69.3192440085113,843977.997828011,843977.997830912
world,Recorder,Recorder,recent_events,843977.962023,0.003237975761294365,67.92367598973215,843978.029942984,843978.029946222
world,Recorder,Recorder,recent_events,843977.995533,0.0031579984351992607,70.43304003309458,843978.065962374,843978.065965532
world,Recorder,Recorder,recent_events,843978.029044,0.003218068741261959,68.86141304858029,843978.097901778,843978.097904996
world,Recorder,Recorder,recent_events,843978.062554,0.0036349520087242126,71.60179305355996,843978.13415168,843978.134155315
world,Recorder,Recorder,recent_events,843978.096064,0.0031689414754509926,69.86530497670174,843978.165925664,843978.165928833
world,Recorder,Recorder,recent_events,843978.129575,0.003110966645181179,68.35888500791043,843978.197930383,843978.197933494
world,Recorder,Recorder,recent_events,843978.163085,0.0025510089471936226,70.85438293870538,843978.23393635,843978.233938901
world,Recorder,Recorder,recent_events,843978.196596,0.00225903932005167,69.25313104875386,843978.265846621,843978.26584888
world,Recorder,Recorder,recent_events,843978.230106,0.0021050218492746353,67.78708100318909,843978.297890733,843978.297892838
world,Recorder,Recorder,recent_events,843978.263616,0.002222019247710705,70.18904609140009,843978.333802599,843978.333804821
world,Recorder,Recorder,recent_events,843978.297127,0.023626023903489113,73.03577894344926,843978.370138872,843978.370162498
world,Recorder,Recorder,recent_events,843978.330637,0.0023400643840432167,71.24640292022377,843978.401880774,843978.401883114
world,Recorder,Recorder,recent_events,843978.364148,0.0014440156519412994,69.70500899478793,843978.433851356,843978.4338528
world,Recorder,Recorder,recent_events,843978.397658,0.0018780119717121124,68.24626494199038,843978.465902171,843978.465904049
world,Recorder,Recorder,recent_events,843978.431168,0.0024460023269057274,70.73843805119395,843978.501903752,843978.501906198
world,Recorder,Recorder,recent_events,843978.464679,0.0023619504645466805,69.19528101570904,843978.533871711,843978.533874073
world,Recorder,Recorder,recent_events,843978.498189,0.002939952537417412,68.07882606517524,843978.566264553,843978.566267493
world,Accuracy_Visualizer,Accuracy_Visualizer,gl_display,0.0,0.005047069862484932,0.005047069862484932,843965.104943596,843965.104948643
world,Accuracy_Visualizer,Accuracy_Visualizer,gl_display,0.0,0.003847060725092888,0.003847060725092888,843965.338549426,843965.338553273
world,Accuracy_Visualizer,Accuracy_Visualizer,gl_display,0.0,0.013138051144778728,0.013138051144778728,843965.373421315,843965.373434453
world,Accuracy_Visualizer,Accuracy_Visualizer,gl_display,0.0,0.006865011528134346,0.006865011528134346,843965.399605196,843965.399612061
world,Accuracy_Visualizer,Accuracy_Visualizer,gl_display,0.0,0.006656046025454998,0.006656046025454998,843965.431660214,843965.43166687
world,Accuracy_Visualizer,Accuracy_Visualizer,gl_display,0.0,0.005263020284473896,0.005263020284473896,843965.467992263,843965.467997526
world,Accuracy_Visualizer,Accuracy_Visualizer,gl_display,0.0,0.011849100701510906,0.011849100701510906,843965.509505029,843965.509516878
world,Accuracy_Visualizer,Accuracy_Visualizer,gl_display,0.0,0.006899004802107811,0.006899004802107811,843965.53944856,843965.539455459
world,Accuracy_Visualizer,Accuracy_Visualizer,gl_display,0.0,0.010784948244690895,0.010784948244690895,843965.570272683,843965.570283468
world,Accuracy_Visualizer,Accuracy_Visualizer,gl_display,0.0,0.012955977581441402,0.012955977581441402,843965.608771882,843965.608784838
world,Accuracy_Visualizer,Accuracy_Visualizer,gl_display,0.0,0.004258006811141968,0.004258006811141968,843965.635339869,843965.635344127
world,Accuracy_Visualizer,Accuracy_Visualizer,gl_display,0.0,0.005502020940184593,0.005502020940184593,843965.668965274,843965.668970776
world,Accuracy_Visualizer,Accuracy_Visualizer,gl_display,0.0,0.007285038009285927,0.007285038009285927,843965.700971294,843965.700978579
world,Accuracy_Visualizer,Accuracy_Visualizer,gl_display,0.0,0.00511703547090292,0.00511703547090292,843965.736262135,843965.736267252
world,Accuracy_Visualizer,Accuracy_Visualizer,gl_display,0.0,0.004924950189888477,0.004924950189888477,843965.768480598,843965.768485523
world,Accuracy_Visualizer,Accuracy_Visualizer,gl_display,0.0,0.005570007488131523,0.005570007488131523,843965.805251811,843965.805257381
world,Accuracy_Visualizer,Accuracy_Visualizer,gl_display,0.0,0.0072231050580739975,0.0072231050580739975,843965.837266716,843965.837273939
world,Accuracy_Visualizer,Accuracy_Visualizer,gl_display,0.0,0.008332077413797379,0.008332077413797379,843965.869345382,843965.869353714
world,Accuracy_Visualizer,Accuracy_Visualizer,gl_display,0.0,0.0063730403780937195,0.0063730403780937195,843965.905181302,843965.905187675
world,Accuracy_Visualizer,Accuracy_Visualizer,gl_display,0.0,0.005514943040907383,0.005514943040907383,843965.935679147,843965.935684662
world,Accuracy_Visualizer,Accuracy_Visualizer,gl_display,0.0,0.0054549891501665115,0.0054549891501665115,843965.968790758,843965.968796213
world,Accuracy_Visualizer,Accuracy_Visualizer,gl_display,0.0,0.00563391949981451,0.00563391949981451,843966.004689153,843966.004694787
world,Accuracy_Visualizer,Accuracy_Visualizer,gl_display,0.0,0.007117982022464275,0.007117982022464275,843966.036754935,843966.036762053
world,Accuracy_Visualizer,Accuracy_Visualizer,gl_display,0.0,0.007566995918750763,0.007566995918750763,843966.072842267,843966.072849834
world,Accuracy_Visualizer,Accuracy_Visualizer,gl_display,0.0,0.00837002880871296,0.00837002880871296,843966.104948258,843966.104956628
world,Accuracy_Visualizer,Accuracy_Visualizer,gl_display,0.0,0.005954061634838581,0.005954061634838581,843966.136701306,843966.13670726
world,Accuracy_Visualizer,Accuracy_Visualizer,gl_display,0.0,0.008011003956198692,0.008011003956198692,843966.17278234,843966.172790351
world,Accuracy_Visualizer,Accuracy_Visualizer,gl_display,0.0,0.006861984729766846,0.006861984729766846,843966.204765753,843966.204772615
world,Accuracy_Visualizer,Accuracy_Visualizer,gl_display,0.0,0.006683054380118847,0.006683054380118847,843966.236637504,843966.236644187
world,Accuracy_Visualizer,Accuracy_Visualizer,gl_display,0.0,0.007041962817311287,0.007041962817311287,843966.2728715,843966.272878542
world,Accuracy_Visualizer,Accuracy_Visualizer,gl_display,0.0,0.007939990609884262,0.007939990609884262,843966.304883233,843966.304891173
world,Accuracy_Visualizer,Accuracy_Visualizer,gl_display,0.0,0.008445000275969505,0.008445000275969505,843966.340769638,843966.340778083
world,Accuracy_Visualizer,Accuracy_Visualizer,gl_display,0.0,0.0039050355553627014,0.0039050355553627014,843966.373586279,843966.373590184
world,Accuracy_Visualizer,Accuracy_Visualizer,gl_display,0.0,0.005193985998630524,0.005193985998630524,843966.403938721,843966.403943915
world,Accuracy_Visualizer,Accuracy_Visualizer,gl_display,0.0,0.005366047844290733,0.005366047844290733,843966.439993229,843966.439998595
world,Accuracy_Visualizer,Accuracy_Visualizer,gl_display,0.0,0.007018097676336765,0.007018097676336765,843966.471840996,843966.471848014
world,Accuracy_Visualizer,Accuracy_Visualizer,gl_display,0.0,0.006070011295378208,0.006070011295378208,843966.507680833,843966.507686903
world,Accuracy_Visualizer,Accuracy_Visualizer,gl_display,0.0,0.005087000317871571,0.005087000317871571,843966.539539188,843966.539544275
world,Accuracy_Visualizer,Accuracy_Visualizer,gl_display,0.0,0.00586104579269886,0.00586104579269886,843966.57155895,843966.571564811
world,Accuracy_Visualizer,Accuracy_Visualizer,gl_display,0.0,0.005757901817560196,0.005757901817560196,843966.607616167,843966.607621925
world,Accuracy_Visualizer,Accuracy_Visualizer,gl_display,0.0,0.005148001946508884,0.005148001946508884,843966.639610179,843966.639615327
world,Accuracy_Visualizer,Accuracy_Visualizer,gl_display,0.0,0.004706904292106628,0.004706904292106628,843966.671595643,843966.67160035
world,Accuracy_Visualizer,Accuracy_Visualizer,gl_display,0.0,0.00587699469178915,0.00587699469178915,843966.707587587,843966.707593464
world,Accuracy_Visualizer,Accuracy_Visualizer,gl_display,0.0,0.005110050551593304,0.005110050551593304,843966.739953034,843966.739958144
world,Accuracy_Visualizer,Accuracy_Visualizer,gl_display,0.0,0.00506499782204628,0.00506499782204628,843966.776059881,843966.776064946
world,Accuracy_Visualizer,Accuracy_Visualizer,gl_display,0.0,0.004039029590785503,0.004039029590785503,843966.808811373,843966.808815412
world,Accuracy_Visualizer,Accuracy_Visualizer,gl_display,0.0,0.005690031684935093,0.005690031684935093,843966.839874827,843966.839880517
world,Accuracy_Visualizer,Accuracy_Visualizer,gl_display,0.0,0.005869078449904919,0.005869078449904919,843966.875957378,843966.875963247
world,Accuracy_Visualizer,Accuracy_Visualizer,gl_display,0.0,0.004876055754721165,0.004876055754721165,843966.907979426,843966.907984302
world,Accuracy_Visualizer,Accuracy_Visualizer,gl_display,0.0,0.005909008905291557,0.005909008905291557,843966.939908985,843966.939914894
world,Accuracy_Visualizer,Accuracy_Visualizer,gl_display,0.0,0.005344976671040058,0.005344976671040058,843966.975862575,843966.97586792
world,Accuracy_Visualizer,Accuracy_Visualizer,gl_display,0.0,0.007055001333355904,0.007055001333355904,843967.008070861,843967.008077916
world,Accuracy_Visualizer,Accuracy_Visualizer,gl_display,0.0,0.0075569842010736465,0.0075569842010736465,843967.045492765,843967.045500322
world,Accuracy_Visualizer,Accuracy_Visualizer,gl_display,0.0,0.0038190046325325966,0.0038190046325325966,843967.077201943,843967.077205762
world,Accuracy_Visualizer,Accuracy_Visualizer,gl_display,0.0,0.005542067810893059,0.005542067810893059,843967.107985016,843967.107990558
world,Accuracy_Visualizer,Accuracy_Visualizer,gl_display,0.0,0.006227055564522743,0.006227055564522743,843967.143825757,843967.143831984
world,Accuracy_Visualizer,Accuracy_Visualizer,gl_display,0.0,0.005537993274629116,0.005537993274629116,843967.175763251,843967.175768789
world,Accuracy_Visualizer,Accuracy_Visualizer,gl_display,0.0,0.006575020961463451,0.006575020961463451,843967.207717125,843967.2077237
world,Accuracy_Visualizer,Accuracy_Visualizer,gl_display,0.0,0.00646302942186594,0.00646302942186594,843967.243678045,843967.243684508
world,Accuracy_Visualizer,Accuracy_Visualizer,gl_display,0.0,0.005642999894917011,0.005642999894917011,843967.275773063,843967.275778706
world,Accuracy_Visualizer,Accuracy_Visualizer,gl_display,0.0,0.006209011189639568,0.006209011189639568,843967.312062648,843967.312068857
world,Accuracy_Visualizer,Accuracy_Visualizer,gl_display,0.0,0.005303998477756977,0.005303998477756977,843967.343859726,843967.34386503
world,Accuracy_Visualizer,Accuracy_Visualizer,gl_display,0.0,0.004153000190854073,0.004153000190854073,843967.375529373,843967.375533526
world,Accuracy_Visualizer,Accuracy_Visualizer,gl_display,0.0,0.004888046532869339,0.004888046532869339,843967.41151834,843967.411523228
world,Accuracy_Visualizer,Accuracy_Visualizer,gl_display,0.0,0.0047140056267380714,0.0047140056267380714,843967.443730209,843967.443734923
world,Accuracy_Visualizer,Accuracy_Visualizer,gl_display,0.0,0.005298992618918419,0.005298992618918419,843967.475750989,843967.475756288
world,Accuracy_Visualizer,Accuracy_Visualizer,gl_display,0.0,0.006044050678610802,0.006044050678610802,843967.511628649,843967.511634693
world,Accuracy_Visualizer,Accuracy_Visualizer,gl_display,0.0,0.005412963218986988,0.005412963218986988,843967.543618449,843967.543623862
world,Accuracy_Visualizer,Accuracy_Visualizer,gl_display,0.0,0.006251037120819092,0.006251037120819092,843967.580866353,843967.580872604
world,Accuracy_Visualizer,Accuracy_Visualizer,gl_display,0.0,0.00789598561823368,0.00789598561823368,843967.61315567,843967.613163566
world,Accuracy_Visualizer,Accuracy_Visualizer,gl_display,0.0,0.008217990398406982,0.008217990398406982,843967.644905441,843967.644913659
world,Accuracy_Visualizer,Accuracy_Visualizer,gl_display,0.0,0.009916955605149269,0.009916955605149269,843967.679996039,843967.680005956
world,Accuracy_Visualizer,Accuracy_Visualizer,gl_display,0.0,0.0046540517359972,0.0046540517359972,843967.712132238,843967.712136892
world,Accuracy_Visualizer,Accuracy_Visualizer,gl_display,0.0,0.006076064892113209,0.006076064892113209,843967.744037797,843967.744043873
world,Accuracy_Visualizer,Accuracy_Visualizer,gl_display,0.0,0.0053710537031292915,0.0053710537031292915,843967.780790065,843967.780795436
world,Accuracy_Visualizer,Accuracy_Visualizer,gl_display,0.0,0.007497030310332775,0.007497030310332775,843967.844084161,843967.844091658
world,Accuracy_Visualizer,Accuracy_Visualizer,gl_display,0.0,0.007360940799117088,0.007360940799117088,843967.872540949,843967.87254831
world,Accuracy_Visualizer,Accuracy_Visualizer,gl_display,0.0,0.006027985364198685,0.006027985364198685,843967.891196329,843967.891202357
world,Accuracy_Visualizer,Accuracy_Visualizer,gl_display,0.0,0.00618502963334322,0.00618502963334322,843967.911963013,843967.911969198
world,Accuracy_Visualizer,Accuracy_Visualizer,gl_display,0.0,0.005510984919965267,0.005510984919965267,843967.947680082,843967.947685593
world,Accuracy_Visualizer,Accuracy_Visualizer,gl_display,0.0,0.006560003384947777,0.006560003384947777,843967.979740391,843967.979746951
world,Accuracy_Visualizer,Accuracy_Visualizer,gl_display,0.0,0.0059889862313866615,0.0059889862313866615,843968.025541467,843968.025547456
world,Accuracy_Visualizer,Accuracy_Visualizer,gl_display,0.0,0.005990033969283104,0.005990033969283104,843968.092466809,843968.092472799
world,Accuracy_Visualizer,Accuracy_Visualizer,gl_display,0.0,0.004800036549568176,0.004800036549568176,843968.126150667,843968.126155467
world,Accuracy_Visualizer,Accuracy_Visualizer,gl_display,0.0,0.004600035026669502,0.004600035026669502,843968.147652644,843968.147657244
world,Accuracy_Visualizer,Accuracy_Visualizer,gl_display,0.0,0.023875036276876926,0.023875036276876926,843968.187989724,843968.188013599
world,Accuracy_Visualizer,Accuracy_Visualizer,gl_display,0.0,0.013132928870618343,0.013132928870618343,843968.228137403,843968.228150536
world,Accuracy_Visualizer,Accuracy_Visualizer,gl_display,0.0,0.01415202859789133,0.01415202859789133,843968.258039427,843968.258053579
world,Accuracy_Visualizer,Accuracy_Visualizer,gl_display,0.0,0.004910980351269245,0.004910980351269245,843968.283992084,843968.283996995
world,Accuracy_Visualizer,Accuracy_Visualizer,gl_display,0.0,0.006504007615149021,0.006504007615149021,843968.316361766,843968.31636827
world,Accuracy_Visualizer,Accuracy_Visualizer,gl_display,0.0,0.014782068319618702,0.014782068319618702,843968.357834077,843968.357848859
world,Accuracy_Visualizer,Accuracy_Visualizer,gl_display,0.0,0.0037460122257471085,0.0037460122257471085,843968.383740539,843968.383744285
world,Accuracy_Visualizer,Accuracy_Visualizer,gl_display,0.0,0.0053639523684978485,0.0053639523684978485,843968.416270726,843968.41627609
world,Accuracy_Visualizer,Accuracy_Visualizer,gl_display,0.0,0.005695968866348267,0.005695968866348267,843968.448073013,843968.448078709
world,Accuracy_Visualizer,Accuracy_Visualizer,gl_display,0.0,0.004424946382641792,0.004424946382641792,843968.483736453,843968.483740878
world,Accuracy_Visualizer,Accuracy_Visualizer,gl_display,0.0,0.005036010406911373,0.005036010406911373,843968.515551192,843968.515556228
world,Accuracy_Visualizer,Accuracy_Visualizer,gl_display,0.0,0.016328995116055012,0.016328995116055012,843968.559981224,843968.559997553
world,Accuracy_Visualizer,Accuracy_Visualizer,gl_display,0.0,0.004440080374479294,0.004440080374479294,843968.583439154,843968.583443594
world,Accuracy_Visualizer,Accuracy_Visualizer,gl_display,0.0,0.0064889900386333466,0.0064889900386333466,843968.615718185,843968.615724674
world,Accuracy_Visualizer,Accuracy_Visualizer,gl_display,0.0,0.0056730350479483604,0.0056730350479483604,843968.651658885,843968.651664558
world,Accuracy_Visualizer,Accuracy_Visualizer,gl_display,0.0,0.005341018550097942,0.005341018550097942,843968.683516864,843968.683522205
world,Accuracy_Visualizer,Accuracy_Visualizer,gl_display,0.0,0.003627035766839981,0.003627035766839981,843968.715442902,843968.715446529
world,Accuracy_Visualizer,Accuracy_Visualizer,gl_display,0.0,0.003527035005390644,0.003527035005390644,843968.751507149,843968.751510676
world,Accuracy_Visualizer,Accuracy_Visualizer,gl_display,0.0,0.00325602013617754,0.00325602013617754,843968.7836298,843968.783633056
world,Accuracy_Visualizer,Accuracy_Visualizer,gl_display,0.0,0.0031690578907728195,0.0031690578907728195,843968.819746087,843968.819749256
world,Accuracy_Visualizer,Accuracy_Visualizer,gl_display,0.0,0.0036190031096339226,0.0036190031096339226,843968.851809982,843968.851813601
world,Accuracy_Visualizer,Accuracy_Visualizer,gl_display,0.0,0.008307048119604588,0.008307048119604588,843968.885866661,843968.885874968
world,Accuracy_Visualizer,Accuracy_Visualizer,gl_display,0.0,0.007600989192724228,0.007600989192724228,843968.920847791,843968.920855392
world,Accuracy_Visualizer,Accuracy_Visualizer,gl_display,0.0,0.006697024218738079,0.006697024218738079,843969.06556934,843969.065576037
world,Accuracy_Visualizer,Accuracy_Visualizer,gl_display,0.0,0.009116018190979958,0.009116018190979958,843969.088932006,843969.088941122
world,Accuracy_Visualizer,Accuracy_Visualizer,gl_display,0.0,0.008279923349618912,0.008279923349618912,843969.12094894,843969.12095722
world,Accuracy_Visualizer,Accuracy_Visualizer,gl_display,0.0,0.00470306258648634,0.00470306258648634,843969.151984853,843969.151989556
world,Accuracy_Visualizer,Accuracy_Visualizer,gl_display,0.0,0.00441400334239006,0.00441400334239006,843969.1878622,843969.187866614
world,Accuracy_Visualizer,Accuracy_Visualizer,gl_display,0.0,0.0059639569371938705,0.0059639569371938705,843969.219905821,843969.219911785
world,Accuracy_Visualizer,Accuracy_Visualizer,gl_display,0.0,0.006020069122314453,0.006020069122314453,843969.251896338,843969.251902358
world,Accuracy_Visualizer,Accuracy_Visualizer,gl_display,0.0,0.006246031261980534,0.006246031261980534,843969.287871705,843969.287877951
world,Accuracy_Visualizer,Accuracy_Visualizer,gl_display,0.0,0.00585801899433136,0.00585801899433136,843969.319899652,843969.31990551
world,Accuracy_Visualizer,Accuracy_Visualizer,gl_display,0.0,0.006358022801578045,0.006358022801578045,843969.355971068,843969.355977426
world,Accuracy_Visualizer,Accuracy_Visualizer,gl_display,0.0,0.00707793515175581,0.00707793515175581,843969.388021167,843969.388028245
world,Accuracy_Visualizer,Accuracy_Visualizer,gl_display,0.0,0.006361049599945545,0.006361049599945545,843969.420091153,843969.420097514
world,Accuracy_Visualizer,Accuracy_Visualizer,gl_display,0.0,0.0065909698605537415,0.0065909698605537415,843969.45643941,843969.456446001
world,Accuracy_Visualizer,Accuracy_Visualizer,gl_display,0.0,0.005334033630788326,0.005334033630788326,843969.488399226,843969.48840456
world,Accuracy_Visualizer,Accuracy_Visualizer,gl_display,0.0,0.008543021976947784,0.008543021976947784,843969.525650981,843969.525659524
world,Accuracy_Visualizer,Accuracy_Visualizer,gl_display,0.0,0.00579305924475193,0.00579305924475193,843969.556006784,843969.556012577
world,Accuracy_Visualizer,Accuracy_Visualizer,gl_display,0.0,0.005408073775470257,0.005408073775470257,843969.587927843,843969.587933251
world,Accuracy_Visualizer,Accuracy_Visualizer,gl_display,0.0,0.006512971594929695,0.006512971594929695,843969.62482469,843969.624831203
world,Accuracy_Visualizer,Accuracy_Visualizer,gl_display,0.0,0.014369026757776737,0.014369026757776737,843969.664710679,843969.664725048
world,Accuracy_Visualizer,Accuracy_Visualizer,gl_display,0.0,0.013352022506296635,0.013352022506296635,843969.696490743,843969.696504095
world,Accuracy_Visualizer,Accuracy_Visualizer,gl_display,0.0,0.0034549739211797714,0.0034549739211797714,843969.730863672,843969.730867127
world,Accuracy_Visualizer,Accuracy_Visualizer,gl_display,0.0,0.012170989066362381,0.012170989066362381,843969.764212122,843969.764224293
world,Accuracy_Visualizer,Accuracy_Visualizer,gl_display,0.0,0.002649961970746517,0.002649961970746517,843969.797937594,843969.797940244
world,Accuracy_Visualizer,Accuracy_Visualizer,gl_display,0.0,0.016178935766220093,0.016178935766220093,843969.832313701,843969.83232988
world,Accuracy_Visualizer,Accuracy_Visualizer,gl_display,0.0,0.014340970665216446,0.014340970665216446,843969.864467951,843969.864482292
world,Accuracy_Visualizer,Accuracy_Visualizer,gl_display,0.0,0.002392916940152645,0.002392916940152645,843969.897929233,843969.897931626
world,Accuracy_Visualizer,Accuracy_Visualizer,gl_display,0.0,0.012816977687180042,0.012816977687180042,843969.932702755,843969.932715572
world,Accuracy_Visualizer,Accuracy_Visualizer,gl_display,0.0,0.012368080206215382,0.012368080206215382,843969.964770349,843969.964782717
world,Accuracy_Visualizer,Accuracy_Visualizer,gl_display,0.0,0.014691962860524654,0.014691962860524654,843970.000901168,843970.00091586
world,Accuracy_Visualizer,Accuracy_Visualizer,gl_display,0.0,0.015373923815786839,0.015373923815786839,843970.032898265,843970.032913639
world,Accuracy_Visualizer,Accuracy_Visualizer,gl_display,0.0,0.013552955351769924,0.013552955351769924,843970.068658849,843970.068672402
world,Accuracy_Visualizer,Accuracy_Visualizer,gl_display,0.0,0.011681928299367428,0.011681928299367428,843970.100548726,843970.100560408
world,Accuracy_Visualizer,Accuracy_Visualizer,gl_display,0.0,0.011854106560349464,0.011854106560349464,843970.132468978,843970.132480832
world,Accuracy_Visualizer,Accuracy_Visualizer,gl_display,0.0,0.0131980050355196,0.0131980050355196,843970.168666544,843970.168679742
world,Accuracy_Visualizer,Accuracy_Visualizer,gl_display,0.0,0.01353793777525425,0.01353793777525425,843970.200323474,843970.200337012
world,Accuracy_Visualizer,Accuracy_Visualizer,gl_display,0.0,0.043320003896951675,0.043320003896951675,843970.232887322,843970.232930642
world,Accuracy_Visualizer,Accuracy_Visualizer,gl_display,0.0,0.015372061170637608,0.015372061170637608,843970.268708081,843970.268723453
world,Accuracy_Visualizer,Accuracy_Visualizer,gl_display,0.0,0.013259006664156914,0.013259006664156914,843970.300224209,843970.300237468
world,Accuracy_Visualizer,Accuracy_Visualizer,gl_display,0.0,0.013652024790644646,0.013652024790644646,843970.336211659,843970.336225311
world,Accuracy_Visualizer,Accuracy_Visualizer,gl_display,0.0,0.010709976777434349,0.010709976777434349,843970.368233026,843970.368243736
world,Accuracy_Visualizer,Accuracy_Visualizer,gl_display,0.0,0.012405915185809135,0.012405915185809135,843970.400639323,843970.400651729
world,Accuracy_Visualizer,Accuracy_Visualizer,gl_display,0.0,0.0041800085455179214,0.0041800085455179214,843970.43070864,843970.43071282
world,Accuracy_Visualizer,Accuracy_Visualizer,gl_display,0.0,0.0054319389164447784,0.0054319389164447784,843970.460325574,843970.460331006
world,Accuracy_Visualizer,Accuracy_Visualizer,gl_display,0.0,0.00642694067209959,0.00642694067209959,843970.492578419,843970.492584846
world,Accuracy_Visualizer,Accuracy_Visualizer,gl_display,0.0,0.006331014446914196,0.006331014446914196,843970.528555139,843970.52856147
world,Accuracy_Visualizer,Accuracy_Visualizer,gl_display,0.0,0.008514034561812878,0.008514034561812878,843970.562333533,843970.562342047
world,Accuracy_Visualizer,Accuracy_Visualizer,gl_display,0.0,0.01035898458212614,0.01035898458212614,843970.598631559,843970.598641918
world,Accuracy_Visualizer,Accuracy_Visualizer,gl_display,0.0,0.00937003642320633,0.00937003642320633,843970.630589228,843970.630598598
world,Accuracy_Visualizer,Accuracy_Visualizer,gl_display,0.0,0.005840091034770012,0.005840091034770012,843970.662095218,843970.662101058
world,Accuracy_Visualizer,Accuracy_Visualizer,gl_display,0.0,0.009292038157582283,0.009292038157582283,843970.698260556,843970.698269848
world,Accuracy_Visualizer,Accuracy_Visualizer,gl_display,0.0,0.009816023521125317,0.009816023521125317,843970.730358508,843970.730368324
world,Accuracy_Visualizer,Accuracy_Visualizer,gl_display,0.0,0.011004041880369186,0.011004041880369186,843970.76099678,843970.761007784
world,Accuracy_Visualizer,Accuracy_Visualizer,gl_display,0.0,0.008251052349805832,0.008251052349805832,843970.798134879,843970.79814313
world,Accuracy_Visualizer,Accuracy_Visualizer,gl_display,0.0,0.006817979738116264,0.006817979738116264,843970.830212068,843970.830218886
world,Accuracy_Visualizer,Accuracy_Visualizer,gl_display,0.0,0.008690054528415203,0.008690054528415203,843970.866485533,843970.866494223
world,Accuracy_Visualizer,Accuracy_Visualizer,gl_display,0.0,0.007436028681695461,0.007436028681695461,843970.898116214,843970.89812365
world,Accuracy_Visualizer,Accuracy_Visualizer,gl_display,0.0,0.00887701753526926,0.00887701753526926,843970.930171883,843970.93018076
world,Accuracy_Visualizer,Accuracy_Visualizer,gl_display,0.0,0.008546048775315285,0.008546048775315285,843970.965847189,843970.965855735
world,Accuracy_Visualizer,Accuracy_Visualizer,gl_display,0.0,0.007366994395852089,0.007366994395852089,843970.998558526,843970.998565893
world,Accuracy_Visualizer,Accuracy_Visualizer,gl_display,0.0,0.006880960427224636,0.006880960427224636,843971.030140268,843971.030147149
world,Accuracy_Visualizer,Accuracy_Visualizer,gl_display,0.0,0.00520097091794014,0.00520097091794014,843971.065467051,843971.065472252
world,Accuracy_Visualizer,Accuracy_Visualizer,gl_display,0.0,0.005924957804381847,0.005924957804381847,843971.096513545,843971.09651947
world,Accuracy_Visualizer,Accuracy_Visualizer,gl_display,0.0,0.013696961104869843,0.013696961104869843,843971.144559807,843971.144573504
world,Accuracy_Visualizer,Accuracy_Visualizer,gl_display,0.0,0.01449196133762598,0.01449196133762598,843971.174926565,843971.174941057
world,Accuracy_Visualizer,Accuracy_Visualizer,gl_display,0.0,0.0034159747883677483,0.0034159747883677483,843971.204262521,843971.204265937
world,Accuracy_Visualizer,Accuracy_Visualizer,gl_display,0.0,0.014911056496202946,0.014911056496202946,843971.241781835,843971.241796746
world,Accuracy_Visualizer,Accuracy_Visualizer,gl_display,0.0,0.01268601045012474,0.01268601045012474,843971.273411591,843971.273424277
world,Accuracy_Visualizer,Accuracy_Visualizer,gl_display,0.0,0.013283919543027878,0.013283919543027878,843971.308337128,843971.308350412
world,Accuracy_Visualizer,Accuracy_Visualizer,gl_display,0.0,0.011032912880182266,0.011032912880182266,843971.341122269,843971.341133302
world,Accuracy_Visualizer,Accuracy_Visualizer,gl_display,0.0,0.011640950106084347,0.011640950106084347,843971.373229329,843971.37324097
world,Accuracy_Visualizer,Accuracy_Visualizer,gl_display,0.0,0.01237611286342144,0.01237611286342144,843971.408847721,843971.408860097
world,Accuracy_Visualizer,Accuracy_Visualizer,gl_display,0.0,0.01241103745996952,0.01241103745996952,843971.440935476,843971.440947887
world,Accuracy_Visualizer,Accuracy_Visualizer,gl_display,0.0,0.013912911526858807,0.013912911526858807,843971.472329225,843971.472343138
world,Accuracy_Visualizer,Accuracy_Visualizer,gl_display,0.0,0.01246004831045866,0.01246004831045866,843971.508521008,843971.508533468
world,Accuracy_Visualizer,Accuracy_Visualizer,gl_display,0.0,0.007314956746995449,0.007314956746995449,843971.538878471,843971.538885786
world,Accuracy_Visualizer,Accuracy_Visualizer,gl_display,0.0,0.010212068445980549,0.010212068445980549,843971.576585906,843971.576596118
world,Accuracy_Visualizer,Accuracy_Visualizer,gl_display,0.0,0.010748044587671757,0.010748044587671757,843971.608426731,843971.608437479
world,Accuracy_Visualizer,Accuracy_Visualizer,gl_display,0.0,0.011789961718022823,0.011789961718022823,843971.640038131,843971.640049921
world,Accuracy_Visualizer,Accuracy_Visualizer,gl_display,0.0,0.012384029105305672,0.012384029105305672,843971.676328628,843971.676341012
world,Accuracy_Visualizer,Accuracy_Visualizer,gl_display,0.0,0.010993913747370243,0.010993913747370243,843971.708224912,843971.708235906
world,Accuracy_Visualizer,Accuracy_Visualizer,gl_display,0.0,0.018137972801923752,0.018137972801923752,843971.740631599,843971.740649737
world,Accuracy_Visualizer,Accuracy_Visualizer,gl_display,0.0,0.013652024790644646,0.013652024790644646,843971.776331301,843971.776344953
world,Accuracy_Visualizer,Accuracy_Visualizer,gl_display,0.0,0.0029279617592692375,0.0029279617592692375,843971.806731596,843971.806734524
world,Accuracy_Visualizer,Accuracy_Visualizer,gl_display,0.0,0.01275097019970417,0.01275097019970417,843971.844328711,843971.844341462
world,Accuracy_Visualizer,Accuracy_Visualizer,gl_display,0.0,0.014301040209829807,0.014301040209829807,843971.876145164,843971.876159465
world,Accuracy_Visualizer,Accuracy_Visualizer,gl_display,0.0,0.011038035154342651,0.011038035154342651,843971.908393356,843971.908404394
world,Accuracy_Visualizer,Accuracy_Visualizer,gl_display,0.0,0.0029009534046053886,0.0029009534046053886,843971.942612614,843971.942615515
world,Accuracy_Visualizer,Accuracy_Visualizer,gl_display,0.0,0.014584045857191086,0.014584045857191086,843971.976524274,843971.976538858
world,Accuracy_Visualizer,Accuracy_Visualizer,gl_display,0.0,0.012149917893111706,0.012149917893111706,843972.008276666,843972.008288816
world,Accuracy_Visualizer,Accuracy_Visualizer,gl_display,0.0,0.012655043974518776,0.012655043974518776,843972.04442749,843972.044440145
world,Accuracy_Visualizer,Accuracy_Visualizer,gl_display,0.0,0.010789022780954838,0.010789022780954838,843972.076366659,843972.076377448
world,Accuracy_Visualizer,Accuracy_Visualizer,gl_display,0.0,0.01246307510882616,0.01246307510882616,843972.11230609,843972.112318553
world,Accuracy_Visualizer,Accuracy_Visualizer,gl_display,0.0,0.012159929610788822,0.012159929610788822,843972.144113954,843972.144126114
world,Accuracy_Visualizer,Accuracy_Visualizer,gl_display,0.0,0.01095794141292572,0.01095794141292572,843972.17606272,843972.176073678
world,Accuracy_Visualizer,Accuracy_Visualizer,gl_display,0.0,0.010816031135618687,0.010816031135618687,843972.2122678,843972.212278616
world,Accuracy_Visualizer,Accuracy_Visualizer,gl_display,0.0,0.010202988050878048,0.010202988050878048,843972.244411463,843972.244421666
world,Accuracy_Visualizer,Accuracy_Visualizer,gl_display,0.0,0.011187046766281128,0.011187046766281128,843972.277372843,843972.27738403
world,Accuracy_Visualizer,Accuracy_Visualizer,gl_display,0.0,0.014372984878718853,0.014372984878718853,843972.312454745,843972.312469118
world,Accuracy_Visualizer,Accuracy_Visualizer,gl_display,0.0,0.013005919754505157,0.013005919754505157,843972.344377901,843972.344390907
world,Accuracy_Visualizer,Accuracy_Visualizer,gl_display,0.0,0.011635012924671173,0.011635012924671173,843972.380310157,843972.380321792
world,Accuracy_Visualizer,Accuracy_Visualizer,gl_display,0.0,0.010343967005610466,0.010343967005610466,843972.41216005,843972.412170394
world,Accuracy_Visualizer,Accuracy_Visualizer,gl_display,0.0,0.009626965038478374,0.009626965038478374,843972.444128645,843972.444138272
world,Accuracy_Visualizer,Accuracy_Visualizer,gl_display,0.0,0.012119999155402184,0.012119999155402184,843972.47998208,843972.4799942
world,Accuracy_Visualizer,Accuracy_Visualizer,gl_display,0.0,0.013087992556393147,0.013087992556393147,843972.512574841,843972.512587929
world,Accuracy_Visualizer,Accuracy_Visualizer,gl_display,0.0,0.014326069504022598,0.014326069504022598,843972.545696326,843972.545710652
world,Accuracy_Visualizer,Accuracy_Visualizer,gl_display,0.0,0.012632925063371658,0.012632925063371658,843972.580715631,843972.580728264
world,Accuracy_Visualizer,Accuracy_Visualizer,gl_display,0.0,0.012409989722073078,0.012409989722073078,843972.612226746,843972.612239156
world,Accuracy_Visualizer,Accuracy_Visualizer,gl_display,0.0,0.01139892265200615,0.01139892265200615,843972.648397849,843972.648409248
world,Accuracy_Visualizer,Accuracy_Visualizer,gl_display,0.0,0.010587973520159721,0.010587973520159721,843972.680316191,843972.680326779
world,Accuracy_Visualizer,Accuracy_Visualizer,gl_display,0.0,0.009841984137892723,0.009841984137892723,843972.712391095,843972.712400937
world,Accuracy_Visualizer,Accuracy_Visualizer,gl_display,0.0,0.011718017049133778,0.011718017049133778,843972.7486719,843972.748683618
world,Accuracy_Visualizer,Accuracy_Visualizer,gl_display,0.0,0.01101603265851736,0.01101603265851736,843972.780078952,843972.780089968
world,Accuracy_Visualizer,Accuracy_Visualizer,gl_display,0.0,0.013170996680855751,0.013170996680855751,843972.816305467,843972.816318638
world,Accuracy_Visualizer,Accuracy_Visualizer,gl_display,0.0,0.013140961527824402,0.013140961527824402,843972.848381066,843972.848394207
world,Accuracy_Visualizer,Accuracy_Visualizer,gl_display,0.0,0.010763993486762047,0.010763993486762047,843972.880239369,843972.880250133
world,Accuracy_Visualizer,Accuracy_Visualizer,gl_display,0.0,0.014792080037295818,0.014792080037295818,843972.916834567,843972.916849359
world,Accuracy_Visualizer,Accuracy_Visualizer,gl_display,0.0,0.012225005775690079,0.012225005775690079,843972.948388276,843972.948400501
world,Accuracy_Visualizer,Accuracy_Visualizer,gl_display,0.0,0.013007083907723427,0.013007083907723427,843972.980326455,843972.980339462
world,Accuracy_Visualizer,Accuracy_Visualizer,gl_display,0.0,0.012479955330491066,0.012479955330491066,843973.015688486,843973.015700966
world,Accuracy_Visualizer,Accuracy_Visualizer,gl_display,0.0,0.012431992217898369,0.012431992217898369,843973.048351245,843973.048363677
world,Accuracy_Visualizer,Accuracy_Visualizer,gl_display,0.0,0.014104065485298634,0.014104065485298634,843973.084570388,843973.084584492
world,Accuracy_Visualizer,Accuracy_Visualizer,gl_display,0.0,0.01809594687074423,0.01809594687074423,843973.116045022,843973.116063118
world,Accuracy_Visualizer,Accuracy_Visualizer,gl_display,0.0,0.0123180216178298,0.0123180216178298,843973.148042324,843973.148054642
world,Accuracy_Visualizer,Accuracy_Visualizer,gl_display,0.0,0.011494033969938755,0.011494033969938755,843973.184161734,843973.184173228
world,Accuracy_Visualizer,Accuracy_Visualizer,gl_display,0.0,0.011183088645339012,0.011183088645339012,843973.21603332,843973.216044503
world,Accuracy_Visualizer,Accuracy_Visualizer,gl_display,0.0,0.01074792817234993,0.01074792817234993,843973.248520454,843973.248531202
world,Accuracy_Visualizer,Accuracy_Visualizer,gl_display,0.0,0.013106036931276321,0.013106036931276321,843973.284622874,843973.28463598
world,Accuracy_Visualizer,Accuracy_Visualizer,gl_display,0.0,0.010169926099479198,0.010169926099479198,843973.31646737,843973.31647754
world,Accuracy_Visualizer,Accuracy_Visualizer,gl_display,0.0,0.013121054507791996,0.013121054507791996,843973.352442896,843973.352456017
world,Accuracy_Visualizer,Accuracy_Visualizer,gl_display,0.0,0.011569005437195301,0.011569005437195301,843973.384378531,843973.3843901
world,Accuracy_Visualizer,Accuracy_Visualizer,gl_display,0.0,0.011891010217368603,0.011891010217368603,843973.416777926,843973.416789817
world,Accuracy_Visualizer,Accuracy_Visualizer,gl_display,0.0,0.011279014870524406,0.011279014870524406,843973.452443489,843973.452454768
world,Accuracy_Visualizer,Accuracy_Visualizer,gl_display,0.0,0.018723076209425926,0.018723076209425926,843973.484155032,843973.484173755
world,Accuracy_Visualizer,Accuracy_Visualizer,gl_display,0.0,0.01817301381379366,0.01817301381379366,843973.518953403,843973.518971576
world,Accuracy_Visualizer,Accuracy_Visualizer,gl_display,0.0,0.013702083379030228,0.013702083379030228,843973.554293889,843973.554307591
world,Accuracy_Visualizer,Accuracy_Visualizer,gl_display,0.0,0.011202995665371418,0.011202995665371418,843973.585802015,843973.585813218
world,Accuracy_Visualizer,Accuracy_Visualizer,gl_display,0.0,0.01120707020163536,0.01120707020163536,843973.622082421,843973.622093628
world,Accuracy_Visualizer,Accuracy_Visualizer,gl_display,0.0,0.012584961950778961,0.012584961950778961,843973.653898749,843973.653911334
world,Accuracy_Visualizer,Accuracy_Visualizer,gl_display,0.0,0.01134991180151701,0.01134991180151701,843973.685459375,843973.685470725
world,Accuracy_Visualizer,Accuracy_Visualizer,gl_display,0.0,0.011397991329431534,0.011397991329431534,843973.721626443,843973.721637841
world,Accuracy_Visualizer,Accuracy_Visualizer,gl_display,0.0,0.009024981409311295,0.009024981409311295,843973.753343799,843973.753352824
world,Accuracy_Visualizer,Accuracy_Visualizer,gl_display,0.0,0.003949040547013283,0.003949040547013283,843973.797158111,843973.79716206
world,Accuracy_Visualizer,Accuracy_Visualizer,gl_display,0.0,0.005158013664186001,0.005158013664186001,843973.844551948,843973.844557106
world,Accuracy_Visualizer,Accuracy_Visualizer,gl_display,0.0,0.011953990906476974,0.011953990906476974,843973.892434123,843973.892446077
world,Accuracy_Visualizer,Accuracy_Visualizer,gl_display,0.0,0.008130911737680435,0.008130911737680435,843973.922858376,843973.922866507
world,Accuracy_Visualizer,Accuracy_Visualizer,gl_display,0.0,0.013533979654312134,0.013533979654312134,843973.954144184,843973.954157718
world,Accuracy_Visualizer,Accuracy_Visualizer,gl_display,0.0,0.01226598396897316,0.01226598396897316,843973.989466771,843973.989479037
world,Accuracy_Visualizer,Accuracy_Visualizer,gl_display,0.0,0.009787967428565025,0.009787967428565025,843974.020396073,843974.020405861
world,Accuracy_Visualizer,Accuracy_Visualizer,gl_display,0.0,0.011209049262106419,0.011209049262106419,843974.052154864,843974.052166073
world,Accuracy_Visualizer,Accuracy_Visualizer,gl_display,0.0,0.005039968527853489,0.005039968527853489,843974.079909815,843974.079914855
world,Accuracy_Visualizer,Accuracy_Visualizer,gl_display,0.0,0.005357083864510059,0.005357083864510059,843974.111782286,843974.111787643
world,Accuracy_Visualizer,Accuracy_Visualizer,gl_display,0.0,0.012687989510595798,0.012687989510595798,843974.156332753,843974.156345441
world,Accuracy_Visualizer,Accuracy_Visualizer,gl_display,0.0,0.012005912140011787,0.012005912140011787,843974.188303929,843974.188315935
world,Accuracy_Visualizer,Accuracy_Visualizer,gl_display,0.0,0.012222910299897194,0.012222910299897194,843974.220115239,843974.220127462
world,Accuracy_Visualizer,Accuracy_Visualizer,gl_display,0.0,0.012179953046143055,0.012179953046143055,843974.256530468,843974.256542648
world,Accuracy_Visualizer,Accuracy_Visualizer,gl_display,0.0,0.013380893506109715,0.013380893506109715,843974.288416792,843974.288430173
world,Accuracy_Visualizer,Accuracy_Visualizer,gl_display,0.0,0.01101603265851736,0.01101603265851736,843974.320126403,843974.320137419
world,Accuracy_Visualizer,Accuracy_Visualizer,gl_display,0.0,0.011679017916321754,0.011679017916321754,843974.357306598,843974.357318277
world,Accuracy_Visualizer,Accuracy_Visualizer,gl_display,0.0,0.011436990462243557,0.011436990462243557,843974.388495041,843974.388506478
world,Accuracy_Visualizer,Accuracy_Visualizer,gl_display,0.0,0.007115071639418602,0.007115071639418602,843974.422596413,843974.422603528
world,Accuracy_Visualizer,Accuracy_Visualizer,gl_display,0.0,0.00480900052934885,0.00480900052934885,843974.447931768,843974.447936577
world,Accuracy_Visualizer,Accuracy_Visualizer,gl_display,0.0,0.014757970348000526,0.014757970348000526,843974.491973907,843974.491988665
world,Accuracy_Visualizer,Accuracy_Visualizer,gl_display,0.0,0.022377935238182545,0.022377935238182545,843974.5257814,843974.525803778
world,Accuracy_Visualizer,Accuracy_Visualizer,gl_display,0.0,0.012621982023119926,0.012621982023119926,843974.557545637,843974.557558259
world,Accuracy_Visualizer,Accuracy_Visualizer,gl_display,0.0,0.013409997336566448,0.013409997336566448,843974.593628087,843974.593641497
world,Accuracy_Visualizer,Accuracy_Visualizer,gl_display,0.0,0.013233977369964123,0.013233977369964123,843974.625657952,843974.625671186
world,Accuracy_Visualizer,Accuracy_Visualizer,gl_display,0.0,0.013554003089666367,0.013554003089666367,843974.656820389,843974.656833943
world,Accuracy_Visualizer,Accuracy_Visualizer,gl_display,0.0,0.012516044080257416,0.012516044080257416,843974.692882039,843974.692894555
world,Accuracy_Visualizer,Accuracy_Visualizer,gl_display,0.0,0.011102063581347466,0.011102063581347466,843974.724767034,843974.724778136
world,Accuracy_Visualizer,Accuracy_Visualizer,gl_display,0.0,0.010958989150822163,0.010958989150822163,843974.756818191,843974.75682915
world,Accuracy_Visualizer,Accuracy_Visualizer,gl_display,0.0,0.013779033906757832,0.013779033906757832,843974.792861381,843974.79287516
world,Accuracy_Visualizer,Accuracy_Visualizer,gl_display,0.0,0.012231990694999695,0.012231990694999695,843974.824129387,843974.824141619
world,Accuracy_Visualizer,Accuracy_Visualizer,gl_display,0.0,0.013835029676556587,0.013835029676556587,843974.860741858,843974.860755693
world,Accuracy_Visualizer,Accuracy_Visualizer,gl_display,0.0,0.014518038369715214,0.014518038369715214,843974.89220723,843974.892221748
world,Accuracy_Visualizer,Accuracy_Visualizer,gl_display,0.0,0.021372921764850616,0.021372921764850616,843974.924989211,843974.925010584
world,Accuracy_Visualizer,Accuracy_Visualizer,gl_display,0.0,0.012798933312296867,0.012798933312296867,843974.960604573,843974.960617372
world,Accuracy_Visualizer,Accuracy_Visualizer,gl_display,0.0,0.013433978892862797,0.013433978892862797,843974.992238124,843974.992251558
world,Accuracy_Visualizer,Accuracy_Visualizer,gl_display,0.0,0.013077049516141415,0.013077049516141415,843975.024171711,843975.024184788
world,Accuracy_Visualizer,Accuracy_Visualizer,gl_display,0.0,0.002640997990965843,0.002640997990965843,843975.05743753,843975.057440171
world,Accuracy_Visualizer,Accuracy_Visualizer,gl_display,0.0,0.012192060239613056,0.012192060239613056,843975.092558733,843975.092570925
world,Accuracy_Visualizer,Accuracy_Visualizer,gl_display,0.0,0.002814922481775284,0.002814922481775284,843975.127508218,843975.127511033
world,Accuracy_Visualizer,Accuracy_Visualizer,gl_display,0.0,0.012584030628204346,0.012584030628204346,843975.160565456,843975.16057804
world,Accuracy_Visualizer,Accuracy_Visualizer,gl_display,0.0,0.01279392745345831,0.01279392745345831,843975.192638832,843975.192651626
world,Accuracy_Visualizer,Accuracy_Visualizer,gl_display,0.0,0.012202071957290173,0.012202071957290173,843975.228164149,843975.228176351
world,Accuracy_Visualizer,Accuracy_Visualizer,gl_display,0.0,0.011927913874387741,0.011927913874387741,843975.261436769,843975.261448697
world,Accuracy_Visualizer,Accuracy_Visualizer,gl_display,0.0,0.0183499651029706,0.0183499651029706,843975.292247963,843975.292266313
world,Accuracy_Visualizer,Accuracy_Visualizer,gl_display,0.0,0.012623029761016369,0.012623029761016369,843975.328398931,843975.328411554
world,Accuracy_Visualizer,Accuracy_Visualizer,gl_display,0.0,0.012103002518415451,0.012103002518415451,843975.360506311,843975.360518414
world,Accuracy_Visualizer,Accuracy_Visualizer,gl_display,0.0,0.012430944480001926,0.012430944480001926,843975.396244299,843975.39625673
world,Accuracy_Visualizer,Accuracy_Visualizer,gl_display,0.0,0.014088931493461132,0.014088931493461132,843975.428453268,843975.428467357
world,Accuracy_Visualizer,Accuracy_Visualizer,gl_display,0.0,0.012637930922210217,0.012637930922210217,843975.460823017,843975.460835655
world,Accuracy_Visualizer,Accuracy_Visualizer,gl_display,0.0,0.004732050001621246,0.004732050001621246,843975.487966746,843975.487971478
world,Accuracy_Visualizer,Accuracy_Visualizer,gl_display,0.0,0.004776986315846443,0.004776986315846443,843975.519818203,843975.51982298
world,Accuracy_Visualizer,Accuracy_Visualizer,gl_display,0.0,0.005044043064117432,0.005044043064117432,843975.551876755,843975.551881799
world,Accuracy_Visualizer,Accuracy_Visualizer,gl_display,0.0,0.013415003195405006,0.013415003195405006,843975.59661466,843975.596628075
world,Accuracy_Visualizer,Accuracy_Visualizer,gl_display,0.0,0.01256295945495367,0.01256295945495367,843975.628230175,843975.628242738
world,Accuracy_Visualizer,Accuracy_Visualizer,gl_display,0.0,0.013755983673036098,0.013755983673036098,843975.664559464,843975.66457322
world,Accuracy_Visualizer,Accuracy_Visualizer,gl_display,0.0,0.013959011994302273,0.013959011994302273,843975.696745959,843975.696759918
world,Accuracy_Visualizer,Accuracy_Visualizer,gl_display,0.0,0.013208016753196716,0.013208016753196716,843975.728677785,843975.728690993
world,Accuracy_Visualizer,Accuracy_Visualizer,gl_display,0.0,0.012006028555333614,0.012006028555333614,843975.76494739,843975.764959396
world,Accuracy_Visualizer,Accuracy_Visualizer,gl_display,0.0,0.011070049367845058,0.011070049367845058,843975.796555123,843975.796566193
world,Accuracy_Visualizer,Accuracy_Visualizer,gl_display,0.0,0.010451069101691246,0.010451069101691246,843975.828417555,843975.828428006
world,Accuracy_Visualizer,Accuracy_Visualizer,gl_display,0.0,0.011838972568511963,0.011838972568511963,843975.86469333,843975.864705169
world,Accuracy_Visualizer,Accuracy_Visualizer,gl_display,0.0,0.013060984201729298,0.013060984201729298,843975.89931745,843975.899330511
world,Accuracy_Visualizer,Accuracy_Visualizer,gl_display,0.0,0.01138902734965086,0.01138902734965086,843975.934362478,843975.934373867
world,Accuracy_Visualizer,Accuracy_Visualizer,gl_display,0.0,0.008672010153532028,0.008672010153532028,843975.965762327,843975.965770999
world,Accuracy_Visualizer,Accuracy_Visualizer,gl_display,0.0,0.02122996374964714,0.02122996374964714,843975.997440168,843975.997461398
world,Accuracy_Visualizer,Accuracy_Visualizer,gl_display,0.0,0.011228956282138824,0.011228956282138824,843976.033988007,843976.033999236
world,Accuracy_Visualizer,Accuracy_Visualizer,gl_display,0.0,0.021336018107831478,0.021336018107831478,843976.065471985,843976.065493321
world,Accuracy_Visualizer,Accuracy_Visualizer,gl_display,0.0,0.01249311026185751,0.01249311026185751,843976.102297189,843976.102309682
world,Accuracy_Visualizer,Accuracy_Visualizer,gl_display,0.0,0.010882969945669174,0.010882969945669174,843976.133700692,843976.133711575
world,Accuracy_Visualizer,Accuracy_Visualizer,gl_display,0.0,0.0027080532163381577,0.0027080532163381577,843976.163338566,843976.163341274
world,Accuracy_Visualizer,Accuracy_Visualizer,gl_display,0.0,0.011253054253757,0.011253054253757,843976.201848986,843976.201860239
world,Accuracy_Visualizer,Accuracy_Visualizer,gl_display,0.0,0.013801967725157738,0.013801967725157738,843976.234706492,843976.234720294
world,Accuracy_Visualizer,Accuracy_Visualizer,gl_display,0.0,0.0126970699056983,0.0126970699056983,843976.264724994,843976.264737691
world,Accuracy_Visualizer,Accuracy_Visualizer,gl_display,0.0,0.0035350676625967026,0.0035350676625967026,843976.291860821,843976.291864356
world,Accuracy_Visualizer,Accuracy_Visualizer,gl_display,0.0,0.005314941518008709,0.005314941518008709,843976.323974612,843976.323979927
world,Accuracy_Visualizer,Accuracy_Visualizer,gl_display,0.0,0.008503091521561146,0.008503091521561146,843976.362231075,843976.362239578
world,Accuracy_Visualizer,Accuracy_Visualizer,gl_display,0.0,0.0077909789979457855,0.0077909789979457855,843976.398344242,843976.398352033
world,Accuracy_Visualizer,Accuracy_Visualizer,gl_display,0.0,0.003683962859213352,0.003683962859213352,843976.423830191,843976.423833875
world,Accuracy_Visualizer,Accuracy_Visualizer,gl_display,0.0,0.01422804780304432,0.01422804780304432,843976.468526318,843976.468540546
world,Accuracy_Visualizer,Accuracy_Visualizer,gl_display,0.0,0.012457952834665775,0.012457952834665775,843976.500762374,843976.500774832
world,Accuracy_Visualizer,Accuracy_Visualizer,gl_display,0.0,0.004870002157986164,0.004870002157986164,843976.523948462,843976.523953332
world,Accuracy_Visualizer,Accuracy_Visualizer,gl_display,0.0,0.009373994544148445,0.009373994544148445,843976.564056432,843976.564065806
world,Accuracy_Visualizer,Accuracy_Visualizer,gl_display,0.0,0.01438905019313097,0.01438905019313097,843976.602517981,843976.60253237
world,Accuracy_Visualizer,Accuracy_Visualizer,gl_display,0.0,0.0089320819824934,0.0089320819824934,843976.634836291,843976.634845223
world,Accuracy_Visualizer,Accuracy_Visualizer,gl_display,0.0,0.011573079973459244,0.011573079973459244,843976.667982064,843976.667993637
world,Accuracy_Visualizer,Accuracy_Visualizer,gl_display,0.0,0.010255957022309303,0.010255957022309303,843976.697688606,843976.697698862
world,Accuracy_Visualizer,Accuracy_Visualizer,gl_display,0.0,0.003498978912830353,0.003498978912830353,843976.727726402,843976.727729901
world,Accuracy_Visualizer,Accuracy_Visualizer,gl_display,0.0,0.003966037184000015,0.003966037184000015,843976.759983302,843976.759987268
world,Accuracy_Visualizer,Accuracy_Visualizer,gl_display,0.0,0.010383082553744316,0.010383082553744316,843976.797713375,843976.797723758
world,Accuracy_Visualizer,Accuracy_Visualizer,gl_display,0.0,0.012425007298588753,0.012425007298588753,843976.836598729,843976.836611154
world,Accuracy_Visualizer,Accuracy_Visualizer,gl_display,0.0,0.002772081643342972,0.002772081643342972,843976.867521985,843976.867524757
world,Accuracy_Visualizer,Accuracy_Visualizer,gl_display,0.0,0.004174071364104748,0.004174071364104748,843976.895753842,843976.895758016
world,Accuracy_Visualizer,Accuracy_Visualizer,gl_display,0.0,0.013325945474207401,0.013325945474207401,843976.935950633,843976.935963959
world,Accuracy_Visualizer,Accuracy_Visualizer,gl_display,0.0,0.011290074326097965,0.011290074326097965,843976.968133366,843976.968144656
world,Accuracy_Visualizer,Accuracy_Visualizer,gl_display,0.0,0.014922930859029293,0.014922930859029293,843977.004358703,843977.004373626
world,Accuracy_Visualizer,Accuracy_Visualizer,gl_display,0.0,0.014484976418316364,0.014484976418316364,843977.037738917,843977.037753402
world,Accuracy_Visualizer,Accuracy_Visualizer,gl_display,0.0,0.013552024029195309,0.013552024029195309,843977.065931615,843977.065945167
world,Accuracy_Visualizer,Accuracy_Visualizer,gl_display,0.0,0.0055460259318351746,0.0055460259318351746,843977.099667521,843977.099673067
world,Accuracy_Visualizer,Accuracy_Visualizer,gl_display,0.0,0.009324983693659306,0.009324983693659306,843977.129628934,843977.129638259
world,Accuracy_Visualizer,Accuracy_Visualizer,gl_display,0.0,0.019745086319744587,0.019745086319744587,843977.173442661,843977.173462406
world,Accuracy_Visualizer,Accuracy_Visualizer,gl_display,0.0,0.012591946870088577,0.012591946870088577,843977.205217686,843977.205230278
world,Accuracy_Visualizer,Accuracy_Visualizer,gl_display,0.0,0.011563068255782127,0.011563068255782127,843977.236583459,843977.236595022
world,Accuracy_Visualizer,Accuracy_Visualizer,gl_display,0.0,0.0144509831443429,0.0144509831443429,843977.27323361,843977.273248061
world,Accuracy_Visualizer,Accuracy_Visualizer,gl_display,0.0,0.014722929336130619,0.014722929336130619,843977.306226475,843977.306241198
world,Accuracy_Visualizer,Accuracy_Visualizer,gl_display,0.0,0.005437061190605164,0.005437061190605164,843977.34056419,843977.340569627
world,Accuracy_Visualizer,Accuracy_Visualizer,gl_display,0.0,0.015890924260020256,0.015890924260020256,843977.373219095,843977.373234986
world,Accuracy_Visualizer,Accuracy_Visualizer,gl_display,0.0,0.005328911356627941,0.005328911356627941,843977.395843366,843977.395848695
world,Accuracy_Visualizer,Accuracy_Visualizer,gl_display,0.0,0.014846096746623516,0.014846096746623516,843977.43828463,843977.438299476
world,Accuracy_Visualizer,Accuracy_Visualizer,gl_display,0.0,0.014759018085896969,0.014759018085896969,843977.472786342,843977.472801101
world,Accuracy_Visualizer,Accuracy_Visualizer,gl_display,0.0,0.013572047464549541,0.013572047464549541,843977.504489176,843977.504502748
world,Accuracy_Visualizer,Accuracy_Visualizer,gl_display,0.0,0.015138066373765469,0.015138066373765469,843977.540593399,843977.540608537
world,Accuracy_Visualizer,Accuracy_Visualizer,gl_display,0.0,0.013762968592345715,0.013762968592345715,843977.572407142,843977.572420905
world,Accuracy_Visualizer,Accuracy_Visualizer,gl_display,0.0,0.012804055586457253,0.012804055586457253,843977.608834556,843977.60884736
world,Accuracy_Visualizer,Accuracy_Visualizer,gl_display,0.0,0.01091696321964264,0.01091696321964264,843977.636667485,843977.636678402
world,Accuracy_Visualizer,Accuracy_Visualizer,gl_display,0.0,0.009206938557326794,0.009206938557326794,843977.665371002,843977.665380209
world,Accuracy_Visualizer,Accuracy_Visualizer,gl_display,0.0,0.009049894288182259,0.009049894288182259,843977.701284102,843977.701293152
world,Accuracy_Visualizer,Accuracy_Visualizer,gl_display,0.0,0.008087954483926296,0.008087954483926296,843977.733260379,843977.733268467
world,Accuracy_Visualizer,Accuracy_Visualizer,gl_display,0.0,0.005761045031249523,0.005761045031249523,843977.764112236,843977.764117997
world,Accuracy_Visualizer,Accuracy_Visualizer,gl_display,0.0,0.003496999852359295,0.003496999852359295,843977.799921616,843977.799925113
world,Accuracy_Visualizer,Accuracy_Visualizer,gl_display,0.0,0.006817048415541649,0.006817048415541649,843977.838267842,843977.838274659
world,Accuracy_Visualizer,Accuracy_Visualizer,gl_display,0.0,0.006224028766155243,0.006224028766155243,843977.911422838,843977.911429062
world,Accuracy_Visualizer,Accuracy_Visualizer,gl_display,0.0,0.005732057616114616,0.005732057616114616,843977.931900246,843977.931905978
world,Accuracy_Visualizer,Accuracy_Visualizer,gl_display,0.0,0.006134039722383022,0.006134039722383022,843977.968125765,843977.968131899
world,Accuracy_Visualizer,Accuracy_Visualizer,gl_display,0.0,0.009165960364043713,0.009165960364043713,843978.001511337,843978.001520503
world,Accuracy_Visualizer,Accuracy_Visualizer,gl_display,0.0,0.008962000720202923,0.008962000720202923,843978.033441365,843978.033450327
world,Accuracy_Visualizer,Accuracy_Visualizer,gl_display,0.0,0.008700997568666935,0.008700997568666935,843978.069333762,843978.069342463
world,Accuracy_Visualizer,Accuracy_Visualizer,gl_display,0.0,0.008465955033898354,0.008465955033898354,843978.101379213,843978.101387679
world,Accuracy_Visualizer,Accuracy_Visualizer,gl_display,0.0,0.009801005944609642,0.009801005944609642,843978.137566152,843978.137575953
world,Accuracy_Visualizer,Accuracy_Visualizer,gl_display,0.0,0.00900996383279562,0.00900996383279562,843978.169253857,843978.169262867
world,Accuracy_Visualizer,Accuracy_Visualizer,gl_display,0.0,0.007209018804132938,0.007209018804132938,843978.20134964,843978.201356849
world,Accuracy_Visualizer,Accuracy_Visualizer,gl_display,0.0,0.006421934813261032,0.006421934813261032,843978.236306378,843978.2363128
world,Accuracy_Visualizer,Accuracy_Visualizer,gl_display,0.0,0.006621005013585091,0.006621005013585091,843978.268045226,843978.268051847
world,Accuracy_Visualizer,Accuracy_Visualizer,gl_display,0.0,0.006393995136022568,0.006393995136022568,843978.300346756,843978.30035315
world,Accuracy_Visualizer,Accuracy_Visualizer,gl_display,0.0,0.006641028448939323,0.006641028448939323,843978.345606491,843978.345613132
world,Accuracy_Visualizer,Accuracy_Visualizer,gl_display,0.0,0.005507958121597767,0.005507958121597767,843978.372450804,843978.372456312
world,Accuracy_Visualizer,Accuracy_Visualizer,gl_display,0.0,0.005750101990997791,0.005750101990997791,843978.404059958,843978.404065708
world,Accuracy_Visualizer,Accuracy_Visualizer,gl_display,0.0,0.004983972758054733,0.004983972758054733,843978.436090427,843978.436095411
world,Accuracy_Visualizer,Accuracy_Visualizer,gl_display,0.0,0.0051209935918450356,0.0051209935918450356,843978.468079893,843978.468085014
world,Accuracy_Visualizer,Accuracy_Visualizer,gl_display,0.0,0.006270944140851498,0.006270944140851498,843978.504277623,843978.504283894
world,Accuracy_Visualizer,Accuracy_Visualizer,gl_display,0.0,0.005590030923485756,0.005590030923485756,843978.536085104,843978.536090694
world,Accuracy_Visualizer,Accuracy_Visualizer,gl_display,0.0,0.005565001629292965,0.005565001629292965,843978.568510103,843978.568515668
world,Blink_Detection,Blink_Detection,recent_events,0.0,0.009167008101940155,0.009167008101940155,843965.281416391,843965.281425558
world,Blink_Detection,Blink_Detection,recent_events,843965.261581,0.014705001376569271,68.2986929314211,843965.329863929,843965.329878634
world,Blink_Detection,Blink_Detection,recent_events,843965.295092,0.020480016246438026,70.69578894879669,843965.365766136,843965.365786616
world,Blink_Detection,Blink_Detection,recent_events,843965.328602,0.006068963557481766,68.79866903182119,843965.397394114,843965.397400183
world,Blink_Detection,Blink_Detection,recent_events,843965.362112,0.005399924702942371,67.41672405041754,843965.429522722,843965.429528122
world,Blink_Detection,Blink_Detection,recent_events,843965.395623,0.005059991963207722,69.93488303851336,843965.465552291,843965.465557351
world,Blink_Detection,Blink_Detection,recent_events,843965.429133,0.015530036762356758,68.83321504574269,843965.497949476,843965.497965006
world,Blink_Detection,Blink_Detection,recent_events,843965.462644,0.014884048141539097,71.19658309966326,843965.533825018,843965.533839902
world,Blink_Detection,Blink_Detection,recent_events,843965.496154,0.004826928488910198,69.37490496784449,843965.565523565,843965.565528392
world,Blink_Detection,Blink_Detection,recent_events,843965.529664,0.01032708678394556,68.18834692239761,843965.5978411,843965.597851427
world,Blink_Detection,Blink_Detection,recent_events,843965.563175,0.0030919909477233887,70.07782394066453,843965.633249504,843965.633252596
world,Blink_Detection,Blink_Detection,recent_events,843965.596685,0.004641013219952583,68.71856702491641,843965.665398386,843965.665403027
world,Blink_Detection,Blink_Detection,recent_events,843965.630196,0.004027970135211945,67.24145100452006,843965.697432909,843965.697436937
world,Blink_Detection,Blink_Detection,recent_events,843965.663706,0.0037690624594688416,69.68555005732924,843965.733387303,843965.733391072
world,Blink_Detection,Blink_Detection,recent_events,843965.697216,0.004197936505079269,68.28560307621956,843965.765496845,843965.765501043
world,Blink_Detection,Blink_Detection,recent_events,843965.730727,0.0036660348996520042,70.6424789968878,843965.801365264,843965.80136893
world,Blink_Detection,Blink_Detection,recent_events,843965.764237,0.010324991308152676,69.18878899887204,843965.833414853,843965.833425178
world,Blink_Detection,Blink_Detection,recent_events,843965.797748,0.004699919372797012,67.69458902999759,843965.86543738,843965.86544208
world,Blink_Detection,Blink_Detection,recent_events,843965.831258,0.010764924809336662,70.21441799588501,843965.90146104,843965.901471805
world,Blink_Detection,Blink_Detection,recent_events,843965.864768,0.003244960680603981,68.63647804129869,843965.933400988,843965.933404233
world,Blink_Detection,Blink_Detection,recent_events,843965.898279,0.00441097654402256,67.11562001146376,843965.96538969,843965.965394101
world,Blink_Detection,Blink_Detection,recent_events,843965.931789,0.005055917426943779,69.66392695903778,843966.001447314,843966.00145237
world,Blink_Detection,Blink_Detection,recent_events,843965.9653,0.004403991624712944,68.15960991661996,843966.033454647,843966.033459051
world,Blink_Detection,Blink_Detection,recent_events,843965.99881,0.00520399771630764,70.63051895238459,843966.069434765,843966.069439969
world,Blink_Detection,Blink_Detection,recent_events,843966.03232,0.0051229726523160934,69.28889895789325,843966.101603201,843966.101608324
world,Blink_Detection,Blink_Detection,recent_events,843966.065831,0.004663015715777874,67.58073496166617,843966.133406528,843966.133411191
world,Blink_Detection,Blink_Detection,recent_events,843966.099341,0.004776986315846443,70.11641806457192,843966.169452141,843966.169456918
world,Blink_Detection,Blink_Detection,recent_events,843966.132852,0.004664063453674316,68.5637251008302,843966.201410558,843966.201415222
world,Blink_Detection,Blink_Detection,recent_events,843966.166362,0.00518804881721735,67.05862795934081,843966.233414965,843966.233420153
world,Blink_Detection,Blink_Detection,recent_events,843966.199872,0.004702014848589897,69.70143702346832,843966.2695682,843966.269572902
world,Blink_Detection,Blink_Detection,recent_events,843966.233383,0.005155918188393116,68.10375500936061,843966.301481095,843966.301486251
world,Blink_Detection,Blink_Detection,recent_events,843966.266893,0.005011912435293198,70.59642602689564,843966.337483891,843966.337488903
world,Blink_Detection,Blink_Detection,recent_events,843966.300404,0.005139969289302826,69.08983900211751,843966.369488187,843966.369493327
world,Blink_Detection,Blink_Detection,recent_events,843966.333914,0.008103088475763798,67.4532800912857,843966.401358928,843966.401367031
world,Blink_Detection,Blink_Detection,recent_events,843966.367424,0.004874076694250107,70.00546797644347,843966.437424367,843966.437429241
world,Blink_Detection,Blink_Detection,recent_events,843966.400935,0.003885943442583084,68.39792500250041,843966.469328864,843966.46933275
world,Blink_Detection,Blink_Detection,recent_events,843966.434445,0.0037170248106122017,70.90574293397367,843966.50534683,843966.505350547
world,Blink_Detection,Blink_Detection,recent_events,843966.467956,0.0036190031096339226,69.38753393478692,843966.537339656,843966.537343275
world,Blink_Detection,Blink_Detection,recent_events,843966.501466,0.00861496664583683,67.88885197602212,843966.569345928,843966.569354543
world,Blink_Detection,Blink_Detection,recent_events,843966.534976,0.007351976819336414,70.45709702651948,843966.605425483,843966.605432835
world,Blink_Detection,Blink_Detection,recent_events,843966.568487,0.003269989974796772,68.88367410283536,843966.637367202,843966.637370472
world,Blink_Detection,Blink_Detection,recent_events,843966.601997,0.0032240059226751328,67.37423094455153,843966.669367784,843966.669371008
world,Blink_Detection,Blink_Detection,recent_events,843966.635508,0.003351946361362934,69.85378300305456,843966.705358257,843966.705361609
world,Blink_Detection,Blink_Detection,recent_events,843966.669018,0.0036620767787098885,68.3438100386411,843966.737357965,843966.737361627
world,Blink_Detection,Blink_Detection,recent_events,843966.702528,0.003320048563182354,70.9448039997369,843966.77346926,843966.77347258
world,Blink_Detection,Blink_Detection,recent_events,843966.736039,0.0035569537431001663,69.33263398241252,843966.80536788,843966.805371437
world,Blink_Detection,Blink_Detection,recent_events,843966.769549,0.003496999852359295,67.79114902019501,843966.837336474,843966.837339971
world,Blink_Detection,Blink_Detection,recent_events,843966.80306,0.0028159702196717262,70.31372899655253,843966.873370744,843966.87337356
world,Blink_Detection,Blink_Detection,recent_events,843966.83657,0.003195018507540226,68.81163897924125,843966.905378268,843966.905381463
world,Blink_Detection,Blink_Detection,recent_events,843966.87008,0.002751941792666912,67.31539301108569,843966.937392391,843966.937395143
world,Blink_Detection,Blink_Detection,recent_events,843966.903591,0.0031440285965800285,69.74482198711485,843966.973332442,843966.973335586
world,Blink_Detection,Blink_Detection,recent_events,843966.937101,0.004658941179513931,68.30108596477658,843967.005397254,843967.005401913
world,Blink_Detection,Blink_Detection,recent_events,843966.970612,0.003498978912830353,70.82737307064235,843967.041435673,843967.041439172
world,Blink_Detection,Blink_Detection,recent_events,843967.004122,0.0046460190787911415,69.33155807200819,843967.073448454,843967.0734531
world,Blink_Detection,Blink_Detection,recent_events,843967.037632,0.002813059836626053,67.78642593417317,843967.105415397,843967.10541821
world,Blink_Detection,Blink_Detection,recent_events,843967.071143,0.004107016138732433,70.24564500898123,843967.14138423,843967.141388337
world,Blink_Detection,Blink_Detection,recent_events,843967.104653,0.00353099312633276,68.72034294065088,843967.173369485,843967.173373016
world,Blink_Detection,Blink_Detection,recent_events,843967.138164,0.0032150419428944588,67.21805199049413,843967.205378642,843967.205381857
world,Blink_Detection,Blink_Detection,recent_events,843967.171674,0.0030980445444583893,69.7317550657317,843967.241402439,843967.241405537
world,Blink_Detection,Blink_Detection,recent_events,843967.205184,0.0037190038710832596,68.31692799460143,843967.273497005,843967.273500724
world,Blink_Detection,Blink_Detection,recent_events,843967.238695,0.004212954081594944,70.70974400267005,843967.309400256,843967.309404469
world,Blink_Detection,Blink_Detection,recent_events,843967.272205,0.0033369287848472595,69.1507599549368,843967.341352147,843967.341355484
world,Blink_Detection,Blink_Detection,recent_events,843967.305716,0.0034139957278966904,67.65553692821413,843967.373367855,843967.373371269
world,Blink_Detection,Blink_Detection,recent_events,843967.339226,0.003222026862204075,70.11198799591511,843967.409334597,843967.409337819
world,Blink_Detection,Blink_Detection,recent_events,843967.372736,0.0033639371395111084,68.75219696667045,843967.441484611,843967.441487975
world,Blink_Detection,Blink_Detection,recent_events,843967.406247,0.0030570663511753082,67.12824397254735,843967.473371996,843967.473375053
world,Blink_Detection,Blink_Detection,recent_events,843967.439757,0.0030819792300462723,69.6787009947002,843967.509432427,843967.509435509
world,Blink_Detection,Blink_Detection,recent_events,843967.473268,0.0031640520319342613,68.08706501033157,843967.541351637,843967.541354801
world,Blink_Detection,Blink_Detection,recent_events,843967.506778,0.004347995854914188,70.72340196464211,843967.577496479,843967.577500827
world,Blink_Detection,Blink_Detection,recent_events,843967.540288,0.005342997610569,69.38932393677533,843967.609671433,843967.609676776
world,Blink_Detection,Blink_Detection,recent_events,843967.573799,0.005048001185059547,67.73930601775646,843967.641530281,843967.641535329
world,Blink_Detection,Blink_Detection,recent_events,843967.607309,0.005009002052247524,70.22983103524894,843967.677533211,843967.67753822
world,Blink_Detection,Blink_Detection,recent_events,843967.64082,0.00461796298623085,68.7218540115282,843967.709533812,843967.70953843
world,Blink_Detection,Blink_Detection,recent_events,843967.67433,0.004307948984205723,67.1882739989087,843967.741513376,843967.741517684
world,Blink_Detection,Blink_Detection,recent_events,843967.70784,0.003111083060503006,69.58973791915923,843967.777426336,843967.777429447
world,Blink_Detection,Blink_Detection,recent_events,843967.741351,0.0029989751055836678,67.97967990860343,843967.809327462,843967.809330461
world,Blink_Detection,Blink_Detection,recent_events,843967.774861,0.0036959536373615265,81.64390793535858,843967.856501035,843967.856504731
world,Blink_Detection,Blink_Detection,recent_events,843967.808372,0.0037099234759807587,69.00901498738676,843967.877377117,843967.877380827
world,Blink_Detection,Blink_Detection,recent_events,843967.841882,0.0035869888961315155,67.59993406012654,843967.909478163,843967.90948175
world,Blink_Detection,Blink_Detection,recent_events,843967.875392,0.0032240059226751328,70.06878999527544,843967.945457329,843967.945460553
world,Blink_Detection,Blink_Detection,recent_events,843967.908903,0.0040710438042879105,68.506169016473,843967.977404936,843967.977409007
world,Blink_Detection,Blink_Detection,recent_events,843967.942413,0.0037599820643663406,70.99874899722636,843968.013407802,843968.013411562
world,Blink_Detection,Blink_Detection,recent_events,843967.975924,0.006249989382922649,69.5435309316963,843968.045460654,843968.045466904
world,Blink_Detection,Blink_Detection,recent_events,843968.009434,0.002917950041592121,83.39890895877033,843968.092829821,843968.092832739
world,Blink_Detection,Blink_Detection,recent_events,843968.042944,0.002851942554116249,70.47559099737555,843968.113416466,843968.113419318
world,Blink_Detection,Blink_Detection,recent_events,843968.076455,0.003074994310736656,68.89857607893646,843968.145350299,843968.145353374
world,Blink_Detection,Blink_Detection,recent_events,843968.109965,0.011297990567982197,67.74815707467496,843968.177700985,843968.177712283
world,Blink_Detection,Blink_Detection,recent_events,843968.143476,0.011352007277309895,70.38887590169907,843968.213852326,843968.213863678
world,Blink_Detection,Blink_Detection,recent_events,843968.176986,0.013512908481061459,68.86395893525332,843968.245835358,843968.245848871
world,Blink_Detection,Blink_Detection,recent_events,843968.210496,0.0034510158002376556,70.99722197744995,843968.281489525,843968.281492976
world,Blink_Detection,Blink_Detection,recent_events,843968.244007,0.004863017238676548,69.46409295778722,843968.313466033,843968.313470896
world,Blink_Detection,Blink_Detection,recent_events,843968.277517,0.011236988939344883,68.25860706157982,843968.345763256,843968.345774493
world,Blink_Detection,Blink_Detection,recent_events,843968.311028,0.003129011020064354,70.3254520194605,843968.38135013,843968.381353259
world,Blink_Detection,Blink_Detection,recent_events,843968.344538,0.0037749996408820152,68.8575271051377,843968.413391566,843968.413395341
world,Blink_Detection,Blink_Detection,recent_events,843968.378048,0.0034159747883677483,67.43582093622535,843968.445480185,843968.445483601
world,Blink_Detection,Blink_Detection,recent_events,843968.411559,0.0031599774956703186,69.84349701087922,843968.48139916,843968.48140232
world,Blink_Detection,Blink_Detection,recent_events,843968.445069,0.0032400712370872498,68.3256610063836,843968.513391241,843968.513394481
world,Blink_Detection,Blink_Detection,recent_events,843968.47858,0.011982978321611881,71.19247002992779,843968.549759454,843968.549771437
world,Blink_Detection,Blink_Detection,recent_events,843968.51209,0.002853921614587307,69.27026703488082,843968.581357227,843968.581360081
world,Blink_Detection,Blink_Detection,recent_events,843968.5456,0.003181048668920994,67.86941806785762,843968.61346592,843968.613469101
world,Blink_Detection,Blink_Detection,recent_events,843968.579111,0.003871973603963852,70.33117790706456,843968.649438085,843968.649441957
world,Blink_Detection,Blink_Detection,recent_events,843968.612621,0.0033659161999821663,68.77258897293359,843968.681390017,843968.681393383
world,Blink_Detection,Blink_Detection,recent_events,843968.646132,0.003100023604929447,67.2298310091719,843968.713358509,843968.713361609
world,Blink_Detection,Blink_Detection,recent_events,843968.679642,0.0026989728212356567,69.7528850287199,843968.749391959,843968.749394658
world,Blink_Detection,Blink_Detection,recent_events,843968.713152,0.0024460023269057274,68.35270998999476,843968.781502019,843968.781504465
world,Blink_Detection,Blink_Detection,recent_events,843968.746663,0.0023709144443273544,70.77776803635061,843968.81743824,843968.817440611
world,Blink_Detection,Blink_Detection,recent_events,843968.780173,0.002535991370677948,69.25376399885863,843968.849424024,843968.84942656
world,Blink_Detection,Blink_Detection,recent_events,843968.813684,0.0031099189072847366,67.79136590193957,843968.881472049,843968.881475159
world,Blink_Detection,Blink_Detection,recent_events,843968.847194,0.005837995558977127,70.48064994160086,843968.917667599,843968.917673437
world,Blink_Detection,Blink_Detection,recent_events,843968.981236,0.005578040145337582,80.8518510311842,843969.062081691,843969.062087269
world,Blink_Detection,Blink_Detection,recent_events,843969.014746,0.005334033630788326,70.86162106133997,843969.085601775,843969.085607109
world,Blink_Detection,Blink_Detection,recent_events,843969.048256,0.005312962457537651,69.35384194366634,843969.117604027,843969.11760934
world,Blink_Detection,Blink_Detection,recent_events,843969.081767,0.004819943569600582,67.76484602596611,843969.149526488,843969.149531308
world,Blink_Detection,Blink_Detection,recent_events,843969.115277,0.005222042091190815,70.28862601146102,843969.185560209,843969.185565431
world,Blink_Detection,Blink_Detection,recent_events,843969.148788,0.0036460114642977715,68.79388296511024,843969.21757799,843969.217581636
world,Blink_Detection,Blink_Detection,recent_events,843969.182298,0.0038159778341650963,67.20238598063588,843969.24949638,843969.249500196
world,Blink_Detection,Blink_Detection,recent_events,843969.215808,0.0040209852159023285,69.69044404104352,843969.285494235,843969.285498256
world,Blink_Detection,Blink_Detection,recent_events,843969.249319,0.0035909470170736313,68.22264299262315,843969.317537853,843969.317541444
world,Blink_Detection,Blink_Detection,recent_events,843969.282829,0.004166038706898689,70.65865595359355,843969.353483272,843969.353487438
world,Blink_Detection,Blink_Detection,recent_events,843969.31634,0.003588036634027958,69.26266092341393,843969.38559884,843969.385602428
world,Blink_Detection,Blink_Detection,recent_events,843969.34985,0.004766974598169327,67.68046296201646,843969.417525478,843969.417530245
world,Blink_Detection,Blink_Detection,recent_events,843969.38336,0.004758941940963268,70.17207099124789,843969.453527112,843969.453531871
world,Blink_Detection,Blink_Detection,recent_events,843969.416871,0.004735076799988747,68.79242998547852,843969.485658075,843969.48566281
world,Blink_Detection,Blink_Detection,recent_events,843969.450381,0.00434298999607563,71.27482106443495,843969.521650969,843969.521655312
world,Blink_Detection,Blink_Detection,recent_events,843969.483892,0.004159053787589073,69.75067290477455,843969.553637981,843969.55364214
world,Blink_Detection,Blink_Detection,recent_events,843969.517402,0.0033689429983496666,68.13841697294265,843969.58553653,843969.585539899
world,Blink_Detection,Blink_Detection,recent_events,843969.550912,0.0042458996176719666,70.64685202203691,843969.621554285,843969.621558531
world,Blink_Detection,Blink_Detection,recent_events,843969.584423,0.009135925211012363,69.43199795205146,843969.653844997,843969.653854133
world,Blink_Detection,Blink_Detection,recent_events,843969.617933,0.008695991709828377,67.91249301750213,843969.685835767,843969.685844463
world,Blink_Detection,Blink_Detection,recent_events,843969.651444,0.008794944733381271,70.72158704977483,843969.722155896,843969.722164691
world,Blink_Detection,Blink_Detection,recent_events,843969.684954,0.008518924005329609,68.87027097400278,843969.753814456,843969.753822975
world,Blink_Detection,Blink_Detection,recent_events,843969.718464,0.009073992259800434,71.31221995223314,843969.78976628,843969.789775354
world,Blink_Detection,Blink_Detection,recent_events,843969.751975,0.009451992809772491,69.7926259599626,843969.821756977,843969.821766429
world,Blink_Detection,Blink_Detection,recent_events,843969.785485,0.010871910490095615,68.36422602646053,843969.85383735,843969.853848222
world,Blink_Detection,Blink_Detection,recent_events,843969.818996,0.00890402588993311,71.10799895599484,843969.890093894,843969.890102798
world,Blink_Detection,Blink_Detection,recent_events,843969.852506,0.009106006473302841,69.39995405264199,843969.921895916,843969.921905022
world,Blink_Detection,Blink_Detection,recent_events,843969.886016,0.009730923920869827,67.94223200995475,843969.953946979,843969.95395671
world,Blink_Detection,Blink_Detection,recent_events,843969.919527,0.10857393499463797,70.62594091985375,843969.990033593,843969.990142167
world,Blink_Detection,Blink_Detection,recent_events,843969.953037,0.025309971533715725,69.12203598767519,843970.022125191,843970.022150501
world,Blink_Detection,Blink_Detection,recent_events,843969.986548,0.009890994988381863,71.62053103093058,843970.058157625,843970.058167516
world,Blink_Detection,Blink_Detection,recent_events,843970.020058,0.008565024472773075,69.82150103431195,843970.089869906,843970.089878471
world,Blink_Detection,Blink_Detection,recent_events,843970.053568,0.008436967618763447,68.26754997018725,843970.121826234,843970.121834671
world,Blink_Detection,Blink_Detection,recent_events,843970.087079,0.00880903098732233,70.76321507338434,843970.157832505,843970.157841314
world,Blink_Detection,Blink_Detection,recent_events,843970.120589,0.008594011887907982,69.27843589801341,843970.189857783,843970.189866377
world,Blink_Detection,Blink_Detection,recent_events,843970.1541,0.010357005521655083,68.14975989982486,843970.222238014,843970.222248371
world,Blink_Detection,Blink_Detection,recent_events,843970.18761,0.009390059858560562,70.2520189806819,843970.257851588,843970.257860978
world,Blink_Detection,Blink_Detection,recent_events,843970.22112,0.008223927579820156,68.69534903671592,843970.289806116,843970.28981434
world,Blink_Detection,Blink_Detection,recent_events,843970.254631,0.010021030902862549,71.2402539793402,843970.325860307,843970.325870328
world,Blink_Detection,Blink_Detection,recent_events,843970.288141,0.009405892342329025,69.7797330794856,843970.357910386,843970.357919792
world,Blink_Detection,Blink_Detection,recent_events,843970.321652,0.00887701753526926,68.48799507133663,843970.390130073,843970.39013895
world,Blink_Detection,Blink_Detection,recent_events,843970.355162,0.007254071533679962,70.62838796991855,843970.425782066,843970.42578932
world,Blink_Detection,Blink_Detection,recent_events,843970.388672,0.0034299446269869804,68.83823499083519,843970.457506575,843970.457510005
world,Blink_Detection,Blink_Detection,recent_events,843970.422183,0.004154047928750515,67.39312002900988,843970.489571773,843970.489575927
world,Blink_Detection,Blink_Detection,recent_events,843970.455693,0.0032819807529449463,69.90637700073421,843970.525595892,843970.525599174
world,Blink_Detection,Blink_Detection,recent_events,843970.489204,0.004600035026669502,68.58157704118639,843970.557780428,843970.557785028
world,Blink_Detection,Blink_Detection,recent_events,843970.522714,0.00506802462041378,71.05433300603181,843970.593762785,843970.593767853
world,Blink_Detection,Blink_Detection,recent_events,843970.556224,0.004901899956166744,69.51904494781047,843970.625737654,843970.625742556
world,Blink_Detection,Blink_Detection,recent_events,843970.589735,0.004900968633592129,67.98654689919204,843970.657716094,843970.657720995
world,Blink_Detection,Blink_Detection,recent_events,843970.623245,0.004919013008475304,70.49583701882511,843970.693735348,843970.693740267
world,Blink_Detection,Blink_Detection,recent_events,843970.656756,0.005168956704437733,69.16153593920171,843970.725911809,843970.725916978
world,Blink_Detection,Blink_Detection,recent_events,843970.690266,0.005526002496480942,67.411691066809,843970.757671626,843970.757677152
world,Blink_Detection,Blink_Detection,recent_events,843970.723776,0.004202011041343212,70.01130899880081,843970.793782571,843970.793786773
world,Blink_Detection,Blink_Detection,recent_events,843970.757287,0.005340087227523327,68.57422098983079,843970.825855349,843970.825860689
world,Blink_Detection,Blink_Detection,recent_events,843970.790797,0.004042987711727619,70.93504897784442,843970.861727741,843970.861731784
world,Blink_Detection,Blink_Detection,recent_events,843970.824308,0.004710047505795956,69.59574890788645,843970.893898531,843970.893903241
world,Blink_Detection,Blink_Detection,recent_events,843970.857818,0.0050211092457175255,68.00490594469011,843970.925817131,843970.925822152
world,Blink_Detection,Blink_Detection,recent_events,843970.891328,0.004735076799988747,70.49653597641736,843970.961819283,843970.961824018
world,Blink_Detection,Blink_Detection,recent_events,843970.924839,0.004529021680355072,68.84483399335295,843970.99367882,843970.993683349
world,Blink_Detection,Blink_Detection,recent_events,843970.958349,0.004631001502275467,67.3002180410549,843971.025644046,843971.025648677
world,Blink_Detection,Blink_Detection,recent_events,843970.99186,0.0047120265662670135,69.99552506022155,843971.061850303,843971.061855015
world,Blink_Detection,Blink_Detection,recent_events,843971.02537,0.002871965989470482,68.20593390148133,843971.093572841,843971.093575713
world,Blink_Detection,Blink_Detection,recent_events,843971.05888,0.009388080798089504,71.11837598495185,843971.129987872,843971.12999726
world,Blink_Detection,Blink_Detection,recent_events,843971.092391,0.011441996321082115,69.68100101221353,843971.162058871,843971.162070313
world,Blink_Detection,Blink_Detection,recent_events,843971.125901,0.008988077752292156,68.35931295063347,843971.194250303,843971.194259291
world,Blink_Detection,Blink_Detection,recent_events,843971.159412,0.008768984116613865,70.93830697704107,843971.230340363,843971.230349132
world,Blink_Detection,Blink_Detection,recent_events,843971.192922,0.0714289490133524,69.28618100937456,843971.262124615,843971.262196044
world,Blink_Detection,Blink_Detection,recent_events,843971.226432,0.01008098479360342,71.53229299001396,843971.297953243,843971.297963324
world,Blink_Detection,Blink_Detection,recent_events,843971.259943,0.010092975571751595,69.9640290113166,843971.329896035,843971.329906128
world,Blink_Detection,Blink_Detection,recent_events,843971.293453,0.008483068086206913,68.44922294840217,843971.361892446,843971.361900929
world,Blink_Detection,Blink_Detection,recent_events,843971.326964,0.008936971426010132,71.16482499986887,843971.398118698,843971.398127635
world,Blink_Detection,Blink_Detection,recent_events,843971.360474,0.00896397978067398,69.3478339817375,843971.429811939,843971.429820903
world,Blink_Detection,Blink_Detection,recent_events,843971.393984,0.008984934538602829,67.83369206823409,843971.461807694,843971.461816679
world,Blink_Detection,Blink_Detection,recent_events,843971.427495,0.008767936378717422,70.34632610157132,843971.497831581,843971.497840349
world,Blink_Detection,Blink_Detection,recent_events,843971.461005,0.011293916031718254,68.9782949630171,843971.529971032,843971.529982326
world,Blink_Detection,Blink_Detection,recent_events,843971.494516,0.008739996701478958,71.70533295720816,843971.566211538,843971.566220278
world,Blink_Detection,Blink_Detection,recent_events,843971.528026,0.008527073077857494,69.91976604331285,843971.597936209,843971.597944736
world,Blink_Detection,Blink_Detection,recent_events,843971.561536,0.008661998435854912,68.37352004367858,843971.629899823,843971.629908485
world,Blink_Detection,Blink_Detection,recent_events,843971.595047,0.00949797686189413,70.87994005996734,843971.665916531,843971.665926029
world,Blink_Detection,Blink_Detection,recent_events,843971.628557,0.008606933988630772,69.3036550655961,843971.697850964,843971.697859571
world,Blink_Detection,Blink_Detection,recent_events,843971.662068,0.00960507895797491,68.02364008035511,843971.730080845,843971.73009045
world,Blink_Detection,Blink_Detection,recent_events,843971.695578,0.008189934305846691,70.28622692450881,843971.765855037,843971.765863227
world,Blink_Detection,Blink_Detection,recent_events,843971.729088,0.009813113138079643,68.7755219405517,843971.797852677,843971.79786249
world,Blink_Detection,Blink_Detection,recent_events,843971.762599,0.009338022209703922,71.30330801010132,843971.833891743,843971.833901081
world,Blink_Detection,Blink_Detection,recent_events,843971.796109,0.008688075467944145,69.7774039581418,843971.865876716,843971.865885404
world,Blink_Detection,Blink_Detection,recent_events,843971.82962,0.008881906978785992,68.48402600735426,843971.898094107,843971.898102989
world,Blink_Detection,Blink_Detection,recent_events,843971.86313,0.00875093974173069,71.08171808067709,843971.934202036,843971.934210787
world,Blink_Detection,Blink_Detection,recent_events,843971.89664,0.008328934200108051,69.25994995981455,843971.965890437,843971.965898766
world,Blink_Detection,Blink_Detection,recent_events,843971.930151,0.00985199585556984,67.73959996644408,843971.997879858,843971.99788971
world,Blink_Detection,Blink_Detection,recent_events,843971.963661,0.008764909580349922,70.25838003028184,843972.033909545,843972.03391831
world,Blink_Detection,Blink_Detection,recent_events,843971.997172,0.008746981620788574,69.05526900663972,843972.066217495,843972.066226242
world,Blink_Detection,Blink_Detection,recent_events,843972.030682,0.008319038897752762,71.22554804664105,843972.101898126,843972.101906445
world,Blink_Detection,Blink_Detection,recent_events,843972.064192,0.008973060175776482,69.69824398402125,843972.133880353,843972.133889326
world,Blink_Detection,Blink_Detection,recent_events,843972.097703,0.00883906614035368,68.1781240273267,843972.165871342,843972.165880181
world,Blink_Detection,Blink_Detection,recent_events,843972.131213,0.009134993888437748,70.65152493305504,843972.20185442,843972.201863555
world,Blink_Detection,Blink_Detection,recent_events,843972.164724,0.009153038263320923,69.43642999976873,843972.234150294,843972.234159447
world,Blink_Detection,Blink_Detection,recent_events,843972.198234,0.008829054422676563,67.65878002624959,843972.265882992,843972.265891821
world,Blink_Detection,Blink_Detection,recent_events,843972.231744,0.00900391023606062,70.21906995214522,843972.301952937,843972.301961941
world,Blink_Detection,Blink_Detection,recent_events,843972.265255,0.008870032615959644,68.59009596519172,843972.33383526,843972.33384413
world,Blink_Detection,Blink_Detection,recent_events,843972.298765,0.00860507134348154,71.11002202145755,843972.369865379,843972.369873984
world,Blink_Detection,Blink_Detection,recent_events,843972.332276,0.008495990186929703,69.85430500935763,843972.402120577,843972.402129073
world,Blink_Detection,Blink_Detection,recent_events,843972.365786,0.009625917300581932,68.18986090365797,843972.433965184,843972.43397481
world,Blink_Detection,Blink_Detection,recent_events,843972.399296,0.009467010386288166,70.6386819947511,843972.469924228,843972.469933695
world,Blink_Detection,Blink_Detection,recent_events,843972.432807,0.0093020498752594,69.18811099603772,843972.501984854,843972.501994156
world,Blink_Detection,Blink_Detection,recent_events,843972.466317,0.008758041076362133,67.66514095943421,843972.533972466,843972.533981224
world,Blink_Detection,Blink_Detection,recent_events,843972.499828,0.009153969585895538,70.3569280449301,843972.570174727,843972.570183881
world,Blink_Detection,Blink_Detection,recent_events,843972.533338,0.008962000720202923,68.61156702507287,843972.60193974,843972.601948702
world,Blink_Detection,Blink_Detection,recent_events,843972.566848,0.008775037713348866,71.12673693336546,843972.637965044,843972.637973819
world,Blink_Detection,Blink_Detection,recent_events,843972.600359,0.009350944310426712,69.60573198739439,843972.669954332,843972.669963683
world,Blink_Detection,Blink_Detection,recent_events,843972.633869,0.008422997780144215,68.1289789499715,843972.701988514,843972.701996937
world,Blink_Detection,Blink_Detection,recent_events,843972.66738,0.00849494244903326,70.82749798428267,843972.73819801,843972.738206505
world,Blink_Detection,Blink_Detection,recent_events,843972.70089,0.008443021215498447,68.98879806976765,843972.769869212,843972.769877655
world,Blink_Detection,Blink_Detection,recent_events,843972.7344,0.009110081009566784,71.57225802075118,843972.805962196,843972.805971306
world,Blink_Detection,Blink_Detection,recent_events,843972.767911,0.008970033377408981,70.02511504106224,843972.837926165,843972.837935135
world,Blink_Detection,Blink_Detection,recent_events,843972.801421,0.008849892765283585,68.5410489095375,843972.869952087,843972.869960937
world,Blink_Detection,Blink_Detection,recent_events,843972.834932,0.008931965567171574,71.31138001568615,843972.906233198,843972.90624213
world,Blink_Detection,Blink_Detection,recent_events,843972.868442,0.009169918484985828,69.46733803488314,843972.937899147,843972.937908317
world,Blink_Detection,Blink_Detection,recent_events,843972.901952,0.008895061910152435,67.98682606313378,843972.969928938,843972.969937833
world,Blink_Detection,Blink_Detection,recent_events,843972.935463,0.008522998541593552,70.43719303328544,843973.005890624,843973.005899147
world,Blink_Detection,Blink_Detection,recent_events,843972.968973,0.008558970876038074,68.90611408744007,843973.037869556,843973.037878115
world,Blink_Detection,Blink_Detection,recent_events,843973.002484,0.009624054655432701,71.69946294743568,843973.074172745,843973.074182369
world,Blink_Detection,Blink_Detection,recent_events,843973.035994,0.009226961992681026,69.97966393828392,843973.105963406,843973.105972633
world,Blink_Detection,Blink_Detection,recent_events,843973.069504,0.009177019819617271,68.42610996682197,843973.137919948,843973.137929125
world,Blink_Detection,Blink_Detection,recent_events,843973.103015,0.009060022421181202,70.93748799525201,843973.173942421,843973.173951481
world,Blink_Detection,Blink_Detection,recent_events,843973.136525,0.009069102816283703,69.41395404282957,843973.205928959,843973.205938028
world,Blink_Detection,Blink_Detection,recent_events,843973.170036,0.009029055945575237,68.12943401746452,843973.238155245,843973.238164274
world,Blink_Detection,Blink_Detection,recent_events,843973.203546,0.008933944627642632,70.58077410329133,843973.2741168,843973.274125734
world,Blink_Detection,Blink_Detection,recent_events,843973.237056,0.010035932064056396,69.14414290804416,843973.306189076,843973.306199112
world,Blink_Detection,Blink_Detection,recent_events,843973.270567,0.009729992598295212,71.60734292119741,843973.342163566,843973.342173296
world,Blink_Detection,Blink_Detection,recent_events,843973.304077,0.00914896372705698,70.09302102960646,843973.374159762,843973.374168911
world,Blink_Detection,Blink_Detection,recent_events,843973.337588,0.008962000720202923,68.7972999876365,843973.406375157,843973.406384119
world,Blink_Detection,Blink_Detection,recent_events,843973.371098,0.008897040970623493,71.05605199467391,843973.442144149,843973.442153046
world,Blink_Detection,Blink_Detection,recent_events,843973.404608,0.008863979019224644,69.3405200727284,843973.473938584,843973.473947448
world,Blink_Detection,Blink_Detection,recent_events,843973.438119,0.010718009434640408,67.91965791489929,843973.506026406,843973.506037124
world,Blink_Detection,Blink_Detection,recent_events,843973.471629,0.008924049325287342,70.3047689748928,843973.541923938,843973.541932862
world,Blink_Detection,Blink_Detection,recent_events,843973.50514,0.009284005500376225,69.03108896221966,843973.574160859,843973.574170143
world,Blink_Detection,Blink_Detection,recent_events,843973.53865,0.009724986739456654,71.3336979970336,843973.609972981,843973.609982706
world,Blink_Detection,Blink_Detection,recent_events,843973.57216,0.008409027941524982,69.75997507106513,843973.641910517,843973.641918926
world,Blink_Detection,Blink_Detection,recent_events,843973.605671,0.008370960131287575,68.20007204078138,843973.67386181,843973.673870181
world,Blink_Detection,Blink_Detection,recent_events,843973.639181,0.00889599323272705,70.71539107710123,843973.709886466,843973.709895362
world,Blink_Detection,Blink_Detection,recent_events,843973.672692,0.008587958291172981,69.45148389786482,843973.742133582,843973.74214217
world,Blink_Detection,Blink_Detection,recent_events,843973.706202,0.0030599767342209816,87.96367899049073,843973.794161653,843973.794164713
world,Blink_Detection,Blink_Detection,recent_events,843973.739712,0.003100023604929447,69.90327301900834,843973.809612001,843973.809615101
world,Blink_Detection,Blink_Detection,recent_events,843973.773223,0.0032710377126932144,68.37037694640458,843973.841589801,843973.841593072
world,Blink_Detection,Blink_Detection,recent_events,843973.806733,0.008987030014395714,71.32052397355437,843973.878043422,843973.878052409
world,Blink_Detection,Blink_Detection,recent_events,843973.840244,0.010099029168486595,70.11484203394502,843973.910347687,843973.910357786
world,Blink_Detection,Blink_Detection,recent_events,843973.873754,0.008887960575520992,68.15495702903718,843973.941899081,843973.941907969
world,Blink_Detection,Blink_Detection,recent_events,843973.907264,0.011224066838622093,70.6986979348585,843973.977949622,843973.977960846
world,Blink_Detection,Blink_Detection,recent_events,843973.940775,0.007882015779614449,69.13385901134461,843974.009899999,843974.009907881
world,Blink_Detection,Blink_Detection,recent_events,843973.974285,0.00875699333846569,67.60513002518564,843974.04188039,843974.041889147
world,Blink_Detection,Blink_Detection,recent_events,843974.007796,0.0032460084185004234,69.88632900174707,843974.077678839,843974.077682085
world,Blink_Detection,Blink_Detection,recent_events,843974.041306,0.003516091965138912,68.26819200068712,843974.10957048,843974.109573996
world,Blink_Detection,Blink_Detection,recent_events,843974.074816,0.009068986400961876,71.12429710105062,843974.145930067,843974.145939136
world,Blink_Detection,Blink_Detection,recent_events,843974.108327,0.01007493119686842,69.66019596438855,843974.177975401,843974.177985476
world,Blink_Detection,Blink_Detection,recent_events,843974.141837,0.009451992809772491,68.09422897640616,843974.20992083,843974.209930282
world,Blink_Detection,Blink_Detection,recent_events,843974.175348,0.008846982382237911,70.84419194143265,843974.246182361,843974.246191208
world,Blink_Detection,Blink_Detection,recent_events,843974.208858,0.02954003866761923,69.16376994922757,843974.277990815,843974.278020355
world,Blink_Detection,Blink_Detection,recent_events,843974.242368,0.009821029379963875,67.60969804599881,843974.309966748,843974.309976569
world,Blink_Detection,Blink_Detection,recent_events,843974.275879,0.00880297739058733,70.05454308819026,843974.345923782,843974.345932585
world,Blink_Detection,Blink_Detection,recent_events,843974.309389,0.008381088264286518,68.52693704422563,843974.377906623,843974.377915004
world,Blink_Detection,Blink_Detection,recent_events,843974.3429,0.007542083039879799,71.26667897682637,843974.414158335,843974.414165877
world,Blink_Detection,Blink_Detection,recent_events,843974.37641,0.002592918463051319,69.16219496633857,843974.445569345,843974.445571938
world,Blink_Detection,Blink_Detection,recent_events,843974.40992,0.010441988706588745,68.30396794248372,843974.478211733,843974.478222175
world,Blink_Detection,Blink_Detection,recent_events,843974.443431,0.020153005607426167,70.58421103283763,843974.513993958,843974.514014111
world,Blink_Detection,Blink_Detection,recent_events,843974.476941,0.009126029908657074,69.05901897698641,843974.545989273,843974.545998399
world,Blink_Detection,Blink_Detection,recent_events,843974.510452,0.008950009942054749,71.71669602394104,843974.582158524,843974.582167474
world,Blink_Detection,Blink_Detection,recent_events,843974.543962,0.01079007051885128,70.07906294893473,843974.614029188,843974.614039978
world,Blink_Detection,Blink_Detection,recent_events,843974.577472,0.008408911526203156,68.42445698566735,843974.645887059,843974.645895468
world,Blink_Detection,Blink_Detection,recent_events,843974.610983,0.008461996912956238,70.9565639263019,843974.681930168,843974.68193863
world,Blink_Detection,Blink_Detection,recent_events,843974.644493,0.008174916729331017,69.43754095118493,843974.713921271,843974.713929446
world,Blink_Detection,Blink_Detection,recent_events,843974.678004,0.008921953849494457,68.15384898800403,843974.746147801,843974.746156723
world,Blink_Detection,Blink_Detection,recent_events,843974.711514,0.010063988156616688,70.4803770640865,843974.781983246,843974.78199331
world,Blink_Detection,Blink_Detection,recent_events,843974.745024,0.008397968485951424,68.88351705856621,843974.813898112,843974.81390651
world,Blink_Detection,Blink_Detection,recent_events,843974.778535,0.0160320196300745,71.53641595505178,843974.850054245,843974.850070277
world,Blink_Detection,Blink_Detection,recent_events,843974.812045,0.01037493348121643,69.94359800592065,843974.88197711,843974.881987485
world,Blink_Detection,Blink_Detection,recent_events,843974.845556,0.00829098280519247,68.58344795182347,843974.914130214,843974.914138505
world,Blink_Detection,Blink_Detection,recent_events,843974.879066,0.008524046279489994,70.87708602193743,843974.949933221,843974.949941745
world,Blink_Detection,Blink_Detection,recent_events,843974.912576,0.009638024494051933,69.39547206275165,843974.981960584,843974.981970222
world,Blink_Detection,Blink_Detection,recent_events,843974.946087,0.008368049748241901,67.87060899659991,843975.013948147,843975.013956515
world,Blink_Detection,Blink_Detection,recent_events,843974.979597,0.00923406332731247,70.38890989497304,843975.049975714,843975.049984948
world,Blink_Detection,Blink_Detection,recent_events,843975.013108,0.009718001820147038,69.11465292796493,843975.082211562,843975.08222128
world,Blink_Detection,Blink_Detection,recent_events,843975.046618,0.00887096393853426,71.4114389847964,843975.118019511,843975.118028382
world,Blink_Detection,Blink_Detection,recent_events,843975.080128,0.008791917935013771,69.92849602829665,843975.150046505,843975.150055297
world,Blink_Detection,Blink_Detection,recent_events,843975.113639,0.010909046977758408,68.53198795579374,843975.182159035,843975.182169944
world,Blink_Detection,Blink_Detection,recent_events,843975.147149,0.008921022526919842,70.8019050071016,843975.217941055,843975.217949976
world,Blink_Detection,Blink_Detection,recent_events,843975.18066,0.009263050742447376,69.62022709194571,843975.250269883,843975.250279146
world,Blink_Detection,Blink_Detection,recent_events,843975.21417,0.008631031960248947,67.79720797203481,843975.281957385,843975.281966016
world,Blink_Detection,Blink_Detection,recent_events,843975.24768,0.009120907634496689,70.37974800914526,843975.318049796,843975.318058917
world,Blink_Detection,Blink_Detection,recent_events,843975.281191,0.009343959391117096,68.89010302256793,843975.35007075,843975.350080094
world,Blink_Detection,Blink_Detection,recent_events,843975.314701,0.00820099376142025,71.29143294878304,843975.385983268,843975.385991469
world,Blink_Detection,Blink_Detection,recent_events,843975.348212,0.008168979547917843,69.96100407559425,843975.418163845,843975.418172014
world,Blink_Detection,Blink_Detection,recent_events,843975.381722,0.009719980880618095,68.33739404100925,843975.450048484,843975.450058204
world,Blink_Detection,Blink_Detection,recent_events,843975.415232,0.0031120143830776215,70.43073396198452,843975.48565932,843975.485662432
world,Blink_Detection,Blink_Detection,recent_events,843975.448743,0.004017027094960213,68.91035591252148,843975.517649077,843975.517653094
world,Blink_Detection,Blink_Detection,recent_events,843975.482253,0.0026939669623970985,67.34034395776689,843975.549590445,843975.549593139
world,Blink_Detection,Blink_Detection,recent_events,843975.515764,0.009372015483677387,70.47076197341084,843975.586224274,843975.586233646
world,Blink_Detection,Blink_Detection,recent_events,843975.549274,0.009442097507417202,68.67388903629035,843975.617937394,843975.617946836
world,Blink_Detection,Blink_Detection,recent_events,843975.582784,0.017628073692321777,71.39149203430861,843975.654156921,843975.654174549
world,Blink_Detection,Blink_Detection,recent_events,843975.616295,0.01139508094638586,69.81917598750442,843975.686101783,843975.686113178
world,Blink_Detection,Blink_Detection,recent_events,843975.649805,0.00868295319378376,68.27102089300752,843975.718066351,843975.718075034
world,Blink_Detection,Blink_Detection,recent_events,843975.683316,0.008878996595740318,71.03173492942005,843975.754337716,843975.754346595
world,Blink_Detection,Blink_Detection,recent_events,843975.716826,0.008890056051313877,69.2842670250684,843975.786100414,843975.786109304
world,Blink_Detection,Blink_Detection,recent_events,843975.750336,0.008700997568666935,67.75694200769067,843975.818082954,843975.818091655
world,Blink_Detection,Blink_Detection,recent_events,843975.783847,0.009617069736123085,70.26467297691852,843975.854101114,843975.854110731
world,Blink_Detection,Blink_Detection,recent_events,843975.817357,0.008812989108264446,68.75533703714609,843975.886102584,843975.886111397
world,Blink_Detection,Blink_Detection,recent_events,843975.850868,0.009337090887129307,71.36766100302339,843975.922225148,843975.922234485
world,Blink_Detection,Blink_Detection,recent_events,843975.884378,0.00896397978067398,69.65667090844363,843975.954024582,843975.954033546
world,Blink_Detection,Blink_Detection,recent_events,843975.917888,0.00866700429469347,68.1103109382093,843975.985988329,843975.985996996
world,Blink_Detection,Blink_Detection,recent_events,843975.951399,0.020935898646712303,70.62024693004787,843976.021997248,843976.022018184
world,Blink_Detection,Blink_Detection,recent_events,843975.984909,0.008755014277994633,69.07033803872764,843976.053969529,843976.053978284
world,Blink_Detection,Blink_Detection,recent_events,843976.01842,0.009577954187989235,71.84207404498011,843976.090251193,843976.090260771
world,Blink_Detection,Blink_Detection,recent_events,843976.05193,0.009494018740952015,70.0681540183723,843976.121987352,843976.121996846
world,Blink_Detection,Blink_Detection,recent_events,843976.08544,0.009121955372393131,68.62421194091439,843976.154053999,843976.154063121
world,Blink_Detection,Blink_Detection,recent_events,843976.118951,0.008500064723193645,71.08041597530246,843976.190021955,843976.190030455
world,Blink_Detection,Blink_Detection,recent_events,843976.152461,0.007956055924296379,69.49571100994945,843976.221947836,843976.221955792
world,Blink_Detection,Blink_Detection,recent_events,843976.185972,0.008747098036110401,68.33903200458735,843976.254301025,843976.254309772
world,Blink_Detection,Blink_Detection,recent_events,843976.219482,0.0027141068130731583,70.23906102403998,843976.289718104,843976.289720818
world,Blink_Detection,Blink_Detection,recent_events,843976.252992,0.003829016350209713,68.77485499717295,843976.321762767,843976.321766596
world,Blink_Detection,Blink_Detection,recent_events,843976.286503,0.004210043698549271,71.22714701108634,843976.357725533,843976.357729743
world,Blink_Detection,Blink_Detection,recent_events,843976.320013,0.012381933629512787,70.19243889953941,843976.390191928,843976.39020431
world,Blink_Detection,Blink_Detection,recent_events,843976.353524,0.0032639363780617714,68.19490191992372,843976.421715433,843976.421718697
world,Blink_Detection,Blink_Detection,recent_events,843976.387034,0.009262003004550934,71.14317093510181,843976.458167026,843976.458176288
world,Blink_Detection,Blink_Detection,recent_events,843976.420544,0.010065967217087746,69.61358501575887,843976.49014649,843976.490156556
world,Blink_Detection,Blink_Detection,recent_events,843976.454055,0.0031440285965800285,67.70291598513722,843976.521754531,843976.521757675
world,Blink_Detection,Blink_Detection,recent_events,843976.487565,0.0051299575716257095,70.23920002393425,843976.557798487,843976.557803617
world,Blink_Detection,Blink_Detection,recent_events,843976.521076,0.008748960681259632,69.43412299733609,843976.590500283,843976.590509032
world,Blink_Detection,Blink_Detection,recent_events,843976.554586,0.008894945494830608,71.53350592125207,843976.626109577,843976.626118472
world,Blink_Detection,Blink_Detection,recent_events,843976.588096,0.009180977940559387,69.96962195262313,843976.658055403,843976.658064584
world,Blink_Detection,Blink_Detection,recent_events,843976.621607,0.007175025530159473,68.32278694491833,843976.689921908,843976.689929083
world,Blink_Detection,Blink_Detection,recent_events,843976.655117,0.002532033249735832,70.51337999291718,843976.725627609,843976.725630141
world,Blink_Detection,Blink_Detection,recent_events,843976.688628,0.0034170225262641907,69.13985300343484,843976.757764164,843976.757767581
world,Blink_Detection,Blink_Detection,recent_events,843976.722138,0.007661059498786926,67.81842908822,843976.789948058,843976.789955719
world,Blink_Detection,Blink_Detection,recent_events,843976.755648,0.009104027412831783,70.52783796098083,843976.826165588,843976.826174692
world,Blink_Detection,Blink_Detection,recent_events,843976.789159,0.008387956768274307,68.85465700179338,843976.857990799,843976.857999187
world,Blink_Detection,Blink_Detection,recent_events,843976.822669,0.002482091076672077,71.00255403202027,843976.893668877,843976.893671359
world,Blink_Detection,Blink_Detection,recent_events,843976.85618,0.00706198625266552,70.00089599750936,843976.926173124,843976.926180186
world,Blink_Detection,Blink_Detection,recent_events,843976.88969,0.00880600418895483,68.30643606372178,843976.957986541,843976.957995347
world,Blink_Detection,Blink_Detection,recent_events,843976.9232,0.009677023626863956,70.85514906793833,843976.994044496,843976.994054173
world,Blink_Detection,Blink_Detection,recent_events,843976.956711,0.011223950423300266,69.54946101177484,843977.02624707,843977.026258294
world,Blink_Detection,Blink_Detection,recent_events,843976.990221,0.005483976565301418,67.60776694864035,843977.057822576,843977.05782806
world,Blink_Detection,Blink_Detection,recent_events,843977.023732,0.010982039384543896,70.68411400541663,843977.094403885,843977.094414867
world,Blink_Detection,Blink_Detection,recent_events,843977.057242,0.004674075171351433,68.53489903733134,843977.125771864,843977.125776538
world,Blink_Detection,Blink_Detection,recent_events,843977.090752,0.011118012480437756,71.35325705166906,843977.162093001,843977.162104119
world,Blink_Detection,Blink_Detection,recent_events,843977.124263,0.009931041859090328,69.96501400135458,843977.194216025,843977.194225956
world,Blink_Detection,Blink_Detection,recent_events,843977.157773,0.010286923497915268,68.37357603944838,843977.226135232,843977.226145519
world,Blink_Detection,Blink_Detection,recent_events,843977.191284,0.008412054739892483,71.07681408524513,843977.262351426,843977.262359838
world,Blink_Detection,Blink_Detection,recent_events,843977.224794,0.008678995072841644,69.25547192804515,843977.294039937,843977.294048616
world,Blink_Detection,Blink_Detection,recent_events,843977.258304,0.0041209859773516655,67.44890997651964,843977.325748521,843977.325752642
world,Blink_Detection,Blink_Detection,recent_events,843977.291815,0.01229904592037201,70.38821594323963,843977.362189734,843977.362202033
world,Blink_Detection,Blink_Detection,recent_events,843977.325325,0.002856017090380192,68.38267005514354,843977.393704606,843977.393707462
world,Blink_Detection,Blink_Detection,recent_events,843977.358836,0.00782799907028675,71.46489201113582,843977.430292301,843977.430300129
world,Blink_Detection,Blink_Detection,recent_events,843977.392346,0.009548035450279713,69.82063502073288,843977.462155889,843977.462165437
world,Blink_Detection,Blink_Detection,recent_events,843977.425856,0.011432915925979614,68.2300339685753,843977.494072983,843977.494084416
world,Blink_Detection,Blink_Detection,recent_events,843977.459367,0.009695999324321747,70.71627292316407,843977.530072396,843977.530082092
world,Blink_Detection,Blink_Detection,recent_events,843977.492877,0.00928796362131834,69.18543903157115,843977.562052197,843977.562061485
world,Blink_Detection,Blink_Detection,recent_events,843977.526388,0.009356997907161713,71.95618294645101,843977.598333732,843977.598343089
world,Blink_Detection,Blink_Detection,recent_events,843977.559898,0.008119037374854088,70.0711919926107,843977.629960201,843977.62996832
world,Blink_Detection,Blink_Detection,recent_events,843977.593408,0.0044889748096466064,68.4593910118565,843977.661862405,843977.661866894
world,Blink_Detection,Blink_Detection,recent_events,843977.626919,0.005217036232352257,70.99852000828832,843977.69791178,843977.697916997
world,Blink_Detection,Blink_Detection,recent_events,843977.660429,0.004807952791452408,69.43869194947183,843977.729862372,843977.72986718
world,Blink_Detection,Blink_Detection,recent_events,843977.69394,0.003859051503241062,67.95120902825147,843977.761887098,843977.761890957
world,Blink_Detection,Blink_Detection,recent_events,843977.72745,0.002953922376036644,70.24933898355812,843977.797696121,843977.797699075
world,Blink_Detection,Blink_Detection,recent_events,843977.76096,0.004542991518974304,68.83233797270805,843977.829787403,843977.829791946
world,Blink_Detection,Blink_Detection,recent_events,843977.827981,0.00454997643828392,80.80210804473609,843977.9087781,843977.90878265
world,Blink_Detection,Blink_Detection,recent_events,843977.861492,0.003622029908001423,68.22316895704716,843977.929711288,843977.92971491
world,Blink_Detection,Blink_Detection,recent_events,843977.895002,0.003492925316095352,70.851607946679,843977.965849851,843977.965853344
world,Blink_Detection,Blink_Detection,recent_events,843977.928512,0.004585017450153828,69.31339798029512,843977.997820506,843977.997825091
world,Blink_Detection,Blink_Detection,recent_events,843977.962023,0.004849978722631931,67.91566801257432,843978.029933342,843978.029938192
world,Blink_Detection,Blink_Detection,recent_events,843977.995533,0.004875939339399338,70.4255560413003,843978.065953237,843978.065958113
world,Blink_Detection,Blink_Detection,recent_events,843978.029044,0.004658009856939316,68.85365606285632,843978.097892515,843978.097897173
world,Blink_Detection,Blink_Detection,recent_events,843978.062554,0.004722969606518745,71.59354106988758,843978.134142263,843978.134146986
world,Blink_Detection,Blink_Detection,recent_events,843978.096064,0.004680943675339222,69.85752796754241,843978.165916336,843978.165921017
world,Blink_Detection,Blink_Detection,recent_events,843978.129575,0.004481058567762375,68.35155701264739,843978.197921588,843978.197926069
world,Blink_Detection,Blink_Detection,recent_events,843978.163085,0.004488043487071991,70.84786798804998,843978.233927912,843978.2339324
world,Blink_Detection,Blink_Detection,recent_events,843978.196596,0.0037390273064374924,69.24825999885798,843978.265840234,843978.265843973
world,Blink_Detection,Blink_Detection,recent_events,843978.230106,0.0030159717425704002,67.78200797270983,843978.297884788,843978.297887804
world,Blink_Detection,Blink_Detection,recent_events,843978.263616,0.0038800062611699104,70.18404605332762,843978.333795978,843978.333799858
world,Blink_Detection,Blink_Detection,recent_events,843978.297127,0.003778957761824131,73.00973089877516,843978.37013276,843978.370136539
world,Blink_Detection,Blink_Detection,recent_events,843978.330637,0.0036190031096339226,71.24103291425854,843978.401874158,843978.401877777
world,Blink_Detection,Blink_Detection,recent_events,843978.364148,0.0027579953894019127,69.70148393884301,843978.43384653,843978.433849288
world,Blink_Detection,Blink_Detection,recent_events,843978.397658,0.002908986061811447,68.24204395525157,843978.465896905,843978.465899814
world,Blink_Detection,Blink_Detection,recent_events,843978.431168,0.0039280857890844345,70.73321903590113,843978.501897094,843978.501901022
world,Blink_Detection,Blink_Detection,recent_events,843978.464679,0.0035780249163508415,69.1903909901157,843978.53386552,843978.533869098
world,Blink_Detection,Blink_Detection,recent_events,843978.498189,0.004075933247804642,68.07251507416368,843978.566257226,843978.566261302
world,Display_Recent_Gaze,Display_Recent_Gaze,gl_display,0.0,0.0004069879651069641,0.0004069879651069641,843973.797156491,843973.797156898
world,Display_Recent_Gaze,Display_Recent_Gaze,recent_events,843973.739712,0.0011119991540908813,69.89884295035154,843973.809609447,843973.809610559
world,Display_Recent_Gaze,Display_Recent_Gaze,recent_events,843973.773223,0.0012720702216029167,68.36519599892199,843973.841586547,843973.841587819
world,Display_Recent_Gaze,Display_Recent_Gaze,gl_display,0.0,0.00048300717025995255,0.00048300717025995255,843973.844549806,843973.844550289
world,Display_Recent_Gaze,Display_Recent_Gaze,recent_events,843973.806733,0.003659049980342388,71.3057960383594,843973.878034074,843973.878037733
world,Display_Recent_Gaze,Display_Recent_Gaze,gl_display,0.0,0.0010200310498476028,0.0010200310498476028,843973.892426848,843973.892427868
world,Display_Recent_Gaze,Display_Recent_Gaze,recent_events,843973.840244,0.004606088623404503,70.09905308950692,843973.910337447,843973.910342053
world,Display_Recent_Gaze,Display_Recent_Gaze,gl_display,0.0,0.0008540228009223938,0.0008540228009223938,843973.922853803,843973.922854657
world,Display_Recent_Gaze,Display_Recent_Gaze,recent_events,843973.873754,0.003863009624183178,68.14058101736009,843973.941889667,843973.94189353
world,Display_Recent_Gaze,Display_Recent_Gaze,gl_display,0.0,0.0018159626051783562,0.0018159626051783562,843973.954137042,843973.954138858
world,Display_Recent_Gaze,Display_Recent_Gaze,recent_events,843973.907264,0.0059980666264891624,70.67918195389211,843973.977928472,843973.97793447
world,Display_Recent_Gaze,Display_Recent_Gaze,gl_display,0.0,0.001961016096174717,0.001961016096174717,843973.989459431,843973.989461392
world,Display_Recent_Gaze,Display_Recent_Gaze,recent_events,843973.940775,0.0038750004023313522,69.12104599177837,843974.00989106,843974.009894935
world,Display_Recent_Gaze,Display_Recent_Gaze,gl_display,0.0,0.0015479745343327522,0.0015479745343327522,843974.020389898,843974.020391446
world,Display_Recent_Gaze,Display_Recent_Gaze,recent_events,843973.974285,0.003883964382112026,67.59157998021692,843974.041871688,843974.041875572
world,Display_Recent_Gaze,Display_Recent_Gaze,gl_display,0.0,0.0015669502317905426,0.0015669502317905426,843974.052148155,843974.052149722
world,Display_Recent_Gaze,Display_Recent_Gaze,recent_events,843974.007796,0.0014289980754256248,69.88098297733814,843974.077675366,843974.077676795
world,Display_Recent_Gaze,Display_Recent_Gaze,gl_display,0.0,0.00037404242902994156,0.00037404242902994156,843974.079907512,843974.079907886
world,Display_Recent_Gaze,Display_Recent_Gaze,recent_events,843974.041306,0.0017440179362893105,68.26279102824628,843974.109566792,843974.109568536
world,Display_Recent_Gaze,Display_Recent_Gaze,gl_display,0.0,0.0005509937182068825,0.0005509937182068825,843974.111780217,843974.111780768
world,Display_Recent_Gaze,Display_Recent_Gaze,recent_events,843974.074816,0.004941015504300594,71.10931107308716,843974.145918908,843974.145923849
world,Display_Recent_Gaze,Display_Recent_Gaze,gl_display,0.0,0.0015390105545520782,0.0015390105545520782,843974.156325508,843974.156327047
world,Display_Recent_Gaze,Display_Recent_Gaze,recent_events,843974.108327,0.004641013219952583,69.64246893767267,843974.177963405,843974.177968046
world,Display_Recent_Gaze,Display_Recent_Gaze,gl_display,0.0,0.0010819640010595322,0.0010819640010595322,843974.188297832,843974.188298914
world,Display_Recent_Gaze,Display_Recent_Gaze,recent_events,843974.141837,0.004625995643436909,68.07968497741967,843974.209910839,843974.209915465
world,Display_Recent_Gaze,Display_Recent_Gaze,gl_display,0.0,0.0013080425560474396,0.0013080425560474396,843974.220109026,843974.220110334
world,Display_Recent_Gaze,Display_Recent_Gaze,recent_events,843974.175348,0.004441011697053909,70.83006703760475,843974.246172685,843974.246177126
world,Display_Recent_Gaze,Display_Recent_Gaze,gl_display,0.0,0.0018990831449627876,0.0018990831449627876,843974.256522795,843974.256524694
world,Display_Recent_Gaze,Display_Recent_Gaze,recent_events,843974.208858,0.003931927494704723,69.12799994461238,843974.277981198,843974.27798513
world,Display_Recent_Gaze,Display_Recent_Gaze,gl_display,0.0,0.0019449507817626,0.0019449507817626,843974.288409197,843974.288411142
world,Display_Recent_Gaze,Display_Recent_Gaze,recent_events,843974.242368,0.0038139987736940384,67.59428500663489,843974.309957483,843974.309961297
world,Display_Recent_Gaze,Display_Recent_Gaze,gl_display,0.0,0.0011300435289740562,0.0011300435289740562,843974.320119216,843974.320120346
world,Display_Recent_Gaze,Display_Recent_Gaze,recent_events,843974.275879,0.0037410063669085503,70.04039909224957,843974.345914636,843974.345918377
world,Display_Recent_Gaze,Display_Recent_Gaze,gl_display,0.0,0.0012590317055583,0.0012590317055583,843974.357301052,843974.357302311
world,Display_Recent_Gaze,Display_Recent_Gaze,recent_events,843974.309389,0.003471970558166504,68.5133810620755,843974.377897965,843974.377901437
world,Display_Recent_Gaze,Display_Recent_Gaze,gl_display,0.0,0.0012950040400028229,0.0012950040400028229,843974.38848939,843974.388490685
world,Display_Recent_Gaze,Display_Recent_Gaze,recent_events,843974.3429,0.003435998223721981,71.25388400163502,843974.414149529,843974.414152965
world,Display_Recent_Gaze,Display_Recent_Gaze,gl_display,0.0,0.0007729977369308472,0.0007729977369308472,843974.422592983,843974.422593756
world,Display_Recent_Gaze,Display_Recent_Gaze,recent_events,843974.37641,0.0009019859135150909,69.1580509301275,843974.445566924,843974.445567826
world,Display_Recent_Gaze,Display_Recent_Gaze,gl_display,0.0,0.0005710171535611153,0.0005710171535611153,843974.447929727,843974.447930298
world,Display_Recent_Gaze,Display_Recent_Gaze,recent_events,843974.40992,0.004849978722631931,68.28337605111301,843974.47819682,843974.47820167
world,Display_Recent_Gaze,Display_Recent_Gaze,gl_display,0.0,0.0020120060071349144,0.0020120060071349144,843974.491966251,843974.491968263
world,Display_Recent_Gaze,Display_Recent_Gaze,recent_events,843974.443431,0.004185945726931095,70.55875600781292,843974.513984494,843974.51398868
world,Display_Recent_Gaze,Display_Recent_Gaze,gl_display,0.0,0.001611071638762951,0.001611071638762951,843974.525774329,843974.52577594
world,Display_Recent_Gaze,Display_Recent_Gaze,recent_events,843974.476941,0.003751949407160282,69.04365203808993,843974.545979744,843974.545983496
world,Display_Recent_Gaze,Display_Recent_Gaze,gl_display,0.0,0.0018230639398097992,0.0018230639398097992,843974.557538944,843974.557540767
world,Display_Recent_Gaze,Display_Recent_Gaze,recent_events,843974.510452,0.0038370490074157715,71.70204806607217,843974.582149218,843974.582153055
world,Display_Recent_Gaze,Display_Recent_Gaze,gl_display,0.0,0.0020760344341397285,0.0020760344341397285,843974.593619744,843974.59362182
world,Display_Recent_Gaze,Display_Recent_Gaze,recent_events,843974.543962,0.004927976988255978,70.06246189121157,843974.614018623,843974.614023551
world,Display_Recent_Gaze,Display_Recent_Gaze,gl_display,0.0,0.0021740561351180077,0.0021740561351180077,843974.625650181,843974.625652355
world,Display_Recent_Gaze,Display_Recent_Gaze,recent_events,843974.577472,0.003864988684654236,68.41092393733561,843974.645878103,843974.645881968
world,Display_Recent_Gaze,Display_Recent_Gaze,gl_display,0.0,0.0016289995983242989,0.0016289995983242989,843974.656813139,843974.656814768
world,Display_Recent_Gaze,Display_Recent_Gaze,recent_events,843974.610983,0.004349043592810631,70.93579194042832,843974.681913557,843974.681917906
world,Display_Recent_Gaze,Display_Recent_Gaze,gl_display,0.0,0.0017129350453615189,0.0017129350453615189,843974.692874592,843974.692876305
world,Display_Recent_Gaze,Display_Recent_Gaze,recent_events,843974.644493,0.0038549769669771194,69.42417903337628,843974.713912414,843974.713916269
world,Display_Recent_Gaze,Display_Recent_Gaze,gl_display,0.0,0.0012649688869714737,0.0012649688869714737,843974.724761246,843974.724762511
world,Display_Recent_Gaze,Display_Recent_Gaze,recent_events,843974.678004,0.004071975126862526,68.139060982503,843974.74613798,843974.746142052
world,Display_Recent_Gaze,Display_Recent_Gaze,gl_display,0.0,0.0016780104488134384,0.0016780104488134384,843974.756812032,843974.75681371
world,Display_Recent_Gaze,Display_Recent_Gaze,recent_events,843974.711514,0.004573957994580269,70.46493608504534,843974.781973392,843974.781977966
world,Display_Recent_Gaze,Display_Recent_Gaze,gl_display,0.0,0.001569977030158043,0.001569977030158043,843974.792854078,843974.792855648
world,Display_Recent_Gaze,Display_Recent_Gaze,recent_events,843974.745024,0.003825058229267597,68.86970903724432,843974.813888858,843974.813892683
world,Display_Recent_Gaze,Display_Recent_Gaze,gl_display,0.0,0.0014540273696184158,0.0014540273696184158,843974.824122839,843974.824124293
world,Display_Recent_Gaze,Display_Recent_Gaze,recent_events,843974.778535,0.004259985871613026,71.51522289495915,843974.850044908,843974.850049168
world,Display_Recent_Gaze,Display_Recent_Gaze,gl_display,0.0,0.0021889572963118553,0.0021889572963118553,843974.860733308,843974.860735497
world,Display_Recent_Gaze,Display_Recent_Gaze,recent_events,843974.812045,0.004507950507104397,69.92522301152349,843974.881964653,843974.881969161
world,Display_Recent_Gaze,Display_Recent_Gaze,gl_display,0.0,0.0017830170691013336,0.0017830170691013336,843974.892199797,843974.89220158
world,Display_Recent_Gaze,Display_Recent_Gaze,recent_events,843974.845556,0.004037981852889061,68.57002596370876,843974.914120937,843974.914124975
world,Display_Recent_Gaze,Display_Recent_Gaze,gl_display,0.0,0.0018540304154157639,0.0018540304154157639,843974.924982416,843974.92498427
world,Display_Recent_Gaze,Display_Recent_Gaze,recent_events,843974.879066,0.004147994332015514,70.86159405298531,843974.949922088,843974.949926236
world,Display_Recent_Gaze,Display_Recent_Gaze,gl_display,0.0,0.0018400605767965317,0.0018400605767965317,843974.960596017,843974.960597857
world,Display_Recent_Gaze,Display_Recent_Gaze,recent_events,843974.912576,0.00411702785640955,69.37934400048107,843974.981950041,843974.981954158
world,Display_Recent_Gaze,Display_Recent_Gaze,gl_display,0.0,0.0015820842236280441,0.0015820842236280441,843974.992229985,843974.992231567
world,Display_Recent_Gaze,Display_Recent_Gaze,recent_events,843974.946087,0.0036439159885048866,67.85634905099869,843975.013938697,843975.013942341
world,Display_Recent_Gaze,Display_Recent_Gaze,gl_display,0.0,0.002005952410399914,0.002005952410399914,843975.024164223,843975.024166229
world,Display_Recent_Gaze,Display_Recent_Gaze,recent_events,843974.979597,0.004244968295097351,70.36670797970146,843975.04995828,843975.049962525
world,Display_Recent_Gaze,Display_Recent_Gaze,gl_display,0.0,0.00047101639211177826,0.00047101639211177826,843975.057435878,843975.057436349
world,Display_Recent_Gaze,Display_Recent_Gaze,recent_events,843975.013108,0.003944034688174725,69.09777398686856,843975.082200739,843975.082204683
world,Display_Recent_Gaze,Display_Recent_Gaze,gl_display,0.0,0.002279062755405903,0.002279062755405903,843975.092551232,843975.092553511
world,Display_Recent_Gaze,Display_Recent_Gaze,recent_events,843975.046618,0.01646997407078743,71.39708194881678,843975.117997551,843975.118014021
world,Display_Recent_Gaze,Display_Recent_Gaze,gl_display,0.0,0.0004390021786093712,0.0004390021786093712,843975.12750653,843975.127506969
world,Display_Recent_Gaze,Display_Recent_Gaze,recent_events,843975.080128,0.003663008101284504,69.9143239762634,843975.15003761,843975.150041273
world,Display_Recent_Gaze,Display_Recent_Gaze,gl_display,0.0,0.001634005457162857,0.001634005457162857,843975.160558593,843975.160560227
world,Display_Recent_Gaze,Display_Recent_Gaze,recent_events,843975.113639,0.004121917299926281,68.51508503314108,843975.182149042,843975.182153164
world,Display_Recent_Gaze,Display_Recent_Gaze,gl_display,0.0,0.0019100261852145195,0.0019100261852145195,843975.192631152,843975.192633062
world,Display_Recent_Gaze,Display_Recent_Gaze,recent_events,843975.147149,0.0039800070226192474,70.78796601854265,843975.217931988,843975.217935968
world,Display_Recent_Gaze,Display_Recent_Gaze,gl_display,0.0,0.0016669509932398796,0.0016669509932398796,843975.228157363,843975.22815903
world,Display_Recent_Gaze,Display_Recent_Gaze,recent_events,843975.18066,0.0037990976125001907,69.6054520085454,843975.250260482,843975.250264281
world,Display_Recent_Gaze,Display_Recent_Gaze,gl_display,0.0,0.0021209707483649254,0.0021209707483649254,843975.261429503,843975.261431624
world,Display_Recent_Gaze,Display_Recent_Gaze,recent_events,843975.21417,0.0038589350879192352,67.78326991479844,843975.281948414,843975.281952273
world,Display_Recent_Gaze,Display_Recent_Gaze,gl_display,0.0,0.001925043761730194,0.001925043761730194,843975.292240561,843975.292242486
world,Display_Recent_Gaze,Display_Recent_Gaze,recent_events,843975.24768,0.004731933586299419,70.36501297261566,843975.318039327,843975.318044059
world,Display_Recent_Gaze,Display_Recent_Gaze,gl_display,0.0,0.004095025360584259,0.004095025360584259,843975.328389777,843975.328393872
world,Display_Recent_Gaze,Display_Recent_Gaze,recent_events,843975.281191,0.00447896309196949,68.8740749610588,843975.350059599,843975.350064078
world,Display_Recent_Gaze,Display_Recent_Gaze,gl_display,0.0,0.0016229460015892982,0.0016229460015892982,843975.360499017,843975.36050064
world,Display_Recent_Gaze,Display_Recent_Gaze,recent_events,843975.314701,0.0040460145100951195,71.278020972386,843975.385973598,843975.385977644
world,Display_Recent_Gaze,Display_Recent_Gaze,gl_display,0.0,0.0016479752957820892,0.0016479752957820892,843975.39623741,843975.396239058
world,Display_Recent_Gaze,Display_Recent_Gaze,recent_events,843975.348212,0.003908062353730202,69.94747801218182,843975.418154412,843975.41815832
world,Display_Recent_Gaze,Display_Recent_Gaze,gl_display,0.0,0.0018299324437975883,0.0018299324437975883,843975.42844574,843975.42844757
world,Display_Recent_Gaze,Display_Recent_Gaze,recent_events,843975.381722,0.004248926416039467,68.32225504331291,843975.450039003,843975.450043252
world,Display_Recent_Gaze,Display_Recent_Gaze,gl_display,0.0,0.0020420411601662636,0.0020420411601662636,843975.460815453,843975.460817495
world,Display_Recent_Gaze,Display_Recent_Gaze,recent_events,843975.415232,0.0012801028788089752,70.4256899189204,843975.48565618,843975.48565746
world,Display_Recent_Gaze,Display_Recent_Gaze,gl_display,0.0,0.0006249174475669861,0.0006249174475669861,843975.487964704,843975.487965329
world,Display_Recent_Gaze,Display_Recent_Gaze,recent_events,843975.448743,0.0013540266081690788,68.90443596057594,843975.517645805,843975.517647159
world,Display_Recent_Gaze,Display_Recent_Gaze,gl_display,0.0,0.0005189795047044754,0.0005189795047044754,843975.519815836,843975.519816355
world,Display_Recent_Gaze,Display_Recent_Gaze,recent_events,843975.482253,0.001134001649916172,67.3359869979322,843975.549587617,843975.549588751
world,Display_Recent_Gaze,Display_Recent_Gaze,gl_display,0.0,0.0005849869921803474,0.0005849869921803474,843975.551874247,843975.551874832
world,Display_Recent_Gaze,Display_Recent_Gaze,recent_events,843975.515764,0.004631001502275467,70.45557303354144,843975.586214143,843975.586218774
world,Display_Recent_Gaze,Display_Recent_Gaze,gl_display,0.0,0.001442967914044857,0.001442967914044857,843975.596607308,843975.596608751
world,Display_Recent_Gaze,Display_Recent_Gaze,recent_events,843975.549274,0.004168017767369747,68.65837902296335,843975.617927158,843975.617931326
world,Display_Recent_Gaze,Display_Recent_Gaze,gl_display,0.0,0.0018869759514927864,0.0018869759514927864,843975.628222667,843975.628224554
world,Display_Recent_Gaze,Display_Recent_Gaze,recent_events,843975.582784,0.0052229734137654305,71.36797101702541,843975.654145346,843975.654150569
world,Display_Recent_Gaze,Display_Recent_Gaze,gl_display,0.0,0.0018760329112410545,0.0018760329112410545,843975.664550943,843975.664552819
world,Display_Recent_Gaze,Display_Recent_Gaze,recent_events,843975.616295,0.0036320416256785393,69.80157399084419,843975.686092103,843975.686095735
world,Display_Recent_Gaze,Display_Recent_Gaze,gl_display,0.0,0.001885928213596344,0.001885928213596344,843975.696738466,843975.696740352
world,Display_Recent_Gaze,Display_Recent_Gaze,recent_events,843975.649805,0.003924942575395107,68.25711694546044,843975.718057313,843975.718061238
world,Display_Recent_Gaze,Display_Recent_Gaze,gl_display,0.0,0.0017129350453615189,0.0017129350453615189,843975.728671259,843975.728672972
world,Display_Recent_Gaze,Display_Recent_Gaze,recent_events,843975.683316,0.00394799280911684,71.01728790439665,843975.754328281,843975.754332229
world,Display_Recent_Gaze,Display_Recent_Gaze,gl_display,0.0,0.002154032699763775,0.002154032699763775,843975.764939663,843975.764941817
world,Display_Recent_Gaze,Display_Recent_Gaze,recent_events,843975.716826,0.0035279663279652596,69.26952698267996,843975.786091116,843975.786094644
world,Display_Recent_Gaze,Display_Recent_Gaze,gl_display,0.0,0.0013139797374606133,0.0013139797374606133,843975.796549449,843975.796550763
world,Display_Recent_Gaze,Display_Recent_Gaze,recent_events,843975.750336,0.003976980224251747,67.74275505449623,843975.818073769,843975.818077746
world,Display_Recent_Gaze,Display_Recent_Gaze,gl_display,0.0,0.0014191027730703354,0.0014191027730703354,843975.828411602,843975.828413021
world,Display_Recent_Gaze,Display_Recent_Gaze,recent_events,843975.783847,0.004190951585769653,70.24931302294135,843975.854090841,843975.854095032
world,Display_Recent_Gaze,Display_Recent_Gaze,gl_display,0.0,0.001484062522649765,0.001484062522649765,843975.864686742,843975.864688226
world,Display_Recent_Gaze,Display_Recent_Gaze,recent_events,843975.817357,0.004121917299926281,68.74134507961571,843975.886093009,843975.886097131
world,Display_Recent_Gaze,Display_Recent_Gaze,gl_display,0.0,0.0016669509932398796,0.0016669509932398796,843975.899309523,843975.89931119
world,Display_Recent_Gaze,Display_Recent_Gaze,recent_events,843975.850868,0.003921915777027607,71.35274808388203,843975.922215727,843975.922219649
world,Display_Recent_Gaze,Display_Recent_Gaze,gl_display,0.0,0.0013789394870400429,0.0013789394870400429,843975.93435601,843975.934357389
world,Display_Recent_Gaze,Display_Recent_Gaze,recent_events,843975.884378,0.003963010385632515,69.62209090124816,843975.953995059,843975.953999022
world,Display_Recent_Gaze,Display_Recent_Gaze,gl_display,0.0,0.0010849907994270325,0.0010849907994270325,843975.965757275,843975.96575836
world,Display_Recent_Gaze,Display_Recent_Gaze,recent_events,843975.917888,0.0044889748096466064,68.09466402046382,843975.985976567,843975.985981056
world,Display_Recent_Gaze,Display_Recent_Gaze,gl_display,0.0,0.001035979948937893,0.001035979948937893,843975.997434667,843975.997435703
world,Display_Recent_Gaze,Display_Recent_Gaze,recent_events,843975.951399,0.004820059984922409,70.59237896464765,843976.02198507,843976.02198989
world,Display_Recent_Gaze,Display_Recent_Gaze,gl_display,0.0,0.001786043867468834,0.001786043867468834,843976.033980573,843976.033982359
world,Display_Recent_Gaze,Display_Recent_Gaze,recent_events,843975.984909,0.003759050741791725,69.05569101218134,843976.053959698,843976.053963457
world,Display_Recent_Gaze,Display_Recent_Gaze,gl_display,0.0,0.001227017492055893,0.001227017492055893,843976.065466603,843976.06546783
world,Display_Recent_Gaze,Display_Recent_Gaze,recent_events,843976.01842,0.004122965037822723,71.82611303869635,843976.090240833,843976.090244956
world,Display_Recent_Gaze,Display_Recent_Gaze,gl_display,0.0,0.001983949914574623,0.001983949914574623,843976.102289251,843976.102291235
world,Display_Recent_Gaze,Display_Recent_Gaze,recent_events,843976.05193,0.004637986421585083,70.0524509884417,843976.121976658,843976.121981296
world,Display_Recent_Gaze,Display_Recent_Gaze,gl_display,0.0,0.0015280675143003464,0.0015280675143003464,843976.133694824,843976.133696352
world,Display_Recent_Gaze,Display_Recent_Gaze,recent_events,843976.08544,0.0043211039155721664,68.60874593257904,843976.15404329,843976.154047611
world,Display_Recent_Gaze,Display_Recent_Gaze,gl_display,0.0,0.00036496203392744064,0.00036496203392744064,843976.163336963,843976.163337328
world,Display_Recent_Gaze,Display_Recent_Gaze,recent_events,843976.118951,0.0038050347939133644,71.06688595376909,843976.190013108,843976.190016913
world,Display_Recent_Gaze,Display_Recent_Gaze,gl_display,0.0,0.0016909325495362282,0.0016909325495362282,843976.201842688,843976.201844379
world,Display_Recent_Gaze,Display_Recent_Gaze,recent_events,843976.152461,0.0037909485399723053,69.48296900372952,843976.221939263,843976.221943054
world,Display_Recent_Gaze,Display_Recent_Gaze,gl_display,0.0,0.002351938746869564,0.002351938746869564,843976.234697964,843976.234700316
world,Display_Recent_Gaze,Display_Recent_Gaze,recent_events,843976.185972,0.003908062353730202,68.32434702664614,843976.254291334,843976.254295242
world,Display_Recent_Gaze,Display_Recent_Gaze,gl_display,0.0,0.0014110701158642769,0.0014110701158642769,843976.264717854,843976.264719265
world,Display_Recent_Gaze,Display_Recent_Gaze,recent_events,843976.219482,0.0012030359357595444,70.2347420156002,843976.289715229,843976.289716432
world,Display_Recent_Gaze,Display_Recent_Gaze,gl_display,0.0,0.0003919703885912895,0.0003919703885912895,843976.291859193,843976.291859585
world,Display_Recent_Gaze,Display_Recent_Gaze,recent_events,843976.252992,0.0015129335224628448,68.76882503274828,843976.321759053,843976.321760566
world,Display_Recent_Gaze,Display_Recent_Gaze,gl_display,0.0,0.00037800054997205734,0.00037800054997205734,843976.323972331,843976.323972709
world,Display_Recent_Gaze,Display_Recent_Gaze,recent_events,843976.286503,0.0016669509932398796,71.22064009308815,843976.357721642,843976.357723309
world,Display_Recent_Gaze,Display_Recent_Gaze,gl_display,0.0,0.0008719507604837418,0.0008719507604837418,843976.362227268,843976.36222814
world,Display_Recent_Gaze,Display_Recent_Gaze,recent_events,843976.320013,0.004277913831174374,70.17377391457558,843976.390181323,843976.390185601
world,Display_Recent_Gaze,Display_Recent_Gaze,gl_display,0.0,0.0009259674698114395,0.0009259674698114395,843976.398340001,843976.398340927
world,Display_Recent_Gaze,Display_Recent_Gaze,recent_events,843976.353524,0.001400010660290718,68.19024391006678,843976.421712608,843976.421714008
world,Display_Recent_Gaze,Display_Recent_Gaze,gl_display,0.0,0.00037404242902994156,0.00037404242902994156,843976.423828539,843976.423828913
world,Display_Recent_Gaze,Display_Recent_Gaze,recent_events,843976.387034,0.004232977516949177,71.12820900510997,843976.458156746,843976.458160979
world,Display_Recent_Gaze,Display_Recent_Gaze,gl_display,0.0,0.001935986801981926,0.001935986801981926,843976.468518699,843976.468520635
world,Display_Recent_Gaze,Display_Recent_Gaze,recent_events,843976.420544,0.0047979410737752914,69.59738302975893,843976.49013544,843976.490140238
world,Display_Recent_Gaze,Display_Recent_Gaze,gl_display,0.0,0.0015900004655122757,0.0015900004655122757,843976.500755,843976.50075659
world,Display_Recent_Gaze,Display_Recent_Gaze,recent_events,843976.454055,0.001384061761200428,67.69820000045002,843976.521751542,843976.521752926
world,Display_Recent_Gaze,Display_Recent_Gaze,gl_display,0.0,0.00034493859857320786,0.00034493859857320786,843976.523946546,843976.523946891
world,Display_Recent_Gaze,Display_Recent_Gaze,recent_events,843976.487565,0.002477085217833519,70.2310900669545,843976.557792938,843976.557795415
world,Display_Recent_Gaze,Display_Recent_Gaze,gl_display,0.0,0.0014740508049726486,0.0014740508049726486,843976.564051498,843976.564052972
world,Display_Recent_Gaze,Display_Recent_Gaze,recent_events,843976.521076,0.003983033820986748,69.42032102961093,843976.590491274,843976.590495257
world,Display_Recent_Gaze,Display_Recent_Gaze,gl_display,0.0,0.0019379658624529839,0.0019379658624529839,843976.602510722,843976.60251266
world,Display_Recent_Gaze,Display_Recent_Gaze,recent_events,843976.554586,0.003559049218893051,71.51942094787955,843976.626100846,843976.626104405
world,Display_Recent_Gaze,Display_Recent_Gaze,gl_display,0.0,0.0010860385373234749,0.0010860385373234749,843976.634832014,843976.6348331
world,Display_Recent_Gaze,Display_Recent_Gaze,recent_events,843976.588096,0.004040077328681946,69.95534792076796,843976.658046437,843976.658050477
world,Display_Recent_Gaze,Display_Recent_Gaze,gl_display,0.0,0.001435982994735241,0.001435982994735241,843976.667975688,843976.667977124
world,Display_Recent_Gaze,Display_Recent_Gaze,recent_events,843976.621607,0.0033730175346136093,68.31083004362881,843976.689913847,843976.68991722
world,Display_Recent_Gaze,Display_Recent_Gaze,gl_display,0.0,0.0012220116332173347,0.0012220116332173347,843976.697683173,843976.697684395
world,Display_Recent_Gaze,Display_Recent_Gaze,recent_events,843976.655117,0.0011200318112969398,70.50956704188138,843976.725625183,843976.725626303
world,Display_Recent_Gaze,Display_Recent_Gaze,gl_display,0.0,0.0006309710443019867,0.0006309710443019867,843976.727724636,843976.727725267
world,Display_Recent_Gaze,Display_Recent_Gaze,recent_events,843976.688628,0.0013100216165184975,69.13480104412884,843976.757761172,843976.757762482
world,Display_Recent_Gaze,Display_Recent_Gaze,gl_display,0.0,0.0003180466592311859,0.0003180466592311859,843976.759981685,843976.759982003
world,Display_Recent_Gaze,Display_Recent_Gaze,recent_events,843976.722138,0.0036510173231363297,67.80629709828645,843976.789940024,843976.789943675
world,Display_Recent_Gaze,Display_Recent_Gaze,gl_display,0.0,0.0010909279808402061,0.0010909279808402061,843976.797708326,843976.797709417
world,Display_Recent_Gaze,Display_Recent_Gaze,recent_events,843976.755648,0.00424007885158062,70.51303796470165,843976.826155867,843976.826160107
world,Display_Recent_Gaze,Display_Recent_Gaze,gl_display,0.0,0.0020599691197276115,0.0020599691197276115,843976.836590632,843976.836592692
world,Display_Recent_Gaze,Display_Recent_Gaze,recent_events,843976.789159,0.0036939745768904686,68.82785097695887,843976.857982111,843976.857985805
world,Display_Recent_Gaze,Display_Recent_Gaze,gl_display,0.0,0.0003828899934887886,0.0003828899934887886,843976.867520392,843976.867520775
world,Display_Recent_Gaze,Display_Recent_Gaze,recent_events,843976.822669,0.0010039657354354858,70.99870999809355,843976.893666512,843976.893667516
world,Display_Recent_Gaze,Display_Recent_Gaze,gl_display,0.0,0.00045495107769966125,0.00045495107769966125,843976.895752082,843976.895752537
world,Display_Recent_Gaze,Display_Recent_Gaze,recent_events,843976.85618,0.0029460061341524124,69.98981500510126,843976.926166198,843976.926169144
world,Display_Recent_Gaze,Display_Recent_Gaze,gl_display,0.0,0.002018059603869915,0.002018059603869915,843976.935943316,843976.935945334
world,Display_Recent_Gaze,Display_Recent_Gaze,recent_events,843976.88969,0.0037869904190301895,68.29216203186661,843976.957977194,843976.957980981
world,Display_Recent_Gaze,Display_Recent_Gaze,gl_display,0.0,0.0015320256352424622,0.0015320256352424622,843976.968126938,843976.96812847
world,Display_Recent_Gaze,Display_Recent_Gaze,recent_events,843976.9232,0.004097004421055317,70.83972299005836,843976.994034527,843976.994038624
world,Display_Recent_Gaze,Display_Recent_Gaze,gl_display,0.0,0.002312939614057541,0.002312939614057541,843977.004349246,843977.004351559
world,Display_Recent_Gaze,Display_Recent_Gaze,recent_events,843976.956711,0.005244975909590721,69.52775304671377,843977.026230927,843977.026236172
world,Display_Recent_Gaze,Display_Recent_Gaze,gl_display,0.0,0.0017760321497917175,0.0017760321497917175,843977.037730661,843977.037732437
world,Display_Recent_Gaze,Display_Recent_Gaze,recent_events,843976.990221,0.002881046384572983,67.59835395496339,843977.057815678,843977.057818559
world,Display_Recent_Gaze,Display_Recent_Gaze,gl_display,0.0,0.002037966623902321,0.002037966623902321,843977.065923459,843977.065925497
world,Display_Recent_Gaze,Display_Recent_Gaze,recent_events,843977.023732,0.00420701690018177,70.66612096969038,843977.094392936,843977.094397143
world,Display_Recent_Gaze,Display_Recent_Gaze,gl_display,0.0,0.0005920883268117905,0.0005920883268117905,843977.099665331,843977.099665923
world,Display_Recent_Gaze,Display_Recent_Gaze,recent_events,843977.057242,0.0020479783415794373,68.527139024809,843977.1257666,843977.125768648
world,Display_Recent_Gaze,Display_Recent_Gaze,gl_display,0.0,0.000775093212723732,0.000775093212723732,843977.129624988,843977.129625763
world,Display_Recent_Gaze,Display_Recent_Gaze,recent_events,843977.090752,0.0049729133024811745,71.3340500369668,843977.162079893,843977.162084866
world,Display_Recent_Gaze,Display_Recent_Gaze,gl_display,0.0,0.002888031303882599,0.002888031303882599,843977.173430452,843977.17343334
world,Display_Recent_Gaze,Display_Recent_Gaze,recent_events,843977.124263,0.004612957127392292,69.94621898047626,843977.194202748,843977.194207361
world,Display_Recent_Gaze,Display_Recent_Gaze,gl_display,0.0,0.0021810410544276237,0.0021810410544276237,843977.205208881,843977.205211062
world,Display_Recent_Gaze,Display_Recent_Gaze,recent_events,843977.157773,0.004483037628233433,68.35766404401511,843977.226125308,843977.226129791
world,Display_Recent_Gaze,Display_Recent_Gaze,gl_display,0.0,0.0016330741345882416,0.0016330741345882416,843977.236576665,843977.236578298
world,Display_Recent_Gaze,Display_Recent_Gaze,recent_events,843977.191284,0.004147994332015514,71.06343004852533,843977.262342304,843977.262346452
world,Display_Recent_Gaze,Display_Recent_Gaze,gl_display,0.0,0.0021479791030287743,0.0021479791030287743,843977.273226093,843977.273228241
world,Display_Recent_Gaze,Display_Recent_Gaze,recent_events,843977.224794,0.0039780279621481895,69.24120499752462,843977.294030219,843977.294034197
world,Display_Recent_Gaze,Display_Recent_Gaze,gl_display,0.0,0.002535991370677948,0.002535991370677948,843977.306217909,843977.306220445
world,Display_Recent_Gaze,Display_Recent_Gaze,recent_events,843977.258304,0.0015900004655122757,67.44243192952126,843977.325744479,843977.325746069
world,Display_Recent_Gaze,Display_Recent_Gaze,gl_display,0.0,0.0005019828677177429,0.0005019828677177429,843977.340561525,843977.340562027
world,Display_Recent_Gaze,Display_Recent_Gaze,recent_events,843977.291815,0.0055140117183327675,70.36939600948244,843977.362177905,843977.362183419
world,Display_Recent_Gaze,Display_Recent_Gaze,gl_display,0.0,0.002640997990965843,0.002640997990965843,843977.373208785,843977.373211426
world,Display_Recent_Gaze,Display_Recent_Gaze,recent_events,843977.325325,0.0012579839676618576,68.37791902944446,843977.393701384,843977.393702642
world,Display_Recent_Gaze,Display_Recent_Gaze,gl_display,0.0,0.0005830079317092896,0.0005830079317092896,843977.395841117,843977.3958417
world,Display_Recent_Gaze,Display_Recent_Gaze,recent_events,843977.358836,0.003550085239112377,71.45100005436689,843977.430282499,843977.430286049
world,Display_Recent_Gaze,Display_Recent_Gaze,gl_display,0.0,0.0022229505702853203,0.0022229505702853203,843977.438276198,843977.438278421
world,Display_Recent_Gaze,Display_Recent_Gaze,recent_events,843977.392346,0.004358007572591305,69.80475108139217,843977.462145033,843977.462149391
world,Display_Recent_Gaze,Display_Recent_Gaze,gl_display,0.0,0.002416083589196205,0.002416083589196205,843977.472776442,843977.472778858
world,Display_Recent_Gaze,Display_Recent_Gaze,recent_events,843977.425856,0.005420995876193047,68.20931297261268,843977.494058414,843977.494063835
world,Display_Recent_Gaze,Display_Recent_Gaze,gl_display,0.0,0.0019849976524710655,0.0019849976524710655,843977.504481392,843977.504483377
world,Display_Recent_Gaze,Display_Recent_Gaze,recent_events,843977.459367,0.004381057806313038,70.70074893999845,843977.530062387,843977.530066768
world,Display_Recent_Gaze,Display_Recent_Gaze,gl_display,0.0,0.0021639280021190643,0.0021639280021190643,843977.540584943,843977.540587107
world,Display_Recent_Gaze,Display_Recent_Gaze,recent_events,843977.492877,0.0038980506360530853,69.17074101511389,843977.56204267,843977.562046568
world,Display_Recent_Gaze,Display_Recent_Gaze,gl_display,0.0,0.0017740530893206596,0.0017740530893206596,843977.572398013,843977.572399787
world,Display_Recent_Gaze,Display_Recent_Gaze,recent_events,843977.526388,0.004144967533648014,71.9406179850921,843977.598323536,843977.598327681
world,Display_Recent_Gaze,Display_Recent_Gaze,gl_display,0.0,0.0021869782358407974,0.0021869782358407974,843977.608826926,843977.608829113
world,Display_Recent_Gaze,Display_Recent_Gaze,recent_events,843977.559898,0.003715045750141144,70.05675602704287,843977.629950114,843977.629953829
world,Display_Recent_Gaze,Display_Recent_Gaze,gl_display,0.0,0.0014669494703412056,0.0014669494703412056,843977.636660923,843977.63666239
world,Display_Recent_Gaze,Display_Recent_Gaze,recent_events,843977.593408,0.002086046151816845,68.45119001809508,843977.661856618,843977.661858704
world,Display_Recent_Gaze,Display_Recent_Gaze,gl_display,0.0,0.0010380754247307777,0.0010380754247307777,843977.665366594,843977.665367632
world,Display_Recent_Gaze,Display_Recent_Gaze,recent_events,843977.626919,0.0027029309421777725,70.98846905864775,843977.697904295,843977.697906998
world,Display_Recent_Gaze,Display_Recent_Gaze,gl_display,0.0,0.0008210772648453712,0.0008210772648453712,843977.701280598,843977.701281419
world,Display_Recent_Gaze,Display_Recent_Gaze,recent_events,843977.660429,0.0019239960238337517,69.43051901180297,843977.729857066,843977.72985899
world,Display_Recent_Gaze,Display_Recent_Gaze,gl_display,0.0,0.000934000127017498,0.000934000127017498,843977.733256952,843977.733257886
world,Display_Recent_Gaze,Display_Recent_Gaze,recent_events,843977.69394,0.0016150297597050667,67.9451449541375,843977.761883333,843977.761884948
world,Display_Recent_Gaze,Display_Recent_Gaze,gl_display,0.0,0.00053399708122015,0.00053399708122015,843977.764109889,843977.764110423
world,Display_Recent_Gaze,Display_Recent_Gaze,recent_events,843977.72745,0.0011980300769209862,70.24482102133334,843977.79769344,843977.797694638
world,Display_Recent_Gaze,Display_Recent_Gaze,gl_display,0.0,0.0005529727786779404,0.0005529727786779404,843977.799919537,843977.79992009
world,Display_Recent_Gaze,Display_Recent_Gaze,recent_events,843977.76096,0.001835986040532589,68.8248269725591,843977.82978259,843977.829784426
world,Display_Recent_Gaze,Display_Recent_Gaze,gl_display,0.0,0.0007579801604151726,0.0007579801604151726,843977.838264092,843977.83826485
world,Display_Recent_Gaze,Display_Recent_Gaze,recent_events,843977.827981,0.0022710300981998444,80.79425501637161,843977.90877232,843977.908774591
world,Display_Recent_Gaze,Display_Recent_Gaze,gl_display,0.0,0.00048300717025995255,0.00048300717025995255,843977.911419939,843977.911420422
world,Display_Recent_Gaze,Display_Recent_Gaze,recent_events,843977.861492,0.0016719568520784378,68.21714888792485,843977.92970728,843977.929708952
world,Display_Recent_Gaze,Display_Recent_Gaze,gl_display,0.0,0.0005060574039816856,0.0005060574039816856,843977.931897293,843977.931897799
world,Display_Recent_Gaze,Display_Recent_Gaze,recent_events,843977.895002,0.0015620607882738113,70.8458999870345,843977.965846114,843977.965847676
world,Display_Recent_Gaze,Display_Recent_Gaze,gl_display,0.0,0.0005690380930900574,0.0005690380930900574,843977.968122833,843977.968123402
world,Display_Recent_Gaze,Display_Recent_Gaze,recent_events,843977.928512,0.002108979970216751,69.30598698090762,843977.997815527,843977.997817636
world,Display_Recent_Gaze,Display_Recent_Gaze,gl_display,0.0,0.0013370299711823463,0.0013370299711823463,843978.001505928,843978.001507265
world,Display_Recent_Gaze,Display_Recent_Gaze,recent_events,843977.962023,0.002322020009160042,67.9072899511084,843978.029927497,843978.029929819
world,Display_Recent_Gaze,Display_Recent_Gaze,gl_display,0.0,0.0009650830179452896,0.0009650830179452896,843978.033437128,843978.033438093
world,Display_Recent_Gaze,Display_Recent_Gaze,recent_events,843977.995533,0.0021330779418349266,70.41704107541591,843978.065947405,843978.065949538
world,Display_Recent_Gaze,Display_Recent_Gaze,gl_display,0.0,0.0008749775588512421,0.0008749775588512421,843978.069330488,843978.069331363
world,Display_Recent_Gaze,Display_Recent_Gaze,recent_events,843978.029044,0.0025639310479164124,68.84533306583762,843978.097886007,843978.097888571
world,Display_Recent_Gaze,Display_Recent_Gaze,gl_display,0.0,0.0009749783203005791,0.0009749783203005791,843978.101375181,843978.101376156
world,Display_Recent_Gaze,Display_Recent_Gaze,recent_events,843978.062554,0.0019100261852145195,71.58490200527012,843978.13413651,843978.13413842
world,Display_Recent_Gaze,Display_Recent_Gaze,gl_display,0.0,0.001167994923889637,0.001167994923889637,843978.137562002,843978.13756317
world,Display_Recent_Gaze,Display_Recent_Gaze,recent_events,843978.096064,0.0023170141503214836,69.84901800751686,843978.165910172,843978.165912489
world,Display_Recent_Gaze,Display_Recent_Gaze,gl_display,0.0,0.0008299248293042183,0.0008299248293042183,843978.1692503,843978.16925113
world,Display_Recent_Gaze,Display_Recent_Gaze,recent_events,843978.129575,0.0020919833332300186,68.34366591647267,843978.197916129,843978.197918221
world,Display_Recent_Gaze,Display_Recent_Gaze,gl_display,0.0,0.0008910428732633591,0.0008910428732633591,843978.201345856,843978.201346747
world,Display_Recent_Gaze,Display_Recent_Gaze,recent_events,843978.163085,0.0020100269466638565,70.84002695046365,843978.233922503,843978.233924513
world,Display_Recent_Gaze,Display_Recent_Gaze,gl_display,0.0,0.00044796615839004517,0.00044796615839004517,843978.236303663,843978.236304111
world,Display_Recent_Gaze,Display_Recent_Gaze,recent_events,843978.196596,0.0014459947124123573,69.24243504181504,843978.265836729,843978.265838175
world,Display_Recent_Gaze,Display_Recent_Gaze,gl_display,0.0,0.0006980262696743011,0.0006980262696743011,843978.2680427,843978.268043398
world,Display_Recent_Gaze,Display_Recent_Gaze,recent_events,843978.230106,0.0012399395927786827,67.77694507036358,843978.297881496,843978.297882736
world,Display_Recent_Gaze,Display_Recent_Gaze,gl_display,0.0,0.0006249174475669861,0.0006249174475669861,843978.300343913,843978.300344538
world,Display_Recent_Gaze,Display_Recent_Gaze,recent_events,843978.263616,0.0016189878806471825,70.1778510119766,843978.333792042,843978.333793661
world,Display_Recent_Gaze,Display_Recent_Gaze,gl_display,0.0,0.0006490154191851616,0.0006490154191851616,843978.34560306,843978.345603709
world,Display_Recent_Gaze,Display_Recent_Gaze,recent_events,843978.297127,0.001686043106019497,73.00389895681292,843978.370129032,843978.370130718
world,Display_Recent_Gaze,Display_Recent_Gaze,gl_display,0.0,0.00046903733164072037,0.00046903733164072037,843978.372448097,843978.372448566
world,Display_Recent_Gaze,Display_Recent_Gaze,recent_events,843978.330637,0.0013880198821425438,71.23537291772664,843978.4018708,843978.401872188
world,Display_Recent_Gaze,Display_Recent_Gaze,gl_display,0.0,0.0006860354915261269,0.0006860354915261269,843978.404057711,843978.404058397
world,Display_Recent_Gaze,Display_Recent_Gaze,recent_events,843978.364148,0.0012509990483522415,69.69702697824687,843978.433843513,843978.433844764
world,Display_Recent_Gaze,Display_Recent_Gaze,gl_display,0.0,0.0004159519448876381,0.0004159519448876381,843978.436088543,843978.436088959
world,Display_Recent_Gaze,Display_Recent_Gaze,recent_events,843978.397658,0.0011239899322390556,68.23739095125347,843978.465894094,843978.465895218
world,Display_Recent_Gaze,Display_Recent_Gaze,gl_display,0.0,0.00047404319047927856,0.00047404319047927856,843978.468077688,843978.468078162
world,Display_Recent_Gaze,Display_Recent_Gaze,recent_events,843978.431168,0.0015409896150231361,70.7273930311203,843978.501893679,843978.50189522
world,Display_Recent_Gaze,Display_Recent_Gaze,gl_display,0.0,0.0006180489435791969,0.0006180489435791969,843978.504275195,843978.504275813
world,Display_Recent_Gaze,Display_Recent_Gaze,recent_events,843978.464679,0.0017799902707338333,69.18442400638014,843978.533861339,843978.533863119
world,Display_Recent_Gaze,Display_Recent_Gaze,gl_display,0.0,0.0005289912223815918,0.0005289912223815918,843978.536082866,843978.536083395
world,Display_Recent_Gaze,Display_Recent_Gaze,recent_events,843978.498189,0.001066015101969242,68.0654610041529,843978.566253177,843978.566254243
world,Display_Recent_Gaze,Display_Recent_Gaze,gl_display,0.0,0.000683940015733242,0.000683940015733242,843978.568506859,843978.568507543
world,System_Graphs,System_Graphs,gl_display,0.0,0.036276993341743946,0.036276993341743946,843973.797117738,843973.797154015
world,System_Graphs,System_Graphs,recent_events,843973.739712,0.0022239983081817627,69.89598204381764,843973.80960544,843973.809607664
world,System_Graphs,System_Graphs,recent_events,843973.773223,0.002629007212817669,68.36195499636233,843973.841581926,843973.841584555
world,System_Graphs,System_Graphs,gl_display,0.0,0.04140299279242754,0.04140299279242754,843973.844506146,843973.844547549
world,System_Graphs,System_Graphs,recent_events,843973.806733,0.006995978765189648,71.29468000493944,843973.878018904,843973.8780259
world,System_Graphs,System_Graphs,gl_display,0.0,0.12010603677481413,0.12010603677481413,843973.892298462,843973.892418568
world,System_Graphs,System_Graphs,recent_events,843973.840244,0.27934403624385595,70.08628500625491,843973.910048699,843973.910328043
world,System_Graphs,System_Graphs,gl_display,0.0,0.08530402556061745,0.08530402556061745,843973.922762256,843973.92284756
world,System_Graphs,System_Graphs,recent_events,843973.873754,0.007512979209423065,68.13060806598514,843973.941875427,843973.94188294
world,System_Graphs,System_Graphs,gl_display,0.0,0.17649191431701183,0.17649191431701183,843973.953953654,843973.954130146
world,System_Graphs,System_Graphs,recent_events,843973.907264,0.008533010259270668,70.65736001823097,843973.977910998,843973.977919531
world,System_Graphs,System_Graphs,gl_display,0.0,0.1517839264124632,0.1517839264124632,843973.989301378,843973.989453162
world,System_Graphs,System_Graphs,recent_events,843973.940775,0.007755006663501263,69.11092693917453,843974.00987683,843974.009884585
world,System_Graphs,System_Graphs,gl_display,0.0,0.12187694665044546,0.12187694665044546,843974.020262634,843974.020384511
world,System_Graphs,System_Graphs,recent_events,843973.974285,0.006979098543524742,67.58186500519514,843974.041858331,843974.04186531
world,System_Graphs,System_Graphs,gl_display,0.0,0.15642400830984116,0.15642400830984116,843974.051984895,843974.052141319
world,System_Graphs,System_Graphs,recent_events,843974.007796,0.08181692101061344,69.87723603378981,843974.077590952,843974.077672769
world,System_Graphs,System_Graphs,gl_display,0.0,0.05137000698596239,0.05137000698596239,843974.079854048,843974.079905418
world,System_Graphs,System_Graphs,recent_events,843974.041306,0.0026980414986610413,68.2591589866206,843974.109562143,843974.109564841
world,System_Graphs,System_Graphs,gl_display,0.0,0.048524001613259315,0.048524001613259315,843974.111730043,843974.111778567
world,System_Graphs,System_Graphs,recent_events,843974.074816,0.0073660630732774734,71.09755207784474,843974.14590454,843974.145911906
world,System_Graphs,System_Graphs,gl_display,0.0,0.16329798381775618,0.16329798381775618,843974.156155044,843974.156318342
world,System_Graphs,System_Graphs,recent_events,843974.108327,0.008939998224377632,69.63075790554285,843974.177947247,843974.177956187
world,System_Graphs,System_Graphs,gl_display,0.0,0.15829794574528933,0.15829794574528933,843974.188133099,843974.188291397
world,System_Graphs,System_Graphs,recent_events,843974.141837,0.006560003384947777,68.06933297775686,843974.209898314,843974.209904874
world,System_Graphs,System_Graphs,gl_display,0.0,0.1522969687357545,0.1522969687357545,843974.219950406,843974.220102703
world,System_Graphs,System_Graphs,recent_events,843974.175348,0.2676270669326186,70.81787299830467,843974.245896361,843974.246163988
world,System_Graphs,System_Graphs,gl_display,0.0,0.14526804443448782,0.14526804443448782,843974.25637003,843974.256515298
world,System_Graphs,System_Graphs,recent_events,843974.208858,0.008057919330894947,69.11771697923541,843974.277966254,843974.277974312
world,System_Graphs,System_Graphs,gl_display,0.0,0.16188796143978834,0.16188796143978834,843974.288240517,843974.288402405
world,System_Graphs,System_Graphs,recent_events,843974.242368,0.007005990482866764,67.58428202010691,843974.309943863,843974.309950869
world,System_Graphs,System_Graphs,gl_display,0.0,0.1322199823334813,0.1322199823334813,843974.319980076,843974.320112296
world,System_Graphs,System_Graphs,recent_events,843974.275879,0.007143011316657066,70.02998609095812,843974.345900431,843974.345907574
world,System_Graphs,System_Graphs,gl_display,0.0,0.13376097194850445,0.13376097194850445,843974.357162005,843974.357295766
world,System_Graphs,System_Graphs,recent_events,843974.309389,0.006912974640727043,68.50351300090551,843974.377884427,843974.37789134
world,System_Graphs,System_Graphs,gl_display,0.0,0.13224396388977766,0.13224396388977766,843974.388351216,843974.38848346
world,System_Graphs,System_Graphs,recent_events,843974.3429,0.20744302310049534,71.24303095042706,843974.413927771,843974.414135214
world,System_Graphs,System_Graphs,gl_display,0.0,0.07785297930240631,0.07785297930240631,843974.42251111,843974.422588963
world,System_Graphs,System_Graphs,recent_events,843974.37641,0.0021359883248806,69.15547593962401,843974.445563073,843974.445565209
world,System_Graphs,System_Graphs,gl_display,0.0,0.05049200262874365,0.05049200262874365,843974.44787782,843974.447928312
world,System_Graphs,System_Graphs,recent_events,843974.40992,0.009029055945575237,68.2677939767018,843974.478176661,843974.47818569
world,System_Graphs,System_Graphs,gl_display,0.0,0.1713890815153718,0.1713890815153718,843974.491787492,843974.491958881
world,System_Graphs,System_Graphs,recent_events,843974.443431,0.007147085852921009,70.5485789803788,843974.513971153,843974.5139783
world,System_Graphs,System_Graphs,gl_display,0.0,0.16653304919600487,0.16653304919600487,843974.525600947,843974.52576748
world,System_Graphs,System_Graphs,recent_events,843974.476941,0.007854076102375984,69.03352600056678,843974.545965466,843974.54597332
world,System_Graphs,System_Graphs,gl_display,0.0,0.14415406621992588,0.14415406621992588,843974.557388227,843974.557532381
world,System_Graphs,System_Graphs,recent_events,843974.510452,0.2428470179438591,71.69080106541514,843974.58189835,843974.582141197
world,System_Graphs,System_Graphs,gl_display,0.0,0.17222703900188208,0.17222703900188208,843974.593439776,843974.593612003
world,System_Graphs,System_Graphs,recent_events,843974.543962,0.007646973244845867,70.03293698653579,843974.613985953,843974.6139936
world,System_Graphs,System_Graphs,gl_display,0.0,0.16507692635059357,0.16507692635059357,843974.625477554,843974.625642631
world,System_Graphs,System_Graphs,recent_events,843974.577472,0.007320893928408623,68.40190500952303,843974.645865465,843974.645872786
world,System_Graphs,System_Graphs,gl_display,0.0,0.1598179806023836,0.1598179806023836,843974.656645833,843974.656805651
world,System_Graphs,System_Graphs,recent_events,843974.610983,0.00715197529643774,70.92561293393373,843974.681900227,843974.681907379
world,System_Graphs,System_Graphs,gl_display,0.0,0.15263992827385664,0.15263992827385664,843974.692715817,843974.692868457
world,System_Graphs,System_Graphs,recent_events,843974.644493,0.007401918992400169,69.41456196364015,843974.713898843,843974.713906245
world,System_Graphs,System_Graphs,gl_display,0.0,0.13063696678727865,0.13063696678727865,843974.724624599,843974.724755236
world,System_Graphs,System_Graphs,recent_events,843974.678004,0.26543205603957176,68.12702398747206,843974.745857033,843974.746122465
world,System_Graphs,System_Graphs,gl_display,0.0,0.13858906459063292,0.13858906459063292,843974.756667087,843974.756805676
world,System_Graphs,System_Graphs,recent_events,843974.711514,0.00831799115985632,70.45420503709465,843974.781958451,843974.781966769
world,System_Graphs,System_Graphs,gl_display,0.0,0.16658194363117218,0.16658194363117218,843974.792679368,843974.79284595
world,System_Graphs,System_Graphs,recent_events,843974.745024,0.007258960977196693,68.85974504984915,843974.813875054,843974.813882313
world,System_Graphs,System_Graphs,gl_display,0.0,0.15503796748816967,0.15503796748816967,843974.823960857,843974.824115895
world,System_Graphs,System_Graphs,recent_events,843974.778535,0.008812989108264446,71.50434295181185,843974.850029274,843974.850038087
world,System_Graphs,System_Graphs,gl_display,0.0,0.15589105896651745,0.15589105896651745,843974.86057034,843974.860726231
world,System_Graphs,System_Graphs,recent_events,843974.812045,0.007110997103154659,69.91411093622446,843974.881950455,843974.881957566
world,System_Graphs,System_Graphs,gl_display,0.0,0.15713309403508902,0.15713309403508902,843974.892035552,843974.892192685
world,System_Graphs,System_Graphs,recent_events,843974.845556,0.24973193649202585,68.55838897172362,843974.913862828,843974.91411256
world,System_Graphs,System_Graphs,gl_display,0.0,0.16635796055197716,0.16635796055197716,843974.924808432,843974.92497479
world,System_Graphs,System_Graphs,recent_events,843974.879066,0.007700989954173565,70.85154706146568,843974.949908176,843974.949915877
world,System_Graphs,System_Graphs,gl_display,0.0,0.16441801562905312,0.16441801562905312,843974.960424228,843974.960588646
world,System_Graphs,System_Graphs,recent_events,843974.912576,0.007465016096830368,69.36882308218628,843974.981935798,843974.981943263
world,System_Graphs,System_Graphs,gl_display,0.0,0.15469698701053858,0.15469698701053858,843974.992068299,843974.992222996
world,System_Graphs,System_Graphs,recent_events,843974.946087,0.007509952411055565,67.84690206404775,843975.013924554,843975.013932064
world,System_Graphs,System_Graphs,gl_display,0.0,0.16812596004456282,0.16812596004456282,843975.023988819,843975.024156945
world,System_Graphs,System_Graphs,recent_events,843974.979597,0.0073999399319291115,70.35631593316793,843975.049944031,843975.049951431
world,System_Graphs,System_Graphs,gl_display,0.0,0.029856106266379356,0.029856106266379356,843975.057404368,843975.057434224
world,System_Graphs,System_Graphs,recent_events,843975.013108,0.23340201005339622,69.08462790306658,843975.081957165,843975.082190567
world,System_Graphs,System_Graphs,gl_display,0.0,0.16069598495960236,0.16069598495960236,843975.092383211,843975.092543907
world,System_Graphs,System_Graphs,recent_events,843975.046618,0.0071160029619932175,71.37466594576836,843975.11798404,843975.117991156
world,System_Graphs,System_Graphs,gl_display,0.0,0.03234297037124634,0.03234297037124634,843975.127472813,843975.127505156
world,System_Graphs,System_Graphs,recent_events,843975.080128,0.03314390778541565,69.90451994352043,843975.149997874,843975.150031018
world,System_Graphs,System_Graphs,gl_display,0.0,0.15171500854194164,0.15171500854194164,843975.160399347,843975.160551062
world,System_Graphs,System_Graphs,recent_events,843975.113639,0.007429975084960461,68.50493897218257,843975.1821349,843975.18214233
world,System_Graphs,System_Graphs,gl_display,0.0,0.16676203813403845,0.16676203813403845,843975.192454726,843975.192621488
world,System_Graphs,System_Graphs,recent_events,843975.147149,0.0074659474194049835,70.77794207725674,843975.217917848,843975.217925314
world,System_Graphs,System_Graphs,gl_display,0.0,0.16635307110846043,0.16635307110846043,843975.227983655,843975.228150008
world,System_Graphs,System_Graphs,recent_events,843975.18066,0.23662799503654242,69.5931720547378,843975.250014605,843975.250251233
world,System_Graphs,System_Graphs,gl_display,0.0,0.15227100811898708,0.15227100811898708,843975.261268526,843975.261420797
world,System_Graphs,System_Graphs,recent_events,843975.21417,0.007153023034334183,67.77341291308403,843975.281934614,843975.281941767
world,System_Graphs,System_Graphs,gl_display,0.0,0.1427649985998869,0.1427649985998869,843975.29209121,843975.292233975
world,System_Graphs,System_Graphs,recent_events,843975.24768,0.008443021215498447,70.35458600148559,843975.318024782,843975.318033225
world,System_Graphs,System_Graphs,gl_display,0.0,0.17644697800278664,0.17644697800278664,843975.328204776,843975.328381223
world,System_Graphs,System_Graphs,recent_events,843975.281191,0.008112983778119087,68.86235100682825,843975.350043761,843975.350051874
world,System_Graphs,System_Graphs,gl_display,0.0,0.15181198250502348,0.15181198250502348,843975.360339473,843975.360491285
world,System_Graphs,System_Graphs,recent_events,843975.314701,0.007461989298462868,71.26677001360804,843975.385958621,843975.385966083
world,System_Graphs,System_Graphs,gl_display,0.0,0.14986598398536444,0.14986598398536444,843975.396081759,843975.396231625
world,System_Graphs,System_Graphs,recent_events,843975.348212,0.2381929662078619,69.93492902256548,843975.417906858,843975.418145051
world,System_Graphs,System_Graphs,gl_display,0.0,0.1636589877307415,0.1636589877307415,843975.428274592,843975.428438251
world,System_Graphs,System_Graphs,recent_events,843975.381722,0.034939032047986984,68.31119302660227,843975.449996674,843975.450031613
world,System_Graphs,System_Graphs,gl_display,0.0,0.15446403995156288,0.15446403995156288,843975.460652957,843975.460807421
world,System_Graphs,System_Graphs,recent_events,843975.415232,0.001981970854103565,70.42249897494912,843975.485652211,843975.485654193
world,System_Graphs,System_Graphs,gl_display,0.0,0.05139200948178768,0.05139200948178768,843975.487911272,843975.487962664
world,System_Graphs,System_Graphs,recent_events,843975.448743,0.002756016328930855,68.90122499316931,843975.517641131,843975.517643887
world,System_Graphs,System_Graphs,gl_display,0.0,0.049546011723577976,0.049546011723577976,843975.519764545,843975.519814091
world,System_Graphs,System_Graphs,recent_events,843975.482253,0.0017700949683785439,67.33330397401005,843975.549584213,843975.549585983
world,System_Graphs,System_Graphs,gl_display,0.0,0.08122902363538742,0.08122902363538742,843975.551790981,843975.55187221
world,System_Graphs,System_Graphs,recent_events,843975.515764,0.24448300246149302,70.44303196016699,843975.585960702,843975.586205185
world,System_Graphs,System_Graphs,gl_display,0.0,0.1635539811104536,0.1635539811104536,843975.596436726,843975.59660028
world,System_Graphs,System_Graphs,recent_events,843975.549274,0.008324976079165936,68.64772795233876,843975.617912116,843975.617920441
world,System_Graphs,System_Graphs,gl_display,0.0,0.16120600048452616,0.16120600048452616,843975.62805454,843975.628215746
world,System_Graphs,System_Graphs,recent_events,843975.582784,0.009416951797902584,71.35565998032689,843975.65412869,843975.654138107
world,System_Graphs,System_Graphs,gl_display,0.0,0.1654630759730935,0.1654630759730935,843975.664376425,843975.664541888
world,System_Graphs,System_Graphs,recent_events,843975.616295,0.009477022103965282,69.79152001440525,843975.686075335,843975.686084812
world,System_Graphs,System_Graphs,gl_display,0.0,0.16430800314992666,0.16430800314992666,843975.696565844,843975.696730152
world,System_Graphs,System_Graphs,recent_events,843975.649805,0.00798795372247696,68.24721198063344,843975.718042765,843975.718050753
world,System_Graphs,System_Graphs,gl_display,0.0,0.15342305414378643,0.15342305414378643,843975.728510755,843975.728664178
world,System_Graphs,System_Graphs,recent_events,843975.683316,0.22940500639379025,71.00528699811548,843975.75408952,843975.754318925
world,System_Graphs,System_Graphs,gl_display,0.0,0.1603880664333701,0.1603880664333701,843975.764772618,843975.764933006
world,System_Graphs,System_Graphs,recent_events,843975.716826,0.007468974217772484,69.25929803401232,843975.78607624,843975.786083709
world,System_Graphs,System_Graphs,gl_display,0.0,0.1313529210165143,0.1313529210165143,843975.796411887,843975.79654324
world,System_Graphs,System_Graphs,recent_events,843975.750336,0.007156049832701683,67.73237301968038,843975.818059686,843975.818066842
world,System_Graphs,System_Graphs,gl_display,0.0,0.13428297825157642,0.13428297825157642,843975.828270874,843975.828405157
world,System_Graphs,System_Graphs,recent_events,843975.783847,0.007850932888686657,70.23842306807637,843975.854076153,843975.854084004
world,System_Graphs,System_Graphs,gl_display,0.0,0.1467750407755375,0.1467750407755375,843975.864532202,843975.864678977
world,System_Graphs,System_Graphs,recent_events,843975.817357,0.007143942639231682,68.73114604968578,843975.88607965,843975.886086794
world,System_Graphs,System_Graphs,gl_display,0.0,0.16368506476283073,0.16368506476283073,843975.89913879,843975.899302475
world,System_Graphs,System_Graphs,recent_events,843975.850868,0.26899902150034904,71.34040002711117,843975.921937384,843975.922206383
world,System_Graphs,System_Graphs,gl_display,0.0,0.14963303692638874,0.14963303692638874,843975.934161771,843975.934311404
world,System_Graphs,System_Graphs,recent_events,843975.884378,0.007680966518819332,69.61123994551599,843975.953980189,843975.95398787
world,System_Graphs,System_Graphs,gl_display,0.0,0.11326896492391825,0.11326896492391825,843975.965639323,843975.965752592
world,System_Graphs,System_Graphs,recent_events,843975.917888,0.007780035957694054,68.08357802219689,843975.985962386,843975.985970166
world,System_Graphs,System_Graphs,gl_display,0.0,0.11256407015025616,0.11256407015025616,843975.997317581,843975.997430145
world,System_Graphs,System_Graphs,recent_events,843975.951399,0.007292954251170158,70.580989937298,843976.021971344,843976.021978637
world,System_Graphs,System_Graphs,gl_display,0.0,0.14093390200287104,0.14093390200287104,843976.033833523,843976.033974457
world,System_Graphs,System_Graphs,recent_events,843975.984909,0.007202965207397938,69.04610898345709,843976.05394643,843976.053953633
world,System_Graphs,System_Graphs,gl_display,0.0,0.11228001676499844,0.11228001676499844,843976.065349321,843976.065461601
world,System_Graphs,System_Graphs,recent_events,843976.01842,0.24221802596002817,71.81424100417644,843976.089990167,843976.090232385
world,System_Graphs,System_Graphs,gl_display,0.0,0.14585501048713923,0.14585501048713923,843976.102137579,843976.102283434
world,System_Graphs,System_Graphs,recent_events,843976.05193,0.007479917258024216,70.04155905451626,843976.121962371,843976.121969851
world,System_Graphs,System_Graphs,gl_display,0.0,0.12414006050676107,0.12414006050676107,843976.133565113,843976.133689253
world,System_Graphs,System_Graphs,recent_events,843976.08544,0.007727998308837414,68.59856098890305,843976.154028984,843976.154036712
world,System_Graphs,System_Graphs,gl_display,0.0,0.03189395647495985,0.03189395647495985,843976.163303726,843976.16333562
world,System_Graphs,System_Graphs,recent_events,843976.118951,0.006987946107983589,71.04839500971138,843976.189991183,843976.189998171
world,System_Graphs,System_Graphs,gl_display,0.0,0.13225595466792583,0.13225595466792583,843976.201704613,843976.201836869
world,System_Graphs,System_Graphs,recent_events,843976.152461,0.007434049621224403,69.47368499822915,843976.221925852,843976.221933286
world,System_Graphs,System_Graphs,gl_display,0.0,0.16707705799490213,0.16707705799490213,843976.234522466,843976.234689543
world,System_Graphs,System_Graphs,recent_events,843976.185972,0.24018797557801008,68.31190804950893,843976.254041716,843976.254281904
world,System_Graphs,System_Graphs,gl_display,0.0,0.1353750703856349,0.1353750703856349,843976.264576313,843976.264711688
world,System_Graphs,System_Graphs,recent_events,843976.219482,0.002059037797152996,70.23155002389103,843976.289711154,843976.289713213
world,System_Graphs,System_Graphs,gl_display,0.0,0.03751297481358051,0.03751297481358051,843976.291820139,843976.291857652
world,System_Graphs,System_Graphs,recent_events,843976.252992,0.002826913259923458,68.76504502724856,843976.321753905,843976.321756732
world,System_Graphs,System_Graphs,gl_display,0.0,0.05314790178090334,0.05314790178090334,843976.323917099,843976.323970247
world,System_Graphs,System_Graphs,recent_events,843976.286503,0.002885935828089714,71.21629605535418,843976.357715761,843976.357718647
world,System_Graphs,System_Graphs,gl_display,0.0,0.09100802708417177,0.09100802708417177,843976.362132021,843976.362223029
world,System_Graphs,System_Graphs,recent_events,843976.320013,0.009141978807747364,70.16267895232886,843976.390165191,843976.390174333
world,System_Graphs,System_Graphs,gl_display,0.0,0.0867379130795598,0.0867379130795598,843976.398248453,843976.398335191
world,System_Graphs,System_Graphs,recent_events,843976.353524,0.07861200720071793,68.18674097303301,843976.421631746,843976.421710358
world,System_Graphs,System_Graphs,gl_display,0.0,0.03890390507876873,0.03890390507876873,843976.423787825,843976.423826729
world,System_Graphs,System_Graphs,recent_events,843976.387034,0.007641967386007309,71.11738796811551,843976.458142369,843976.458150011
world,System_Graphs,System_Graphs,gl_display,0.0,0.1676910324022174,0.1676910324022174,843976.468343677,843976.468511368
world,System_Graphs,System_Graphs,recent_events,843976.420544,0.008231028914451599,69.58580506034195,843976.490119939,843976.49012817
world,System_Graphs,System_Graphs,gl_display,0.0,0.14588003978133202,0.14588003978133202,843976.500602148,843976.500748028
world,System_Graphs,System_Graphs,recent_events,843976.454055,0.002150074578821659,67.69510800950229,843976.521747659,843976.521749809
world,System_Graphs,System_Graphs,gl_display,0.0,0.04098890349268913,0.04098890349268913,843976.523903851,843976.52394484
world,System_Graphs,System_Graphs,recent_events,843976.487565,0.004742061719298363,70.22487302310765,843976.557784461,843976.557789203
world,System_Graphs,System_Graphs,gl_display,0.0,0.13067899271845818,0.13067899271845818,843976.56391535,843976.564046029
world,System_Graphs,System_Graphs,recent_events,843976.521076,0.23971102200448513,69.40857600420713,843976.590243074,843976.590482785
world,System_Graphs,System_Graphs,gl_display,0.0,0.16585702542215586,0.16585702542215586,843976.602337096,843976.602502953
world,System_Graphs,System_Graphs,recent_events,843976.554586,0.007794937118887901,71.50935393292457,843976.626085744,843976.626093539
world,System_Graphs,System_Graphs,gl_display,0.0,0.10021089110523462,0.10021089110523462,843976.634727003,843976.634827214
world,System_Graphs,System_Graphs,recent_events,843976.588096,0.006699003279209137,69.94568603113294,843976.658033479,843976.658040178
world,System_Graphs,System_Graphs,gl_display,0.0,0.13687892351299524,0.13687892351299524,843976.667832424,843976.667969303
world,System_Graphs,System_Graphs,recent_events,843976.621607,0.006438000127673149,68.30244197044522,843976.689902161,843976.689908599
world,System_Graphs,System_Graphs,gl_display,0.0,0.11626002378761768,0.11626002378761768,843976.697561867,843976.697678127
world,System_Graphs,System_Graphs,recent_events,843976.655117,0.001925043761730194,70.5070469994098,843976.725621823,843976.725623748
world,System_Graphs,System_Graphs,gl_display,0.0,0.03978703171014786,0.03978703171014786,843976.727683365,843976.727723152
world,System_Graphs,System_Graphs,recent_events,843976.688628,0.08010899182409048,69.13120404351503,843976.757678594,843976.757758703
world,System_Graphs,System_Graphs,gl_display,0.0,0.0408500200137496,0.0408500200137496,843976.759939483,843976.759980333
world,System_Graphs,System_Graphs,recent_events,843976.722138,0.006141955964267254,67.79753300361335,843976.789928385,843976.789934527
world,System_Graphs,System_Graphs,gl_display,0.0,0.1091519370675087,0.1091519370675087,843976.797594218,843976.79770337
world,System_Graphs,System_Graphs,recent_events,843976.755648,0.007614027708768845,70.50232694018632,843976.826141158,843976.826148772
world,System_Graphs,System_Graphs,gl_display,0.0,0.15372410416603088,0.15372410416603088,843976.836429557,843976.836583281
world,System_Graphs,System_Graphs,recent_events,843976.789159,0.0069070374593138695,68.8179979333654,843976.857968792,843976.857975699
world,System_Graphs,System_Graphs,gl_display,0.0,0.03212294541299343,0.03212294541299343,843976.867486824,843976.867518947
world,System_Graphs,System_Graphs,recent_events,843976.822669,0.0019189901649951935,70.996138965711,843976.893662928,843976.893664847
world,System_Graphs,System_Graphs,gl_display,0.0,0.038443016819655895,0.038443016819655895,843976.895712005,843976.895750448
world,System_Graphs,System_Graphs,recent_events,843976.85618,0.2135309623554349,69.98062995262444,843976.925945693,843976.926159224
world,System_Graphs,System_Graphs,gl_display,0.0,0.19640405662357807,0.19640405662357807,843976.935737932,843976.935934336
world,System_Graphs,System_Graphs,recent_events,843976.88969,0.0074660638347268105,68.28179897274822,843976.957962335,843976.957969801
world,System_Graphs,System_Graphs,gl_display,0.0,0.15734799671918154,0.15734799671918154,843976.967962753,843976.968120101
world,System_Graphs,System_Graphs,recent_events,843976.9232,0.008517992682754993,70.82814699970186,843976.994017907,843976.994026425
world,System_Graphs,System_Graphs,gl_display,0.0,0.16952597070485353,0.16952597070485353,843977.004173372,843977.004342898
world,System_Graphs,System_Graphs,recent_events,843976.956711,0.009843031875789165,69.5115540875122,843977.026210242,843977.026220085
world,System_Graphs,System_Graphs,gl_display,0.0,0.15686394181102514,0.15686394181102514,843977.037565108,843977.037721972
world,System_Graphs,System_Graphs,recent_events,843976.990221,0.004541012458503246,67.59111490100622,843977.057806656,843977.057811197
world,System_Graphs,System_Graphs,gl_display,0.0,0.15693600289523602,0.15693600289523602,843977.065759903,843977.065916839
world,System_Graphs,System_Graphs,recent_events,843977.023732,0.23671297822147608,70.65395195968449,843977.09414714,843977.094383853
world,System_Graphs,System_Graphs,gl_display,0.0,0.045742024667561054,0.045742024667561054,843977.099617814,843977.099663556
world,System_Graphs,System_Graphs,recent_events,843977.057242,0.0036139972507953644,68.52216995321214,843977.125760132,843977.125763746
world,System_Graphs,System_Graphs,gl_display,0.0,0.09035400580614805,0.09035400580614805,843977.12953085,843977.129621204
world,System_Graphs,System_Graphs,recent_events,843977.090752,0.00825000461190939,71.314383065328,843977.162056666,843977.162064916
world,System_Graphs,System_Graphs,gl_display,0.0,0.27343095280230045,0.27343095280230045,843977.173143611,843977.173417042
world,System_Graphs,System_Graphs,recent_events,843977.124263,0.008395989425480366,69.93175798561424,843977.194184092,843977.194192488
world,System_Graphs,System_Graphs,gl_display,0.0,0.1774400006979704,0.1774400006979704,843977.205023881,843977.205201321
world,System_Graphs,System_Graphs,recent_events,843977.157773,0.008516013622283936,68.34686500951648,843977.226109987,843977.226118503
world,System_Graphs,System_Graphs,gl_display,0.0,0.15803088899701834,0.15803088899701834,843977.236412303,843977.236570334
world,System_Graphs,System_Graphs,recent_events,843977.191284,0.24257507175207138,71.05076604057103,843977.26209037,843977.262332945
world,System_Graphs,System_Graphs,gl_display,0.0,0.16476295422762632,0.16476295422762632,843977.273052342,843977.273217105
world,System_Graphs,System_Graphs,recent_events,843977.224794,0.006900983862578869,69.23136592376977,843977.294017,843977.294023901
world,System_Graphs,System_Graphs,gl_display,0.0,1.9011800177395344,1.9011800177395344,843977.304303234,843977.306204414
world,System_Graphs,System_Graphs,recent_events,843977.258304,0.003078952431678772,67.43844400625676,843977.325738979,843977.325742058
world,System_Graphs,System_Graphs,gl_display,0.0,0.061120023019611835,0.061120023019611835,843977.340497878,843977.340558998
world,System_Graphs,System_Graphs,recent_events,843977.291815,0.009577954187989235,70.35708101466298,843977.362160776,843977.362170354
world,System_Graphs,System_Graphs,gl_display,0.0,0.2159790601581335,0.2159790601581335,843977.372982134,843977.373198113
world,System_Graphs,System_Graphs,recent_events,843977.325325,0.0023311004042625427,68.37487895973027,843977.393697204,843977.393699535
world,System_Graphs,System_Graphs,gl_display,0.0,0.05111598875373602,0.05111598875373602,843977.395788284,843977.3958394
world,System_Graphs,System_Graphs,recent_events,843977.358836,0.1922770170494914,71.43324799835682,843977.430072368,843977.430264645
world,System_Graphs,System_Graphs,gl_display,0.0,0.18646498210728168,0.18646498210728168,843977.438081354,843977.438267819
world,System_Graphs,System_Graphs,recent_events,843977.392346,0.007482944056391716,69.7929949965328,843977.462130169,843977.462137652
world,System_Graphs,System_Graphs,gl_display,0.0,0.14783407095819712,0.14783407095819712,843977.472620623,843977.472768457
world,System_Graphs,System_Graphs,recent_events,843977.425856,0.01461501233279705,68.1948559358716,843977.494034175,843977.49404879
world,System_Graphs,System_Graphs,gl_display,0.0,0.158695038408041,0.158695038408041,843977.504315104,843977.504473799
world,System_Graphs,System_Graphs,recent_events,843977.459367,0.008475035429000854,70.69016492459923,843977.530046921,843977.530055396
world,System_Graphs,System_Graphs,gl_display,0.0,0.18134398851543665,0.18134398851543665,843977.540394398,843977.540575742
world,System_Graphs,System_Graphs,recent_events,843977.492877,0.007579918019473553,69.16014896705747,843977.562028115,843977.562035695
world,System_Graphs,System_Graphs,gl_display,0.0,0.16054697334766388,0.16054697334766388,843977.572230044,843977.572390591
world,System_Graphs,System_Graphs,recent_events,843977.526388,0.2349760616198182,71.92815199960023,843977.598079318,843977.598314294
world,System_Graphs,System_Graphs,gl_display,0.0,0.1681030262261629,0.1681030262261629,843977.608651688,843977.608819791
world,System_Graphs,System_Graphs,recent_events,843977.559898,0.005874084308743477,70.0480630621314,843977.629939221,843977.629945095
world,System_Graphs,System_Graphs,gl_display,0.0,0.13479695189744234,0.13479695189744234,843977.636519838,843977.636654635
world,System_Graphs,System_Graphs,recent_events,843977.593408,0.00394496601074934,68.44540499150753,843977.661848743,843977.661852688
world,System_Graphs,System_Graphs,gl_display,0.0,0.10096596088260412,0.10096596088260412,843977.665261368,843977.665362334
world,System_Graphs,System_Graphs,recent_events,843977.626919,0.0038211001083254814,70.98136807326227,843977.697895816,843977.697899637
world,System_Graphs,System_Graphs,gl_display,0.0,0.09062595199793577,0.09062595199793577,843977.701186337,843977.701276963
world,System_Graphs,System_Graphs,recent_events,843977.660429,0.0037080608308315277,69.42495296243578,843977.729849521,843977.729853229
world,System_Graphs,System_Graphs,gl_display,0.0,0.08217303548008204,0.08217303548008204,843977.733171287,843977.73325346
world,System_Graphs,System_Graphs,recent_events,843977.69394,0.09722192771732807,67.94056098442525,843977.761782826,843977.761880048
world,System_Graphs,System_Graphs,gl_display,0.0,0.05242903716862202,0.05242903716862202,843977.764055424,843977.764107853
world,System_Graphs,System_Graphs,recent_events,843977.72745,0.002335989847779274,70.24186197668314,843977.797689258,843977.797691594
world,System_Graphs,System_Graphs,gl_display,0.0,0.04070193972438574,0.04070193972438574,843977.799877156,843977.799917858
world,System_Graphs,System_Graphs,recent_events,843977.76096,0.0030989758670330048,68.81993403658271,843977.829776415,843977.829779514
world,System_Graphs,System_Graphs,gl_display,0.0,0.073009985499084,0.073009985499084,843977.838186558,843977.838259568
world,System_Graphs,System_Graphs,recent_events,843977.827981,0.003419932909309864,80.788221093826,843977.908765039,843977.908768459
world,System_Graphs,System_Graphs,gl_display,0.0,0.05551299545913935,0.05551299545913935,843977.911362342,843977.911417855
world,System_Graphs,System_Graphs,recent_events,843977.861492,0.0027710339054465294,68.21371894329786,843977.929702648,843977.929705419
world,System_Graphs,System_Graphs,gl_display,0.0,0.05094800144433975,0.05094800144433975,843977.931844307,843977.931895255
world,System_Graphs,System_Graphs,recent_events,843977.895002,0.0811100471764803,70.84170891903341,843977.965762249,843977.965843359
world,System_Graphs,System_Graphs,gl_display,0.0,0.05458202213048935,0.05458202213048935,843977.968065924,843977.968120506
world,System_Graphs,System_Graphs,recent_events,843977.928512,0.0032999087125062943,69.30105003993958,843977.99780936,843977.99781266
world,System_Graphs,System_Graphs,gl_display,0.0,0.11472299229353666,0.11472299229353666,843978.001386069,843978.001500792
world,System_Graphs,System_Graphs,recent_events,843977.962023,0.004224944859743118,67.90129095315933,843978.029919315,843978.02992354
world,System_Graphs,System_Graphs,gl_display,0.0,0.09658304043114185,0.09658304043114185,843978.033336747,843978.03343333
world,System_Graphs,System_Graphs,recent_events,843977.995533,0.0040960730984807014,70.41095406748354,843978.065939246,843978.065943342
world,System_Graphs,System_Graphs,gl_display,0.0,0.08729100227355957,0.08729100227355957,843978.069239668,843978.069326959
world,System_Graphs,System_Graphs,recent_events,843978.029044,0.004293979145586491,68.83880798704922,843978.097877884,843978.097882178
world,System_Graphs,System_Graphs,gl_display,0.0,0.09491597302258015,0.09491597302258015,843978.101276605,843978.101371521
world,System_Graphs,System_Graphs,recent_events,843978.062554,0.10892306454479694,71.57858007121831,843978.134022762,843978.134131685
world,System_Graphs,System_Graphs,gl_display,0.0,0.09784300345927477,0.09784300345927477,843978.137460306,843978.137558149
world,System_Graphs,System_Graphs,recent_events,843978.096064,0.003750086762011051,69.84294392168522,843978.165902547,843978.165906297
world,System_Graphs,System_Graphs,gl_display,0.0,0.08815410546958447,0.08815410546958447,843978.16915852,843978.169246674
world,System_Graphs,System_Graphs,recent_events,843978.129575,0.0036299461498856544,68.33793898113072,843978.197908664,843978.197912294
world,System_Graphs,System_Graphs,gl_display,0.0,0.08043204434216022,0.08043204434216022,843978.201261778,843978.20134221
world,System_Graphs,System_Graphs,recent_events,843978.163085,0.003926921635866165,70.83456800319254,843978.233914928,843978.233918855
world,System_Graphs,System_Graphs,gl_display,0.0,0.06407499313354492,0.06407499313354492,843978.236237343,843978.236301418
world,System_Graphs,System_Graphs,recent_events,843978.196596,0.0028170179575681686,69.23899496905506,843978.26583185,843978.265834667
world,System_Graphs,System_Graphs,gl_display,0.0,0.054541975259780884,0.054541975259780884,843978.267985913,843978.268040455
world,System_Graphs,System_Graphs,recent_events,843978.230106,0.07412198465317488,67.77326099108905,843978.297804701,843978.297878823
world,System_Graphs,System_Graphs,gl_display,0.0,0.0571979908272624,0.0571979908272624,843978.300284267,843978.300341465
world,System_Graphs,System_Graphs,recent_events,843978.263616,0.0027350615710020065,70.17384504433721,843978.33378683,843978.333789565
world,System_Graphs,System_Graphs,gl_display,0.0,0.059620942920446396,0.059620942920446396,843978.345541107,843978.345600728
world,System_Graphs,System_Graphs,recent_events,843978.297127,0.0023959437385201454,73.00031592603773,843978.370124678,843978.370127074
world,System_Graphs,System_Graphs,gl_display,0.0,0.04581199027597904,0.04581199027597904,843978.372400405,843978.372446217
world,System_Graphs,System_Graphs,recent_events,843978.330637,0.0033729011192917824,71.23179896734655,843978.401865047,843978.40186842
world,System_Graphs,System_Graphs,gl_display,0.0,0.05071796476840973,0.05071796476840973,843978.404005036,843978.404055754
world,System_Graphs,System_Graphs,recent_events,843978.364148,0.0024900073185563087,69.69416397623718,843978.433839337,843978.433841827
world,System_Graphs,System_Graphs,gl_display,0.0,0.05420600064098835,0.05420600064098835,843978.436029167,843978.436083373
world,System_Graphs,System_Graphs,recent_events,843978.397658,0.08316989988088608,68.23435705155134,843978.465808841,843978.465892011
world,System_Graphs,System_Graphs,gl_display,0.0,0.04974298644810915,0.04974298644810915,843978.468026225,843978.468075968
world,System_Graphs,System_Graphs,recent_events,843978.431168,0.0031320378184318542,70.72388601955026,843978.50188844,843978.501891572
world,System_Graphs,System_Graphs,gl_display,0.0,0.05164206959307194,0.05164206959307194,843978.50422144,843978.504273082
world,System_Graphs,System_Graphs,recent_events,843978.464679,0.0026739435270428658,69.18056902941316,843978.533856529,843978.533859203
world,System_Graphs,System_Graphs,gl_display,0.0,0.04874798469245434,0.04874798469245434,843978.536032282,843978.53608103
world,System_Graphs,System_Graphs,recent_events,843978.498189,0.003254041075706482,68.06185410823673,843978.566247229,843978.566250483
world,System_Graphs,System_Graphs,gl_display,0.0,0.054014031775295734,0.054014031775295734,843978.568450492,843978.568504506
world,ScreenMarkerChoreographyPlugin,ScreenMarkerChoreographyPlugin,gl_display,0.0,0.0006370246410369873,0.0006370246410369873,843973.796706786,843973.796707423
world,ScreenMarkerChoreographyPlugin,ScreenMarkerChoreographyPlugin,recent_events,843973.739712,0.01603399869054556,69.84899402596056,843973.80954453,843973.809560564
world,ScreenMarkerChoreographyPlugin,ScreenMarkerChoreographyPlugin,recent_events,843973.773223,0.014850054867565632,68.31096298992634,843973.841518755,843973.841533605
world,ScreenMarkerChoreographyPlugin,ScreenMarkerChoreographyPlugin,gl_display,0.0,0.0007170019671320915,0.0007170019671320915,843973.843996919,843973.843997636
world,ScreenMarkerChoreographyPlugin,ScreenMarkerChoreographyPlugin,recent_events,843973.806733,0.03993208520114422,71.12432003486902,843973.877815796,843973.877855728
world,ScreenMarkerChoreographyPlugin,ScreenMarkerChoreographyPlugin,gl_display,0.0,0.002330983988940716,0.002330983988940716,843973.889943029,843973.88994536
world,ScreenMarkerChoreographyPlugin,ScreenMarkerChoreographyPlugin,recent_events,843973.840244,0.05412893369793892,69.64071502443403,843973.90982892,843973.909883049
world,ScreenMarkerChoreographyPlugin,ScreenMarkerChoreographyPlugin,gl_display,0.0,0.001683947630226612,0.001683947630226612,843973.920776174,843973.920777858
world,ScreenMarkerChoreographyPlugin,ScreenMarkerChoreographyPlugin,recent_events,843973.873754,0.040964921936392784,68.09345807414502,843973.941804682,843973.941845647
world,ScreenMarkerChoreographyPlugin,ScreenMarkerChoreographyPlugin,gl_display,0.0,0.0024900073185563087,0.0024900073185563087,843973.95392335,843973.95392584
world,ScreenMarkerChoreographyPlugin,ScreenMarkerChoreographyPlugin,recent_events,843973.907264,0.04088494461029768,70.62061794567853,843973.977841436,843973.977882321
world,ScreenMarkerChoreographyPlugin,ScreenMarkerChoreographyPlugin,gl_display,0.0,0.0021170126274228096,0.0021170126274228096,843973.989273617,843973.989275734
world,ScreenMarkerChoreographyPlugin,ScreenMarkerChoreographyPlugin,recent_events,843973.940775,0.03459991421550512,69.07843402586877,843974.009817325,843974.009851925
world,ScreenMarkerChoreographyPlugin,ScreenMarkerChoreographyPlugin,gl_display,0.0,0.0018100254237651825,0.0018100254237651825,843974.020239049,843974.020240859
world,ScreenMarkerChoreographyPlugin,ScreenMarkerChoreographyPlugin,recent_events,843973.974285,0.0355839729309082,67.54812097642571,843974.041795903,843974.041831487
world,ScreenMarkerChoreographyPlugin,ScreenMarkerChoreographyPlugin,gl_display,0.0,0.0022829044610261917,0.0022829044610261917,843974.051959407,843974.05196169
world,ScreenMarkerChoreographyPlugin,ScreenMarkerChoreographyPlugin,recent_events,843974.007796,0.01763296313583851,69.78731695562601,843974.077565288,843974.077582921
world,ScreenMarkerChoreographyPlugin,ScreenMarkerChoreographyPlugin,gl_display,0.0,0.0006799818947911263,0.0006799818947911263,843974.079844675,843974.079845355
world,ScreenMarkerChoreographyPlugin,ScreenMarkerChoreographyPlugin,recent_events,843974.041306,0.017991987988352776,68.2485579745844,843974.10953621,843974.109554202
world,ScreenMarkerChoreographyPlugin,ScreenMarkerChoreographyPlugin,gl_display,0.0,0.0009490177035331726,0.0009490177035331726,843974.111721711,843974.11172266
world,ScreenMarkerChoreographyPlugin,ScreenMarkerChoreographyPlugin,recent_events,843974.074816,0.0448860228061676,71.0642400663346,843974.145833703,843974.145878589
world,ScreenMarkerChoreographyPlugin,ScreenMarkerChoreographyPlugin,gl_display,0.0,0.002288026735186577,0.002288026735186577,843974.156126168,843974.156128456
world,ScreenMarkerChoreographyPlugin,ScreenMarkerChoreographyPlugin,recent_events,843974.108327,0.03834301605820656,69.5906849578023,843974.177877376,843974.177915719
world,ScreenMarkerChoreographyPlugin,ScreenMarkerChoreographyPlugin,gl_display,0.0,0.00272504985332489,0.00272504985332489,843974.188103127,843974.188105852
world,ScreenMarkerChoreographyPlugin,ScreenMarkerChoreographyPlugin,recent_events,843974.141837,0.04481698852032423,68.03682795725763,843974.209827557,843974.209872374
world,ScreenMarkerChoreographyPlugin,ScreenMarkerChoreographyPlugin,gl_display,0.0,0.002029002644121647,0.002029002644121647,843974.219925389,843974.219927418
world,ScreenMarkerChoreographyPlugin,ScreenMarkerChoreographyPlugin,recent_events,843974.175348,0.0370759516954422,70.52402896806598,843974.245833448,843974.245870524
world,ScreenMarkerChoreographyPlugin,ScreenMarkerChoreographyPlugin,gl_display,0.0,0.002129003405570984,0.002129003405570984,843974.256340772,843974.256342901
world,ScreenMarkerChoreographyPlugin,ScreenMarkerChoreographyPlugin,recent_events,843974.208858,0.04164502024650574,69.08262299839407,843974.277897468,843974.277939113
world,ScreenMarkerChoreographyPlugin,ScreenMarkerChoreographyPlugin,gl_display,0.0,0.002501998096704483,0.002501998096704483,843974.288205114,843974.288207616
world,ScreenMarkerChoreographyPlugin,ScreenMarkerChoreographyPlugin,recent_events,843974.242368,0.04199310205876827,67.54883902613074,843974.309873218,843974.309915211
world,ScreenMarkerChoreographyPlugin,ScreenMarkerChoreographyPlugin,gl_display,0.0,0.0017139827832579613,0.0017139827832579613,843974.319957855,843974.319959569
world,ScreenMarkerChoreographyPlugin,ScreenMarkerChoreographyPlugin,recent_events,843974.275879,0.038474914617836475,69.9942420469597,843974.345832966,843974.345871441
world,ScreenMarkerChoreographyPlugin,ScreenMarkerChoreographyPlugin,gl_display,0.0,0.0018459977582097054,0.0018459977582097054,843974.357135272,843974.357137118
world,ScreenMarkerChoreographyPlugin,ScreenMarkerChoreographyPlugin,recent_events,843974.309389,0.036638928577303886,68.47205408848822,843974.37782247,843974.377859109
world,ScreenMarkerChoreographyPlugin,ScreenMarkerChoreographyPlugin,gl_display,0.0,0.0018499558791518211,0.0018499558791518211,843974.388327058,843974.388328908
world,ScreenMarkerChoreographyPlugin,ScreenMarkerChoreographyPlugin,recent_events,843974.3429,0.03805896267294884,71.00634090602398,843974.413866851,843974.41390491
world,ScreenMarkerChoreographyPlugin,ScreenMarkerChoreographyPlugin,gl_display,0.0,0.0012590317055583,0.0012590317055583,843974.422497149,843974.422498408
world,ScreenMarkerChoreographyPlugin,ScreenMarkerChoreographyPlugin,recent_events,843974.37641,0.01161801628768444,69.14683594368398,843974.4455449,843974.445556518
world,ScreenMarkerChoreographyPlugin,ScreenMarkerChoreographyPlugin,gl_display,0.0,0.0006029149517416954,0.0006029149517416954,843974.447870373,843974.447870976
world,ScreenMarkerChoreographyPlugin,ScreenMarkerChoreographyPlugin,recent_events,843974.40992,0.05080795381218195,68.21772898547351,843974.478084241,843974.478135049
world,ScreenMarkerChoreographyPlugin,ScreenMarkerChoreographyPlugin,gl_display,0.0,0.0023070024326443672,0.0023070024326443672,843974.4917478,843974.491750107
world,ScreenMarkerChoreographyPlugin,ScreenMarkerChoreographyPlugin,recent_events,843974.443431,0.039545935578644276,70.51130698528141,843974.513901017,843974.513940563
world,ScreenMarkerChoreographyPlugin,ScreenMarkerChoreographyPlugin,gl_display,0.0,0.0023229513317346573,0.0023229513317346573,843974.525569136,843974.525571459
world,ScreenMarkerChoreographyPlugin,ScreenMarkerChoreographyPlugin,recent_events,843974.476941,0.03880099393427372,68.99771408643574,843974.545898266,843974.545937067
world,ScreenMarkerChoreographyPlugin,ScreenMarkerChoreographyPlugin,gl_display,0.0,0.001827022060751915,0.001827022060751915,843974.557361203,843974.55736303
world,ScreenMarkerChoreographyPlugin,ScreenMarkerChoreographyPlugin,recent_events,843974.510452,0.038057100027799606,71.42112206202,843974.581833444,843974.581871501
world,ScreenMarkerChoreographyPlugin,ScreenMarkerChoreographyPlugin,gl_display,0.0,0.002159038558602333,0.002159038558602333,843974.593400868,843974.593403027
world,ScreenMarkerChoreographyPlugin,ScreenMarkerChoreographyPlugin,recent_events,843974.543962,0.04357704892754555,69.99948294833302,843974.613915978,843974.613959555
world,ScreenMarkerChoreographyPlugin,ScreenMarkerChoreographyPlugin,gl_display,0.0,0.002044951543211937,0.002044951543211937,843974.625447509,843974.625449554
world,ScreenMarkerChoreographyPlugin,ScreenMarkerChoreographyPlugin,recent_events,843974.577472,0.03650598227977753,68.370032007806,843974.645803798,843974.645840304
world,ScreenMarkerChoreographyPlugin,ScreenMarkerChoreographyPlugin,gl_display,0.0,0.0023939646780490875,0.0023939646780490875,843974.656616244,843974.656618638
world,ScreenMarkerChoreographyPlugin,ScreenMarkerChoreographyPlugin,recent_events,843974.610983,0.03643298987299204,70.89370593894273,843974.681838703,843974.681875136
world,ScreenMarkerChoreographyPlugin,ScreenMarkerChoreographyPlugin,gl_display,0.0,0.0023549655452370644,0.0023549655452370644,843974.69268552,843974.692687875
world,ScreenMarkerChoreographyPlugin,ScreenMarkerChoreographyPlugin,recent_events,843974.644493,0.03799702972173691,69.38088103197515,843974.713833654,843974.713871651
world,ScreenMarkerChoreographyPlugin,ScreenMarkerChoreographyPlugin,gl_display,0.0,0.0022919848561286926,0.0022919848561286926,843974.724598426,843974.724600718
world,ScreenMarkerChoreographyPlugin,ScreenMarkerChoreographyPlugin,recent_events,843974.678004,0.03642600495368242,67.82927503809333,843974.745795208,843974.745831634
world,ScreenMarkerChoreographyPlugin,ScreenMarkerChoreographyPlugin,gl_display,0.0,0.0019399449229240417,0.0019399449229240417,843974.756641075,843974.756643015
world,ScreenMarkerChoreographyPlugin,ScreenMarkerChoreographyPlugin,recent_events,843974.711514,0.04314701072871685,70.41695108637214,843974.781886042,843974.781929189
world,ScreenMarkerChoreographyPlugin,ScreenMarkerChoreographyPlugin,gl_display,0.0,0.002554035745561123,0.002554035745561123,843974.792650905,843974.792653459
world,ScreenMarkerChoreographyPlugin,ScreenMarkerChoreographyPlugin,recent_events,843974.745024,0.0353159848600626,68.82818508893251,843974.813815297,843974.813850613
world,ScreenMarkerChoreographyPlugin,ScreenMarkerChoreographyPlugin,gl_display,0.0,0.0031030504032969475,0.0031030504032969475,843974.823934409,843974.823937512
world,ScreenMarkerChoreographyPlugin,ScreenMarkerChoreographyPlugin,recent_events,843974.778535,0.03902101889252663,71.44174596760422,843974.849936233,843974.849975254
world,ScreenMarkerChoreographyPlugin,ScreenMarkerChoreographyPlugin,gl_display,0.0,0.002221902832388878,0.002221902832388878,843974.860544083,843974.860546305
world,ScreenMarkerChoreographyPlugin,ScreenMarkerChoreographyPlugin,recent_events,843974.812045,0.04156096838414669,69.87854302860796,843974.881879974,843974.881921535
world,ScreenMarkerChoreographyPlugin,ScreenMarkerChoreographyPlugin,gl_display,0.0,0.0026390189304947853,0.0026390189304947853,843974.89199696,843974.891999599
world,ScreenMarkerChoreographyPlugin,ScreenMarkerChoreographyPlugin,recent_events,843974.845556,0.03528699744492769,68.28198803123087,843974.913801031,843974.913836318
world,ScreenMarkerChoreographyPlugin,ScreenMarkerChoreographyPlugin,gl_display,0.0,0.002193031832575798,0.002193031832575798,843974.924778663,843974.924780856
world,ScreenMarkerChoreographyPlugin,ScreenMarkerChoreographyPlugin,recent_events,843974.879066,0.04313606768846512,70.81679697148502,843974.949838007,843974.949881143
world,ScreenMarkerChoreographyPlugin,ScreenMarkerChoreographyPlugin,gl_display,0.0,0.0027159694582223892,0.0027159694582223892,843974.960393453,843974.960396169
world,ScreenMarkerChoreographyPlugin,ScreenMarkerChoreographyPlugin,recent_events,843974.912576,0.04292000085115433,69.33209602721035,843974.981863471,843974.981906391
world,ScreenMarkerChoreographyPlugin,ScreenMarkerChoreographyPlugin,gl_display,0.0,0.0023300526663661003,0.0023300526663661003,843974.992037909,843974.992040239
world,ScreenMarkerChoreographyPlugin,ScreenMarkerChoreographyPlugin,recent_events,843974.946087,0.03630004357546568,67.81278608832508,843975.013861923,843975.013898223
world,ScreenMarkerChoreographyPlugin,ScreenMarkerChoreographyPlugin,gl_display,0.0,0.002211076207458973,0.002211076207458973,843975.023959701,843975.023961912
world,ScreenMarkerChoreographyPlugin,ScreenMarkerChoreographyPlugin,recent_events,843974.979597,0.03928400110453367,70.32190298195928,843975.049877783,843975.049917067
world,ScreenMarkerChoreographyPlugin,ScreenMarkerChoreographyPlugin,gl_display,0.0,0.0004200264811515808,0.0004200264811515808,843975.057399554,843975.057399974
world,ScreenMarkerChoreographyPlugin,ScreenMarkerChoreographyPlugin,recent_events,843975.013108,0.04366401117295027,68.82149400189519,843975.081884081,843975.081927745
world,ScreenMarkerChoreographyPlugin,ScreenMarkerChoreographyPlugin,gl_display,0.0,0.00246299896389246,0.00246299896389246,843975.092353122,843975.092355585
world,ScreenMarkerChoreographyPlugin,ScreenMarkerChoreographyPlugin,recent_events,843975.046618,0.042670988477766514,71.33939303457737,843975.117913263,843975.117955934
world,ScreenMarkerChoreographyPlugin,ScreenMarkerChoreographyPlugin,gl_display,0.0,0.0004200264811515808,0.0004200264811515808,843975.127466663,843975.127467083
world,ScreenMarkerChoreographyPlugin,ScreenMarkerChoreographyPlugin,recent_events,843975.080128,0.0399639829993248,69.83598798979074,843975.149922319,843975.149962283
world,ScreenMarkerChoreographyPlugin,ScreenMarkerChoreographyPlugin,gl_display,0.0,0.0022710300981998444,0.0022710300981998444,843975.160368686,843975.160370957
world,ScreenMarkerChoreographyPlugin,ScreenMarkerChoreographyPlugin,recent_events,843975.113639,0.04837906453758478,68.4696490643546,843975.182058331,843975.18210671
world,ScreenMarkerChoreographyPlugin,ScreenMarkerChoreographyPlugin,gl_display,0.0,0.002760905772447586,0.002760905772447586,843975.192425159,843975.19242792
world,ScreenMarkerChoreographyPlugin,ScreenMarkerChoreographyPlugin,recent_events,843975.147149,0.036269077099859715,70.74611203279346,843975.217857122,843975.217893391
world,ScreenMarkerChoreographyPlugin,ScreenMarkerChoreographyPlugin,gl_display,0.0,0.002451939508318901,0.002451939508318901,843975.227955876,843975.227958328
world,ScreenMarkerChoreographyPlugin,ScreenMarkerChoreographyPlugin,recent_events,843975.18066,0.03826594911515713,69.31485899258405,843975.24993464,843975.249972906
world,ScreenMarkerChoreographyPlugin,ScreenMarkerChoreographyPlugin,gl_display,0.0,0.0021470477804541588,0.0021470477804541588,843975.261215783,843975.26121793
world,ScreenMarkerChoreographyPlugin,ScreenMarkerChoreographyPlugin,recent_events,843975.21417,0.036999001167714596,67.73785897530615,843975.281869342,843975.281906341
world,ScreenMarkerChoreographyPlugin,ScreenMarkerChoreographyPlugin,gl_display,0.0,0.0020080478861927986,0.0020080478861927986,843975.292061358,843975.292063366
world,ScreenMarkerChoreographyPlugin,ScreenMarkerChoreographyPlugin,recent_events,843975.24768,0.038275960832834244,70.3044799156487,843975.31794453,843975.317982806
world,ScreenMarkerChoreographyPlugin,ScreenMarkerChoreographyPlugin,gl_display,0.0,0.002827029675245285,0.002827029675245285,843975.32817455,843975.328177377
world,ScreenMarkerChoreographyPlugin,ScreenMarkerChoreographyPlugin,recent_events,843975.281191,0.04187098238617182,68.80390492733568,843975.349951271,843975.349993142
world,ScreenMarkerChoreographyPlugin,ScreenMarkerChoreographyPlugin,gl_display,0.0,0.0020139850676059723,0.0020139850676059723,843975.360311998,843975.360314012
world,ScreenMarkerChoreographyPlugin,ScreenMarkerChoreographyPlugin,recent_events,843975.314701,0.036726007238030434,71.2313000112772,843975.38589387,843975.385930596
world,ScreenMarkerChoreographyPlugin,ScreenMarkerChoreographyPlugin,gl_display,0.0,0.0021279556676745415,0.0021279556676745415,843975.396054424,843975.396056552
world,ScreenMarkerChoreographyPlugin,ScreenMarkerChoreographyPlugin,recent_events,843975.348212,0.03963196650147438,69.66998497955501,843975.41784052,843975.417880152
world,ScreenMarkerChoreographyPlugin,ScreenMarkerChoreographyPlugin,gl_display,0.0,0.0019479775801301003,0.0019479775801301003,843975.42824734,843975.428249288
world,ScreenMarkerChoreographyPlugin,ScreenMarkerChoreographyPlugin,recent_events,843975.381722,0.04082603845745325,68.25026404112577,843975.449929887,843975.449970713
world,ScreenMarkerChoreographyPlugin,ScreenMarkerChoreographyPlugin,gl_display,0.0,0.0025639310479164124,0.0025639310479164124,843975.460622012,843975.460624576
world,ScreenMarkerChoreographyPlugin,ScreenMarkerChoreographyPlugin,recent_events,843975.415232,0.014910940080881119,70.41347597260028,843975.48563023,843975.485645141
world,ScreenMarkerChoreographyPlugin,ScreenMarkerChoreographyPlugin,gl_display,0.0,0.0007899943739175797,0.0007899943739175797,843975.487903321,843975.487904111
world,ScreenMarkerChoreographyPlugin,ScreenMarkerChoreographyPlugin,recent_events,843975.448743,0.015066005289554596,68.89038893859833,843975.517617962,843975.517633028
world,ScreenMarkerChoreographyPlugin,ScreenMarkerChoreographyPlugin,gl_display,0.0,0.0006799818947911263,0.0006799818947911263,843975.519756614,843975.519757294
world,ScreenMarkerChoreographyPlugin,ScreenMarkerChoreographyPlugin,recent_events,843975.482253,0.012638978660106659,67.32501601800323,843975.549565039,843975.549577678
world,ScreenMarkerChoreographyPlugin,ScreenMarkerChoreographyPlugin,gl_display,0.0,0.0007119961082935333,0.0007119961082935333,843975.551782753,843975.551783465
world,ScreenMarkerChoreographyPlugin,ScreenMarkerChoreographyPlugin,recent_events,843975.515764,0.0421029981225729,70.1709280256182,843975.585891024,843975.585933127
world,ScreenMarkerChoreographyPlugin,ScreenMarkerChoreographyPlugin,gl_display,0.0,0.002491055056452751,0.002491055056452751,843975.596405042,843975.596407533
world,ScreenMarkerChoreographyPlugin,ScreenMarkerChoreographyPlugin,recent_events,843975.549274,0.039582024328410625,68.61341604962945,843975.617846365,843975.617885947
world,ScreenMarkerChoreographyPlugin,ScreenMarkerChoreographyPlugin,gl_display,0.0,0.002366025000810623,0.002366025000810623,843975.628027537,843975.628029903
world,ScreenMarkerChoreographyPlugin,ScreenMarkerChoreographyPlugin,recent_events,843975.582784,0.052908086217939854,71.31357199978083,843975.654042744,843975.654095652
world,ScreenMarkerChoreographyPlugin,ScreenMarkerChoreographyPlugin,gl_display,0.0,0.0022960593923926353,0.0022960593923926353,843975.664345486,843975.664347782
world,ScreenMarkerChoreographyPlugin,ScreenMarkerChoreographyPlugin,recent_events,843975.616295,0.06976199802011251,69.75233601406217,843975.685975417,843975.686045179
world,ScreenMarkerChoreographyPlugin,ScreenMarkerChoreographyPlugin,gl_display,0.0,0.0029909424483776093,0.0029909424483776093,843975.696533593,843975.696536584
world,ScreenMarkerChoreographyPlugin,ScreenMarkerChoreographyPlugin,recent_events,843975.649805,0.03837002441287041,68.19007289595902,843975.71795468,843975.71799305
world,ScreenMarkerChoreographyPlugin,ScreenMarkerChoreographyPlugin,gl_display,0.0,0.0021149171516299248,0.0021149171516299248,843975.728481941,843975.728484056
world,ScreenMarkerChoreographyPlugin,ScreenMarkerChoreographyPlugin,recent_events,843975.683316,0.06752694025635719,70.74781495612115,843975.753994434,843975.754061961
world,ScreenMarkerChoreographyPlugin,ScreenMarkerChoreographyPlugin,gl_display,0.0,0.0023560132831335068,0.0023560132831335068,843975.764741428,843975.764743784
world,ScreenMarkerChoreographyPlugin,ScreenMarkerChoreographyPlugin,recent_events,843975.716826,0.06317405495792627,69.22353198751807,843975.785984266,843975.78604744
world,ScreenMarkerChoreographyPlugin,ScreenMarkerChoreographyPlugin,gl_display,0.0,0.0019479775801301003,0.0019479775801301003,843975.796386847,843975.796388795
world,ScreenMarkerChoreographyPlugin,ScreenMarkerChoreographyPlugin,recent_events,843975.750336,0.06633601151406765,67.69808602984995,843975.817965823,843975.818032159
world,ScreenMarkerChoreographyPlugin,ScreenMarkerChoreographyPlugin,gl_display,0.0,0.0023370375856757164,0.0023370375856757164,843975.828244929,843975.828247266
world,ScreenMarkerChoreographyPlugin,ScreenMarkerChoreographyPlugin,recent_events,843975.783847,0.0720219686627388,70.20219799596816,843975.853975184,843975.854047206
world,ScreenMarkerChoreographyPlugin,ScreenMarkerChoreographyPlugin,gl_display,0.0,0.002024928107857704,0.002024928107857704,843975.864505431,843975.864507456
world,ScreenMarkerChoreographyPlugin,ScreenMarkerChoreographyPlugin,recent_events,843975.817357,0.037604011595249176,68.6967910733074,843975.886014332,843975.886051936
world,ScreenMarkerChoreographyPlugin,ScreenMarkerChoreographyPlugin,gl_display,0.0,0.0020470470190048218,0.0020470470190048218,843975.899107644,843975.899109691
world,ScreenMarkerChoreographyPlugin,ScreenMarkerChoreographyPlugin,recent_events,843975.850868,0.038483995012938976,71.0436460794881,843975.921871083,843975.921909567
world,ScreenMarkerChoreographyPlugin,ScreenMarkerChoreographyPlugin,gl_display,0.0,0.0020900042727589607,0.0020900042727589607,843975.934133463,843975.934135553
world,ScreenMarkerChoreographyPlugin,ScreenMarkerChoreographyPlugin,recent_events,843975.884378,0.04671991337090731,69.57699393387884,843975.953906893,843975.953953613
world,ScreenMarkerChoreographyPlugin,ScreenMarkerChoreographyPlugin,gl_display,0.0,0.0018989667296409607,0.0018989667296409607,843975.965614478,843975.965616377
world,ScreenMarkerChoreographyPlugin,ScreenMarkerChoreographyPlugin,recent_events,843975.917888,0.037814024835824966,68.04918695706874,843975.985897777,843975.985935591
world,ScreenMarkerChoreographyPlugin,ScreenMarkerChoreographyPlugin,gl_display,0.0,0.0017120037227869034,0.0017120037227869034,843975.997296567,843975.997298279
world,ScreenMarkerChoreographyPlugin,ScreenMarkerChoreographyPlugin,recent_events,843975.951399,0.038000987842679024,70.54700993467122,843976.021906554,843976.021944555
world,ScreenMarkerChoreographyPlugin,ScreenMarkerChoreographyPlugin,gl_display,0.0,0.0019390136003494263,0.0019390136003494263,843976.033807269,843976.033809208
world,ScreenMarkerChoreographyPlugin,ScreenMarkerChoreographyPlugin,recent_events,843975.984909,0.03614998422563076,69.01141500566155,843976.053882452,843976.053918602
world,ScreenMarkerChoreographyPlugin,ScreenMarkerChoreographyPlugin,gl_display,0.0,0.0019220169633626938,0.0019220169633626938,843976.065327331,843976.065329253
world,ScreenMarkerChoreographyPlugin,ScreenMarkerChoreographyPlugin,recent_events,843976.01842,0.04409602843225002,71.54622196685523,843976.089919793,843976.089963889
world,ScreenMarkerChoreographyPlugin,ScreenMarkerChoreographyPlugin,gl_display,0.0,0.0019380822777748108,0.0019380822777748108,843976.102111404,843976.102113342
world,ScreenMarkerChoreographyPlugin,ScreenMarkerChoreographyPlugin,recent_events,843976.05193,0.040655024349689484,70.00757299829274,843976.121895066,843976.121935721
world,ScreenMarkerChoreographyPlugin,ScreenMarkerChoreographyPlugin,gl_display,0.0,0.0018909340724349022,0.0018909340724349022,843976.133541448,843976.133543339
world,ScreenMarkerChoreographyPlugin,ScreenMarkerChoreographyPlugin,recent_events,843976.08544,0.042075058445334435,68.53299995418638,843976.15392865,843976.153970725
world,ScreenMarkerChoreographyPlugin,ScreenMarkerChoreographyPlugin,gl_display,0.0,0.0005189795047044754,0.0005189795047044754,843976.163297485,843976.163298004
world,ScreenMarkerChoreographyPlugin,ScreenMarkerChoreographyPlugin,recent_events,843976.118951,0.035849050618708134,71.01497892290354,843976.189928414,843976.189964263
world,ScreenMarkerChoreographyPlugin,ScreenMarkerChoreographyPlugin,gl_display,0.0,0.0018200371414422989,0.0018200371414422989,843976.201678191,843976.201680011
world,ScreenMarkerChoreographyPlugin,ScreenMarkerChoreographyPlugin,recent_events,843976.152461,0.037109944969415665,69.44237696006894,843976.22186453,843976.22190164
world,ScreenMarkerChoreographyPlugin,ScreenMarkerChoreographyPlugin,gl_display,0.0,0.002045067958533764,0.002045067958533764,843976.234491322,843976.234493367
world,ScreenMarkerChoreographyPlugin,ScreenMarkerChoreographyPlugin,recent_events,843976.185972,0.04263501614332199,68.02309094928205,843976.253950355,843976.25399299
world,ScreenMarkerChoreographyPlugin,ScreenMarkerChoreographyPlugin,gl_display,0.0,0.00209989957511425,0.00209989957511425,843976.264549775,843976.264551875
world,ScreenMarkerChoreographyPlugin,ScreenMarkerChoreographyPlugin,recent_events,843976.219482,0.013023964129388332,70.22215100005269,843976.289690807,843976.289703831
world,ScreenMarkerChoreographyPlugin,ScreenMarkerChoreographyPlugin,gl_display,0.0,0.0004600733518600464,0.0004600733518600464,843976.291812926,843976.291813386
world,ScreenMarkerChoreographyPlugin,ScreenMarkerChoreographyPlugin,recent_events,843976.252992,0.017198966816067696,68.75382305588573,843976.321728238,843976.321745437
world,ScreenMarkerChoreographyPlugin,ScreenMarkerChoreographyPlugin,gl_display,0.0,0.0008969800546765327,0.0008969800546765327,843976.323908068,843976.323908965
world,ScreenMarkerChoreographyPlugin,ScreenMarkerChoreographyPlugin,recent_events,843976.286503,0.02050795592367649,71.20189908891916,843976.357683804,843976.357704312
world,ScreenMarkerChoreographyPlugin,ScreenMarkerChoreographyPlugin,gl_display,0.0,0.0011420343071222305,0.0011420343071222305,843976.362115009,843976.362116151
world,ScreenMarkerChoreographyPlugin,ScreenMarkerChoreographyPlugin,recent_events,843976.320013,0.04993204493075609,70.1237969333306,843976.390084847,843976.390134779
world,ScreenMarkerChoreographyPlugin,ScreenMarkerChoreographyPlugin,gl_display,0.0,0.0013720709830522537,0.0013720709830522537,843976.398231917,843976.398233289
world,ScreenMarkerChoreographyPlugin,ScreenMarkerChoreographyPlugin,recent_events,843976.353524,0.014613033272325993,68.10124102048576,843976.421610295,843976.421624908
world,ScreenMarkerChoreographyPlugin,ScreenMarkerChoreographyPlugin,gl_display,0.0,0.00045995693653821945,0.00045995693653821945,843976.423781008,843976.423781468
world,ScreenMarkerChoreographyPlugin,ScreenMarkerChoreographyPlugin,recent_events,843976.387034,0.046257046051323414,71.08144194353372,843976.458067469,843976.458113726
world,ScreenMarkerChoreographyPlugin,ScreenMarkerChoreographyPlugin,gl_display,0.0,0.0021191081032156944,0.0021191081032156944,843976.468312459,843976.468314578
world,ScreenMarkerChoreographyPlugin,ScreenMarkerChoreographyPlugin,recent_events,843976.420544,0.048254034481942654,69.54646704252809,843976.490040491,843976.490088745
world,ScreenMarkerChoreographyPlugin,ScreenMarkerChoreographyPlugin,gl_display,0.0,0.002768007107079029,0.002768007107079029,843976.500572874,843976.500575642
world,ScreenMarkerChoreographyPlugin,ScreenMarkerChoreographyPlugin,recent_events,843976.454055,0.01471908763051033,67.68594705499709,843976.52172587,843976.521740589
world,ScreenMarkerChoreographyPlugin,ScreenMarkerChoreographyPlugin,gl_display,0.0,0.0006259651854634285,0.0006259651854634285,843976.523896412,843976.523897038
world,ScreenMarkerChoreographyPlugin,ScreenMarkerChoreographyPlugin,recent_events,843976.487565,0.02372299786657095,70.20482304506004,843976.557745054,843976.557768777
world,ScreenMarkerChoreographyPlugin,ScreenMarkerChoreographyPlugin,gl_display,0.0,0.0016959384083747864,0.0016959384083747864,843976.563894054,843976.56389575
world,ScreenMarkerChoreographyPlugin,ScreenMarkerChoreographyPlugin,recent_events,843976.521076,0.0394569942727685,69.13971609901637,843976.590174643,843976.5902141
world,ScreenMarkerChoreographyPlugin,ScreenMarkerChoreographyPlugin,gl_display,0.0,0.002366025000810623,0.002366025000810623,843976.602306334,843976.6023087
world,ScreenMarkerChoreographyPlugin,ScreenMarkerChoreographyPlugin,recent_events,843976.554586,0.03915606066584587,71.47282094229013,843976.626017808,843976.626056964
world,ScreenMarkerChoreographyPlugin,ScreenMarkerChoreographyPlugin,gl_display,0.0,0.001627020537853241,0.001627020537853241,843976.634708375,843976.634710002
world,ScreenMarkerChoreographyPlugin,ScreenMarkerChoreographyPlugin,recent_events,843976.588096,0.03781507257372141,69.9007969815284,843976.657957468,843976.657995283
world,ScreenMarkerChoreographyPlugin,ScreenMarkerChoreographyPlugin,gl_display,0.0,0.002037966623902321,0.002037966623902321,843976.667807017,843976.667809055
world,ScreenMarkerChoreographyPlugin,ScreenMarkerChoreographyPlugin,recent_events,843976.621607,0.03764801658689976,68.27488995622844,843976.689843086,843976.689880734
world,ScreenMarkerChoreographyPlugin,ScreenMarkerChoreographyPlugin,gl_display,0.0,0.0018909340724349022,0.0018909340724349022,843976.697538938,843976.697540829
world,ScreenMarkerChoreographyPlugin,ScreenMarkerChoreographyPlugin,recent_events,843976.655117,0.011409982107579708,70.49902202561498,843976.725604251,843976.725615661
world,ScreenMarkerChoreographyPlugin,ScreenMarkerChoreographyPlugin,gl_display,0.0,0.0005570473149418831,0.0005570473149418831,843976.727676558,843976.727677115
world,ScreenMarkerChoreographyPlugin,ScreenMarkerChoreographyPlugin,recent_events,843976.688628,0.013489974662661552,69.044308969751,843976.757658394,843976.757671884
world,ScreenMarkerChoreographyPlugin,ScreenMarkerChoreographyPlugin,gl_display,0.0,0.0006030313670635223,0.0006030313670635223,843976.759932103,843976.759932706
world,ScreenMarkerChoreographyPlugin,ScreenMarkerChoreographyPlugin,recent_events,843976.722138,0.03358302637934685,67.7686930866912,843976.78987183,843976.789905413
world,ScreenMarkerChoreographyPlugin,ScreenMarkerChoreographyPlugin,gl_display,0.0,0.0017210841178894043,0.0017210841178894043,843976.797573244,843976.797574965
world,ScreenMarkerChoreographyPlugin,ScreenMarkerChoreographyPlugin,recent_events,843976.755648,0.040849088691174984,70.46612398698926,843976.826071344,843976.826112193
world,ScreenMarkerChoreographyPlugin,ScreenMarkerChoreographyPlugin,gl_display,0.0,0.0025139888748526573,0.0025139888748526573,843976.836400815,843976.836403329
world,ScreenMarkerChoreographyPlugin,ScreenMarkerChoreographyPlugin,recent_events,843976.789159,0.03691902384161949,68.78504797350615,843976.857905214,843976.857942133
world,ScreenMarkerChoreographyPlugin,ScreenMarkerChoreographyPlugin,gl_display,0.0,0.0005980255082249641,0.0005980255082249641,843976.867480239,843976.867480837
world,ScreenMarkerChoreographyPlugin,ScreenMarkerChoreographyPlugin,recent_events,843976.822669,0.012450036592781544,70.98770292941481,843976.893643918,843976.893656368
world,ScreenMarkerChoreographyPlugin,ScreenMarkerChoreographyPlugin,gl_display,0.0,0.0006409827619791031,0.0006409827619791031,843976.895705039,843976.89570568
world,ScreenMarkerChoreographyPlugin,ScreenMarkerChoreographyPlugin,recent_events,843976.85618,0.03119697794318199,69.74632304627448,843976.925893939,843976.925925136
world,ScreenMarkerChoreographyPlugin,ScreenMarkerChoreographyPlugin,gl_display,0.0,0.00246299896389246,0.00246299896389246,843976.935705893,843976.935708356
world,ScreenMarkerChoreographyPlugin,ScreenMarkerChoreographyPlugin,recent_events,843976.88969,0.03837398253381252,68.24748707003891,843976.957897427,843976.957935801
world,ScreenMarkerChoreographyPlugin,ScreenMarkerChoreographyPlugin,gl_display,0.0,0.0025710323825478554,0.0025710323825478554,843976.967935625,843976.967938196
world,ScreenMarkerChoreographyPlugin,ScreenMarkerChoreographyPlugin,recent_events,843976.9232,0.03872206434607506,70.77723403926939,843976.993936928,843976.99397565
world,ScreenMarkerChoreographyPlugin,ScreenMarkerChoreographyPlugin,gl_display,0.0,0.002569984644651413,0.002569984644651413,843977.00414369,843977.00414626
world,ScreenMarkerChoreographyPlugin,ScreenMarkerChoreographyPlugin,recent_events,843976.956711,0.0513510312885046,69.46135603357106,843977.026118226,843977.026169577
world,ScreenMarkerChoreographyPlugin,ScreenMarkerChoreographyPlugin,gl_display,0.0,0.0030909432098269463,0.0030909432098269463,843977.037535674,843977.037538765
world,ScreenMarkerChoreographyPlugin,ScreenMarkerChoreographyPlugin,recent_events,843976.990221,0.025861081667244434,67.56985792890191,843977.057763991,843977.057789852
world,ScreenMarkerChoreographyPlugin,ScreenMarkerChoreographyPlugin,gl_display,0.0,0.002810964360833168,0.002810964360833168,843977.065731965,843977.065734776
world,ScreenMarkerChoreographyPlugin,ScreenMarkerChoreographyPlugin,recent_events,843977.023732,0.0431169755756855,70.38775295950472,843977.094074728,843977.094117845
world,ScreenMarkerChoreographyPlugin,ScreenMarkerChoreographyPlugin,gl_display,0.0,0.0008270144462585449,0.0008270144462585449,843977.099609399,843977.099610226
world,ScreenMarkerChoreographyPlugin,ScreenMarkerChoreographyPlugin,recent_events,843977.057242,0.02257293090224266,68.50706902332604,843977.125725909,843977.125748482
world,ScreenMarkerChoreographyPlugin,ScreenMarkerChoreographyPlugin,gl_display,0.0,0.0016971025615930557,0.0016971025615930557,843977.129513769,843977.129515466
world,ScreenMarkerChoreographyPlugin,ScreenMarkerChoreographyPlugin,recent_events,843977.090752,0.06577593740075827,71.27591304015368,843977.161960485,843977.162026261
world,ScreenMarkerChoreographyPlugin,ScreenMarkerChoreographyPlugin,gl_display,0.0,0.003211083821952343,0.003211083821952343,843977.173099555,843977.173102766
world,ScreenMarkerChoreographyPlugin,ScreenMarkerChoreographyPlugin,recent_events,843977.124263,0.04772702232003212,69.88627405371517,843977.194098678,843977.194146405
world,ScreenMarkerChoreographyPlugin,ScreenMarkerChoreographyPlugin,gl_display,0.0,0.002903980202972889,0.002903980202972889,843977.204978055,843977.204980959
world,ScreenMarkerChoreographyPlugin,ScreenMarkerChoreographyPlugin,recent_events,843977.157773,0.04658394027501345,68.3086400385946,843977.226033458,843977.226080042
world,ScreenMarkerChoreographyPlugin,ScreenMarkerChoreographyPlugin,gl_display,0.0,0.0021890737116336823,0.0021890737116336823,843977.236382825,843977.236385014
world,ScreenMarkerChoreographyPlugin,ScreenMarkerChoreographyPlugin,recent_events,843977.191284,0.06325892172753811,70.78035909216851,843977.261999111,843977.26206237
world,ScreenMarkerChoreographyPlugin,ScreenMarkerChoreographyPlugin,gl_display,0.0,0.002646935172379017,0.002646935172379017,843977.273021343,843977.27302399
world,ScreenMarkerChoreographyPlugin,ScreenMarkerChoreographyPlugin,recent_events,843977.224794,0.03771297633647919,69.18814894743264,843977.29394301,843977.293980723
world,ScreenMarkerChoreographyPlugin,ScreenMarkerChoreographyPlugin,gl_display,0.0,0.0023579923436045647,0.0023579923436045647,843977.304261339,843977.304263697
world,ScreenMarkerChoreographyPlugin,ScreenMarkerChoreographyPlugin,recent_events,843977.258304,0.019848928786814213,67.42542702704668,843977.325709106,843977.325728955
world,ScreenMarkerChoreographyPlugin,ScreenMarkerChoreographyPlugin,gl_display,0.0,0.0010699732229113579,0.0010699732229113579,843977.340487707,843977.340488777
world,ScreenMarkerChoreographyPlugin,ScreenMarkerChoreographyPlugin,recent_events,843977.291815,0.05365803372114897,70.31543902121484,843977.362074921,843977.362128579
world,ScreenMarkerChoreographyPlugin,ScreenMarkerChoreographyPlugin,gl_display,0.0,0.0025640474632382393,0.0025640474632382393,843977.372947791,843977.372950355
world,ScreenMarkerChoreographyPlugin,ScreenMarkerChoreographyPlugin,recent_events,843977.325325,0.014172983355820179,68.36550601292402,843977.393675975,843977.393690148
world,ScreenMarkerChoreographyPlugin,ScreenMarkerChoreographyPlugin,gl_display,0.0,0.000574975274503231,0.000574975274503231,843977.395780449,843977.395781024
world,ScreenMarkerChoreographyPlugin,ScreenMarkerChoreographyPlugin,recent_events,843977.358836,0.03607291728258133,71.15471898578107,843977.429953229,843977.429989302
world,ScreenMarkerChoreographyPlugin,ScreenMarkerChoreographyPlugin,gl_display,0.0,0.0025869812816381454,0.0025869812816381454,843977.438049449,843977.438052036
world,ScreenMarkerChoreographyPlugin,ScreenMarkerChoreographyPlugin,recent_events,843977.392346,0.0520460307598114,69.75644803605974,843977.462049005,843977.462101051
world,ScreenMarkerChoreographyPlugin,ScreenMarkerChoreographyPlugin,gl_display,0.0,0.002640997990965843,0.002640997990965843,843977.472592106,843977.472594747
world,ScreenMarkerChoreographyPlugin,ScreenMarkerChoreographyPlugin,recent_events,843977.425856,0.04623096901923418,68.13692790456116,843977.493945013,843977.493991244
world,ScreenMarkerChoreographyPlugin,ScreenMarkerChoreographyPlugin,gl_display,0.0,0.0024420442059636116,0.0024420442059636116,843977.504284991,843977.504287433
world,ScreenMarkerChoreographyPlugin,ScreenMarkerChoreographyPlugin,recent_events,843977.459367,0.054868985898792744,70.65342599526048,843977.529963898,843977.530018767
world,ScreenMarkerChoreographyPlugin,ScreenMarkerChoreographyPlugin,gl_display,0.0,0.002724933438003063,0.002724933438003063,843977.540354302,843977.540357027
world,ScreenMarkerChoreographyPlugin,ScreenMarkerChoreographyPlugin,recent_events,843977.492877,0.04233198706060648,69.10815602168441,843977.561940831,843977.561983163
world,ScreenMarkerChoreographyPlugin,ScreenMarkerChoreographyPlugin,gl_display,0.0,0.0025030458346009254,0.0025030458346009254,843977.572199262,843977.572201765
world,ScreenMarkerChoreographyPlugin,ScreenMarkerChoreographyPlugin,recent_events,843977.526388,0.05705596413463354,71.65606797207147,843977.597985342,843977.598042398
world,ScreenMarkerChoreographyPlugin,ScreenMarkerChoreographyPlugin,gl_display,0.0,0.002325046807527542,0.002325046807527542,843977.608619693,843977.608622018
world,ScreenMarkerChoreographyPlugin,ScreenMarkerChoreographyPlugin,recent_events,843977.559898,0.03416708204895258,70.02175005618483,843977.629884403,843977.62991857
world,ScreenMarkerChoreographyPlugin,ScreenMarkerChoreographyPlugin,gl_display,0.0,0.002232030965387821,0.002232030965387821,843977.636497389,843977.636499621
world,ScreenMarkerChoreographyPlugin,ScreenMarkerChoreographyPlugin,recent_events,843977.593408,0.02588704228401184,68.42649099417031,843977.661807896,843977.661833783
world,ScreenMarkerChoreographyPlugin,ScreenMarkerChoreographyPlugin,gl_display,0.0,0.0014239922165870667,0.0014239922165870667,843977.665243909,843977.665245333
world,ScreenMarkerChoreographyPlugin,ScreenMarkerChoreographyPlugin,recent_events,843977.626919,0.028542010113596916,70.96074800938368,843977.697850461,843977.697879003
world,ScreenMarkerChoreographyPlugin,ScreenMarkerChoreographyPlugin,gl_display,0.0,0.0013509998098015785,0.0013509998098015785,843977.701171831,843977.701173182
world,ScreenMarkerChoreographyPlugin,ScreenMarkerChoreographyPlugin,recent_events,843977.660429,0.027026981115341187,69.4069059100002,843977.729808012,843977.729835039
world,ScreenMarkerChoreographyPlugin,ScreenMarkerChoreographyPlugin,gl_display,0.0,0.0012440141290426254,0.0012440141290426254,843977.733158235,843977.733159479
world,ScreenMarkerChoreographyPlugin,ScreenMarkerChoreographyPlugin,recent_events,843977.69394,0.019666040316224098,67.83382699359208,843977.761753778,843977.761773444
world,ScreenMarkerChoreographyPlugin,ScreenMarkerChoreographyPlugin,gl_display,0.0,0.0012730015441775322,0.0012730015441775322,843977.76404611,843977.764047383
world,ScreenMarkerChoreographyPlugin,ScreenMarkerChoreographyPlugin,recent_events,843977.72745,0.01428194809705019,70.23259904235601,843977.797668001,843977.797682283
world,ScreenMarkerChoreographyPlugin,ScreenMarkerChoreographyPlugin,gl_display,0.0,0.0006620539352297783,0.0006620539352297783,843977.799869966,843977.799870628
world,ScreenMarkerChoreographyPlugin,ScreenMarkerChoreographyPlugin,recent_events,843977.76096,0.02024706918746233,68.80526605527848,843977.829744563,843977.82976481
world,ScreenMarkerChoreographyPlugin,ScreenMarkerChoreographyPlugin,gl_display,0.0,0.0013390090316534042,0.0013390090316534042,843977.8381729,843977.838174239
world,ScreenMarkerChoreographyPlugin,ScreenMarkerChoreographyPlugin,recent_events,843977.827981,0.021434971131384373,80.77324903570116,843977.908732077,843977.908753512
world,ScreenMarkerChoreographyPlugin,ScreenMarkerChoreographyPlugin,gl_display,0.0,0.0008749775588512421,0.0008749775588512421,843977.911352381,843977.911353256
world,ScreenMarkerChoreographyPlugin,ScreenMarkerChoreographyPlugin,recent_events,843977.861492,0.017671030946075916,68.20363691076636,843977.929677545,843977.929695216
world,ScreenMarkerChoreographyPlugin,ScreenMarkerChoreographyPlugin,gl_display,0.0,0.0009430805221199989,0.0009430805221199989,843977.931835352,843977.931836295
world,ScreenMarkerChoreographyPlugin,ScreenMarkerChoreographyPlugin,recent_events,843977.895002,0.019639963284134865,70.7516570109874,843977.965733701,843977.965753341
world,ScreenMarkerChoreographyPlugin,ScreenMarkerChoreographyPlugin,gl_display,0.0,0.001166015863418579,0.001166015863418579,843977.968055786,843977.968056952
world,ScreenMarkerChoreographyPlugin,ScreenMarkerChoreographyPlugin,recent_events,843977.928512,0.022704945877194405,69.28634201176465,843977.997775168,843977.997797873
world,ScreenMarkerChoreographyPlugin,ScreenMarkerChoreographyPlugin,gl_display,0.0,0.001786043867468834,0.001786043867468834,843978.001367542,843978.001369328
world,ScreenMarkerChoreographyPlugin,ScreenMarkerChoreographyPlugin,recent_events,843977.962023,0.02752395812422037,67.88216496352106,843978.029876932,843978.029904456
world,ScreenMarkerChoreographyPlugin,ScreenMarkerChoreographyPlugin,gl_display,0.0,0.0013740500435233116,0.0013740500435233116,843978.033321166,843978.03332254
world,ScreenMarkerChoreographyPlugin,ScreenMarkerChoreographyPlugin,recent_events,843977.995533,0.025145942345261574,70.39293297566473,843978.065900121,843978.065925267
world,ScreenMarkerChoreographyPlugin,ScreenMarkerChoreographyPlugin,gl_display,0.0,0.001401989720761776,0.001401989720761776,843978.069224918,843978.06922632
world,ScreenMarkerChoreographyPlugin,ScreenMarkerChoreographyPlugin,recent_events,843978.029044,0.027141999453306198,68.8207020284608,843978.097836875,843978.097864017
world,ScreenMarkerChoreographyPlugin,ScreenMarkerChoreographyPlugin,gl_display,0.0,0.0014939578250050545,0.0014939578250050545,843978.101260843,843978.101262337
world,ScreenMarkerChoreographyPlugin,ScreenMarkerChoreographyPlugin,recent_events,843978.062554,0.026609981432557106,71.45408808719367,843978.133973196,843978.133999806
world,ScreenMarkerChoreographyPlugin,ScreenMarkerChoreographyPlugin,gl_display,0.0,0.001408974640071392,0.001408974640071392,843978.137444245,843978.137445654
world,ScreenMarkerChoreographyPlugin,ScreenMarkerChoreographyPlugin,recent_events,843978.096064,0.026797992177307606,69.82404796872288,843978.165860488,843978.165887286
world,ScreenMarkerChoreographyPlugin,ScreenMarkerChoreographyPlugin,gl_display,0.0,0.001252046786248684,0.001252046786248684,843978.16914307,843978.169144322
world,ScreenMarkerChoreographyPlugin,ScreenMarkerChoreographyPlugin,recent_events,843978.129575,0.025492976419627666,68.32091393880546,843978.197869665,843978.197895158
world,ScreenMarkerChoreographyPlugin,ScreenMarkerChoreographyPlugin,gl_display,0.0,0.0011080410331487656,0.0011080410331487656,843978.201249558,843978.201250666
world,ScreenMarkerChoreographyPlugin,ScreenMarkerChoreographyPlugin,recent_events,843978.163085,0.021314015612006187,70.81714295782149,843978.233880107,843978.233901421
world,ScreenMarkerChoreographyPlugin,ScreenMarkerChoreographyPlugin,gl_display,0.0,0.0011420343071222305,0.0011420343071222305,843978.23622566,843978.236226802
world,ScreenMarkerChoreographyPlugin,ScreenMarkerChoreographyPlugin,recent_events,843978.196596,0.019937055185437202,69.2279280629009,843978.265803574,843978.265823511
world,ScreenMarkerChoreographyPlugin,ScreenMarkerChoreographyPlugin,gl_display,0.0,0.0010579824447631836,0.0010579824447631836,843978.267976546,843978.267977604
world,ScreenMarkerChoreographyPlugin,ScreenMarkerChoreographyPlugin,recent_events,843978.230106,0.01751596573740244,67.69139203242958,843978.297779546,843978.297797062
world,ScreenMarkerChoreographyPlugin,ScreenMarkerChoreographyPlugin,gl_display,0.0,0.0009300420060753822,0.0009300420060753822,843978.300274026,843978.300274956
world,ScreenMarkerChoreographyPlugin,ScreenMarkerChoreographyPlugin,recent_events,843978.263616,0.019227038137614727,70.16159000340849,843978.333758052,843978.333777279
world,ScreenMarkerChoreographyPlugin,ScreenMarkerChoreographyPlugin,gl_display,0.0,0.0016120029613375664,0.0016120029613375664,843978.345530141,843978.345531753
world,ScreenMarkerChoreographyPlugin,ScreenMarkerChoreographyPlugin,recent_events,843978.297127,0.017830985598266125,72.99050490837544,843978.370099391,843978.370117222
world,ScreenMarkerChoreographyPlugin,ScreenMarkerChoreographyPlugin,gl_display,0.0,0.0007799826562404633,0.0007799826562404633,843978.372392417,843978.372393197
world,ScreenMarkerChoreographyPlugin,ScreenMarkerChoreographyPlugin,recent_events,843978.330637,0.018699094653129578,71.21937396004796,843978.401837298,843978.401855997
world,ScreenMarkerChoreographyPlugin,ScreenMarkerChoreographyPlugin,gl_display,0.0,0.0007790513336658478,0.0007790513336658478,843978.403992789,843978.403993568
world,ScreenMarkerChoreographyPlugin,ScreenMarkerChoreographyPlugin,recent_events,843978.364148,0.01458695624023676,69.68520698137581,843978.433818269,843978.433832856
world,ScreenMarkerChoreographyPlugin,ScreenMarkerChoreographyPlugin,gl_display,0.0,0.0005869660526514053,0.0005869660526514053,843978.436021894,843978.436022481
world,ScreenMarkerChoreographyPlugin,ScreenMarkerChoreographyPlugin,recent_events,843978.397658,0.016344944015145302,68.14350700005889,843978.465784813,843978.465801158
world,ScreenMarkerChoreographyPlugin,ScreenMarkerChoreographyPlugin,gl_display,0.0,0.0008029164746403694,0.0008029164746403694,843978.468017657,843978.46801846
world,ScreenMarkerChoreographyPlugin,ScreenMarkerChoreographyPlugin,recent_events,843978.431168,0.017425045371055603,70.71224797982723,843978.501862481,843978.501879906
world,ScreenMarkerChoreographyPlugin,ScreenMarkerChoreographyPlugin,gl_display,0.0,0.0008599599823355675,0.0008599599823355675,843978.504212914,843978.504213774
world,ScreenMarkerChoreographyPlugin,ScreenMarkerChoreographyPlugin,recent_events,843978.464679,0.01735601108521223,69.16889303829521,843978.533830168,843978.533847524
world,ScreenMarkerChoreographyPlugin,ScreenMarkerChoreographyPlugin,gl_display,0.0,0.0008010538294911385,0.0008010538294911385,843978.53602304,843978.536023841
world,ScreenMarkerChoreographyPlugin,ScreenMarkerChoreographyPlugin,recent_events,843978.498189,0.020074076019227505,68.04931000806391,843978.56621785,843978.566237924
world,ScreenMarkerChoreographyPlugin,ScreenMarkerChoreographyPlugin,gl_display,0.0,0.0011170050129294395,0.0011170050129294395,843978.568440097,843978.568441214
world,Fixation_Detector,Fixation_Detector,gl_display,0.0,0.00039709266275167465,0.00039709266275167465,843973.796704909,843973.796705306
world,Fixation_Detector,Fixation_Detector,recent_events,843973.739712,0.0036190031096339226,69.83070902060717,843973.809538728,843973.809542347
world,Fixation_Detector,Fixation_Detector,recent_events,843973.773223,0.003516091965138912,68.29426495824009,843973.841513524,843973.84151704
world,Fixation_Detector,Fixation_Detector,gl_display,0.0,0.0005259644240140915,0.0005259644240140915,843973.843994695,843973.843995221
world,Fixation_Detector,Fixation_Detector,recent_events,843973.806733,0.01130695454776287,71.07769697904587,843973.877798245,843973.877809552
world,Fixation_Detector,Fixation_Detector,gl_display,0.0,0.0021390151232481003,0.0021390151232481003,843973.889934708,843973.889936847
world,Fixation_Detector,Fixation_Detector,recent_events,843973.840244,0.017960090190172195,69.57896903622895,843973.909803015,843973.909820975
world,Fixation_Detector,Fixation_Detector,gl_display,0.0,0.0012889504432678223,0.0012889504432678223,843973.920769957,843973.920771246
world,Fixation_Detector,Fixation_Detector,recent_events,843973.873754,0.01195189543068409,68.04589403327554,843973.941786822,843973.941798774
world,Fixation_Detector,Fixation_Detector,gl_display,0.0,0.002299901098012924,0.002299901098012924,843973.953913485,843973.953915785
world,Fixation_Detector,Fixation_Detector,recent_events,843973.907264,0.014066928997635841,70.571772987023,843973.977820242,843973.977834309
world,Fixation_Detector,Fixation_Detector,gl_display,0.0,0.0014110701158642769,0.0014110701158642769,843973.989265912,843973.989267323
world,Fixation_Detector,Fixation_Detector,recent_events,843973.940775,0.010958989150822163,69.03737492393702,843974.009800378,843974.009811337
world,Fixation_Detector,Fixation_Detector,gl_display,0.0,0.0012461096048355103,0.0012461096048355103,843974.020231664,843974.02023291
world,Fixation_Detector,Fixation_Detector,recent_events,843973.974285,0.011308933608233929,67.5062129739672,843974.041778643,843974.041789952
world,Fixation_Detector,Fixation_Detector,gl_display,0.0,0.002727028913795948,0.002727028913795948,843974.051949417,843974.051952144
world,Fixation_Detector,Fixation_Detector,recent_events,843974.007796,0.004116096533834934,69.76730201859027,843974.077558921,843974.077563037
world,Fixation_Detector,Fixation_Detector,gl_display,0.0,0.00036694109439849854,0.00036694109439849854,843974.079842256,843974.079842623
world,Fixation_Detector,Fixation_Detector,recent_events,843974.041306,0.004631932824850082,68.22836399078369,843974.109529478,843974.10953411
world,Fixation_Detector,Fixation_Detector,gl_display,0.0,0.0006200280040502548,0.0006200280040502548,843974.111719135,843974.111719755
world,Fixation_Detector,Fixation_Detector,recent_events,843974.074816,0.013715005479753017,71.01105607580394,843974.145812029,843974.145825744
world,Fixation_Detector,Fixation_Detector,gl_display,0.0,0.0020309817045927048,0.0020309817045927048,843974.156117124,843974.156119155
world,Fixation_Detector,Fixation_Detector,recent_events,843974.108327,0.014264020137488842,69.54372499603778,843974.177855101,843974.177869365
world,Fixation_Detector,Fixation_Detector,gl_display,0.0,0.0018730061128735542,0.0018730061128735542,843974.188093809,843974.188095682
world,Fixation_Detector,Fixation_Detector,recent_events,843974.141837,0.01431198325008154,67.98441393766552,843974.209805545,843974.209819857
world,Fixation_Detector,Fixation_Detector,gl_display,0.0,0.001250067725777626,0.001250067725777626,843974.21991764,843974.21991889
world,Fixation_Detector,Fixation_Detector,recent_events,843974.175348,0.010684947483241558,70.48052502796054,843974.24581669,843974.245827375
world,Fixation_Detector,Fixation_Detector,gl_display,0.0,0.0018570572137832642,0.0018570572137832642,843974.25633088,843974.256332737
world,Fixation_Detector,Fixation_Detector,recent_events,843974.208858,0.011992990039288998,69.03349398635328,843974.2778783,843974.277890293
world,Fixation_Detector,Fixation_Detector,gl_display,0.0,0.002101995050907135,0.002101995050907135,843974.288197022,843974.288199124
world,Fixation_Detector,Fixation_Detector,recent_events,843974.242368,0.016764039173722267,67.49914598185569,843974.309849251,843974.309866015
world,Fixation_Detector,Fixation_Detector,gl_display,0.0,0.0014690449461340904,0.0014690449461340904,843974.319950436,843974.319951905
world,Fixation_Detector,Fixation_Detector,recent_events,843974.275879,0.012708012945950031,69.94838698301464,843974.345813282,843974.34582599
world,Fixation_Detector,Fixation_Detector,gl_display,0.0,0.0013690441846847534,0.0013690441846847534,843974.357127704,843974.357129073
world,Fixation_Detector,Fixation_Detector,recent_events,843974.309389,0.01033698208630085,68.42848903033882,843974.377806087,843974.377816424
world,Fixation_Detector,Fixation_Detector,gl_display,0.0,0.0012619420886039734,0.0012619420886039734,843974.388319795,843974.388321057
world,Fixation_Detector,Fixation_Detector,recent_events,843974.3429,0.010702991858124733,70.9613919025287,843974.413849817,843974.41386052
world,Fixation_Detector,Fixation_Detector,gl_display,0.0,0.0008799834176898003,0.0008799834176898003,843974.422493013,843974.422493893
world,Fixation_Detector,Fixation_Detector,recent_events,843974.37641,0.0033919932320713997,69.13349300157279,843974.445539823,843974.445543215
world,Fixation_Detector,Fixation_Detector,gl_display,0.0,0.0007540220394730568,0.0007540220394730568,843974.44786804,843974.447868794
world,Fixation_Detector,Fixation_Detector,recent_events,843974.40992,0.014572055079042912,68.15409299451858,843974.478057081,843974.478071653
world,Fixation_Detector,Fixation_Detector,gl_display,0.0,0.0022490276023745537,0.0022490276023745537,843974.491737644,843974.491739893
world,Fixation_Detector,Fixation_Detector,recent_events,843974.443431,0.011791009455919266,70.46373200137168,843974.513881934,843974.513893725
world,Fixation_Detector,Fixation_Detector,gl_display,0.0,0.0019640428945422173,0.0019640428945422173,843974.525560241,843974.525562205
world,Fixation_Detector,Fixation_Detector,recent_events,843974.476941,0.01202290877699852,68.95182200241834,843974.545879662,843974.545891685
world,Fixation_Detector,Fixation_Detector,gl_display,0.0,0.0014629913493990898,0.0014629913493990898,843974.557351653,843974.557353116
world,Fixation_Detector,Fixation_Detector,recent_events,843974.510452,0.012477044947445393,71.37566106393933,843974.581814155,843974.581826632
world,Fixation_Detector,Fixation_Detector,gl_display,0.0,0.0018599675968289375,0.0018599675968289375,843974.593390718,843974.593392578
world,Fixation_Detector,Fixation_Detector,recent_events,843974.543962,0.011613010428845882,69.9483739444986,843974.613897431,843974.613909044
world,Fixation_Detector,Fixation_Detector,gl_display,0.0,0.001611071638762951,0.001611071638762951,843974.625437049,843974.62543866
world,Fixation_Detector,Fixation_Detector,recent_events,843974.577472,0.011315918527543545,68.32661898806691,843974.645786258,843974.645797574
world,Fixation_Detector,Fixation_Detector,gl_display,0.0,0.0014899997040629387,0.0014899997040629387,843974.656607313,843974.656608803
world,Fixation_Detector,Fixation_Detector,recent_events,843974.610983,0.011297059245407581,70.84962795488536,843974.681820215,843974.681831512
world,Fixation_Detector,Fixation_Detector,gl_display,0.0,0.0017629936337471008,0.0017629936337471008,843974.692676917,843974.69267868
world,Fixation_Detector,Fixation_Detector,recent_events,843974.644493,0.011402997188270092,69.33498196303844,843974.713815441,843974.713826844
world,Fixation_Detector,Fixation_Detector,gl_display,0.0,0.001676962710916996,0.001676962710916996,843974.724590769,843974.724592446
world,Fixation_Detector,Fixation_Detector,recent_events,843974.678004,0.010404037311673164,67.7852489752695,843974.745776724,843974.745787128
world,Fixation_Detector,Fixation_Detector,gl_display,0.0,0.0015120021998882294,0.0015120021998882294,843974.756632883,843974.756634395
world,Fixation_Detector,Fixation_Detector,recent_events,843974.711514,0.01245096791535616,70.36596408579499,843974.781865931,843974.781878382
world,Fixation_Detector,Fixation_Detector,gl_display,0.0,0.0024189939722418785,0.0024189939722418785,843974.792640377,843974.792642796
world,Fixation_Detector,Fixation_Detector,recent_events,843974.745024,0.010682037100195885,68.78557906020433,843974.813797583,843974.813808265
world,Fixation_Detector,Fixation_Detector,gl_display,0.0,0.001576961949467659,0.001576961949467659,843974.823926348,843974.823927925
world,Fixation_Detector,Fixation_Detector,recent_events,843974.778535,0.010716961696743965,71.39552489388734,843974.84991835,843974.849929067
world,Fixation_Detector,Fixation_Detector,gl_display,0.0,0.00151805579662323,0.00151805579662323,843974.860533807,843974.860535325
world,Fixation_Detector,Fixation_Detector,recent_events,843974.812045,0.01138600055128336,69.8286829283461,843974.881860986,843974.881872372
world,Fixation_Detector,Fixation_Detector,gl_display,0.0,0.0012139789760112762,0.0012139789760112762,843974.891989414,843974.891990628
world,Fixation_Detector,Fixation_Detector,recent_events,843974.845556,0.011002062819898129,68.24049598071724,843974.913784366,843974.913795368
world,Fixation_Detector,Fixation_Detector,gl_display,0.0,0.0017910497263073921,0.0017910497263073921,843974.924769177,843974.924770968
world,Fixation_Detector,Fixation_Detector,recent_events,843974.879066,0.011036987416446209,70.7666709786281,843974.949820356,843974.949831393
world,Fixation_Detector,Fixation_Detector,gl_display,0.0,0.0020350562408566475,0.0020350562408566475,843974.960381315,843974.96038335
world,Fixation_Detector,Fixation_Detector,recent_events,843974.912576,0.010819057933986187,69.28245606832206,843974.981846457,843974.981857276
world,Fixation_Detector,Fixation_Detector,gl_display,0.0,0.0015379628166556358,0.0015379628166556358,843974.992028992,843974.99203053
world,Fixation_Detector,Fixation_Detector,recent_events,843974.946087,0.010707066394388676,67.76929902844131,843975.013844447,843975.013855154
world,Fixation_Detector,Fixation_Detector,gl_display,0.0,0.001993030309677124,0.001993030309677124,843975.023949832,843975.023951825
world,Fixation_Detector,Fixation_Detector,recent_events,843974.979597,0.010557007044553757,70.27514092624187,843975.049860333,843975.04987089
world,Fixation_Detector,Fixation_Detector,gl_display,0.0,0.0003259629011154175,0.0003259629011154175,843975.057398095,843975.057398421
world,Fixation_Detector,Fixation_Detector,recent_events,843975.013108,0.010625924915075302,68.76935297623277,843975.081865421,843975.081876047
world,Fixation_Detector,Fixation_Detector,gl_display,0.0,0.0015300465747714043,0.0015300465747714043,843975.092345516,843975.092347046
world,Fixation_Detector,Fixation_Detector,recent_events,843975.046618,0.011449912562966347,71.28977298270911,843975.117894871,843975.117906321
world,Fixation_Detector,Fixation_Detector,gl_display,0.0,0.000350060872733593,0.000350060872733593,843975.127464945,843975.127465295
world,Fixation_Detector,Fixation_Detector,recent_events,843975.080128,0.010353978723287582,69.78946295566857,843975.149905941,843975.149916295
world,Fixation_Detector,Fixation_Detector,gl_display,0.0,0.001600012183189392,0.001600012183189392,843975.160359884,843975.160361484
world,Fixation_Detector,Fixation_Detector,recent_events,843975.113639,0.013181008398532867,68.41383199207485,843975.182038099,843975.18205128
world,Fixation_Detector,Fixation_Detector,gl_display,0.0,0.0017879065126180649,0.0017879065126180649,843975.192415239,843975.192417027
world,Fixation_Detector,Fixation_Detector,recent_events,843975.147149,0.013969955034554005,70.70318004116416,843975.217836992,843975.217850962
world,Fixation_Detector,Fixation_Detector,gl_display,0.0,0.001267995685338974,0.001267995685338974,843975.227947903,843975.227949171
world,Fixation_Detector,Fixation_Detector,recent_events,843975.18066,0.011157011613249779,69.26943303551525,843975.249917088,843975.249928245
world,Fixation_Detector,Fixation_Detector,gl_display,0.0,0.0021229498088359833,0.0021229498088359833,843975.261204623,843975.261206746
world,Fixation_Detector,Fixation_Detector,recent_events,843975.21417,0.010433956049382687,67.69417796749622,843975.281852561,843975.281862995
world,Fixation_Detector,Fixation_Detector,gl_display,0.0,0.0015229452401399612,0.0015229452401399612,843975.29205337,843975.292054893
world,Fixation_Detector,Fixation_Detector,recent_events,843975.24768,0.012842938303947449,70.25834999512881,843975.317924006,843975.317936849
world,Fixation_Detector,Fixation_Detector,gl_display,0.0,0.0016150297597050667,0.0016150297597050667,843975.328164473,843975.328166088
world,Fixation_Detector,Fixation_Detector,recent_events,843975.281191,0.011419062502682209,68.75325297005475,843975.349931616,843975.349943035
world,Fixation_Detector,Fixation_Detector,gl_display,0.0,0.0017969869077205658,0.0017969869077205658,843975.360304282,843975.360306079
world,Fixation_Detector,Fixation_Detector,recent_events,843975.314701,0.011174939572811127,71.18764601182193,843975.385876349,843975.385887524
world,Fixation_Detector,Fixation_Detector,gl_display,0.0,0.0014140969142317772,0.0014140969142317772,843975.396047734,843975.396049148
world,Fixation_Detector,Fixation_Detector,recent_events,843975.348212,0.010165967978537083,69.62387298699468,843975.417824635,843975.417834801
world,Fixation_Detector,Fixation_Detector,gl_display,0.0,0.0016690464690327644,0.0016690464690327644,843975.428240199,843975.428241868
world,Fixation_Detector,Fixation_Detector,recent_events,843975.381722,0.010477961041033268,68.20243608672172,843975.449913049,843975.449923527
world,Fixation_Detector,Fixation_Detector,gl_display,0.0,0.0017919810488820076,0.0017919810488820076,843975.460611201,843975.460612993
world,Fixation_Detector,Fixation_Detector,recent_events,843975.415232,0.0034210970625281334,70.39675489068031,843975.485625107,843975.485628528
world,Fixation_Detector,Fixation_Detector,gl_display,0.0,0.0004209578037261963,0.0004209578037261963,843975.487901177,843975.487901598
world,Fixation_Detector,Fixation_Detector,recent_events,843975.448743,0.003966037184000015,68.8732739072293,843975.517612107,843975.517616073
world,Fixation_Detector,Fixation_Detector,gl_display,0.0,0.0005030306056141853,0.0005030306056141853,843975.519754532,843975.519755035
world,Fixation_Detector,Fixation_Detector,recent_events,843975.482253,0.003420049324631691,67.31091102119535,843975.549560198,843975.549563618
world,Fixation_Detector,Fixation_Detector,gl_display,0.0,0.0005820766091346741,0.0005820766091346741,843975.551780458,843975.55178104
world,Fixation_Detector,Fixation_Detector,recent_events,843975.515764,0.011402997188270092,70.12183300685138,843975.585873307,843975.58588471
world,Fixation_Detector,Fixation_Detector,gl_display,0.0,0.0018889550119638443,0.0018889550119638443,843975.596396412,843975.596398301
world,Fixation_Detector,Fixation_Detector,recent_events,843975.549274,0.01162791159003973,68.56580497696996,843975.61782716,843975.617838788
world,Fixation_Detector,Fixation_Detector,gl_display,0.0,0.0014390097931027412,0.0014390097931027412,843975.628018178,843975.628019617
world,Fixation_Detector,Fixation_Detector,recent_events,843975.582784,0.037890044040977955,71.25242403708398,843975.653997179,843975.654035069
world,Fixation_Detector,Fixation_Detector,gl_display,0.0,0.0022139865905046463,0.0022139865905046463,843975.664334269,843975.664336483
world,Fixation_Detector,Fixation_Detector,recent_events,843975.616295,0.013137003406882286,69.67433902900666,843975.685955024,843975.685968161
world,Fixation_Detector,Fixation_Detector,gl_display,0.0,0.0016809208318591118,0.0016809208318591118,843975.696523788,843975.696525469
world,Fixation_Detector,Fixation_Detector,recent_events,843975.649805,0.010997988283634186,68.14466894138604,843975.71793745,843975.717948448
world,Fixation_Detector,Fixation_Detector,gl_display,0.0,0.0014120014384388924,0.0014120014384388924,843975.728474391,843975.728475803
world,Fixation_Detector,Fixation_Detector,recent_events,843975.683316,0.01112697646021843,70.6737379077822,843975.753977431,843975.753988558
world,Fixation_Detector,Fixation_Detector,gl_display,0.0,0.0016690464690327644,0.0016690464690327644,843975.764732695,843975.764734364
world,Fixation_Detector,Fixation_Detector,recent_events,843975.716826,0.01140497624874115,69.15238802321255,843975.78596527,843975.785976675
world,Fixation_Detector,Fixation_Detector,gl_display,0.0,0.0014330726116895676,0.0014330726116895676,843975.7963801,843975.796381533
world,Fixation_Detector,Fixation_Detector,recent_events,843975.750336,0.012091943062841892,67.62383703608066,843975.817946303,843975.817958395
world,Fixation_Detector,Fixation_Detector,gl_display,0.0,0.0014419201761484146,0.0014419201761484146,843975.828237107,843975.828238549
world,Fixation_Detector,Fixation_Detector,recent_events,843975.783847,0.012670992873609066,70.12152101378888,843975.853954158,843975.853966829
world,Fixation_Detector,Fixation_Detector,gl_display,0.0,0.0012210803106427193,0.0012210803106427193,843975.864498421,843975.864499642
world,Fixation_Detector,Fixation_Detector,recent_events,843975.817357,0.011280993930995464,68.63959599286318,843975.885984019,843975.8859953
world,Fixation_Detector,Fixation_Detector,gl_display,0.0,0.0017730053514242172,0.0017730053514242172,843975.899097787,843975.89909956
world,Fixation_Detector,Fixation_Detector,recent_events,843975.850868,0.010922900401055813,70.99722302518785,843975.921853029,843975.921863952
world,Fixation_Detector,Fixation_Detector,gl_display,0.0,0.0019230647012591362,0.0019230647012591362,843975.934124453,843975.934126376
world,Fixation_Detector,Fixation_Detector,recent_events,843975.884378,0.011817901395261288,69.52197290956974,843975.953887204,843975.953899022
world,Fixation_Detector,Fixation_Detector,gl_display,0.0,0.0018830178305506706,0.0018830178305506706,843975.965606121,843975.965608004
world,Fixation_Detector,Fixation_Detector,recent_events,843975.917888,0.011421972885727882,68.00386193208396,843975.98587915,843975.985890572
world,Fixation_Detector,Fixation_Detector,gl_display,0.0,0.0012809177860617638,0.0012809177860617638,843975.997290289,843975.99729157
world,Fixation_Detector,Fixation_Detector,recent_events,843975.951399,0.011316034942865372,70.50252903718501,843976.021888962,843976.021900278
world,Fixation_Detector,Fixation_Detector,gl_display,0.0,0.001567997969686985,0.001567997969686985,843976.033798891,843976.033800459
world,Fixation_Detector,Fixation_Detector,recent_events,843975.984909,0.011241994798183441,68.96811001934111,843976.053864617,843976.053875859
world,Fixation_Detector,Fixation_Detector,gl_display,0.0,0.0011060619726777077,0.0011060619726777077,843976.065315611,843976.065316717
world,Fixation_Detector,Fixation_Detector,recent_events,843976.01842,0.014391029253602028,71.49323099292815,843976.08989722,843976.089911611
world,Fixation_Detector,Fixation_Detector,gl_display,0.0,0.0013670651242136955,0.0013670651242136955,843976.102103645,843976.102105012
world,Fixation_Detector,Fixation_Detector,recent_events,843976.05193,0.010728021152317524,69.96009708382189,843976.121878196,843976.121888924
world,Fixation_Detector,Fixation_Detector,gl_display,0.0,0.0015079276636242867,0.0015079276636242867,843976.133532974,843976.133534482
world,Fixation_Detector,Fixation_Detector,recent_events,843976.08544,0.01148204319179058,68.48283496219665,843976.153910173,843976.153921655
world,Fixation_Detector,Fixation_Detector,gl_display,0.0,0.00034098047763109207,0.00034098047763109207,843976.163295695,843976.163296036
world,Fixation_Detector,Fixation_Detector,recent_events,843976.118951,0.010527088306844234,70.97253296524286,843976.189911846,843976.189922373
world,Fixation_Detector,Fixation_Detector,gl_display,0.0,0.00179302878677845,0.00179302878677845,843976.201669683,843976.201671476
world,Fixation_Detector,Fixation_Detector,recent_events,843976.152461,0.011847936548292637,69.39790700562298,843976.221845695,843976.221857543
world,Fixation_Detector,Fixation_Detector,gl_display,0.0,0.0020900042727589607,0.0020900042727589607,843976.23448041,843976.2344825
world,Fixation_Detector,Fixation_Detector,recent_events,843976.185972,0.01235899981111288,67.97270104289055,843976.253931066,843976.253943425
world,Fixation_Detector,Fixation_Detector,gl_display,0.0,0.001593027263879776,0.001593027263879776,843976.264542362,843976.264543955
world,Fixation_Detector,Fixation_Detector,recent_events,843976.219482,0.0029490329325199127,70.20728301722556,843976.289686127,843976.289689076
world,Fixation_Detector,Fixation_Detector,gl_display,0.0,0.00026600901037454605,0.00026600901037454605,843976.29181093,843976.291811196
world,Fixation_Detector,Fixation_Detector,recent_events,843976.252992,0.004197936505079269,68.73448402620852,843976.321722056,843976.321726254
world,Fixation_Detector,Fixation_Detector,gl_display,0.0,0.0004280591383576393,0.0004280591383576393,843976.323905265,843976.323905693
world,Fixation_Detector,Fixation_Detector,recent_events,843976.286503,0.005010049790143967,71.17862103041261,843976.357676158,843976.357681168
world,Fixation_Detector,Fixation_Detector,gl_display,0.0,0.001091044396162033,0.001091044396162033,843976.36210982,843976.362110911
world,Fixation_Detector,Fixation_Detector,recent_events,843976.320013,0.013079959899187088,70.06580790039152,843976.390064516,843976.390077596
world,Fixation_Detector,Fixation_Detector,gl_display,0.0,0.000900006853044033,0.000900006853044033,843976.398227328,843976.398228228
world,Fixation_Detector,Fixation_Detector,recent_events,843976.353524,0.0037819845601916313,68.08500702027231,843976.421604931,843976.421608713
world,Fixation_Detector,Fixation_Detector,gl_display,0.0,0.000559026375412941,0.000559026375412941,843976.423778767,843976.423779326
world,Fixation_Detector,Fixation_Detector,recent_events,843976.387034,0.011777970939874649,71.02862501051277,843976.458049783,843976.458061561
world,Fixation_Detector,Fixation_Detector,gl_display,0.0,0.0018499558791518211,0.0018499558791518211,843976.468303528,843976.468305378
world,Fixation_Detector,Fixation_Detector,recent_events,843976.420544,0.01296098344027996,69.49041096959263,843976.490020192,843976.490033153
world,Fixation_Detector,Fixation_Detector,gl_display,0.0,0.0015299301594495773,0.0015299301594495773,843976.500564225,843976.500565755
world,Fixation_Detector,Fixation_Detector,recent_events,843976.454055,0.0032319221645593643,67.66907300334424,843976.521720604,843976.521723836
world,Fixation_Detector,Fixation_Detector,gl_display,0.0,0.0005279434844851494,0.0005279434844851494,843976.523894403,843976.523894931
world,Fixation_Detector,Fixation_Detector,recent_events,843976.487565,0.006071990355849266,70.17689500935376,843976.55773525,843976.557741322
world,Fixation_Detector,Fixation_Detector,gl_display,0.0,0.0013259705156087875,0.0013259705156087875,843976.56388796,843976.563889286
world,Fixation_Detector,Fixation_Detector,recent_events,843976.521076,0.013267039321362972,69.09330701455474,843976.590154875,843976.590168142
world,Fixation_Detector,Fixation_Detector,gl_display,0.0,0.002162996679544449,0.002162996679544449,843976.602295668,843976.602297831
world,Fixation_Detector,Fixation_Detector,recent_events,843976.554586,0.023651053197681904,71.42595900222659,843976.625987256,843976.626010907
world,Fixation_Detector,Fixation_Detector,gl_display,0.0,0.0012059463188052177,0.0012059463188052177,843976.634702424,843976.63470363
world,Fixation_Detector,Fixation_Detector,recent_events,843976.588096,0.010613934136927128,69.8560579912737,843976.657940363,843976.657950977
world,Fixation_Detector,Fixation_Detector,gl_display,0.0,0.0019560102373361588,0.0019560102373361588,843976.667798192,843976.667800148
world,Fixation_Detector,Fixation_Detector,recent_events,843976.621607,0.011240015737712383,68.22841800749302,843976.689823019,843976.689834259
world,Fixation_Detector,Fixation_Detector,gl_display,0.0,0.0012200325727462769,0.0012200325727462769,843976.697531407,843976.697532627
world,Fixation_Detector,Fixation_Detector,recent_events,843976.655117,0.002951943315565586,70.48604206647724,843976.725599725,843976.725602677
world,Fixation_Detector,Fixation_Detector,gl_display,0.0,0.000325031578540802,0.000325031578540802,843976.727674679,843976.727675004
world,Fixation_Detector,Fixation_Detector,recent_events,843976.688628,0.003508990630507469,69.02899802662432,843976.7576532,843976.757656709
world,Fixation_Detector,Fixation_Detector,gl_display,0.0,0.0005499459803104401,0.0005499459803104401,843976.759929916,843976.759930466
world,Fixation_Detector,Fixation_Detector,recent_events,843976.722138,0.010217074304819107,67.72882910445333,843976.789855519,843976.789865736
world,Fixation_Detector,Fixation_Detector,gl_display,0.0,0.0008649658411741257,0.0008649658411741257,843976.797567868,843976.797568733
world,Fixation_Detector,Fixation_Detector,recent_events,843976.755648,0.010739080607891083,70.41696493979543,843976.826052535,843976.826063274
world,Fixation_Detector,Fixation_Detector,gl_display,0.0,0.0016009435057640076,0.0016009435057640076,843976.836393067,843976.836394668
world,Fixation_Detector,Fixation_Detector,recent_events,843976.789159,0.010518939234316349,68.74025496654212,843976.857887214,843976.857897733
world,Fixation_Detector,Fixation_Detector,gl_display,0.0,0.0003180466592311859,0.0003180466592311859,843976.867478253,843976.867478571
world,Fixation_Detector,Fixation_Detector,recent_events,843976.822669,0.0030960654839873314,70.97324403002858,843976.893638882,843976.893641978
world,Fixation_Detector,Fixation_Detector,gl_display,0.0,0.000341096892952919,0.000341096892952919,843976.895703101,843976.895703442
world,Fixation_Detector,Fixation_Detector,recent_events,843976.85618,0.008790986612439156,69.70922800246626,843976.925879468,843976.925888259
world,Fixation_Detector,Fixation_Detector,gl_display,0.0,0.0018379651010036469,0.0018379651010036469,843976.935696466,843976.935698304
world,Fixation_Detector,Fixation_Detector,recent_events,843976.88969,0.011355034075677395,68.20166704710573,843976.957878585,843976.95788994
world,Fixation_Detector,Fixation_Detector,gl_display,0.0,0.00168592669069767,0.00168592669069767,843976.967927149,843976.967928835
world,Fixation_Detector,Fixation_Detector,recent_events,843976.9232,0.011489959433674812,70.73147501796484,843976.993918682,843976.993930172
world,Fixation_Detector,Fixation_Detector,gl_display,0.0,0.0020060688257217407,0.0020060688257217407,843977.004135269,843977.004137275
world,Fixation_Detector,Fixation_Detector,recent_events,843976.956711,0.013793003745377064,69.39770106691867,843977.026092316,843977.026106109
world,Fixation_Detector,Fixation_Detector,gl_display,0.0,0.0020390143617987633,0.0020390143617987633,843977.037525903,843977.037527942
world,Fixation_Detector,Fixation_Detector,recent_events,843976.990221,0.006899004802107811,67.5394400022924,843977.057752831,843977.05775973
world,Fixation_Detector,Fixation_Detector,gl_display,0.0,0.001895008608698845,0.001895008608698845,843977.065723139,843977.065725034
world,Fixation_Detector,Fixation_Detector,recent_events,843977.023732,0.012086005881428719,70.33709192182869,843977.094055914,843977.094068
world,Fixation_Detector,Fixation_Detector,gl_display,0.0,0.0006799818947911263,0.0006799818947911263,843977.099607248,843977.099607928
world,Fixation_Detector,Fixation_Detector,recent_events,843977.057242,0.005747075192630291,68.4807839570567,843977.125716675,843977.125722422
world,Fixation_Detector,Fixation_Detector,gl_display,0.0,0.0013700919225811958,0.0013700919225811958,843977.129508104,843977.129509474
world,Fixation_Detector,Fixation_Detector,recent_events,843977.090752,0.012181000784039497,71.2009989656508,843977.161939808,843977.161951989
world,Fixation_Detector,Fixation_Detector,gl_display,0.0,0.002503977157175541,0.002503977157175541,843977.173085339,843977.173087843
world,Fixation_Detector,Fixation_Detector,recent_events,843977.124263,0.013224082067608833,69.82718803919852,843977.19407416,843977.194087384
world,Fixation_Detector,Fixation_Detector,gl_display,0.0,0.0020390143617987633,0.0020390143617987633,843977.204965215,843977.204967254
world,Fixation_Detector,Fixation_Detector,recent_events,843977.157773,0.026980065740644932,68.25467909220606,843977.225999577,843977.226026557
world,Fixation_Detector,Fixation_Detector,gl_display,0.0,0.0014969846233725548,0.0014969846233725548,843977.236373821,843977.236375318
world,Fixation_Detector,Fixation_Detector,recent_events,843977.191284,0.01191999763250351,70.70970605127513,843977.261980305,843977.261992225
world,Fixation_Detector,Fixation_Detector,gl_display,0.0,0.002125045284628868,0.002125045284628868,843977.272996929,843977.272999054
world,Fixation_Detector,Fixation_Detector,recent_events,843977.224794,0.01138600055128336,69.14362695533782,843977.293925249,843977.293936635
world,Fixation_Detector,Fixation_Detector,gl_display,0.0,0.0023829052224755287,0.0023829052224755287,843977.304250388,843977.304252771
world,Fixation_Detector,Fixation_Detector,recent_events,843977.258304,0.005006091669201851,67.40262894891202,843977.325701227,843977.325706233
world,Fixation_Detector,Fixation_Detector,gl_display,0.0,0.0006549526005983353,0.0006549526005983353,843977.340484012,843977.340484667
world,Fixation_Detector,Fixation_Detector,recent_events,843977.291815,0.014376011677086353,70.2534819720313,843977.362052615,843977.362066991
world,Fixation_Detector,Fixation_Detector,gl_display,0.0,0.0018290011212229729,0.0018290011212229729,843977.372936072,843977.372937901
world,Fixation_Detector,Fixation_Detector,recent_events,843977.325325,0.0036889687180519104,68.34931997582316,843977.393670353,843977.393674042
world,Fixation_Detector,Fixation_Detector,gl_display,0.0,0.0005890615284442902,0.0005890615284442902,843977.395777889,843977.395778478
world,Fixation_Detector,Fixation_Detector,recent_events,843977.358836,0.009597046300768852,71.11144298687577,843977.429936343,843977.42994594
world,Fixation_Detector,Fixation_Detector,gl_display,0.0,0.0017620623111724854,0.0017620623111724854,843977.438040467,843977.438042229
world,Fixation_Detector,Fixation_Detector,recent_events,843977.392346,0.012886011973023415,69.69700800254941,843977.462028953,843977.462041839
world,Fixation_Detector,Fixation_Detector,gl_display,0.0,0.001776963472366333,0.001776963472366333,843977.472582621,843977.472584398
world,Fixation_Detector,Fixation_Detector,recent_events,843977.425856,0.011858996003866196,68.08371900115162,843977.493926551,843977.49393841
world,Fixation_Detector,Fixation_Detector,gl_display,0.0,0.0018549617379903793,0.0018549617379903793,843977.504275199,843977.504277054
world,Fixation_Detector,Fixation_Detector,recent_events,843977.459367,0.011875061318278313,70.5915589351207,843977.529945517,843977.529957392
world,Fixation_Detector,Fixation_Detector,gl_display,0.0,0.002034008502960205,0.002034008502960205,843977.540344605,843977.540346639
world,Fixation_Detector,Fixation_Detector,recent_events,843977.492877,0.01110800076276064,69.05823200941086,843977.561922965,843977.561934073
world,Fixation_Detector,Fixation_Detector,gl_display,0.0,0.0018629943951964378,0.0018629943951964378,843977.572188687,843977.57219055
world,Fixation_Detector,Fixation_Detector,recent_events,843977.526388,0.011253985576331615,71.5915160253644,843977.597967078,843977.597978332
world,Fixation_Detector,Fixation_Detector,gl_display,0.0,0.00158604234457016,0.00158604234457016,843977.608611805,843977.608613391
world,Fixation_Detector,Fixation_Detector,recent_events,843977.559898,0.008429051376879215,69.9822730384767,843977.629870905,843977.629879334
world,Fixation_Detector,Fixation_Detector,gl_display,0.0,0.0013599637895822525,0.0013599637895822525,843977.636490182,843977.636491542
world,Fixation_Detector,Fixation_Detector,recent_events,843977.593408,0.006768968887627125,68.39632010087371,843977.661796839,843977.661803608
world,Fixation_Detector,Fixation_Detector,gl_display,0.0,0.001008971594274044,0.001008971594274044,843977.665239484,843977.665240493
world,Fixation_Detector,Fixation_Detector,recent_events,843977.626919,0.006919028237462044,70.92650409322232,843977.697837867,843977.697844786
world,Fixation_Detector,Fixation_Detector,gl_display,0.0,0.00100000761449337,0.00100000761449337,843977.701167801,843977.701168801
world,Fixation_Detector,Fixation_Detector,recent_events,843977.660429,0.006536021828651428,69.37579996883869,843977.729797591,843977.729804127
world,Fixation_Detector,Fixation_Detector,gl_display,0.0,0.0007430789992213249,0.0007430789992213249,843977.733154457,843977.7331552
world,Fixation_Detector,Fixation_Detector,recent_events,843977.69394,0.004716916009783745,67.81179702375084,843977.761746761,843977.761751478
world,Fixation_Detector,Fixation_Detector,gl_display,0.0,0.0006520422175526619,0.0006520422175526619,843977.764043213,843977.764043865
world,Fixation_Detector,Fixation_Detector,recent_events,843977.72745,0.003763008862733841,70.21655794233084,843977.797662528,843977.797666291
world,Fixation_Detector,Fixation_Detector,gl_display,0.0,0.00040605664253234863,0.00040605664253234863,843977.799867861,843977.799868267
world,Fixation_Detector,Fixation_Detector,recent_events,843977.76096,0.0054390402510762215,68.7818470178172,843977.829736025,843977.829741464
world,Fixation_Detector,Fixation_Detector,gl_display,0.0,0.0006359769031405449,0.0006359769031405449,843977.83816959,843977.838170226
world,Fixation_Detector,Fixation_Detector,recent_events,843977.827981,0.005348934791982174,80.7476449990645,843977.908722538,843977.908727887
world,Fixation_Detector,Fixation_Detector,gl_display,0.0,0.0006209593266248703,0.0006209593266248703,843977.911349036,843977.911349657
world,Fixation_Detector,Fixation_Detector,recent_events,843977.861492,0.004362897016108036,68.18332790862769,843977.929670733,843977.929675096
world,Fixation_Detector,Fixation_Detector,gl_display,0.0,0.0005570473149418831,0.0005570473149418831,843977.931832513,843977.93183307
world,Fixation_Detector,Fixation_Detector,recent_events,843977.895002,0.004385947249829769,70.72915800381452,843977.965726524,843977.96573091
world,Fixation_Detector,Fixation_Detector,gl_display,0.0,0.0006079208105802536,0.0006079208105802536,843977.968052861,843977.968053469
world,Fixation_Detector,Fixation_Detector,recent_events,843977.928512,0.005826004780828953,69.2604259820655,843977.997766174,843977.997772
world,Fixation_Detector,Fixation_Detector,gl_display,0.0,0.0008729984983801842,0.0008729984983801842,843978.001361438,843978.001362311
world,Fixation_Detector,Fixation_Detector,recent_events,843977.962023,0.007001915946602821,67.85032304469496,843978.029865602,843978.029872604
world,Fixation_Detector,Fixation_Detector,gl_display,0.0,0.0008139759302139282,0.0008139759302139282,843978.033316281,843978.033317095
world,Fixation_Detector,Fixation_Detector,recent_events,843977.995533,0.006831018254160881,70.3636510297656,843978.065889163,843978.065895994
world,Fixation_Detector,Fixation_Detector,gl_display,0.0,0.0007629860192537308,0.0007629860192537308,843978.069221357,843978.06922212
world,Fixation_Detector,Fixation_Detector,recent_events,843978.029044,0.00639201607555151,68.78938805311918,843978.097826372,843978.097832764
world,Fixation_Detector,Fixation_Detector,gl_display,0.0,0.00100000761449337,0.00100000761449337,843978.101256769,843978.101257769
world,Fixation_Detector,Fixation_Detector,recent_events,843978.062554,0.0063889892771840096,71.41584507189691,843978.133962863,843978.133969252
world,Fixation_Detector,Fixation_Detector,gl_display,0.0,0.0012010568752884865,0.0012010568752884865,843978.137440266,843978.137441467
world,Fixation_Detector,Fixation_Detector,recent_events,843978.096064,0.007021008059382439,69.79261699598283,843978.165848903,843978.165855924
world,Fixation_Detector,Fixation_Detector,gl_display,0.0,0.0008309725672006607,0.0008309725672006607,843978.169139414,843978.169140245
world,Fixation_Detector,Fixation_Detector,recent_events,843978.129575,0.005875946953892708,68.29161196947098,843978.197860063,843978.197865939
world,Fixation_Detector,Fixation_Detector,gl_display,0.0,0.0007670605555176735,0.0007670605555176735,843978.201245765,843978.201246532
world,Fixation_Detector,Fixation_Detector,recent_events,843978.163085,0.00619108323007822,70.79198397696018,843978.233870075,843978.233876266
world,Fixation_Detector,Fixation_Detector,gl_display,0.0,0.0006329501047730446,0.0006329501047730446,843978.236222132,843978.236222765
world,Fixation_Detector,Fixation_Detector,recent_events,843978.196596,0.00444403849542141,69.20557899866253,843978.26579694,843978.265801384
world,Fixation_Detector,Fixation_Detector,gl_display,0.0,0.0006699701771140099,0.0006699701771140099,843978.267973989,843978.267974659
world,Fixation_Detector,Fixation_Detector,recent_events,843978.230106,0.004069996066391468,67.67136405687779,843978.297773031,843978.297777101
world,Fixation_Detector,Fixation_Detector,gl_display,0.0,0.0007150229066610336,0.0007150229066610336,843978.300270666,843978.300271381
world,Fixation_Detector,Fixation_Detector,recent_events,843978.263616,0.004501082003116608,70.13918599113822,843978.333750416,843978.333754917
world,Fixation_Detector,Fixation_Detector,gl_display,0.0,0.0005079200491309166,0.0005079200491309166,843978.345527242,843978.34552775
world,Fixation_Detector,Fixation_Detector,recent_events,843978.297127,0.00466697383671999,72.97064398881048,843978.370092637,843978.370097304
world,Fixation_Detector,Fixation_Detector,gl_display,0.0,0.0007150229066610336,0.0007150229066610336,843978.372389345,843978.37239006
world,Fixation_Detector,Fixation_Detector,recent_events,843978.330637,0.004032975994050503,71.19832397438586,843978.401831096,843978.401835129
world,Fixation_Detector,Fixation_Detector,gl_display,0.0,0.00045599881559610367,0.00045599881559610367,843978.403989976,843978.403990432
world,Fixation_Detector,Fixation_Detector,recent_events,843978.364148,0.003595021553337574,69.66882292181253,843978.433813002,843978.433816597
world,Fixation_Detector,Fixation_Detector,gl_display,0.0,0.00034598633646965027,0.00034598633646965027,843978.436019642,843978.436019988
world,Fixation_Detector,Fixation_Detector,recent_events,843978.397658,0.004269997589290142,68.12532502226532,843978.465778812,843978.465783082
world,Fixation_Detector,Fixation_Detector,gl_display,0.0,0.0005039619281888008,0.0005039619281888008,843978.468015489,843978.468015993
world,Fixation_Detector,Fixation_Detector,recent_events,843978.431168,0.004037981852889061,70.69294701796025,843978.501856707,843978.501860745
world,Fixation_Detector,Fixation_Detector,gl_display,0.0,0.0008529750630259514,0.0008529750630259514,843978.50421024,843978.504211093
world,Fixation_Detector,Fixation_Detector,recent_events,843978.464679,0.004678964614868164,69.14910103660077,843978.533823166,843978.533827845
world,Fixation_Detector,Fixation_Detector,gl_display,0.0,0.0006579793989658356,0.0006579793989658356,843978.53602054,843978.536021198
world,Fixation_Detector,Fixation_Detector,recent_events,843978.498189,0.003718072548508644,68.02596605848521,843978.566211012,843978.56621473
world,Fixation_Detector,Fixation_Detector,gl_display,0.0,0.0005320180207490921,0.0005320180207490921,843978.568437008,843978.56843754
world,Pupil_Data_Relay,Pupil_Data_Relay,recent_events,0.0,0.015925033949315548,0.015925033949315548,843965.281349766,843965.281365691
world,Pupil_Data_Relay,Pupil_Data_Relay,recent_events,843965.261581,0.03483903128653765,68.12519393861294,843965.3296692,843965.329704039
world,Pupil_Data_Relay,Pupil_Data_Relay,recent_events,843965.295092,0.023587956093251705,70.53156895563006,843965.365597439,843965.365621027
world,Pupil_Data_Relay,Pupil_Data_Relay,recent_events,843965.328602,0.017998041585087776,68.72776499949396,843965.397310892,843965.39732889
world,Pupil_Data_Relay,Pupil_Data_Relay,recent_events,843965.362112,0.01837394665926695,67.2359790187329,843965.42932877,843965.429347144
world,Pupil_Data_Relay,Pupil_Data_Relay,recent_events,843965.395623,0.017351005226373672,69.86962398514152,843965.465474446,843965.465491797
world,Pupil_Data_Relay,Pupil_Data_Relay,recent_events,843965.429133,0.04018202889710665,68.64617799874395,843965.497737037,843965.497777219
world,Pupil_Data_Relay,Pupil_Data_Relay,recent_events,843965.462644,0.030000926926732063,71.05893606785685,843965.533671385,843965.533701386
world,Pupil_Data_Relay,Pupil_Data_Relay,recent_events,843965.496154,0.022749067284166813,69.3012299016118,843965.565431712,843965.565454461
world,Pupil_Data_Relay,Pupil_Data_Relay,recent_events,843965.529664,0.03361899871379137,67.84660695120692,843965.597475464,843965.597509083
world,Pupil_Data_Relay,Pupil_Data_Relay,recent_events,843965.563175,0.008812989108264446,70.03903202712536,843965.63320471,843965.633213523
world,Pupil_Data_Relay,Pupil_Data_Relay,recent_events,843965.596685,0.014335033483803272,68.65587504580617,843965.665325715,843965.66534005
world,Pupil_Data_Relay,Pupil_Data_Relay,recent_events,843965.630196,0.014635035768151283,67.18087999615818,843965.697361322,843965.697375957
world,Pupil_Data_Relay,Pupil_Data_Relay,recent_events,843965.663706,0.01257890835404396,69.6309560444206,843965.733323525,843965.733336104
world,Pupil_Data_Relay,Pupil_Data_Relay,recent_events,843965.697216,0.016403035260736942,68.11333307996392,843965.765310119,843965.765326522
world,Pupil_Data_Relay,Pupil_Data_Relay,recent_events,843965.730727,0.012217904441058636,70.58576098643243,843965.801299773,843965.801311991
world,Pupil_Data_Relay,Pupil_Data_Relay,recent_events,843965.764237,0.014332006685435772,69.11798194050789,843965.833339753,843965.833354085
world,Pupil_Data_Relay,Pupil_Data_Relay,recent_events,843965.797748,0.014751101844012737,67.62476894073188,843965.865357242,843965.865371993
world,Pupil_Data_Relay,Pupil_Data_Relay,recent_events,843965.831258,0.018700025975704193,70.14036097098142,843965.901378946,843965.901397646
world,Pupil_Data_Relay,Pupil_Data_Relay,recent_events,843965.864768,0.013272976502776146,68.51407198701054,843965.933268392,843965.933281665
world,Pupil_Data_Relay,Pupil_Data_Relay,recent_events,843965.898279,0.01275702379643917,67.05288006924093,843965.965318233,843965.96533099
world,Pupil_Data_Relay,Pupil_Data_Relay,recent_events,843965.931789,0.01791201066225767,69.59358195308596,843966.001363837,843966.001381749
world,Pupil_Data_Relay,Pupil_Data_Relay,recent_events,843965.9653,0.016301986761391163,68.09631793294102,843966.033379121,843966.033395423
world,Pupil_Data_Relay,Pupil_Data_Relay,recent_events,843965.99881,0.017462996765971184,70.55744400713593,843966.069349164,843966.069366627
world,Pupil_Data_Relay,Pupil_Data_Relay,recent_events,843966.03232,0.020125997252762318,69.10826498642564,843966.101407237,843966.101427363
world,Pupil_Data_Relay,Pupil_Data_Relay,recent_events,843966.065831,0.013648997992277145,67.51824705861509,843966.13333477,843966.133348419
world,Pupil_Data_Relay,Pupil_Data_Relay,recent_events,843966.099341,0.014402088709175587,70.05182805005461,843966.169377583,843966.169391985
world,Pupil_Data_Relay,Pupil_Data_Relay,recent_events,843966.132852,0.01287099439650774,68.49864509422332,843966.201337034,843966.201349905
world,Pupil_Data_Relay,Pupil_Data_Relay,recent_events,843966.166362,0.013094046153128147,66.99427589774132,843966.233342255,843966.233355349
world,Pupil_Data_Relay,Pupil_Data_Relay,recent_events,843966.199872,0.012891017831861973,69.5392219349742,843966.269397372,843966.269410263
world,Pupil_Data_Relay,Pupil_Data_Relay,recent_events,843966.233383,0.01918291673064232,68.03569302428514,843966.301398657,843966.30141784
world,Pupil_Data_Relay,Pupil_Data_Relay,recent_events,843966.266893,0.019620987586677074,70.5173349706456,843966.337389868,843966.337409489
world,Pupil_Data_Relay,Pupil_Data_Relay,recent_events,843966.300404,0.011567957699298859,69.02402499690652,843966.369415596,843966.369427164
world,Pupil_Data_Relay,Pupil_Data_Relay,recent_events,843966.333914,0.015709083527326584,67.40673200692981,843966.401304727,843966.401320436
world,Pupil_Data_Relay,Pupil_Data_Relay,recent_events,843966.367424,0.010573072358965874,69.88533888943493,843966.437298402,843966.437308975
world,Pupil_Data_Relay,Pupil_Data_Relay,recent_events,843966.400935,0.01049495767802,68.3540099998936,843966.469278172,843966.469288667
world,Pupil_Data_Relay,Pupil_Data_Relay,recent_events,843966.434445,0.01256598625332117,70.85982500575483,843966.505290632,843966.505303198
world,Pupil_Data_Relay,Pupil_Data_Relay,recent_events,843966.467956,0.011484022252261639,69.34458902105689,843966.537288772,843966.537300256
world,Pupil_Data_Relay,Pupil_Data_Relay,recent_events,843966.501466,0.01080601941794157,67.83855298999697,843966.569293463,843966.569304269
world,Pupil_Data_Relay,Pupil_Data_Relay,recent_events,843966.534976,0.009309966117143631,70.33721706829965,843966.605303597,843966.605312907
world,Pupil_Data_Relay,Pupil_Data_Relay,recent_events,843966.568487,0.011157011613249779,68.83468199521303,843966.637310199,843966.637321356
world,Pupil_Data_Relay,Pupil_Data_Relay,recent_events,843966.601997,0.011723022907972336,67.33140698634088,843966.669316342,843966.669328065
world,Pupil_Data_Relay,Pupil_Data_Relay,recent_events,843966.635508,0.015658093616366386,69.80286596808583,843966.705294826,843966.705310484
world,Pupil_Data_Relay,Pupil_Data_Relay,recent_events,843966.669018,0.012847944162786007,68.29802098218352,843966.737302775,843966.737315623
world,Pupil_Data_Relay,Pupil_Data_Relay,recent_events,843966.702528,0.016606994904577732,70.82138606347144,843966.773332369,843966.773348976
world,Pupil_Data_Relay,Pupil_Data_Relay,recent_events,843966.736039,0.009758048690855503,69.28658403921872,843966.805315475,843966.805325233
world,Pupil_Data_Relay,Pupil_Data_Relay,recent_events,843966.769549,0.009233015589416027,67.74011999368668,843966.83727954,843966.837288773
world,Pupil_Data_Relay,Pupil_Data_Relay,recent_events,843966.80306,0.01265108585357666,70.27273008134216,843966.873319704,843966.873332355
world,Pupil_Data_Relay,Pupil_Data_Relay,recent_events,843966.83657,0.012147007510066032,68.7694299267605,843966.905326943,843966.90533909
world,Pupil_Data_Relay,Pupil_Data_Relay,recent_events,843966.87008,0.010424992069602013,67.20095803029835,843966.937270103,843966.937280528
world,Pupil_Data_Relay,Pupil_Data_Relay,recent_events,843966.903591,0.008678995072841644,69.69717994797975,843966.973279111,843966.97328779
world,Pupil_Data_Relay,Pupil_Data_Relay,recent_events,843966.937101,0.012721982784569263,68.24593001510948,843967.005333712,843967.005346434
world,Pupil_Data_Relay,Pupil_Data_Relay,recent_events,843966.970612,0.014181016013026237,70.78108901623636,843967.041378593,843967.041392774
world,Pupil_Data_Relay,Pupil_Data_Relay,recent_events,843967.004122,0.011274009011685848,69.26292704883963,843967.07337285,843967.073384124
world,Pupil_Data_Relay,Pupil_Data_Relay,recent_events,843967.037632,0.011019059456884861,67.6769349956885,843967.105297584,843967.105308603
world,Pupil_Data_Relay,Pupil_Data_Relay,recent_events,843967.071143,0.015473924577236176,70.19309792667627,843967.141320229,843967.141335703
world,Pupil_Data_Relay,Pupil_Data_Relay,recent_events,843967.104653,0.013625947758555412,68.672836991027,843967.173311806,843967.173325432
world,Pupil_Data_Relay,Pupil_Data_Relay,recent_events,843967.138164,0.011413008905947208,67.16702203266323,843967.205319265,843967.205330678
world,Pupil_Data_Relay,Pupil_Data_Relay,recent_events,843967.171674,0.013611046597361565,69.67585405800492,843967.241335796,843967.241349407
world,Pupil_Data_Relay,Pupil_Data_Relay,recent_events,843967.205184,0.014600926078855991,68.19867703597993,843967.273367614,843967.273382215
world,Pupil_Data_Relay,Pupil_Data_Relay,recent_events,843967.238695,0.014691962860524654,70.65370003692806,843967.309333616,843967.309348308
world,Pupil_Data_Relay,Pupil_Data_Relay,recent_events,843967.272205,0.009526032954454422,69.10421093925834,843967.341299332,843967.341308858
world,Pupil_Data_Relay,Pupil_Data_Relay,recent_events,843967.305716,0.009514973498880863,67.611841019243,843967.373317932,843967.373327447
world,Pupil_Data_Relay,Pupil_Data_Relay,recent_events,843967.339226,0.013445969671010971,70.07165998220444,843967.409283757,843967.409297203
world,Pupil_Data_Relay,Pupil_Data_Relay,recent_events,843967.372736,0.010051997378468513,68.63104901276529,843967.441356581,843967.441366633
world,Pupil_Data_Relay,Pupil_Data_Relay,recent_events,843967.406247,0.010755960829555988,67.08556297235191,843967.473321447,843967.473332203
world,Pupil_Data_Relay,Pupil_Data_Relay,recent_events,843967.439757,0.010296935215592384,69.63021506089717,843967.509376505,843967.509386802
world,Pupil_Data_Relay,Pupil_Data_Relay,recent_events,843967.473268,0.009051058441400528,68.0418040137738,843967.541300396,843967.541309447
world,Pupil_Data_Relay,Pupil_Data_Relay,recent_events,843967.506778,0.01702294684946537,70.65715896897018,843967.577417199,843967.577434222
world,Pupil_Data_Relay,Pupil_Data_Relay,recent_events,843967.540288,0.024246983230113983,69.21294098719954,843967.609475764,843967.609500011
world,Pupil_Data_Relay,Pupil_Data_Relay,recent_events,843967.573799,0.020154984667897224,67.65970797277987,843967.641437691,843967.641457846
world,Pupil_Data_Relay,Pupil_Data_Relay,recent_events,843967.607309,0.015914090909063816,70.15553605742753,843967.677447783,843967.677463697
world,Pupil_Data_Relay,Pupil_Data_Relay,recent_events,843967.64082,0.014538993127644062,68.65617202129215,843967.709460805,843967.709475344
world,Pupil_Data_Relay,Pupil_Data_Relay,recent_events,843967.67433,0.01708907075226307,67.12020107079297,843967.741432166,843967.741449255
world,Pupil_Data_Relay,Pupil_Data_Relay,recent_events,843967.70784,0.014844932593405247,69.4866799749434,843967.777311451,843967.777326296
world,Pupil_Data_Relay,Pupil_Data_Relay,recent_events,843967.741351,0.006712973117828369,67.93705897871405,843967.809281022,843967.809287735
world,Pupil_Data_Relay,Pupil_Data_Relay,recent_events,843967.774861,0.005926936864852905,81.5931640099734,843967.856447855,843967.856453782
world,Pupil_Data_Relay,Pupil_Data_Relay,recent_events,843967.808372,0.009590061381459236,68.96382803097367,843967.877325887,843967.877335477
world,Pupil_Data_Relay,Pupil_Data_Relay,recent_events,843967.841882,0.013985903933644295,67.55441997665912,843967.909422056,843967.909436042
world,Pupil_Data_Relay,Pupil_Data_Relay,recent_events,843967.875392,0.012986944057047367,69.95387503411621,843967.945332509,843967.945345496
world,Pupil_Data_Relay,Pupil_Data_Relay,recent_events,843967.908903,0.012143049389123917,68.45430401153862,843967.977344768,843967.977356911
world,Pupil_Data_Relay,Pupil_Data_Relay,recent_events,843967.942413,0.016589998267591,70.94913790933788,843968.013345116,843968.013361706
world,Pupil_Data_Relay,Pupil_Data_Relay,recent_events,843967.975924,0.012345961295068264,69.46667097508907,843968.045377518,843968.045389864
world,Pupil_Data_Relay,Pupil_Data_Relay,recent_events,843968.009434,0.0037710415199398994,83.36199796758592,843968.092791899,843968.09279567
world,Pupil_Data_Relay,Pupil_Data_Relay,recent_events,843968.042944,0.009499955922365189,70.37856499664485,843968.113312699,843968.113322199
world,Pupil_Data_Relay,Pupil_Data_Relay,recent_events,843968.076455,0.008628005161881447,68.86209407821298,843968.145308101,843968.145316729
world,Pupil_Data_Relay,Pupil_Data_Relay,recent_events,843968.109965,0.02248596865683794,67.60281010065228,843968.17754362,843968.177566106
world,Pupil_Data_Relay,Pupil_Data_Relay,recent_events,843968.143476,0.04159403033554554,70.23462792858481,843968.213667521,843968.213709115
world,Pupil_Data_Relay,Pupil_Data_Relay,recent_events,843968.176986,0.03827200271189213,68.69978702161461,843968.245645609,843968.245683881
world,Pupil_Data_Relay,Pupil_Data_Relay,recent_events,843968.210496,0.013251090422272682,70.87552198208869,843968.281357843,843968.281371094
world,Pupil_Data_Relay,Pupil_Data_Relay,recent_events,843968.244007,0.020165927708148956,69.41050698515028,843968.313396843,843968.313417009
world,Pupil_Data_Relay,Pupil_Data_Relay,recent_events,843968.277517,0.025609973818063736,68.09135398361832,843968.345580274,843968.345605884
world,Pupil_Data_Relay,Pupil_Data_Relay,recent_events,843968.311028,0.007744063623249531,70.29165199492127,843968.3813115,843968.381319244
world,Pupil_Data_Relay,Pupil_Data_Relay,recent_events,843968.344538,0.012291944585740566,68.81344108842313,843968.413338753,843968.413351045
world,Pupil_Data_Relay,Pupil_Data_Relay,recent_events,843968.378048,0.010149902664124966,67.32933595776558,843968.445366846,843968.445376996
world,Pupil_Data_Relay,Pupil_Data_Relay,recent_events,843968.411559,0.009777955710887909,69.80318098794669,843968.481351919,843968.481361697
world,Pupil_Data_Relay,Pupil_Data_Relay,recent_events,843968.445069,0.011830008588731289,68.28543194569647,843968.513342196,843968.513354026
world,Pupil_Data_Relay,Pupil_Data_Relay,recent_events,843968.47858,0.025445944629609585,71.06263097375631,843968.549615437,843968.549640883
world,Pupil_Data_Relay,Pupil_Data_Relay,recent_events,843968.51209,0.007045920938253403,69.23532905057073,843968.581317872,843968.581324918
world,Pupil_Data_Relay,Pupil_Data_Relay,recent_events,843968.5456,0.011392985470592976,67.76395905762911,843968.613348098,843968.613359491
world,Pupil_Data_Relay,Pupil_Data_Relay,recent_events,843968.579111,0.01122301910072565,70.27954293880612,843968.649378959,843968.649390182
world,Pupil_Data_Relay,Pupil_Data_Relay,recent_events,843968.612621,0.008424976840615273,68.72360093984753,843968.68133586,843968.681344285
world,Pupil_Data_Relay,Pupil_Data_Relay,recent_events,843968.646132,0.008149072527885437,67.18812498729676,843968.713311457,843968.713319606
world,Pupil_Data_Relay,Pupil_Data_Relay,recent_events,843968.679642,0.008082948625087738,69.71654505468905,843968.749350106,843968.749358189
world,Pupil_Data_Relay,Pupil_Data_Relay,recent_events,843968.713152,0.008416012860834599,68.24245501775295,843968.7813856,843968.781394016
world,Pupil_Data_Relay,Pupil_Data_Relay,recent_events,843968.746663,0.007624039426445961,70.74555801227689,843968.817400562,843968.817408186
world,Pupil_Data_Relay,Pupil_Data_Relay,recent_events,843968.780173,0.008687959052622318,69.22350300010294,843968.849387445,843968.849396133
world,Pupil_Data_Relay,Pupil_Data_Relay,recent_events,843968.813684,0.014569959603250027,67.69330194219947,843968.881362268,843968.881376838
world,Pupil_Data_Relay,Pupil_Data_Relay,recent_events,843968.847194,0.02521905116736889,70.32457797322422,843968.917492518,843968.917517737
world,Pupil_Data_Relay,Pupil_Data_Relay,recent_events,843968.981236,0.0077500008046627045,80.65014600288123,843969.061877538,843969.061885288
world,Pupil_Data_Relay,Pupil_Data_Relay,recent_events,843969.014746,0.024621025659143925,70.7840780960396,843969.085504554,843969.085529175
world,Pupil_Data_Relay,Pupil_Data_Relay,recent_events,843969.048256,0.01731503289192915,69.28240298293531,843969.117517459,843969.117534774
world,Pupil_Data_Relay,Pupil_Data_Relay,recent_events,843969.081767,0.012012897059321404,67.70675594452769,843969.149460889,843969.149472902
world,Pupil_Data_Relay,Pupil_Data_Relay,recent_events,843969.115277,0.01196097582578659,70.23298204876482,843969.185492015,843969.185503976
world,Pupil_Data_Relay,Pupil_Data_Relay,recent_events,843969.148788,0.015125959180295467,68.66880797315389,843969.21744128,843969.217456406
world,Pupil_Data_Relay,Pupil_Data_Relay,recent_events,843969.182298,0.014616060070693493,67.14321905747056,843969.24942613,843969.249440746
world,Pupil_Data_Relay,Pupil_Data_Relay,recent_events,843969.215808,0.018302001990377903,69.63965110480785,843969.28542901,843969.285447312
world,Pupil_Data_Relay,Pupil_Data_Relay,recent_events,843969.249319,0.018202001228928566,68.16738797351718,843969.317467795,843969.317485997
world,Pupil_Data_Relay,Pupil_Data_Relay,recent_events,843969.282829,0.01732597593218088,70.60850493144244,843969.353419785,843969.353437111
world,Pupil_Data_Relay,Pupil_Data_Relay,recent_events,843969.31634,0.019712024368345737,69.1279909806326,843969.385447896,843969.385467608
world,Pupil_Data_Relay,Pupil_Data_Relay,recent_events,843969.34985,0.05024007987231016,67.59436905849725,843969.417393543,843969.417443783
world,Pupil_Data_Relay,Pupil_Data_Relay,recent_events,843969.38336,0.01649698242545128,70.07264904677868,843969.453415705,843969.453432202
world,Pupil_Data_Relay,Pupil_Data_Relay,recent_events,843969.416871,0.06967002991586924,68.67099599912763,843969.485471271,843969.485540941
world,Pupil_Data_Relay,Pupil_Data_Relay,recent_events,843969.450381,0.02310692798346281,71.12885406240821,843969.521485827,843969.521508934
world,Pupil_Data_Relay,Pupil_Data_Relay,recent_events,843969.483892,0.013513024896383286,69.57640091422945,843969.553454146,843969.553467659
world,Pupil_Data_Relay,Pupil_Data_Relay,recent_events,843969.517402,0.01725694164633751,68.08249396272004,843969.585466461,843969.585483718
world,Pupil_Data_Relay,Pupil_Data_Relay,recent_events,843969.550912,0.009480980224907398,70.56331296917051,843969.621465232,843969.621474713
world,Pupil_Data_Relay,Pupil_Data_Relay,recent_events,843969.584423,0.035519013181328773,69.30262106470764,843969.653688455,843969.653723974
world,Pupil_Data_Relay,Pupil_Data_Relay,recent_events,843969.617933,0.03666791599243879,67.78658903203905,843969.685680835,843969.685717503
world,Pupil_Data_Relay,Pupil_Data_Relay,recent_events,843969.651444,0.03950996324419975,70.30742999631912,843969.721710065,843969.721749575
world,Pupil_Data_Relay,Pupil_Data_Relay,recent_events,843969.684954,0.036804936826229095,68.749985890463,843969.753665014,843969.753701819
world,Pupil_Data_Relay,Pupil_Data_Relay,recent_events,843969.718464,0.027322908863425255,71.1666209390387,843969.789601688,843969.789629011
world,Pupil_Data_Relay,Pupil_Data_Relay,recent_events,843969.751975,0.022230902686715126,69.66461893171072,843969.821615298,843969.821637529
world,Pupil_Data_Relay,Pupil_Data_Relay,recent_events,843969.785485,0.046069035306572914,68.22556001134217,843969.853662281,843969.85370835
world,Pupil_Data_Relay,Pupil_Data_Relay,recent_events,843969.818996,0.03691297024488449,70.729976054281,843969.889687262,843969.889724175
world,Pupil_Data_Relay,Pupil_Data_Relay,recent_events,843969.852506,0.036263023503124714,69.27744403947145,843969.921745428,843969.921781691
world,Pupil_Data_Relay,Pupil_Data_Relay,recent_events,843969.886016,0.03635999746620655,67.78098701033741,843969.953758799,843969.953795159
world,Pupil_Data_Relay,Pupil_Data_Relay,recent_events,843969.919527,0.04445505328476429,70.32299297861755,843969.989802446,843969.989846901
world,Pupil_Data_Relay,Pupil_Data_Relay,recent_events,843969.953037,0.04545203410089016,68.8238269649446,843970.021812223,843970.021857675
world,Pupil_Data_Relay,Pupil_Data_Relay,recent_events,843969.986548,0.041962950490415096,71.22040796093643,843970.057724619,843970.057766582
world,Pupil_Data_Relay,Pupil_Data_Relay,recent_events,843970.020058,0.036897952668368816,69.68187901657075,843970.089701395,843970.089738293
world,Pupil_Data_Relay,Pupil_Data_Relay,recent_events,843970.053568,0.03660109359771013,68.14887200016528,843970.121678729,843970.12171533
world,Pupil_Data_Relay,Pupil_Data_Relay,recent_events,843970.087079,0.03682402893900871,70.64053101930767,843970.157681034,843970.157717858
world,Pupil_Data_Relay,Pupil_Data_Relay,recent_events,843970.120589,0.03606406971812248,69.15802892763168,843970.189709149,843970.189745213
world,Pupil_Data_Relay,Pupil_Data_Relay,recent_events,843970.1541,0.04757195711135864,67.67174496781081,843970.221722112,843970.221769684
world,Pupil_Data_Relay,Pupil_Data_Relay,recent_events,843970.18761,0.04291802179068327,70.10533998254687,843970.257670639,843970.257713557
world,Pupil_Data_Relay,Pupil_Data_Relay,recent_events,843970.22112,0.028736074455082417,68.57569597195834,843970.289665527,843970.289694263
world,Pupil_Data_Relay,Pupil_Data_Relay,recent_events,843970.254631,0.03643101081252098,71.09892799053341,843970.325691602,843970.325728033
world,Pupil_Data_Relay,Pupil_Data_Relay,recent_events,843970.288141,0.038149068132042885,69.64966200757772,843970.357750685,843970.357788834
world,Pupil_Data_Relay,Pupil_Data_Relay,recent_events,843970.321652,0.03714801277965307,68.10761301312596,843970.389720947,843970.389758095
world,Pupil_Data_Relay,Pupil_Data_Relay,recent_events,843970.355162,0.02630706876516342,70.42716699652374,843970.425561284,843970.425587591
world,Pupil_Data_Relay,Pupil_Data_Relay,recent_events,843970.388672,0.011835014447569847,68.75575601588935,843970.45741559,843970.457427425
world,Pupil_Data_Relay,Pupil_Data_Relay,recent_events,843970.422183,0.01951400190591812,67.28497799485922,843970.48944805,843970.489467564
world,Pupil_Data_Relay,Pupil_Data_Relay,recent_events,843970.455693,0.018194084987044334,69.8107989737764,843970.525485182,843970.525503376
world,Pupil_Data_Relay,Pupil_Data_Relay,recent_events,843970.489204,0.022212974727153778,68.34589003119618,843970.557526697,843970.55754891
world,Pupil_Data_Relay,Pupil_Data_Relay,recent_events,843970.522714,0.026468071155250072,70.89970808010548,843970.593586308,843970.593612776
world,Pupil_Data_Relay,Pupil_Data_Relay,recent_events,843970.556224,0.023117056116461754,69.37596993520856,843970.625576005,843970.625599122
world,Pupil_Data_Relay,Pupil_Data_Relay,recent_events,843970.589735,0.022460008040070534,67.84868997056037,843970.657560413,843970.657582873
world,Pupil_Data_Relay,Pupil_Data_Relay,recent_events,843970.623245,0.02461101394146681,70.34539396408945,843970.693564855,843970.693589466
world,Pupil_Data_Relay,Pupil_Data_Relay,recent_events,843970.656756,0.02410693559795618,68.8924869755283,843970.725623526,843970.725647633
world,Pupil_Data_Relay,Pupil_Data_Relay,recent_events,843970.690266,0.014360994100570679,67.27607001084834,843970.757526883,843970.757541244
world,Pupil_Data_Relay,Pupil_Data_Relay,recent_events,843970.723776,0.015448080375790596,69.87404404208064,843970.793633738,843970.793649186
world,Pupil_Data_Relay,Pupil_Data_Relay,recent_events,843970.757287,0.02463103737682104,68.43260303139687,843970.825694137,843970.825718768
world,Pupil_Data_Relay,Pupil_Data_Relay,recent_events,843970.790797,0.02046092413365841,70.81731897778809,843970.861593503,843970.861613964
world,Pupil_Data_Relay,Pupil_Data_Relay,recent_events,843970.824308,0.01570500899106264,69.33852890506387,843970.893630014,843970.893645719
world,Pupil_Data_Relay,Pupil_Data_Relay,recent_events,843970.857818,0.026240944862365723,67.85311200655997,843970.925643894,843970.925670135
world,Pupil_Data_Relay,Pupil_Data_Relay,recent_events,843970.891328,0.015666009858250618,70.34868001937866,843970.961660055,843970.961675721
world,Pupil_Data_Relay,Pupil_Data_Relay,recent_events,843970.924839,0.014452962204813957,68.7007149681449,843970.993524405,843970.993538858
world,Pupil_Data_Relay,Pupil_Data_Relay,recent_events,843970.958349,0.013748998753726482,67.17391801066697,843971.025508409,843971.025522158
world,Pupil_Data_Relay,Pupil_Data_Relay,recent_events,843970.99186,0.018261955119669437,69.75527701433748,843971.061596199,843971.061614461
world,Pupil_Data_Relay,Pupil_Data_Relay,recent_events,843971.02537,0.009184004738926888,68.11874697450548,843971.093479208,843971.093488392
world,Pupil_Data_Relay,Pupil_Data_Relay,recent_events,843971.05888,0.021798070520162582,70.85005601402372,843971.129706529,843971.129728327
world,Pupil_Data_Relay,Pupil_Data_Relay,recent_events,843971.092391,0.04426296800374985,69.48367797303945,843971.161828211,843971.161872474
world,Pupil_Data_Relay,Pupil_Data_Relay,recent_events,843971.125901,0.04592095501720905,68.11610795557499,843971.193967476,843971.194013397
world,Pupil_Data_Relay,Pupil_Data_Relay,recent_events,843971.159412,0.028472975827753544,70.56354801170528,843971.229944953,843971.229973426
world,Pupil_Data_Relay,Pupil_Data_Relay,recent_events,843971.192922,0.044011976569890976,69.03879309538752,843971.261914199,843971.261958211
world,Pupil_Data_Relay,Pupil_Data_Relay,recent_events,843971.226432,0.035319942981004715,71.36446493677795,843971.297759133,843971.297794453
world,Pupil_Data_Relay,Pupil_Data_Relay,recent_events,843971.259943,0.03642297815531492,69.83785191550851,843971.329742764,843971.329779187
world,Pupil_Data_Relay,Pupil_Data_Relay,recent_events,843971.293453,0.038642087019979954,68.31893196795136,843971.361731462,843971.361770104
world,Pupil_Data_Relay,Pupil_Data_Relay,recent_events,843971.326964,0.03594299778342247,70.78357401769608,843971.39770983,843971.397745773
world,Pupil_Data_Relay,Pupil_Data_Relay,recent_events,843971.360474,0.021795043721795082,69.21282398980111,843971.42966335,843971.429685145
world,Pupil_Data_Relay,Pupil_Data_Relay,recent_events,843971.393984,0.024936976842582226,67.71030102390796,843971.461667291,843971.461692228
world,Pupil_Data_Relay,Pupil_Data_Relay,recent_events,843971.427495,0.03360502887517214,70.22199500352144,843971.497681525,843971.49771513
world,Pupil_Data_Relay,Pupil_Data_Relay,recent_events,843971.461005,0.04188599996268749,68.83204693440348,843971.529793158,843971.529835044
world,Pupil_Data_Relay,Pupil_Data_Relay,recent_events,843971.494516,0.038119032979011536,71.30709197372198,843971.565783298,843971.565821417
world,Pupil_Data_Relay,Pupil_Data_Relay,recent_events,843971.528026,0.03665708936750889,69.779546931386,843971.597767175,843971.597803832
world,Pupil_Data_Relay,Pupil_Data_Relay,recent_events,843971.561536,0.03621797077357769,68.2489110622555,843971.629746967,843971.629783185
world,Pupil_Data_Relay,Pupil_Data_Relay,recent_events,843971.595047,0.03713392652571201,70.75888605322689,843971.665766795,843971.665803929
world,Pupil_Data_Relay,Pupil_Data_Relay,recent_events,843971.628557,0.03430899232625961,69.18163201771677,843971.697702209,843971.697736518
world,Pupil_Data_Relay,Pupil_Data_Relay,recent_events,843971.662068,0.02169411163777113,67.64342705719173,843971.729688149,843971.729709843
world,Pupil_Data_Relay,Pupil_Data_Relay,recent_events,843971.695578,0.03493495751172304,70.16004994511604,843971.765700812,843971.765735747
world,Pupil_Data_Relay,Pupil_Data_Relay,recent_events,843971.729088,0.02755096647888422,68.64591897465289,843971.797704587,843971.797732138
world,Pupil_Data_Relay,Pupil_Data_Relay,recent_events,843971.762599,0.03179209306836128,71.17625896353275,843971.833741513,843971.833773305
world,Pupil_Data_Relay,Pupil_Data_Relay,recent_events,843971.796109,0.026746070943772793,69.643619004637,843971.865724167,843971.865750913
world,Pupil_Data_Relay,Pupil_Data_Relay,recent_events,843971.82962,0.02444302663207054,68.10005207080394,843971.897693976,843971.897718419
world,Pupil_Data_Relay,Pupil_Data_Relay,recent_events,843971.86313,0.03727199509739876,70.96139306668192,843971.934052578,843971.93408985
world,Pupil_Data_Relay,Pupil_Data_Relay,recent_events,843971.89664,0.03705197013914585,69.1402549855411,843971.965741575,843971.965778627
world,Pupil_Data_Relay,Pupil_Data_Relay,recent_events,843971.930151,0.027687055990099907,67.61400890536606,843971.997735573,843971.99776326
world,Pupil_Data_Relay,Pupil_Data_Relay,recent_events,843971.963661,0.03459502477198839,70.11465798132122,843972.033739075,843972.03377367
world,Pupil_Data_Relay,Pupil_Data_Relay,recent_events,843971.997172,0.03556499723345041,68.68947204202414,843972.065824052,843972.065859617
world,Pupil_Data_Relay,Pupil_Data_Relay,recent_events,843972.030682,0.0322459964081645,71.10096397809684,843972.101749021,843972.101781267
world,Pupil_Data_Relay,Pupil_Data_Relay,recent_events,843972.064192,0.03288302104920149,69.5787500590086,843972.133736091,843972.133768974
world,Pupil_Data_Relay,Pupil_Data_Relay,recent_events,843972.097703,0.02887309528887272,68.03566310554743,843972.165707929,843972.165736802
world,Pupil_Data_Relay,Pupil_Data_Relay,recent_events,843972.131213,0.02726190723478794,70.52785798441619,843972.201711851,843972.201739113
world,Pupil_Data_Relay,Pupil_Data_Relay,recent_events,843972.164724,0.0361449783667922,69.05466096941382,843972.233740523,843972.233776668
world,Pupil_Data_Relay,Pupil_Data_Relay,recent_events,843972.198234,0.031940056942403316,67.53974093589932,843972.265730336,843972.265762276
world,Pupil_Data_Relay,Pupil_Data_Relay,recent_events,843972.231744,0.03388803452253342,70.07538399193436,843972.301783558,843972.301817446
world,Pupil_Data_Relay,Pupil_Data_Relay,recent_events,843972.265255,0.02077990211546421,68.45423206686974,843972.333686543,843972.333707323
world,Pupil_Data_Relay,Pupil_Data_Relay,recent_events,843972.298765,0.03303901758044958,70.98710804712027,843972.36971693,843972.369749969
world,Pupil_Data_Relay,Pupil_Data_Relay,recent_events,843972.332276,0.02940208651125431,69.47346800006926,843972.401718461,843972.401747863
world,Pupil_Data_Relay,Pupil_Data_Relay,recent_events,843972.365786,0.037414953112602234,68.04347597062588,843972.433790275,843972.43382769
world,Pupil_Data_Relay,Pupil_Data_Relay,recent_events,843972.399296,0.036048004403710365,70.48868399579078,843972.469747121,843972.469783169
world,Pupil_Data_Relay,Pupil_Data_Relay,recent_events,843972.432807,0.03650900907814503,69.06295195221901,843972.501831741,843972.50186825
world,Pupil_Data_Relay,Pupil_Data_Relay,recent_events,843972.466317,0.03705394919961691,67.5150640308857,843972.533793254,843972.533830308
world,Pupil_Data_Relay,Pupil_Data_Relay,recent_events,843972.499828,0.03706593997776508,69.98666806612164,843972.569775935,843972.569813001
world,Pupil_Data_Relay,Pupil_Data_Relay,recent_events,843972.533338,0.03723893314599991,68.44259006902575,843972.60174107,843972.601778309
world,Pupil_Data_Relay,Pupil_Data_Relay,recent_events,843972.566848,0.03953406121581793,70.99484500940889,843972.637801516,843972.63784105
world,Pupil_Data_Relay,Pupil_Data_Relay,recent_events,843972.600359,0.04349497612565756,69.46305301971734,843972.669776259,843972.669819754
world,Pupil_Data_Relay,Pupil_Data_Relay,recent_events,843972.633869,0.04509510472416878,68.00668104551733,843972.701828769,843972.701873864
world,Pupil_Data_Relay,Pupil_Data_Relay,recent_events,843972.66738,0.03591598942875862,70.45761495828629,843972.737799934,843972.73783585
world,Pupil_Data_Relay,Pupil_Data_Relay,recent_events,843972.70089,0.03508804365992546,68.86398606002331,843972.769717112,843972.7697522
world,Pupil_Data_Relay,Pupil_Data_Relay,recent_events,843972.7344,0.03621296491473913,71.42040401231498,843972.805782541,843972.805818754
world,Pupil_Data_Relay,Pupil_Data_Relay,recent_events,843972.767911,0.03572495188564062,69.90621506702155,843972.837779629,843972.837815354
world,Pupil_Data_Relay,Pupil_Data_Relay,recent_events,843972.801421,0.036390963941812515,68.3968149824068,843972.869779758,843972.869816149
world,Pupil_Data_Relay,Pupil_Data_Relay,recent_events,843972.834932,0.03889703657478094,70.9337139269337,843972.905824868,843972.905863765
world,Pupil_Data_Relay,Pupil_Data_Relay,recent_events,843972.868442,0.022863969206809998,69.32567700278014,843972.937742978,843972.937765842
world,Pupil_Data_Relay,Pupil_Data_Relay,recent_events,843972.901952,0.03390992060303688,67.85855302587152,843972.969774962,843972.969808872
world,Pupil_Data_Relay,Pupil_Data_Relay,recent_events,843972.935463,0.03400794230401516,70.3181599965319,843973.005744804,843973.005778812
world,Pupil_Data_Relay,Pupil_Data_Relay,recent_events,843972.968973,0.026085064746439457,68.77327908296138,843973.03771886,843973.037744945
world,Pupil_Data_Relay,Pupil_Data_Relay,recent_events,843973.002484,0.03363995347172022,71.30563294049352,843973.073753902,843973.073787542
world,Pupil_Data_Relay,Pupil_Data_Relay,recent_events,843973.035994,0.03557302989065647,69.84884291887283,843973.105805288,843973.105840861
world,Pupil_Data_Relay,Pupil_Data_Relay,recent_events,843973.069504,0.03390503115952015,68.2899720268324,843973.137758081,843973.137791986
world,Pupil_Data_Relay,Pupil_Data_Relay,recent_events,843973.103015,0.035514007322490215,70.78909198753536,843973.173766613,843973.173802127
world,Pupil_Data_Relay,Pupil_Data_Relay,recent_events,843973.136525,0.03362505231052637,69.26491507329047,843973.205754782,843973.205788407
world,Pupil_Data_Relay,Pupil_Data_Relay,recent_events,843973.170036,0.03253307659178972,67.76019907556474,843973.237761647,843973.23779418
world,Pupil_Data_Relay,Pupil_Data_Relay,recent_events,843973.203546,0.03244401887059212,70.42593008372933,843973.27393784,843973.273970284
world,Pupil_Data_Relay,Pupil_Data_Relay,recent_events,843973.237056,0.0654999166727066,68.9718279754743,843973.305959169,843973.306024669
world,Pupil_Data_Relay,Pupil_Data_Relay,recent_events,843973.270567,0.047523993998765945,71.45272695925087,843973.34197056,843973.342018084
world,Pupil_Data_Relay,Pupil_Data_Relay,recent_events,843973.304077,0.049023074097931385,69.96090698521584,843973.3739868,843973.374035823
world,Pupil_Data_Relay,Pupil_Data_Relay,recent_events,843973.337588,0.05630392115563154,68.44257598277181,843973.405972516,843973.40602882
world,Pupil_Data_Relay,Pupil_Data_Relay,recent_events,843973.371098,0.04544202238321304,70.9261680021882,843973.441976635,843973.442022077
world,Pupil_Data_Relay,Pupil_Data_Relay,recent_events,843973.404608,0.03552599810063839,69.19606402516365,843973.473766809,843973.473802335
world,Pupil_Data_Relay,Pupil_Data_Relay,recent_events,843973.438119,0.041121034882962704,67.7343849092722,843973.505809938,843973.505851059
world,Pupil_Data_Relay,Pupil_Data_Relay,recent_events,843973.471629,0.03059499431401491,70.17780491150916,843973.541774419,843973.541805014
world,Pupil_Data_Relay,Pupil_Data_Relay,recent_events,843973.50514,0.029158079996705055,68.67735995911062,843973.573786333,843973.573815491
world,Pupil_Data_Relay,Pupil_Data_Relay,recent_events,843973.53865,0.03640796057879925,71.18853996507823,843973.609800445,843973.609836853
world,Pupil_Data_Relay,Pupil_Data_Relay,recent_events,843973.57216,0.03408198244869709,69.63693804573268,843973.641760473,843973.641794555
world,Pupil_Data_Relay,Pupil_Data_Relay,recent_events,843973.605671,0.02359994687139988,68.08228103909642,843973.673727961,843973.673751561
world,Pupil_Data_Relay,Pupil_Data_Relay,recent_events,843973.639181,0.024496926926076412,70.59596409089863,843973.709751112,843973.709775609
world,Pupil_Data_Relay,Pupil_Data_Relay,recent_events,843973.672692,0.02158503048121929,69.09849995281547,843973.741767709,843973.741789294
world,Pupil_Data_Relay,Pupil_Data_Relay,recent_events,843973.706202,0.03500492312014103,74.73078300245106,843973.780895696,843973.780930701
world,Pupil_Data_Relay,Pupil_Data_Relay,recent_events,843973.739712,0.007583992555737495,69.82548197265714,843973.809529621,843973.809537205
world,Pupil_Data_Relay,Pupil_Data_Relay,recent_events,843973.773223,0.008394010365009308,68.28898703679442,843973.841503251,843973.841511645
world,Pupil_Data_Relay,Pupil_Data_Relay,recent_events,843973.806733,0.025318004190921783,71.06017705518752,843973.877766491,843973.877791809
world,Pupil_Data_Relay,Pupil_Data_Relay,recent_events,843973.840244,0.02469599712640047,69.55295300576836,843973.909770189,843973.909794885
world,Pupil_Data_Relay,Pupil_Data_Relay,recent_events,843973.873754,0.021144980564713478,68.02766909822822,843973.941758916,843973.941780061
world,Pupil_Data_Relay,Pupil_Data_Relay,recent_events,843973.907264,0.02820196095854044,70.55041997227818,843973.977784135,843973.977812337
world,Pupil_Data_Relay,Pupil_Data_Relay,recent_events,843973.940775,0.02392195165157318,69.01945802383125,843974.009768747,843974.009792669
world,Pupil_Data_Relay,Pupil_Data_Relay,recent_events,843973.974285,0.01844798680394888,67.48841295484453,843974.04175362,843974.041772068
world,Pupil_Data_Relay,Pupil_Data_Relay,recent_events,843974.007796,0.012509990483522415,69.76073596160859,843974.077543782,843974.077556292
world,Pupil_Data_Relay,Pupil_Data_Relay,recent_events,843974.041306,0.01154700294137001,68.22150608059019,843974.109515617,843974.109527164
world,Pupil_Data_Relay,Pupil_Data_Relay,recent_events,843974.074816,0.022323918528854847,70.99016103893518,843974.145782054,843974.145804378
world,Pupil_Data_Relay,Pupil_Data_Relay,recent_events,843974.108327,0.03720400854945183,69.52003389596939,843974.177807634,843974.177844838
world,Pupil_Data_Relay,Pupil_Data_Relay,recent_events,843974.141837,0.024867942556738853,67.96178000513464,843974.209771701,843974.209796569
world,Pupil_Data_Relay,Pupil_Data_Relay,recent_events,843974.175348,0.014539109542965889,70.46385295689106,843974.245796072,843974.245810611
world,Pupil_Data_Relay,Pupil_Data_Relay,recent_events,843974.208858,0.03988598473370075,69.01422096416354,843974.277830609,843974.277870495
world,Pupil_Data_Relay,Pupil_Data_Relay,recent_events,843974.242368,0.034522032365202904,67.47508503030986,843974.309806844,843974.309841366
world,Pupil_Data_Relay,Pupil_Data_Relay,recent_events,843974.275879,0.02865202259272337,69.92857507430017,843974.345777082,843974.345805734
world,Pupil_Data_Relay,Pupil_Data_Relay,recent_events,843974.309389,0.03000604920089245,68.41042009182274,843974.377767729,843974.377797735
world,Pupil_Data_Relay,Pupil_Data_Relay,recent_events,843974.3429,0.03310595639050007,70.94403693918139,843974.413809592,843974.413842698
world,Pupil_Data_Relay,Pupil_Data_Relay,recent_events,843974.37641,0.008314033038914204,69.1284550121054,843974.445529712,843974.445538026
world,Pupil_Data_Relay,Pupil_Data_Relay,recent_events,843974.40992,0.06656290497630835,68.12597694806755,843974.477976195,843974.478042758
world,Pupil_Data_Relay,Pupil_Data_Relay,recent_events,843974.443431,0.04087307024747133,70.44339796993881,843974.513831061,843974.513871934
world,Pupil_Data_Relay,Pupil_Data_Relay,recent_events,843974.476941,0.03686407580971718,68.93218902405351,843974.545834468,843974.545871332
world,Pupil_Data_Relay,Pupil_Data_Relay,recent_events,843974.510452,0.029210001230239868,71.35648606345057,843974.581777104,843974.581806314
world,Pupil_Data_Relay,Pupil_Data_Relay,recent_events,843974.543962,0.03755290526896715,69.92870999965817,843974.613850904,843974.613888457
world,Pupil_Data_Relay,Pupil_Data_Relay,recent_events,843974.577472,0.022647087462246418,68.30843491479754,843974.645756205,843974.645778852
world,Pupil_Data_Relay,Pupil_Data_Relay,recent_events,843974.610983,0.025365035980939865,70.83122793119401,843974.681787106,843974.681812471
world,Pupil_Data_Relay,Pupil_Data_Relay,recent_events,843974.644493,0.026621040888130665,69.31534199975431,843974.713779614,843974.713806235
world,Pupil_Data_Relay,Pupil_Data_Relay,recent_events,843974.678004,0.01939898356795311,67.76754197198898,843974.745750724,843974.745770123
world,Pupil_Data_Relay,Pupil_Data_Relay,recent_events,843974.711514,0.036875950172543526,70.34606405068189,843974.781821531,843974.781858407
world,Pupil_Data_Relay,Pupil_Data_Relay,recent_events,843974.745024,0.020422041416168213,68.76766704954207,843974.81376959,843974.813790012
world,Pupil_Data_Relay,Pupil_Data_Relay,recent_events,843974.778535,0.03704696428030729,71.3777799392119,843974.849873935,843974.849910982
world,Pupil_Data_Relay,Pupil_Data_Relay,recent_events,843974.812045,0.027038040570914745,69.81083902064711,843974.881827388,843974.881854426
world,Pupil_Data_Relay,Pupil_Data_Relay,recent_events,843974.845556,0.02169294748455286,68.22292297147214,843974.913755506,843974.913777199
world,Pupil_Data_Relay,Pupil_Data_Relay,recent_events,843974.879066,0.02341310027986765,70.74871496297419,843974.949789726,843974.949813139
world,Pupil_Data_Relay,Pupil_Data_Relay,recent_events,843974.912576,0.036247074604034424,69.2640789784491,843974.981802,843974.981838247
world,Pupil_Data_Relay,Pupil_Data_Relay,recent_events,843974.946087,0.026119989342987537,67.75098398793489,843975.013810237,843975.013836357
world,Pupil_Data_Relay,Pupil_Data_Relay,recent_events,843974.979597,0.031065079383552074,70.25768898893148,843975.049821583,843975.049852648
world,Pupil_Data_Relay,Pupil_Data_Relay,recent_events,843975.013108,0.03607396502047777,68.75130895059556,843975.081821488,843975.081857562
world,Pupil_Data_Relay,Pupil_Data_Relay,recent_events,843975.046618,0.03324693534523249,71.27075002063066,843975.117853646,843975.117886893
world,Pupil_Data_Relay,Pupil_Data_Relay,recent_events,843975.080128,0.036980025470256805,69.77221497800201,843975.149861466,843975.149898446
world,Pupil_Data_Relay,Pupil_Data_Relay,recent_events,843975.113639,0.05976203829050064,68.39279097039253,843975.181970104,843975.182029866
world,Pupil_Data_Relay,Pupil_Data_Relay,recent_events,843975.147149,0.025443965569138527,70.68032305687666,843975.217801481,843975.217826925
world,Pupil_Data_Relay,Pupil_Data_Relay,recent_events,843975.18066,0.03676500637084246,69.25090809818357,843975.249872469,843975.249909234
world,Pupil_Data_Relay,Pupil_Data_Relay,recent_events,843975.21417,0.03600597847253084,67.67566700000316,843975.28180755,843975.281843556
world,Pupil_Data_Relay,Pupil_Data_Relay,recent_events,843975.24768,0.030644936487078667,70.23728697095066,843975.31788502,843975.317915665
world,Pupil_Data_Relay,Pupil_Data_Relay,recent_events,843975.281191,0.03704393748193979,68.73402092605829,843975.349886385,843975.349923429
world,Pupil_Data_Relay,Pupil_Data_Relay,recent_events,843975.314701,0.0360559206455946,71.1691629840061,843975.385832139,843975.385868195
world,Pupil_Data_Relay,Pupil_Data_Relay,recent_events,843975.348212,0.020778970792889595,69.60690999403596,843975.417796526,843975.417817305
world,Pupil_Data_Relay,Pupil_Data_Relay,recent_events,843975.381722,0.037732068449258804,68.18491406738758,843975.449867541,843975.449905273
world,Pupil_Data_Relay,Pupil_Data_Relay,recent_events,843975.415232,0.012369011528789997,70.3916628845036,843975.485610885,843975.485623254
world,Pupil_Data_Relay,Pupil_Data_Relay,recent_events,843975.448743,0.01306890044361353,68.86709993705153,843975.517596667,843975.517609736
world,Pupil_Data_Relay,Pupil_Data_Relay,recent_events,843975.482253,0.007358030416071415,67.3057499807328,843975.54955102,843975.549558378
world,Pupil_Data_Relay,Pupil_Data_Relay,recent_events,843975.515764,0.027928035706281662,70.10265393182635,843975.585837264,843975.585865192
world,Pupil_Data_Relay,Pupil_Data_Relay,recent_events,843975.549274,0.018459977582097054,68.5465270653367,843975.617800866,843975.617819326
world,Pupil_Data_Relay,Pupil_Data_Relay,recent_events,843975.582784,0.04593399353325367,71.20358606334776,843975.653938284,843975.653984218
world,Pupil_Data_Relay,Pupil_Data_Relay,recent_events,843975.616295,0.04264898598194122,69.65304503683001,843975.685903347,843975.685945996
world,Pupil_Data_Relay,Pupil_Data_Relay,recent_events,843975.649805,0.03797200042754412,68.12532700132579,843975.717890248,843975.71792822
world,Pupil_Data_Relay,Pupil_Data_Relay,recent_events,843975.683316,0.038381083868443966,70.65593590959907,843975.75393155,843975.753969931
world,Pupil_Data_Relay,Pupil_Data_Relay,recent_events,843975.716826,0.03699702210724354,69.13276494015008,843975.785919789,843975.785956786
world,Pupil_Data_Relay,Pupil_Data_Relay,recent_events,843975.750336,0.04003103822469711,67.60422105435282,843975.817898317,843975.817938348
world,Pupil_Data_Relay,Pupil_Data_Relay,recent_events,843975.783847,0.03986398223787546,70.1005170121789,843975.853905802,843975.853945666
world,Pupil_Data_Relay,Pupil_Data_Relay,recent_events,843975.817357,0.032504904083907604,68.62078502308577,843975.885943494,843975.885975999
world,Pupil_Data_Relay,Pupil_Data_Relay,recent_events,843975.850868,0.021350919269025326,70.9788081003353,843975.921823653,843975.921845004
world,Pupil_Data_Relay,Pupil_Data_Relay,recent_events,843975.884378,0.023088068701326847,69.50350198894739,843975.95385667,843975.953879758
world,Pupil_Data_Relay,Pupil_Data_Relay,recent_events,843975.917888,0.02850999590009451,67.98492395319045,843975.985842163,843975.985870673
world,Pupil_Data_Relay,Pupil_Data_Relay,recent_events,843975.951399,0.02913398202508688,70.4839900135994,843976.021852338,843976.021881472
world,Pupil_Data_Relay,Pupil_Data_Relay,recent_events,843975.984909,0.02656003925949335,68.95001698285341,843976.053830744,843976.053857304
world,Pupil_Data_Relay,Pupil_Data_Relay,recent_events,843976.01842,0.032701995223760605,71.46929204463959,843976.089854226,843976.089886928
world,Pupil_Data_Relay,Pupil_Data_Relay,recent_events,843976.05193,0.02641195897012949,69.94199601467699,843976.121843631,843976.121870043
world,Pupil_Data_Relay,Pupil_Data_Relay,recent_events,843976.08544,0.03814697265625,68.46356496680528,843976.153863713,843976.15390186
world,Pupil_Data_Relay,Pupil_Data_Relay,recent_events,843976.118951,0.03339198883622885,70.95540291629732,843976.189870941,843976.189904333
world,Pupil_Data_Relay,Pupil_Data_Relay,recent_events,843976.152461,0.019069062545895576,69.37842501793057,843976.221819068,843976.221838137
world,Pupil_Data_Relay,Pupil_Data_Relay,recent_events,843976.185972,0.03812299109995365,67.95288901776075,843976.253885417,843976.25392354
world,Pupil_Data_Relay,Pupil_Data_Relay,recent_events,843976.219482,0.010133953765034676,70.20241604186594,843976.289673917,843976.289684051
world,Pupil_Data_Relay,Pupil_Data_Relay,recent_events,843976.252992,0.014515011571347713,68.72783799190074,843976.321704933,843976.321719448
world,Pupil_Data_Relay,Pupil_Data_Relay,recent_events,843976.286503,0.01650303602218628,71.17047102656215,843976.357656373,843976.357672876
world,Pupil_Data_Relay,Pupil_Data_Relay,recent_events,843976.320013,0.04015793092548847,70.04491600673646,843976.390015808,843976.390055966
world,Pupil_Data_Relay,Pupil_Data_Relay,recent_events,843976.353524,0.0072089023888111115,68.07956798002124,843976.421595982,843976.421603191
world,Pupil_Data_Relay,Pupil_Data_Relay,recent_events,843976.387034,0.04665600135922432,71.00956095382571,843976.457994903,843976.458041559
world,Pupil_Data_Relay,Pupil_Data_Relay,recent_events,843976.420544,0.04594202619045973,69.45358996745199,843976.489949874,843976.489995816
world,Pupil_Data_Relay,Pupil_Data_Relay,recent_events,843976.454055,0.01171906478703022,67.66345503274351,843976.52170638,843976.521718099
world,Pupil_Data_Relay,Pupil_Data_Relay,recent_events,843976.487565,0.02063903957605362,70.16691600438207,843976.557710446,843976.557731085
world,Pupil_Data_Relay,Pupil_Data_Relay,recent_events,843976.521076,0.036814017221331596,69.07319009769708,843976.590110374,843976.590147188
world,Pupil_Data_Relay,Pupil_Data_Relay,recent_events,843976.554586,0.043011968955397606,71.39260193798691,843976.625933036,843976.625976048
world,Pupil_Data_Relay,Pupil_Data_Relay,recent_events,843976.588096,0.031136092729866505,69.83824900817126,843976.657901643,843976.657932779
world,Pupil_Data_Relay,Pupil_Data_Relay,recent_events,843976.621607,0.02739299088716507,68.21037898771465,843976.68978867,843976.689816063
world,Pupil_Data_Relay,Pupil_Data_Relay,recent_events,843976.655117,0.009414972737431526,70.48152096103877,843976.725588754,843976.725598169
world,Pupil_Data_Relay,Pupil_Data_Relay,recent_events,843976.688628,0.011126045137643814,69.02350403834134,843976.757639993,843976.757651119
world,Pupil_Data_Relay,Pupil_Data_Relay,recent_events,843976.722138,0.030705006793141365,67.71226006094366,843976.789818408,843976.789849113
world,Pupil_Data_Relay,Pupil_Data_Relay,recent_events,843976.755648,0.060125021263957024,70.3973158961162,843976.825983347,843976.826043472
world,Pupil_Data_Relay,Pupil_Data_Relay,recent_events,843976.789159,0.022385967895388603,68.72222595848143,843976.857857418,843976.857879804
world,Pupil_Data_Relay,Pupil_Data_Relay,recent_events,843976.822669,0.008816015906631947,70.96829800866544,843976.893627955,843976.893636771
world,Pupil_Data_Relay,Pupil_Data_Relay,recent_events,843976.85618,0.029616989195346832,69.69485303852707,843976.925843969,843976.925873586
world,Pupil_Data_Relay,Pupil_Data_Relay,recent_events,843976.88969,0.026805908419191837,68.18274303805083,843976.957844036,843976.957870842
world,Pupil_Data_Relay,Pupil_Data_Relay,recent_events,843976.9232,0.02780091017484665,70.71279606316239,843976.993883745,843976.993911546
world,Pupil_Data_Relay,Pupil_Data_Relay,recent_events,843976.956711,0.038985046558082104,69.3699880503118,843977.026038787,843977.026077772
world,Pupil_Data_Relay,Pupil_Data_Relay,recent_events,843976.990221,0.014062970876693726,67.52796296495944,843977.057733795,843977.057747858
world,Pupil_Data_Relay,Pupil_Data_Relay,recent_events,843977.023732,0.056194025091826916,70.31705300323665,843977.093991093,843977.094047287
world,Pupil_Data_Relay,Pupil_Data_Relay,recent_events,843977.057242,0.0201700022444129,68.47141694743186,843977.125692717,843977.125712887
world,Pupil_Data_Relay,Pupil_Data_Relay,recent_events,843977.090752,0.029330025427043438,71.18221395649016,843977.161903527,843977.161932857
world,Pupil_Data_Relay,Pupil_Data_Relay,recent_events,843977.124263,0.03327103331685066,69.79804707225412,843977.19402482,843977.194058091
world,Pupil_Data_Relay,Pupil_Data_Relay,recent_events,843977.157773,0.03879901487380266,68.2198751019314,843977.225952138,843977.225990937
world,Pupil_Data_Relay,Pupil_Data_Relay,recent_events,843977.191284,0.036637065932154655,70.6904010148719,843977.261935583,843977.26197222
world,Pupil_Data_Relay,Pupil_Data_Relay,recent_events,843977.224794,0.0284719280898571,69.12535196170211,843977.293889055,843977.293917527
world,Pupil_Data_Relay,Pupil_Data_Relay,recent_events,843977.258304,0.016749952919781208,67.39453796762973,843977.325681273,843977.325698023
world,Pupil_Data_Relay,Pupil_Data_Relay,recent_events,843977.291815,0.06737606599926949,70.23052196018398,843977.361976548,843977.362043924
world,Pupil_Data_Relay,Pupil_Data_Relay,recent_events,843977.325325,0.008066068403422832,68.34316102322191,843977.393659776,843977.393667842
world,Pupil_Data_Relay,Pupil_Data_Relay,recent_events,843977.358836,0.030300929211080074,71.09287998173386,843977.429896806,843977.429927107
world,Pupil_Data_Relay,Pupil_Data_Relay,recent_events,843977.392346,0.051489914767444134,69.67653706669807,843977.461969034,843977.462020524
world,Pupil_Data_Relay,Pupil_Data_Relay,recent_events,843977.425856,0.02502801362425089,68.0652359733358,843977.493894456,843977.493919484
world,Pupil_Data_Relay,Pupil_Data_Relay,recent_events,843977.459367,0.020270003005862236,70.57271094527096,843977.529917807,843977.529938077
world,Pupil_Data_Relay,Pupil_Data_Relay,recent_events,843977.492877,0.02484105061739683,69.04002802912146,843977.561890621,843977.561915462
world,Pupil_Data_Relay,Pupil_Data_Relay,recent_events,843977.526388,0.03697199281305075,71.57330494374037,843977.597922076,843977.597959048
world,Pupil_Data_Relay,Pupil_Data_Relay,recent_events,843977.559898,0.030379043892025948,69.96777805034071,843977.629834126,843977.629864505
world,Pupil_Data_Relay,Pupil_Data_Relay,recent_events,843977.593408,0.024829991161823273,68.38489510118961,843977.661767075,843977.661791905
world,Pupil_Data_Relay,Pupil_Data_Relay,recent_events,843977.626919,0.021625077351927757,70.91514801140875,843977.697811552,843977.697833177
world,Pupil_Data_Relay,Pupil_Data_Relay,recent_events,843977.660429,0.018510036170482635,69.36444994062185,843977.729774048,843977.729792558
world,Pupil_Data_Relay,Pupil_Data_Relay,recent_events,843977.69394,0.01669290941208601,67.80417892150581,843977.761727035,843977.761743728
world,Pupil_Data_Relay,Pupil_Data_Relay,recent_events,843977.72745,0.010791001841425896,70.21085196174681,843977.797649626,843977.797660417
world,Pupil_Data_Relay,Pupil_Data_Relay,recent_events,843977.76096,0.020081992261111736,68.77288897521794,843977.829712258,843977.82973234
world,Pupil_Data_Relay,Pupil_Data_Relay,recent_events,843977.827981,0.008185976184904575,80.7381650665775,843977.908710284,843977.90871847
world,Pupil_Data_Relay,Pupil_Data_Relay,recent_events,843977.861492,0.006510061211884022,68.17688699811697,843977.929662042,843977.929668552
world,Pupil_Data_Relay,Pupil_Data_Relay,recent_events,843977.895002,0.01798197627067566,70.72214595973492,843977.965705778,843977.96572376
world,Pupil_Data_Relay,Pupil_Data_Relay,recent_events,843977.928512,0.021464074961841106,69.25120600499213,843977.997741211,843977.997762675
world,Pupil_Data_Relay,Pupil_Data_Relay,recent_events,843977.962023,0.025207060389220715,67.83806101884693,843978.029834976,843978.029860183
world,Pupil_Data_Relay,Pupil_Data_Relay,recent_events,843977.995533,0.024443957954645157,70.35211299080402,843978.065859791,843978.065884235
world,Pupil_Data_Relay,Pupil_Data_Relay,recent_events,843978.029044,0.017028069123625755,68.77853209152818,843978.097804613,843978.097821641
world,Pupil_Data_Relay,Pupil_Data_Relay,recent_events,843978.062554,0.02323801163583994,71.40519609674811,843978.133934962,843978.1339582
world,Pupil_Data_Relay,Pupil_Data_Relay,recent_events,843978.096064,0.023783068172633648,69.78099897969514,843978.165820299,843978.165844082
world,Pupil_Data_Relay,Pupil_Data_Relay,recent_events,843978.129575,0.016388017684221268,68.2812409941107,843978.197839009,843978.197855397
world,Pupil_Data_Relay,Pupil_Data_Relay,recent_events,843978.163085,0.01886801328510046,70.7814289489761,843978.233846667,843978.233865535
world,Pupil_Data_Relay,Pupil_Data_Relay,recent_events,843978.196596,0.012679025530815125,69.19863901566714,843978.265781711,843978.26579439
world,Pupil_Data_Relay,Pupil_Data_Relay,recent_events,843978.230106,0.010181101970374584,67.6649040542543,843978.297760265,843978.297770446
world,Pupil_Data_Relay,Pupil_Data_Relay,recent_events,843978.263616,0.01637497916817665,70.13217802159488,843978.333731357,843978.333747732
world,Pupil_Data_Relay,Pupil_Data_Relay,recent_events,843978.297127,0.005272100679576397,72.96365092042834,843978.370085066,843978.370090338
world,Pupil_Data_Relay,Pupil_Data_Relay,recent_events,843978.330637,0.013947021216154099,71.19196397252381,843978.401814566,843978.401828513
world,Pupil_Data_Relay,Pupil_Data_Relay,recent_events,843978.364148,0.0078089069575071335,69.66336397454143,843978.433803103,843978.433810912
world,Pupil_Data_Relay,Pupil_Data_Relay,recent_events,843978.397658,0.011236057616770267,68.1191380135715,843978.465765598,843978.465776834
world,Pupil_Data_Relay,Pupil_Data_Relay,recent_events,843978.431168,0.011634081602096558,70.68247604183853,843978.501838428,843978.501850062
world,Pupil_Data_Relay,Pupil_Data_Relay,recent_events,843978.464679,0.015366938896477222,69.14221297483891,843978.533805454,843978.533820821
world,Pupil_Data_Relay,Pupil_Data_Relay,recent_events,843978.498189,0.011640018783509731,68.01958405412734,843978.566196425,843978.566208065
world,NetworkApiPlugin,NetworkApiPlugin,recent_events,0.0,0.001418055035173893,0.001418055035173893,843965.281343072,843965.28134449
world,NetworkApiPlugin,NetworkApiPlugin,recent_events,843965.261581,0.04058610647916794,68.07864690199494,843965.329615761,843965.329656347
world,NetworkApiPlugin,NetworkApiPlugin,recent_events,843965.295092,0.029666000045835972,70.49747800920159,843965.365557602,843965.365587268
world,NetworkApiPlugin,NetworkApiPlugin,recent_events,843965.328602,0.014267046935856342,68.70582001283765,843965.397292719,843965.397306986
world,NetworkApiPlugin,NetworkApiPlugin,recent_events,843965.362112,0.014832941815257072,67.21324997488409,843965.429309468,843965.429324301
world,NetworkApiPlugin,NetworkApiPlugin,recent_events,843965.395623,0.013903016224503517,69.8478170670569,843965.465456032,843965.465469935
world,NetworkApiPlugin,NetworkApiPlugin,recent_events,843965.429133,0.03501295577734709,68.59716901089996,843965.497692547,843965.49772756
world,NetworkApiPlugin,NetworkApiPlugin,recent_events,843965.462644,0.024879002012312412,71.02157198823988,843965.533638659,843965.533663538
world,NetworkApiPlugin,NetworkApiPlugin,recent_events,843965.496154,0.017407932318747044,69.27424389868975,843965.565409758,843965.565427166
world,NetworkApiPlugin,NetworkApiPlugin,recent_events,843965.529664,0.026796013116836548,67.7893259562552,843965.597424394,843965.59745119
world,NetworkApiPlugin,NetworkApiPlugin,recent_events,843965.563175,0.007477938197553158,70.02780796028674,843965.633194857,843965.633202335
world,NetworkApiPlugin,NetworkApiPlugin,recent_events,843965.596685,0.01309998333454132,68.63741495180875,843965.665308338,843965.665321438
world,NetworkApiPlugin,NetworkApiPlugin,recent_events,843965.630196,0.013430020771920681,67.16184096876532,843965.697343354,843965.697356784
world,NetworkApiPlugin,NetworkApiPlugin,recent_events,843965.663706,0.012165051884949207,69.61413403041661,843965.733307018,843965.733319183
world,NetworkApiPlugin,NetworkApiPlugin,recent_events,843965.697216,0.01444295048713684,68.09060904197395,843965.765291097,843965.76530554
world,NetworkApiPlugin,NetworkApiPlugin,recent_events,843965.730727,0.011992990039288998,70.5694470088929,843965.801283461,843965.801295454
world,NetworkApiPlugin,NetworkApiPlugin,recent_events,843965.764237,0.013638986274600029,69.09917201846838,843965.833321592,843965.833335231
world,NetworkApiPlugin,NetworkApiPlugin,recent_events,843965.797748,0.01541106030344963,67.60582595597953,843965.865337417,843965.865352828
world,NetworkApiPlugin,NetworkApiPlugin,recent_events,843965.831258,0.01524703111499548,70.11757395230234,843965.901359282,843965.901374529
world,NetworkApiPlugin,NetworkApiPlugin,recent_events,843965.864768,0.00926898792386055,68.49831703584641,843965.933256543,843965.933265812
world,NetworkApiPlugin,NetworkApiPlugin,recent_events,843965.898279,0.012103002518415451,67.03545106574893,843965.965301445,843965.965313548
world,NetworkApiPlugin,NetworkApiPlugin,recent_events,843965.931789,0.014282995834946632,69.57137689460069,843966.001345031,843966.001359314
world,NetworkApiPlugin,NetworkApiPlugin,recent_events,843965.9653,0.014008022844791412,68.07348900474608,843966.033358526,843966.033372534
world,NetworkApiPlugin,NetworkApiPlugin,recent_events,843965.99881,0.01461803913116455,70.53604093380272,843966.069330478,843966.069345096
world,NetworkApiPlugin,NetworkApiPlugin,recent_events,843966.03232,0.01656601671129465,69.08328598365188,843966.10138572,843966.101402286
world,NetworkApiPlugin,NetworkApiPlugin,recent_events,843966.065831,0.013412907719612122,67.49999604653567,843966.133316684,843966.133330097
world,NetworkApiPlugin,NetworkApiPlugin,recent_events,843966.099341,0.016734935343265533,70.03291801083833,843966.169356134,843966.169372869
world,NetworkApiPlugin,NetworkApiPlugin,recent_events,843966.132852,0.012321979738771915,68.48143204115331,843966.201320196,843966.201332518
world,NetworkApiPlugin,NetworkApiPlugin,recent_events,843966.166362,0.012706965208053589,66.97684992104769,843966.233322663,843966.23333537
world,NetworkApiPlugin,NetworkApiPlugin,recent_events,843966.199872,0.013911048881709576,69.52178291976452,843966.269378871,843966.269392782
world,NetworkApiPlugin,NetworkApiPlugin,recent_events,843966.233383,0.014927936717867851,68.0114550050348,843966.301373064,843966.301387992
world,NetworkApiPlugin,NetworkApiPlugin,recent_events,843966.266893,0.016169040463864803,70.49296505283564,843966.337368781,843966.33738495
world,NetworkApiPlugin,NetworkApiPlugin,recent_events,843966.300404,0.013091950677335262,69.00780706200749,843966.369389342,843966.369402434
world,NetworkApiPlugin,NetworkApiPlugin,recent_events,843966.333914,0.010120915248990059,67.38890206906945,843966.401292287,843966.401302408
world,NetworkApiPlugin,NetworkApiPlugin,recent_events,843966.367424,0.010409043170511723,69.86746296752244,843966.437280552,843966.437290961
world,NetworkApiPlugin,NetworkApiPlugin,recent_events,843966.400935,0.009894953109323978,68.3358529349789,843966.469260495,843966.46927039
world,NetworkApiPlugin,NetworkApiPlugin,recent_events,843966.434445,0.010570976883172989,70.84345002658665,843966.505277364,843966.505287935
world,NetworkApiPlugin,NetworkApiPlugin,recent_events,843966.467956,0.009828945621848106,69.33076097629964,843966.537276364,843966.537286193
world,NetworkApiPlugin,NetworkApiPlugin,recent_events,843966.501466,0.011448049917817116,67.82541703432798,843966.569279547,843966.569290995
world,NetworkApiPlugin,NetworkApiPlugin,recent_events,843966.534976,0.011016963981091976,70.32557006459683,843966.605290082,843966.605301099
world,NetworkApiPlugin,NetworkApiPlugin,recent_events,843966.568487,0.010638032108545303,68.82072205189615,843966.637296638,843966.637307276
world,NetworkApiPlugin,NetworkApiPlugin,recent_events,843966.601997,0.009420095011591911,67.317436914891,843966.669304348,843966.669313768
world,NetworkApiPlugin,NetworkApiPlugin,recent_events,843966.635508,0.010380987077951431,69.78484394494444,843966.705281904,843966.705292285
world,NetworkApiPlugin,NetworkApiPlugin,recent_events,843966.669018,0.010487041436135769,68.28286102972925,843966.737289893,843966.73730038
world,NetworkApiPlugin,NetworkApiPlugin,recent_events,843966.702528,0.01184898428618908,70.80171396955848,843966.773317308,843966.773329157
world,NetworkApiPlugin,NetworkApiPlugin,recent_events,843966.736039,0.009651994332671165,69.27382701542228,843966.80530267,843966.805312322
world,NetworkApiPlugin,NetworkApiPlugin,recent_events,843966.769549,0.01023896038532257,67.72856006864458,843966.837266781,843966.83727702
world,NetworkApiPlugin,NetworkApiPlugin,recent_events,843966.80306,0.009939074516296387,70.25761308614165,843966.873307096,843966.873317035
world,NetworkApiPlugin,NetworkApiPlugin,recent_events,843966.83657,0.00983790960162878,68.75358999241143,843966.905313236,843966.905323074
world,NetworkApiPlugin,NetworkApiPlugin,recent_events,843966.87008,0.009865965694189072,67.18820799142122,843966.937257654,843966.93726752
world,NetworkApiPlugin,NetworkApiPlugin,recent_events,843966.903591,0.010761083103716373,69.68587404116988,843966.973265525,843966.973276286
world,NetworkApiPlugin,NetworkApiPlugin,recent_events,843966.937101,0.015255995094776154,68.23039799928665,843967.005315336,843967.005330592
world,NetworkApiPlugin,NetworkApiPlugin,recent_events,843966.970612,0.012138974852859974,70.76408306602389,843967.041363426,843967.041375565
world,NetworkApiPlugin,NetworkApiPlugin,recent_events,843967.004122,0.013322918675839901,69.2475700052455,843967.073355228,843967.073368551
world,NetworkApiPlugin,NetworkApiPlugin,recent_events,843967.037632,0.010141055099666119,67.66352197155356,843967.105284903,843967.105295044
world,NetworkApiPlugin,NetworkApiPlugin,recent_events,843967.071143,0.012457952834665775,70.17434597946703,843967.141304255,843967.141316713
world,NetworkApiPlugin,NetworkApiPlugin,recent_events,843967.104653,0.011018011718988419,68.65665002260357,843967.173298063,843967.173309081
world,NetworkApiPlugin,NetworkApiPlugin,recent_events,843967.138164,0.010347925126552582,67.15284602250904,843967.205305919,843967.205316267
world,NetworkApiPlugin,NetworkApiPlugin,recent_events,843967.171674,0.01122301910072565,69.65940503869206,843967.241321474,843967.241332697
world,NetworkApiPlugin,NetworkApiPlugin,recent_events,843967.205184,0.011257012374699116,68.18111205939204,843967.273353248,843967.273364505
world,NetworkApiPlugin,NetworkApiPlugin,recent_events,843967.238695,0.011769006960093975,70.63546008430421,843967.309318023,843967.309329792
world,NetworkApiPlugin,NetworkApiPlugin,recent_events,843967.272205,0.010033021681010723,69.08716692123562,843967.341281606,843967.341291639
world,NetworkApiPlugin,NetworkApiPlugin,recent_events,843967.305716,0.009416020475327969,67.59988598059863,843967.373306014,843967.37331543
world,NetworkApiPlugin,NetworkApiPlugin,recent_events,843967.339226,0.008747098036110401,70.05580794066191,843967.409272595,843967.409281342
world,NetworkApiPlugin,NetworkApiPlugin,recent_events,843967.372736,0.010333023965358734,68.61822598148137,843967.441343247,843967.44135358
world,NetworkApiPlugin,NetworkApiPlugin,recent_events,843967.406247,0.01545401755720377,67.07211304455996,843967.473303128,843967.473318582
world,NetworkApiPlugin,NetworkApiPlugin,recent_events,843967.439757,0.01064501702785492,69.61730599869043,843967.509363085,843967.50937373
world,NetworkApiPlugin,NetworkApiPlugin,recent_events,843967.473268,0.010333023965358734,68.0299800587818,843967.541287103,843967.541297436
world,NetworkApiPlugin,NetworkApiPlugin,recent_events,843967.506778,0.013819895684719086,70.63602097332478,843967.577399356,843967.577413176
world,NetworkApiPlugin,NetworkApiPlugin,recent_events,843967.540288,0.016296980902552605,69.18415194377303,843967.609454822,843967.609471119
world,NetworkApiPlugin,NetworkApiPlugin,recent_events,843967.573799,0.01585995778441429,67.63458799105138,843967.641416738,843967.641432598
world,NetworkApiPlugin,NetworkApiPlugin,recent_events,843967.607309,0.013842014595866203,70.13515499420464,843967.677429362,843967.677443204
world,NetworkApiPlugin,NetworkApiPlugin,recent_events,843967.64082,0.013178912922739983,68.63738608080894,843967.709443303,843967.709456482
world,NetworkApiPlugin,NetworkApiPlugin,recent_events,843967.67433,0.014847959391772747,67.09865701850504,843967.741412824,843967.741427672
world,NetworkApiPlugin,NetworkApiPlugin,recent_events,843967.70784,0.010078074410557747,69.46535990573466,843967.777294672,843967.77730475
world,NetworkApiPlugin,NetworkApiPlugin,recent_events,843967.741351,0.008890987373888493,67.92766298167408,843967.809269272,843967.809278163
world,NetworkApiPlugin,NetworkApiPlugin,recent_events,843967.774861,0.011065974831581116,81.58392703626305,843967.856433199,843967.856444265
world,NetworkApiPlugin,NetworkApiPlugin,recent_events,843967.808372,0.010357005521655083,68.95193899981678,843967.877313005,843967.877323362
world,NetworkApiPlugin,NetworkApiPlugin,recent_events,843967.841882,0.016556004993617535,67.5378090236336,843967.90940261,843967.909419166
world,NetworkApiPlugin,NetworkApiPlugin,recent_events,843967.875392,0.010448042303323746,69.93846804834902,843967.945319404,843967.945329852
world,NetworkApiPlugin,NetworkApiPlugin,recent_events,843967.908903,0.011943979188799858,68.43893905170262,843967.977329388,843967.977341332
world,NetworkApiPlugin,NetworkApiPlugin,recent_events,843967.942413,0.01201301347464323,70.92992693651468,843968.013330376,843968.013342389
world,NetworkApiPlugin,NetworkApiPlugin,recent_events,843967.975924,0.012943055480718613,69.44953498896211,843968.04535947,843968.045372413
world,NetworkApiPlugin,NetworkApiPlugin,recent_events,843968.009434,0.005533103831112385,83.35655694827437,843968.092784609,843968.092790142
world,NetworkApiPlugin,NetworkApiPlugin,recent_events,843968.042944,0.006895978003740311,70.36656502168626,843968.113303016,843968.113309912
world,NetworkApiPlugin,NetworkApiPlugin,recent_events,843968.076455,0.008119968697428703,68.85104603134096,843968.145297441,843968.145305561
world,NetworkApiPlugin,NetworkApiPlugin,recent_events,843968.109965,0.02271798439323902,67.57262907922268,843968.177512675,843968.177535393
world,NetworkApiPlugin,NetworkApiPlugin,recent_events,843968.143476,0.04646903835237026,70.18427492585033,843968.213611256,843968.213657725
world,NetworkApiPlugin,NetworkApiPlugin,recent_events,843968.176986,0.028287991881370544,68.65233997814357,843968.245607607,843968.245635895
world,NetworkApiPlugin,NetworkApiPlugin,recent_events,843968.210496,0.018110033124685287,70.85938402451575,843968.281336715,843968.281354825
world,NetworkApiPlugin,NetworkApiPlugin,recent_events,843968.244007,0.01114292535930872,69.38198197167367,843968.313377107,843968.31338825
world,NetworkApiPlugin,NetworkApiPlugin,recent_events,843968.277517,0.0265870476141572,68.05546197574586,843968.345543731,843968.345570318
world,NetworkApiPlugin,NetworkApiPlugin,recent_events,843968.311028,0.006412970833480358,70.28120406903327,843968.38130231,843968.381308723
world,NetworkApiPlugin,NetworkApiPlugin,recent_events,843968.344538,0.009850016795098782,68.79558402579278,843968.413323044,843968.413332894
world,NetworkApiPlugin,NetworkApiPlugin,recent_events,843968.378048,0.014496035873889923,67.31679593212903,843968.445349765,843968.445364261
world,NetworkApiPlugin,NetworkApiPlugin,recent_events,843968.411559,0.009558047167956829,69.78548900224268,843968.481334407,843968.481343965
world,NetworkApiPlugin,NetworkApiPlugin,recent_events,843968.445069,0.009112060070037842,68.27128503937274,843968.513330553,843968.513339665
world,NetworkApiPlugin,NetworkApiPlugin,recent_events,843968.47858,0.02585293259471655,71.01380405947566,843968.549565686,843968.549591539
world,NetworkApiPlugin,NetworkApiPlugin,recent_events,843968.51209,0.007672933861613274,69.22639603726566,843968.581308147,843968.58131582
world,NetworkApiPlugin,NetworkApiPlugin,recent_events,843968.5456,0.010414980351924896,67.74628907442093,843968.613335219,843968.613345634
world,NetworkApiPlugin,NetworkApiPlugin,recent_events,843968.579111,0.01223594881594181,70.26546099223197,843968.649363672,843968.649375908
world,NetworkApiPlugin,NetworkApiPlugin,recent_events,843968.612621,0.009106006473302841,68.71302390936762,843968.681324482,843968.681333588
world,NetworkApiPlugin,NetworkApiPlugin,recent_events,843968.646132,0.01256598625332117,67.17759103048593,843968.713296367,843968.713308933
world,NetworkApiPlugin,NetworkApiPlugin,recent_events,843968.679642,0.006813905201852322,69.70247998833656,843968.749337175,843968.749343989
world,NetworkApiPlugin,NetworkApiPlugin,recent_events,843968.713152,0.006771995685994625,68.23208997957408,843968.781376789,843968.781383561
world,NetworkApiPlugin,NetworkApiPlugin,recent_events,843968.746663,0.006251037120819092,70.73565502651036,843968.817391904,843968.817398155
world,NetworkApiPlugin,NetworkApiPlugin,recent_events,843968.780173,0.006906106136739254,69.2129130475223,843968.849378501,843968.849385407
world,NetworkApiPlugin,NetworkApiPlugin,recent_events,843968.813684,0.014317920431494713,67.67579598817974,843968.881344608,843968.881358926
world,NetworkApiPlugin,NetworkApiPlugin,recent_events,843968.847194,0.017139012925326824,70.29364397749305,843968.917469579,843968.917486718
world,NetworkApiPlugin,NetworkApiPlugin,recent_events,843968.981236,0.01452502328902483,80.63201908953488,843969.061852505,843969.06186703
world,NetworkApiPlugin,NetworkApiPlugin,recent_events,843969.014746,0.018263934180140495,70.75451908167452,843969.085481117,843969.085499381
world,NetworkApiPlugin,NetworkApiPlugin,recent_events,843969.048256,0.017001060768961906,69.25797497387975,843969.117495943,843969.117512944
world,NetworkApiPlugin,NetworkApiPlugin,recent_events,843969.081767,0.012872042134404182,67.6846579881385,843969.149437857,843969.149450729
world,NetworkApiPlugin,NetworkApiPlugin,recent_events,843969.115277,0.013076001778244972,70.21277700550854,843969.185476108,843969.185489184
world,NetworkApiPlugin,NetworkApiPlugin,recent_events,843969.148788,0.011157011613249779,68.6509310035035,843969.217427193,843969.21743835
world,NetworkApiPlugin,NetworkApiPlugin,recent_events,843969.182298,0.018895952962338924,67.1253390610218,843969.249403764,843969.24942266
world,NetworkApiPlugin,NetworkApiPlugin,recent_events,843969.215808,0.012721982784569263,69.61857399437577,843969.285413301,843969.285426023
world,NetworkApiPlugin,NetworkApiPlugin,recent_events,843969.249319,0.012401025742292404,68.14637791831046,843969.317452319,843969.31746472
world,NetworkApiPlugin,NetworkApiPlugin,recent_events,843969.282829,0.012150034308433533,70.58851094916463,843969.353404737,843969.353416887
world,NetworkApiPlugin,NetworkApiPlugin,recent_events,843969.31634,0.012238975614309311,69.10566694568843,843969.385432818,843969.385445057
world,NetworkApiPlugin,NetworkApiPlugin,recent_events,843969.34985,0.011057010851800442,67.5403920467943,843969.417378678,843969.417389735
world,NetworkApiPlugin,NetworkApiPlugin,recent_events,843969.38336,0.01190707553178072,70.05323306657374,843969.453400719,843969.453412626
world,NetworkApiPlugin,NetworkApiPlugin,recent_events,843969.416871,0.014277989976108074,68.59662104398012,843969.485452333,843969.485466611
world,NetworkApiPlugin,NetworkApiPlugin,recent_events,843969.450381,0.016576959751546383,71.10126304905862,843969.521464779,843969.521481356
world,NetworkApiPlugin,NetworkApiPlugin,recent_events,843969.483892,0.014328979887068272,69.55896492581815,843969.553435736,843969.553450065
world,NetworkApiPlugin,NetworkApiPlugin,recent_events,843969.517402,0.01226598396897316,68.0606309324503,843969.585449442,843969.585461708
world,NetworkApiPlugin,NetworkApiPlugin,recent_events,843969.550912,0.009667943231761456,70.55096095427871,843969.621452396,843969.621462064
world,NetworkApiPlugin,NetworkApiPlugin,recent_events,843969.584423,0.04292605444788933,69.25892201252282,843969.653636689,843969.653679615
world,NetworkApiPlugin,NetworkApiPlugin,recent_events,843969.617933,0.026919995434582233,67.73850007448345,843969.685642063,843969.685668983
world,NetworkApiPlugin,NetworkApiPlugin,recent_events,843969.651444,0.02975796815007925,70.25806605815887,843969.72166952,843969.721699278
world,NetworkApiPlugin,NetworkApiPlugin,recent_events,843969.684954,0.026516965590417385,68.70316190179437,843969.753628231,843969.753654748
world,NetworkApiPlugin,NetworkApiPlugin,recent_events,843969.718464,0.023529049940407276,71.13080995623022,843969.78956885,843969.789592379
world,NetworkApiPlugin,NetworkApiPlugin,recent_events,843969.751975,0.037810998037457466,69.63362800888717,843969.821568346,843969.821606157
world,NetworkApiPlugin,NetworkApiPlugin,recent_events,843969.785485,0.028239097446203232,68.1704479502514,843969.853624709,843969.853652948
world,NetworkApiPlugin,NetworkApiPlugin,recent_events,843969.818996,0.026124995201826096,70.6839479971677,843969.88965151,843969.889677635
world,NetworkApiPlugin,NetworkApiPlugin,recent_events,843969.852506,0.043655047193169594,69.2216930910945,843969.921681599,843969.921725254
world,NetworkApiPlugin,NetworkApiPlugin,recent_events,843969.886016,0.026774941943585873,67.73482006974518,843969.953721518,843969.953748293
world,NetworkApiPlugin,NetworkApiPlugin,recent_events,843969.919527,0.030569033697247505,70.26487693656236,843969.989757651,843969.98978822
world,NetworkApiPlugin,NetworkApiPlugin,recent_events,843969.953037,0.0560469925403595,68.7640419928357,843970.021741053,843970.0217971
world,NetworkApiPlugin,NetworkApiPlugin,recent_events,843969.986548,0.0303580891340971,71.16928894538432,843970.057684338,843970.057714696
world,NetworkApiPlugin,NetworkApiPlugin,recent_events,843970.020058,0.025906949304044247,69.63509402703494,843970.089664542,843970.089690449
world,NetworkApiPlugin,NetworkApiPlugin,recent_events,843970.053568,0.026413006708025932,68.10387608129531,843970.121642931,843970.121669344
world,NetworkApiPlugin,NetworkApiPlugin,recent_events,843970.087079,0.026399968191981316,70.59517607558519,843970.157645178,843970.157671578
world,NetworkApiPlugin,NetworkApiPlugin,recent_events,843970.120589,0.044866930693387985,69.11288690753281,843970.189654296,843970.189699163
world,NetworkApiPlugin,NetworkApiPlugin,recent_events,843970.1541,0.02845108974725008,67.61467200703919,843970.221683385,843970.221711836
world,NetworkApiPlugin,NetworkApiPlugin,recent_events,843970.18761,0.028202077373862267,70.05246798507869,843970.257631867,843970.257660069
world,NetworkApiPlugin,NetworkApiPlugin,recent_events,843970.22112,0.025153975002467632,68.53920104913414,843970.289631643,843970.289656797
world,NetworkApiPlugin,NetworkApiPlugin,recent_events,843970.254631,0.02971396315842867,71.05321600101888,843970.325651883,843970.325681597
world,NetworkApiPlugin,NetworkApiPlugin,recent_events,843970.288141,0.02684001810848713,69.58120199851692,843970.357692881,843970.357719721
world,NetworkApiPlugin,NetworkApiPlugin,recent_events,843970.321652,0.026380992494523525,68.06086201686412,843970.389684152,843970.389710533
world,NetworkApiPlugin,NetworkApiPlugin,recent_events,843970.355162,0.01975602935999632,70.39293297566473,843970.425533197,843970.425552953
world,NetworkApiPlugin,NetworkApiPlugin,recent_events,843970.388672,0.013502081856131554,68.74143599998206,843970.457399317,843970.457412819
world,NetworkApiPlugin,NetworkApiPlugin,recent_events,843970.422183,0.014362973161041737,67.2624169383198,843970.489430347,843970.48944471
world,NetworkApiPlugin,NetworkApiPlugin,recent_events,843970.455693,0.012057949788868427,69.78467002045363,843970.525465036,843970.525477094
world,NetworkApiPlugin,NetworkApiPlugin,recent_events,843970.489204,0.017070909962058067,68.31870798487216,843970.557504571,843970.557521642
world,NetworkApiPlugin,NetworkApiPlugin,recent_events,843970.522714,0.018954044207930565,70.8679030649364,843970.593561986,843970.59358094
world,NetworkApiPlugin,NetworkApiPlugin,recent_events,843970.556224,0.017978018149733543,69.3482409697026,843970.625553293,843970.625571271
world,NetworkApiPlugin,NetworkApiPlugin,recent_events,843970.589735,0.0172880245372653,67.82167195342481,843970.65753844,843970.657555728
world,NetworkApiPlugin,NetworkApiPlugin,recent_events,843970.623245,0.018325052224099636,70.31618501059711,843970.693541818,843970.693560143
world,NetworkApiPlugin,NetworkApiPlugin,recent_events,843970.656756,0.01849397085607052,68.8637150451541,843970.725600196,843970.72561869
world,NetworkApiPlugin,NetworkApiPlugin,recent_events,843970.690266,0.015981029719114304,67.25705205462873,843970.757506151,843970.757522132
world,NetworkApiPlugin,NetworkApiPlugin,recent_events,843970.723776,0.016535981558263302,69.85416798852384,843970.79361266,843970.793629196
world,NetworkApiPlugin,NetworkApiPlugin,recent_events,843970.757287,0.018564052879810333,68.39198304805905,843970.825659391,843970.825677955
world,NetworkApiPlugin,NetworkApiPlugin,recent_events,843970.790797,0.014259014278650284,70.79410389997065,843970.861576237,843970.861590496
world,NetworkApiPlugin,NetworkApiPlugin,recent_events,843970.824308,0.016660080291330814,69.31864400394261,843970.893608979,843970.893625639
world,NetworkApiPlugin,NetworkApiPlugin,recent_events,843970.857818,0.018208986148238182,67.82176496926695,843970.925620345,843970.925638554
world,NetworkApiPlugin,NetworkApiPlugin,recent_events,843970.891328,0.02940394915640354,70.32839104067534,843970.961625737,843970.961655141
world,NetworkApiPlugin,NetworkApiPlugin,recent_events,843970.924839,0.016920967027544975,68.68153903633356,843970.993502757,843970.993519678
world,NetworkApiPlugin,NetworkApiPlugin,recent_events,843970.958349,0.01494504977017641,67.15621205512434,843971.02548948,843971.025504425
world,NetworkApiPlugin,NetworkApiPlugin,recent_events,843970.99186,0.019456958398222923,69.73222410306334,843971.061571788,843971.061591245
world,NetworkApiPlugin,NetworkApiPlugin,recent_events,843971.02537,0.010440940968692303,68.10695095919073,843971.093465968,843971.093476409
world,NetworkApiPlugin,NetworkApiPlugin,recent_events,843971.05888,0.023172004148364067,70.81922492943704,843971.12967354,843971.129696712
world,NetworkApiPlugin,NetworkApiPlugin,recent_events,843971.092391,0.032637035474181175,69.4266869686544,843971.161781709,843971.161814346
world,NetworkApiPlugin,NetworkApiPlugin,recent_events,843971.125901,0.029901042580604553,68.05641495157033,843971.193924055,843971.193953956
world,NetworkApiPlugin,NetworkApiPlugin,recent_events,843971.159412,0.07173302583396435,70.5259459791705,843971.229863519,843971.229935252
world,NetworkApiPlugin,NetworkApiPlugin,recent_events,843971.192922,0.05376304034143686,68.97430308163166,843971.261839489,843971.261893252
world,NetworkApiPlugin,NetworkApiPlugin,recent_events,843971.226432,0.02957601100206375,71.32060697767884,843971.297720374,843971.29774995
world,NetworkApiPlugin,NetworkApiPlugin,recent_events,843971.259943,0.026667024940252304,69.79292200412601,843971.329706645,843971.329733312
world,NetworkApiPlugin,NetworkApiPlugin,recent_events,843971.293453,0.026923022232949734,68.27099295333028,843971.361694466,843971.361721389
world,NetworkApiPlugin,NetworkApiPlugin,recent_events,843971.326964,0.041286926716566086,70.7384489942342,843971.397658145,843971.397699432
world,NetworkApiPlugin,NetworkApiPlugin,recent_events,843971.360474,0.023073982447385788,69.18130605481565,843971.429630143,843971.429653217
world,NetworkApiPlugin,NetworkApiPlugin,recent_events,843971.393984,0.024478998966515064,67.6761280046776,843971.461633331,843971.46165781
world,NetworkApiPlugin,NetworkApiPlugin,recent_events,843971.427495,0.02488400787115097,70.17912704031914,843971.497646689,843971.497671573
world,NetworkApiPlugin,NetworkApiPlugin,recent_events,843971.461005,0.05177606362849474,68.78031592350453,843971.529730946,843971.529782722
world,NetworkApiPlugin,NetworkApiPlugin,recent_events,843971.494516,0.026224995963275433,71.26002002041787,843971.565747057,843971.565773282
world,NetworkApiPlugin,NetworkApiPlugin,recent_events,843971.528026,0.026418943889439106,69.73331293556839,843971.597730192,843971.597756611
world,NetworkApiPlugin,NetworkApiPlugin,recent_events,843971.561536,0.026299036107957363,68.20372596848756,843971.629710985,843971.629737284
world,NetworkApiPlugin,NetworkApiPlugin,recent_events,843971.595047,0.026327092200517654,70.71270397864282,843971.665730838,843971.665757165
world,NetworkApiPlugin,NetworkApiPlugin,recent_events,843971.628557,0.02549402415752411,69.1206679912284,843971.69764958,843971.697675074
world,NetworkApiPlugin,NetworkApiPlugin,recent_events,843971.662068,0.02359005156904459,67.61354999616742,843971.729655653,843971.729679243
world,NetworkApiPlugin,NetworkApiPlugin,recent_events,843971.695578,0.025805900804698467,70.1141539029777,843971.765663568,843971.765689374
world,NetworkApiPlugin,NetworkApiPlugin,recent_events,843971.729088,0.04195095971226692,68.60966794192791,843971.797653338,843971.797695289
world,NetworkApiPlugin,NetworkApiPlugin,recent_events,843971.762599,0.04219193942844868,71.13551604561508,843971.833689989,843971.833732181
world,NetworkApiPlugin,NetworkApiPlugin,recent_events,843971.796109,0.022934051230549812,69.60937997791916,843971.865693191,843971.865716125
world,NetworkApiPlugin,NetworkApiPlugin,recent_events,843971.82962,0.023509026505053043,68.06737103033811,843971.897661278,843971.897684787
world,NetworkApiPlugin,NetworkApiPlugin,recent_events,843971.86313,0.05229003727436066,70.91454009059817,843971.93398992,843971.93404221
world,NetworkApiPlugin,NetworkApiPlugin,recent_events,843971.89664,0.02555700484663248,69.09476197324693,843971.965706532,843971.965732089
world,NetworkApiPlugin,NetworkApiPlugin,recent_events,843971.930151,0.027820933610200882,67.57497892249376,843971.997663105,843971.997690926
world,NetworkApiPlugin,NetworkApiPlugin,recent_events,843971.963661,0.026704976335167885,70.06961794104427,843972.033700729,843972.033727434
world,NetworkApiPlugin,NetworkApiPlugin,recent_events,843971.997172,0.025314977392554283,68.62854294013232,843972.065772614,843972.065797929
world,NetworkApiPlugin,NetworkApiPlugin,recent_events,843972.030682,0.04327797796577215,71.05680298991501,843972.101692806,843972.101736084
world,NetworkApiPlugin,NetworkApiPlugin,recent_events,843972.064192,0.025002984330058098,69.51644306536764,843972.133681095,843972.133706098
world,NetworkApiPlugin,NetworkApiPlugin,recent_events,843972.097703,0.025374931283295155,67.9973860969767,843972.165672407,843972.165697782
world,NetworkApiPlugin,NetworkApiPlugin,recent_events,843972.131213,0.024737906642258167,70.47664292622358,843972.201662332,843972.20168707
world,NetworkApiPlugin,NetworkApiPlugin,recent_events,843972.164724,0.02633908297866583,69.00957692414522,843972.233704482,843972.233730821
world,NetworkApiPlugin,NetworkApiPlugin,recent_events,843972.198234,0.041184015572071075,67.48829199932516,843972.26567846,843972.265719644
world,NetworkApiPlugin,NetworkApiPlugin,recent_events,843972.231744,0.026777037419378757,70.0324090430513,843972.301747068,843972.301773845
world,NetworkApiPlugin,NetworkApiPlugin,recent_events,843972.265255,0.02201192546635866,68.42509098351002,843972.333655814,843972.333677826
world,NetworkApiPlugin,NetworkApiPlugin,recent_events,843972.298765,0.025553046725690365,70.94473007600754,843972.36968175,843972.369707303
world,NetworkApiPlugin,NetworkApiPlugin,recent_events,843972.332276,0.025000073947012424,69.43590310402215,843972.401684176,843972.401709176
world,NetworkApiPlugin,NetworkApiPlugin,recent_events,843972.365786,0.02697901800274849,67.99626094289124,843972.433752734,843972.433779713
world,NetworkApiPlugin,NetworkApiPlugin,recent_events,843972.399296,0.03375194501131773,70.4436230007559,843972.469703444,843972.469737196
world,NetworkApiPlugin,NetworkApiPlugin,recent_events,843972.432807,0.05799101199954748,69.01709199883044,843972.501763641,843972.501821632
world,NetworkApiPlugin,NetworkApiPlugin,recent_events,843972.466317,0.0257070641964674,67.46928405482322,843972.533757958,843972.533783665
world,NetworkApiPlugin,NetworkApiPlugin,recent_events,843972.499828,0.02588704228401184,69.92349098436534,843972.56972296,843972.569748847
world,NetworkApiPlugin,NetworkApiPlugin,recent_events,843972.533338,0.026254099793732166,68.39354406110942,843972.601702562,843972.601728816
world,NetworkApiPlugin,NetworkApiPlugin,recent_events,843972.566848,0.027977977879345417,70.94603893347085,843972.637763277,843972.637791255
world,NetworkApiPlugin,NetworkApiPlugin,recent_events,843972.600359,0.0256979838013649,69.41052293404937,843972.669741406,843972.669767104
world,NetworkApiPlugin,NetworkApiPlugin,recent_events,843972.633869,0.0527289230376482,67.95250496361405,843972.701765971,843972.7018187
world,NetworkApiPlugin,NetworkApiPlugin,recent_events,843972.66738,0.025807996280491352,70.41305303573608,843972.737764802,843972.73779061
world,NetworkApiPlugin,NetworkApiPlugin,recent_events,843972.70089,0.02541800495237112,68.81937896832824,843972.769681685,843972.769707103
world,NetworkApiPlugin,NetworkApiPlugin,recent_events,843972.7344,0.02666306681931019,71.3753520976752,843972.805746247,843972.80577291
world,NetworkApiPlugin,NetworkApiPlugin,recent_events,843972.767911,0.02547504846006632,69.86199703533202,843972.837745021,843972.837770496
world,NetworkApiPlugin,NetworkApiPlugin,recent_events,843972.801421,0.025922083295881748,68.3517619036138,843972.869744491,843972.869770413
world,NetworkApiPlugin,NetworkApiPlugin,recent_events,843972.834932,0.028294045478105545,70.88536501396447,843972.905786647,843972.905814941
world,NetworkApiPlugin,NetworkApiPlugin,recent_events,843972.868442,0.023725093342363834,69.29348595440388,843972.937709368,843972.937733093
world,NetworkApiPlugin,NetworkApiPlugin,recent_events,843972.901952,0.045143067836761475,67.81596597284079,843972.969720245,843972.969765388
world,NetworkApiPlugin,NetworkApiPlugin,recent_events,843972.935463,0.024126959033310413,70.2587179839611,843973.005695092,843973.005719219
world,NetworkApiPlugin,NetworkApiPlugin,recent_events,843972.968973,0.02431997563689947,68.73972807079554,843973.037686425,843973.037710745
world,NetworkApiPlugin,NetworkApiPlugin,recent_events,843973.002484,0.025062006898224354,71.26313296612352,843973.073719414,843973.073744476
world,NetworkApiPlugin,NetworkApiPlugin,recent_events,843973.035994,0.032526906579732895,69.8003969155252,843973.10575879,843973.105791317
world,NetworkApiPlugin,NetworkApiPlugin,recent_events,843973.069504,0.04507193807512522,68.24647693429142,843973.137702752,843973.137747824
world,NetworkApiPlugin,NetworkApiPlugin,recent_events,843973.103015,0.025606947019696236,70.74295496568084,843973.173730058,843973.173755665
world,NetworkApiPlugin,NetworkApiPlugin,recent_events,843973.136525,0.025694025680422783,69.2228099796921,843973.205719681,843973.205745375
world,NetworkApiPlugin,NetworkApiPlugin,recent_events,843973.170036,0.02540403511375189,67.7191490540281,843973.237727145,843973.237752549
world,NetworkApiPlugin,NetworkApiPlugin,recent_events,843973.203546,0.033803051337599754,70.38183801341802,843973.273890557,843973.27392436
world,NetworkApiPlugin,NetworkApiPlugin,recent_events,843973.237056,0.03664707764983177,68.8927739392966,843973.305909126,843973.305945773
world,NetworkApiPlugin,NetworkApiPlugin,recent_events,843973.270567,0.032935990020632744,71.3943230221048,843973.341924824,843973.34195776
world,NetworkApiPlugin,NetworkApiPlugin,recent_events,843973.304077,0.027458067052066326,69.90137894172221,843973.373948687,843973.373976145
world,NetworkApiPlugin,NetworkApiPlugin,recent_events,843973.337588,0.027581932954490185,68.37730796542019,843973.405935183,843973.405962765
world,NetworkApiPlugin,NetworkApiPlugin,recent_events,843973.371098,0.02579099964350462,70.84704807493836,843973.441916531,843973.441942322
world,NetworkApiPlugin,NetworkApiPlugin,recent_events,843973.404608,0.025483896024525166,69.15146706160158,843973.473731421,843973.473756905
world,NetworkApiPlugin,NetworkApiPlugin,recent_events,843973.438119,0.032070092856884,67.68039788585156,843973.505763909,843973.505795979
world,NetworkApiPlugin,NetworkApiPlugin,recent_events,843973.471629,0.02661405596882105,70.13742194976658,843973.541737309,843973.541763923
world,NetworkApiPlugin,NetworkApiPlugin,recent_events,843973.50514,0.05022506229579449,68.63839202560484,843973.573725494,843973.573775719
world,NetworkApiPlugin,NetworkApiPlugin,recent_events,843973.53865,0.026533030904829502,71.14253204781562,843973.609763425,843973.609789958
world,NetworkApiPlugin,NetworkApiPlugin,recent_events,843973.57216,0.0260199885815382,69.59350605029613,843973.641725051,843973.641751071
world,NetworkApiPlugin,NetworkApiPlugin,recent_events,843973.605671,0.023620901629328728,68.05048906244338,843973.673695296,843973.673718917
world,NetworkApiPlugin,NetworkApiPlugin,recent_events,843973.639181,0.022160005755722523,70.56361809372902,843973.709720401,843973.709742561
world,NetworkApiPlugin,NetworkApiPlugin,recent_events,843973.672692,0.02224405761808157,69.06870799139142,843973.741736242,843973.741758486
world,NetworkApiPlugin,NetworkApiPlugin,recent_events,843973.706202,0.03314705099910498,74.67797701247036,843973.780841655,843973.780874802
world,NetworkApiPlugin,NetworkApiPlugin,recent_events,843973.739712,0.008890987373888493,69.8159160092473,843973.809518518,843973.809527409
world,NetworkApiPlugin,NetworkApiPlugin,recent_events,843973.773223,0.008443952538073063,68.27861198689789,843973.841492721,843973.841501165
world,NetworkApiPlugin,NetworkApiPlugin,recent_events,843973.806733,0.025382032617926598,71.02705002762377,843973.877732395,843973.877757777
world,NetworkApiPlugin,NetworkApiPlugin,recent_events,843973.840244,0.029593007639050484,69.51826100703329,843973.909729679,843973.909759272
world,NetworkApiPlugin,NetworkApiPlugin,recent_events,843973.873754,0.02478901296854019,67.99795106053352,843973.941724913,843973.941749702
world,NetworkApiPlugin,NetworkApiPlugin,recent_events,843973.907264,0.023404019884765148,70.51300001330674,843973.977751003,843973.977774407
world,NetworkApiPlugin,NetworkApiPlugin,recent_events,843973.940775,0.025107059627771378,68.98678792640567,843974.009734225,843974.009759332
world,NetworkApiPlugin,NetworkApiPlugin,recent_events,843973.974285,0.02131005749106407,67.46232905425131,843974.041723814,843974.041745124
world,NetworkApiPlugin,NetworkApiPlugin,recent_events,843974.007796,0.010245013982057571,69.74546401761472,843974.077530666,843974.077540911
world,NetworkApiPlugin,NetworkApiPlugin,recent_events,843974.041306,0.009306007996201515,68.20730899926275,843974.109503463,843974.109512769
world,NetworkApiPlugin,NetworkApiPlugin,recent_events,843974.074816,0.02516095992177725,70.95883204601705,843974.145747496,843974.145772657
world,NetworkApiPlugin,NetworkApiPlugin,recent_events,843974.108327,0.03342900890856981,69.47201897855848,843974.177761911,843974.17779534
world,NetworkApiPlugin,NetworkApiPlugin,recent_events,843974.141837,0.02943701110780239,67.9254449205473,843974.209730327,843974.209759764
world,NetworkApiPlugin,NetworkApiPlugin,recent_events,843974.175348,0.027489964850246906,70.43977198190987,843974.245757162,843974.245784652
world,NetworkApiPlugin,NetworkApiPlugin,recent_events,843974.208858,0.029276940040290356,68.96490196231753,843974.27779104,843974.277820317
world,NetworkApiPlugin,NetworkApiPlugin,recent_events,843974.242368,0.028623035177588463,67.4313900526613,843974.309768209,843974.309796832
world,NetworkApiPlugin,NetworkApiPlugin,recent_events,843974.275879,0.025289016775786877,69.8906360194087,843974.345742152,843974.345767441
world,NetworkApiPlugin,NetworkApiPlugin,recent_events,843974.309389,0.0245699193328619,68.36802803445607,843974.377730485,843974.377755055
world,NetworkApiPlugin,NetworkApiPlugin,recent_events,843974.3429,0.025794957764446735,70.90352498926222,843974.413775873,843974.413801668
world,NetworkApiPlugin,NetworkApiPlugin,recent_events,843974.37641,0.006637070327997208,69.11776994820684,843974.445520612,843974.445527249
world,NetworkApiPlugin,NetworkApiPlugin,recent_events,843974.40992,0.03129604738205671,68.04499996360391,843974.47793035,843974.477961646
world,NetworkApiPlugin,NetworkApiPlugin,recent_events,843974.443431,0.02736796159297228,70.39150805212557,843974.513793188,843974.513820556
world,NetworkApiPlugin,NetworkApiPlugin,recent_events,843974.476941,0.025931047275662422,68.8862120732665,843974.545798712,843974.545824643
world,NetworkApiPlugin,NetworkApiPlugin,recent_events,843974.510452,0.023604021407663822,71.31674909032881,843974.581743245,843974.581766849
world,NetworkApiPlugin,NetworkApiPlugin,recent_events,843974.543962,0.025855028070509434,69.88033792003989,843974.613813957,843974.613839812
world,NetworkApiPlugin,NetworkApiPlugin,recent_events,843974.577472,0.02152204979211092,68.27660999260843,843974.645724442,843974.645745964
world,NetworkApiPlugin,NetworkApiPlugin,recent_events,843974.610983,0.022536958567798138,70.79647097270936,843974.681754758,843974.681777295
world,NetworkApiPlugin,NetworkApiPlugin,recent_events,843974.644493,0.023922068066895008,69.27984999492764,843974.713746259,843974.713770181
world,NetworkApiPlugin,NetworkApiPlugin,recent_events,843974.678004,0.022903899662196636,67.74025899358094,843974.745719079,843974.745741983
world,NetworkApiPlugin,NetworkApiPlugin,recent_events,843974.711514,0.02662802580744028,70.29899302870035,843974.781784066,843974.781810694
world,NetworkApiPlugin,NetworkApiPlugin,recent_events,843974.745024,0.023482018150389194,68.73751909006387,843974.813735628,843974.81375911
world,NetworkApiPlugin,NetworkApiPlugin,recent_events,843974.778535,0.02627901267260313,71.33172394242138,843974.849838402,843974.849864681
world,NetworkApiPlugin,NetworkApiPlugin,recent_events,843974.812045,0.02368201967328787,69.77614795323461,843974.881795304,843974.881818986
world,NetworkApiPlugin,NetworkApiPlugin,recent_events,843974.845556,0.02223299816250801,68.19306395482272,843974.91372453,843974.913746763
world,NetworkApiPlugin,NetworkApiPlugin,recent_events,843974.879066,0.02256990410387516,70.71620598435402,843974.949757287,843974.949779857
world,NetworkApiPlugin,NetworkApiPlugin,recent_events,843974.912576,0.02597598358988762,69.21854603569955,843974.98176615,843974.981792126
world,NetworkApiPlugin,NetworkApiPlugin,recent_events,843974.946087,0.027636997401714325,67.71655404008925,843975.013773236,843975.013800873
world,NetworkApiPlugin,NetworkApiPlugin,recent_events,843974.979597,0.02595398109406233,70.21656993310899,843975.049784957,843975.049810911
world,NetworkApiPlugin,NetworkApiPlugin,recent_events,843975.013108,0.026308000087738037,68.7064389931038,843975.081785797,843975.081812105
world,NetworkApiPlugin,NetworkApiPlugin,recent_events,843975.046618,0.02637400757521391,71.22614793479443,843975.117815309,843975.117841683
world,NetworkApiPlugin,NetworkApiPlugin,recent_events,843975.080128,0.026411027647554874,69.72720299381763,843975.14982641,843975.149852821
world,NetworkApiPlugin,NetworkApiPlugin,recent_events,843975.113639,0.028552021831274033,68.3233579620719,843975.181931181,843975.181959733
world,NetworkApiPlugin,NetworkApiPlugin,recent_events,843975.147149,0.028470996767282486,70.64310600981116,843975.217760299,843975.21778877
world,NetworkApiPlugin,NetworkApiPlugin,recent_events,843975.18066,0.025894958525896072,69.20447805896401,843975.24983597,843975.249861865
world,NetworkApiPlugin,NetworkApiPlugin,recent_events,843975.21417,0.0263990368694067,67.62863392941654,843975.281769531,843975.28179593
world,NetworkApiPlugin,NetworkApiPlugin,recent_events,843975.24768,0.032469979487359524,70.1983260223642,843975.317843509,843975.317875979
world,NetworkApiPlugin,NetworkApiPlugin,recent_events,843975.281191,0.027181929908692837,68.6884899623692,843975.349849669,843975.349876851
world,NetworkApiPlugin,NetworkApiPlugin,recent_events,843975.314701,0.025251065380871296,71.12416997551918,843975.385797387,843975.385822638
world,NetworkApiPlugin,NetworkApiPlugin,recent_events,843975.348212,0.029684044420719147,69.57686704117805,843975.417756956,843975.41778664
world,NetworkApiPlugin,NetworkApiPlugin,recent_events,843975.381722,0.026797992177307606,68.13763303216547,843975.449830119,843975.449856917
world,NetworkApiPlugin,NetworkApiPlugin,recent_events,843975.415232,0.009895069524645805,70.37676789332181,843975.485598397,843975.485608292
world,NetworkApiPlugin,NetworkApiPlugin,recent_events,843975.448743,0.009179930202662945,68.84716497734189,843975.517580399,843975.517589579
world,NetworkApiPlugin,NetworkApiPlugin,recent_events,843975.482253,0.0074750278145074844,67.29630194604397,843975.549541294,843975.549548769
world,NetworkApiPlugin,NetworkApiPlugin,recent_events,843975.515764,0.02428505104035139,70.06538694258779,843975.585802665,843975.58582695
world,NetworkApiPlugin,NetworkApiPlugin,recent_events,843975.549274,0.022745924070477486,68.5196709819138,843975.617768847,843975.617791593
world,NetworkApiPlugin,NetworkApiPlugin,recent_events,843975.582784,0.039174919947981834,71.14204403478652,843975.653883071,843975.653922246
world,NetworkApiPlugin,NetworkApiPlugin,recent_events,843975.616295,0.030138995498418808,69.60000505205244,843975.685861957,843975.685892096
world,NetworkApiPlugin,NetworkApiPlugin,recent_events,843975.649805,0.02661102917045355,68.07388295419514,843975.717849777,843975.717876388
world,NetworkApiPlugin,NetworkApiPlugin,recent_events,843975.683316,0.03306497819721699,70.60847000684589,843975.753888793,843975.753921858
world,NetworkApiPlugin,NetworkApiPlugin,recent_events,843975.716826,0.026184949092566967,69.08577296417207,843975.785882932,843975.785909117
world,NetworkApiPlugin,NetworkApiPlugin,recent_events,843975.750336,0.02837204374372959,67.55475094541907,843975.817859705,843975.817888077
world,NetworkApiPlugin,NetworkApiPlugin,recent_events,843975.783847,0.029181945137679577,70.05100802052766,843975.853866296,843975.853895478
world,NetworkApiPlugin,NetworkApiPlugin,recent_events,843975.817357,0.026291003450751305,68.57880705501884,843975.885907045,843975.885933336
world,NetworkApiPlugin,NetworkApiPlugin,recent_events,843975.850868,0.023731030523777008,70.9476510528475,843975.921790299,843975.92181403
world,NetworkApiPlugin,NetworkApiPlugin,recent_events,843975.884378,0.027139089070260525,69.47019696235657,843975.953818703,843975.953845842
world,NetworkApiPlugin,NetworkApiPlugin,recent_events,843975.917888,0.02425198908895254,67.94728897511959,843975.985808686,843975.985832938
world,NetworkApiPlugin,NetworkApiPlugin,recent_events,843975.951399,0.030229915864765644,70.44339494314045,843976.021809256,843976.021839486
world,NetworkApiPlugin,NetworkApiPlugin,recent_events,843975.984909,0.02329004928469658,68.9147439552471,843976.053798034,843976.053821324
world,NetworkApiPlugin,NetworkApiPlugin,recent_events,843976.01842,0.030562980100512505,71.42598601058125,843976.08981205,843976.089842613
world,NetworkApiPlugin,NetworkApiPlugin,recent_events,843976.05193,0.027543981559574604,69.9029250536114,843976.12180212,843976.121829664
world,NetworkApiPlugin,NetworkApiPlugin,recent_events,843976.08544,0.029020942747592926,68.41580895707011,843976.153824178,843976.153853199
world,NetworkApiPlugin,NetworkApiPlugin,recent_events,843976.118951,0.02667098306119442,70.9131209878251,843976.189835164,843976.189861835
world,NetworkApiPlugin,NetworkApiPlugin,recent_events,843976.152461,0.022445921786129475,69.35143703594804,843976.221787865,843976.221810311
world,NetworkApiPlugin,NetworkApiPlugin,recent_events,843976.185972,0.027789967134594917,67.90515198372304,843976.253846613,843976.253874403
world,NetworkApiPlugin,NetworkApiPlugin,recent_events,843976.219482,0.00887096393853426,70.1895720558241,843976.289662044,843976.289670915
world,NetworkApiPlugin,NetworkApiPlugin,recent_events,843976.252992,0.01176807563751936,68.71047301683575,843976.32169005,843976.321701818
world,NetworkApiPlugin,NetworkApiPlugin,recent_events,843976.286503,0.01224700827151537,71.1501280311495,843976.35763988,843976.357652127
world,NetworkApiPlugin,NetworkApiPlugin,recent_events,843976.320013,0.03135495353490114,69.98208991717547,843976.389961006,843976.389992361
world,NetworkApiPlugin,NetworkApiPlugin,recent_events,843976.353524,0.009245006367564201,68.07019398547709,843976.421584418,843976.421593663
world,NetworkApiPlugin,NetworkApiPlugin,recent_events,843976.387034,0.026036053895950317,70.95286902040243,843976.457958741,843976.457984777
world,NetworkApiPlugin,NetworkApiPlugin,recent_events,843976.420544,0.028840964660048485,69.39783599227667,843976.489910471,843976.489939312
world,NetworkApiPlugin,NetworkApiPlugin,recent_events,843976.454055,0.009812996722757816,67.64937401749194,843976.521694054,843976.521703867
world,NetworkApiPlugin,NetworkApiPlugin,recent_events,843976.487565,0.01648289617151022,70.14147902373224,843976.557688693,843976.557705176
world,NetworkApiPlugin,NetworkApiPlugin,recent_events,843976.521076,0.027969013899564743,69.02674003504217,843976.59007218,843976.590100149
world,NetworkApiPlugin,NetworkApiPlugin,recent_events,843976.554586,0.0327560119330883,71.3356549385935,843976.625885326,843976.625918082
world,NetworkApiPlugin,NetworkApiPlugin,recent_events,843976.588096,0.024428009055554867,69.79895394761115,843976.657868198,843976.657892626
world,NetworkApiPlugin,NetworkApiPlugin,recent_events,843976.621607,0.025062006898224354,68.17469198722392,843976.689754409,843976.689779471
world,NetworkApiPlugin,NetworkApiPlugin,recent_events,843976.655117,0.0074499985203146935,70.4699030611664,843976.725578739,843976.725586189
world,NetworkApiPlugin,NetworkApiPlugin,recent_events,843976.688628,0.009773997589945793,69.00995702017099,843976.757627592,843976.757637366
world,NetworkApiPlugin,NetworkApiPlugin,recent_events,843976.722138,0.022982945665717125,67.67354300245643,843976.789786851,843976.789809834
world,NetworkApiPlugin,NetworkApiPlugin,recent_events,843976.755648,0.027686008252203465,70.32797893043607,843976.825945417,843976.825973103
world,NetworkApiPlugin,NetworkApiPlugin,recent_events,843976.789159,0.024887965992093086,68.6913370154798,843976.857822995,843976.857847883
world,NetworkApiPlugin,NetworkApiPlugin,recent_events,843976.822669,0.006912974640727043,70.95704099629074,843976.893618598,843976.893625511
world,NetworkApiPlugin,NetworkApiPlugin,recent_events,843976.85618,0.021758954972028732,69.65742004103959,843976.925813782,843976.925835541
world,NetworkApiPlugin,NetworkApiPlugin,recent_events,843976.88969,0.023892964236438274,68.14653496257961,843976.957810217,843976.95783411
world,NetworkApiPlugin,NetworkApiPlugin,recent_events,843976.9232,0.02544000744819641,70.67667506635189,843976.993849134,843976.993874574
world,NetworkApiPlugin,NetworkApiPlugin,recent_events,843976.956711,0.04645308945327997,69.3164881085977,843977.025977111,843977.026023564
world,NetworkApiPlugin,NetworkApiPlugin,recent_events,843976.990221,0.015235040336847305,67.50825594644994,843977.057712583,843977.057727818
world,NetworkApiPlugin,NetworkApiPlugin,recent_events,843977.023732,0.02869602758437395,70.25157602038234,843977.093952423,843977.093981119
world,NetworkApiPlugin,NetworkApiPlugin,recent_events,843977.057242,0.015129102393984795,68.4471499407664,843977.125673138,843977.125688267
world,NetworkApiPlugin,NetworkApiPlugin,recent_events,843977.090752,0.02668693196028471,71.14424405153841,843977.161867173,843977.16189386
world,NetworkApiPlugin,NetworkApiPlugin,recent_events,843977.124263,0.029364018701016903,69.7325540240854,843977.1939628,843977.193992164
world,NetworkApiPlugin,NetworkApiPlugin,recent_events,843977.157773,0.02813700120896101,68.17089999094605,843977.225913177,843977.225941314
world,NetworkApiPlugin,NetworkApiPlugin,recent_events,843977.191284,0.025879009626805782,70.64446900039911,843977.261900347,843977.261926226
world,NetworkApiPlugin,NetworkApiPlugin,recent_events,843977.224794,0.025830930098891258,69.08689101692289,843977.293852546,843977.293878377
world,NetworkApiPlugin,NetworkApiPlugin,recent_events,843977.258304,0.012295087799429893,67.3741459613666,843977.325665101,843977.325677396
world,NetworkApiPlugin,NetworkApiPlugin,recent_events,843977.291815,0.030079972930252552,70.15346200205386,843977.361936024,843977.361966104
world,NetworkApiPlugin,NetworkApiPlugin,recent_events,843977.325325,0.008011935278773308,68.33271007053554,843977.393649187,843977.393657199
world,NetworkApiPlugin,NetworkApiPlugin,recent_events,843977.358836,0.025563989765942097,71.05426106136292,843977.429862696,843977.42988826
world,NetworkApiPlugin,NetworkApiPlugin,recent_events,843977.392346,0.029911985620856285,69.61488607339561,843977.461928685,843977.461958597
world,NetworkApiPlugin,NetworkApiPlugin,recent_events,843977.425856,0.025461078621447086,68.03182291332632,843977.493860242,843977.493885703
world,NetworkApiPlugin,NetworkApiPlugin,recent_events,843977.459367,0.0301069812849164,70.54331293329597,843977.529877088,843977.529907195
world,NetworkApiPlugin,NetworkApiPlugin,recent_events,843977.492877,0.02468505408614874,69.00649797171354,843977.561856483,843977.561881168
world,NetworkApiPlugin,NetworkApiPlugin,recent_events,843977.526388,0.027792993932962418,71.52702705934644,843977.597884743,843977.597912536
world,NetworkApiPlugin,NetworkApiPlugin,recent_events,843977.559898,0.023253029212355614,69.93011198937893,843977.629803112,843977.629826365
world,NetworkApiPlugin,NetworkApiPlugin,recent_events,843977.593408,0.018005026504397392,68.35520500317216,843977.661744204,843977.661762209
world,NetworkApiPlugin,NetworkApiPlugin,recent_events,843977.626919,0.018052058294415474,70.88836503680795,843977.697788285,843977.697806337
world,NetworkApiPlugin,NetworkApiPlugin,recent_events,843977.660429,0.01683994196355343,69.34133300092071,843977.729752545,843977.729769385
world,NetworkApiPlugin,NetworkApiPlugin,recent_events,843977.69394,0.013046897947788239,67.78418400790542,843977.761710333,843977.76172338
world,NetworkApiPlugin,NetworkApiPlugin,recent_events,843977.72745,0.008838949725031853,70.19712298642844,843977.797637721,843977.79764656
world,NetworkApiPlugin,NetworkApiPlugin,recent_events,843977.76096,0.01422001514583826,68.74862697441131,843977.829693597,843977.829707817
world,NetworkApiPlugin,NetworkApiPlugin,recent_events,843977.827981,0.013157026842236519,80.72589500807226,843977.908692769,843977.908705926
world,NetworkApiPlugin,NetworkApiPlugin,recent_events,843977.861492,0.010685995221138,68.16828099545091,843977.929649039,843977.929659725
world,NetworkApiPlugin,NetworkApiPlugin,recent_events,843977.895002,0.012213014997541904,70.70129294879735,843977.965690459,843977.965702672
world,NetworkApiPlugin,NetworkApiPlugin,recent_events,843977.928512,0.01656298991292715,69.22593095805496,843977.997720492,843977.997737055
world,NetworkApiPlugin,NetworkApiPlugin,recent_events,843977.962023,0.017968006432056427,67.80821294523776,843978.0298122,843978.029830168
world,NetworkApiPlugin,NetworkApiPlugin,recent_events,843977.995533,0.01754704862833023,70.32314804382622,843978.065837496,843978.065855043
world,NetworkApiPlugin,NetworkApiPlugin,recent_events,843978.029044,0.01723901368677616,68.75667406711727,843978.097782386,843978.097799625
world,NetworkApiPlugin,NetworkApiPlugin,recent_events,843978.062554,0.01671991776674986,71.37708901427686,843978.133913186,843978.133929906
world,NetworkApiPlugin,NetworkApiPlugin,recent_events,843978.096064,0.016982085071504116,69.75181796588004,843978.165797776,843978.165814758
world,NetworkApiPlugin,NetworkApiPlugin,recent_events,843978.129575,0.01623900607228279,68.26059997547418,843978.197818351,843978.19783459
world,NetworkApiPlugin,NetworkApiPlugin,recent_events,843978.163085,0.014818040654063225,70.75797102879733,843978.233827123,843978.233841941
world,NetworkApiPlugin,NetworkApiPlugin,recent_events,843978.196596,0.010316958650946617,69.18344704899937,843978.265768633,843978.26577895
world,NetworkApiPlugin,NetworkApiPlugin,recent_events,843978.230106,0.010618939995765686,67.65223003458232,843978.297747008,843978.297757627
world,NetworkApiPlugin,NetworkApiPlugin,recent_events,843978.263616,0.012636999599635601,70.1123570324853,843978.333715082,843978.333727719
world,NetworkApiPlugin,NetworkApiPlugin,recent_events,843978.297127,0.010128016583621502,72.9562429478392,843978.370072541,843978.370082669
world,NetworkApiPlugin,NetworkApiPlugin,recent_events,843978.330637,0.010379008017480373,71.1753029609099,843978.401801242,843978.401811621
world,NetworkApiPlugin,NetworkApiPlugin,recent_events,843978.364148,0.00857701525092125,69.65278193820268,843978.433791535,843978.433800112
world,NetworkApiPlugin,NetworkApiPlugin,recent_events,843978.397658,0.009619980119168758,68.10528598725796,843978.465753228,843978.465762848
world,NetworkApiPlugin,NetworkApiPlugin,recent_events,843978.431168,0.010564923286437988,70.66816301085055,843978.501825063,843978.501835628
world,NetworkApiPlugin,NetworkApiPlugin,recent_events,843978.464679,0.011606956832110882,69.12421807646751,843978.533790954,843978.533802561
world,NetworkApiPlugin,NetworkApiPlugin,recent_events,843978.498189,0.012831063941121101,68.00454307813197,843978.566179959,843978.56619279
world,UVC_Source,UVC_Source,gl_display,0.0,1.9760130671784282,1.9760130671784282,843973.794724201,843973.796700214
world,UVC_Source,UVC_Source,recent_events,843973.739712,12.185015948489308,69.80322604067624,843973.797328257,843973.809513273
world,UVC_Source,UVC_Source,recent_events,843973.773223,31.674214988015592,68.2661549653858,843973.809812765,843973.84148698
world,UVC_Source,UVC_Source,gl_display,0.0,2.032122923992574,2.032122923992574,843973.841956809,843973.843988932
world,UVC_Source,UVC_Source,recent_events,843973.806733,32.972784945741296,70.98653807770461,843973.844740708,843973.877713493
world,UVC_Source,UVC_Source,gl_display,0.0,9.875713963992894,9.875713963992894,843973.880035882,843973.889911596
world,UVC_Source,UVC_Source,recent_events,843973.840244,16.66131999809295,69.47082199621946,843973.893046158,843973.909707478
world,UVC_Source,UVC_Source,gl_display,0.0,9.167682030238211,9.167682030238211,843973.911585646,843973.920753328
world,UVC_Source,UVC_Source,recent_events,843973.873754,18.270556000061333,67.95869907364249,843973.923436425,843973.941706981
world,UVC_Source,UVC_Source,gl_display,0.0,10.06879296619445,10.06879296619445,843973.943819861,843973.953888654
world,UVC_Source,UVC_Source,recent_events,843973.907264,22.710180026479065,70.47334592789412,843973.955021083,843973.977731263
world,UVC_Source,UVC_Source,gl_display,0.0,9.751494973897934,9.751494973897934,843973.979495064,843973.989246559
world,UVC_Source,UVC_Source,recent_events,843973.940775,19.5246689254418,68.94724594894797,843973.990191892,843974.009716561
world,UVC_Source,UVC_Source,gl_display,0.0,9.504862013272941,9.504862013272941,843974.010708453,843974.020213315
world,UVC_Source,UVC_Source,recent_events,843973.974285,20.690208999440074,67.42900400422513,843974.021018544,843974.041708753
world,UVC_Source,UVC_Source,gl_display,0.0,9.733638959005475,9.733638959005475,843974.042198051,843974.05193169
world,UVC_Source,UVC_Source,recent_events,843974.007796,24.699334055185318,69.72955295350403,843974.052823616,843974.07752295
world,UVC_Source,UVC_Source,gl_display,0.0,2.039482002146542,2.039482002146542,843974.077795254,843974.079834736
world,UVC_Source,UVC_Source,recent_events,843974.041306,6.913849036209285,68.19316104520112,843974.102583464,843974.109497313
world,UVC_Source,UVC_Source,gl_display,0.0,1.986039918847382,1.986039918847382,843974.109727084,843974.111713124
world,UVC_Source,UVC_Source,recent_events,843974.074816,33.41887588612735,70.91975107323378,843974.112310945,843974.145729821
world,UVC_Source,UVC_Source,gl_display,0.0,9.838092024438083,9.838092024438083,843974.146257106,843974.156095198
world,UVC_Source,UVC_Source,recent_events,843974.108327,20.503800944425166,69.41517593804747,843974.157230459,843974.17773426
world,UVC_Source,UVC_Source,gl_display,0.0,9.777311934158206,9.777311934158206,843974.178295235,843974.188072547
world,UVC_Source,UVC_Source,recent_events,843974.141837,20.660887006670237,67.87895096931607,843974.189048384,843974.209709271
world,UVC_Source,UVC_Source,gl_display,0.0,9.692429914139211,9.692429914139211,843974.21020751,843974.21989994
world,UVC_Source,UVC_Source,recent_events,843974.175348,25.074841920286417,70.39657502900809,843974.220663374,843974.245738216
world,UVC_Source,UVC_Source,gl_display,0.0,9.83337895013392,9.83337895013392,843974.246478477,843974.256311856
world,UVC_Source,UVC_Source,recent_events,843974.208858,20.5254569882527,68.91618098597974,843974.257241004,843974.277766461
world,UVC_Source,UVC_Source,gl_display,0.0,9.824404958635569,9.824404958635569,843974.278349805,843974.28817421
world,UVC_Source,UVC_Source,recent_events,843974.242368,20.539726014249027,67.38411402329803,843974.28920566,843974.309745386
world,UVC_Source,UVC_Source,gl_display,0.0,9.607637068256736,9.607637068256736,843974.310326419,843974.319934056
world,UVC_Source,UVC_Source,recent_events,843974.275879,25.048276991583407,69.84964304137975,843974.320674669,843974.345722946
world,UVC_Source,UVC_Source,gl_display,0.0,9.62254498153925,9.62254498153925,843974.347486262,843974.357108807
world,UVC_Source,UVC_Source,recent_events,843974.309389,19.61538102477789,68.32796102389693,843974.358095528,843974.377710909
world,UVC_Source,UVC_Source,gl_display,0.0,9.47700603865087,9.47700603865087,843974.378824704,843974.38830171
world,UVC_Source,UVC_Source,recent_events,843974.3429,24.718060973100364,70.86217997130007,843974.38903787,843974.413755931
world,UVC_Source,UVC_Source,gl_display,0.0,5.599180934950709,5.599180934950709,843974.416884419,843974.4224836
world,UVC_Source,UVC_Source,recent_events,843974.37641,22.45416201185435,69.10724996123463,843974.423061252,843974.445515414
world,UVC_Source,UVC_Source,gl_display,0.0,1.9584990805014968,1.9584990805014968,843974.445904205,843974.447862704
world,UVC_Source,UVC_Source,recent_events,843974.40992,29.618508997373283,67.99056904856116,843974.44828375,843974.477902259
world,UVC_Source,UVC_Source,gl_display,0.0,9.963007061742246,9.963007061742246,843974.481749399,843974.491712406
world,UVC_Source,UVC_Source,recent_events,843974.443431,20.668893004767597,70.34623995423317,843974.493101949,843974.513770842
world,UVC_Source,UVC_Source,gl_display,0.0,9.7371069714427,9.7371069714427,843974.515801109,843974.525538216
world,UVC_Source,UVC_Source,recent_events,843974.476941,19.30501707829535,68.8419210491702,843974.526471096,843974.545776113
world,UVC_Source,UVC_Source,gl_display,0.0,9.844345040619373,9.844345040619373,843974.547486753,843974.557331098
world,UVC_Source,UVC_Source,recent_events,843974.510452,23.366676992736757,71.27866602968425,843974.5583593,843974.581725977
world,UVC_Source,UVC_Source,gl_display,0.0,9.855818934738636,9.855818934738636,843974.58350953,843974.593365349
world,UVC_Source,UVC_Source,recent_events,843974.543962,19.43612494505942,69.83574491459876,843974.594356211,843974.613792336
world,UVC_Source,UVC_Source,gl_display,0.0,9.980031056329608,9.980031056329608,843974.615438557,843974.625418588
world,UVC_Source,UVC_Source,recent_events,843974.577472,19.38583597075194,68.24047199916095,843974.626322455,843974.645708291
world,UVC_Source,UVC_Source,gl_display,0.0,9.980550035834312,9.980550035834312,843974.646608684,843974.656589234
world,UVC_Source,UVC_Source,recent_events,843974.610983,24.366682046093047,70.75856300070882,843974.65737036,843974.681737042
world,UVC_Source,UVC_Source,gl_display,0.0,9.804678033106029,9.804678033106029,843974.682852122,843974.6926568
world,UVC_Source,UVC_Source,recent_events,843974.644493,20.25239006616175,69.24034794792533,843974.693474719,843974.713727109
world,UVC_Source,UVC_Source,gl_display,0.0,9.595624054782093,9.595624054782093,843974.7149707,843974.724566324
world,UVC_Source,UVC_Source,recent_events,843974.678004,20.397608052007854,67.70484300795943,843974.725305771,843974.745703379
world,UVC_Source,UVC_Source,gl_display,0.0,9.580716025084257,9.580716025084257,843974.747032051,843974.756612767
world,UVC_Source,UVC_Source,recent_events,843974.711514,24.388457997702062,70.2535150339827,843974.757372297,843974.781760755
world,UVC_Source,UVC_Source,gl_display,0.0,9.798850049264729,9.798850049264729,843974.782817522,843974.792616372
world,UVC_Source,UVC_Source,recent_events,843974.745024,20.103462040424347,68.69873707182705,843974.793613446,843974.813716908
world,UVC_Source,UVC_Source,gl_display,0.0,9.703159914352,9.703159914352,843974.814203222,843974.823906382
world,UVC_Source,UVC_Source,recent_events,843974.778535,25.127693079411983,71.28745294176042,843974.824687818,843974.849815511
world,UVC_Source,UVC_Source,gl_display,0.0,9.831683011725545,9.831683011725545,843974.850680885,843974.860512568
world,UVC_Source,UVC_Source,recent_events,843974.812045,20.329474937170744,69.7373419534415,843974.861447029,843974.881776504
world,UVC_Source,UVC_Source,gl_display,0.0,9.678654023446143,9.678654023446143,843974.882291224,843974.891969878
world,UVC_Source,UVC_Source,recent_events,843974.845556,20.709800999611616,68.15599603578448,843974.89299697,843974.913706771
world,UVC_Source,UVC_Source,gl_display,0.0,10.263897012919188,10.263897012919188,843974.914482657,843974.924746554
world,UVC_Source,UVC_Source,recent_events,843974.879066,24.00504390243441,70.67876402288675,843974.925733556,843974.9497386
world,UVC_Source,UVC_Source,gl_display,0.0,10.078717023134232,10.078717023134232,843974.950277841,843974.960356558
world,UVC_Source,UVC_Source,recent_events,843974.912576,20.489645074121654,69.17529599741101,843974.961255292,843974.981744937
world,UVC_Source,UVC_Source,gl_display,0.0,9.715119027532637,9.715119027532637,843974.9822826,843974.991997719
world,UVC_Source,UVC_Source,recent_events,843974.946087,20.86317993234843,67.67078407574445,843974.992887196,843975.013750376
world,UVC_Source,UVC_Source,gl_display,0.0,9.684199001640081,9.684199001640081,843975.014246663,843975.023930862
world,UVC_Source,UVC_Source,recent_events,843974.979597,24.85393499955535,70.17179590184242,843975.024908038,843975.049761973
world,UVC_Source,UVC_Source,gl_display,0.0,7.076070993207395,7.076070993207395,843975.05031832,843975.057394391
world,UVC_Source,UVC_Source,recent_events,843975.013108,24.16808798443526,68.66103399079293,843975.057594485,843975.081762573
world,UVC_Source,UVC_Source,gl_display,0.0,9.813562035560608,9.813562035560608,843975.082513416,843975.092326978
world,UVC_Source,UVC_Source,recent_events,843975.046618,24.59083904977888,71.18165399879217,843975.093202306,843975.117793145
world,UVC_Source,UVC_Source,gl_display,0.0,9.14288405328989,9.14288405328989,843975.118318314,843975.127461198
world,UVC_Source,UVC_Source,recent_events,843975.080128,22.166635026223958,69.68292396049947,843975.127637923,843975.149804558
world,UVC_Source,UVC_Source,gl_display,0.0,9.94782499037683,9.94782499037683,843975.150392844,843975.160340669
world,UVC_Source,UVC_Source,recent_events,843975.113639,20.774648059159517,68.27608798630536,843975.161135071,843975.181909719
world,UVC_Source,UVC_Source,gl_display,0.0,9.849327034316957,9.849327034316957,843975.182543739,843975.192393066
world,UVC_Source,UVC_Source,recent_events,843975.147149,24.456994025968015,70.59550005942583,843975.193281379,843975.217738373
world,UVC_Source,UVC_Source,gl_display,0.0,9.703788091428578,9.703788091428578,843975.218228519,843975.227932307
world,UVC_Source,UVC_Source,recent_events,843975.18066,20.94213489908725,69.1613150993362,843975.22887402,843975.249816155
world,UVC_Source,UVC_Source,gl_display,0.0,10.554092936217785,10.554092936217785,843975.250624064,843975.261178157
world,UVC_Source,UVC_Source,recent_events,843975.21417,19.41043697297573,67.58498994167894,843975.262339287,843975.281749724
world,UVC_Source,UVC_Source,gl_display,0.0,9.756740997545421,9.756740997545421,843975.282279861,843975.292036602
world,UVC_Source,UVC_Source,recent_events,843975.24768,24.941321928054094,70.14562096446753,843975.292875202,843975.317816524
world,UVC_Source,UVC_Source,gl_display,0.0,9.775454993359745,9.775454993359745,843975.318366587,843975.328142042
world,UVC_Source,UVC_Source,recent_events,843975.281191,20.861744065769017,68.64187901373953,843975.328964497,843975.349826241
world,UVC_Source,UVC_Source,gl_display,0.0,9.777472005225718,9.777472005225718,843975.350509139,843975.360286611
world,UVC_Source,UVC_Source,recent_events,843975.314701,24.606785038486123,71.08091900590807,843975.361161975,843975.38576876
world,UVC_Source,UVC_Source,gl_display,0.0,9.732387959957123,9.732387959957123,843975.38629799,843975.396030378
world,UVC_Source,UVC_Source,recent_events,843975.348212,20.876697031781077,69.53364098444581,843975.396863704,843975.417740401
world,UVC_Source,UVC_Source,gl_display,0.0,9.75236704107374,9.75236704107374,843975.418470418,843975.428222785
world,UVC_Source,UVC_Source,recent_events,843975.381722,20.66466200631112,68.09271301608533,843975.429143775,843975.449808437
world,UVC_Source,UVC_Source,gl_display,0.0,9.954830980859697,9.954830980859697,843975.450632541,843975.460587372
world,UVC_Source,UVC_Source,recent_events,843975.415232,23.857163032516837,70.36133797373623,843975.461733784,843975.485590947
world,UVC_Source,UVC_Source,gl_display,0.0,2.04294896684587,2.04294896684587,843975.485853054,843975.487896003
world,UVC_Source,UVC_Source,recent_events,843975.448743,29.1932380059734,68.83207894861698,843975.48837983,843975.517573068
world,UVC_Source,UVC_Source,gl_display,0.0,1.987170078791678,1.987170078791678,843975.517762585,843975.519749755
world,UVC_Source,UVC_Source,recent_events,843975.482253,29.47150601539761,67.28496600408107,843975.520064915,843975.549536421
world,UVC_Source,UVC_Source,gl_display,0.0,2.039486076682806,2.039486076682806,843975.549734848,843975.551774334
world,UVC_Source,UVC_Source,recent_events,843975.515764,33.70555606670678,70.02573600038886,843975.552077262,843975.585782818
world,UVC_Source,UVC_Source,gl_display,0.0,9.831157978624105,9.831157978624105,843975.58654696,843975.596378118
world,UVC_Source,UVC_Source,recent_events,843975.549274,20.44230792671442,68.48093401640654,843975.59730824,843975.617750548
world,UVC_Source,UVC_Source,gl_display,0.0,9.744235081598163,9.744235081598163,843975.61824345,843975.627987685
world,UVC_Source,UVC_Source,recent_events,843975.582784,25.080409017391503,71.07675005681813,843975.628772173,843975.653852582
world,UVC_Source,UVC_Source,gl_display,0.0,9.828844922594726,9.828844922594726,843975.654477698,843975.664306543
world,UVC_Source,UVC_Source,recent_events,843975.616295,20.51247702911496,69.5492239901796,843975.665325593,843975.68583807
world,UVC_Source,UVC_Source,gl_display,0.0,9.981616982258856,9.981616982258856,843975.686524989,843975.696506606
world,UVC_Source,UVC_Source,recent_events,843975.649805,20.098225912079215,68.02236998919398,843975.697723275,843975.717821501
world,UVC_Source,UVC_Source,gl_display,0.0,10.038589942269027,10.038589942269027,843975.718417624,843975.728456214
world,UVC_Source,UVC_Source,recent_events,843975.683316,24.445225950330496,70.55604201741517,843975.729419213,843975.753864439
world,UVC_Source,UVC_Source,gl_display,0.0,10.018804925493896,10.018804925493896,843975.754694679,843975.764713484
world,UVC_Source,UVC_Source,recent_events,843975.716826,19.686005893163383,69.04136901721358,843975.766174828,843975.785860834
world,UVC_Source,UVC_Source,gl_display,0.0,9.896258939988911,9.896258939988911,843975.786466717,843975.796362976
world,UVC_Source,UVC_Source,recent_events,843975.750336,20.482772029936314,67.50659400131553,843975.797352641,843975.817835413
world,UVC_Source,UVC_Source,gl_display,0.0,9.772156015969813,9.772156015969813,843975.818448965,843975.828221121
world,UVC_Source,UVC_Source,recent_events,843975.783847,24.75809899624437,70.00311801675707,843975.829083908,843975.853842007
world,UVC_Source,UVC_Source,gl_display,0.0,9.908454027026892,9.908454027026892,843975.854572929,843975.864481383
world,UVC_Source,UVC_Source,recent_events,843975.817357,20.376736065372825,68.53564106859267,843975.865509443,843975.885886179
world,UVC_Source,UVC_Source,gl_display,0.0,9.916812065057456,9.916812065057456,843975.889158477,843975.899075289
world,UVC_Source,UVC_Source,recent_events,843975.850868,21.61393698770553,70.91042003594339,843975.900158586,843975.921772523
world,UVC_Source,UVC_Source,gl_display,0.0,9.888056083582342,9.888056083582342,843975.92421596,843975.934104016
world,UVC_Source,UVC_Source,recent_events,843975.884378,18.835165072232485,69.42559592425823,843975.934962209,843975.953797374
world,UVC_Source,UVC_Source,gl_display,0.0,9.575269068591297,9.575269068591297,843975.956013182,843975.965588451
world,UVC_Source,UVC_Source,recent_events,843975.917888,19.550244905985892,67.90740694850683,843975.966238938,843975.985789183
world,UVC_Source,UVC_Source,gl_display,0.0,9.396134060807526,9.396134060807526,843975.987873314,843975.997269448
world,UVC_Source,UVC_Source,recent_events,843975.951399,23.851993959397078,70.39371400605887,843975.99793332,843976.021785314
world,UVC_Source,UVC_Source,gl_display,0.0,9.736960055306554,9.736960055306554,843976.024043569,843976.033780529
world,UVC_Source,UVC_Source,recent_events,843975.984909,19.180817995220423,68.87561397161335,843976.034597531,843976.053778349
world,UVC_Source,UVC_Source,gl_display,0.0,9.474809048697352,9.474809048697352,843976.055825123,843976.065299932
world,UVC_Source,UVC_Source,recent_events,843976.01842,23.850745055824518,71.37691206298769,843976.065938268,843976.089789013
world,UVC_Source,UVC_Source,gl_display,0.0,9.830438066273928,9.830438066273928,843976.092253445,843976.102083883
world,UVC_Source,UVC_Source,recent_events,843976.05193,18.86523503344506,69.85616101883352,843976.102913235,843976.12177847
world,UVC_Source,UVC_Source,gl_display,0.0,9.692705934867263,9.692705934867263,843976.123822379,843976.133515085
world,UVC_Source,UVC_Source,recent_events,843976.08544,19.551623961888254,68.36862594354898,843976.134249902,843976.153801526
world,UVC_Source,UVC_Source,gl_display,0.0,7.406936958432198,7.406936958432198,843976.155884657,843976.163291594
world,UVC_Source,UVC_Source,recent_events,843976.118951,26.345305028371513,70.86989691015333,843976.163469358,843976.189814663
world,UVC_Source,UVC_Source,gl_display,0.0,9.670351981185377,9.670351981185377,843976.191980175,843976.201650527
world,UVC_Source,UVC_Source,recent_events,843976.152461,19.3432749947533,69.31398599408567,843976.202427274,843976.221770549
world,UVC_Source,UVC_Source,gl_display,0.0,10.582990013062954,10.582990013062954,843976.223872483,843976.234455473
world,UVC_Source,UVC_Source,recent_events,843976.185972,17.36935297958553,67.85886897705495,843976.236455781,843976.253825134
world,UVC_Source,UVC_Source,gl_display,0.0,9.900580975227058,9.900580975227058,843976.254625881,843976.264526462
world,UVC_Source,UVC_Source,recent_events,843976.219482,23.560978937894106,70.1752119930461,843976.266094913,843976.289655892
world,UVC_Source,UVC_Source,gl_display,0.0,2.0060259848833084,2.0060259848833084,843976.289800509,843976.291806535
world,UVC_Source,UVC_Source,recent_events,843976.252992,29.657135950401425,68.69221606757492,843976.292024533,843976.321681669
world,UVC_Source,UVC_Source,gl_display,0.0,2.025456982664764,2.025456982664764,843976.321871405,843976.323896862
world,UVC_Source,UVC_Source,recent_events,843976.286503,33.44712604302913,71.13050308544189,843976.324182918,843976.357630044
world,UVC_Source,UVC_Source,gl_display,0.0,4.213902982883155,4.213902982883155,843976.357883184,843976.362097087
world,UVC_Source,UVC_Source,recent_events,843976.320013,27.285101008601487,69.93133295327425,843976.362651836,843976.389936937
world,UVC_Source,UVC_Source,gl_display,0.0,7.673397078178823,7.673397078178823,843976.390543824,843976.398217221
world,UVC_Source,UVC_Source,recent_events,843976.353524,22.86446501966566,68.05733090732247,843976.398715151,843976.421579616
world,UVC_Source,UVC_Source,gl_display,0.0,1.9745680037885904,1.9745680037885904,843976.421799271,843976.423773839
world,UVC_Source,UVC_Source,recent_events,843976.387034,33.95732003264129,70.91226195916533,843976.423982403,843976.457939723
world,UVC_Source,UVC_Source,gl_display,0.0,9.795121033675969,9.795121033675969,843976.458483176,843976.468278297
world,UVC_Source,UVC_Source,recent_events,843976.420544,20.710675045847893,69.35089395847172,843976.469177177,843976.489887852
world,UVC_Source,UVC_Source,gl_display,0.0,9.997298941016197,9.997298941016197,843976.490548438,843976.500545737
world,UVC_Source,UVC_Source,recent_events,843976.454055,20.0741000007838,67.63453606981784,843976.50161321,843976.52168731
world,UVC_Source,UVC_Source,gl_display,0.0,2.017496037296951,2.017496037296951,843976.52187291,843976.523890406
world,UVC_Source,UVC_Source,recent_events,843976.487565,33.44746003858745,70.11469802819192,843976.524228583,843976.557676043
world,UVC_Source,UVC_Source,gl_display,0.0,5.853001959621906,5.853001959621906,843976.558018511,843976.563871513
world,UVC_Source,UVC_Source,recent_events,843976.521076,24.523460073396564,68.9791589975357,843976.565524763,843976.590048223
world,UVC_Source,UVC_Source,gl_display,0.0,11.349648935720325,11.349648935720325,843976.590920462,843976.602270111
world,UVC_Source,UVC_Source,recent_events,843976.554586,21.61928196437657,71.27900398336351,843976.604236842,843976.625856124
world,UVC_Source,UVC_Source,gl_display,0.0,8.294138009659946,8.294138009659946,843976.626396941,843976.634691079
world,UVC_Source,UVC_Source,recent_events,843976.588096,22.170170908793807,69.75767703261226,843976.635678346,843976.657848517
world,UVC_Source,UVC_Source,gl_display,0.0,9.450468933209777,9.450468933209777,843976.658332547,843976.667783016
world,UVC_Source,UVC_Source,recent_events,843976.621607,21.26933599356562,68.13341204542667,843976.668466159,843976.689735495
world,UVC_Source,UVC_Source,gl_display,0.0,7.359580020420253,7.359580020420253,843976.690158357,843976.697517937
world,UVC_Source,UVC_Source,recent_events,843976.655117,27.40222809370607,70.45786897651851,843976.698171031,843976.725573259
world,UVC_Source,UVC_Source,gl_display,0.0,1.9614470656961203,1.9614470656961203,843976.725709304,843976.727670751
world,UVC_Source,UVC_Source,recent_events,843976.688628,29.75175005849451,68.99579905439168,843976.727870625,843976.757622375
world,UVC_Source,UVC_Source,gl_display,0.0,2.049286034889519,2.049286034889519,843976.757876068,843976.759925354
world,UVC_Source,UVC_Source,recent_events,843976.722138,29.548406950198114,67.63747509103268,843976.760221485,843976.789769892
world,UVC_Source,UVC_Source,gl_display,0.0,7.351832929998636,7.351832929998636,843976.790200912,843976.797552745
world,UVC_Source,UVC_Source,recent_events,843976.755648,27.844668016768992,70.28173294384032,843976.798078051,843976.825922719
world,UVC_Source,UVC_Source,gl_display,0.0,9.816064033657312,9.816064033657312,843976.826556169,843976.836372233
world,UVC_Source,UVC_Source,recent_events,843976.789159,19.19156895019114,68.6501789605245,843976.838611498,843976.857803067
world,UVC_Source,UVC_Source,gl_display,0.0,9.150577941909432,9.150577941909432,843976.858323263,843976.867473841
world,UVC_Source,UVC_Source,recent_events,843976.822669,25.95391299109906,70.94623195007443,843976.867659417,843976.89361333
world,UVC_Source,UVC_Source,gl_display,0.0,1.9558100029826164,1.9558100029826164,843976.893743114,843976.895698924
world,UVC_Source,UVC_Source,recent_events,843976.85618,29.877749970182776,69.62178903631866,843976.895919297,843976.925797047
world,UVC_Source,UVC_Source,gl_display,0.0,9.13946598302573,9.13946598302573,843976.92653098,843976.935670446
world,UVC_Source,UVC_Source,recent_events,843976.88969,21.07114903628826,68.10793397016823,843976.936720873,843976.957792022
world,UVC_Source,UVC_Source,gl_display,0.0,9.607824962586164,9.607824962586164,843976.958301114,843976.967908939
world,UVC_Source,UVC_Source,recent_events,843976.9232,25.14175500255078,70.63542609103024,843976.968687571,843976.993829326
world,UVC_Source,UVC_Source,gl_display,0.0,9.761641034856439,9.761641034856439,843976.994354357,843977.004115998
world,UVC_Source,UVC_Source,recent_events,843976.956711,20.144599955528975,69.24616801552474,843977.00580427,843977.02594887
world,UVC_Source,UVC_Source,gl_display,0.0,10.624340968206525,10.624340968206525,843977.026878457,843977.037502798
world,UVC_Source,UVC_Source,recent_events,843976.990221,19.212394021451473,67.48427997808903,843977.038489237,843977.057701631
world,UVC_Source,UVC_Source,gl_display,0.0,7.67801608890295,7.67801608890295,843977.058028544,843977.06570656
world,UVC_Source,UVC_Source,recent_events,843977.023732,27.35287300311029,70.20520500373095,843977.066577006,843977.093929879
world,UVC_Source,UVC_Source,gl_display,0.0,4.8010030295699835,4.8010030295699835,843977.094801695,843977.099602698
world,UVC_Source,UVC_Source,recent_events,843977.057242,25.79135703854263,68.42311599757522,843977.099870331,843977.125661688
world,UVC_Source,UVC_Source,gl_display,0.0,3.5019359784200788,3.5019359784200788,843977.125987469,843977.129489405
world,UVC_Source,UVC_Source,recent_events,843977.090752,31.870742910541594,71.09756697900593,843977.129972259,843977.161843002
world,UVC_Source,UVC_Source,gl_display,0.0,10.63554605934769,10.63554605934769,843977.162417091,843977.173052637
world,UVC_Source,UVC_Source,recent_events,843977.124263,19.56663397140801,69.68383502680808,843977.174373557,843977.193940191
world,UVC_Source,UVC_Source,gl_display,0.0,10.3260149480775,10.3260149480775,843977.194608366,843977.204934381
world,UVC_Source,UVC_Source,recent_events,843977.157773,19.754725974053144,68.12480604276061,843977.206136415,843977.225891141
world,UVC_Source,UVC_Source,gl_display,0.0,9.842406958341599,9.842406958341599,843977.226510209,843977.236352616
world,UVC_Source,UVC_Source,recent_events,843977.191284,24.065028061158955,70.60143502894789,843977.237815155,843977.261880183
world,UVC_Source,UVC_Source,gl_display,0.0,10.263263015076518,10.263263015076518,843977.262710617,843977.27297388
world,UVC_Source,UVC_Source,recent_events,843977.224794,19.902131985872984,69.04505600687116,843977.273932211,843977.293834343
world,UVC_Source,UVC_Source,gl_display,0.0,9.896125993691385,9.896125993691385,843977.29432794,843977.304224066
world,UVC_Source,UVC_Source,recent_events,843977.258304,17.254373989999294,67.35432497225702,843977.308401759,843977.325656133
world,UVC_Source,UVC_Source,gl_display,0.0,2.0278100855648518,2.0278100855648518,843977.338447901,843977.340475711
world,UVC_Source,UVC_Source,recent_events,843977.291815,21.141611970961094,70.10611495934427,843977.340774245,843977.361915857
world,UVC_Source,UVC_Source,gl_display,0.0,10.22794796153903,10.22794796153903,843977.362685731,843977.372913679
world,UVC_Source,UVC_Source,recent_events,843977.325325,5.285306950099766,68.31991497892886,843977.388357511,843977.393642818
world,UVC_Source,UVC_Source,gl_display,0.0,1.9811689853668213,1.9811689853668213,843977.393790635,843977.395771804
world,UVC_Source,UVC_Source,recent_events,843977.358836,23.356529069133103,71.01596100255847,843977.406490588,843977.429847117
world,UVC_Source,UVC_Source,gl_display,0.0,7.493188022635877,7.493188022635877,843977.430524385,843977.438017573
world,UVC_Source,UVC_Source,recent_events,843977.392346,22.89310994092375,69.56694601103663,843977.439013264,843977.461906374
world,UVC_Source,UVC_Source,gl_display,0.0,10.08557400200516,10.08557400200516,843977.462473174,843977.472558748
world,UVC_Source,UVC_Source,recent_events,843977.425856,20.410330034792423,67.99195590429008,843977.47343158,843977.49384191
world,UVC_Source,UVC_Source,gl_display,0.0,9.860962047241628,9.860962047241628,843977.494392711,843977.504253673
world,UVC_Source,UVC_Source,recent_events,843977.459367,24.660588009282947,70.49533491954207,843977.505194038,843977.529854626
world,UVC_Source,UVC_Source,gl_display,0.0,9.92911693174392,9.92911693174392,843977.53038815,843977.540317267
world,UVC_Source,UVC_Source,recent_events,843977.492877,20.495495991781354,68.96668195258826,843977.541342613,843977.561838109
world,UVC_Source,UVC_Source,gl_display,0.0,9.82887507416308,9.82887507416308,843977.562338025,843977.5721669
world,UVC_Source,UVC_Source,recent_events,843977.526388,23.296539089642465,71.48013799451292,843977.574564772,843977.597861311
world,UVC_Source,UVC_Source,gl_display,0.0,9.819203987717628,9.819203987717628,843977.598772907,843977.608592111
world,UVC_Source,UVC_Source,recent_events,843977.559898,20.008796942420304,69.89117502234876,843977.609773479,843977.629782276
world,UVC_Source,UVC_Source,gl_display,0.0,6.2262320425361395,6.2262320425361395,843977.630243873,843977.636470105
world,UVC_Source,UVC_Source,recent_events,843977.593408,24.002079968340695,68.32732702605426,843977.637729018,843977.661731098
world,UVC_Source,UVC_Source,gl_display,0.0,3.124668961390853,3.124668961390853,843977.662106066,843977.665230735
world,UVC_Source,UVC_Source,recent_events,843977.626919,28.559722006320953,70.8572460571304,843977.669213266,843977.697772988
world,UVC_Source,UVC_Source,gl_display,0.0,3.0495929531753063,3.0495929531753063,843977.698111735,843977.701161328
world,UVC_Source,UVC_Source,recent_events,843977.660429,27.415874996222556,69.31637192610651,843977.702326921,843977.729742796
world,UVC_Source,UVC_Source,gl_display,0.0,2.9893049504607916,2.9893049504607916,843977.730159449,843977.733148754
world,UVC_Source,UVC_Source,recent_events,843977.69394,27.932652970775962,67.76343495585024,843977.733768056,843977.761700709
world,UVC_Source,UVC_Source,gl_display,0.0,2.0258399890735745,2.0258399890735745,843977.76201148,843977.76403732
world,UVC_Source,UVC_Source,recent_events,843977.72745,33.15386699978262,70.18285302910954,843977.764477412,843977.797631279
world,UVC_Source,UVC_Source,gl_display,0.0,2.0131448982283473,2.0131448982283473,843977.797848258,843977.799861403
world,UVC_Source,UVC_Source,recent_events,843977.76096,29.290377045981586,68.72553401626647,843977.800391383,843977.82968176
world,UVC_Source,UVC_Source,gl_display,0.0,2.8506990056484938,2.8506990056484938,843977.835308485,843977.838159184
world,UVC_Source,UVC_Source,recent_events,843977.827981,0.14254299458116293,80.70563001092523,843977.908541182,843977.908683725
world,UVC_Source,UVC_Source,gl_display,0.0,2.4366260040551424,2.4366260040551424,843977.908902722,843977.911339348
world,UVC_Source,UVC_Source,recent_events,843977.861492,6.622325978241861,68.15283594187349,843977.923020088,843977.929642414
world,UVC_Source,UVC_Source,gl_display,0.0,2.0159940468147397,2.0159940468147397,843977.929809741,843977.931825735
world,UVC_Source,UVC_Source,recent_events,843977.895002,26.436786982230842,70.68199792411178,843977.939243768,843977.965680555
world,UVC_Source,UVC_Source,gl_display,0.0,2.060509053990245,2.060509053990245,843977.965982748,843977.968043257
world,UVC_Source,UVC_Source,recent_events,843977.928512,29.311115969903767,69.19996603392065,843977.968396708,843977.997707824
world,UVC_Source,UVC_Source,gl_display,0.0,3.317260998301208,3.317260998301208,843977.998026072,843978.001343333
world,UVC_Source,UVC_Source,recent_events,843977.962023,27.566559030674398,67.77957698795944,843978.002231166,843978.029797725
world,UVC_Source,UVC_Source,gl_display,0.0,3.0548209324479103,3.0548209324479103,843978.030250692,843978.033305513
world,UVC_Source,UVC_Source,recent_events,843977.995533,31.810414977371693,70.29513700399548,843978.034013349,843978.065823764
world,UVC_Source,UVC_Source,gl_display,0.0,3.0597109580412507,3.0597109580412507,843978.066155079,843978.06921479
world,UVC_Source,UVC_Source,recent_events,843978.029044,23.837044020183384,68.73034709133208,843978.073933653,843978.097770697
world,UVC_Source,UVC_Source,gl_display,0.0,3.047725069336593,3.047725069336593,843978.098200726,843978.101248451
world,UVC_Source,UVC_Source,recent_events,843978.062554,32.09476196207106,71.35005306918174,843978.101804821,843978.133899583
world,UVC_Source,UVC_Source,gl_display,0.0,3.0955629190430045,3.0955629190430045,843978.13433449,843978.137430053
world,UVC_Source,UVC_Source,recent_events,843978.096064,27.04266703221947,69.72409191075712,843978.138740549,843978.165783216
world,UVC_Source,UVC_Source,gl_display,0.0,3.0391919426620007,3.0391919426620007,843978.166093972,843978.169133164
world,UVC_Source,UVC_Source,recent_events,843978.129575,28.20762898772955,68.23631701990962,843978.169600764,843978.197808393
world,UVC_Source,UVC_Source,gl_display,0.0,2.999388030730188,2.999388030730188,843978.198239404,843978.201238792
world,UVC_Source,UVC_Source,recent_events,843978.163085,31.97372192516923,70.73430600576103,843978.201842054,843978.233815776
world,UVC_Source,UVC_Source,gl_display,0.0,2.0424630492925644,2.0424630492925644,843978.234169103,843978.236211566
world,UVC_Source,UVC_Source,recent_events,843978.196596,29.046792071312666,69.16710804216564,843978.236713602,843978.265760394
world,UVC_Source,UVC_Source,gl_display,0.0,2.017450053244829,2.017450053244829,843978.265950435,843978.267967885
world,UVC_Source,UVC_Source,recent_events,843978.230106,29.445972992107272,67.63637601397932,843978.26829436,843978.297740333
world,UVC_Source,UVC_Source,gl_display,0.0,2.2695499937981367,2.2695499937981367,843978.297990998,843978.300260548
world,UVC_Source,UVC_Source,recent_events,843978.263616,33.077561063691974,70.0909870211035,843978.300627111,843978.333704672
world,UVC_Source,UVC_Source,gl_display,0.0,2.0548630272969604,2.0548630272969604,843978.343464546,843978.345519409
world,UVC_Source,UVC_Source,recent_events,843978.297127,0.10866892989724874,72.94195599388331,843978.369958998,843978.370067667
world,UVC_Source,UVC_Source,gl_display,0.0,2.061194973066449,2.061194973066449,843978.370322241,843978.372383436
world,UVC_Source,UVC_Source,recent_events,843978.330637,29.000303940847516,71.15802797488868,843978.372792353,843978.401792657
world,UVC_Source,UVC_Source,gl_display,0.0,2.0053309854120016,2.0053309854120016,843978.401979975,843978.403985306
world,UVC_Source,UVC_Source,recent_events,843978.364148,29.48973700404167,69.63974598329514,843978.404296929,843978.433786666
world,UVC_Source,UVC_Source,gl_display,0.0,2.024170011281967,2.024170011281967,843978.433991161,843978.436015331
world,UVC_Source,UVC_Source,recent_events,843978.397658,29.306730022653937,68.09097004588693,843978.436439917,843978.465746647
world,UVC_Source,UVC_Source,gl_display,0.0,2.015701960772276,2.015701960772276,843978.465994467,843978.468010169
world,UVC_Source,UVC_Source,recent_events,843978.431168,33.51162595208734,70.65229606814682,843978.468305883,843978.501817509
world,UVC_Source,UVC_Source,gl_display,0.0,2.132968045771122,2.132968045771122,843978.502071516,843978.504204484
world,UVC_Source,UVC_Source,recent_events,843978.464679,29.140115017071366,69.10608103498816,843978.504641899,843978.533782014
world,UVC_Source,UVC_Source,gl_display,0.0,2.0407160045579076,2.0407160045579076,843978.533974932,843978.536015648
world,UVC_Source,UVC_Source,recent_events,843978.498189,29.889796976931393,67.9851199965924,843978.536280957,843978.566170754
world,UVC_Source,UVC_Source,gl_display,0.0,2.051593968644738,2.051593968644738,843978.566376535,843978.568428129
