process,plugin,model,phase,sample_count,processing_latency_ms,std_latency_ms,min_latency_ms,max_latency_ms,p95_latency_ms,e2e_latency_ms,t_start,t_end
world,UVC_Source,UVC_Source,boot,1,175.9517090395093,0.0,175.9517090395093,175.9517090395093,175.9517090395093,175.9517090395093,861397.481407834,861397.657359543
world,UVC_Source,UVC_Source,loop,30,26.63749449032669,4.783193143996719,17.564298934303224,33.123736968263984,33.05321151856333,68.88071749126539,861397.657359543,861398.660808477
world,UVC_Source,UVC_Source,loop,30,29.859608931777377,2.028410209148395,27.17472903896123,33.120746025815606,32.98297849833034,68.83498924241091,861398.660808477,861399.664900743
world,UVC_Source,UVC_Source,loop,30,24.836169726525743,10.296271689527986,0.08839706424623728,33.190135029144585,32.95991430641152,70.98293019613872,861399.664900743,861400.673155537
world,UVC_Source,UVC_Source,loop,27,24.53932255351295,8.200953199366383,0.10955706238746643,33.036830951459706,32.82721451250836,70.2386421918938,861400.673155537,861401.67694939
world,UVC_Source,UVC_Source,loop,30,29.478661603449535,2.0923675697295403,26.317810988985002,33.06154301390052,32.62820158852264,68.8603149028495,861401.67694939,861402.681031713
world,UVC_Source,UVC_Source,loop,30,29.62092033121735,2.044611462139992,26.86499000992626,33.08566694613546,32.89434432517737,68.92586179698507,861402.681031713,861403.689047756
world,UVC_Source,UVC_Source,loop,30,29.56525969784707,1.9193776482386786,27.575065032579005,33.08158507570624,32.65626595239155,68.97810413890208,861403.689047756,861404.693081076
world,UVC_Source,UVC_Source,loop,30,29.2730719045115,2.3280958319766194,23.024484049528837,32.865431043319404,32.65615405398421,68.90182780334726,861404.693081076,861405.697050416
world,UVC_Source,UVC_Source,loop,30,29.54248279177894,2.1512895004750274,26.168370968662202,33.225993043743074,32.895752030890435,69.10006296432887,861405.697050416,861406.70516794
world,UVC_Source,UVC_Source,loop,30,29.537286997462314,2.0770711280501057,25.786689948290586,33.19382492918521,32.841041730716825,69.16031939908862,861406.70516794,861407.709218202
world,UVC_Source,UVC_Source,loop,30,29.477460542693734,2.128862714672561,25.517394999042153,33.29755796585232,32.82652627094649,68.94942137878388,861407.709218202,861408.713224458
world,UVC_Source,UVC_Source,loop,30,29.39236727155124,2.075815261259854,26.774083962664008,33.02235796581954,32.92735801660456,69.28503490053117,861408.713224458,861409.721263146
world,UVC_Source,UVC_Source,loop,30,29.38673497410491,2.14282598867024,26.951370993629098,33.03338005207479,32.91500331251882,69.2162740859203,861409.721263146,861410.725284744
world,UVC_Source,UVC_Source,loop,30,28.84890429753189,2.7121716346690743,19.743567914702,33.2365520298481,32.79030942940153,69.17745549386989,861410.725284744,861411.729589413
world,UVC_Source,UVC_Source,loop,30,24.861445580609143,5.052246303974274,14.746565953828394,32.28392906021327,31.751863862155005,69.49433582679679,861411.729589413,861412.737626021
world,UVC_Source,UVC_Source,loop,30,24.421541664438944,4.177138643081555,13.438308029435575,32.89377503097057,30.766211153240867,69.44960857508704,861412.737626021,861413.741632931
world,UVC_Source,UVC_Source,loop,30,23.33671336915965,5.7857259619523,0.37967099342495203,31.012243940494955,29.658035770989947,69.58769622336452,861413.741632931,861414.74847071
world,UVC_Source,UVC_Source,loop,30,25.083621610732127,4.201271857399684,13.54309101589024,31.405240995809436,30.881430563749745,69.67193873909612,861414.74847071,861415.753725443
world,UVC_Source,UVC_Source,loop,30,25.407155176314216,5.6358422725241475,0.6775670917704701,30.370518914423883,30.239735229406506,69.58774498974283,861415.753725443,861416.757499676
world,UVC_Source,UVC_Source,loop,30,24.57811599985386,4.693199776021732,14.532936038449407,31.964521040208638,31.599176349118352,69.66856610573207,861416.757499676,861417.76169911
world,UVC_Source,UVC_Source,loop,30,24.150312299995374,5.838195977720221,10.095320991240442,32.94790897052735,31.8894826923497,69.76380133225273,861417.76169911,861418.769981618
world,UVC_Source,UVC_Source,loop,30,25.19677396242817,4.024240866111359,17.365298001095653,31.62050503306091,31.474801967851818,69.70120563637465,861418.769981618,861419.773653777
world,UVC_Source,UVC_Source,loop,30,26.116747517759602,3.5491246596074535,18.710539094172418,31.788751017302275,30.719206389039755,69.85136665947114,861419.773653777,861420.77773646
world,UVC_Source,UVC_Source,loop,30,25.41301386275639,4.631807466965835,13.939645024947822,32.829269068315625,32.15114765916951,69.80623363827665,861420.77773646,861421.785795882
world,UVC_Source,UVC_Source,loop,30,24.896714459949482,4.464768107477885,14.781735022552311,33.063312992453575,31.33619264699518,69.90171163342893,861421.785795882,861422.789978905
world,UVC_Source,UVC_Source,loop,30,25.57731894776225,4.2270496495419865,13.40342394541949,31.948099960573018,31.034329487010837,69.8933858346815,861422.789978905,861423.793779693
world,UVC_Source,UVC_Source,loop,30,24.74177434341982,4.405220597757994,15.832119039259851,31.833065091632307,31.56207717838697,69.87676579349984,861423.793779693,861424.802305257
world,UVC_Source,UVC_Source,loop,30,25.511593643265467,4.958882609335627,7.772371056489646,32.35604299698025,31.277090834919356,70.01749709015712,861424.802305257,861425.806054005
world,UVC_Source,UVC_Source,loop,30,25.811278610490263,4.651979050803232,10.360499029047787,32.676908071152866,32.309230242390186,69.94396712398157,861425.806054005,861426.80995245
world,UVC_Source,UVC_Source,loop,30,25.163477181922644,4.842351374539137,8.963146014139056,32.53479697741568,29.742718389024958,70.08687269020204,861426.80995245,861427.818341055
world,UVC_Source,UVC_Source,loop,30,24.637364568964887,5.093464985985102,7.664907956495881,32.22849895246327,30.080455250572413,70.20923790987581,861427.818341055,861428.82230401
world,UVC_Source,UVC_Source,loop,30,25.680627301335335,4.78156244744415,12.809638981707394,32.124958001077175,30.52036526496522,70.0364174049658,861428.82230401,861429.826300611
world,UVC_Source,UVC_Source,loop,30,23.178335861302912,4.573622283612724,16.979015083052218,32.88410999812186,30.74881660286337,70.33560280300055,861429.826300611,861430.834505328
world,UVC_Source,UVC_Source,loop,30,22.3745043311889,4.117194133185095,13.599956058897078,31.191946007311344,28.984036127803837,70.47827819284673,861430.834505328,861431.838410585
world,UVC_Source,UVC_Source,loop,30,25.938966404646635,3.6115214150210053,15.22923109587282,30.84740089252591,30.21827077609487,70.1933760700437,861431.838410585,861432.842297175
world,UVC_Source,UVC_Source,loop,30,25.76274765888229,4.60674106777031,14.571322943083942,31.738763907924294,31.638889823807403,70.40241453020523,861432.842297175,861433.850506796
world,UVC_Source,UVC_Source,loop,30,26.46265987229223,3.760383461431713,16.85869798529893,32.95156604144722,31.872474146075547,70.34009876661003,861433.850506796,861434.854577969
world,UVC_Source,UVC_Source,loop,30,25.983242803098012,3.389984235211682,18.659687018953264,32.49619901180267,31.62299791001714,70.26465192126732,861434.854577969,861435.858621642
world,UVC_Source,UVC_Source,loop,30,25.297231471631676,4.263665870287619,14.587684068828821,31.964118010364473,31.231933058006685,70.5867608776316,861435.858621642,861436.866397214
world,UVC_Source,UVC_Source,loop,30,22.583634196780622,3.1734963624663513,17.56404899060726,29.16839299723506,28.304100694367662,70.47668209997937,861436.866397214,861437.870484667
world,UVC_Source,UVC_Source,loop,30,24.140940497939784,4.021224121934109,15.637570060789585,31.962940003722906,29.890441626776006,70.51244387015079,861437.870484667,861438.874704261
world,UVC_Source,UVC_Source,loop,30,25.072915429094184,4.4974967890649316,13.753901002928615,32.63168700505048,31.28584324731491,70.72994770715013,861438.874704261,861439.882561672
world,UVC_Source,UVC_Source,loop,30,25.587366657176364,3.756888565810263,17.012035008519888,31.983554014004767,30.98093984881416,70.54068470218529,861439.882561672,861440.886653062
world,UVC_Source,UVC_Source,loop,30,24.896562464224797,5.25286462424366,12.343749054707587,31.40877198893577,30.542925093322992,70.71740807732567,861440.886653062,861441.890595632
world,UVC_Source,UVC_Source,loop,30,25.58379014953971,4.8155991483663705,11.390118976123631,33.211137051694095,31.723131850594655,70.6828646090192,861441.890595632,861442.898664882
world,UVC_Source,UVC_Source,loop,30,26.16583425551653,3.890795662605038,15.14942804351449,32.59779105428606,31.943525909446176,70.57876293547451,861442.898664882,861443.902579249
world,UVC_Source,UVC_Source,loop,30,25.236648212497432,3.8416995926038253,15.424082055687904,31.498954980634153,30.246871890267354,70.80093047115952,861443.902579249,861444.906777807
world,UVC_Source,UVC_Source,loop,30,25.950744022460032,4.805741039188031,13.760084984824061,33.003082033246756,32.203343068249524,70.76327476340036,861444.906777807,861445.915080681
world,UVC_Source,UVC_Source,loop,30,26.137637575933088,4.503678707330377,18.35792197380215,33.009983017109334,32.877039787126705,70.74913179579501,861445.915080681,861446.918811561
world,NetworkApiPlugin,NetworkApiPlugin,boot,1,0.0041549792513251305,0.0,0.0041549792513251305,0.0041549792513251305,0.0041549792513251305,0.0041549792513251305,861397.65740566,861397.657409815
world,NetworkApiPlugin,NetworkApiPlugin,loop,30,0.01919126758972804,0.009918247415851622,0.008528935723006725,0.03859400749206543,0.03487162757664919,68.91726036944117,861397.657409815,861398.661028493
world,NetworkApiPlugin,NetworkApiPlugin,loop,30,0.012453649348268906,0.002078482379906527,0.009301002137362957,0.017440994270145893,0.016660476103425022,68.8594746364591,861398.661028493,861399.665079816
world,NetworkApiPlugin,NetworkApiPlugin,loop,30,0.014818036773552498,0.006624092551452388,0.006278045475482941,0.03172794822603464,0.029957882361486547,71.0247505378599,861399.665079816,861400.673768739
world,NetworkApiPlugin,NetworkApiPlugin,loop,27,0.01847274446239074,0.006834509756709344,0.009600073099136353,0.03225100226700306,0.028776901308447123,70.27682097611466,861400.673768739,861401.677219648
world,NetworkApiPlugin,NetworkApiPlugin,loop,30,0.011252836945156256,0.0021703383260211436,0.0072480179369449615,0.017518061213195324,0.015393528155982491,68.88672282996897,861401.677219648,861402.681274655
world,NetworkApiPlugin,NetworkApiPlugin,loop,30,0.011318359368791183,0.002234173108426536,0.00616791658103466,0.017801998183131218,0.015222595538943996,68.95574340208744,861402.681274655,861403.689294067
world,NetworkApiPlugin,NetworkApiPlugin,loop,30,0.010444937894741694,0.0016338328710241675,0.007577938959002495,0.014152959920465946,0.012675015022978185,69.00326107861474,861403.689294067,861404.693323189
world,NetworkApiPlugin,NetworkApiPlugin,loop,30,0.009578807900349299,0.0015442453194429166,0.006795045919716358,0.012465985491871834,0.011980079580098389,68.92262344481423,861404.693323189,861405.697194204
world,NetworkApiPlugin,NetworkApiPlugin,loop,30,0.010135036427527666,0.001845697357753062,0.006744987331330776,0.013306038454174995,0.012401147978380319,69.12486323077853,861405.697194204,861406.705427149
world,NetworkApiPlugin,NetworkApiPlugin,loop,30,0.00988673030709227,0.0017232601236667315,0.006743008270859718,0.01264805905520916,0.012241362128406763,69.18410578509793,861406.705427149,861407.709458849
world,NetworkApiPlugin,NetworkApiPlugin,loop,30,0.009963595463583866,0.0016958654627626654,0.0071410322561860085,0.014038989320397377,0.012433552183210846,68.97432161107038,861407.709458849,861408.71349237
world,NetworkApiPlugin,NetworkApiPlugin,loop,30,0.010235293302685022,0.0013292855730322756,0.007462920621037483,0.012079020962119102,0.011683080811053514,69.30951500544325,861408.71349237,861409.721509582
world,NetworkApiPlugin,NetworkApiPlugin,loop,30,0.010583829134702682,0.0025186370224405817,0.00627501867711544,0.021639978513121605,0.012899143621325491,69.24136109106864,861409.721509582,861410.725528414
world,NetworkApiPlugin,NetworkApiPlugin,loop,30,0.01236526295542717,0.005247310202895837,0.00598409678786993,0.03389106132090092,0.02114675007760524,69.21216045351078,861410.725528414,861411.730048122
world,NetworkApiPlugin,NetworkApiPlugin,loop,30,0.01997288006047408,0.00984960667517295,0.005885958671569824,0.036331010051071644,0.034023099578917027,69.54395006565998,861411.730048122,861412.738181575
world,NetworkApiPlugin,NetworkApiPlugin,loop,30,0.019476900342851877,0.008206383623736966,0.007570954039692879,0.033134943805634975,0.03163247019983828,69.49589733267203,861412.738181575,861413.742093321
world,NetworkApiPlugin,NetworkApiPlugin,loop,30,0.020510532582799595,0.008999076044897993,0.006202957592904568,0.03596197348088026,0.032961362740024924,69.64829137626414,861413.742093321,861414.749329639
world,NetworkApiPlugin,NetworkApiPlugin,loop,30,0.01713306022187074,0.007625068120716719,0.006585032679140568,0.03309408202767372,0.0320042367093265,69.72047137096524,861414.749329639,861415.754368352
world,NetworkApiPlugin,NetworkApiPlugin,loop,30,0.018451525829732418,0.010631709432989262,0.006078975275158882,0.050175003707408905,0.033084675669670105,69.62423592728253,861415.754368352,861416.757691929
world,NetworkApiPlugin,NetworkApiPlugin,loop,30,0.021073877966652315,0.0136286239805173,0.0070659443736076355,0.07342803291976452,0.04361737519502634,69.71314003846298,861416.757691929,861417.762064076
world,NetworkApiPlugin,NetworkApiPlugin,loop,30,0.019916791158417862,0.010145279340799482,0.006905989721417427,0.035924953408539295,0.03430953365750611,69.82335114153102,861417.762064076,861418.770831128
world,NetworkApiPlugin,NetworkApiPlugin,loop,30,0.020384260763724644,0.010451938171698913,0.006577000021934509,0.050901900976896286,0.037213804898783544,69.74197716529791,861418.770831128,861419.773872513
world,NetworkApiPlugin,NetworkApiPlugin,loop,30,0.01876220339909196,0.009542773359514362,0.006311922334134579,0.04579499363899231,0.0327107438351959,69.89488849649206,861419.773872513,861420.778152222
world,NetworkApiPlugin,NetworkApiPlugin,loop,30,0.021754430296520393,0.011834313073264264,0.006499001756310463,0.05614908877760172,0.038753624539822326,69.84963379412268,861420.778152222,861421.78604696
world,NetworkApiPlugin,NetworkApiPlugin,loop,30,0.018412161928912003,0.00941657494887767,0.006963033229112625,0.03596500027924776,0.03471054369583726,69.94656729899968,861421.78604696,861422.790463885
world,NetworkApiPlugin,NetworkApiPlugin,loop,30,0.017379934433847666,0.008933653174584909,0.006429967470467091,0.03381003625690937,0.03103993949480354,69.92726877797395,861422.790463885,861423.793943023
world,NetworkApiPlugin,NetworkApiPlugin,loop,30,0.02064435587575038,0.010055678657697431,0.0065480126067996025,0.04905893001705408,0.03460604348219931,69.93791594480474,861423.793943023,861424.803193028
world,NetworkApiPlugin,NetworkApiPlugin,loop,30,0.017854439405103523,0.007747653906756574,0.00658002682030201,0.03347196616232395,0.03237184719182551,70.0621173872302,861424.803193028,861425.806545575
world,NetworkApiPlugin,NetworkApiPlugin,loop,30,0.01850719175611933,0.008959307556783248,0.006071059033274651,0.035280012525618076,0.03437903360463679,69.98997270129621,861425.806545575,861426.810436926
world,NetworkApiPlugin,NetworkApiPlugin,loop,30,0.022249959874898195,0.008640281069501102,0.0073820119723677635,0.03498292062431574,0.033796741627156734,70.15604610399653,861426.810436926,861427.819384255
world,NetworkApiPlugin,NetworkApiPlugin,loop,30,0.019801997890075047,0.01011872520650059,0.006622052751481533,0.036003999412059784,0.03364055301062763,70.26497634360567,861427.819384255,861428.823060228
world,NetworkApiPlugin,NetworkApiPlugin,loop,30,0.01996610468874375,0.009806101050169646,0.006551970727741718,0.035125063732266426,0.03402138245292008,70.07997246303906,861428.823060228,861429.82664384
world,NetworkApiPlugin,NetworkApiPlugin,loop,30,0.022766048399110634,0.007221228966484856,0.010924064554274082,0.03459805157035589,0.03249741275794804,70.39963526961704,861429.82664384,861430.835357532
world,NetworkApiPlugin,NetworkApiPlugin,loop,30,0.02459026485060652,0.009485987805682354,0.005934038199484348,0.03521598409861326,0.034371850779280066,70.5314665993986,861430.835357532,861431.838804333
world,NetworkApiPlugin,NetworkApiPlugin,loop,30,0.01866910218571623,0.008855377028306539,0.006456044502556324,0.03527197986841202,0.0336977420374751,70.2380406553857,861431.838804333,861432.842748891
world,NetworkApiPlugin,NetworkApiPlugin,loop,30,0.022038704870889585,0.018637065924292914,0.005853013135492802,0.10913203004747629,0.033356214407831423,70.45483990029122,861432.842748891,861433.851092859
world,NetworkApiPlugin,NetworkApiPlugin,loop,30,0.018841862523307402,0.008474113129146416,0.006618909537792206,0.03537791781127453,0.03274976625107229,70.3899519246382,861433.851092859,861434.855177475
world,NetworkApiPlugin,NetworkApiPlugin,loop,30,0.017095690903564293,0.009335692026219998,0.00635592732578516,0.03422400914132595,0.03343104617670178,70.31227620318532,861434.855177475,861435.859223478
world,NetworkApiPlugin,NetworkApiPlugin,loop,30,0.020331629396726687,0.009916198630381795,0.006619957275688648,0.03699690569192171,0.03443323075771331,70.62827311068152,861435.859223478,861436.866651682
world,NetworkApiPlugin,NetworkApiPlugin,loop,30,0.025169663907339174,0.007690593796451648,0.007705064490437508,0.03595009911805391,0.03341052797622979,70.5287082392412,861436.866651682,861437.8708534
world,NetworkApiPlugin,NetworkApiPlugin,loop,30,0.02300613947833578,0.007987196298751548,0.007005059160292149,0.03791903145611286,0.032715912675485015,70.56914607140546,861437.8708534,861438.875314576
world,NetworkApiPlugin,NetworkApiPlugin,loop,30,0.022250196586052578,0.0206283239774048,0.007141963578760624,0.1213960349559784,0.03450961667113006,70.77661363097529,861438.875314576,861439.882961104
world,NetworkApiPlugin,NetworkApiPlugin,loop,30,0.0175713289839526,0.007155575471900975,0.006868969649076462,0.03212306182831526,0.030150712700560686,70.58428313272695,861439.882961104,861440.887130337
world,NetworkApiPlugin,NetworkApiPlugin,loop,30,0.01797142516200741,0.008033042408963163,0.006604939699172974,0.03944698255509138,0.03203977248631417,70.7572382913592,861440.887130337,861441.890927412
world,NetworkApiPlugin,NetworkApiPlugin,loop,30,0.022950539520631235,0.0262546285370265,0.006001093424856663,0.15187507960945368,0.04607982118614011,70.73846796217065,861441.890927412,861442.899313803
world,NetworkApiPlugin,NetworkApiPlugin,loop,30,0.01646417270724972,0.009550177897666632,0.005792942829430103,0.05260901525616646,0.031525111990049474,70.60980880244945,861442.899313803,861443.902726249
world,NetworkApiPlugin,NetworkApiPlugin,loop,30,0.020466314163058996,0.01158658499845979,0.008473987691104412,0.05420600064098835,0.04304960602894421,70.84214719943702,861443.902726249,861444.907038746
world,NetworkApiPlugin,NetworkApiPlugin,loop,30,0.01873866810152928,0.010899353367952506,0.006278976798057556,0.040192040614783764,0.035874242894351475,70.81026122905314,861444.907038746,861445.915553486
world,NetworkApiPlugin,NetworkApiPlugin,loop,30,0.016573071479797363,0.00858143496415673,0.005412963218986988,0.03375799860805273,0.031949859112501144,70.8200786767217,861445.915553486,861446.92012705
world,Pupil_Data_Relay,Pupil_Data_Relay,boot,1,0.04454702138900757,0.0,0.04454702138900757,0.04454702138900757,0.04454702138900757,0.04454702138900757,861397.657422552,861397.657467099
world,Pupil_Data_Relay,Pupil_Data_Relay,loop,30,0.02192891746138533,0.011203043654253318,0.00866095069795847,0.047054956667125225,0.04348025540821253,68.9485671541964,861397.657467099,861398.661126065
world,Pupil_Data_Relay,Pupil_Data_Relay,loop,30,0.015067619582017263,0.003935560825194803,0.009175040759146214,0.02338795457035303,0.021661526989191764,68.88050743145868,861398.661126065,861399.665171441
world,Pupil_Data_Relay,Pupil_Data_Relay,loop,30,0.017438460296640795,0.010338462775160996,0.004215980879962444,0.04582700785249472,0.040122459176927805,71.05805050814524,861399.665171441,861400.674158313
world,Pupil_Data_Relay,Pupil_Data_Relay,loop,27,0.02976892412536674,0.021905995145431376,0.005931011401116848,0.11397909838706255,0.05879015661776066,70.31864192578252,861400.674158313,861401.677508895
world,Pupil_Data_Relay,Pupil_Data_Relay,loop,30,0.11570092756301165,0.024617223507938123,0.061211991123855114,0.16588205471634865,0.1505144697148353,69.01243696532522,861401.677508895,861402.681538576
world,Pupil_Data_Relay,Pupil_Data_Relay,loop,30,0.11726003528262179,0.026250941598674173,0.059873913414776325,0.15602901112288237,0.14518445241264996,69.08273636363447,861402.681538576,861403.689589554
world,Pupil_Data_Relay,Pupil_Data_Relay,loop,30,0.10683741032456358,0.024421089146945196,0.05987798795104027,0.14973198994994164,0.1382342190481722,69.11962653975934,861403.689589554,861404.693603161
world,Pupil_Data_Relay,Pupil_Data_Relay,loop,30,0.09937079545731346,0.026167623671040714,0.05670893006026745,0.14996295794844627,0.13775956467725334,69.02851969935,861404.693603161,861405.697337025
world,Pupil_Data_Relay,Pupil_Data_Relay,loop,30,0.1105137790242831,0.030664453068869307,0.05924701690673828,0.1741020241752267,0.1510018657427281,69.24525946378708,861405.697337025,861406.705754128
world,Pupil_Data_Relay,Pupil_Data_Relay,loop,30,0.10216499989231427,0.026919854171735515,0.06651901639997959,0.14798203483223915,0.139968452276662,69.2954460857436,861406.705754128,861407.709727404
world,Pupil_Data_Relay,Pupil_Data_Relay,loop,30,0.10570016068716843,0.027663934055111968,0.05323404911905527,0.14618493150919676,0.13593195471912622,69.0894769737497,861407.709727404,861408.713783542
world,Pupil_Data_Relay,Pupil_Data_Relay,loop,30,0.10901451266060273,0.024330868659723226,0.06568699609488249,0.1480609644204378,0.14533291687257588,69.42796357519303,861408.713783542,861409.72178564
world,Pupil_Data_Relay,Pupil_Data_Relay,loop,30,0.11038463562726974,0.025117692452552725,0.06453902460634708,0.15372899360954762,0.1444051507860422,69.3614603097861,861409.72178564,861410.725798822
world,Pupil_Data_Relay,Pupil_Data_Relay,loop,30,0.11620574320356052,0.06330872420087653,0.018834020011126995,0.38187101017683744,0.20169896306470037,69.33774027274922,861410.725798822,861411.730302127
world,Pupil_Data_Relay,Pupil_Data_Relay,loop,30,0.21288311496997872,0.13412537427246057,0.05842209793627262,0.5391750019043684,0.43193273595534265,69.7705299127847,861411.730302127,861412.738449155
world,Pupil_Data_Relay,Pupil_Data_Relay,loop,30,0.22799189124877253,0.12024757051421638,0.068234046921134,0.5807130364701152,0.4325001151300966,69.73869897580396,861412.738449155,861413.74237138
world,Pupil_Data_Relay,Pupil_Data_Relay,loop,30,0.2583376714028418,0.12008190329960447,0.07314106915146112,0.4577869549393654,0.4459725343622267,69.9359055608511,861413.74237138,861414.750341143
world,Pupil_Data_Relay,Pupil_Data_Relay,loop,30,0.21518500676999489,0.10943546972050029,0.06430293433368206,0.41369604878127575,0.38932462921366084,69.95964133335899,861414.750341143,861415.755209037
world,Pupil_Data_Relay,Pupil_Data_Relay,loop,30,0.2129972679540515,0.11353072008621293,0.059913028962910175,0.4788750084117055,0.41279772412963206,69.84829405943553,861415.755209037,861416.757850932
world,Pupil_Data_Relay,Pupil_Data_Relay,loop,30,0.20863949321210384,0.09319310806238697,0.0617089681327343,0.46181504148989916,0.3308624727651476,69.93612406464915,861416.757850932,861417.762443697
world,Pupil_Data_Relay,Pupil_Data_Relay,loop,30,0.2140474389307201,0.11539188164057262,0.058891018852591515,0.4882760113105178,0.42743020458146924,70.06701856541137,861417.762443697,861418.771868371
world,Pupil_Data_Relay,Pupil_Data_Relay,loop,30,0.223449330466489,0.10655603033191204,0.06383797153830528,0.42319996282458305,0.406633416423574,69.97792553544666,861418.771868371,861419.774190157
world,Pupil_Data_Relay,Pupil_Data_Relay,loop,30,0.20781417454903325,0.10268217363443276,0.06092397961765528,0.4985100822523236,0.32468989375047386,70.12286223471165,861419.774190157,861420.778821067
world,Pupil_Data_Relay,Pupil_Data_Relay,loop,30,0.2047256799414754,0.11028498899169083,0.06422796286642551,0.42674795258790255,0.38909734576009214,70.06835389959936,861420.778821067,861421.78636953
world,Pupil_Data_Relay,Pupil_Data_Relay,loop,30,0.22688279083619514,0.12346282894132737,0.058301957324147224,0.4952170420438051,0.4512392915785311,70.19001037503283,861421.78636953,861422.790939542
world,Pupil_Data_Relay,Pupil_Data_Relay,loop,30,0.20360501560692987,0.08871174975233563,0.062150065787136555,0.36781199742108583,0.34213499166071415,70.1410493037353,861422.790939542,861423.794085043
world,Pupil_Data_Relay,Pupil_Data_Relay,loop,30,0.2310245259044071,0.11208695984082198,0.06111594848334789,0.49303192645311356,0.4485129669774323,70.19787510313715,861423.794085043,861424.804250416
world,Pupil_Data_Relay,Pupil_Data_Relay,loop,30,0.20221321610733867,0.08628193018685004,0.062265899032354355,0.430186977609992,0.354904809501022,70.2838085941039,861424.804250416,861425.807141146
world,Pupil_Data_Relay,Pupil_Data_Relay,loop,30,0.18983316452552876,0.09574126101220584,0.059641082771122456,0.4157130606472492,0.3585495403967798,70.19559529532368,861425.807141146,861426.810816236
world,Pupil_Data_Relay,Pupil_Data_Relay,loop,30,0.2495049382559955,0.10524673923123773,0.08064904250204563,0.45690301340073347,0.39721435168758035,70.4369367682375,861426.810816236,861427.820521217
world,Pupil_Data_Relay,Pupil_Data_Relay,loop,30,0.21303083825235566,0.1156823535715377,0.061177066527307034,0.46644394751638174,0.4408077336847781,70.50060693485041,861427.820521217,861428.823786357
world,Pupil_Data_Relay,Pupil_Data_Relay,loop,30,0.22031402913853526,0.13018672637943351,0.05716201849281788,0.4944809479638934,0.4387345572467893,70.31471066099282,861428.823786357,861429.826997547
world,Pupil_Data_Relay,Pupil_Data_Relay,loop,30,0.1776166376657784,0.06964844648895141,0.06124097853899002,0.32027100678533316,0.29064758564345533,70.60644386413817,861429.826997547,861430.836284267
world,Pupil_Data_Relay,Pupil_Data_Relay,loop,30,0.2261510157647232,0.0942110197484155,0.057558994740247726,0.4040930652990937,0.3573038964532315,70.77079457230866,861430.836284267,861431.838956172
world,Pupil_Data_Relay,Pupil_Data_Relay,loop,30,0.23765360238030553,0.13014336243018737,0.06016506813466549,0.5053000058978796,0.4512354731559753,70.49996109756951,861431.838956172,861432.843661543
world,Pupil_Data_Relay,Pupil_Data_Relay,loop,30,0.2266199328005314,0.1319229480984558,0.0613839365541935,0.556439976207912,0.4689333785790949,70.70066062733531,861432.843661543,861433.851738166
world,Pupil_Data_Relay,Pupil_Data_Relay,loop,30,0.2026657690294087,0.09733529682540439,0.0626810360699892,0.39488403126597404,0.37667278083972633,70.61434232552226,861433.851738166,861434.855833861
world,Pupil_Data_Relay,Pupil_Data_Relay,loop,30,0.18369939643889666,0.1035445371532051,0.05968997720628977,0.45443500857800245,0.36337896599434316,70.51282314350829,861434.855833861,861435.859736472
world,Pupil_Data_Relay,Pupil_Data_Relay,loop,30,0.22632567367206016,0.12327705525905752,0.06017903797328472,0.47961005475372076,0.45569118810817594,70.86841602576897,861435.859736472,861436.866938957
world,Pupil_Data_Relay,Pupil_Data_Relay,loop,30,0.21155355498194695,0.09012768859562455,0.06113201379776001,0.3944269847124815,0.3815334581304341,70.7574472646229,861436.866938957,861437.871175254
world,Pupil_Data_Relay,Pupil_Data_Relay,loop,30,0.22858847320700684,0.09507926236559291,0.07011799607425928,0.4624630091711879,0.3987722971942274,70.8180937411574,861437.871175254,861438.875916614
world,Pupil_Data_Relay,Pupil_Data_Relay,loop,30,0.22630979850267371,0.11772496623261314,0.07309997454285622,0.5051639163866639,0.4613001190591602,71.0338234435767,861438.875916614,861439.883808102
world,Pupil_Data_Relay,Pupil_Data_Relay,loop,30,0.2058752734834949,0.09942058282483396,0.06054400000721216,0.44297799468040466,0.39020916447043413,70.809625069766,861439.883808102,861440.887704098
world,Pupil_Data_Relay,Pupil_Data_Relay,loop,30,0.18107517389580607,0.08878832781941448,0.0608890550211072,0.345399952493608,0.3400657034944743,70.95112367921199,861440.887704098,861441.891252005
world,Pupil_Data_Relay,Pupil_Data_Relay,loop,30,0.21381009137257934,0.11625545638446332,0.059706042520701885,0.48192800022661686,0.41510144365020096,70.97468216670677,861441.891252005,861442.900168986
world,Pupil_Data_Relay,Pupil_Data_Relay,loop,30,0.19271826604381204,0.09876951714661339,0.05577201955020428,0.4078649217262864,0.35116162616759533,70.81206570534657,861442.900168986,861443.902864218
world,Pupil_Data_Relay,Pupil_Data_Relay,loop,30,0.23096043538923064,0.1014336417524464,0.08536397945135832,0.4637779202312231,0.4052812058944254,71.08764783091222,861443.902864218,861444.907313203
world,Pupil_Data_Relay,Pupil_Data_Relay,loop,30,0.21076500803853074,0.11200292607987546,0.055342912673950195,0.4743540193885565,0.37297150702215726,71.03697069299717,861444.907313203,861445.915971042
world,Pupil_Data_Relay,Pupil_Data_Relay,loop,30,0.20693329085285464,0.1127889148347076,0.058467965573072433,0.4608519375324249,0.4108758643269539,71.06880850624293,861445.915971042,861446.921332234
world,Fixation_Detector,Fixation_Detector,boot,1,0.011979020200669765,0.0,0.011979020200669765,0.011979020200669765,0.011979020200669765,0.011979020200669765,861397.65747944,861397.657491419
world,Fixation_Detector,Fixation_Detector,loop,30,0.007653562352061272,0.005172534968476661,0.002666027285158634,0.02124789170920849,0.016344722826033827,68.96457439676549,861397.657491419,861398.661196983
world,Fixation_Detector,Fixation_Detector,loop,30,0.004041590727865696,0.0008352883197551999,0.0031460076570510864,0.006249989382922649,0.005615240661427378,68.89106006904815,861398.661196983,861399.665247154
world,Fixation_Detector,Fixation_Detector,loop,30,0.005249143578112125,0.0028432907584175324,0.0026989728212356567,0.013515935279428959,0.012251141015440222,71.07760400588934,861399.665247154,861400.67447452
world,Fixation_Detector,Fixation_Detector,loop,27,0.0067390285915246715,0.0030836273614868754,0.0036159763112664223,0.012794975191354752,0.012136658187955618,70.33763694818373,861400.67447452,861401.677689293
world,Fixation_Detector,Fixation_Detector,loop,30,0.0044174958020448685,0.000729489057994847,0.002864981070160866,0.005487003363668919,0.005334301386028527,69.02696176354463,861401.677689293,861402.681697705
world,Fixation_Detector,Fixation_Detector,loop,30,0.004445571297158797,0.0006120474735934221,0.002988032065331936,0.005361973308026791,0.005152757512405515,69.0971982316114,861402.681697705,861403.689751939
world,Fixation_Detector,Fixation_Detector,loop,30,0.004295422695577145,0.0007583845795886894,0.0030330847948789597,0.005573965609073639,0.005317275645211339,69.13380036906649,861403.689751939,861404.693763381
world,Fixation_Detector,Fixation_Detector,loop,30,0.004067306872457266,0.0009986687747819886,0.002888031303882599,0.008065951988101006,0.005106232129037379,69.04023810445021,861404.693763381,861405.697440363
world,Fixation_Detector,Fixation_Detector,loop,30,0.0043020001612603664,0.0007704660873858813,0.00272504985332489,0.005227047950029373,0.005197199061512947,69.2599752297004,861405.697440363,861406.705933677
world,Fixation_Detector,Fixation_Detector,loop,30,0.003952218685299158,0.0008159129258111516,0.0027889618650078773,0.005110981874167919,0.004960544174537063,69.30893942868958,861406.705933677,861407.709886788
world,Fixation_Detector,Fixation_Detector,loop,30,0.0040738144889473915,0.0007791256573255631,0.0026759225875139236,0.005683978088200092,0.005045160651206969,69.10352003760636,861407.709886788,861408.713954837
world,Fixation_Detector,Fixation_Detector,loop,30,0.004267863308389981,0.0006540468429844713,0.0029330840334296227,0.00539200846105814,0.005131884245201945,69.4420210008199,861408.713954837,861409.721946925
world,Fixation_Detector,Fixation_Detector,loop,30,0.004240897639344136,0.0006874369778719629,0.0027050264179706573,0.005315989255905151,0.00514885177835822,69.37581843618925,861409.721946925,861410.725963239
world,Fixation_Detector,Fixation_Detector,loop,30,0.004836455142746369,0.0021056236302306516,0.002680928446352482,0.013955985195934772,0.007504213135689489,69.35263408425574,861410.725963239,861411.730445097
world,Fixation_Detector,Fixation_Detector,loop,30,0.011937161131451527,0.023600076537908667,0.0025229528546333313,0.1363640185445547,0.019379809964448193,69.79732238687575,861411.730445097,861412.738558446
world,Fixation_Detector,Fixation_Detector,loop,30,0.00830596157660087,0.0037073801234963314,0.0028959475457668304,0.01375400461256504,0.01368804951198399,69.762377111086,861412.738558446,861413.74253395
world,Fixation_Detector,Fixation_Detector,loop,30,0.008818643012394508,0.003699975495550344,0.002639950253069401,0.014386954717338085,0.013772730017080901,69.97437127089749,861413.74253395,861414.750939294
world,Fixation_Detector,Fixation_Detector,loop,30,0.007281898676107327,0.003409817787918551,0.002435990609228611,0.014515942893922329,0.01328046782873571,69.99106250004843,861414.750939294,861415.755678576
world,Fixation_Detector,Fixation_Detector,loop,30,0.007207074668258429,0.0035805548946691557,0.0024079345166683197,0.01400697510689497,0.013560580555349588,69.86797515613337,861415.755678576,861416.757951074
world,Fixation_Detector,Fixation_Detector,loop,30,0.007505765339980523,0.0046840485625578646,0.002877088263630867,0.026618014089763165,0.014140980783849955,69.95946932195996,861416.757951074,861417.762665536
world,Fixation_Detector,Fixation_Detector,loop,30,0.006854898917178313,0.0036108043608890244,0.0024139881134033203,0.015116995200514793,0.01325454795733094,70.09313522139564,861417.762665536,861418.77220538
world,Fixation_Detector,Fixation_Detector,loop,30,0.007621198892593384,0.0035500214305229038,0.0025240005925297737,0.013944925740361214,0.013308244524523616,70.00515533921619,861418.77220538,861419.774504309
world,Fixation_Detector,Fixation_Detector,loop,30,0.007096643093973398,0.0032712436765795667,0.002630986273288727,0.013887998647987843,0.011632055975496767,70.15011399053037,861419.774504309,861420.779215746
world,Fixation_Detector,Fixation_Detector,loop,30,0.007351608170817296,0.0037605900223401053,0.0026070047169923782,0.013437005691230297,0.013117230264469981,70.089397385406,861420.779215746,861421.78653813
world,Fixation_Detector,Fixation_Detector,loop,30,0.00816428412993749,0.005681968338261446,0.002637971192598343,0.03165996167808771,0.013893295545130966,70.21669202949852,861421.78653813,861422.79122763
world,Fixation_Detector,Fixation_Detector,loop,30,0.007480631271998088,0.003391061562694465,0.002666027285158634,0.013702083379030228,0.013025093358010054,70.16067656610782,861422.79122763,861423.794165844
world,Fixation_Detector,Fixation_Detector,loop,30,0.008052525420983633,0.0034500269593534137,0.0027689384296536446,0.014947960153222084,0.013592210598289965,70.23556509520859,861423.794165844,861424.804894513
world,Fixation_Detector,Fixation_Detector,loop,30,0.007517961785197258,0.0033109710775952217,0.002644956111907959,0.014377990737557411,0.013583817053586245,70.31847939748938,861424.804894513,861425.807724325
world,Fixation_Detector,Fixation_Detector,loop,30,0.006956591581304868,0.003548225818702296,0.002435990609228611,0.01479999627918005,0.01342925243079662,70.21554944027837,861425.807724325,861426.81098003
world,Fixation_Detector,Fixation_Detector,loop,30,0.00888406066223979,0.0034721218317818312,0.002954038791358471,0.014899997040629387,0.014196557458490133,70.47995245472218,861426.81098003,861427.821262303
world,Fixation_Detector,Fixation_Detector,loop,30,0.0075349933467805386,0.0037516131180455412,0.0023579923436045647,0.014393008314073086,0.013252010103315113,70.52925479753564,861427.821262303,861428.824180179
world,Fixation_Detector,Fixation_Detector,loop,30,0.007672475961347421,0.0039138808710330025,0.0026120105758309364,0.014476943761110306,0.014045479474589227,70.33826815895736,861428.824180179,861429.827211787
world,Fixation_Detector,Fixation_Detector,loop,30,0.009483587928116322,0.004372195485060248,0.0037460122257471085,0.02631999086588621,0.014180579455569383,70.646200934425,861429.827211787,861430.836902708
world,Fixation_Detector,Fixation_Detector,loop,30,0.00978373767187198,0.004095442512148425,0.0024600885808467865,0.01572095789015293,0.015045964391902087,70.79507700012375,861430.836902708,861431.839043672
world,Fixation_Detector,Fixation_Detector,loop,30,0.008220427359143892,0.004414556542192113,0.002688029780983925,0.022199004888534546,0.013907626271247864,70.53983646910638,861431.839043672,861432.844328858
world,Fixation_Detector,Fixation_Detector,loop,30,0.007547962013632059,0.0037286327696350588,0.0024780165404081345,0.01435598824173212,0.013905722880735993,70.72542196838185,861432.844328858,861433.85198274
world,Fixation_Detector,Fixation_Detector,loop,30,0.006739899981766939,0.0034634910227693237,0.0027810456231236458,0.017785001546144485,0.01400068867951631,70.63416440117483,861433.85198274,861434.855994453
world,Fixation_Detector,Fixation_Detector,loop,30,0.00637066550552845,0.003397859116209231,0.0023259781301021576,0.014379969798028469,0.013320537982508537,70.53706360748038,861434.855994453,861435.860058406
world,Fixation_Detector,Fixation_Detector,loop,30,0.0075645783605674905,0.003926787039437273,0.002422020770609379,0.014645978808403015,0.013920635683462022,70.89090779578935,861435.860058406,861436.867126575
world,Fixation_Detector,Fixation_Detector,loop,30,0.010621625309189161,0.004068338950744419,0.002708984538912773,0.023823929950594902,0.015109893865883343,70.78645654255524,861436.867126575,861437.871381274
world,Fixation_Detector,Fixation_Detector,loop,30,0.008778138241420189,0.0032360581941933606,0.0027919886633753777,0.013677054084837437,0.013357197167351842,70.84204439306632,861437.871381274,861438.876055731
world,Fixation_Detector,Fixation_Detector,loop,30,0.008030491881072521,0.004495967908727785,0.0025439076125621796,0.02214801497757435,0.013734778622165322,71.05627229126792,861438.876055731,861439.883975339
world,Fixation_Detector,Fixation_Detector,loop,30,0.007350028802951177,0.0034621688310987764,0.002486049197614193,0.015870900824666023,0.013819948071613908,70.83958313645174,861439.883975339,861440.888149759
world,Fixation_Detector,Fixation_Detector,loop,30,0.006651633884757757,0.0027801714009362145,0.0024170149117708206,0.013123033568263054,0.011584960157051682,70.97080786091585,861440.888149759,861441.891431223
world,Fixation_Detector,Fixation_Detector,loop,30,0.0073199897694091005,0.0034435320586518555,0.0024939654394984245,0.01339893788099289,0.01263436861336231,71.00433203546952,861441.891431223,861442.900599647
world,Fixation_Detector,Fixation_Detector,loop,30,0.00705645652487874,0.003553866692676634,0.0024830223992466927,0.014249002560973167,0.01300217700190842,70.83038981072605,861442.900599647,861443.90294177
world,Fixation_Detector,Fixation_Detector,loop,30,0.008280171702305475,0.0036150861644754536,0.0036370474845170975,0.014601973816752434,0.014402333181351423,71.11094743401434,861443.90294177,861444.907486847
world,Fixation_Detector,Fixation_Detector,loop,30,0.007405795622617006,0.0042573719854425455,0.0025579938665032387,0.016979058273136616,0.013944914098829031,71.0607708664611,861444.907486847,861445.916227107
world,Fixation_Detector,Fixation_Detector,loop,30,0.0073212819794813795,0.0036642920181546358,0.002427026629447937,0.014533055946230888,0.013137876521795988,71.1193034464183,861445.916227107,861446.922368194
world,ScreenMarkerChoreographyPlugin,ScreenMarkerChoreographyPlugin,boot,1,0.04580302629619837,0.0,0.04580302629619837,0.04580302629619837,0.04580302629619837,0.04580302629619837,861397.657500647,861397.65754645
world,ScreenMarkerChoreographyPlugin,ScreenMarkerChoreographyPlugin,loop,30,0.028576278903832037,0.015095132251941227,0.009548035450279713,0.05899299867451191,0.05441552493721246,69.00007581959169,861397.65754645,861398.661278314
world,ScreenMarkerChoreographyPlugin,ScreenMarkerChoreographyPlugin,loop,30,0.01886701211333275,0.003949252969759906,0.014915014617145061,0.03641098737716675,0.023791991407051676,68.91498500093196,861398.661278314,861399.66533137
world,ScreenMarkerChoreographyPlugin,ScreenMarkerChoreographyPlugin,loop,30,0.02155425415063898,0.008601891360836392,0.015020021237432957,0.04857499152421951,0.04269739729352294,71.11211724889775,861399.66533137,861400.674801544
world,ScreenMarkerChoreographyPlugin,ScreenMarkerChoreographyPlugin,loop,27,0.02497833446358089,0.00768962922189798,0.014652963727712631,0.0414940295740962,0.03689158475026488,70.37307021932469,861400.674801544,861401.677880279
world,ScreenMarkerChoreographyPlugin,ScreenMarkerChoreographyPlugin,loop,30,0.018949372073014576,0.002624205386491483,0.012394040822982788,0.023415079340338707,0.02239468158222735,69.05421826522797,861401.677880279,861402.681861477
world,ScreenMarkerChoreographyPlugin,ScreenMarkerChoreographyPlugin,loop,30,0.018972348577032488,0.0028898654507549535,0.012035015970468521,0.022845924831926823,0.022387102944776416,69.12454298775022,861402.681861477,861403.689919473
world,ScreenMarkerChoreographyPlugin,ScreenMarkerChoreographyPlugin,loop,30,0.018168912113954622,0.002936809660860926,0.012316042557358742,0.023257918655872345,0.02185032935813069,69.16017195908353,861403.689919473,861404.693931008
world,ScreenMarkerChoreographyPlugin,ScreenMarkerChoreographyPlugin,loop,30,0.016942577591786783,0.0027107699221162692,0.01254095695912838,0.022682943381369114,0.021935719996690747,69.06320264097303,861404.693931008,861405.697544108
world,ScreenMarkerChoreographyPlugin,ScreenMarkerChoreographyPlugin,loop,30,0.018058239948004484,0.0033285084199014487,0.012381002306938171,0.02316199243068695,0.022487511159852147,69.28688356420025,861405.697544108,861406.7061235
world,ScreenMarkerChoreographyPlugin,ScreenMarkerChoreographyPlugin,loop,30,0.01771007276450594,0.003826390503065843,0.013144104741513729,0.030477065593004227,0.021226186072453856,69.33500465626518,861406.7061235,861407.710074309
world,ScreenMarkerChoreographyPlugin,ScreenMarkerChoreographyPlugin,loop,30,0.01770736804852883,0.003283381511886905,0.01131801400333643,0.025831046514213085,0.021653441945090886,69.12972857244313,861407.710074309,861408.714136765
world,ScreenMarkerChoreographyPlugin,ScreenMarkerChoreographyPlugin,loop,30,0.018098403234034777,0.002644329953311833,0.013221055269241333,0.023112050257623196,0.021983945043757558,69.47130856957908,861408.714136765,861409.722199078
world,ScreenMarkerChoreographyPlugin,ScreenMarkerChoreographyPlugin,loop,30,0.01818335537488262,0.0030302869157950558,0.010791001841425896,0.02480088733136654,0.02241629990749061,69.40241475822404,861409.722199078,861410.726134738
world,ScreenMarkerChoreographyPlugin,ScreenMarkerChoreographyPlugin,loop,30,0.020842552961160738,0.007327825945011631,0.01195608638226986,0.0508410157635808,0.030915404204279164,69.38098332611844,861410.726134738,861411.730581114
world,ScreenMarkerChoreographyPlugin,ScreenMarkerChoreographyPlugin,loop,30,0.0281515143190821,0.014865303348246097,0.010173069313168526,0.06405101157724857,0.049935717834159725,69.83451762547095,861411.730581114,861412.738664146
world,ScreenMarkerChoreographyPlugin,ScreenMarkerChoreographyPlugin,loop,30,0.02980962550888459,0.01234572672232891,0.012486940249800682,0.05261495243757963,0.04822026239708066,69.80348603877549,861412.738664146,861413.742687769
world,ScreenMarkerChoreographyPlugin,ScreenMarkerChoreographyPlugin,loop,30,0.03559315809980035,0.017123354629488902,0.010560965165495872,0.09234400931745768,0.0549655233044177,70.05024436318006,861413.742687769,861414.751944051
world,ScreenMarkerChoreographyPlugin,ScreenMarkerChoreographyPlugin,loop,30,0.02811351635803779,0.013294943865290787,0.011214986443519592,0.06796908564865589,0.04832830745726824,70.04347806796432,861414.751944051,861415.756262008
world,ScreenMarkerChoreographyPlugin,ScreenMarkerChoreographyPlugin,loop,30,0.02641155927752455,0.012419062619826936,0.009906012564897537,0.04860095214098692,0.047619419638067484,69.90415942467128,861415.756262008,861416.758062194
world,ScreenMarkerChoreographyPlugin,ScreenMarkerChoreographyPlugin,loop,30,0.02690285521869858,0.011250215309084948,0.012059928849339485,0.0510259997099638,0.04762895405292511,69.99846643690641,861416.758062194,861417.762874176
world,ScreenMarkerChoreographyPlugin,ScreenMarkerChoreographyPlugin,loop,30,0.02584687511747082,0.012609513611058505,0.010435003787279129,0.056733028031885624,0.04811601829715072,70.1326795310403,861417.762874176,861418.772475703
world,ScreenMarkerChoreographyPlugin,ScreenMarkerChoreographyPlugin,loop,30,0.028228429922213156,0.012241074698496267,0.01112394966185093,0.049220980145037174,0.047361612087115645,70.04348452901468,861418.772475703,861419.774631333
world,ScreenMarkerChoreographyPlugin,ScreenMarkerChoreographyPlugin,loop,30,0.024894004066785175,0.011052510630906301,0.010265037417411804,0.04856404848396778,0.039630540413782,70.18963480756308,861419.774631333,861420.779508222
world,ScreenMarkerChoreographyPlugin,ScreenMarkerChoreographyPlugin,loop,30,0.027705333195626736,0.013162932534912596,0.011119991540908813,0.04886894021183252,0.04838237073272467,70.1317905060326,861420.779508222,861421.786807767
world,ScreenMarkerChoreographyPlugin,ScreenMarkerChoreographyPlugin,loop,30,0.02771329212312897,0.012920919986137014,0.011669006198644638,0.0542870257049799,0.050889776321128,70.25827126344666,861421.786807767,861422.791479507
world,ScreenMarkerChoreographyPlugin,ScreenMarkerChoreographyPlugin,loop,30,0.028488043850908678,0.011314011520407221,0.00949797686189413,0.04707800690084696,0.04691040376201272,70.19788666705911,861422.791479507,861423.79424249
world,ScreenMarkerChoreographyPlugin,ScreenMarkerChoreographyPlugin,loop,30,0.02933923387899995,0.012599778387515064,0.01013604924082756,0.05198805592954159,0.05149984499439597,70.29124780092388,861423.79424249,861424.805542984
world,ScreenMarkerChoreographyPlugin,ScreenMarkerChoreographyPlugin,loop,30,0.0268681983773907,0.010504270016842208,0.011313939467072487,0.04768592771142721,0.047058722702786326,70.36749509861693,861424.805542984,861425.808238824
world,ScreenMarkerChoreographyPlugin,ScreenMarkerChoreographyPlugin,loop,30,0.027243207053591807,0.012065326232671276,0.009415089152753353,0.051705981604754925,0.048489513574168086,70.25398372594888,861425.808238824,861426.811132304
world,ScreenMarkerChoreographyPlugin,ScreenMarkerChoreographyPlugin,loop,30,0.033057830296456814,0.013281217573831947,0.010679941624403,0.06446696352213621,0.05182576715014875,70.5495845604067,861426.811132304,861427.822202052
world,ScreenMarkerChoreographyPlugin,ScreenMarkerChoreographyPlugin,loop,30,0.028571501995126408,0.014899917288851152,0.010416028089821339,0.06266601849347353,0.05744214286096391,70.57504570111632,861427.822202052,861428.824547565
world,ScreenMarkerChoreographyPlugin,ScreenMarkerChoreographyPlugin,loop,30,0.02903379887963335,0.013884858530172142,0.010116025805473328,0.061938888393342495,0.0515625753905624,70.37973845920835,861428.824547565,861429.827407741
world,ScreenMarkerChoreographyPlugin,ScreenMarkerChoreographyPlugin,loop,30,0.03462089613700906,0.010812483302563994,0.0149549450725317,0.05213904660195112,0.05054543144069611,70.70757323720802,861429.827407741,861430.837527583
world,ScreenMarkerChoreographyPlugin,ScreenMarkerChoreographyPlugin,loop,30,0.03689708343396584,0.01639222704459735,0.009957002475857735,0.06791006308048964,0.06338577368296683,70.84299099709217,861430.837527583,861431.839124173
world,ScreenMarkerChoreographyPlugin,ScreenMarkerChoreographyPlugin,loop,30,0.02944347991918524,0.014482795282716055,0.010617077350616455,0.06853905506432056,0.050638627726584666,70.58408559144785,861431.839124173,861432.844598573
world,ScreenMarkerChoreographyPlugin,ScreenMarkerChoreographyPlugin,loop,30,0.02833166702960928,0.013041776689897207,0.009585055522620678,0.0506020151078701,0.04992041504010558,70.76302443553384,861432.844598573,861433.852088925
world,ScreenMarkerChoreographyPlugin,ScreenMarkerChoreographyPlugin,loop,30,0.024847814347594976,0.010076446624553126,0.011034077033400536,0.04730303771793842,0.04285537870600818,70.6694295280613,861433.852088925,861434.856158749
world,ScreenMarkerChoreographyPlugin,ScreenMarkerChoreographyPlugin,loop,30,0.024133614109208185,0.011963657607682247,0.009822077117860317,0.05419494118541479,0.04511377192102371,70.57739271161456,861434.856158749,861435.860419988
world,ScreenMarkerChoreographyPlugin,ScreenMarkerChoreographyPlugin,loop,30,0.028109833753357332,0.01331929879474383,0.010326970368623734,0.055329990573227406,0.05244614440016448,70.93131536773096,861435.860419988,861436.86730326
world,ScreenMarkerChoreographyPlugin,ScreenMarkerChoreographyPlugin,loop,30,0.03732560823361079,0.011166786016376645,0.011397991329431534,0.05493301432579756,0.05300278426147997,70.8378608726586,861436.86730326,861437.871587125
world,ScreenMarkerChoreographyPlugin,ScreenMarkerChoreographyPlugin,loop,30,0.0332490347015361,0.012096009867902928,0.012591015547513962,0.06430002395063639,0.04996026400476693,70.88687776510294,861437.871587125,861438.876188972
world,ScreenMarkerChoreographyPlugin,ScreenMarkerChoreographyPlugin,loop,30,0.027523360525568325,0.011993464783940354,0.011113937944173813,0.04880491178482771,0.04747075145132839,71.0954053288636,861438.876188972,861439.884115569
world,ScreenMarkerChoreographyPlugin,ScreenMarkerChoreographyPlugin,loop,30,0.02825123956426978,0.01185637430215433,0.010967953130602837,0.05057593807578087,0.04773596883751451,70.88651380424078,861439.884115569,861440.888564398
world,ScreenMarkerChoreographyPlugin,ScreenMarkerChoreographyPlugin,loop,30,0.026703676364074152,0.010601413832378335,0.010214047506451607,0.049322028644382954,0.04549355944618583,71.00765803285564,861440.888564398,861441.891599845
world,ScreenMarkerChoreographyPlugin,ScreenMarkerChoreographyPlugin,loop,30,0.027591735124588013,0.012228417417237434,0.009647919796407223,0.04993693437427282,0.04603517008945344,71.04353756876662,861441.891599845,861442.900792838
world,ScreenMarkerChoreographyPlugin,ScreenMarkerChoreographyPlugin,loop,30,0.027137889992445707,0.016476402996471837,0.00920100137591362,0.09244796819984913,0.045798678183928125,70.86610200737293,861442.900792838,861443.903020489
world,ScreenMarkerChoreographyPlugin,ScreenMarkerChoreographyPlugin,loop,30,0.03124102173993985,0.012493021136039489,0.013603945262730122,0.05157291889190674,0.05058289389126002,71.15434117537613,861443.903020489,861444.907660648
world,ScreenMarkerChoreographyPlugin,ScreenMarkerChoreographyPlugin,loop,30,0.026267972619583208,0.013875937667822304,0.009665964171290398,0.058147008530795574,0.04848926328122615,71.10097722227995,861444.907660648,861445.916474285
world,ScreenMarkerChoreographyPlugin,ScreenMarkerChoreographyPlugin,loop,30,0.028031086549162865,0.01435201283808278,0.009209965355694294,0.06741599645465612,0.049689802108332515,71.18846993350114,861445.916474285,861446.923425369
world,System_Graphs,System_Graphs,boot,1,0.006004003807902336,0.0,0.006004003807902336,0.006004003807902336,0.006004003807902336,0.006004003807902336,861397.657584894,861397.657590898
world,System_Graphs,System_Graphs,loop,30,0.03257992987831434,0.06436570534369235,0.0019249273464083672,0.2526890020817518,0.18212021095678171,69.05047943582758,861397.657590898,861398.661352295
world,System_Graphs,System_Graphs,loop,30,0.017392573257287342,0.028768555424915642,0.0020730076357722282,0.07814203854650259,0.07573648472316563,68.94373991138612,861398.661352295,861399.665404895
world,System_Graphs,System_Graphs,loop,30,0.02523206251983841,0.056128612752593655,0.0021799933165311813,0.2891289768740535,0.08177594281733036,71.15901038050652,861399.665404895,861400.675129989
world,System_Graphs,System_Graphs,loop,27,0.02518418262264243,0.049828084778416736,0.0025529880076646805,0.22571696899831295,0.10237972019240259,70.44417103235092,861400.675129989,861401.67806517
world,System_Graphs,System_Graphs,loop,30,0.02388309609765808,0.043627989374527956,0.0025510089471936226,0.18092989921569824,0.10341143934056161,69.09334043351312,861401.67806517,861402.682021539
world,System_Graphs,System_Graphs,loop,30,0.023192159521083038,0.039394572495767236,0.0023919856175780296,0.11677294969558716,0.1077109423931688,69.16324966587126,861402.682021539,861403.69008611
world,System_Graphs,System_Graphs,loop,30,0.020087766461074352,0.03396493721239364,0.002517946995794773,0.10380393359810114,0.10201834375038743,69.1950607773227,861403.69008611,861404.694093444
world,System_Graphs,System_Graphs,loop,30,0.018924831723173458,0.0320877717023271,0.0023189932107925415,0.10991899762302637,0.08775130845606326,69.09420084751521,861404.694093444,861405.697646511
world,System_Graphs,System_Graphs,loop,30,0.020718508555243414,0.03481489780211899,0.002440996468067169,0.10356400161981583,0.09766693110577762,69.32270486140624,861405.697646511,861406.706295634
world,System_Graphs,System_Graphs,loop,30,0.021490225723634165,0.03672676010870179,0.0021989690139889717,0.10638998355716467,0.10059605701826511,69.37047612154856,861406.706295634,861407.710232165
world,System_Graphs,System_Graphs,loop,30,0.019174092449247837,0.03186079342566831,0.0023229513317346573,0.10137900244444609,0.08876354550011449,69.16380429174751,861407.710232165,861408.714315565
world,System_Graphs,System_Graphs,loop,30,0.020321322760234278,0.0341662180080764,0.002437969669699669,0.10650197509676218,0.10007262462750074,69.50468932433675,861408.714315565,861409.72230338
world,System_Graphs,System_Graphs,loop,30,0.0208828947506845,0.03483355773898175,0.0025900080800056458,0.10186491999775171,0.09986420045606792,69.43837214882176,861409.72230338,861410.726294194
world,System_Graphs,System_Graphs,loop,30,0.02399005073433121,0.04364257331893518,0.0025939662009477615,0.19053497817367315,0.0947056571021676,69.43416346718247,861410.726294194,861411.730706245
world,System_Graphs,System_Graphs,loop,30,0.04161876471092304,0.09109279429009874,0.002166023477911949,0.4330999217927456,0.2178146212827414,69.89689252416913,861411.730706245,861412.738762329
world,System_Graphs,System_Graphs,loop,30,0.03783050924539566,0.06862524715272517,0.0029049115255475044,0.28550904244184494,0.1837019110098479,69.86747540455933,861412.738762329,861413.742844682
world,System_Graphs,System_Graphs,loop,30,0.043532970206191145,0.07509754017044659,0.002262997440993786,0.27126597706228495,0.21992151159793139,70.13569570844993,861413.742844682,861414.752542978
world,System_Graphs,System_Graphs,loop,30,0.04208706862603625,0.07933392624480826,0.002116081304848194,0.28454000130295753,0.24500433355569837,70.11341794471566,861414.752542978,861415.756579558
world,System_Graphs,System_Graphs,loop,30,0.04045730844760934,0.07446973171618897,0.0022740568965673447,0.262340996414423,0.22341996664181335,69.96547142431761,861415.756579558,861416.758154391
world,System_Graphs,System_Graphs,loop,30,0.0361333639981846,0.06984858956774913,0.0023460015654563904,0.3030759980902076,0.18563871271908267,70.05865107833718,861416.758154391,861417.763080636
world,System_Graphs,System_Graphs,loop,30,0.0400721017892162,0.07345107021719631,0.0022560125216841698,0.2932099159806967,0.19775715190917245,70.19819069343309,861417.763080636,861418.772764565
world,System_Graphs,System_Graphs,loop,30,0.0444763689301908,0.08254248674476407,0.0025690533220767975,0.31444395426660776,0.2296933031175285,70.11145380480836,861418.772764565,861419.774755479
world,System_Graphs,System_Graphs,loop,30,0.028836505953222513,0.04888685836572019,0.002432032488286495,0.18884509336203337,0.14117225655354546,70.23904736464222,861419.774755479,861420.779645432
world,System_Graphs,System_Graphs,loop,30,0.029715336859226227,0.05106768614274902,0.002393033355474472,0.21106097847223282,0.1444360939785837,70.18515976766746,861420.779645432,861421.786976904
world,System_Graphs,System_Graphs,loop,30,0.03694650173808137,0.06553805479280769,0.0025279587134718895,0.2634400734677911,0.18015417153947044,70.3234839408348,861421.786976904,861422.79182095
world,System_Graphs,System_Graphs,loop,30,0.03793149177605907,0.07143112425818558,0.0023230677470564842,0.2823818940669298,0.2065382723230865,70.25789673595379,861422.79182095,861423.794315858
world,System_Graphs,System_Graphs,loop,30,0.03212202185144027,0.0548380060565755,0.002280925400555134,0.23463601246476173,0.14315358712337892,70.36264147609472,861423.794315858,861424.80613473
world,System_Graphs,System_Graphs,loop,30,0.039970160772403084,0.07023662442193189,0.00242691021412611,0.250387005507946,0.19204080454073846,70.43572419400637,861424.80613473,861425.808559482
world,System_Graphs,System_Graphs,loop,30,0.03334012969086567,0.05961405796741158,0.002193031832575798,0.23596594110131264,0.1699814805760977,70.30927038285881,861425.808559482,861426.811271787
world,System_Graphs,System_Graphs,loop,30,0.05269893445074558,0.09517496320397195,0.0024549663066864014,0.32083597034215927,0.280001980718225,70.64572242864718,861426.811271787,861427.822881206
world,System_Graphs,System_Graphs,loop,30,0.03363547148182988,0.0562359868709754,0.0021280720829963684,0.18967699725180864,0.1585706952027976,70.63744090264663,861427.822881206,861428.824883817
world,System_Graphs,System_Graphs,loop,30,0.03671720235918959,0.06324383168102632,0.0021209707483649254,0.24045701138675213,0.17861160449683663,70.44257092444848,861428.824883817,861429.827594615
world,System_Graphs,System_Graphs,loop,30,0.052933674305677414,0.0971266832714808,0.0032830284908413887,0.30086806509643793,0.2869005664251745,70.80469947153081,861429.827594615,861430.838129059
world,System_Graphs,System_Graphs,loop,30,0.04391707091902693,0.07164580055881854,0.002322020009160042,0.27385493740439415,0.20058209775015703,70.91572352995475,861430.838129059,861431.839202507
world,System_Graphs,System_Graphs,loop,30,0.03829115303233266,0.07124789684591286,0.0024030450731515884,0.24554203264415264,0.22254015784710635,70.65001690449814,861431.839202507,861432.844862826
world,System_Graphs,System_Graphs,loop,30,0.0415676001769801,0.07872185454867994,0.002024928107857704,0.28355896938592196,0.2451784675940871,70.82615436132376,861432.844862826,861433.8521902
world,System_Graphs,System_Graphs,loop,30,0.027556857094168663,0.04271827524979611,0.002254033461213112,0.13770803343504667,0.11142010916955769,70.71842139509197,861433.8521902,861434.856315782
world,System_Graphs,System_Graphs,loop,30,0.033856540297468506,0.06133195304794362,0.002211076207458973,0.23650797083973885,0.1657379034440964,70.63830290377761,861434.856315782,861435.860793421
world,System_Graphs,System_Graphs,loop,30,0.03652504334847132,0.07340350767930029,0.002240994945168495,0.30428299214690924,0.21542998729273646,70.99365392544617,861435.860793421,861436.867476107
world,System_Graphs,System_Graphs,loop,30,0.04958264762535691,0.08676606016773644,0.002840999513864517,0.2872620243579149,0.2599628176540136,70.92201877385378,861436.867476107,861437.871777397
world,System_Graphs,System_Graphs,loop,30,0.04780303376416365,0.08634724758584128,0.0025850022211670876,0.2996040275320411,0.26588300243020035,70.96204080541308,861437.871777397,861438.876324967
world,System_Graphs,System_Graphs,loop,30,0.03550617257133126,0.06219128780236803,0.0025640474632382393,0.23113400675356388,0.18720753723755468,71.15484706203763,861438.876324967,861439.884273032
world,System_Graphs,System_Graphs,loop,30,0.03976378357037902,0.0718079637944981,0.0022209715098142624,0.2647930523380637,0.18315224442631006,70.95793203528349,861439.884273032,861440.888971464
world,System_Graphs,System_Graphs,loop,30,0.03986740484833717,0.07129321776593776,0.0022960593923926353,0.27246400713920593,0.1750858966261148,71.06871310000618,861440.888971464,861441.891758835
world,System_Graphs,System_Graphs,loop,30,0.035748029282937445,0.06743872114972527,0.002153916284441948,0.2851169556379318,0.1766131899785249,71.10217622248456,861441.891758835,861442.900950333
world,System_Graphs,System_Graphs,loop,30,0.03199379425495863,0.053851628558431563,0.002121902070939541,0.20562508143484592,0.14947559102438382,70.9188137979557,861442.900950333,861443.903096548
world,System_Graphs,System_Graphs,loop,30,0.036503393979122244,0.0628055578417186,0.002937973476946354,0.25035394355654716,0.17174624372273667,71.21744983208676,861443.903096548,861444.90783082
world,System_Graphs,System_Graphs,loop,30,0.03924274351447821,0.07279259330208397,0.0020849984139204025,0.26421400252729654,0.21530471858568467,71.16606046911329,861444.90783082,861445.91671677
world,System_Graphs,System_Graphs,loop,30,0.02773166246091326,0.04538903853484185,0.0019309809431433678,0.1890730345621705,0.11830122093670066,71.2588376714848,861445.91671677,861446.92413622
world,Display_Recent_Gaze,Display_Recent_Gaze,boot,1,0.00452797394245863,0.0,0.00452797394245863,0.00452797394245863,0.00452797394245863,0.00452797394245863,861397.657603024,861397.657607552
world,Display_Recent_Gaze,Display_Recent_Gaze,loop,30,0.002256858473022779,0.0015512779567088504,0.0008539063856005669,0.0059549929574131966,0.004750239895656705,69.05862180283293,861397.657607552,861398.661414125
world,Display_Recent_Gaze,Display_Recent_Gaze,loop,30,0.0011847315666576226,0.00023521468967849433,0.0008050119504332542,0.0017479760572314262,0.0016181904356926673,68.94967024369787,861398.661414125,861399.665471309
world,Display_Recent_Gaze,Display_Recent_Gaze,loop,30,0.0016881929089625676,0.0009545179035738446,0.0008048955351114273,0.004254048690199852,0.003947585355490446,71.17338739335537,861399.665471309,861400.67542175
world,Display_Recent_Gaze,Display_Recent_Gaze,loop,27,0.00209607080452972,0.0010460923212717841,0.0009980285540223122,0.003998051397502422,0.0038254191167652607,70.45601817555035,861400.67542175,861401.678226654
world,Display_Recent_Gaze,Display_Recent_Gaze,loop,30,0.0015246565453708172,0.0002261556927557767,0.0009330688044428825,0.0018379651010036469,0.001792405964806676,69.10329470022891,861401.678226654,861402.682165562
world,Display_Recent_Gaze,Display_Recent_Gaze,loop,30,0.001486798282712698,0.00022553337877618542,0.0009830109775066376,0.0019239960238337517,0.0017410260625183582,69.17285360007857,861402.682165562,861403.690232122
world,Display_Recent_Gaze,Display_Recent_Gaze,loop,30,0.0014433132794996102,0.0002680580684831652,0.0009409850463271141,0.0019249273464083672,0.0018506019841879604,69.20432004068668,861403.690232122,861404.694237257
world,Display_Recent_Gaze,Display_Recent_Gaze,loop,30,0.0013264051328102748,0.00023341113502221635,0.0009349314495921135,0.0017579877749085426,0.001570751192048192,69.10128683084622,861404.694237257,861405.69773363
world,Display_Recent_Gaze,Display_Recent_Gaze,loop,30,0.0014065726039310296,0.0002599828876692122,0.0008459901437163353,0.001957057975232601,0.0016774050891399381,69.33235366595909,861405.69773363,861406.706450758
world,Display_Recent_Gaze,Display_Recent_Gaze,loop,30,0.0014275855695207913,0.00026879053754407065,0.0009469222277402878,0.0019059516489505768,0.0017860205844044683,69.37953982657443,861406.706450758,861407.710375265
world,Display_Recent_Gaze,Display_Recent_Gaze,loop,30,0.001435990755756696,0.0002705585566114642,0.0009599607437849045,0.001962995156645775,0.00176446046680212,69.17329903614397,861407.710375265,861408.714469555
world,Display_Recent_Gaze,Display_Recent_Gaze,loop,30,0.0014195529123147328,0.0002572067181863268,0.0009220093488693237,0.001783948391675949,0.0017389364074915648,69.51168146527682,861408.714469555,861409.722377008
world,Display_Recent_Gaze,Display_Recent_Gaze,loop,30,0.0013860330606500308,0.00024113379243824372,0.0008270144462585449,0.0018099090084433556,0.001651915954425931,69.44777180130284,861409.722377008,861410.726439244
world,Display_Recent_Gaze,Display_Recent_Gaze,loop,30,0.0016184640116989613,0.0007142903239523803,0.000985921360552311,0.004521920345723629,0.0029948540031909925,69.4429622264579,861410.726439244,861411.730818026
world,Display_Recent_Gaze,Display_Recent_Gaze,loop,30,0.002692635947217544,0.00150896316109225,0.000884057953953743,0.00646605622023344,0.005009729648008943,69.90747657837346,861411.730818026,861412.738847215
world,Display_Recent_Gaze,Display_Recent_Gaze,loop,30,0.0028005645920832953,0.0012163081490750936,0.0010899966582655907,0.004847999662160873,0.0047425273805856705,69.88055453402922,861412.738847215,861413.742982232
world,Display_Recent_Gaze,Display_Recent_Gaze,loop,30,0.003269570879638195,0.0014397424036285593,0.0009629875421524048,0.00535591971129179,0.005205668276175857,70.16371103236452,861413.742982232,861414.753092408
world,Display_Recent_Gaze,Display_Recent_Gaze,loop,30,0.002594497830917438,0.0015197690397252593,0.0010369112715125084,0.0062070321291685104,0.00566435628570616,70.12847186997533,861414.753092408,861415.756792989
world,Display_Recent_Gaze,Display_Recent_Gaze,loop,30,0.0027644409177203975,0.0013276772662184526,0.0010599615052342415,0.005117966793477535,0.004927307600155473,69.97652575761701,861415.756792989,861416.758229448
world,Display_Recent_Gaze,Display_Recent_Gaze,loop,30,0.002564718791594108,0.0012230298257919988,0.0011640368029475212,0.005268026143312454,0.004971690941601992,70.07207459537312,861416.758229448,861417.763249963
world,Display_Recent_Gaze,Display_Recent_Gaze,loop,30,0.0029214580232898393,0.0024571640977443586,0.0008980277925729752,0.013932003639638424,0.005171209340915083,70.214819329946,861417.763249963,861418.773027135
world,Display_Recent_Gaze,Display_Recent_Gaze,loop,30,0.0027624773792922497,0.0012933877306344475,0.0008969800546765327,0.0048959627747535706,0.004793429980054498,70.12380236604561,861418.773027135,861419.774873817
world,Display_Recent_Gaze,Display_Recent_Gaze,loop,30,0.002423033583909273,0.0011017089416395605,0.000883941538631916,0.004636007361114025,0.004240527050569653,70.25023922712232,861419.774873817,861420.779763692
world,Display_Recent_Gaze,Display_Recent_Gaze,loop,30,0.0027781235985457897,0.0013633215019657262,0.001019914634525776,0.005170004442334175,0.004802970215678215,70.1987944659777,861420.779763692,861421.787135189
world,Display_Recent_Gaze,Display_Recent_Gaze,loop,30,0.0027563772164285183,0.0014290485544779263,0.0011320225894451141,0.00548199750483036,0.005128298653289675,70.3417858031268,861421.787135189,861422.792131853
world,Display_Recent_Gaze,Display_Recent_Gaze,loop,30,0.002871601221462091,0.0013716812378722658,0.0010409858077764511,0.005162903107702732,0.004937907215207815,70.26884904286514,861422.792131853,861423.794380301
world,Display_Recent_Gaze,Display_Recent_Gaze,loop,30,0.004282488953322172,0.0070593580396500506,0.001017935574054718,0.04151894245296717,0.005621247692033646,70.390390274891,861423.794380301,861424.80666161
world,Display_Recent_Gaze,Display_Recent_Gaze,loop,30,0.002872373443096876,0.001145537048802649,0.0008960487321019173,0.004817964509129524,0.004791951505467296,70.45384029236932,861424.80666161,861425.808850102
world,Display_Recent_Gaze,Display_Recent_Gaze,loop,30,0.002640109354009231,0.0013924146585363732,0.0008119968697428703,0.005318084731698036,0.004986376734450459,70.32146430574358,861425.808850102,861426.811400716
world,Display_Recent_Gaze,Display_Recent_Gaze,loop,30,0.0034192693419754505,0.0014123377487176394,0.0009970972314476967,0.006087007932364941,0.005319464253261685,70.67933639821906,861426.811400716,861427.823582946
world,Display_Recent_Gaze,Display_Recent_Gaze,loop,30,0.002820595788458983,0.001415701097839943,0.0009619398042559624,0.005341949872672558,0.005029392195865511,70.6560490730529,861427.823582946,861428.825197152
world,Display_Recent_Gaze,Display_Recent_Gaze,loop,30,0.0026873817356924215,0.0013890173385733048,0.0009259674698114395,0.005493056960403919,0.004901678767055273,70.4565019113943,861428.825197152,861429.827767125
world,Display_Recent_Gaze,Display_Recent_Gaze,loop,30,0.003931143631537755,0.00374786619957487,0.0013029202818870544,0.023207045160233974,0.004685577005147934,70.82891465785603,861429.827767125,861430.838541597
world,Display_Recent_Gaze,Display_Recent_Gaze,loop,30,0.0036056114671130977,0.0015240395984341068,0.0009370269253849983,0.00653101596981287,0.005487474845722317,70.9301237637798,861430.838541597,861431.839271545
world,Display_Recent_Gaze,Display_Recent_Gaze,loop,30,0.0026905249493817487,0.0013006526230580472,0.0008740462362766266,0.005425070412456989,0.005050835898146032,70.66943123548602,861431.839271545,861432.845197248
world,Display_Recent_Gaze,Display_Recent_Gaze,loop,30,0.0029858240547279515,0.0020156133870774104,0.0008880160748958588,0.011050025932490826,0.005077215610072016,70.83742994194229,861432.845197248,861433.852278957
world,Display_Recent_Gaze,Display_Recent_Gaze,loop,30,0.0023306269819537797,0.0010491484395846811,0.0008610077202320099,0.004886998794972897,0.004187191370874643,70.73013830231503,861433.852278957,861434.85645983
world,Display_Recent_Gaze,Display_Recent_Gaze,loop,30,0.0021516772297521434,0.0011918437030371213,0.0008071074262261391,0.004793982952833176,0.004448025720193982,70.65030230442062,861434.85645983,861435.860959416
world,Display_Recent_Gaze,Display_Recent_Gaze,loop,30,0.0026092631742358208,0.0013486034255975983,0.0008690403774380684,0.005346955731511116,0.0048026093281805515,71.00705512566492,861435.860959416,861436.867633146
world,Display_Recent_Gaze,Display_Recent_Gaze,loop,30,0.0038007739931344986,0.0011579046050036162,0.0010220101103186607,0.005476991645991802,0.0050517613999545566,70.93859420856461,861436.867633146,861437.871956037
world,Display_Recent_Gaze,Display_Recent_Gaze,loop,30,0.0032382279944916568,0.0012971796370852989,0.0009739305824041367,0.005515990778803825,0.005076307570561766,70.97540223815788,861437.871956037,861438.876439189
world,Display_Recent_Gaze,Display_Recent_Gaze,loop,30,0.002677525238444408,0.001268077408813413,0.0009629875421524048,0.004966976121068001,0.004761165473610162,71.16806846267234,861438.876439189,861439.884425187
world,Display_Recent_Gaze,Display_Recent_Gaze,loop,30,0.00267946549380819,0.0012848618836058703,0.0009729992598295212,0.0052390387281775475,0.005100684938952326,70.97851022845134,861439.884425187,861440.889333267
world,Display_Recent_Gaze,Display_Recent_Gaze,loop,30,0.002464442513883114,0.0010918672653216317,0.0008030328899621964,0.005015055648982525,0.004656711826100945,71.08077345959221,861440.889333267,861441.891908175
world,Display_Recent_Gaze,Display_Recent_Gaze,loop,30,0.0025916223724683127,0.0013235482564319672,0.0009190989658236504,0.005018082447350025,0.004763924516737461,71.11493897003432,861441.891908175,861442.901098579
world,Display_Recent_Gaze,Display_Recent_Gaze,loop,30,0.0025336514227092266,0.0012094135746182717,0.0008610077202320099,0.004840083420276642,0.004528183490037918,70.92854287087296,861442.901098579,861443.903164389
world,Display_Recent_Gaze,Display_Recent_Gaze,loop,30,0.0028657688138385615,0.0013721737764144934,0.001234002411365509,0.006429036147892475,0.005172332748770714,71.23255679616705,861443.903164389,861444.908010798
world,Display_Recent_Gaze,Display_Recent_Gaze,loop,30,0.002556069133182367,0.001488550311818276,0.0009470386430621147,0.005378969945013523,0.005070818588137626,71.18147409055382,861444.908010798,861445.916938307
world,Display_Recent_Gaze,Display_Recent_Gaze,loop,30,0.002538408928861221,0.0012492713149767523,0.0009479699656367302,0.004882924258708954,0.00477161374874413,71.29020757662754,861445.916938307,861446.924838877
world,Blink_Detection,Blink_Detection,boot,1,0.015414087101817131,0.0,0.015414087101817131,0.015414087101817131,0.015414087101817131,0.015414087101817131,861397.657630308,861397.657645722
world,Blink_Detection,Blink_Detection,loop,30,0.00698832639803489,0.004756875009496507,0.002625049091875553,0.021146959625184536,0.014289148384705184,69.0707961951072,861397.657645722,861398.661475705
world,Blink_Detection,Blink_Detection,loop,30,0.003824972858031591,0.000711717979422651,0.0029669608920812607,0.006226007826626301,0.0050139205995947105,68.95730131072924,861398.661475705,861399.665531416
world,Blink_Detection,Blink_Detection,loop,30,0.005080368525038163,0.0025621360811477344,0.0029960647225379944,0.013360986486077309,0.01096429768949747,71.19087436391662,861399.665531416,861400.675724883
world,Blink_Detection,Blink_Detection,loop,27,0.0064362625212029175,0.0031927042574477235,0.003513065166771412,0.01656298991292715,0.01065336400642991,70.47127033756287,861400.675724883,861401.678390902
world,Blink_Detection,Blink_Detection,loop,30,0.005137532328565915,0.0005804829827528467,0.0037170248106122017,0.0061979517340660095,0.005957967368885875,69.11557086665805,861401.678390902,861402.682308316
world,Blink_Detection,Blink_Detection,loop,30,0.004984112456440926,0.0007600538597465659,0.0030349474400281906,0.006043934263288975,0.0059482932556420565,69.18514279726271,861402.682308316,861403.690378337
world,Blink_Detection,Blink_Detection,loop,30,0.004750913164267938,0.0008228692121017575,0.003388035111129284,0.006189919076859951,0.006069248775020241,69.21601457288489,861403.690378337,861404.694380575
world,Blink_Detection,Blink_Detection,loop,30,0.004382443148642778,0.0007561412151959329,0.0032619573175907135,0.005834968760609627,0.005647243233397603,69.11028006191675,861404.694380575,861405.697809093
world,Blink_Detection,Blink_Detection,loop,30,0.004841511448224385,0.0009252663428270154,0.0032300595194101334,0.006175949238240719,0.005991850048303604,69.34457153547555,861405.697809093,861406.706604395
world,Blink_Detection,Blink_Detection,loop,30,0.0045969073350230856,0.0008812997870502489,0.003059045411646366,0.005742069333791733,0.005699286703020334,69.39097173744813,861406.706604395,861407.710517099
world,Blink_Detection,Blink_Detection,loop,30,0.004708704849084218,0.0008723826324696838,0.002902001142501831,0.0062820035964250565,0.005824922118335961,69.18519423731293,861407.710517099,861408.714621711
world,Blink_Detection,Blink_Detection,loop,30,0.004768782916168372,0.0007318235971336268,0.003446941263973713,0.005915993824601173,0.00576768652535975,69.52095410088077,861408.714621711,861409.722440893
world,Blink_Detection,Blink_Detection,loop,30,0.004772814766814311,0.0007679618669778781,0.002958928234875202,0.005687936209142208,0.005613017128780484,69.45999239105731,861409.722440893,861410.726592887
world,Blink_Detection,Blink_Detection,loop,30,0.005550484638661146,0.0024982278414693608,0.0033779069781303406,0.01655996311455965,0.009038439020514481,69.45520060835406,861410.726592887,861411.730945229
world,Blink_Detection,Blink_Detection,loop,30,0.008780466547856728,0.004799171577910631,0.0028319191187620163,0.019918079487979412,0.016090180724859238,69.92377362912521,861411.730945229,861412.738957643
world,Blink_Detection,Blink_Detection,loop,30,0.009767101922382912,0.004184920817865798,0.0036120181903243065,0.016410951502621174,0.016053766012191772,69.89992827099438,861412.738957643,861413.743132545
world,Blink_Detection,Blink_Detection,loop,30,0.010462943464517593,0.00462509240454371,0.0031079398468136787,0.017442042008042336,0.016924901865422722,70.19643627184753,861413.743132545,861414.753628161
world,Blink_Detection,Blink_Detection,loop,30,0.008279803053786358,0.004364993698277834,0.003251945599913597,0.018452061340212822,0.015599332982674241,70.14320825692266,861414.753628161,861415.756863177
world,Blink_Detection,Blink_Detection,loop,30,0.009886842841903368,0.007286471223619677,0.002995016984641552,0.04145095590502024,0.0164101948030293,69.99330018491794,861415.756863177,861416.758307135
world,Blink_Detection,Blink_Detection,loop,30,0.008319710226108631,0.0037281684869652845,0.003526918590068817,0.016300007700920105,0.015250034630298613,70.08954610597964,861416.758307135,861417.763416554
world,Blink_Detection,Blink_Detection,loop,30,0.008263803708056608,0.004170902819113682,0.003434019163250923,0.017356942407786846,0.016083836089819666,70.23542093035455,861417.763416554,861418.773295237
world,Blink_Detection,Blink_Detection,loop,30,0.008918771830697855,0.004144941731722554,0.003506080247461796,0.016184989362955093,0.01595049980096519,70.14045641214277,861418.773295237,861419.774984053
world,Blink_Detection,Blink_Detection,loop,30,0.007957895286381245,0.0037331211232870857,0.003085937350988388,0.01651898492127657,0.013892067363485692,70.26600698397185,861419.774984053,861420.779899136
world,Blink_Detection,Blink_Detection,loop,30,0.00976315156246225,0.005489947046204796,0.003093038685619831,0.028135022148489952,0.016177137149497867,70.2181670581922,861420.779899136,861421.787288021
world,Blink_Detection,Blink_Detection,loop,30,0.011291587725281715,0.012659569063886909,0.0034390250220894814,0.07512804586440325,0.017220259178429842,70.36402449787904,861421.787288021,861422.792356244
world,Blink_Detection,Blink_Detection,loop,30,0.009210873395204544,0.004350918595210373,0.0032010721042752266,0.015888013876974583,0.015789835015311837,70.28482529955606,861422.792356244,861423.79444544
world,Blink_Detection,Blink_Detection,loop,30,0.01023249157393972,0.0045012274790376654,0.0034349504858255386,0.016990932635962963,0.016723258886486292,70.42278985803325,861423.79444544,861424.807197318
world,Blink_Detection,Blink_Detection,loop,30,0.009247365718086561,0.00395023307352628,0.0032410025596618652,0.01683004666119814,0.016375433187931773,70.47719499096274,861424.807197318,861425.809148893
world,Blink_Detection,Blink_Detection,loop,30,0.008842469348261753,0.004412583876374394,0.0029490329325199127,0.0172880245372653,0.01677707186900079,70.3381991867597,861425.809148893,861426.811521212
world,Blink_Detection,Blink_Detection,loop,30,0.011055361634741226,0.004500309900842925,0.0035620760172605515,0.019971979781985283,0.017552386270835992,70.71542973086859,861426.811521212,861427.82421224
world,Blink_Detection,Blink_Detection,loop,30,0.009091167400280634,0.00447979693843968,0.0032529933378100395,0.017045065760612488,0.016424938803538677,70.6821787985973,861427.82421224,861428.825602813
world,Blink_Detection,Blink_Detection,loop,30,0.00932333447660009,0.005769769481375865,0.0029080547392368317,0.02902303822338581,0.01709231873974204,70.4750440005834,861428.825602813,861429.827925296
world,Blink_Detection,Blink_Detection,loop,30,0.010545924305915833,0.003697512006187561,0.004056026227772236,0.016954028978943825,0.015069462824612854,70.85796463846539,861429.827925296,861430.83895028
world,Blink_Detection,Blink_Detection,loop,30,0.012151163537055254,0.005720784026547525,0.003179069608449936,0.02750393468886614,0.020825950196012848,70.95055886699508,861430.83895028,861431.839341777
world,Blink_Detection,Blink_Detection,loop,30,0.008951992883036533,0.004253328739262687,0.0030209776014089584,0.017373007722198963,0.016742740990594026,70.6906071708848,861431.839341777,861432.845441073
world,Blink_Detection,Blink_Detection,loop,30,0.008939629575858513,0.004419396073235802,0.00308395829051733,0.018222955986857414,0.016129011055454612,70.8531277293029,861432.845441073,861433.852367088
world,Blink_Detection,Blink_Detection,loop,30,0.008583798383673033,0.005205485323541853,0.0033320393413305283,0.030098948627710342,0.015015399549156424,70.74692813524355,861433.852367088,861434.856603151
world,Blink_Detection,Blink_Detection,loop,30,0.007604264343778293,0.004528716547138914,0.002905959263443947,0.020305044017732143,0.016483874060213562,70.66657700731109,861434.856603151,861435.861117325
world,Blink_Detection,Blink_Detection,loop,30,0.008879066444933414,0.004436988983433867,0.003096996806561947,0.017595943063497543,0.01698772539384663,71.02543286358316,861435.861117325,861436.867790331
world,Blink_Detection,Blink_Detection,loop,30,0.012963563979913792,0.005613255776675966,0.003490014933049679,0.030970899388194084,0.022207736037671538,70.97755984092753,861436.867790331,861437.872573943
world,Blink_Detection,Blink_Detection,loop,30,0.01071535904581348,0.004047057010535861,0.0035279663279652596,0.017934013158082962,0.016282266005873677,70.99482191260904,861437.872573943,861438.876554569
world,Blink_Detection,Blink_Detection,loop,30,0.009292069201668104,0.0043145866149691256,0.0033669639378786087,0.017179991118609905,0.016158056678250432,71.186664296935,861438.876554569,861439.884577997
world,Blink_Detection,Blink_Detection,loop,30,0.009479548316448927,0.005818064459427852,0.0032419338822364807,0.03191607538610697,0.017432210734114047,71.00507215751956,861439.884577997,861440.889726163
world,Blink_Detection,Blink_Detection,loop,30,0.008279197694112858,0.0035774509249949208,0.0031869858503341675,0.017088023014366627,0.015008723130449651,71.09778648009524,861440.889726163,861441.892067603
world,Blink_Detection,Blink_Detection,loop,30,0.00880437825495998,0.004352964380227946,0.0030209776014089584,0.016250996850430965,0.016076845349743962,71.13260043940197,861441.892067603,861442.90124244
world,Blink_Detection,Blink_Detection,loop,30,0.008635335446645817,0.004192221105920838,0.0027350615710020065,0.017179991118609905,0.01599348033778369,70.9431344953676,861442.90124244,861443.903231297
world,Blink_Detection,Blink_Detection,loop,30,0.009863319185872873,0.004564999648175228,0.004248926416039467,0.020273029804229736,0.018024985911324617,71.25270097749308,861443.903231297,861444.908182758
world,Blink_Detection,Blink_Detection,loop,30,0.008593460855384668,0.0047427363052544805,0.0032190000638365746,0.017301994375884533,0.016429502284154296,71.20250846104075,861444.908182758,861445.917184826
world,Blink_Detection,Blink_Detection,loop,30,0.008713558781892061,0.00423501041741492,0.002766028046607971,0.017527025192975998,0.016098294872790575,71.32934624096379,861445.917184826,861446.925630788
world,Recorder,Recorder,boot,1,0.006736954674124718,0.0,0.006736954674124718,0.006736954674124718,0.006736954674124718,0.006736954674124718,861397.657665035,861397.657671772
world,Recorder,Recorder,loop,30,0.00453039538115263,0.004387380224094379,0.0012969831004738808,0.023718923330307007,0.011012417962774622,69.08301672277351,861397.657671772,861398.661577135
world,Recorder,Recorder,loop,30,0.003287526002774636,0.004190836082337386,0.0016759149730205536,0.025392044335603714,0.0050610397011041554,68.96541886186849,861398.661577135,861399.66561325
world,Recorder,Recorder,loop,30,0.0047620114249487715,0.011504978825776476,0.0016300473362207413,0.06651494186371565,0.005390949081629512,71.20919539981212,861399.66561325,861400.676079624
world,Recorder,Recorder,loop,27,0.0043858178994721836,0.0060127847497822426,0.001693028025329113,0.03446603659540415,0.005440658424049616,70.48634413836731,861400.676079624,861401.678589354
world,Recorder,Recorder,loop,30,0.003466580528765917,0.005416786753407708,0.0016280682757496834,0.03256206400692463,0.0030652619898319244,69.12716776908685,861401.678589354,861402.682477755
world,Recorder,Recorder,loop,30,0.0034075967657069364,0.00545905575745576,0.0017009442672133446,0.032730051316320896,0.003264244878664612,69.19685593262936,861402.682477755,861403.690552372
world,Recorder,Recorder,loop,30,0.003291643224656582,0.005250974066933221,0.0017259735614061356,0.031503033824265,0.003147678216919302,69.22728452288236,861403.690552372,861404.694549586
world,Recorder,Recorder,loop,30,0.0030277607341607413,0.004446377947866146,0.0016370322555303574,0.026870984584093094,0.0031286792363971463,69.11838184654091,861404.694549586,861405.697893017
world,Recorder,Recorder,loop,30,0.0032709678635001183,0.004893775484724518,0.0014170072972774506,0.02951000351458788,0.0031899020541459313,69.35614343577375,861405.697893017,861406.706784219
world,Recorder,Recorder,loop,30,0.003220261229823033,0.005216830868388918,0.0014639226719737053,0.031215953640639782,0.0029466638807207346,69.40201379281159,861406.706784219,861407.710685088
world,Recorder,Recorder,loop,30,0.0032671067553261914,0.005280396854297654,0.0014869729056954384,0.031606992706656456,0.003102794289588928,69.19663313698645,861407.710685088,861408.714799397
world,Recorder,Recorder,loop,30,0.002946347619096438,0.0036929778512878515,0.0015170080587267876,0.022727996110916138,0.0030608964152634144,69.52927686506882,861408.714799397,861409.722521477
world,Recorder,Recorder,loop,30,0.0032805721275508404,0.005174968401242434,0.0016280682757496834,0.03106903750449419,0.0031010247766971584,69.47145059627171,861409.722521477,861410.726765431
world,Recorder,Recorder,loop,30,0.003835768438875675,0.007026808491722447,0.0013889512047171593,0.041462015360593796,0.004500854993239042,69.4690670274819,861410.726765431,861411.73117385
world,Recorder,Recorder,loop,30,0.004168467906614144,0.005139458368176509,0.001101987436413765,0.030345981940627098,0.006145611405372617,69.93736155563965,861411.73117385,861412.739102134
world,Recorder,Recorder,loop,30,0.004771910607814789,0.006909968830114003,0.001409091055393219,0.04105689004063606,0.006303214468061922,69.91801063607757,861412.739102134,861413.743362804
world,Recorder,Recorder,loop,30,0.006262123739967744,0.013003056264623586,0.0011459924280643463,0.07573503535240889,0.006604462396353483,70.22670892765746,861413.743362804,861414.754206809
world,Recorder,Recorder,loop,30,0.003666322057445844,0.0036486615542303587,0.0010300427675247192,0.02142402809113264,0.006526173092424868,70.1545167597942,861414.754206809,861415.75694869
world,Recorder,Recorder,loop,30,0.004131587532659371,0.004558629737415759,0.0014230608940124512,0.02730300184339285,0.006043922621756791,70.00921625488748,861415.75694869,861416.758507994
world,Recorder,Recorder,loop,30,0.004900270141661167,0.007892581849752974,0.0014870893210172653,0.04582200199365616,0.00966140651144086,70.1058766261364,861416.758507994,861417.763619142
world,Recorder,Recorder,loop,30,0.004707036229471366,0.008344183696137387,0.0010570511221885681,0.048773945309221745,0.006470666266977787,70.25390105554834,861417.763619142,861418.773603593
world,Recorder,Recorder,loop,30,0.004472498161097367,0.005241802991405481,0.0012280652299523354,0.030996976420283318,0.007691187784075727,70.15479806965838,861418.773603593,861419.77512274
world,Recorder,Recorder,loop,30,0.004001295504470666,0.005419328922019397,0.0012599630281329155,0.03226194530725479,0.005505065200850366,70.27949964394793,861419.77512274,861420.780048003
world,Recorder,Recorder,loop,30,0.004499479352186124,0.004846248409422104,0.001261010766029358,0.029001967050135136,0.006253586616367102,70.23363473126665,861420.780048003,861421.787465786
world,Recorder,Recorder,loop,30,0.005026670017590125,0.00954859028713715,0.0012330710887908936,0.05570403300225735,0.006121734622865914,70.38155766592051,861421.787465786,861422.792612486
world,Recorder,Recorder,loop,30,0.007340921244273583,0.018562136407232453,0.0013400567695498466,0.10650209151208401,0.010511663276702148,70.30076440423727,861422.792612486,861423.794616505
world,Recorder,Recorder,loop,30,0.006315791203329961,0.01513099932249367,0.0010110670700669289,0.08743500802665949,0.005754304584115743,70.45261806730802,861423.794616505,861424.807794729
world,Recorder,Recorder,loop,30,0.004953409855564435,0.007971919010179816,0.0013110693544149399,0.047184061259031296,0.0063064100686460725,70.49797840105991,861424.807794729,861425.809480848
world,Recorder,Recorder,loop,30,0.004761635015408198,0.005649274023568073,0.0011069932952523232,0.031483941711485386,0.011768226977437707,70.35261956819643,861425.809480848,861426.811668898
world,Recorder,Recorder,loop,30,0.006355942847828071,0.014288652865586567,0.0012690434232354164,0.08291099220514297,0.006413087248802183,70.74879369077583,861426.811668898,861427.82488367
world,Recorder,Recorder,loop,30,0.005950864093999068,0.014762566998391752,0.0010710209608078003,0.08500204421579838,0.006092421244829892,70.70693293741594,861427.82488367,861428.826044503
world,Recorder,Recorder,loop,30,0.00484749519576629,0.007312751551163048,0.0011669471859931946,0.042367959395051,0.00948701635934411,70.49131149348493,861428.826044503,861429.828127231
world,Recorder,Recorder,loop,30,0.006195390596985817,0.011087638313521844,0.0017969869077205658,0.06556406151503325,0.005930499173700809,70.8929782655711,861429.828127231,861430.839662043
world,Recorder,Recorder,loop,31,0.005658190216748945,0.006957339235670446,0.00108394306153059,0.04247401375323534,0.007134047336876392,70.91291542089874,861430.839662043,861431.870628285
world,Recorder,Recorder,loop,30,0.004209337445596854,0.004829211174077396,0.0012720702216029167,0.028937007300555706,0.006141437916085124,70.79296633601189,861431.870628285,861432.878460979
world,Recorder,Recorder,loop,30,0.003988256988426049,0.0035229869951340295,0.001117936335504055,0.02089201007038355,0.0059314188547432405,70.81899030211692,861432.878460979,861433.882364194
world,Recorder,Recorder,loop,30,0.006169298042853673,0.0148825753574036,0.0011940719559788704,0.08581101428717375,0.007034011650830505,70.75003153101231,861433.882364194,861434.887311328
world,Recorder,Recorder,loop,30,0.004064369325836499,0.007571997207777406,0.0010849907994270325,0.0441940501332283,0.00593120930716395,70.75540818817292,861434.887311328,861435.894834405
world,Recorder,Recorder,loop,30,0.005647524570425351,0.01168864882836124,0.0012210803106427193,0.06780505646020174,0.007739284774288529,71.00475336192176,861435.894834405,861436.899028777
world,Recorder,Recorder,loop,30,0.007130151304105918,0.013978647113746351,0.0010639196261763573,0.08209398947656155,0.0066056381911039335,70.96632544028883,861436.899028777,861437.903391539
world,Recorder,Recorder,loop,30,0.006288484049340089,0.01268733869909464,0.001467997208237648,0.07423094939440489,0.006242410745471714,71.09117894045387,861437.903391539,861438.911046288
world,Recorder,Recorder,loop,30,0.00420999713242054,0.004862872648472511,0.0012320233508944511,0.029072980396449566,0.0060838297940790645,71.14742208893101,861438.911046288,861439.914677166
world,Recorder,Recorder,loop,30,0.005698755073050658,0.011704116783485154,0.0012719538062810898,0.06810692138969898,0.007083715172484512,71.02686712751165,861439.914677166,861440.919504504
world,Recorder,Recorder,loop,30,0.00374640803784132,0.0036463511061785845,0.001044943928718567,0.02223602496087551,0.005530903581529855,71.17678753177945,861440.919504504,861441.926703428
world,Recorder,Recorder,loop,30,0.004623240480820338,0.006755042070900139,0.001108972355723381,0.03980204928666353,0.006985943764448161,71.11155729508027,861441.926703428,861442.9309474
world,Recorder,Recorder,loop,30,0.0056417348484198255,0.013939051331224282,0.0010159565135836601,0.08032005280256271,0.005698564928025006,70.93468457460403,861442.9309474,861443.935639393
world,Recorder,Recorder,loop,30,0.006649161999424298,0.015366230002284882,0.0015599653124809265,0.08810102008283138,0.011898903176188441,71.35236717682953,861443.935639393,861444.943372644
world,Recorder,Recorder,loop,30,0.006474818413456281,0.012808845049753891,0.001261010766029358,0.06451492663472891,0.025193649344146155,71.17106803149606,861444.943372644,861445.947085778
world,Recorder,Recorder,loop,30,0.004134168072293202,0.005214635563745647,0.0010890653356909752,0.030916999094188213,0.006351893534883855,71.31593653854604,861445.947085778,861446.951062186
eye0,nnUNetDetector2DPlugin,2dcpp,boot,1,2.1360510727390647,0.0,2.1360510727390647,2.1360510727390647,2.1360510727390647,25.435823015868664,861401.084999303,861401.087135354
eye0,nnUNetDetector2DPlugin,pmrnet,loop,56,10.40157868659922,26.925068022589002,3.6339890211820602,209.1471670428291,11.40664896229282,21.097471731731535,861401.087135354,861402.0896821
eye0,nnUNetDetector2DPlugin,pmrnet,loop,121,6.519321181949937,2.6344890413883446,3.6994050024077296,11.993058025836945,10.911692981608212,16.95420413012501,861402.0896821,861403.093303255
eye0,nnUNetDetector2DPlugin,pmrnet,loop,117,6.705454357652965,2.8222490838525838,3.6988410865888,12.999928090721369,11.089283786714077,17.307052647487986,861403.093303255,861404.097138301
eye0,nnUNetDetector2DPlugin,pmrnet,loop,120,6.888809466424088,2.7755577881858633,3.7367530167102814,11.829954921267927,11.085873859701678,17.772019904805347,861404.097138301,861405.10770588
eye0,nnUNetDetector2DPlugin,pmrnet,loop,117,6.865070534782468,2.8488408675369135,3.6589609226211905,12.110503972508013,11.045743734575808,17.704064880187314,861405.10770588,861406.108512587
eye0,nnUNetDetector2DPlugin,pmrnet,loop,119,6.741914125315907,2.74607513285975,3.6910619819536805,12.653479003347456,10.730317165143788,17.201807557315636,861406.108512587,861407.117333498
eye0,nnUNetDetector2DPlugin,pmrnet,loop,118,6.8505412437242725,2.7984745168722416,3.7176120094954967,12.389274081215262,11.013896478107197,17.308783347489534,861407.117333498,861408.123518926
eye0,nnUNetDetector2DPlugin,pmrnet,loop,119,6.917419386518915,2.638461655334325,3.687318996526301,11.608074069954455,10.776186978910118,17.554958585743645,861408.123518926,861409.132868732
eye0,nnUNetDetector2DPlugin,pmrnet,loop,116,6.957386577188776,2.7276514457896592,3.697439096868038,11.823622975498438,10.881502239499241,17.56464188079478,861409.132868732,861410.137311307
eye0,nnUNetDetector2DPlugin,pmrnet,loop,118,6.623107738698185,2.7559945374625294,3.6840239772573113,11.910209082998335,10.69422573200427,17.335512012369552,861410.137311307,861411.137451898
eye0,nnUNetDetector2DPlugin,2dcpp,loop,114,3.044279082882496,2.648891022270433,0.7675759261474013,12.436826014891267,10.327551385853438,12.540114957741217,861411.137451898,861412.143184652
eye0,nnUNetDetector2DPlugin,2dcpp,loop,124,2.0862252868321396,1.1999798946529805,0.7449348922818899,7.347809034399688,4.4511541607789695,11.410172205350753,861412.143184652,861413.146126915
eye0,nnUNetDetector2DPlugin,2dcpp,loop,125,1.8909117551520467,1.0684166667715995,0.7409750251099467,5.165726994164288,4.058421636000276,11.175956443883479,861413.146126915,861414.151370153
eye0,nnUNetDetector2DPlugin,2dcpp,loop,124,1.99391781878207,1.2306794114594917,0.7582780672237277,6.658057915046811,4.4460028933826825,11.272296807991582,861414.151370153,861415.15223449
eye0,nnUNetDetector2DPlugin,2dcpp,loop,124,2.0687877211809877,1.10717849763521,0.7977619534358382,5.4287780076265335,4.539518558885902,11.688770365811163,861415.15223449,861416.158244354
eye0,nnUNetDetector2DPlugin,2dcpp,loop,125,1.8023594804108143,0.9859658343093473,0.7551719900220633,5.363007890991867,3.804941801354289,11.326645651832223,861416.158244354,861417.162748612
eye0,nnUNetDetector2DPlugin,2dcpp,loop,124,1.797250982734465,1.0317475018927513,0.7492109434679151,4.789670929312706,3.714785736519843,11.37864522189052,861417.162748612,861418.162816453
eye0,nnUNetDetector2DPlugin,2dcpp,loop,124,2.0806071772840955,1.2950589926311213,0.737407011911273,9.264094987884164,4.48389397934079,11.75413908804917,861418.162816453,861419.165638865
eye0,nnUNetDetector2DPlugin,2dcpp,loop,125,1.5730560291558504,0.8246603783342994,0.7438790053129196,4.730248008854687,3.079461446031928,11.088769015856087,861419.165638865,861420.172550945
eye0,nnUNetDetector2DPlugin,2dcpp,loop,125,1.657363722100854,0.8467318570633224,0.7439180044457316,4.069068003445864,3.5702093737199894,11.202726589515805,861420.172550945,861421.179814523
eye0,nnUNetDetector2DPlugin,2dcpp,loop,124,1.8950960938743646,1.0968517543559824,0.747155980207026,6.92010996863246,4.174946050625294,11.554073677548478,861421.179814523,861422.186463472
eye0,nnUNetDetector2DPlugin,2dcpp,loop,125,2.078644481487572,1.222910904685949,0.7710490608587861,6.550598074682057,4.581760615110397,12.030545518733561,861422.186463472,861423.19111857
eye0,nnUNetDetector2DPlugin,2dcpp,loop,124,1.8430709146008255,1.1807102428594398,0.7335520349442959,7.659108960069716,4.310965770855545,11.707038417713896,861423.19111857,861424.191627692
eye0,nnUNetDetector2DPlugin,2dcpp,loop,125,1.8057002546265721,1.0567290773582432,0.7238120306283236,6.049497984349728,4.458952532149851,11.678284761495888,861424.191627692,861425.198818768
eye0,nnUNetDetector2DPlugin,2dcpp,loop,124,1.9188966656539348,1.1571097524352743,0.7375719724223018,7.156296051107347,4.112710175104438,11.91166547059472,861425.198818768,861426.198905828
eye0,nnUNetDetector2DPlugin,2dcpp,loop,123,1.676804891492172,0.9905497072839288,0.7278110133484006,6.016114028170705,3.79473497159779,11.679802527196887,861426.198905828,861427.19965542
eye0,nnUNetDetector2DPlugin,2dcpp,loop,123,1.9853451503137869,1.1747130680513094,0.741327996365726,8.166739018633962,4.494979651644825,11.96916302385914,861427.19965542,861428.20065824
eye0,nnUNetDetector2DPlugin,2dcpp,loop,123,2.0460610701967545,1.108299333944878,0.7631930056959391,5.304389982484281,4.521320632193237,12.166743005845484,861428.20065824,861429.206140945
eye0,nnUNetDetector2DPlugin,2dcpp,loop,80,1.8441394713590853,1.0527994639350602,0.7345429621636868,5.771463038399816,3.8211896724533276,12.296134908683598,861429.206140945,861430.223935075
eye0,nnUNetDetector2DPlugin,2dcpp,loop,16,3.3178737430716865,0.9986112311804325,1.6088150441646576,4.763979930430651,4.724772967165336,71.70199538813904,861430.223935075,861431.239324908
eye0,nnUNetDetector2DPlugin,2dcpp,loop,101,1.7816907308977281,1.1117753833703001,0.6878769490867853,4.69732191413641,4.118470009416342,14.379838126536349,861431.239324908,861432.243219632
eye0,nnUNetDetector2DPlugin,2dcpp,loop,124,1.6350386318780723,0.8840212500842205,0.7042669458314776,4.89812099840492,3.811171854613348,12.01676602959783,861432.243219632,861433.245263069
eye0,nnUNetDetector2DPlugin,2dcpp,loop,124,1.4316421527896197,1.0438517952071071,0.6706670392304659,9.92813496850431,2.856606262503191,11.819006147561595,861433.245263069,861434.245699734
eye0,nnUNetDetector2DPlugin,2dcpp,loop,125,1.5697872219607234,0.8649260266469573,0.6786430021747947,4.354608012363315,3.487586602568626,11.960718482732773,861434.245699734,861435.253441372
eye0,nnUNetDetector2DPlugin,2dcpp,loop,124,1.6465319964599106,0.814864370039589,0.7006330415606499,4.137604031711817,3.537697106366976,12.312565663559061,861435.253441372,861436.256265924
eye0,nnUNetDetector2DPlugin,2dcpp,loop,124,1.820566287572165,0.905241234358664,0.7168919546529651,6.427695043385029,3.383871162077412,12.53190380051702,861436.256265924,861437.25672852
eye0,nnUNetDetector2DPlugin,2dcpp,loop,124,2.385101714847429,0.8554115993862292,0.7164509734138846,4.432952031493187,3.9327237638644874,13.29902209521782,861437.25672852,861438.258104171
eye0,nnUNetDetector2DPlugin,2dcpp,loop,124,1.7278931552409045,0.9151697738187834,0.6575440056622028,4.317131009884179,3.654359036590904,12.46021839887685,861438.258104171,861439.258553122
eye0,nnUNetDetector2DPlugin,2dcpp,loop,125,1.6149193793535233,0.9690366696301226,0.6873109377920628,5.996010033413768,3.7401157664135094,12.375603164546192,861439.258553122,861440.264756934
eye0,nnUNetDetector2DPlugin,2dcpp,loop,115,1.7661202881161286,1.0714855266566163,0.6712150061503053,4.762609023600817,4.0953411953523755,13.30880560790715,861440.264756934,861441.269724997
eye0,nnUNetDetector2DPlugin,2dcpp,loop,125,1.6734131528064609,0.9874502789850848,0.6573599530383945,6.502974079921842,3.443936398252845,12.42180856782943,861441.269724997,861442.271800914
eye0,nnUNetDetector2DPlugin,2dcpp,loop,124,1.7147727325678832,0.9623390809156708,0.6820100825279951,5.4557990515604615,3.5737986268941304,12.861738589802577,861442.271800914,861443.277193898
eye0,nnUNetDetector2DPlugin,2dcpp,loop,125,1.5957206767052412,0.9283646644288678,0.6637829355895519,4.794755019247532,3.346231742762029,12.594273462891579,861443.277193898,861444.283503798
eye0,nnUNetDetector2DPlugin,2dcpp,loop,124,1.6507519655034788,0.9796135676218054,0.6762619595974684,4.4518159702420235,3.757730923825875,12.688393373185047,861444.283503798,861445.285050186
eye0,nnUNetDetector2DPlugin,2dcpp,loop,124,1.84586099086089,1.1174649775614065,0.6729610031470656,5.173603072762489,4.131400864571333,13.005677583409593,861445.285050186,861446.293175269
eye0,nnUNetDetector2DPlugin,2dcpp,loop,125,1.607675964012742,0.8609546501391501,0.6733210757374763,4.177196999080479,3.3310157945379615,12.649506021291018,861446.293175269,861447.301754427
eye0,nnUNetDetector2DPlugin,2dcpp,loop,125,1.5989971607923508,0.8438116858822085,0.6729499436914921,4.330060910433531,3.393946611322462,12.553815103136003,861447.301754427,861448.309024897
eye0,nnUNetDetector2DPlugin,2dcpp,loop,124,1.92371035847182,1.0251310399348696,0.6999579491093755,5.976432003080845,4.042421106714755,13.07425155368213,861448.309024897,861449.316124625
eye0,nnUNetDetector2DPlugin,2dcpp,loop,125,1.9311008136719465,1.0283510597657093,0.6928209913894534,5.05049095954746,4.102268745191395,13.382638515904546,861449.316124625,861450.321336043
eye0,Roi,Roi,boot,1,0.03052095416933298,0.0,0.03052095416933298,0.03052095416933298,0.03052095416933298,23.291199002414942,861401.084961653,861401.084992174
eye0,Roi,Roi,loop,57,0.003060197310620233,0.0006869023045106542,0.0019760336726903915,0.004869070835411549,0.004205829463899134,10.707229500424052,861401.084992174,861402.089933057
eye0,Roi,Roi,loop,121,0.003217514565845659,0.0013595425574000899,0.0020349398255348206,0.016641919501125813,0.004047062247991562,10.417845681278912,861402.089933057,861403.097026219
eye0,Roi,Roi,loop,117,0.0030565947198714963,0.0005650177625714142,0.002058921381831169,0.00432401429861784,0.003997213207185268,10.596135924729463,861403.097026219,861404.097530073
eye0,Roi,Roi,loop,120,0.0029541843105107546,0.000676877413058785,0.002041109837591648,0.007416936568915844,0.003739626845344901,10.900823709865412,861404.097530073,861405.108894949
eye0,Roi,Roi,loop,118,0.0030490820359249235,0.0010425095002195486,0.002040993422269821,0.012830016203224659,0.00373906223103404,10.806129634640795,861405.108894949,861406.11316506
eye0,Roi,Roi,loop,118,0.0031870766148223715,0.0015698720393424457,0.0020259758457541466,0.018061022274196148,0.003933918196707964,10.47601129650533,861406.11316506,861407.117695746
eye0,Roi,Roi,loop,118,0.0028923554424891028,0.0005232248042555953,0.0020139850676059723,0.004125060513615608,0.0037698715459555387,10.434407690516279,861407.117695746,861408.124098926
eye0,Roi,Roi,loop,119,0.002982058687558194,0.0006970689437338577,0.002034008502960205,0.007605995051562786,0.003735965583473444,10.642395829273184,861408.124098926,861409.133818215
eye0,Roi,Roi,loop,116,0.0029249510181875065,0.000533564258072381,0.0020350562408566475,0.004381057806313038,0.003742461558431387,10.592038405994916,861409.133818215,861410.141297169
eye0,Roi,Roi,loop,118,0.0029889229385150692,0.0007735911543971225,0.0019830185920000076,0.007804017513990402,0.0037576013710349794,10.703841925764424,861410.141297169,861411.141360664
eye0,Roi,Roi,loop,113,0.006012757621969269,0.004170802840982704,0.0020080478861927986,0.01684704329818487,0.014966772869229317,9.48408836358746,861411.141360664,861412.141592934
eye0,Roi,Roi,loop,124,0.007772338463954868,0.004449115464974991,0.0021649757400155067,0.01573504414409399,0.01468303962610662,9.309474964656177,861412.141592934,861413.141775145
eye0,Roi,Roi,loop,125,0.007156499661505222,0.004290459537062286,0.002095010131597519,0.015644938684999943,0.014168978668749332,9.27440784778446,861413.141775145,861414.149561724
eye0,Roi,Roi,loop,124,0.007093361120731119,0.004457343380003588,0.002235989086329937,0.01643504947423935,0.014660059241577981,9.263932274939913,861414.149561724,861415.149773429
eye0,Roi,Roi,loop,124,0.007558039449636013,0.004168390814778134,0.002642977051436901,0.01638103276491165,0.014340050984174013,9.606720114524867,861415.149773429,861416.15429474
eye0,Roi,Roi,loop,125,0.006768492981791496,0.00409405028568871,0.002168002538383007,0.017140991985797882,0.01402923371642828,9.515000084415078,861416.15429474,861417.161645445
eye0,Roi,Roi,loop,124,0.0072241781444679345,0.004808320653901082,0.0023390166461467743,0.026062014512717724,0.014991522766649721,9.57175075253021,861417.161645445,861418.161709336
eye0,Roi,Roi,loop,124,0.008078264786050685,0.005107008326862179,0.0024740584194660187,0.02889696042984724,0.015304982662200926,9.659864960403572,861418.161709336,861419.161970098
eye0,Roi,Roi,loop,125,0.0064465682953596115,0.005076594220143368,0.002040993422269821,0.04126993007957935,0.01438900362700224,9.50394856929779,861419.161970098,861420.169835823
eye0,Roi,Roi,loop,124,0.006978808444053415,0.0060920498922844655,0.0018440186977386475,0.04427204839885235,0.016997306374832977,9.542010155611582,861420.169835823,861421.169855792
eye0,Roi,Roi,loop,125,0.00784431304782629,0.004878494412863609,0.0025690533220767975,0.0290990574285388,0.014906330034136772,9.636915192008018,861421.169855792,861422.181902121
eye0,Roi,Roi,loop,124,0.007833295967429876,0.004865155292496884,0.0022440217435359955,0.0196720939129591,0.016178743680939075,9.92637189037557,861422.181902121,861423.181930736
eye0,Roi,Roi,loop,125,0.007476803846657276,0.005650706825585,0.0021279556676745415,0.047323061153292656,0.014662789180874825,9.863254292868078,861423.181930736,861424.189938372
eye0,Roi,Roi,loop,124,0.007321631851335687,0.004489143329920317,0.002096989192068577,0.02842000685632229,0.014076440129429102,9.862801743551127,861424.189938372,861425.189980201
eye0,Roi,Roi,loop,124,0.007606018522393799,0.00544460596777276,0.0022350577637553215,0.046721077524125576,0.01454841694794595,9.98613570681623,861425.189980201,861426.190032944
eye0,Roi,Roi,loop,123,0.006823223159928632,0.004380377864767572,0.002032029442489147,0.02192799001932144,0.014237908180803059,9.996380793248735,861426.190032944,861427.190290595
eye0,Roi,Roi,loop,123,0.007866511719558782,0.004262908414887803,0.002552056685090065,0.01572398468852043,0.014793511945754283,9.972429901505329,861427.190290595,861428.190342433
eye0,Roi,Roi,loop,123,0.007249183036629262,0.003902381641895263,0.002401997335255146,0.01580803655087948,0.013990490697324276,10.07074490757432,861428.190342433,861429.194439392
eye0,Roi,Roi,loop,81,0.007023211327139978,0.004140772419210695,0.002329004928469658,0.015596975572407246,0.014238059520721436,10.464484983031856,861429.194439392,861430.220165353
eye0,Roi,Roi,loop,16,0.012895994586870074,0.004714383362781555,0.0046120258048176765,0.02208107616752386,0.02045201836153865,68.34149757924024,861430.220165353,861431.235674055
eye0,Roi,Roi,loop,101,0.007915415450709291,0.006059416790194684,0.002250075340270996,0.029879040084779263,0.019246013835072517,12.588172271561874,861431.235674055,861432.242342664
eye0,Roi,Roi,loop,124,0.007075266987686196,0.004658249867176344,0.0023799948394298553,0.02578494604676962,0.014181120786815882,10.366519652081713,861432.242342664,861433.242693317
eye0,Roi,Roi,loop,124,0.00558475092534096,0.004341775901459594,0.002268003299832344,0.032935990020632744,0.01364309573546052,10.3776567360206,861433.242693317,861434.243081392
eye0,Roi,Roi,loop,125,0.0073125651106238365,0.011952080313399453,0.002230983227491379,0.13305898755788803,0.014056405052542686,10.37959086149931,861434.243081392,861435.250742461
eye0,Roi,Roi,loop,124,0.006831447300951808,0.003924741941015136,0.0023869797587394714,0.016466015949845314,0.013521395158022642,10.654827572345253,861435.250742461,861436.254811697
eye0,Roi,Roi,loop,125,0.007109830155968666,0.003807091521584989,0.002487911842763424,0.017407000996172428,0.014491192996501921,10.710149304009974,861436.254811697,861437.262985673
eye0,Roi,Roi,loop,125,0.008868595585227013,0.0035737258181481194,0.0031350646167993546,0.022413907572627068,0.014501390978693962,10.896299625746906,861437.262985673,861438.271361532
eye0,Roi,Roi,loop,125,0.007145844399929047,0.004225246281015152,0.002266024239361286,0.019437051378190517,0.01445799134671688,10.724245955236256,861438.271361532,861439.278678283
eye0,Roi,Roi,loop,124,0.006431089376189535,0.003939535834756276,0.0020299339666962624,0.01919199712574482,0.014166545588523148,10.721566961071785,861439.278678283,861440.278855811
eye0,Roi,Roi,loop,115,0.007135622486796068,0.004395513904687901,0.0021560117602348328,0.022533931769430637,0.014113984070718287,11.529063416199516,861440.278855811,861441.279243776
eye0,Roi,Roi,loop,124,0.006380229963049773,0.00404067884693843,0.0020279549062252045,0.020815059542655945,0.014332111459225416,10.776540925425868,861441.279243776,861442.284125066
eye0,Roi,Roi,loop,125,0.0069320956245064735,0.004269551728272426,0.0024329638108611107,0.019178958609700203,0.014628167264163492,11.12822353001684,861442.284125066,861443.290787883
eye0,Roi,Roi,loop,125,0.006224486045539379,0.00404220986908126,0.0022730091586709023,0.017844955436885357,0.01408581156283617,10.979333072900772,861443.290787883,861444.298764192
eye0,Roi,Roi,loop,124,0.007020181886130764,0.004399142310629096,0.0022479798644781113,0.01802598126232624,0.014351162826642394,11.028783286981765,861444.298764192,861445.299720819
eye0,Roi,Roi,loop,124,0.007323538621647223,0.004386050818187171,0.002318061888217926,0.017549959011375904,0.01438183826394379,11.188122341521986,861445.299720819,861446.302316914
eye0,Roi,Roi,loop,124,0.006561724266277686,0.003967108733056014,0.0023070024326443672,0.017245998606085777,0.013863696949556466,10.972243755297255,861446.302316914,861447.307211837
eye0,Roi,Roi,loop,125,0.007590646855533123,0.005943554320110551,0.0020579900592565536,0.048786052502691746,0.016336655244231224,10.938825940713286,861447.307211837,861448.315401877
eye0,Roi,Roi,loop,124,0.0074234163959420495,0.0041287238013799285,0.002415967173874378,0.017301994375884533,0.014636310515925285,11.1673922351216,861448.315401877,861449.319656453
eye0,Roi,Roi,loop,125,0.007662326097488403,0.0041806411976889135,0.0023009488359093666,0.0181680079549551,0.014125183224678038,11.427490330301225,861449.319656453,861450.327180393
eye1,Roi,Roi,boot,1,0.033693970181047916,0.0,0.033693970181047916,0.033693970181047916,0.033693970181047916,10.262575931847095,861401.113030291,861401.113063985
eye1,Roi,Roi,loop,56,0.003099152568860778,0.0008379287212449322,0.0020710285753011703,0.006711925379931927,0.004294735845178366,11.304048233016927,861401.113063985,861402.114946789
eye1,Roi,Roi,loop,117,0.0030376836975924987,0.0008615103202883883,0.002035987563431263,0.009809969924390316,0.004002847708761691,12.267082720660628,861402.114946789,861403.116509923
eye1,Roi,Roi,loop,123,0.0029562724511918983,0.0006297911668413013,0.0020760344341397285,0.005082925781607628,0.003959925379604101,10.770265246756617,861403.116509923,861404.121055962
eye1,Roi,Roi,loop,112,0.003189033512691302,0.000665406530780253,0.0020550796762108803,0.006804941222071648,0.0040229992009699345,11.867724227028832,861404.121055962,861405.123649458
eye1,Roi,Roi,loop,118,0.0029592429508723444,0.0006104267061121986,0.0019469298422336578,0.004434958100318909,0.004054571036249398,10.693987769319408,861405.123649458,861406.131881748
eye1,Roi,Roi,loop,116,0.002972118291554266,0.0005448254262197086,0.0020830193534493446,0.004300964064896107,0.003867724444717169,11.922216432265424,861406.131881748,861407.133376716
eye1,Roi,Roi,loop,119,0.002962595806652758,0.0009590579656940972,0.0020210864022374153,0.01172896008938551,0.0036706915125250816,11.633846294447904,861407.133376716,861408.136445484
eye1,Roi,Roi,loop,118,0.0029630353279664354,0.00053323140218549,0.0020649749785661697,0.004136934876441956,0.0038291793316602703,11.228302451268911,861408.136445484,861409.137521865
eye1,Roi,Roi,loop,118,0.0029529940131736002,0.0008028257108098759,0.0019919825717806816,0.00820402055978775,0.003846909385174512,11.300973520195901,861409.137521865,861410.141289623
eye1,Roi,Roi,loop,111,0.00308778006919064,0.0005258710757755024,0.002008979208767414,0.004551024176180363,0.0038784928619861603,12.074639448090583,861410.141289623,861411.141419449
eye1,Roi,Roi,loop,108,0.006441798716507576,0.004233480905214291,0.0019239960238337517,0.01582503318786621,0.014164467575028535,10.401040315628052,861411.141419449,861412.141617562
eye1,Roi,Roi,loop,124,0.007851016444845064,0.004412660239746049,0.002268003299832344,0.015762983821332455,0.014912197366356848,10.150199157050661,861412.141617562,861413.145826996
eye1,Roi,Roi,loop,125,0.007042425684630871,0.004264958588586795,0.002362998202443123,0.016919104382395744,0.014239968731999397,10.275968128815293,861413.145826996,861414.153552154
eye1,Roi,Roi,loop,124,0.006389766631107177,0.0039682271820522495,0.002003973349928856,0.01554400660097599,0.014248839579522606,10.393624784492497,861414.153552154,861415.153650883
eye1,Roi,Roi,loop,124,0.008116909978731025,0.004347435483699765,0.0023939646780490875,0.015996047295629978,0.01435092999599874,10.400405767629103,861415.153650883,861416.153941185
eye1,Roi,Roi,loop,125,0.0072051407769322395,0.004387952419238654,0.0021989690139889717,0.016557052731513977,0.014933990314602852,10.364495696499944,861416.153941185,861417.161666572
eye1,Roi,Roi,loop,124,0.0075381530839348995,0.00538871779974295,0.0022569438442587852,0.034097000025212765,0.014948437456041573,10.355176362809875,861417.161666572,861418.161730247
eye1,Roi,Roi,loop,124,0.008071224475579878,0.005669298487027945,0.002415967173874378,0.03032991662621498,0.015856616664677855,10.330634292087428,861418.161730247,861419.162047171
eye1,Roi,Roi,loop,124,0.006241883496723829,0.005058385010009474,0.0021549640223383904,0.03069499507546425,0.015173724386841057,10.411607324063118,861419.162047171,861420.165863818
eye1,Roi,Roi,loop,124,0.006910422891979256,0.005028977793208197,0.001995009370148182,0.03785500302910805,0.014619564171880482,10.511857473419138,861420.165863818,861421.165938061
eye1,Roi,Roi,loop,125,0.008250966668128967,0.006363448665575423,0.002149958163499832,0.052795978263020515,0.015643611550331116,10.603115790523589,861421.165938061,861422.173848729
eye1,Roi,Roi,loop,124,0.008114632369289476,0.0048635444900274995,0.0021579908207058907,0.02670206595212221,0.015331420581787823,10.744657486699701,861422.173848729,861423.1740161
eye1,Roi,Roi,loop,124,0.00830145267349097,0.010346631771977692,0.0022759195417165756,0.11224893387407064,0.01481127692386508,10.714682313846424,861423.1740161,861424.174025555
eye1,Roi,Roi,loop,124,0.007185259751314598,0.004525834844675429,0.0020139850676059723,0.03017997369170189,0.013768055941909552,10.62858224782582,861424.174025555,861425.17410071
eye1,Roi,Roi,loop,125,0.007493659853935242,0.005392890323881761,0.0019449507817626,0.04231196362525225,0.015298649668693542,10.690747331827879,861425.17410071,861426.18223851
eye1,Roi,Roi,loop,124,0.007517208653171697,0.005171762101711327,0.002144952304661274,0.03337999805808067,0.01508211134932935,10.83593568933617,861426.18223851,861427.186184114
eye1,Roi,Roi,loop,125,0.007957279682159424,0.00449953726443996,0.002322020009160042,0.027158064767718315,0.014697154983878136,11.0227065468207,861427.186184114,861428.194184109
eye1,Roi,Roi,loop,124,0.008322048797121933,0.004358376248351579,0.002196989953517914,0.016459031030535698,0.01463813823647797,10.882902505522173,861428.194184109,861429.194423862
eye1,Roi,Roi,loop,125,0.007137988694012165,0.003860744239097974,0.002005952410399914,0.019113067537546158,0.014250609092414379,10.978716110810637,861429.194423862,861430.202551264
eye1,Roi,Roi,loop,125,0.009564153850078583,0.002813794653775585,0.003153923898935318,0.016285106539726257,0.014046975411474705,10.978669648058712,861430.202551264,861431.210516502
eye1,Roi,Roi,loop,125,0.00723639689385891,0.003918806679085143,0.0021490268409252167,0.015579047612845898,0.014166580513119698,10.955358273349702,861431.210516502,861432.21830039
eye1,Roi,Roi,loop,124,0.007056848957173286,0.004167911085566728,0.001958920620381832,0.015791039913892746,0.013877416495233774,10.943324673139761,861432.21830039,861433.222307214
eye1,Roi,Roi,loop,124,0.006188218849861334,0.004081152217531811,0.001971959136426449,0.016459962353110313,0.014445441775023935,11.22844978066672,861433.222307214,861434.222590938
eye1,Roi,Roi,loop,124,0.007313269663662199,0.004627593042763726,0.0021189916878938675,0.022444059140980244,0.013995275367051363,11.256014502930245,861434.222590938,861435.222634395
eye1,Roi,Roi,loop,124,0.007886706190484186,0.00459286116716931,0.002020038664340973,0.015693018212914467,0.014665297931060195,11.208282112361744,861435.222634395,861436.223844919
eye1,Roi,Roi,loop,89,0.0070130748130129966,0.0043833305044675185,0.002237968146800995,0.015734927728772163,0.014200014993548392,11.090210517292864,861436.223844919,861437.337336878
eye1,Roi,Roi,loop,31,0.012464472092688084,0.007105607817798376,0.002429005689918995,0.03331201151013374,0.02332247095182538,36.692993790512126,861437.337336878,861438.343201495
eye1,Roi,Roi,loop,113,0.007105483343841228,0.00428559422759761,0.0021060695871710777,0.016856007277965546,0.014325021766126156,12.664575064843273,861438.343201495,861439.347510386
eye1,Roi,Roi,loop,125,0.007196533493697643,0.005121259652060871,0.002322020009160042,0.032006995752453804,0.015446986071765423,11.825140725821257,861439.347510386,861440.354716182
eye1,Roi,Roi,loop,124,0.006978058316294224,0.004230621874330027,0.0023670727387070656,0.022178050130605698,0.014465698041021822,11.64315600932065,861440.354716182,861441.355530987
eye1,Roi,Roi,loop,124,0.0064850075080269765,0.003963836635776631,0.0022120075300335884,0.016481964848935604,0.014472927432507275,11.76173621675961,861441.355530987,861442.362789254
eye1,Roi,Roi,loop,124,0.006673865080360443,0.004358812900453334,0.002103974111378193,0.018774066120386124,0.014523963909596203,11.774400997373666,861442.362789254,861443.363283449
eye1,Roi,Roi,loop,125,0.008060910739004612,0.012737803442447466,0.0020120060071349144,0.12040091678500175,0.014338153414428234,11.715466554276645,861443.363283449,861444.370839039
eye1,Roi,Roi,loop,124,0.006748877856279573,0.004141656431732259,0.002354034222662449,0.01737091224640608,0.014633004320785403,11.837060660904934,861444.370839039,861445.374855665
eye1,Roi,Roi,loop,124,0.007673479323726027,0.004428176901195276,0.0021479791030287743,0.018671969883143902,0.014559755800291894,12.074438436332368,861445.374855665,861446.375474794
eye1,Roi,Roi,loop,124,0.007464746651690333,0.008318322257487831,0.002142973244190216,0.08738599717617035,0.014391291188076138,11.971132672061362,861446.375474794,861447.383243055
eye1,Roi,Roi,loop,124,0.006971639513428654,0.004370664812925082,0.002061016857624054,0.018690945580601692,0.014244625344872475,11.969373799905542,861447.383243055,861448.383815127
eye1,Roi,Roi,loop,125,0.007168477401137352,0.004102447153028751,0.002347049303352833,0.016591046005487442,0.01420280896127224,12.142175823450089,861448.383815127,861449.391057172
eye1,Roi,Roi,loop,124,0.0075292454341486575,0.004257005011623639,0.002262997440993786,0.016179983504116535,0.01421011402271688,12.09563210854427,861449.391057172,861450.391214759
eye1,nnUNetDetector2DPlugin,2dcpp,boot,1,3.128879005089402,0.0,3.128879005089402,3.128879005089402,3.128879005089402,13.401182019151747,861401.113073165,861401.116202044
eye1,nnUNetDetector2DPlugin,pmrnet,loop,56,10.459253649709613,25.659297680498117,3.7121110362932086,199.69910895451903,11.011941998731345,21.771983357861505,861401.116202044,861402.125598897
eye1,nnUNetDetector2DPlugin,pmrnet,loop,118,7.148572942242026,2.7757110524317,3.7342929281294346,11.447572032921016,10.883625166025011,19.393844418503914,861402.125598897,861403.126174029
eye1,nnUNetDetector2DPlugin,pmrnet,loop,123,6.221958524093214,2.600072392151043,3.6119759315624833,14.320173067972064,10.735190357081592,16.99128732694752,861403.126174029,861404.136852517
eye1,nnUNetDetector2DPlugin,pmrnet,loop,112,7.8094527104570135,2.8689109770850285,3.6590839736163616,12.67164503224194,11.105601879535243,19.712643655241532,861404.136852517,861405.16019901
eye1,nnUNetDetector2DPlugin,pmrnet,loop,121,6.16679268346499,2.6468410075356474,3.663973999209702,14.034660998731852,11.045782011933625,16.927746954866617,861405.16019901,861406.16733755
eye1,nnUNetDetector2DPlugin,pmrnet,loop,116,7.019410649483124,2.9370792323607975,3.566773026250303,12.32528395485133,11.060617194743827,18.892296313926384,861406.16733755,861407.169180969
eye1,nnUNetDetector2DPlugin,pmrnet,loop,118,6.978300881524713,2.780669205714099,3.661195980384946,12.472072034142911,11.254308553179726,18.681272840664043,861407.169180969,861408.177167656
eye1,nnUNetDetector2DPlugin,pmrnet,loop,120,6.425242428667843,2.68314723404276,3.6206849617883563,11.890190071426332,11.001072690123692,17.572977537444483,861408.177167656,861409.177311152
eye1,nnUNetDetector2DPlugin,pmrnet,loop,117,6.800497483072054,2.779861324458738,3.673712955787778,12.11846701335162,10.913244425319135,18.138999638792413,861409.177311152,861410.17895807
eye1,nnUNetDetector2DPlugin,pmrnet,loop,110,7.870657023423436,3.003153944661163,3.6936699179932475,14.277589973062277,11.662442435044795,19.964287079743702,861410.17895807,861411.181692492
eye1,nnUNetDetector2DPlugin,2dcpp,loop,110,3.216278778431429,3.0621404020872927,0.745370052754879,12.782129109837115,11.007128865458071,13.526579158761622,861411.181692492,861412.186286443
eye1,nnUNetDetector2DPlugin,2dcpp,loop,124,2.201333309658953,1.1865357946053563,0.7438689935952425,5.509017035365105,4.470411379588768,12.474671599545307,861412.186286443,861413.187121913
eye1,nnUNetDetector2DPlugin,2dcpp,loop,125,1.902671336196363,0.9854469522097646,0.7633959176018834,4.786536912433803,3.8050715811550617,12.16256446018815,861413.187121913,861414.194861873
eye1,nnUNetDetector2DPlugin,2dcpp,loop,124,2.086433141695095,1.4923274152825377,0.7480329368263483,11.398270027711987,4.6931406715884805,12.541832738450818,861414.194861873,861415.199545728
eye1,nnUNetDetector2DPlugin,2dcpp,loop,125,2.0518514355644584,1.1492421301641706,0.7806579815223813,7.18679407145828,4.533707816153765,12.38470655027777,861415.199545728,861416.202554162
eye1,nnUNetDetector2DPlugin,2dcpp,loop,124,1.9506384842022653,1.306381501353603,0.7579030934721231,11.261791922152042,3.7236058851704,12.298593546391555,861416.202554162,861417.203599106
eye1,nnUNetDetector2DPlugin,2dcpp,loop,125,1.8409107234328985,1.041606941223284,0.7464969530701637,4.78675402700901,4.108464787714183,12.16789127420634,861417.203599106,861418.211301179
eye1,nnUNetDetector2DPlugin,2dcpp,loop,124,2.061164387757139,1.3108543784549984,0.7846630178391933,8.85170407127589,4.570678394520654,12.479392272765718,861418.211301179,861419.215835426
eye1,nnUNetDetector2DPlugin,2dcpp,loop,125,1.5574658000841737,0.8036538536912318,0.7374010747298598,4.603835055604577,3.0592148192226882,12.06257539987564,861419.215835426,861420.223133174
eye1,nnUNetDetector2DPlugin,2dcpp,loop,124,1.7664854803438028,0.9194145301526097,0.7611780893057585,4.739454947412014,3.9038337126839893,12.260812823848438,861420.223133174,861421.224071274
eye1,nnUNetDetector2DPlugin,2dcpp,loop,124,2.0251330729919457,1.1710922924337812,0.7749269716441631,5.433680955320597,4.682725574821233,12.661881166540327,861421.224071274,861422.227681128
eye1,nnUNetDetector2DPlugin,2dcpp,loop,125,1.964365548454225,1.0956914776155706,0.7687680190429091,5.4477539379149675,4.167508031241596,12.640247343108058,861422.227681128,861423.230986145
eye1,nnUNetDetector2DPlugin,2dcpp,loop,125,1.8114918321371078,1.010342452949813,0.7544589461758733,5.8591170236468315,4.24867842812091,12.493049743585289,861423.230986145,861424.238989651
eye1,nnUNetDetector2DPlugin,2dcpp,loop,124,1.8450700323052345,1.1104217569632535,0.7552290335297585,7.116305991075933,4.218168708030133,12.452808270726594,861424.238989651,861425.241195988
eye1,nnUNetDetector2DPlugin,2dcpp,loop,124,1.8990025273524225,1.0928157927080755,0.7666440214961767,5.703763919882476,4.269546514842659,12.744537724610117,861425.241195988,861426.244407108
eye1,nnUNetDetector2DPlugin,2dcpp,loop,125,1.827285310253501,1.2259021509463446,0.7738700369372964,9.763738024048507,4.0487323654815555,12.723040822893381,861426.244407108,861427.251918096
eye1,nnUNetDetector2DPlugin,2dcpp,loop,125,2.0435159485787153,1.0538452886115903,0.7691880455240607,5.912225926294923,4.579957574605942,13.037893262691796,861427.251918096,861428.260126712
eye1,nnUNetDetector2DPlugin,2dcpp,loop,125,2.066050180234015,1.080187580611088,0.7460929919034243,5.2192029543221,4.31449266616255,12.93667464889586,861428.260126712,861429.267176167
eye1,nnUNetDetector2DPlugin,2dcpp,loop,124,2.0653346662349517,1.0426980166138535,0.7854979485273361,5.77094207983464,4.02750071370974,13.024251106300301,861429.267176167,861430.267384643
eye1,nnUNetDetector2DPlugin,2dcpp,loop,124,2.915804328832535,0.8441119425129452,1.3291190844029188,7.159837055951357,4.138058575335889,13.886673011696868,861430.267384643,861431.270660055
eye1,nnUNetDetector2DPlugin,2dcpp,loop,125,2.0394769981503487,1.0855797639346458,0.7353180553764105,4.7209340846166015,4.062722739763558,12.963209324516356,861431.270660055,861432.275469083
eye1,nnUNetDetector2DPlugin,2dcpp,loop,124,1.9217763554244753,1.1894729361726588,0.7284890161827207,10.260373936034739,3.9105737872887385,13.07339555839257,861432.275469083,861433.280051766
eye1,nnUNetDetector2DPlugin,2dcpp,loop,124,1.7727506919688876,1.0731517662746257,0.7601870456710458,6.995222996920347,3.493421210441737,12.985585797240116,861433.280051766,861434.280092754
eye1,nnUNetDetector2DPlugin,2dcpp,loop,125,1.9517334047704935,1.0318579022912486,0.7373279659077525,5.645184079185128,4.159922059625386,13.192665629088879,861434.280092754,861435.290176916
eye1,nnUNetDetector2DPlugin,2dcpp,loop,125,1.9155934834852815,0.9276406355386344,0.7363479817286134,4.701686091721058,3.744216193445027,13.09526112023741,861435.290176916,861436.295242262
eye1,nnUNetDetector2DPlugin,2dcpp,loop,80,1.935154375678394,1.1944296772769476,0.7171990582719445,5.560402991250157,4.342290747445077,13.047813970479183,861436.295242262,861437.340346034
eye1,nnUNetDetector2DPlugin,2dcpp,loop,31,3.1460675884098297,1.620910560778785,0.657547963783145,6.738152937032282,6.287180527579039,39.871232028329565,861437.340346034,861438.345307568
eye1,nnUNetDetector2DPlugin,2dcpp,loop,113,1.9373500851535164,1.1739411373215944,0.6052659591659904,8.60227202065289,4.10962700843811,14.615781156065982,861438.345307568,861439.350607083
eye1,nnUNetDetector2DPlugin,2dcpp,loop,125,1.9281405191868544,1.2716659543829791,0.6667289417237043,6.892397068440914,4.269831348210573,13.762732594273984,861439.350607083,861440.355690785
eye1,nnUNetDetector2DPlugin,2dcpp,loop,124,1.9500211553437816,1.430285321992705,0.6735979113727808,10.190675966441631,4.405143501935526,13.608387815052524,861440.355690785,861441.366539037
eye1,nnUNetDetector2DPlugin,2dcpp,loop,125,1.6647933945059776,0.8597923947095735,0.67070999648422,4.084832966327667,3.423668839968741,13.430370448157191,861441.366539037,861442.371868727
eye1,nnUNetDetector2DPlugin,2dcpp,loop,125,1.777495057322085,1.1976486942793574,0.6827519973739982,9.17436194140464,3.8155894028022885,13.546271864324808,861442.371868727,861443.379561888
eye1,nnUNetDetector2DPlugin,2dcpp,loop,124,1.6507276853982118,0.922574291300211,0.6675170734524727,4.274057107977569,3.9493797114118894,13.381613351802732,861443.379561888,861444.379772922
eye1,nnUNetDetector2DPlugin,2dcpp,loop,124,1.6971876752758097,0.8849506248907463,0.6754720816388726,4.463138058781624,3.5844255064148447,13.573572073402184,861444.379772922,861445.384768092
eye1,nnUNetDetector2DPlugin,2dcpp,loop,124,1.920522822465207,1.123037039895657,0.7027359679341316,6.711466005071998,4.065223474754021,14.00306673190977,861445.384768092,861446.385629486
eye1,nnUNetDetector2DPlugin,2dcpp,loop,124,1.6462966084345094,0.9690482468730024,0.6789329927414656,5.454072030261159,3.443779679946601,13.625671333190233,861446.385629486,861447.393125204
eye1,nnUNetDetector2DPlugin,2dcpp,loop,124,1.6549259824152556,0.8869581895799143,0.6818370893597603,5.028342944569886,3.4905901586171235,13.635450379825347,861447.393125204,861448.395716184
eye1,nnUNetDetector2DPlugin,2dcpp,loop,125,1.8426792565733194,1.100938663031717,0.6727819563820958,6.459149997681379,3.9794494630768895,13.985676850192249,861448.395716184,861449.400096649
eye1,nnUNetDetector2DPlugin,2dcpp,loop,125,1.8347384901717305,1.0026809695371843,0.69603999145329,5.63164905179292,3.6658006254583593,13.93230012524873,861449.400096649,861450.409028812
world,UVC_Source,UVC_Source,loop,30,26.053123785338055,4.094887400047304,16.332344035618007,32.01230801641941,31.13957240129821,70.82733614370227,861446.918811561,861447.923113827
world,UVC_Source,UVC_Source,loop,30,26.3239900697954,3.151675541841847,20.489813992753625,33.107356051914394,30.834214627975598,70.88158219897498,861447.923113827,861448.930781821
world,UVC_Source,UVC_Source,loop,30,26.654013021228213,4.044116103526961,16.161289997398853,33.22553902398795,32.9114506370388,71.02052090146269,861448.930781821,861449.935041179
world,UVC_Source,UVC_Source,loop,30,24.62279690662399,4.437391679319136,15.588921029120684,32.95419807545841,30.731557554099705,70.93240552737068,861449.935041179,861450.939390089
world,UVC_Source,UVC_Source,loop,30,25.314096128568053,4.6716163833384385,12.566411984153092,32.65788301359862,31.0362960153725,71.12954732729122,861450.939390089,861451.943171562
world,UVC_Source,UVC_Source,loop,30,26.236491200203698,4.0777955381673,12.475676950998604,32.46441402006894,31.784459989285097,71.17376691118504,861451.943171562,861452.951104272
world,UVC_Source,UVC_Source,loop,30,25.67121199099347,4.25108572053739,15.728022903203964,33.05255400482565,31.641657924046736,70.98235250838722,861452.951104272,861453.955081156
world,UVC_Source,UVC_Source,loop,30,25.770123628899455,4.31301646921612,14.223278034478426,31.886896933428943,31.137912708800286,71.20069306110963,861453.955081156,861454.959105992
world,UVC_Source,UVC_Source,loop,30,27.037569135427475,3.2735655889537587,18.2027630507946,32.692191074602306,31.85707766097039,71.19165692711249,861454.959105992,861455.967085598
world,UVC_Source,UVC_Source,loop,30,26.559656916651875,3.440711258374912,20.117398002184927,33.251557033509016,32.35848087933845,71.1312288728853,861455.967085598,861456.971361272
world,UVC_Source,UVC_Source,loop,30,26.652056619059294,3.8517204948690202,18.791362061165273,32.54431101959199,32.34553512302227,71.34689344093204,861456.971361272,861457.975151945
world,UVC_Source,UVC_Source,loop,30,25.85856899774323,3.810467409233817,17.983739031478763,31.609603902325034,30.642214370891452,71.29047972460587,861457.975151945,861458.983426517
world,UVC_Source,UVC_Source,loop,30,26.012492327330012,4.588542190219299,12.9142040386796,32.67057496123016,31.62526610540226,71.35999406455085,861458.983426517,861459.987352943
world,UVC_Source,UVC_Source,loop,30,25.975446465114754,3.6863551074268384,14.763829065486789,33.12865202315152,31.657266448019065,71.3955653947778,861459.987352943,861460.991665718
world,UVC_Source,UVC_Source,loop,30,25.97637983271852,4.403329116891287,15.276400954462588,32.993517932482064,31.920751073630523,71.48542820941657,861460.991665718,861461.999585234
world,UVC_Source,UVC_Source,loop,30,26.35893211311971,3.4829100378334865,17.789541045203805,32.44152897968888,31.854223879054185,71.56838870917757,861461.999585234,861463.003671633
world,UVC_Source,UVC_Source,loop,30,24.234114959836006,4.292140974031187,14.225610997527838,31.657407991588116,30.484606284881007,71.54281193700929,861463.003671633,861464.007778175
world,UVC_Source,UVC_Source,loop,30,26.068686371824395,4.097772440361769,16.607475001364946,31.773368013091385,31.075652549043298,71.55266732443124,861464.007778175,861465.015495947
world,UVC_Source,UVC_Source,loop,30,25.892441358882934,3.9183391589952072,16.30833698436618,30.994605971500278,30.773507355479524,71.71382439943652,861465.015495947,861466.019796281
world,UVC_Source,UVC_Source,loop,30,26.081619046938915,4.131992631087102,15.253350022248924,32.730812090449035,30.814108700724315,71.51979447420065,861466.019796281,861467.023756709
world,UVC_Source,UVC_Source,loop,30,25.54698442108929,3.350721663623771,17.14621705468744,33.00216398201883,30.110743426484987,71.72220426533993,861467.023756709,861468.031705127
world,UVC_Source,UVC_Source,loop,30,25.72538679232821,3.8192245207091235,11.920511024072766,31.83130396064371,31.071483268169686,71.83649416159217,861468.031705127,861469.037293099
world,UVC_Source,UVC_Source,loop,30,24.92850887356326,4.652534540158281,11.308158049359918,31.936131068505347,31.70850919559598,71.73731346071388,861469.037293099,861470.039939258
world,UVC_Source,UVC_Source,loop,30,25.96121122284482,4.195193448082336,15.249607968144119,33.078741980716586,31.271162029588595,71.92912810714915,861470.039939258,861471.047797651
world,UVC_Source,UVC_Source,loop,30,24.020709896770615,6.5284219735521445,0.05816796328872442,32.23535302095115,31.80813991348259,71.91717157838866,861471.047797651,861472.0518718
world,UVC_Source,UVC_Source,loop,30,23.715883947443217,3.2806005880937232,16.25475101172924,30.022877966985106,28.473446681164205,71.74654426441218,861472.0518718,861473.055857894
world,UVC_Source,UVC_Source,loop,30,23.93045183659221,3.946186615293376,17.36797404009849,32.14305697474629,31.454887060681354,72.09299376700073,861473.055857894,861474.063934927
world,UVC_Source,UVC_Source,loop,30,25.292918803946424,3.0233416516906435,19.79110506363213,31.24294592998922,30.04678260767832,71.90976885225002,861474.063934927,861475.067927148
world,UVC_Source,UVC_Source,loop,30,25.95813926309347,3.8209840576890115,18.202273990027606,32.30382304172963,31.96989267016761,71.92128267294417,861475.067927148,861476.072339339
world,UVC_Source,UVC_Source,loop,30,21.73001285409555,8.566748613496161,0.07882097270339727,31.49671503342688,29.70967868459411,73.65680813478927,861476.072339339,861477.08012289
world,UVC_Source,UVC_Source,loop,30,23.89141913348188,3.9547880857314097,10.714770993217826,30.65585601143539,29.254266119096428,72.07739118797083,861477.08012289,861478.084070567
world,UVC_Source,UVC_Source,loop,30,24.264900855875265,4.789575326137323,14.256317052058876,32.107634004205465,31.89015561947599,72.15348283061758,861478.084070567,861479.088111904
world,UVC_Source,UVC_Source,loop,30,24.523123435210437,4.0269536245884545,16.90468704327941,32.59551106020808,30.04592043580487,72.18048052939896,861479.088111904,861480.096186409
world,UVC_Source,UVC_Source,loop,30,25.31236776849255,3.1021034632634747,18.888038001023233,30.540389008820057,29.969998955493793,72.03727681189775,861480.096186409,861481.100423933
world,UVC_Source,UVC_Source,loop,30,25.835615501273423,3.980243876556929,17.305369954556227,35.031707026064396,31.58216830343008,72.38174326873074,861481.100423933,861482.104251692
world,UVC_Source,UVC_Source,loop,30,25.04684393449376,3.662649097344198,19.91269993595779,32.39611198659986,31.508714257506654,72.3758965653057,861482.104251692,861483.112281212
world,UVC_Source,UVC_Source,loop,30,24.390891147777438,3.65450709045949,14.820605050772429,30.018673045560718,29.312277265125886,72.32080134175096,861483.112281212,861484.11664767
world,UVC_Source,UVC_Source,loop,30,24.632801724753033,3.9941396070244717,17.441529082134366,31.592844985425472,30.272637924645096,72.44885011265676,861484.11664767,861485.120280748
world,UVC_Source,UVC_Source,loop,30,24.677582539152354,4.761273210543526,10.289373924024403,32.25017199292779,32.02149188145995,72.42426776792854,861485.120280748,861486.128388786
world,UVC_Source,UVC_Source,loop,30,24.779050234549988,3.9725725386910007,18.257927033118904,32.1752680465579,31.242070900043466,72.4910674461474,861486.128388786,861487.132391725
world,UVC_Source,UVC_Source,loop,30,24.86501919726531,4.653568611602856,14.982880093157291,32.32842008583248,31.82360373320989,72.42818859716256,861487.132391725,861488.136513598
world,UVC_Source,UVC_Source,loop,30,25.057085254229605,3.2560056202121825,18.32796004600823,31.895425054244697,30.605720286257558,72.47807463475813,861488.136513598,861489.144729209
world,UVC_Source,UVC_Source,loop,30,24.8841736271667,2.907321061125287,17.736093024723232,30.242563923820853,29.54589605797082,72.70705070501815,861489.144729209,861490.148603175
world,UVC_Source,UVC_Source,loop,30,25.48855694088464,2.653168498881098,18.79477605689317,29.398972052149475,28.805644542444497,72.60717822549243,861490.148603175,861491.152636745
world,UVC_Source,UVC_Source,loop,30,24.08400805434212,4.514712257970684,11.31639489904046,32.92680194135755,31.44236213411204,72.66708517369504,861491.152636745,861492.161082692
world,UVC_Source,UVC_Source,loop,30,24.559442741641153,4.472494114740049,14.264030032791197,32.420866074971855,30.35604963079094,72.77652283664793,861492.161082692,861493.164953927
world,UVC_Source,UVC_Source,loop,30,22.851790029866,4.2068001215363315,15.775868901982903,31.735601951368153,30.65568709862418,72.6634674007073,861493.164953927,861494.168723363
world,UVC_Source,UVC_Source,loop,30,25.15758191002533,3.319817860868341,16.77705708425492,31.10432205721736,30.535395600600165,72.84028966678306,861494.168723363,861495.176790112
world,UVC_Source,UVC_Source,loop,30,23.486189796434093,4.099885281304085,16.142723965458572,31.817013979889452,30.020946380682282,72.89255463983864,861495.176790112,861496.181026878
world,UVC_Source,UVC_Source,loop,30,23.757383704651147,4.19283559753251,13.83286900818348,30.911832000128925,30.246007250389084,72.69323999450232,861496.181026878,861497.184872042
world,NetworkApiPlugin,NetworkApiPlugin,loop,30,0.01865929225459695,0.009529086821891594,0.006943941116333008,0.04414899740368128,0.034008256625384085,70.87612423347309,861446.92012705,861447.923693848
world,NetworkApiPlugin,NetworkApiPlugin,loop,30,0.017031972917417686,0.00948333226257702,0.006361049599945545,0.03326195292174816,0.03263071412220597,70.91648650045197,861447.923693848,861448.930962643
world,NetworkApiPlugin,NetworkApiPlugin,loop,30,0.02127183446039756,0.01077134675681288,0.005027046427130699,0.04554400220513344,0.03435933613218367,71.07007283096512,861448.930962643,861449.935520936
world,NetworkApiPlugin,NetworkApiPlugin,loop,30,0.020562380086630583,0.008697869796281862,0.0061980681493878365,0.0351310009136796,0.033439090475440025,70.99267740656312,861449.935520936,861450.940238187
world,NetworkApiPlugin,NetworkApiPlugin,loop,30,0.019453562951336306,0.00838936060678786,0.006483984179794788,0.03444892354309559,0.0326239038258791,71.17604490679999,861450.940238187,861451.943606434
world,NetworkApiPlugin,NetworkApiPlugin,loop,30,0.0179066089913249,0.008450111262960894,0.00612996518611908,0.03521505277603865,0.033585808705538504,71.21555560734123,861451.943606434,861452.951484583
world,NetworkApiPlugin,NetworkApiPlugin,loop,30,0.02067076275125146,0.010366819975621822,0.006424961611628532,0.04827207885682583,0.03606611280702053,71.02781827173506,861452.951484583,861453.955485892
world,NetworkApiPlugin,NetworkApiPlugin,loop,30,0.020049687009304762,0.009628501230580231,0.0062639592215418816,0.03524904605001211,0.034576706821098924,71.24144738772884,861453.955485892,861454.959354621
world,NetworkApiPlugin,NetworkApiPlugin,loop,30,0.015804873934636515,0.006988158313352815,0.006247078999876976,0.03291293978691101,0.027653313009068366,71.22467052734767,861454.959354621,861455.967301927
world,NetworkApiPlugin,NetworkApiPlugin,loop,30,0.017893574355791014,0.008855386967264975,0.006476067937910557,0.035248929634690285,0.033127382630482316,71.17237753700465,861455.967301927,861456.971729578
world,NetworkApiPlugin,NetworkApiPlugin,loop,30,0.018529830655703943,0.009816202831099784,0.006441958248615265,0.03527803346514702,0.033680081833153956,71.38245344006766,861456.971729578,861457.975309924
world,NetworkApiPlugin,NetworkApiPlugin,loop,30,0.02302515786141157,0.0185107496524891,0.0060069141909480095,0.10925100650638342,0.03675306797958909,71.34399366332218,861457.975309924,861458.984012991
world,NetworkApiPlugin,NetworkApiPlugin,loop,30,0.019555119797587395,0.009366296737897824,0.0061820028349757195,0.0329319154843688,0.03274267655797303,71.40365332597867,861458.984012991,861459.987713272
world,NetworkApiPlugin,NetworkApiPlugin,loop,30,0.01773517190789183,0.008170624310074225,0.006727990694344044,0.036261044442653656,0.03244695835746824,71.45158134323235,861459.987713272,861460.992534425
world,NetworkApiPlugin,NetworkApiPlugin,loop,30,0.01980116746077935,0.00891606036642908,0.005892012268304825,0.03466196358203888,0.032788363751024,71.53581724269316,861460.992534425,861462.00014904
world,NetworkApiPlugin,NetworkApiPlugin,loop,30,0.019332832501580317,0.008920995393468242,0.006401096470654011,0.03645394463092089,0.03256012569181621,71.62201661073293,861462.00014904,861463.004355005
world,NetworkApiPlugin,NetworkApiPlugin,loop,30,0.024152197875082493,0.007334488338694912,0.007338006980717182,0.0350800110027194,0.03397551481612027,71.6055217354248,861463.004355005,861464.008511132
world,NetworkApiPlugin,NetworkApiPlugin,loop,30,0.020378222689032555,0.009746535124423777,0.005712965503334999,0.03429094795137644,0.033361889654770494,71.59123175855105,861464.008511132,861465.015653428
world,NetworkApiPlugin,NetworkApiPlugin,loop,30,0.020402406031886738,0.010974068157073127,0.007285038009285927,0.05268794484436512,0.035020639188587666,71.76365250876795,861465.015653428,861466.020311605
world,NetworkApiPlugin,NetworkApiPlugin,loop,30,0.021655372499177854,0.008047242760020031,0.0066820066422224045,0.03580201882869005,0.033429457107558846,71.56802211344863,861466.020311605,861467.024181748
world,NetworkApiPlugin,NetworkApiPlugin,loop,30,0.022618810180574656,0.013049233248307585,0.006566056981682777,0.06010604556649923,0.045399973168969106,71.77023517045502,861467.024181748,861468.032097692
world,NetworkApiPlugin,NetworkApiPlugin,loop,30,0.02077687143658598,0.010228182546284,0.006337068043649197,0.0399700365960598,0.03434852696955204,71.89212583083038,861468.032097692,861469.0379472
world,NetworkApiPlugin,NetworkApiPlugin,loop,30,0.02174603675181667,0.010423621195856016,0.008326023817062378,0.0436840346083045,0.03597040777094662,71.78935665093984,861469.0379472,861470.040429872
world,NetworkApiPlugin,NetworkApiPlugin,loop,30,0.02297216948742668,0.012539719261762144,0.00902591273188591,0.06460293661803007,0.035536638461053364,71.98242103525747,861470.040429872,861471.048316787
world,NetworkApiPlugin,NetworkApiPlugin,loop,30,0.01755634245152275,0.008963535859568533,0.0055460259318351746,0.03467896021902561,0.033049576450139284,71.95885516315077,861471.048316787,861472.052280399
world,NetworkApiPlugin,NetworkApiPlugin,loop,30,0.02109316022445758,0.008492243478456113,0.009596929885447025,0.035337056033313274,0.034280039835721254,71.79006969478603,861472.052280399,861473.05614901
world,NetworkApiPlugin,NetworkApiPlugin,loop,30,0.021768004323045414,0.010335816782003616,0.007901922799646854,0.04873005673289299,0.03641586517915129,72.1425713932452,861473.05614901,861474.064370871
world,NetworkApiPlugin,NetworkApiPlugin,loop,30,0.021701255658020575,0.008441811889915144,0.00770308542996645,0.035047996789216995,0.03369211917743086,71.95702162959303,861474.064370871,861475.06828224
world,NetworkApiPlugin,NetworkApiPlugin,loop,30,0.01867202032978336,0.009986312536351584,0.007828930392861366,0.03691995516419411,0.03482202882878482,71.97236509916063,861475.06828224,861476.073016617
world,NetworkApiPlugin,NetworkApiPlugin,loop,30,0.018692509426424902,0.009081842974656725,0.006839982233941555,0.03692600876092911,0.03431939403526484,73.70502574291702,861476.073016617,861477.080697757
world,NetworkApiPlugin,NetworkApiPlugin,loop,30,0.022144751468052466,0.008911067718426742,0.008144066669046879,0.034141005016863346,0.033445528242737055,72.1240038323837,861477.080697757,861478.084400902
world,NetworkApiPlugin,NetworkApiPlugin,loop,30,0.01808670349419117,0.008221359308984332,0.008584931492805481,0.034029013477265835,0.03118166932836175,72.19017890359585,861478.084400902,861479.088337529
world,NetworkApiPlugin,NetworkApiPlugin,loop,30,0.019195873755961657,0.008354238976286505,0.00783603172749281,0.03426091279834509,0.03270854358561337,72.22217405991007,861479.088337529,861480.096521021
world,NetworkApiPlugin,NetworkApiPlugin,loop,30,0.013939361087977886,0.005474816416652602,0.00749493483453989,0.031730043701827526,0.027258961927145706,72.08256111092244,861480.096521021,861481.101127308
world,NetworkApiPlugin,NetworkApiPlugin,loop,30,0.01787640309582154,0.008535220104551072,0.007551047019660473,0.03252597525715828,0.032453343737870455,72.4259267677553,861481.101127308,861482.104726665
world,NetworkApiPlugin,NetworkApiPlugin,loop,30,0.02061626873910427,0.008862311999286693,0.0066229840740561485,0.03369792830199003,0.03350384649820626,72.42091587201382,861482.104726665,861483.112641803
world,NetworkApiPlugin,NetworkApiPlugin,loop,30,0.02053686184808612,0.008873456347353124,0.008161994628608227,0.0375029630959034,0.033838406670838594,72.36506279635553,861483.112641803,861484.116974439
world,NetworkApiPlugin,NetworkApiPlugin,loop,30,0.022884078013400238,0.009026371117309431,0.008319970220327377,0.03599806223064661,0.03486500936560332,72.494597445863,861484.116974439,861485.120525443
world,NetworkApiPlugin,NetworkApiPlugin,loop,30,0.020814361050724983,0.009939903144648963,0.007600989192724228,0.03678002394735813,0.0361248676199466,72.46995682362467,861485.120525443,861486.128742665
world,NetworkApiPlugin,NetworkApiPlugin,loop,30,0.021018270247926314,0.009643252987001765,0.0065640779212117195,0.03474904224276543,0.03445034381002188,72.53191776884098,861486.128742665,861487.13260797
world,NetworkApiPlugin,NetworkApiPlugin,loop,30,0.02139246401687463,0.01095486352807469,0.006951973773539066,0.04464492667466402,0.03635432804003358,72.47585220029578,861487.13260797,861488.136952673
world,NetworkApiPlugin,NetworkApiPlugin,loop,30,0.01979643323769172,0.00940060339511922,0.008375034667551517,0.037539051845669746,0.03524909261614084,72.51854536589235,861488.136952673,861489.145025262
world,NetworkApiPlugin,NetworkApiPlugin,loop,30,0.02257633799066146,0.011015207605333364,0.00674102921038866,0.05202298052608967,0.03696426283568143,72.75758617324755,861489.145025262,861490.14904445
world,NetworkApiPlugin,NetworkApiPlugin,loop,30,0.01987859917183717,0.008582961933926731,0.007139984518289566,0.03460410516709089,0.03336609806865454,72.65491885288309,861490.14904445,861491.153106316
world,NetworkApiPlugin,NetworkApiPlugin,loop,30,0.020047766156494617,0.010422239188588934,0.006468966603279114,0.04653597716242075,0.03868149360641834,72.72741545069341,861491.153106316,861492.161965614
world,NetworkApiPlugin,NetworkApiPlugin,loop,30,0.022769471009572346,0.015480788232209712,0.0067870132625103,0.08633302059024572,0.038540276000276194,72.8239376602384,861492.161965614,861493.165282137
world,NetworkApiPlugin,NetworkApiPlugin,loop,30,0.021040447366734345,0.010141385722509838,0.007260008715093136,0.04301709122955799,0.03820888232439754,72.70899727009237,861493.165282137,861494.16906272
world,NetworkApiPlugin,NetworkApiPlugin,loop,30,0.019657813633481663,0.009201230792874394,0.0063050538301467896,0.03727199509739876,0.03394524683244526,72.88786463517074,861494.16906272,861495.177143753
world,NetworkApiPlugin,NetworkApiPlugin,loop,30,0.019402146184196074,0.013980015720737756,0.006363959982991219,0.08018605876713991,0.03476722049526869,72.94170033031453,861495.177143753,861496.181596117
world,NetworkApiPlugin,NetworkApiPlugin,loop,30,0.019190239254385233,0.008700323043255931,0.006222049705684185,0.04150706809014082,0.03241030499339104,72.80519139021635,861496.181596117,861497.187297486
world,Pupil_Data_Relay,Pupil_Data_Relay,loop,30,0.20040512705842653,0.0897560596275001,0.06879994180053473,0.3669499419629574,0.35537182120606303,71.09572776438047,861446.921332234,861447.924276862
world,Pupil_Data_Relay,Pupil_Data_Relay,loop,30,0.21993579963843027,0.14238012962475566,0.061866012401878834,0.47392293345183134,0.4572414269205182,71.1468307999894,861447.924276862,861448.931109805
world,Pupil_Data_Relay,Pupil_Data_Relay,loop,30,0.2569247813274463,0.12645962262396318,0.05889800377190113,0.47026597894728184,0.44848463730886573,71.34617955501501,861448.931109805,861449.936032543
world,Pupil_Data_Relay,Pupil_Data_Relay,loop,30,0.23130051558837295,0.10450518840224154,0.059020938351750374,0.4262079019099474,0.4173449706286192,71.25173565776397,861449.936032543,861450.940959845
world,Pupil_Data_Relay,Pupil_Data_Relay,loop,30,0.23296643824627003,0.09906611473445227,0.05997507832944393,0.42071298230439425,0.41204195586033165,71.42714341559137,861450.940959845,861451.944196656
world,Pupil_Data_Relay,Pupil_Data_Relay,loop,30,0.21140414367740354,0.10455426507989499,0.06581505294889212,0.44330302625894547,0.4149113374296576,71.44320169075702,861451.944196656,861452.951948273
world,Pupil_Data_Relay,Pupil_Data_Relay,loop,30,0.21505674812942743,0.0967608138300417,0.05595199763774872,0.40853198152035475,0.39371224702335894,71.27605337106313,861452.951948273,861453.956450092
world,Pupil_Data_Relay,Pupil_Data_Relay,loop,30,0.22709640519072613,0.1304413160874438,0.05931500345468521,0.5169650539755821,0.46447008498944314,71.48185695599143,861453.956450092,861454.959622847
world,Pupil_Data_Relay,Pupil_Data_Relay,loop,30,0.18006750227262577,0.08347786979525124,0.060507096350193024,0.40212005842477083,0.30889482004567975,71.41626257216558,861454.959622847,861455.967547605
world,Pupil_Data_Relay,Pupil_Data_Relay,loop,30,0.19069056725129485,0.09565804185393086,0.06019091233611107,0.45047502499073744,0.33835173817351455,71.37666521205877,861455.967547605,861456.972087917
world,Pupil_Data_Relay,Pupil_Data_Relay,loop,30,0.2164086870228251,0.11719533418016748,0.05916797090321779,0.46607095282524824,0.4214846296235919,71.60971159658705,861456.972087917,861457.975448771
world,Pupil_Data_Relay,Pupil_Data_Relay,loop,30,0.25790393895780045,0.15150733051675377,0.058492994867265224,0.6562869530171156,0.5374538945034145,71.62221830803901,861457.975448771,861458.984497059
world,Pupil_Data_Relay,Pupil_Data_Relay,loop,30,0.2634066777924697,0.13689688170048803,0.058128032833337784,0.5509050097316504,0.4735542053822427,71.68748812982813,861458.984497059,861459.988440084
world,Pupil_Data_Relay,Pupil_Data_Relay,loop,30,0.21088944437603155,0.11104491152254954,0.06742007099092007,0.4695591051131487,0.42643643100745976,71.6904082102701,861459.988440084,861460.993582258
world,Pupil_Data_Relay,Pupil_Data_Relay,loop,30,0.23279059678316116,0.10469210444085289,0.06118696182966232,0.42638799641281366,0.4202474257908761,71.78936252603307,861460.993582258,861462.000855403
world,Pupil_Data_Relay,Pupil_Data_Relay,loop,30,0.22095895061890283,0.11943588479735791,0.05992304068058729,0.4673729417845607,0.45599615550599987,71.8654995978189,861462.000855403,861463.005024391
world,Pupil_Data_Relay,Pupil_Data_Relay,loop,30,0.25813836449136335,0.11158281195536425,0.0729879830032587,0.470423954539001,0.4540902096778154,71.88923862607528,861463.005024391,861464.009398701
world,Pupil_Data_Relay,Pupil_Data_Relay,loop,30,0.21465447110434374,0.12085864431178418,0.060255988501012325,0.5301039200276136,0.4076473414897918,71.81644250328343,861464.009398701,861465.015793763
world,Pupil_Data_Relay,Pupil_Data_Relay,loop,30,0.22471715152884522,0.1385728097513448,0.07344502955675125,0.6868299096822739,0.4516016517300157,72.00192253415783,861465.015793763,861466.020567065
world,Pupil_Data_Relay,Pupil_Data_Relay,loop,30,0.23119957574332753,0.10442391920996434,0.0705610727891326,0.4371809773147106,0.4171349923126399,71.81548721079405,861466.020567065,861467.024615826
world,Pupil_Data_Relay,Pupil_Data_Relay,loop,30,0.24157533965383968,0.12953787256700985,0.059728045016527176,0.46658399514853954,0.4635587858501822,72.03265071148053,861467.024615826,861468.03258071
world,Pupil_Data_Relay,Pupil_Data_Relay,loop,30,0.24721724524473151,0.11775289418780305,0.05994399543851614,0.4607459995895624,0.42087428155355155,72.16235423305382,861468.03258071,861469.038699061
world,Pupil_Data_Relay,Pupil_Data_Relay,loop,30,0.2574314596131444,0.14432011203966058,0.09022001177072525,0.7622410776093602,0.4302480025216937,72.06008113377418,861469.038699061,861470.040667014
world,Pupil_Data_Relay,Pupil_Data_Relay,loop,30,0.2552313342069586,0.11862592813207647,0.08579797577112913,0.45853795018047094,0.43551421840675175,72.25948991642024,861470.040667014,861471.048975898
world,Pupil_Data_Relay,Pupil_Data_Relay,loop,30,0.2013627594957749,0.12029817270253745,0.003713066689670086,0.5623489851132035,0.3584344522096216,72.17452290157478,861471.048975898,861472.052614753
world,Pupil_Data_Relay,Pupil_Data_Relay,loop,30,0.23449989967048168,0.10303504131198325,0.08690997492522001,0.47068099956959486,0.4389817069750278,72.03945813622947,861472.052614753,861473.056472031
world,Pupil_Data_Relay,Pupil_Data_Relay,loop,30,0.2575441380031407,0.1013447773705256,0.11188897769898176,0.45431696344166994,0.4383656894788146,72.41617248704036,861473.056472031,861474.064755238
world,Pupil_Data_Relay,Pupil_Data_Relay,loop,30,0.28236232853184146,0.1179769117575776,0.0813469523563981,0.6201750366017222,0.4511702689342201,72.2564812283963,861474.064755238,861475.068685153
world,Pupil_Data_Relay,Pupil_Data_Relay,loop,30,0.21067593479529023,0.1112109322465711,0.08383404929190874,0.5177439888939261,0.4204629571177064,72.20636210792388,861475.068685153,861476.073832096
world,Pupil_Data_Relay,Pupil_Data_Relay,loop,30,0.19527857657521963,0.1051978517269723,0.030191964469850063,0.42354699689894915,0.3962365968618542,73.91249559974919,861476.073832096,861477.080968549
world,Pupil_Data_Relay,Pupil_Data_Relay,loop,30,0.25350631137068075,0.09376537582845466,0.0816109823063016,0.4265689058229327,0.41186533635482186,72.3939211301816,861477.080968549,861478.084774392
world,Pupil_Data_Relay,Pupil_Data_Relay,loop,30,0.22669403115287423,0.10734302479357222,0.08754804730415344,0.44866802636533976,0.4236467299051582,72.42855086612205,861478.084774392,861479.088530585
world,Pupil_Data_Relay,Pupil_Data_Relay,loop,30,0.23305523209273815,0.1284950221529798,0.06704404950141907,0.5627429345622659,0.4658550431486217,72.47549867800747,861479.088530585,861480.097456108
world,Pupil_Data_Relay,Pupil_Data_Relay,loop,30,0.1663804636336863,0.06281029717403014,0.07188902236521244,0.3398930421099067,0.29139044345356524,72.27150070248172,861480.097456108,861481.10197068
world,Pupil_Data_Relay,Pupil_Data_Relay,loop,30,0.22766701877117157,0.120162022393124,0.06793707143515348,0.45023008715361357,0.4387819266412407,72.67618980258703,861481.10197068,861482.105610755
world,Pupil_Data_Relay,Pupil_Data_Relay,loop,30,0.23945707362145185,0.10721883505126024,0.06146100349724293,0.47180091496557,0.4496115376241505,72.6773312043709,861482.105610755,861483.113076999
world,Pupil_Data_Relay,Pupil_Data_Relay,loop,30,0.2503016032278538,0.12661558152675154,0.08426199201494455,0.49487000796943903,0.4686666768975556,72.63126019776489,861483.113076999,861484.117316613
world,Pupil_Data_Relay,Pupil_Data_Relay,loop,30,0.31320839188992977,0.18688580367004284,0.11918693780899048,0.8928379975259304,0.6300100882072001,72.82330432984357,861484.117316613,861485.120804851
world,Pupil_Data_Relay,Pupil_Data_Relay,loop,30,0.2579478352951507,0.13488859957554486,0.07566798012703657,0.5365840625017881,0.47207272727973754,72.74543099338189,861485.120804851,861486.129197811
world,Pupil_Data_Relay,Pupil_Data_Relay,loop,30,0.2650804662456115,0.1383044285835327,0.059145037084817886,0.5136390682309866,0.4796416382305322,72.80947470571846,861486.129197811,861487.132800332
world,Pupil_Data_Relay,Pupil_Data_Relay,loop,30,0.23850917738551894,0.1263262012389077,0.06192305590957403,0.49239001236855984,0.44845667434856284,72.73797578721617,861487.132800332,861488.137689351
world,Pupil_Data_Relay,Pupil_Data_Relay,loop,30,0.23398042734091481,0.12527835641431367,0.07960502989590168,0.5091080674901605,0.4644181928597389,72.76784439260761,861488.137689351,861489.145355964
world,Pupil_Data_Relay,Pupil_Data_Relay,loop,30,0.2597885361562173,0.13108523910293635,0.06502890028059483,0.5147629417479038,0.45172146055847406,73.03495272062719,861489.145355964,861490.149415866
world,Pupil_Data_Relay,Pupil_Data_Relay,loop,30,0.26138169147695106,0.11884402726880622,0.06617000326514244,0.5144469905644655,0.46601914218626905,72.93676449917257,861490.149415866,861491.153674134
world,Pupil_Data_Relay,Pupil_Data_Relay,loop,30,0.24688522486637035,0.13012034835325492,0.06588303949683905,0.538619002327323,0.45292782015167166,73.00481351170068,861491.153674134,861492.163117562
world,Pupil_Data_Relay,Pupil_Data_Relay,loop,30,0.2418303396552801,0.11226156003531992,0.060076010413467884,0.42535504326224327,0.41837883763946593,73.07868729888771,861492.163117562,861493.165475228
world,Pupil_Data_Relay,Pupil_Data_Relay,loop,30,0.24168689269572496,0.11504661461906861,0.06730994209647179,0.48253999557346106,0.44427670654840756,72.96636140284438,861493.165475228,861494.169397585
world,Pupil_Data_Relay,Pupil_Data_Relay,loop,30,0.23199966720615825,0.10876861348195102,0.06405205931514502,0.4657480167225003,0.4129622189793736,73.13492490987603,861494.169397585,861495.17748906
world,Pupil_Data_Relay,Pupil_Data_Relay,loop,30,0.21982092099885145,0.11969527392280596,0.06177194882184267,0.4732519155368209,0.46509752282872796,73.1816965349329,861495.17748906,861496.182233995
world,Pupil_Data_Relay,Pupil_Data_Relay,loop,30,0.22853172461812696,0.10465509057439827,0.06342900451272726,0.5031729815527797,0.405523955123499,73.09349757463981,861496.182233995,861497.189139393
world,Fixation_Detector,Fixation_Detector,loop,30,0.007153880627204974,0.0031792489038618924,0.002927030436694622,0.013332930393517017,0.012905499897897242,71.12126580129068,861446.922368194,861447.924602881
world,Fixation_Detector,Fixation_Detector,loop,30,0.007508555427193642,0.004351106008553158,0.0025490298867225647,0.014732941053807735,0.013850606046617031,71.16600120595346,861447.924602881,861448.931187708
world,Fixation_Detector,Fixation_Detector,loop,30,0.008839690902580818,0.004023580683879435,0.0022659078240394592,0.014125020243227482,0.013804319314658642,71.3750004962397,861448.931187708,861449.93625594
world,Fixation_Detector,Fixation_Detector,loop,30,0.008575327228754759,0.0036649490519825756,0.0025369226932525635,0.0146450474858284,0.013922801008448003,71.28071170688297,861449.93625594,861450.941293656
world,Fixation_Detector,Fixation_Detector,loop,30,0.007507705595344305,0.003651644164478454,0.0022900057956576347,0.014042947441339493,0.013612309703603385,71.45894570664193,861450.941293656,861451.944659105
world,Fixation_Detector,Fixation_Detector,loop,30,0.0073681119829416275,0.0033545242458856823,0.0025460030883550644,0.01405598595738411,0.0138217699714005,71.46814569908504,861451.944659105,861452.952227703
world,Fixation_Detector,Fixation_Detector,loop,30,0.007436517626047134,0.003353902214575478,0.0025919871404767036,0.013217912055552006,0.01292139058932662,71.29819448649262,861452.952227703,861453.956641899
world,Fixation_Detector,Fixation_Detector,loop,30,0.008358290263762077,0.005231018335671934,0.002349959686398506,0.027755973860621452,0.014374923193827271,71.5047494857572,861453.956641899,861454.959787395
world,Fixation_Detector,Fixation_Detector,loop,30,0.006585106408844392,0.0028089738991548606,0.0026320340111851692,0.013981014490127563,0.011279562022536993,71.43445920276766,861454.959787395,861455.967681104
world,Fixation_Detector,Fixation_Detector,loop,30,0.008257102066030106,0.00580431002459371,0.0025369226932525635,0.029966002330183983,0.018379808170720914,71.39980814730127,861455.967681104,861456.972294367
world,Fixation_Detector,Fixation_Detector,loop,30,0.007356711042424043,0.003803863238957592,0.0027280766516923904,0.014364952221512794,0.013701134594157336,71.62852290008838,861456.972294367,861457.975533141
world,Fixation_Detector,Fixation_Detector,loop,30,0.007831895103057226,0.0037499119095314596,0.002520042471587658,0.01628696918487549,0.013823946937918661,71.64449952542782,861457.975533141,861458.98464652
world,Fixation_Detector,Fixation_Detector,loop,30,0.008173504223426184,0.003865345487309852,0.0022489111870527267,0.013993005268275738,0.013909593690186739,71.72147886594757,861458.98464652,861459.988916945
world,Fixation_Detector,Fixation_Detector,loop,30,0.007568404544144869,0.003813805800324708,0.002708984538912773,0.015328987501561642,0.014154607197269792,71.72714058154573,861459.988916945,861460.994220465
world,Fixation_Detector,Fixation_Detector,loop,30,0.007711572106927633,0.0034451998591923123,0.0025350600481033325,0.013930024579167366,0.013519189087674022,71.81857989635319,861460.994220465,861462.001245997
world,Fixation_Detector,Fixation_Detector,loop,30,0.007797416765242815,0.0038487324447955703,0.0025620684027671814,0.01508102286607027,0.014143716543912886,71.89832060830668,861462.001245997,861463.00551676
world,Fixation_Detector,Fixation_Detector,loop,30,0.008845760021358728,0.0035036590474493297,0.0028050271794199944,0.014140969142317772,0.013624312123283744,71.92449519255509,861463.00551676,861464.0098928
world,Fixation_Detector,Fixation_Detector,loop,30,0.0066160728844503565,0.0033229888454236853,0.002547050826251507,0.013661920092999935,0.012928049545735117,71.83344813529402,861464.0098928,861465.015863226
world,Fixation_Detector,Fixation_Detector,loop,30,0.007151241879910231,0.0038719714449653867,0.0027579953894019127,0.014572986401617527,0.014489388559013605,72.0215577321748,861465.015863226,861466.020684311
world,Fixation_Detector,Fixation_Detector,loop,30,0.008820144770046076,0.005574984210021597,0.0025760382413864136,0.031449017114937305,0.014505157014355058,71.84138887096196,861466.020684311,861467.024862561
world,Fixation_Detector,Fixation_Detector,loop,30,0.007879462403555712,0.004475233395028361,0.0022150343284010887,0.0189139973372221,0.014348997501656411,72.05532712784286,861467.024862561,861468.032712805
world,Fixation_Detector,Fixation_Detector,loop,30,0.008524399405966202,0.0037752780577663013,0.002229004167020321,0.013708951883018017,0.013410509563982487,72.19491904446234,861468.032712805,861469.039144052
world,Fixation_Detector,Fixation_Detector,loop,30,0.00805233915646871,0.0038039129408097934,0.0033300602808594704,0.015391968190670013,0.013671122724190354,72.08284917287529,861469.039144052,861470.04080174
world,Fixation_Detector,Fixation_Detector,loop,30,0.008512195199728012,0.003752965323770888,0.0034830300137400627,0.01398497261106968,0.013740727445110679,72.289958759211,861470.04080174,861471.049301477
world,Fixation_Detector,Fixation_Detector,loop,30,0.0074557339151700335,0.0036620477250248356,0.002422020770609379,0.013555050827562809,0.013291265349835156,72.19932082807645,861471.049301477,861472.052825723
world,Fixation_Detector,Fixation_Detector,loop,30,0.008783217829962572,0.003475102824996388,0.0037460122257471085,0.014678924344480038,0.01393916318193078,72.06485939289753,861472.052825723,861473.056669143
world,Fixation_Detector,Fixation_Detector,loop,30,0.008637174808730682,0.0035111028092710125,0.0034710392355918884,0.015013967640697956,0.014120386913418768,72.44260753892983,861473.056669143,861474.064990558
world,Fixation_Detector,Fixation_Detector,loop,30,0.008364844446380934,0.003045017811771177,0.002718064934015274,0.01368601806461811,0.013182318070903419,72.28308095751952,861474.064990558,861475.068932856
world,Fixation_Detector,Fixation_Detector,loop,30,0.007010771272083123,0.0040444817165692214,0.0031170202419161797,0.015510013327002525,0.015013513620942828,72.2375307736608,861475.068932856,861476.074328616
world,Fixation_Detector,Fixation_Detector,loop,30,0.007202161941677332,0.0037144835833494414,0.0025370391085743904,0.015095924027264118,0.01359097077511251,73.93255769275129,861476.074328616,861477.081118989
world,Fixation_Detector,Fixation_Detector,loop,30,0.008507332919786373,0.0033624995859952824,0.0032420502975583076,0.01577904913574457,0.013540394138544796,72.41924114447708,861477.081118989,861478.085010652
world,Fixation_Detector,Fixation_Detector,loop,30,0.007763400208204985,0.0036386055856372297,0.0037120189517736435,0.015980913303792477,0.013978971401229499,72.44895583329101,861478.085010652,861479.088643835
world,Fixation_Detector,Fixation_Detector,loop,30,0.007768254727125168,0.003977485768916237,0.0025760382413864136,0.01465796958655119,0.013921770732849836,72.5232133292593,861479.088643835,861480.098418504
world,Fixation_Detector,Fixation_Detector,loop,30,0.005844732125600179,0.00238937036991752,0.0029980437830090523,0.013097072951495647,0.01196659286506474,72.3011249715152,861480.098418504,861481.102506614
world,Fixation_Detector,Fixation_Detector,loop,30,0.007024065901835759,0.0037721851227821884,0.0031830277293920517,0.014143995940685272,0.013327138731256127,72.71318897061671,861481.102506614,861482.106278951
world,Fixation_Detector,Fixation_Detector,loop,30,0.008185708429664373,0.0031622425410565078,0.0025490298867225647,0.014021992683410645,0.01316983252763748,72.70578449436773,861482.106278951,861483.113330013
world,Fixation_Detector,Fixation_Detector,loop,30,0.008363897601763407,0.004963822146918293,0.0033030519261956215,0.026765046641230583,0.01406987430527806,72.65446682771046,861483.113330013,861484.117481078
world,Fixation_Detector,Fixation_Detector,loop,30,0.009326369035989046,0.003703488466160864,0.003951950930058956,0.015938072465360165,0.01464505330659449,72.84964410743366,861484.117481078,861485.120970518
world,Fixation_Detector,Fixation_Detector,loop,30,0.008283990124861399,0.0036283156375097846,0.003385939635336399,0.015583005733788013,0.014006911078467965,72.77682533410068,861485.120970518,861486.129567184
world,Fixation_Detector,Fixation_Detector,loop,30,0.008607496662686268,0.0040569208588806084,0.0025659101083874702,0.015085912309587002,0.014082941925153136,72.83169983808573,861486.129567184,861487.132909616
world,Fixation_Detector,Fixation_Detector,loop,30,0.008033103464792172,0.0039749565779549564,0.0026490306481719017,0.014497083611786366,0.013490160927176476,72.76880719388525,861487.132909616,861488.138094766
world,Fixation_Detector,Fixation_Detector,loop,30,0.007945120645066103,0.0038544520358454724,0.0034730182960629463,0.0179739436134696,0.014682114124298094,72.79001949743058,861488.138094766,861489.145504761
world,Fixation_Detector,Fixation_Detector,loop,30,0.008628928723434607,0.0040025944665463085,0.002695014700293541,0.014911987818777561,0.014061498222872615,73.05949673367043,861489.145504761,861490.149584058
world,Fixation_Detector,Fixation_Detector,loop,30,0.008950324263423681,0.0038700304009769283,0.0027819769456982613,0.015796045772731304,0.014846597332507368,72.970720504721,861490.149584058,861491.154120341
world,Fixation_Detector,Fixation_Detector,loop,30,0.00834510816882054,0.003651799799786047,0.0024009495973587036,0.014993012882769108,0.013763399329036472,73.04447713152815,861491.154120341,861492.163799507
world,Fixation_Detector,Fixation_Detector,loop,30,0.00795720067496101,0.0035349451350764846,0.0024440232664346695,0.014770892448723316,0.01340970047749579,73.09922825467463,861492.163799507,861493.165586515
world,Fixation_Detector,Fixation_Detector,loop,30,0.008400836183379093,0.0037204226586795386,0.0026030465960502625,0.01370010431855917,0.01354533014819026,72.99117398215458,861493.165586515,861494.169594522
world,Fixation_Detector,Fixation_Detector,loop,30,0.007731440321852763,0.0035256623934714305,0.0024569453671574593,0.014327000826597214,0.013684312580153346,73.15821876594175,861494.169594522,861495.177683145
world,Fixation_Detector,Fixation_Detector,loop,30,0.007841805927455425,0.003939192192697751,0.00238209031522274,0.015377998352050781,0.014327175449579954,73.21008183450128,861495.177683145,861496.182601424
world,Fixation_Detector,Fixation_Detector,loop,30,0.007888756226748228,0.00325189594143716,0.002400018274784088,0.01386797521263361,0.01337409485131502,73.1517552320535,861496.182601424,861497.190385293
world,ScreenMarkerChoreographyPlugin,ScreenMarkerChoreographyPlugin,loop,30,0.027376269766439993,0.011355538757605883,0.010794028639793396,0.04705996252596378,0.04622305859811604,71.16398100042716,861446.923425369,861447.924916431
world,ScreenMarkerChoreographyPlugin,ScreenMarkerChoreographyPlugin,loop,30,0.02704593352973461,0.014595619396970008,0.01003197394311428,0.05307199899107218,0.05093119689263403,71.20212950588514,861447.924916431,861448.931265456
world,ScreenMarkerChoreographyPlugin,ScreenMarkerChoreographyPlugin,loop,30,0.03217894118279219,0.013576494556143487,0.008773989975452423,0.05142099689692259,0.05023104022257029,71.42025146555777,861448.931265456,861449.936440465
world,ScreenMarkerChoreographyPlugin,ScreenMarkerChoreographyPlugin,loop,30,0.03153551757956544,0.012784999780739234,0.009363982826471329,0.05057698581367731,0.04808514495380223,71.32515396224335,861449.936440465,861450.941485057
world,ScreenMarkerChoreographyPlugin,ScreenMarkerChoreographyPlugin,loop,30,0.02774735524629553,0.013037930601669127,0.00949797686189413,0.050554051995277405,0.04822425544261932,71.50222070825596,861450.941485057,861451.944955488
world,ScreenMarkerChoreographyPlugin,ScreenMarkerChoreographyPlugin,loop,30,0.0267942047988375,0.011720551981520496,0.008816947229206562,0.050390022806823254,0.04695717943832278,71.50944273453206,861451.944955488,861452.952501422
world,ScreenMarkerChoreographyPlugin,ScreenMarkerChoreographyPlugin,loop,30,0.02792929687226812,0.01310381086280097,0.009759911336004734,0.06348395254462957,0.047696748515591025,71.33598391277094,861452.952501422,861453.956780678
world,ScreenMarkerChoreographyPlugin,ScreenMarkerChoreographyPlugin,loop,30,0.030115755119671423,0.01494783085580202,0.009773997589945793,0.060123042203485966,0.05557070253416896,71.54646088990073,861453.956780678,861454.959954057
world,ScreenMarkerChoreographyPlugin,ScreenMarkerChoreographyPlugin,loop,30,0.02476801552499334,0.009785160408185825,0.010659103281795979,0.05082390271127224,0.04243651055730879,71.4680759042191,861454.959954057,861455.967803437
world,ScreenMarkerChoreographyPlugin,ScreenMarkerChoreographyPlugin,loop,30,0.027813711979736883,0.011741398628182086,0.009641982614994049,0.05018000956624746,0.04649832262657582,71.43961352994666,861455.967803437,861456.972485684
world,ScreenMarkerChoreographyPlugin,ScreenMarkerChoreographyPlugin,loop,30,0.027646372715632122,0.014419234848415483,0.01001299824565649,0.061308033764362335,0.049217353807762265,71.66560367137815,861456.972485684,861457.97562414
world,ScreenMarkerChoreographyPlugin,ScreenMarkerChoreographyPlugin,loop,30,0.028428893225888412,0.012892621292643333,0.010011019185185432,0.053499010391533375,0.04892090801149605,71.68365113514785,861457.97562414,861458.984788384
world,ScreenMarkerChoreographyPlugin,ScreenMarkerChoreographyPlugin,loop,30,0.02956374470765392,0.012813438667216686,0.010341987945139408,0.05160807631909847,0.04954942851327359,71.76675792628278,861458.984788384,861459.989214992
world,ScreenMarkerChoreographyPlugin,ScreenMarkerChoreographyPlugin,loop,30,0.027888314798474312,0.012855507921597679,0.011046999134123325,0.05167198833078146,0.05014539929106831,71.7805631342344,861459.989214992,861460.994837811
world,ScreenMarkerChoreographyPlugin,ScreenMarkerChoreographyPlugin,loop,30,0.029586950161804754,0.013972529764536591,0.009553041309118271,0.06394600495696068,0.05054372595623135,71.86633264257883,861460.994837811,861462.001626599
world,ScreenMarkerChoreographyPlugin,ScreenMarkerChoreographyPlugin,loop,30,0.03076691646128893,0.01588130618345229,0.010023009963333607,0.06369291804730892,0.05799686769023535,71.95598730662216,861462.001626599,861463.006176663
world,ScreenMarkerChoreographyPlugin,ScreenMarkerChoreographyPlugin,loop,30,0.03340085968375206,0.01332377214105278,0.011992990039288998,0.05852896720170975,0.053138076327741146,71.98082494239013,861463.006176663,861464.010397841
world,ScreenMarkerChoreographyPlugin,ScreenMarkerChoreographyPlugin,loop,30,0.02545391907915473,0.011747835359029827,0.009248033165931702,0.04832493141293526,0.04555415362119674,71.86628923518583,861464.010397841,861465.015930845
world,ScreenMarkerChoreographyPlugin,ScreenMarkerChoreographyPlugin,loop,30,0.026475432484100263,0.012880541988459332,0.011157011613249779,0.05146302282810211,0.051353767048567533,72.05686573482429,861465.015930845,861466.02079429
world,ScreenMarkerChoreographyPlugin,ScreenMarkerChoreographyPlugin,loop,30,0.032211095094680786,0.01646102328681817,0.011014984920620918,0.09028799831867218,0.050314428517594934,71.89141891043012,861466.02079429,861467.025245388
world,ScreenMarkerChoreographyPlugin,ScreenMarkerChoreographyPlugin,loop,30,0.028883902511248987,0.013907436306795638,0.010424060747027397,0.05365500692278147,0.04870796692557633,72.09453673567623,861467.025245388,861468.032840508
world,ScreenMarkerChoreographyPlugin,ScreenMarkerChoreographyPlugin,loop,30,0.03136926873897513,0.01333191332308956,0.010453048162162304,0.053212977945804596,0.050093309255316854,72.24619437086706,861468.032840508,861469.039563269
world,ScreenMarkerChoreographyPlugin,ScreenMarkerChoreographyPlugin,loop,30,0.03214103635400534,0.014169150268978916,0.012514065019786358,0.05984795279800892,0.05162572488188743,72.1266077986608,861469.039563269,861470.040933051
world,ScreenMarkerChoreographyPlugin,ScreenMarkerChoreographyPlugin,loop,30,0.032409734558314085,0.013274828055259797,0.013329088687896729,0.05477899685502052,0.05018673837184906,72.3339083371684,861470.040933051,861471.04944894
world,ScreenMarkerChoreographyPlugin,ScreenMarkerChoreographyPlugin,loop,30,0.030110279719034832,0.013740215434699216,0.009533017873764038,0.056533957831561565,0.05047355080023408,72.24224074743688,861471.04944894,861472.053054459
world,ScreenMarkerChoreographyPlugin,ScreenMarkerChoreographyPlugin,loop,30,0.03105036060636242,0.01112341854026433,0.014737015590071678,0.051816925406455994,0.04934313474223018,72.10913533344865,861472.053054459,861473.056868932
world,ScreenMarkerChoreographyPlugin,ScreenMarkerChoreographyPlugin,loop,30,0.03180559724569321,0.012316648367416957,0.013723969459533691,0.05585199687629938,0.05182708846405147,72.4897940371496,861473.056868932,861474.065255838
world,ScreenMarkerChoreographyPlugin,ScreenMarkerChoreographyPlugin,loop,30,0.030967569909989834,0.010678010680269669,0.012276927009224892,0.05014589987695217,0.04785627825185656,72.32925282247986,861474.065255838,861475.069184773
world,ScreenMarkerChoreographyPlugin,ScreenMarkerChoreographyPlugin,loop,30,0.024721821925292414,0.014251633860668059,0.010765972547233105,0.06085098721086979,0.0562938395887613,72.2743379107366,861475.069184773,861476.074526614
world,ScreenMarkerChoreographyPlugin,ScreenMarkerChoreographyPlugin,loop,30,0.027676671743392944,0.014769971430570614,0.012008938938379288,0.07076701149344444,0.055445329053327407,73.97011826590945,861476.074526614,861477.081252579
world,ScreenMarkerChoreographyPlugin,ScreenMarkerChoreographyPlugin,loop,30,0.035328957407424845,0.0283915563938864,0.013979966752231121,0.17289293464273214,0.05280494806356728,72.47198997065425,861477.081252579,861478.085334439
world,ScreenMarkerChoreographyPlugin,ScreenMarkerChoreographyPlugin,loop,30,0.027422494410226744,0.011957085862440988,0.013441895134747028,0.04769198130816221,0.04735800321213901,72.48598079507549,861478.085334439,861479.088747829
world,ScreenMarkerChoreographyPlugin,ScreenMarkerChoreographyPlugin,loop,30,0.02801130758598447,0.014199187946886372,0.011009047739207745,0.06655789911746979,0.05038148374296724,72.57093896623701,861479.088747829,861480.098856697
world,ScreenMarkerChoreographyPlugin,ScreenMarkerChoreographyPlugin,loop,30,0.02219507781167825,0.008854676336319691,0.011306023225188255,0.05162600427865982,0.04374319105409084,72.34298187152793,861480.098856697,861481.102993423
world,ScreenMarkerChoreographyPlugin,ScreenMarkerChoreographyPlugin,loop,30,0.02618754127373298,0.013019269929235307,0.011914060451090336,0.04969106521457434,0.0487121578771621,72.76459780987352,861481.102993423,861482.106904441
world,ScreenMarkerChoreographyPlugin,ScreenMarkerChoreographyPlugin,loop,30,0.03061178916444381,0.011144707090123756,0.010242918506264687,0.057140947319567204,0.04879517364315687,72.7515649360915,861482.106904441,861483.113611219
world,ScreenMarkerChoreographyPlugin,ScreenMarkerChoreographyPlugin,loop,30,0.03029584962253769,0.014855479954273295,0.011175055988132954,0.06839504931122065,0.05359817878343165,72.69665876713891,861483.113611219,861484.117645875
world,ScreenMarkerChoreographyPlugin,ScreenMarkerChoreographyPlugin,loop,30,0.03436402960990866,0.0128907039279222,0.014751101844012737,0.05696795415133238,0.05184076144360006,72.89699147610615,861484.117645875,861485.121141907
world,ScreenMarkerChoreographyPlugin,ScreenMarkerChoreographyPlugin,loop,30,0.030917693705608446,0.013106857396277493,0.01252198126167059,0.060221063904464245,0.05133163649588823,72.82567312940955,861485.121141907,861486.129908738
world,ScreenMarkerChoreographyPlugin,ScreenMarkerChoreographyPlugin,loop,30,0.03250377097477516,0.015286574048448234,0.010606017895042896,0.06605591624975204,0.05396276246756313,72.87467757705599,861486.129908738,861487.133014024
world,ScreenMarkerChoreographyPlugin,ScreenMarkerChoreographyPlugin,loop,30,0.02925443695858121,0.013585972264628658,0.010616960935294628,0.05333893932402134,0.05057140369899571,72.81339902353163,861487.133014024,861488.138384897
world,ScreenMarkerChoreographyPlugin,ScreenMarkerChoreographyPlugin,loop,30,0.03093076714624961,0.018377047078043125,0.013465993106365204,0.1033650478348136,0.05698256427422164,72.83729639602825,861488.138384897,861489.145632595
world,ScreenMarkerChoreographyPlugin,ScreenMarkerChoreographyPlugin,loop,30,0.032410467974841595,0.014558660874256581,0.01147296279668808,0.06502005271613598,0.04968356806784868,73.10357126019274,861489.145632595,861490.149735565
world,ScreenMarkerChoreographyPlugin,ScreenMarkerChoreographyPlugin,loop,30,0.03337364178150892,0.014965353558736596,0.010724994353950024,0.06766605656594038,0.05629030056297778,73.020341724623,861490.149735565,861491.154398703
world,ScreenMarkerChoreographyPlugin,ScreenMarkerChoreographyPlugin,loop,30,0.03211396591116985,0.014235465584581027,0.010841991752386093,0.057869008742272854,0.05373812164179981,73.10458913755913,861491.154398703,861492.164492468
world,ScreenMarkerChoreographyPlugin,ScreenMarkerChoreographyPlugin,loop,30,0.029151339549571276,0.012823150928298745,0.00981590710580349,0.05801802035421133,0.048094987869262695,73.13795499115561,861492.164492468,861493.16568701
world,ScreenMarkerChoreographyPlugin,ScreenMarkerChoreographyPlugin,loop,30,0.03365282900631428,0.02195676534431356,0.010577961802482605,0.1254070084542036,0.05925301811657842,73.03638159452628,861493.16568701,861494.169761202
world,ScreenMarkerChoreographyPlugin,ScreenMarkerChoreographyPlugin,loop,30,0.029259341924140852,0.012839644171835498,0.010736053809523582,0.05070108454674482,0.050369667587801814,73.20010606975605,861494.169761202,861495.177875863
world,ScreenMarkerChoreographyPlugin,ScreenMarkerChoreographyPlugin,loop,30,0.0288545658501486,0.013723411589098861,0.010418007150292397,0.056338030844926834,0.05127754411660133,73.2562249021915,861495.177875863,861496.182951472
world,ScreenMarkerChoreographyPlugin,ScreenMarkerChoreographyPlugin,loop,30,0.030131828195104998,0.01193160751665396,0.010028015822172165,0.051743932999670506,0.050687516340985894,73.22945446940139,861496.182951472,861497.191655175
world,System_Graphs,System_Graphs,loop,30,0.03649087157100439,0.06646679161529907,0.002544955350458622,0.25194103363901377,0.19071468850597714,71.24411187057073,861446.92413622,861447.925229988
world,System_Graphs,System_Graphs,loop,30,0.03924073729043206,0.07225288952369976,0.0023010652512311935,0.2953640650957823,0.19145716796629103,71.26340757434566,861447.925229988,861448.931337404
world,System_Graphs,System_Graphs,loop,30,0.049531913828104734,0.09886617151602656,0.002196989953517914,0.38239709101617336,0.30007387977093447,71.49792769923806,861448.931337404,861449.936620261
world,System_Graphs,System_Graphs,loop,30,0.04366150048250953,0.0779418961454027,0.002210959792137146,0.29251002706587315,0.22649042075499887,71.40427199968447,861449.936620261,861450.941646725
world,System_Graphs,System_Graphs,loop,30,0.04625912212456266,0.08705964664666839,0.0020819716155529022,0.29416289180517197,0.2562186331488191,71.57699183250467,861450.941646725,861451.945257253
world,System_Graphs,System_Graphs,loop,30,0.03269803710281849,0.05955469275284795,0.0023139873519539833,0.23218104615807533,0.17385582323186063,71.57001843055089,861451.945257253,861452.952772713
world,System_Graphs,System_Graphs,loop,30,0.04589722569411,0.08569771529396351,0.002434011548757553,0.2908030292019248,0.2684662526007741,71.40643597037221,861452.952772713,861453.956949788
world,System_Graphs,System_Graphs,loop,30,0.04540104030941924,0.08356674243011472,0.0019319122657179832,0.29316695872694254,0.2381811034865675,71.61747043331464,861453.956949788,861454.960121043
world,System_Graphs,System_Graphs,loop,30,0.03544344023490945,0.06619093582769828,0.002440996468067169,0.24684402160346508,0.20015419577248378,71.52321592827018,861454.960121043,861455.967924325
world,System_Graphs,System_Graphs,loop,30,0.03214534760142366,0.055619475897243593,0.002178945578634739,0.20666897762566805,0.16460142214782522,71.499885195711,861455.967924325,861456.972669976
world,System_Graphs,System_Graphs,loop,30,0.049519616489609085,0.09056105619047924,0.00224309042096138,0.29542308766394854,0.27438314282335335,71.73624793843676,861456.972669976,861457.975706439
world,System_Graphs,System_Graphs,loop,30,0.041093099086234965,0.07228069107035998,0.0024170149117708206,0.24923100136220455,0.21098676370456793,71.74888669978827,861457.975706439,861458.984933107
world,System_Graphs,System_Graphs,loop,30,0.033071369398385286,0.05614891935562008,0.0022649765014648438,0.23495592176914215,0.140158541034907,71.82920699706301,861458.984933107,861459.989495693
world,System_Graphs,System_Graphs,loop,30,0.04444641526788473,0.08324816273980438,0.0023819738999009132,0.3063600743189454,0.24795671342872064,71.86467529973015,861459.989495693,861460.99546075
world,System_Graphs,System_Graphs,loop,30,0.027496961411088705,0.042754444365822944,0.002956017851829529,0.15879899729043245,0.1301495532970874,71.92554156451176,861460.99546075,861462.002007767
world,System_Graphs,System_Graphs,loop,30,0.041991922383507095,0.08270694592307232,0.002580927684903145,0.30588905792683363,0.2620598010253159,72.03845076728612,861462.002007767,861463.006691337
world,System_Graphs,System_Graphs,loop,30,0.03873706252003709,0.06459194981060709,0.0030549708753824234,0.25518599431961775,0.1662071153987198,72.05672836086403,861463.006691337,861464.010866492
world,System_Graphs,System_Graphs,loop,30,0.041029672138392925,0.07578461345234894,0.002022017724812031,0.2518889959901571,0.2420275355689227,71.92586304154247,861464.010866492,861465.015997277
world,System_Graphs,System_Graphs,loop,30,0.036505027674138546,0.06437442065918421,0.002668006345629692,0.23071898613125086,0.18920875736512222,72.11538973497227,861465.015997277,861466.020905011
world,System_Graphs,System_Graphs,loop,30,0.04226060506577293,0.07791248332046163,0.0022529857233166695,0.2906080335378647,0.2324850880540905,71.96346193474407,861466.020905011,861467.025573137
world,System_Graphs,System_Graphs,loop,30,0.04353221350659927,0.08382667023830283,0.0021690502762794495,0.29501901008188725,0.2687488275114446,72.1606327376018,861467.025573137,861468.032965431
world,System_Graphs,System_Graphs,loop,30,0.052211169774333634,0.0974770436012135,0.00220700167119503,0.31424209009855986,0.2858862979337573,72.33315327127154,861468.032965431,861469.039988051
world,System_Graphs,System_Graphs,loop,30,0.042261319079746805,0.07663038982468261,0.0031259842216968536,0.31238002702593803,0.22180705564096567,72.19692763173953,861469.039988051,861470.041062541
world,System_Graphs,System_Graphs,loop,30,0.03290358775605758,0.052824305521467566,0.003168010152876377,0.20416593179106712,0.14715195866301653,72.39271746948361,861470.041062541,861471.049591743
world,System_Graphs,System_Graphs,loop,30,0.029456332170714934,0.046523547595825346,0.0016660196706652641,0.16373407561331987,0.1445797213818877,72.3001538659446,861471.049591743,861472.053275448
world,System_Graphs,System_Graphs,loop,30,0.04407073138281703,0.07496043408562916,0.0038370490074157715,0.26912300381809473,0.21303595858626034,72.18061900542428,861472.053275448,861473.057067359
world,System_Graphs,System_Graphs,loop,30,0.049328404323508344,0.0904856321191729,0.003460911102592945,0.3433630336076021,0.26021465309895564,72.56847890870024,861473.057067359,861474.065485199
world,System_Graphs,System_Graphs,loop,30,0.050050714829315744,0.089733430754554,0.0026900088414549828,0.28728193137794733,0.2764786768238991,72.40939713859309,861474.065485199,861475.06942571
world,System_Graphs,System_Graphs,loop,30,0.03448871041958531,0.06538177333788707,0.0028349459171295166,0.2609769580885768,0.1935848500579594,72.33178817356627,861475.06942571,861476.074719068
world,System_Graphs,System_Graphs,loop,30,0.03819998043278853,0.07383729802200902,0.001935986801981926,0.29704603366553783,0.20099467947147748,74.03088023420423,861476.074719068,861477.081386081
world,System_Graphs,System_Graphs,loop,30,0.043112761341035366,0.07806423432995455,0.0026329653337597847,0.31290203332901,0.21666495013050704,72.5509841227904,861477.081386081,861478.08573533
world,System_Graphs,System_Graphs,loop,30,0.038817792665213346,0.06925996204036704,0.003250082954764366,0.2813410246744752,0.16856106813065708,72.5495109334588,861478.08573533,861479.088847536
world,System_Graphs,System_Graphs,loop,30,0.03579987290625771,0.06567074080903472,0.0025050248950719833,0.30170800164341927,0.14066695584915573,72.64238333639999,861479.088847536,861480.099365917
world,System_Graphs,System_Graphs,loop,30,0.03162450157105923,0.05810126775608762,0.0027490314096212387,0.25497900787740946,0.13728656922467047,72.40480763527255,861480.099365917,861481.103480137
world,System_Graphs,System_Graphs,loop,30,0.038913843066742025,0.0696536478003562,0.002566026523709297,0.25588495191186666,0.196401833090931,72.84013814448069,861481.103480137,861482.107476376
world,System_Graphs,System_Graphs,loop,30,0.039361161179840565,0.06729211534829908,0.0023260945454239845,0.24320697411894798,0.1983492111321537,72.82344915826495,861482.107476376,861483.113946347
world,System_Graphs,System_Graphs,loop,30,0.04906517375881473,0.09448385207167088,0.0026529887691140175,0.40228397119790316,0.23717968724667998,72.77110863554601,861483.113946347,861484.117806865
world,System_Graphs,System_Graphs,loop,30,0.05374300138403972,0.09624830062389643,0.0033800024539232254,0.29590900521725416,0.2914727199822664,72.98675214018051,861484.117806865,861485.121526775
world,System_Graphs,System_Graphs,loop,30,0.041885561464975275,0.07904268620434664,0.002730987034738064,0.29572099447250366,0.2338904188945886,72.89420866873115,861485.121526775,861486.130085421
world,System_Graphs,System_Graphs,loop,30,0.047914167710890375,0.08528526706130553,0.0033349497243762016,0.3012369852513075,0.27489646454341693,72.95023380623509,861486.130085421,861487.133115137
world,System_Graphs,System_Graphs,loop,30,0.046461832243949175,0.09101951136112794,0.0021971063688397408,0.3126509254798293,0.2988497610203921,72.88819083866353,861487.133115137,861488.138667363
world,System_Graphs,System_Graphs,loop,30,0.04590444344406327,0.08582181293038962,0.0030669616535305977,0.31427096109837294,0.2604804991278797,72.90897696899872,861488.138667363,861489.145755284
world,System_Graphs,System_Graphs,loop,30,0.04514742565030853,0.08443192048868088,0.0027259811758995056,0.30806101858615875,0.26749470853246743,73.17610477718215,861489.145755284,861490.149881668
world,System_Graphs,System_Graphs,loop,30,0.04131341508279244,0.06850250421446881,0.0027060741558670998,0.24486507754772902,0.1999298168811945,73.0964038365831,861490.149881668,861491.154609528
world,System_Graphs,System_Graphs,loop,30,0.036873932306965194,0.06457774229465474,0.0023900065571069717,0.25183300022035837,0.19137420458719112,73.18301983565713,861491.154609528,861492.165110446
world,System_Graphs,System_Graphs,loop,30,0.044811846843610205,0.08109561684656083,0.0022990861907601357,0.2831009915098548,0.23877801140770297,73.20683009456843,861492.165110446,861493.165794198
world,System_Graphs,System_Graphs,loop,30,0.0357260617117087,0.06045559179984207,0.002484070137143135,0.24735403712838888,0.1569911837577819,73.09664431571339,861493.165794198,861494.169901431
world,System_Graphs,System_Graphs,loop,30,0.05031360390906533,0.09105343033722385,0.0022640451788902283,0.3000040305778384,0.2654255658853797,73.27704782752942,861494.169901431,861495.178065741
world,System_Graphs,System_Graphs,loop,30,0.05280432912210623,0.098279516255779,0.0022529857233166695,0.3299480304121971,0.28025167994201167,73.3427914713199,861495.178065741,861496.183310628
world,System_Graphs,System_Graphs,loop,30,0.04306292782227198,0.07635050917350997,0.0022279564291238785,0.2620449522510171,0.2299539220985024,73.35317799976717,861496.183310628,861497.193505106
world,Display_Recent_Gaze,Display_Recent_Gaze,loop,30,0.0026745605282485485,0.0012442869285771176,0.0010289950296282768,0.005490030162036419,0.0048024230636656276,71.26176280823226,861446.924838877,861447.925521499
world,Display_Recent_Gaze,Display_Recent_Gaze,loop,30,0.0028091793258984885,0.001537025374639894,0.0009359791874885559,0.005644978955388069,0.005027366569265723,71.27420272833358,861447.925521499,861448.931397401
world,Display_Recent_Gaze,Display_Recent_Gaze,loop,30,0.0034461651618282,0.0025526960097545953,0.0009010545909404755,0.01457706093788147,0.005847198190167543,71.51357859450702,861448.931397401,861449.936785633
world,Display_Recent_Gaze,Display_Recent_Gaze,loop,30,0.003128976095467806,0.0014292543132087118,0.0008670613169670105,0.005456036888062954,0.005336391041055321,71.41800425791492,861449.936785633,861450.94177673
world,Display_Recent_Gaze,Display_Recent_Gaze,loop,30,0.0027264351956546307,0.0013865049214188934,0.0008119968697428703,0.005095964297652245,0.0048237096052616835,71.59420977113768,861450.94177673,861451.94552447
world,Display_Recent_Gaze,Display_Recent_Gaze,loop,30,0.003267894499003887,0.002260986662289877,0.0009950017556548119,0.012352014891803265,0.005926995072513817,71.59463760520642,861451.94552447,861452.953242965
world,Display_Recent_Gaze,Display_Recent_Gaze,loop,30,0.0026890658773481846,0.0013001235696406069,0.0008300412446260452,0.005095032975077629,0.004606798756867647,71.41946213863169,861452.953242965,861453.957100931
world,Display_Recent_Gaze,Display_Recent_Gaze,loop,30,0.0028891294884184995,0.0014893988294798033,0.0008529750630259514,0.006209011189639568,0.005487003363668917,71.63141776109114,861453.957100931,861454.960276782
world,Display_Recent_Gaze,Display_Recent_Gaze,loop,30,0.00237335916608572,0.00103528666184395,0.0009309733286499977,0.005187001079320908,0.003998744068667293,71.5343487681821,861454.960276782,861455.968041882
world,Display_Recent_Gaze,Display_Recent_Gaze,loop,30,0.0026342575438320637,0.00128285224853032,0.0010899966582655907,0.005565001629292965,0.004917883779853581,71.51344917559375,861455.968041882,861456.972828505
world,Display_Recent_Gaze,Display_Recent_Gaze,loop,30,0.002528800784299771,0.0013471511153148289,0.0009079230949282646,0.005264999344944954,0.005200976738706231,71.74658216924097,861456.972828505,861457.975779661
world,Display_Recent_Gaze,Display_Recent_Gaze,loop,30,0.0027518020942807198,0.0012619990751231798,0.0008799834176898003,0.005244044587016106,0.004938401980325578,71.761602590171,861457.975779661,861458.985057233
world,Display_Recent_Gaze,Display_Recent_Gaze,loop,30,0.0028128929746647677,0.0013065850213603955,0.0009370269253849983,0.00501296017318964,0.005001545650884509,71.84515962920462,861458.985057233,861459.989725006
world,Display_Recent_Gaze,Display_Recent_Gaze,loop,30,0.002729943177352349,0.0014438110329430631,0.001001986674964428,0.005642999894917011,0.005184265319257975,71.8917708999167,861459.989725006,861460.99603049
world,Display_Recent_Gaze,Display_Recent_Gaze,loop,30,0.0032387402219076953,0.002366930624821731,0.0009400537237524986,0.011609983630478382,0.008068798342719667,71.94089584130172,861460.99603049,861462.00220442
world,Display_Recent_Gaze,Display_Recent_Gaze,loop,30,0.0029300261909763017,0.0015151859927508143,0.001043081283569336,0.006387941539287567,0.005339470226317643,72.06565613547961,861462.00220442,861463.007248843
world,Display_Recent_Gaze,Display_Recent_Gaze,loop,30,0.0032172693560520806,0.0013095872289432154,0.0010511139407753944,0.005176989361643791,0.0049606082029640675,72.08272936210658,861463.007248843,861464.011351868
world,Display_Recent_Gaze,Display_Recent_Gaze,loop,30,0.0023707631044089794,0.0012021328001651083,0.0008899951353669167,0.004760921001434326,0.004500843351706862,71.93594330068056,861464.011351868,861465.016058707
world,Display_Recent_Gaze,Display_Recent_Gaze,loop,30,0.0027048091093699136,0.0022459899524559816,0.001075095497071743,0.01296098344027996,0.004877266474068165,72.12750233787422,861465.016058707,861466.021011418
world,Display_Recent_Gaze,Display_Recent_Gaze,loop,30,0.0027666334062814713,0.0012995236541026103,0.0009740469977259636,0.0052460236474871635,0.005073327338322996,71.98175647839282,861466.021011418,861467.02587347
world,Display_Recent_Gaze,Display_Recent_Gaze,loop,30,0.0026784992466370263,0.0014428559283136948,0.0008729984983801842,0.005931011401116848,0.004926801193505525,72.17357843959083,861467.02587347,861468.033089287
world,Display_Recent_Gaze,Display_Recent_Gaze,loop,30,0.0034815010925134024,0.0027411627176279216,0.0008639181032776833,0.01596100628376007,0.0053435389418154955,72.35649840440601,861468.033089287,861469.040387429
world,Display_Recent_Gaze,Display_Recent_Gaze,loop,30,0.002922548446804285,0.0013948078823984695,0.0009899958968162537,0.005437992513179779,0.004913320299237966,72.21021116323148,861469.040387429,861470.041175007
world,Display_Recent_Gaze,Display_Recent_Gaze,loop,30,0.002790397653977076,0.0014381684046960563,0.0008939532563090324,0.004799920134246349,0.004688749322667718,72.40598630160093,861470.041175007,861471.049717873
world,Display_Recent_Gaze,Display_Recent_Gaze,loop,30,0.0030909858954449496,0.002908211359839551,0.0008789356797933578,0.017291982658207417,0.004706793697550893,72.31514084463318,861471.049717873,861472.053461972
world,Display_Recent_Gaze,Display_Recent_Gaze,loop,30,0.0031530895891288915,0.0012446968887216087,0.001576961949467659,0.005440087988972664,0.005127058830112218,72.19679863192141,861472.053461972,861473.057270955
world,Display_Recent_Gaze,Display_Recent_Gaze,loop,30,0.0033402699045836926,0.0015032211643848817,0.001144944690167904,0.006471993401646614,0.005467311711981892,72.58614476692553,861473.057270955,861474.065697527
world,Display_Recent_Gaze,Display_Recent_Gaze,loop,30,0.003352466349800428,0.0012731802419236073,0.0011399388313293457,0.005305977538228035,0.00523744965903461,72.42972703728203,861474.065697527,861475.069731381
world,Display_Recent_Gaze,Display_Recent_Gaze,loop,30,0.002447209165742,0.0014822451221518811,0.001059030182659626,0.006236019544303417,0.0054615957196801875,72.34510328077401,861475.069731381,861476.074892019
world,Display_Recent_Gaze,Display_Recent_Gaze,loop,30,0.0026954920031130314,0.0014708871349527618,0.0008359784260392189,0.00561797060072422,0.005558255361393094,74.04299376842876,861476.074892019,861477.081506569
world,Display_Recent_Gaze,Display_Recent_Gaze,loop,30,0.003133527934551239,0.0014114268246556505,0.0012590317055583,0.005268026143312454,0.005101156421005726,72.56687829115738,861477.081506569,861478.085926598
world,Display_Recent_Gaze,Display_Recent_Gaze,loop,30,0.007826699099193016,0.02732673122062695,0.0011560041457414627,0.15482306480407715,0.005172356031835078,72.56680936940636,861478.085926598,861479.088941875
world,Display_Recent_Gaze,Display_Recent_Gaze,loop,30,0.0026376452296972275,0.0012506814451078417,0.001024920493364334,0.0053480034694075584,0.004779355367645621,72.65765367386241,861479.088941875,861480.09958785
world,Display_Recent_Gaze,Display_Recent_Gaze,loop,30,0.002336463270088037,0.001153616431868076,0.0010409858077764511,0.0054889824241399765,0.00528002856299281,72.4263989715837,861480.09958785,861481.103915776
world,Display_Recent_Gaze,Display_Recent_Gaze,loop,30,0.0027287014139195285,0.001511004955171502,0.0011409865692257881,0.006563030183315277,0.005106435855850577,72.85729500387485,861481.103915776,861482.107744794
world,Display_Recent_Gaze,Display_Recent_Gaze,loop,30,0.0031135743483901024,0.0013073517182027915,0.0009230570867657661,0.005746958777308464,0.005441316170617936,72.85288400016725,861482.107744794,861483.114564283
world,Display_Recent_Gaze,Display_Recent_Gaze,loop,30,0.0028503864693144956,0.0013578820107798056,0.0012139789760112762,0.005175010301172733,0.005029264139011501,72.78512542446454,861483.114564283,861484.11795701
world,Display_Recent_Gaze,Display_Recent_Gaze,loop,30,0.0033625983633100986,0.0013084694885568014,0.001400010660290718,0.005526002496480942,0.005406577838584781,73.00288733482982,861484.11795701,861485.121706097
world,Display_Recent_Gaze,Display_Recent_Gaze,loop,30,0.0027683136674265065,0.0012892399936774183,0.0012309756129980087,0.00612996518611908,0.005117885302752254,72.90783860177423,861485.121706097,861486.130240275
world,Display_Recent_Gaze,Display_Recent_Gaze,loop,30,0.002967760277291139,0.0014096029406424596,0.0010009389370679855,0.005798996426165104,0.0055278593208640805,72.9635651029336,861486.130240275,861487.13323095
world,Display_Recent_Gaze,Display_Recent_Gaze,loop,30,0.0029268402916689715,0.001493281259896237,0.000993022695183754,0.005770940333604813,0.005397881614044308,72.90557300051053,861487.13323095,861488.138926535
world,Display_Recent_Gaze,Display_Recent_Gaze,loop,30,0.002855489340921243,0.0012827452429703412,0.0011420343071222305,0.005637994036078453,0.00514914863742888,72.92131646148239,861488.138926535,861489.145866644
world,Display_Recent_Gaze,Display_Recent_Gaze,loop,30,0.003710268841435512,0.002858581763216377,0.0009570503607392311,0.01549196895211935,0.007884221849963059,73.19270603669186,861489.145866644,861490.150061528
world,Display_Recent_Gaze,Display_Recent_Gaze,loop,30,0.003371042354653279,0.001373964044757018,0.0011550728231668472,0.005569891072809696,0.005487952148541808,73.11260292384152,861490.150061528,861491.15478015
world,Display_Recent_Gaze,Display_Recent_Gaze,loop,30,0.0031093639942506948,0.0018133457138115698,0.0009889481589198112,0.009958981536328793,0.005033088382333517,73.2164841494523,861491.15478015,861492.165667601
world,Display_Recent_Gaze,Display_Recent_Gaze,loop,30,0.003011598406980435,0.0013485329774874386,0.0010319054126739502,0.005403999239206314,0.0052263960242271415,73.21944115683436,861492.165667601,861493.165891602
world,Display_Recent_Gaze,Display_Recent_Gaze,loop,30,0.003003158296147982,0.0013303138545829386,0.0009350478649139404,0.005098991096019745,0.005012063775211573,73.10983603820205,861493.165891602,861494.170029702
world,Display_Recent_Gaze,Display_Recent_Gaze,loop,30,0.0029927856909732022,0.0013146576955062384,0.0011440133675932884,0.0055480049923062325,0.005115318344905972,73.29303107302015,861494.170029702,861495.178254384
world,Display_Recent_Gaze,Display_Recent_Gaze,loop,30,0.003181099115560452,0.0015391440441095616,0.0008359784260392189,0.0056480057537555695,0.005584582686424255,73.3637834355856,861495.178254384,861496.183627645
world,Display_Recent_Gaze,Display_Recent_Gaze,loop,30,0.0029141277385254702,0.0012190223886480213,0.0009149080142378807,0.005417037755250931,0.004936341429129242,73.40166967672606,861496.183627645,861497.194695321
world,Blink_Detection,Blink_Detection,loop,30,0.009829062037169933,0.005568087731112529,0.0034209806472063065,0.031347968615591526,0.016202882397919893,71.2844531556281,861446.925630788,861447.925796752
world,Blink_Detection,Blink_Detection,loop,30,0.009585854907830557,0.005217050246708939,0.003247056156396866,0.01789990346878767,0.017000059597194195,71.2904446059838,861447.925796752,861448.93145837
world,Blink_Detection,Blink_Detection,loop,30,0.01061973161995411,0.004710909738471147,0.0030009541660547256,0.01730397343635559,0.016671698540449142,71.53445677443717,861448.93145837,861449.93694651
world,Blink_Detection,Blink_Detection,loop,30,0.01057605647171537,0.004653195529919994,0.003200024366378784,0.017857062630355358,0.017361802747473117,71.43782955827191,861449.93694651,861450.941904707
world,Blink_Detection,Blink_Detection,loop,30,0.00971426876882712,0.005444562733942398,0.0030150404199957848,0.026211957447230816,0.017149402992799878,71.61783424283688,861450.941904707,861451.945802535
world,Blink_Detection,Blink_Detection,loop,30,0.009672933568557104,0.004618974635807062,0.002956017851829529,0.018476974219083786,0.01706163166090846,71.6270575299859,861451.945802535,861452.953801365
world,Blink_Detection,Blink_Detection,loop,30,0.009300059173256159,0.004383036840125554,0.0030900118872523308,0.01616193912923336,0.01596696092747152,71.43760634741436,861452.953801365,861453.957248293
world,Blink_Detection,Blink_Detection,loop,30,0.010216232233991226,0.007014907343996139,0.003010965883731842,0.03577698953449726,0.02100972924381493,71.65131891767184,861453.957248293,861454.960427054
world,Blink_Detection,Blink_Detection,loop,30,0.008028345958640179,0.0033973573200914275,0.0032320385798811913,0.016772071830928326,0.013625354040414095,71.54985213807474,861454.960427054,861455.968159124
world,Blink_Detection,Blink_Detection,loop,30,0.009471639835586151,0.006717659986343005,0.003125052899122238,0.03941904287785292,0.01610370818525552,71.53214142890647,861455.968159124,861456.972987583
world,Blink_Detection,Blink_Detection,loop,30,0.008595261412362257,0.004486232006645604,0.0031830277293920517,0.017385929822921753,0.01684949966147542,71.76171719717483,861456.972987583,861457.975852395
world,Blink_Detection,Blink_Detection,loop,30,0.009494100231677294,0.004210942628641977,0.0028141075745224953,0.016693957149982452,0.015981832984834906,71.78065526143958,861457.975852395,861458.985208437
world,Blink_Detection,Blink_Detection,loop,30,0.009430750894049803,0.004284616363279141,0.0029510119929909706,0.017472077161073685,0.016596069326624274,71.86503795286019,861458.985208437,861459.989914012
world,Blink_Detection,Blink_Detection,loop,30,0.009708902022490898,0.005750208173329981,0.0034229597076773643,0.02940394915640354,0.017379724886268374,71.92387260341395,861459.989914012,861460.996588337
world,Blink_Detection,Blink_Detection,loop,30,0.00984362947444121,0.005192065363338781,0.0030440278351306915,0.023192958906292915,0.01906146062538027,71.95986663767447,861460.996588337,861462.002348526
world,Blink_Detection,Blink_Detection,loop,30,0.009621877688914537,0.0047720396234861365,0.003149965777993202,0.018949038349092007,0.016840844182297587,72.09737327648327,861462.002348526,861463.00779281
world,Blink_Detection,Blink_Detection,loop,30,0.011186227978517612,0.0040729765971095795,0.003803987056016922,0.017005018889904022,0.016546371625736352,72.11253802912931,861463.00779281,861464.011764555
world,Blink_Detection,Blink_Detection,loop,30,0.008445337880402803,0.004150850000255701,0.002969987690448761,0.01741794403642416,0.015625869855284684,71.95064163533971,861464.011764555,861465.016130992
world,Blink_Detection,Blink_Detection,loop,30,0.008262752089649439,0.0040292643284857155,0.0033240066841244698,0.01749501097947359,0.016906904056668278,72.14293942476313,861465.016130992,861466.021114417
world,Blink_Detection,Blink_Detection,loop,30,0.010336528066545725,0.005295527618647069,0.003430992364883423,0.02626690547913313,0.01645825686864555,71.99952294273923,861466.021114417,861467.02597086
world,Blink_Detection,Blink_Detection,loop,30,0.009516766294836998,0.004848192890449569,0.0032830284908413887,0.017731101252138615,0.01671421923674643,72.19137416686863,861467.02597086,861468.033207732
world,Blink_Detection,Blink_Detection,loop,30,0.010793772526085377,0.004656289000830893,0.003303983248770237,0.01822307240217924,0.016371760284528136,72.38414703945939,861468.033207732,861469.040747754
world,Blink_Detection,Blink_Detection,loop,30,0.010489540485044321,0.004868783479843029,0.003852066583931446,0.01921399962157011,0.017941254191100594,72.23006992911299,861469.040747754,861470.041288786
world,Blink_Detection,Blink_Detection,loop,30,0.009791490932305654,0.004951494624757908,0.0037120189517736435,0.01697591505944729,0.01677689142525196,72.42501420356955,861470.041288786,861471.049840374
world,Blink_Detection,Blink_Detection,loop,30,0.010572548490017653,0.005509974458109926,0.00254996120929718,0.025663990527391434,0.01741902087815106,72.33613734521593,861471.049840374,861472.05364802
world,Blink_Detection,Blink_Detection,loop,30,0.010606623254716396,0.004013865452252191,0.005018082447350025,0.017218058928847313,0.01656411332078278,72.22138756963734,861472.05364802,861473.057547507
world,Blink_Detection,Blink_Detection,loop,30,0.011423928663134575,0.005573543800594747,0.004440080374479294,0.03093807026743889,0.019133661407977332,72.60963240017493,861473.057547507,861474.065908365
world,Blink_Detection,Blink_Detection,loop,30,0.010653515346348286,0.0036879411247271957,0.0038709258660674095,0.01720304135233164,0.015988090308383104,72.46450345652799,861474.065908365,861475.070306102
world,Blink_Detection,Blink_Detection,loop,30,0.008890595442305008,0.007086298152368563,0.0031420495361089706,0.03932497929781675,0.01810982939787208,72.36379244520019,861475.070306102,861476.075068647
world,Blink_Detection,Blink_Detection,loop,30,0.00888036641602715,0.004644356121394228,0.0033889664337038994,0.018054037354886532,0.0170747865922749,74.05993490635107,861476.075068647,861477.081627131
world,Blink_Detection,Blink_Detection,loop,30,0.010058605888237556,0.004444310267076105,0.0037800054997205734,0.017991987988352776,0.017089140601456165,72.58829836112757,861477.081627131,861478.086124874
world,Blink_Detection,Blink_Detection,loop,30,0.009876765155543884,0.005005510265112548,0.004423083737492561,0.022180029191076756,0.017420994117856022,72.58597086571778,861478.086124874,861479.089061494
world,Blink_Detection,Blink_Detection,loop,30,0.008923816494643688,0.004361046722672944,0.0037481077015399933,0.018457998521625996,0.016362901078537107,72.67685763848324,861479.089061494,861480.099777317
world,Blink_Detection,Blink_Detection,loop,30,0.007630275407185157,0.003270160390479199,0.0035240082070231438,0.01662306021898985,0.015842553693801165,72.45190010095637,861480.099777317,861481.104357556
world,Blink_Detection,Blink_Detection,loop,30,0.0088114058598876,0.004283976683864942,0.0036080600693821907,0.01688092015683651,0.016497267642989755,72.8801124690411,861481.104357556,861482.108043302
world,Blink_Detection,Blink_Detection,loop,30,0.010269127475718657,0.004103969162246617,0.0033099204301834106,0.01836102455854416,0.016356853302568197,72.89047276523586,861482.108043302,861483.115254642
world,Blink_Detection,Blink_Detection,loop,30,0.009526168772329887,0.004634065855158747,0.00387697946280241,0.018008984625339508,0.017146486788988113,72.80491119405876,861483.115254642,861484.118127087
world,Blink_Detection,Blink_Detection,loop,30,0.011556370494266352,0.0042778003321730425,0.004987930878996849,0.018159975297749043,0.017672643298283216,73.02529274020344,861484.118127087,861485.121874663
world,Blink_Detection,Blink_Detection,loop,30,0.009328639134764671,0.004277033487131199,0.0039000296965241432,0.020203995518386364,0.016711372882127762,72.92669136465217,861485.121874663,861486.130394157
world,Blink_Detection,Blink_Detection,loop,30,0.009988597594201565,0.0047447122541590175,0.003460911102592945,0.019709928892552853,0.01754934201017022,72.98239780745159,861486.130394157,861487.133354669
world,Blink_Detection,Blink_Detection,loop,30,0.009935589817663034,0.0047502354523616275,0.003310968168079853,0.018872087821364403,0.016684632282704115,72.9298152999642,861487.133354669,861488.139219233
world,Blink_Detection,Blink_Detection,loop,30,0.009353070830305418,0.004110263767118143,0.004044966772198677,0.01791201066225767,0.017170794308185577,72.93900849763304,861488.139219233,861489.145977559
world,Blink_Detection,Blink_Detection,loop,30,0.01082118833437562,0.005498964736999204,0.003413064405322075,0.02659996971487999,0.01732581295073032,73.21249959835161,861489.145977559,861490.150177294
world,Blink_Detection,Blink_Detection,loop,30,0.011012722582866749,0.0047391645194932224,0.0035919947549700737,0.0183590454980731,0.017556193051859736,73.13575293713559,861490.150177294,861491.154987029
world,Blink_Detection,Blink_Detection,loop,30,0.00980032297472159,0.00476988241173463,0.003103981725871563,0.021719024516642094,0.01742084277793765,73.24974616834272,861491.154987029,861492.166231474
world,Blink_Detection,Blink_Detection,loop,31,0.010224648811403782,0.005175037101848098,0.0031319214031100273,0.026796944439411163,0.017156009562313557,73.21187770069247,861492.166231474,861493.197787168
world,Blink_Detection,Blink_Detection,loop,30,0.009992617803315321,0.004155995270429047,0.0034959521144628525,0.01648103352636099,0.016241561388596892,73.21452216710895,861493.197787168,861494.205683239
world,Blink_Detection,Blink_Detection,loop,30,0.009651641206194958,0.004150262325409944,0.0031510135158896446,0.017527025192975998,0.016504997620359063,73.25042753557985,861494.205683239,861495.209033653
world,Blink_Detection,Blink_Detection,loop,30,0.01017107085014383,0.00479010479808337,0.0033479882404208183,0.018854974769055843,0.01734296092763543,73.34559717370819,861495.209033653,861496.213037425
world,Blink_Detection,Blink_Detection,loop,30,0.010675960220396519,0.004539032415553249,0.0032319221645593643,0.019334955140948296,0.017358083277940747,73.61957960917304,861496.213037425,861497.221930091
world,Recorder,Recorder,loop,30,0.004604672236988942,0.0067324612164039125,0.001249951310455799,0.04009203985333443,0.005672068800777197,71.40034759650007,861446.951062186,861447.959214754
world,Recorder,Recorder,loop,30,0.004377561466147502,0.005023320931383996,0.0010950025171041489,0.02955098170787096,0.00645616091787815,71.2550618336536,861447.959214754,861448.963066166
world,Recorder,Recorder,loop,30,0.0058610341511666775,0.010652817816428318,0.0008959323167800903,0.062417006120085716,0.0064815510995686046,71.52495696985473,861448.963066166,861449.967578017
world,Recorder,Recorder,loop,30,0.0045986962504684925,0.003568824739686933,0.0010150251910090446,0.021418090909719467,0.006488512735813855,71.54122899907331,861449.967578017,861450.975464464
world,Recorder,Recorder,loop,30,0.00682012178003788,0.015707637222023407,0.0011059455573558807,0.08936296217143536,0.014224729966372212,71.59580304287374,861450.975464464,861451.979486848
world,Recorder,Recorder,loop,30,0.005017702157298724,0.007977904449370606,0.0011039664968848228,0.04693400114774704,0.007449381519109006,71.61680002463982,861451.979486848,861452.983556164
world,Recorder,Recorder,loop,30,0.006164695757130782,0.01481115663956383,0.0013459939509630203,0.085487961769104,0.006213400047272444,71.56386703718454,861452.983556164,861453.992196396
world,Recorder,Recorder,loop,30,0.004218390677124262,0.004736077015306892,0.0011021038517355919,0.02800906077027321,0.006841379217803476,71.59440652855362,861453.992196396,861454.995274574
world,Recorder,Recorder,loop,30,0.003949770083030065,0.004842701270424408,0.001100008375942707,0.029126997105777264,0.006134604336693882,71.52181024042268,861454.995274574,861455.999361641
world,Recorder,Recorder,loop,30,0.004260723168651263,0.003598064255816813,0.0012119999155402184,0.021823914721608162,0.006415031384676694,71.65279076822723,861455.999361641,861457.007825197
world,Recorder,Recorder,loop,30,0.004406533359239499,0.0058894101081297745,0.0011529773473739624,0.03486394416540861,0.006802991265431046,71.73766827521224,861457.007825197,861458.012048765
world,Recorder,Recorder,loop,30,0.0044785284747680025,0.006129881834600164,0.0010320218279957771,0.03631494473665953,0.006420101271942256,71.7358765929627,861458.012048765,861459.015546587
world,Recorder,Recorder,loop,30,0.00625768443569541,0.014522552009980557,0.0011860392987728119,0.08400995284318924,0.006062531610950826,71.86232149445762,861459.015546587,861460.020256248
world,Recorder,Recorder,loop,30,0.005155716401835282,0.008712955866009424,0.0013170065358281136,0.05062797572463751,0.009467551717534651,72.03105634155993,861460.020256248,861461.027864403
world,Recorder,Recorder,loop,30,0.005471993548174699,0.01139728672437001,0.0010229414328932762,0.0661719823256135,0.0071081041824072565,71.94248532953982,861461.027864403,861462.032169295
world,Recorder,Recorder,loop,30,0.005596057356645663,0.011204157334465946,0.0011960510164499283,0.06520492024719715,0.007211434422060845,72.08560910463954,861462.032169295,861463.036181981
world,Recorder,Recorder,loop,30,0.004647982617219289,0.003605569305635555,0.001634005457162857,0.022366992197930813,0.006293592741712928,72.20890373767664,861463.036181981,861464.043568988
world,Recorder,Recorder,loop,30,0.004825690605988105,0.00900862127834348,0.001177075318992138,0.0526549993082881,0.006221933290362355,71.95207740102585,861464.043568988,861465.048592877
world,Recorder,Recorder,loop,30,0.004083628300577402,0.006147987645593142,0.00132701825350523,0.036360928788781166,0.006476824637502429,72.08773029657702,861465.048592877,861466.051852744
world,Recorder,Recorder,loop,30,0.0046554758834342165,0.00577440961268735,0.0011780066415667534,0.03470003139227629,0.0064569350797682975,72.10617390616487,861466.051852744,861467.059884037
world,Recorder,Recorder,loop,30,0.006127299275249243,0.014160396606684127,0.0011289957910776138,0.08190004155039787,0.006124674109742044,72.19208750563364,861467.059884037,861468.064780381
world,Recorder,Recorder,loop,30,0.005152375282098849,0.007063269696790777,0.0009729992598295212,0.04211103077977896,0.006691308226436375,72.33741792539756,861468.064780381,861469.06795003
world,Recorder,Recorder,loop,30,0.007226209466656049,0.01389011386115797,0.0016720732674002647,0.07785495836287737,0.018327444558963117,72.36602043655391,861469.06795003,861470.076807329
world,Recorder,Recorder,loop,30,0.00578326095516483,0.012777665321031514,0.0011809170246124268,0.07397402077913284,0.006578164175152775,72.39306936583792,861470.076807329,861471.08067893
world,Recorder,Recorder,loop,30,0.005445109369854133,0.00930093815695737,0.00098405871540308,0.0546859810128808,0.006788480095565318,72.29449376075839,861471.08067893,861472.084192446
world,Recorder,Recorder,loop,30,0.006977705440173547,0.015686085217417076,0.002115964889526367,0.09064306505024433,0.010118359932675939,72.3619715931515,861472.084192446,861473.093121906
world,Recorder,Recorder,loop,30,0.00618023332208395,0.012052607532400785,0.001710955984890461,0.07061497308313847,0.0066482287365943185,72.56942855892703,861473.093121906,861474.096578699
world,Recorder,Recorder,loop,30,0.005476941199352344,0.00895312662701646,0.001318054273724556,0.05317898467183113,0.006027647759765387,72.43048392313842,861474.096578699,861475.100229327
world,Recorder,Recorder,loop,30,0.004416168667376041,0.007556216468217532,0.0013218959793448448,0.04404899664223194,0.007438822649419306,72.47476177290082,861475.100229327,861476.108395641
world,Recorder,Recorder,loop,30,0.005242104331652324,0.00992255765083004,0.0013299286365509033,0.05777797196060419,0.007233052747324107,74.04350112968434,861476.108395641,861477.11278201
world,Recorder,Recorder,loop,30,0.006359202476839225,0.01460136205720662,0.0016640406101942062,0.0846170587465167,0.006081769242882728,72.58226556781058,861477.11278201,861478.117359551
world,Recorder,Recorder,loop,30,0.004445912782102823,0.005001505788966494,0.001467997208237648,0.03002991434186697,0.0064650434069335435,72.65831684926525,861478.117359551,861479.124312438
world,Recorder,Recorder,loop,30,0.004666741006076336,0.006248366441673839,0.0012989621609449387,0.033341930247843266,0.013632763875648341,72.65164662773411,861479.124312438,861480.128387232
world,Recorder,Recorder,loop,30,0.0036562366100649038,0.004727998448638164,0.0015569385141134262,0.02817995846271515,0.006265548290684818,72.43215653579682,861480.128387232,861481.132441183
world,Recorder,Recorder,loop,30,0.005336889686683814,0.012024841762894886,0.0014720717445015907,0.06967305671423674,0.005604623584076762,72.99243519470717,861481.132441183,861482.140539953
world,Recorder,Recorder,loop,30,0.005077493066589038,0.008086196115082009,0.00098405871540308,0.04772702232003212,0.007255049422383308,72.88244983258967,861482.140539953,861483.144642834
world,Recorder,Recorder,loop,30,0.005822970221439998,0.012455606318178937,0.0014009419828653336,0.0722899567335844,0.006408919580280781,72.80821083501603,861483.144642834,861484.149548996
world,Recorder,Recorder,loop,30,0.005843191562841336,0.009721165895252808,0.0017579877749085426,0.0575709855183959,0.006786943413317203,73.12374764199679,861484.149548996,861485.157232106
world,Recorder,Recorder,loop,30,0.0043874140828847885,0.005802791359601644,0.0013889512047171593,0.03463297616690397,0.006555760046467185,72.87922483325626,861485.157232106,861486.160631978
world,Recorder,Recorder,loop,30,0.005104516943295796,0.00763097972950387,0.0011690426617860794,0.04522304516285658,0.006645766552537678,72.95578493115802,861486.160631978,861487.164681443
world,Recorder,Recorder,loop,30,0.004909466952085495,0.0052915327748255196,0.0011309748515486717,0.02697901800274849,0.013934721937403048,73.04131315322593,861487.164681443,861488.172711389
world,Recorder,Recorder,loop,30,0.005664195244510968,0.011873867934004245,0.0015799887478351593,0.06916304118931293,0.006184761878103018,72.93929660615201,861488.172711389,861489.177599589
world,Recorder,Recorder,loop,30,0.007054054488738378,0.017359621368161007,0.0012699747458100319,0.09997398592531681,0.007280975114554166,73.16945921241616,861489.177599589,861490.18110007
world,Recorder,Recorder,loop,30,0.006841394739846389,0.0158761615262887,0.0012470409274101257,0.09189196862280369,0.006568076787516474,73.26528873527423,861490.18110007,861491.189680981
world,Recorder,Recorder,loop,30,0.0040517887100577354,0.003991835590018523,0.0011959346011281013,0.02364697866141796,0.006957032019272443,73.20582845713943,861491.189680981,861492.192764423
world,Recorder,Recorder,loop,30,0.00647850101813674,0.01563274402287571,0.0011509982869029045,0.09028904605656862,0.006315676728263496,73.26895925604428,861492.192764423,861493.198701784
world,Recorder,Recorder,loop,30,0.0047049679172535734,0.005254029365501973,0.0011540250852704048,0.03151001874357462,0.006921129534021017,73.23516503286858,861493.198701784,861494.205999015
world,Recorder,Recorder,loop,30,0.004557671491056681,0.005335659267124447,0.001559033989906311,0.03216008190065622,0.006326608126983046,73.27085586730391,861494.205999015,861495.209338185
world,Recorder,Recorder,loop,30,0.004860964448501666,0.005542728840550971,0.0011060619726777077,0.03311200998723507,0.007109483703970908,73.36604290952285,861495.209338185,861496.213320803
world,Recorder,Recorder,loop,30,0.005959839715311925,0.011350109092995107,0.001184060238301754,0.06648106500506401,0.006612262222915887,73.71844519317771,861496.213320803,861497.224548534
eye0,Roi,Roi,loop,123,0.007769016253693801,0.004316699491996709,0.002312939614057541,0.01650303602218628,0.014741730410605667,11.514931567944586,861450.327180393,861451.327218278
eye0,Roi,Roi,loop,125,0.0069330353289842606,0.004542541042577847,0.002254033461213112,0.02500100526958704,0.014280970208346844,11.327223856002092,861451.327218278,861452.335099448
eye0,Roi,Roi,loop,124,0.006555216274254264,0.004974208631488873,0.002022017724812031,0.03114005085080862,0.014830607688054442,11.271684689657583,861452.335099448,861453.335293495
eye0,Roi,Roi,loop,124,0.007676931413551492,0.007787735840599998,0.002362998202443123,0.07077306509017944,0.017937622033059597,11.379152930702173,861453.335293495,861454.335502401
eye0,Roi,Roi,loop,124,0.006400950012668487,0.004132911717604172,0.002190936356782913,0.016729929484426975,0.014200928853824733,11.305985165827517,861454.335502401,861455.335852226
eye0,Roi,Roi,loop,124,0.006091218599448761,0.003772226822610794,0.002146931365132332,0.017484999261796474,0.014423549873754379,11.573011313767863,861455.335852226,861456.339417869
eye0,Roi,Roi,loop,123,0.006383159992898383,0.004052595196879951,0.002215965650975704,0.018549966625869274,0.014232611283659935,11.737809466326807,861456.339417869,861457.347378956
eye0,Roi,Roi,loop,124,0.0066360535715977035,0.004352885632352051,0.002234010025858879,0.020122970454394817,0.014515063958242534,11.587451282520629,861457.347378956,861458.34818899
eye0,Roi,Roi,loop,125,0.006845181807875633,0.0045306579906369705,0.0022640451788902283,0.0271450262516737,0.013997172936797142,11.633234506472945,861458.34818899,861459.355410345
eye0,Roi,Roi,loop,124,0.006863858640914963,0.004457502880155038,0.002579065039753914,0.023882021196186543,0.014414679026231168,11.591970199538816,861459.355410345,861460.35574977
eye0,Roi,Roi,loop,123,0.007260027644413758,0.004241633690886098,0.002368004061281681,0.01679197885096073,0.014418619684875011,11.667099173703209,861460.35574977,861461.355943656
eye0,Roi,Roi,loop,124,0.007115947570832026,0.0056720196975955746,0.002405955456197262,0.047681969590485096,0.015212554717436426,11.727592648727999,861461.355943656,861462.356257207
eye0,Roi,Roi,loop,80,0.011178597924299538,0.03311338047157602,0.0021869782358407974,0.30254898592829704,0.015805283328518268,14.417780778603628,861462.356257207,861463.363585076
eye0,Roi,Roi,loop,120,0.007111958499687414,0.004368501955230267,0.002569984644651413,0.020102947019040585,0.015313521726056933,19.665367717971094,861463.363585076,861464.364052373
eye0,Roi,Roi,loop,120,0.007286144924970965,0.004233252550697783,0.00253401231020689,0.018439022824168205,0.014972593635320662,19.825078743936803,861464.364052373,861465.364314641
eye0,Roi,Roi,loop,121,0.007102255370806564,0.004644577525689148,0.002532033249735832,0.032227952033281326,0.015091034583747387,19.681611770864052,861465.364314641,861466.372262241
eye0,Roi,Roi,loop,121,0.0072031297282246515,0.004136388660439713,0.0024100299924612045,0.021127983927726746,0.01505296677350998,19.870801394889977,861466.372262241,861467.381178421
eye0,Roi,Roi,loop,120,0.007251982848780851,0.003926013034772986,0.0025669578462839127,0.01607195008546114,0.015089486259967087,19.593558135481242,861467.381178421,861468.381293003
eye0,Roi,Roi,loop,120,0.007270471542142332,0.004465170685392771,0.002329004928469658,0.019512022845447063,0.016285845777019855,19.79395134355097,861468.381293003,861469.381403242
eye0,Roi,Roi,loop,120,0.00750545101861159,0.004640716866448031,0.0025229528546333313,0.025991001166403294,0.015704648103564974,20.037905930075794,861469.381403242,861470.382817594
eye0,Roi,Roi,loop,120,0.007685594027861953,0.00478455466320817,0.002510962076485157,0.02037198282778263,0.016330316429957747,20.005768687891152,861470.382817594,861471.390188645
eye0,Roi,Roi,loop,85,0.008574652704684174,0.014501226073612847,0.0024669570848345757,0.1360198948532343,0.014616805128753185,18.3901809676386,861471.390188645,861472.394237698
eye0,Roi,Roi,loop,125,0.007506530731916428,0.004346666241677247,0.002150074578821659,0.02695200964808464,0.014775176532566547,10.14549817983061,861472.394237698,861473.402416972
eye0,Roi,Roi,loop,125,0.007503917440772057,0.00399778668591456,0.0023370375856757164,0.01789501402527094,0.01457913313060999,10.125211593694985,861473.402416972,861474.409790815
eye0,Roi,Roi,loop,124,0.007222040421179225,0.004643661273110164,0.0024139881134033203,0.03359210677444935,0.01543611288070678,10.024824020107307,861474.409790815,861475.41397166
eye0,Roi,Roi,loop,125,0.0072918543592095375,0.009263724612598894,0.002349959686398506,0.10099203791469336,0.01422143541276455,10.243610722012818,861475.41397166,861476.421904191
eye0,Roi,Roi,loop,114,0.007410447946504543,0.004082230110552079,0.002384069375693798,0.018284074030816555,0.014290725812315939,10.322072973123571,861476.421904191,861477.42246906
eye0,Roi,Roi,loop,124,0.007542306482191047,0.004165465387623114,0.0023531029000878334,0.016528996638953686,0.014242099132388828,10.200843888132143,861477.42246906,861478.422499059
eye0,Roi,Roi,loop,124,0.007132873795325717,0.003967426541200817,0.002432032488286495,0.016354955732822418,0.014177599223330617,10.246041358538694,861478.422499059,861479.4225284
eye0,Roi,Roi,loop,125,0.007127039134502411,0.0039201693060309595,0.002403976395726204,0.020037987269461155,0.01415323931723833,10.21906787250191,861479.4225284,861480.430084865
eye0,Roi,Roi,loop,124,0.006381242025283075,0.0036509815073901947,0.0027068890631198883,0.016437028534710407,0.013789843069389462,10.159463771889287,861480.430084865,861481.430135142
eye0,Roi,Roi,loop,124,0.006238588192049534,0.0033930788945389827,0.00265403650701046,0.016249949112534523,0.013790855882689355,10.285145970204123,861481.430135142,861482.434677415
eye0,Roi,Roi,loop,125,0.007290449924767017,0.0038064942618697027,0.002642977051436901,0.014994991943240166,0.014318735338747501,10.592211093753576,861482.434677415,861483.442199114
eye0,Roi,Roi,loop,124,0.007219625742084557,0.003996500066902268,0.0023799948394298553,0.018212012946605682,0.014233519323170183,10.523633999494656,861483.442199114,861484.442280692
eye0,Roi,Roi,loop,125,0.007149888202548027,0.00411342409195301,0.002656015567481518,0.018269987776875496,0.014546397142112255,10.509646277874708,861484.442280692,861485.450760596
eye0,Roi,Roi,loop,125,0.007128694094717503,0.0038945643704647328,0.002326909452676773,0.01655006781220436,0.014185789041221142,10.537820310331881,861485.450760596,861486.458230036
eye0,Roi,Roi,loop,124,0.007362292718983466,0.004822059595208481,0.0025649787858128548,0.03356102388352156,0.014673091936856507,10.502129654219795,861486.458230036,861487.458326196
eye0,Roi,Roi,loop,124,0.008308348403642736,0.005797432408731477,0.00292900949716568,0.03861600998789072,0.016326166223734617,10.557423306313614,861487.458326196,861488.458400885
eye0,Roi,Roi,loop,124,0.008037895895540714,0.007328820351289078,0.002609100192785263,0.07099506910890341,0.015552237164229153,10.69337478838861,861488.458400885,861489.4625695
eye0,Roi,Roi,loop,125,0.007003382779657841,0.0037867212927726606,0.002421904355287552,0.016527017578482628,0.014228513464331627,10.751504973508418,861489.4625695,861490.47050154
eye0,Roi,Roi,loop,124,0.008419718435635009,0.01240301931424296,0.002756016328930855,0.1357069704681635,0.015588902169838546,10.858713918658454,861490.47050154,861491.477600402
eye0,Roi,Roi,loop,125,0.007930477149784565,0.005027100470133486,0.0023760367184877396,0.03316602669656277,0.015342002734541893,10.860514136962593,861491.477600402,861492.478502481
eye0,Roi,Roi,loop,124,0.008289852449970861,0.0045538863256214465,0.002613058313727379,0.026200897991657257,0.01435970771126449,10.949826976772577,861492.478502481,861493.479187795
eye0,Roi,Roi,loop,124,0.007495430538490895,0.004113723663114572,0.0022050226107239723,0.015052035450935364,0.013921014033257961,10.846365169028662,861493.479187795,861494.480467147
eye0,Roi,Roi,loop,125,0.007446659728884697,0.004105134109416748,0.002371962182223797,0.0171030405908823,0.014948449097573755,10.808750096708536,861494.480467147,861495.486590112
eye0,Roi,Roi,loop,124,0.007755979294738462,0.004327531915566137,0.002350076101720333,0.019261031411588192,0.015535304555669422,11.073936687617172,861495.486590112,861496.490691516
eye0,Roi,Roi,loop,116,0.008103310267023486,0.00465710957049266,0.002354034222662449,0.022211926989257336,0.015509751392528415,11.349813897234935,861496.490691516,861497.491371002
eye0,Roi,Roi,loop,125,0.007723003625869751,0.004404813460548423,0.0022960593923926353,0.01935497857630253,0.015090219676494597,11.158868223428726,861497.491371002,861498.498661153
eye0,Roi,Roi,loop,125,0.007353079505264759,0.004023924725867217,0.002418062649667263,0.0233739847317338,0.01434539444744587,11.121579374186695,861498.498661153,861499.506722352
eye0,Roi,Roi,loop,124,0.006646859542196316,0.0048293748535362035,0.0023971078917384148,0.037695979699492455,0.014573551015928382,11.029368475823093,861499.506722352,861500.507354775
eye0,nnUNetDetector2DPlugin,2dcpp,loop,124,2.007038150388267,1.0855954752886496,0.6783569697290659,4.99573303386569,4.190800030482933,13.544121370350402,861450.321336043,861451.328192797
eye0,nnUNetDetector2DPlugin,2dcpp,loop,125,1.6955167027190328,1.0096727104404715,0.6665110122412443,5.2791680209338665,3.840344422496855,13.032379297539592,861451.328192797,861452.336009849
eye0,nnUNetDetector2DPlugin,2dcpp,loop,124,1.526315478728183,0.9393394254406764,0.6644469685852528,4.430550034157932,3.66077276994474,12.807749609853472,861452.336009849,861453.337351252
eye0,nnUNetDetector2DPlugin,2dcpp,loop,124,1.8454014470109776,1.0749439357044999,0.6778070237487555,7.144823088310659,4.080652189441024,13.237738806281179,861453.337351252,861454.337834949
eye0,nnUNetDetector2DPlugin,2dcpp,loop,125,1.648364843800664,0.9282667095256504,0.6684869294986129,4.221277893520892,3.5406414419412613,12.948932363651693,861454.337834949,861455.344446067
eye0,nnUNetDetector2DPlugin,2dcpp,loop,124,1.660177658777684,1.0592228682612255,0.6753300549462438,7.959702983498573,3.5643437062390135,13.270297921412896,861455.344446067,861456.34812788
eye0,nnUNetDetector2DPlugin,2dcpp,loop,122,1.5567913890022358,0.9519662908620284,0.6277840584516525,5.2381150890141726,3.393242903985082,13.295965538299107,861456.34812788,861457.348705545
eye0,nnUNetDetector2DPlugin,2dcpp,loop,124,1.5624596440653888,0.9291250791676872,0.686513027176261,4.32744505815208,3.448586515150964,13.164691107850823,861457.348705545,861458.353307411
eye0,nnUNetDetector2DPlugin,2dcpp,loop,125,1.6332683460786939,0.9861120070867407,0.6638799095526338,5.294670001603663,3.9833696326240893,13.27614297810942,861458.353307411,861459.35643258
eye0,nnUNetDetector2DPlugin,2dcpp,loop,124,1.6075719641746893,0.9238101277742721,0.6697640055790544,4.353860975243151,3.629135183291509,13.211393202166825,861459.35643258,861460.357706572
eye0,nnUNetDetector2DPlugin,2dcpp,loop,124,1.7278667017366858,0.9578833876457976,0.6804181030020118,4.883193993009627,3.983560146298259,13.395704046425019,861460.357706572,861461.365454721
eye0,nnUNetDetector2DPlugin,2dcpp,loop,125,1.7003445951268077,0.9660110622358071,0.6993189454078674,5.342298070900142,3.822158020921051,13.420554588548839,861461.365454721,861462.373085274
eye0,nnUNetDetector2DPlugin,2dcpp,loop,79,1.874790845226638,1.1457388005335596,0.7106219418346882,6.905596004799008,4.463877505622804,16.497950448324502,861462.373085274,861463.374417903
eye0,nnUNetDetector2DPlugin,2dcpp,loop,121,1.744691033324242,1.0104099268599696,0.6816938985139132,4.819298977963626,3.6479299888014793,21.433875866211213,861463.374417903,861464.381460333
eye0,nnUNetDetector2DPlugin,2dcpp,loop,120,1.8249832607883338,1.0426866752205994,0.679865013808012,5.026589031331241,4.13525135954842,21.661600722776104,861464.381460333,861465.382314322
eye0,nnUNetDetector2DPlugin,2dcpp,loop,121,1.88106531950776,1.0697886490989592,0.7014619186520576,5.808697082102299,3.9435200160369277,21.568743020396155,861465.382314322,861466.389767393
eye0,nnUNetDetector2DPlugin,2dcpp,loop,120,2.0675689292450747,1.216997851787177,0.6589710246771574,5.745608941651881,4.928778199246153,21.950905646857183,861466.389767393,861467.392822998
eye0,nnUNetDetector2DPlugin,2dcpp,loop,121,1.7470771952893984,0.8950698825596284,0.6537450244650245,4.557459964416921,3.6604750202968717,21.36156615639521,861467.392822998,861468.396981337
eye0,nnUNetDetector2DPlugin,2dcpp,loop,120,2.1351205020134025,1.3885993150334517,0.4637649981305003,8.033341960981488,5.037894326960668,21.990102421841584,861468.396981337,861469.406658958
eye0,nnUNetDetector2DPlugin,2dcpp,loop,121,2.039148519392903,1.2856767829912286,0.6551460828632116,7.035893038846552,4.567755968309939,22.05482728717741,861469.406658958,861470.409200372
eye0,nnUNetDetector2DPlugin,2dcpp,loop,119,1.9079059892639267,1.3495770058473482,0.5853860639035702,7.243904052302241,4.573663102928547,21.957727698922284,861470.409200372,861471.422752661
eye0,nnUNetDetector2DPlugin,2dcpp,loop,87,1.6478968572792136,0.9976347809526405,0.5765090463683009,4.411672009155154,4.028253676369786,19.515057624285593,861471.422752661,861472.428130157
eye0,nnUNetDetector2DPlugin,2dcpp,loop,125,1.7931328723207116,0.9277811775145273,0.658269040286541,5.449578049592674,3.6874041659757486,11.955877793952823,861472.428130157,861473.436409935
eye0,nnUNetDetector2DPlugin,2dcpp,loop,124,1.9215740762921352,0.9203296656684076,0.6710659945383668,4.550051991827786,3.9425909228157248,12.033594058706395,861473.436409935,861474.436433486
eye0,nnUNetDetector2DPlugin,2dcpp,loop,124,1.683756225599697,0.6873128212992214,0.7000919431447983,4.771700012497604,2.8135830594692375,11.806814716340252,861474.436433486,861475.438877064
eye0,nnUNetDetector2DPlugin,2dcpp,loop,124,1.6371299955813634,0.8138901906335309,0.6629149429500103,3.9432060439139605,3.369820432271808,11.881655263301406,861475.438877064,861476.439682253
eye0,nnUNetDetector2DPlugin,2dcpp,loop,114,1.761107625880916,0.8019223755792309,0.6905730115249753,4.2060320265591145,3.4404890320729455,12.08858300927667,861476.439682253,861477.439865444
eye0,nnUNetDetector2DPlugin,2dcpp,loop,125,1.811647342517972,0.9469473590431308,0.6583819631487131,4.190493957139552,4.061100399121642,12.007468749769032,861477.439865444,861478.447767612
eye0,nnUNetDetector2DPlugin,2dcpp,loop,125,1.6964274616912007,0.7514161884323953,0.7067460101097822,4.119107965379953,3.544788970611989,11.932222787290812,861478.447767612,861479.455531498
eye0,nnUNetDetector2DPlugin,2dcpp,loop,124,1.7093039932660758,0.8101405217257538,0.6582209607586265,5.788070964626968,3.2900561753194775,11.93388940995529,861479.455531498,861480.456291488
eye0,nnUNetDetector2DPlugin,2dcpp,loop,125,1.6137493280693889,0.7460717659932146,0.6955910939723253,4.772739019244909,3.5035549197345954,11.754615472629666,861480.456291488,861481.464302709
eye0,nnUNetDetector2DPlugin,2dcpp,loop,124,1.5360845023796204,0.5535715987037323,0.7494079181924462,3.675263957120478,2.698807121487333,11.97304353380816,861481.464302709,861482.467598767
eye0,nnUNetDetector2DPlugin,2dcpp,loop,124,1.7878214881244687,0.757242162538434,0.705873011611402,4.3393149971961975,3.257744497386738,12.349112792083272,861482.467598767,861483.469703703
eye0,nnUNetDetector2DPlugin,2dcpp,loop,125,1.748799473978579,0.856686494391228,0.6980099715292454,4.172241082414985,3.7180854473263025,12.281398333609104,861483.469703703,861484.47543519
eye0,nnUNetDetector2DPlugin,2dcpp,loop,124,1.9876650758012528,1.0111658361203848,0.685655977576971,4.873698926530778,4.109033197164535,12.495737665543153,861484.47543519,861485.478954258
eye0,nnUNetDetector2DPlugin,2dcpp,loop,125,1.6930997930467129,0.7718045089539688,0.6808929610997438,3.974481951445341,3.3317526103928685,12.211400249041617,861485.478954258,861486.48372084
eye0,nnUNetDetector2DPlugin,2dcpp,loop,124,1.812254885143991,0.7799968349998762,0.706725986674428,4.094633040949702,3.3494304225314404,12.314137104230243,861486.48372084,861487.483741567
eye0,nnUNetDetector2DPlugin,2dcpp,loop,124,1.8978804263526634,0.9181835747186554,0.6963569903746247,4.455358954146504,3.9687407144811004,12.485859547591497,861487.483741567,861488.48760871
eye0,nnUNetDetector2DPlugin,2dcpp,loop,124,1.810417617596085,0.7696889358518342,0.6893998943269253,4.157939925789833,3.497925720876082,12.580814531951722,861488.48760871,861489.488947525
eye0,nnUNetDetector2DPlugin,2dcpp,loop,124,1.6519867405746012,0.724417013995229,0.6916739512234926,4.286116920411587,3.2056250493042167,12.391405742457737,861489.488947525,861490.489643807
eye0,nnUNetDetector2DPlugin,2dcpp,loop,125,1.6175322439521551,0.7342851992953578,0.6635700119659305,4.214992048218846,3.315929928794503,12.471032380126417,861490.489643807,861491.494973882
eye0,nnUNetDetector2DPlugin,2dcpp,loop,124,1.8743949176202859,0.9386717659371179,0.6981679471209645,4.206310026347637,3.852176311193034,12.741448044131,861491.494973882,861492.496048072
eye0,nnUNetDetector2DPlugin,2dcpp,loop,124,2.153127076810286,1.1109249052616144,0.7208359893411398,4.84411499928683,4.190297314198688,13.118577069572863,861492.496048072,861493.49923394
eye0,nnUNetDetector2DPlugin,2dcpp,loop,124,1.90558320478416,0.9351328035626225,0.6560870679095387,4.227924044243991,3.9355937682557847,12.759161825787517,861493.49923394,861494.499414123
eye0,nnUNetDetector2DPlugin,2dcpp,loop,124,1.6452589076042416,0.7307973985969658,0.7528129499405622,4.669349989853799,3.130386013071983,12.495462523563013,861494.499414123,861495.499932057
eye0,nnUNetDetector2DPlugin,2dcpp,loop,124,1.9267903680297276,0.9045703887921548,0.6684079999104142,4.9592520808801055,3.780939808348193,13.008485294713248,861495.499932057,861496.500021731
eye0,nnUNetDetector2DPlugin,2dcpp,loop,116,1.8086548711992159,0.8344595913833917,0.6908649811521173,4.228200064972043,3.537096461514011,13.16964949364774,861496.500021731,861497.500041426
eye0,nnUNetDetector2DPlugin,2dcpp,loop,125,1.9496842417865992,0.9859660247229209,0.7113700266927481,4.34104900341481,3.8964810082688928,13.11260707769543,861497.500041426,861498.507393786
eye0,nnUNetDetector2DPlugin,2dcpp,loop,124,1.8861408799796575,0.849723407911242,0.6647200789302588,4.327081027440727,3.738491854164749,13.020024169236422,861498.507393786,861499.507782943
eye0,nnUNetDetector2DPlugin,2dcpp,loop,124,1.5689374554166269,0.6956001020080398,0.697361072525382,4.155829083174467,3.260127390967681,12.623085678863008,861499.507782943,861500.511874768
eye1,Roi,Roi,loop,124,0.008267245345538663,0.004528597298904639,0.002240994945168495,0.01894205342978239,0.014828314306214452,12.247222194996391,861450.391214759,861451.399103413
eye1,Roi,Roi,loop,124,0.006903999394947483,0.0041291330777818765,0.0021579908207058907,0.016023055650293827,0.013993738684803247,12.065415066899732,861451.399103413,861452.403636941
eye1,Roi,Roi,loop,125,0.006372035481035709,0.004471313496391624,0.0021279556676745415,0.025371089577674866,0.01435922458767891,12.220949551090598,861452.403636941,861453.411529197
eye1,Roi,Roi,loop,124,0.00792642259189198,0.004903096698369363,0.0022440217435359955,0.02757599577307701,0.014613475650548935,12.343325441883456,861453.411529197,861454.412104049
eye1,Roi,Roi,loop,125,0.006831938400864601,0.004759139033889382,0.002276967279613018,0.03544404171407223,0.014182948507368563,12.257687889039516,861454.412104049,861455.419976231
eye1,Roi,Roi,loop,125,0.00626178365200758,0.0039452946411917865,0.002300017513334751,0.016247970052063465,0.013994937762618065,12.204325782135129,861455.419976231,861456.427423233
eye1,Roi,Roi,loop,122,0.006376646390398507,0.004342056495002001,0.002171960659325123,0.02737401518970728,0.014177372213453053,12.288826642764091,861456.427423233,861457.427432409
eye1,Roi,Roi,loop,124,0.0068307929341831514,0.004335038853514943,0.002157059498131275,0.018545077182352543,0.01447398099116981,12.296683134345878,861457.427432409,861458.427908235
eye1,Roi,Roi,loop,124,0.007248008548612556,0.0047242603113422,0.002383952960371971,0.027735019102692604,0.015283370157703757,12.517250546689835,861458.427908235,861459.431928022
eye1,Roi,Roi,loop,125,0.0073708053678274155,0.004936979851504582,0.0023390166461467743,0.023573054932057858,0.015691830776631832,12.594243272207677,861459.431928022,861460.439700965
eye1,Roi,Roi,loop,124,0.007269193320685337,0.0043244392492691654,0.002305954694747925,0.019304919987916946,0.015306356362998484,12.588188469019387,861460.439700965,861461.440211986
eye1,Roi,Roi,loop,125,0.007120631635189056,0.004942758292379017,0.002368004061281681,0.03306905273348093,0.014074845239520073,12.709316728636622,861461.440211986,861462.447645875
eye1,Roi,Roi,loop,124,0.007865663182230727,0.0037826185640885733,0.0024259788915514946,0.019288971088826656,0.01491842558607459,12.565263404300616,861462.447645875,861463.448068103
eye1,Roi,Roi,loop,125,0.007539692334830761,0.00916293915488838,0.002168002538383007,0.09955500718206167,0.014217360876500607,12.727115532383323,861463.448068103,861464.455994862
eye1,Roi,Roi,loop,124,0.007410819131520486,0.004708035271150686,0.002240994945168495,0.031094998121261597,0.01456777099519968,12.646464587775089,861464.455994862,861465.456354976
eye1,Roi,Roi,loop,124,0.006881635448324585,0.00438016737904811,0.0023369211703538895,0.027453992515802383,0.014279712922871111,12.833538161019884,861465.456354976,861466.459709115
eye1,Roi,Roi,loop,124,0.007136925799591887,0.004095540957790662,0.002107000909745693,0.01749803777784109,0.014256755821406841,12.93961211171512,861466.459709115,861467.459764531
eye1,Roi,Roi,loop,124,0.007633365795857484,0.004336517551912644,0.0022420426830649376,0.01797208096832037,0.014883186668157578,12.876686794052441,861467.459764531,861468.459813588
eye1,Roi,Roi,loop,124,0.007826595514592144,0.004352443728137608,0.0022640451788902283,0.01645891461521387,0.014278624439612031,12.926088161616315,861468.459813588,861469.459935906
eye1,Roi,Roi,loop,124,0.007211784606859568,0.004450821635224757,0.0024030450731515884,0.022779102437198162,0.01443301443941891,12.865895864501175,861469.459935906,861470.460667933
eye1,Roi,Roi,loop,123,0.007026856272988688,0.004090240484631943,0.0024279579520225525,0.017640995793044567,0.014050130266696213,13.093926236828471,861470.460667933,861471.487132133
eye1,Roi,Roi,loop,123,0.00768243543409962,0.003966183822418743,0.0027730129659175873,0.020398059859871864,0.014246883802115917,13.050046813772704,861471.487132133,861472.488071839
eye1,Roi,Roi,loop,124,0.007231327359594645,0.0038891587172728706,0.0023349421098828316,0.01665495801717043,0.014080130495131016,13.11405526188713,861472.488071839,861473.488081784
eye1,Roi,Roi,loop,124,0.00734386342247167,0.0035785736034528105,0.002378947101533413,0.014554942026734352,0.01416179002262652,13.198010842203193,861473.488081784,861474.488264722
eye1,Roi,Roi,loop,124,0.006383296192413376,0.0032771786837361722,0.0023529864847660065,0.01644599251449108,0.013792933896183966,13.077329149499777,861474.488264722,861475.488717806
eye1,Roi,Roi,loop,120,0.005741099206109841,0.0028950180275844084,0.0022550811991095543,0.013837008737027645,0.012900121510028839,13.097121900257966,861475.488717806,861476.494260268
eye1,Roi,Roi,loop,119,0.006326063371756498,0.003027433446571677,0.0023460015654563904,0.01623493153601885,0.01348012592643499,13.313045834793764,861476.494260268,861477.496249681
eye1,Roi,Roi,loop,124,0.006972389641187845,0.004372437266032431,0.0025510089471936226,0.030354945920407772,0.014203664613887666,13.167539005911339,861477.496249681,861478.496530717
eye1,Roi,Roi,loop,124,0.005673327963919409,0.0026077696966852284,0.0024829059839248657,0.014313962310552597,0.012111751129850742,13.09380732709542,861478.496530717,861479.500466055
eye1,Roi,Roi,loop,125,0.006493213586509228,0.0037498960340500744,0.0031118979677557945,0.027366098947823048,0.013656821101903915,13.387156896293163,861479.500466055,861480.508717289
eye1,Roi,Roi,loop,125,0.005898032337427139,0.0030640116892964157,0.00227498821914196,0.016678939573466778,0.013583386316895485,13.347568773664534,861480.508717289,861481.516447222
eye1,Roi,Roi,loop,124,0.006760463058467834,0.010282302448149894,0.00286102294921875,0.11604290921241045,0.013635552022606134,13.298382349838052,861481.516447222,861482.516635517
eye1,Roi,Roi,loop,125,0.006768619641661644,0.0034262809562819944,0.0025799963623285294,0.01944799441844225,0.01403347123414278,13.435826930217445,861482.516635517,861483.524590183
eye1,Roi,Roi,loop,124,0.006949384471461657,0.004103698809871918,0.0025399494916200638,0.026162946596741676,0.016013241838663813,13.436758761189036,861483.524590183,861484.524610742
eye1,Roi,Roi,loop,124,0.007166090654209256,0.003676589091699177,0.0023279571905732155,0.018576974980533123,0.013899203622713685,13.49892224571968,861484.524610742,861485.524615027
eye1,Roi,Roi,loop,124,0.006294207489718834,0.0030412326086470417,0.002630986273288727,0.01646694727241993,0.013182440306991339,13.479478554912813,861485.524615027,861486.528533888
eye1,Roi,Roi,loop,124,0.006684080524850757,0.003486150135095189,0.0021350570023059845,0.016585923731327057,0.013433216372504829,13.666340829654326,861486.528533888,861487.528639199
eye1,Roi,Roi,loop,124,0.0069075641447618125,0.004071474278462909,0.002508983016014099,0.018591992557048798,0.01574139459989965,13.676130467267226,861487.528639199,861488.52879396
eye1,Roi,Roi,loop,125,0.006340550258755684,0.003135666161378931,0.002325046807527542,0.015815021470189095,0.013261823914945124,13.708064572885633,861488.52879396,861489.536919766
eye1,Roi,Roi,loop,125,0.007355579175055027,0.004639885886270678,0.0022889580577611923,0.029354006983339787,0.016192137263715264,13.654381062835455,861489.536919766,861490.544843096
eye1,Roi,Roi,loop,124,0.006333172824534197,0.0034726998627446566,0.0022330787032842636,0.018264981918036938,0.014247262151911853,13.73894681643334,861490.544843096,861491.545394103
eye1,Roi,Roi,loop,125,0.0067161256447434425,0.0035642369374414393,0.002224929630756378,0.016974983736872673,0.013927626423537731,13.698935708031058,861491.545394103,861492.552843788
eye1,Roi,Roi,loop,124,0.007581314064502236,0.003959163883192196,0.002401997335255146,0.020598992705345154,0.014457217184826732,13.96490427695455,861492.552843788,861493.55696998
eye1,Roi,Roi,loop,124,0.0066351936003493685,0.003575239898532326,0.002242974005639553,0.016440986655652523,0.013995025074109435,13.958145559187077,861493.55696998,861494.557113498
eye1,Roi,Roi,loop,124,0.006641850866858036,0.0033949233333182127,0.0024299370124936104,0.01752201933413744,0.013988115824759007,13.970494124805555,861494.557113498,861495.557392586
eye1,Roi,Roi,loop,125,0.0064692022278904915,0.003256031460571646,0.0026830239221453667,0.016267993487417698,0.01316140405833721,13.946715851314366,861495.557392586,861496.565010862
eye1,Roi,Roi,loop,113,0.007562461902544035,0.008645195483319563,0.002626911737024784,0.09190698619931936,0.014597782865166664,14.010462245442369,861496.565010862,861497.565704529
eye1,Roi,Roi,loop,125,0.006790379993617535,0.0035399063184271486,0.0020919833332300186,0.01647602766752243,0.013834820128977299,14.010743150487542,861497.565704529,861498.573377666
eye1,Roi,Roi,loop,125,0.006176764145493507,0.0027447677199807226,0.0023400643840432167,0.01470197457820177,0.012685800902545452,13.970016529783607,861498.573377666,861499.581213251
eye1,Roi,Roi,loop,124,0.006336506621371354,0.0035862654594203017,0.002334010787308216,0.023639993742108345,0.013784412294626234,14.211975642660212,861499.581213251,861500.585208845
eye1,nnUNetDetector2DPlugin,2dcpp,loop,124,2.0671131140026713,1.0860765481714552,0.7107270648702979,5.072598927654326,4.099109274102374,14.312303658845204,861450.409028812,861451.415902027
eye1,nnUNetDetector2DPlugin,2dcpp,loop,124,1.7164762163790124,0.9185006406190831,0.6851000944152474,4.328703042119741,3.855970199219882,13.854555240193863,861451.415902027,861452.421390282
eye1,nnUNetDetector2DPlugin,2dcpp,loop,125,1.6473164362832904,1.0493152554805683,0.6763259880244732,4.5737860491499305,4.202849650755525,13.867393983528018,861452.421390282,861453.427973397
eye1,nnUNetDetector2DPlugin,2dcpp,loop,124,1.9339171872894851,0.9955883653312201,0.6835670210421085,5.017440067604184,4.159600607817993,14.301482297953278,861453.427973397,861454.43138893
eye1,nnUNetDetector2DPlugin,2dcpp,loop,125,1.6095298500731587,0.9043702139039921,0.6807730533182621,4.202550044283271,3.463539248332381,13.856222277507186,861454.43138893,861455.436650586
eye1,nnUNetDetector2DPlugin,2dcpp,loop,125,1.556840660981834,0.9158073429801016,0.6643269443884492,5.381332011893392,3.5985605558380485,13.759008272551,861455.436650586,861456.443935561
eye1,nnUNetDetector2DPlugin,2dcpp,loop,122,1.6394345572630524,1.3500555772102338,0.654290895909071,12.943056994117796,3.5867727710865416,13.930996524963955,861456.443935561,861457.444473954
eye1,nnUNetDetector2DPlugin,2dcpp,loop,125,1.6932177692651749,1.051340033495556,0.6854339735582471,7.354337954893708,3.926636045798659,13.973809144459665,861457.444473954,861458.452543326
eye1,nnUNetDetector2DPlugin,2dcpp,loop,124,1.7365818540941202,1.0150347258032084,0.6861210567876697,6.482240976765752,3.863707528216764,14.357714695037313,861458.452543326,861459.458976702
eye1,nnUNetDetector2DPlugin,2dcpp,loop,125,1.6002483954653144,0.915619097558344,0.6930779200047255,4.71383600961417,3.520497609861195,14.198493249714375,861459.458976702,861460.465817495
eye1,nnUNetDetector2DPlugin,2dcpp,loop,124,1.7415867412402746,0.9663416896400231,0.700036995112896,5.341466050595045,3.9523266197647895,14.325455829103086,861460.465817495,861461.469716586
eye1,nnUNetDetector2DPlugin,2dcpp,loop,125,1.7445517219603062,1.0896096420091657,0.6725500570610166,5.720488028600812,4.370531602762639,14.43875265866518,861461.469716586,861462.472716508
eye1,nnUNetDetector2DPlugin,2dcpp,loop,124,1.995867048765743,0.8281499431194527,0.6839879788458347,5.225855042226613,3.459332068450749,14.566148998358496,861462.472716508,861463.473067859
eye1,nnUNetDetector2DPlugin,2dcpp,loop,124,1.770049146744573,1.0783877873483825,0.6709449226036668,6.532100029289722,4.053268954157829,14.51139980288703,861463.473067859,861464.475389791
eye1,nnUNetDetector2DPlugin,2dcpp,loop,124,1.85336806480923,1.1195438901579122,0.6836029933765531,5.053422064520419,4.171576618682593,14.533058704522949,861464.475389791,861465.476560389
eye1,nnUNetDetector2DPlugin,2dcpp,loop,124,1.7534849616969306,0.9827576879082254,0.6725860293954611,4.7149560414254665,3.8728327315766355,14.620773501754288,861465.476560389,861466.477226746
eye1,nnUNetDetector2DPlugin,2dcpp,loop,124,1.9155869020089027,0.9735979258708595,0.6627109833061695,4.707389045506716,3.8893533870577808,14.859529712515313,861466.477226746,861467.47764722
eye1,nnUNetDetector2DPlugin,2dcpp,loop,125,1.8678041137754917,0.9804526001984929,0.6707059219479561,4.937016987241805,3.877250012010336,14.741799848154187,861467.47764722,861468.484979363
eye1,nnUNetDetector2DPlugin,2dcpp,loop,125,2.0389165729284286,1.1640466792893982,0.6870940560474992,5.115161999128759,4.259771620854735,14.96188504807651,861468.484979363,861469.494370095
eye1,nnUNetDetector2DPlugin,2dcpp,loop,124,1.8632782335888836,0.9850640753938047,0.6777580128982663,4.553581005893648,4.091424710350111,14.72387811255401,861469.494370095,861470.494782802
eye1,nnUNetDetector2DPlugin,2dcpp,loop,120,1.8292045569978654,1.0833191068047012,0.6866490002721548,4.996974021196365,4.170036193681881,14.982485541258939,861470.494782802,861471.503938323
eye1,nnUNetDetector2DPlugin,2dcpp,loop,124,1.9542480069738362,0.9482978259079533,0.7013049907982349,5.219939048402011,3.781900351168588,15.03875681702348,861471.503938323,861472.504800623
eye1,nnUNetDetector2DPlugin,2dcpp,loop,124,1.9207682344131172,0.8203970214571048,0.7081669755280018,4.326420021243393,3.5318937094416465,15.036687758120317,861472.504800623,861473.505123465
eye1,nnUNetDetector2DPlugin,2dcpp,loop,124,2.214599071228276,0.980409269895176,0.6707819411531091,4.879839951172471,4.194095527054741,15.416128825651661,861473.505123465,861474.506194181
eye1,nnUNetDetector2DPlugin,2dcpp,loop,124,2.0471396405370004,0.8350559448152668,0.6875318940728903,4.306329996325076,3.4869684197474267,15.133149153928482,861474.506194181,861475.506310836
eye1,nnUNetDetector2DPlugin,2dcpp,loop,119,1.7831255945948368,0.9302672687950453,0.6637499900534749,5.412491969764233,3.6993474350310858,14.908208874711658,861475.506310836,861476.53306564
eye1,nnUNetDetector2DPlugin,2dcpp,loop,123,1.9473422127510838,0.7421728146933324,0.6699849618598819,4.127142019569874,3.3587740035727607,15.187868427265647,861476.53306564,861477.537466492
eye1,nnUNetDetector2DPlugin,2dcpp,loop,124,2.2274201994972125,0.935922510071253,0.7871160050854087,4.255354986526072,4.1644490556791425,15.41108197641499,861477.537466492,861478.539196338
eye1,nnUNetDetector2DPlugin,2dcpp,loop,124,1.8144872418845133,0.7218101334044167,0.699177966453135,4.267377080395818,3.14659594441764,15.045042001386925,861478.539196338,861479.541348721
eye1,nnUNetDetector2DPlugin,2dcpp,loop,124,1.9384825756142456,0.755508735719569,0.6771370535716414,3.992749028839171,3.3965400943998247,15.297373391560189,861479.541348721,861480.541910302
eye1,nnUNetDetector2DPlugin,2dcpp,loop,124,1.9170883395183351,0.7280116915836596,0.7280519930645823,4.1434880113229156,3.40135772130452,15.259222214808688,861480.541910302,861481.542606296
eye1,nnUNetDetector2DPlugin,2dcpp,loop,125,1.9264439679682255,0.6275684233316884,0.7761679589748383,3.628366976045072,3.1002682400867343,15.222434336319566,861481.542606296,861482.550985907
eye1,nnUNetDetector2DPlugin,2dcpp,loop,124,2.0379624827088967,0.7694369789712893,0.6660850485786796,4.244360025040805,3.4727812337223436,15.476352757691677,861482.550985907,861483.552334921
eye1,nnUNetDetector2DPlugin,2dcpp,loop,125,2.0022384310141206,0.7431275782244557,0.684303930029273,4.255717969499528,3.2746984157711267,15.43143735267222,861483.552334921,861484.561452852
eye1,nnUNetDetector2DPlugin,2dcpp,loop,125,2.0650865910574794,0.9493226941970268,0.6822480354458094,5.176723934710026,4.00521035771817,15.541289387270808,861484.561452852,861485.566741924
eye1,nnUNetDetector2DPlugin,2dcpp,loop,124,1.7631596429348593,0.7068001116595054,0.6682149833068252,3.9202120387926698,3.1533147790469225,15.388711359381917,861485.566741924,861486.570942779
eye1,nnUNetDetector2DPlugin,2dcpp,loop,125,2.0454325433820486,0.8645297901183845,0.6600880296900868,4.39322495367378,3.8765597622841597,15.704245495609939,861486.570942779,861487.578401402
eye1,nnUNetDetector2DPlugin,2dcpp,loop,125,2.046752846799791,0.9163571489872886,0.6770968902856112,4.36594698112458,3.943946002982557,15.722976137883961,861487.578401402,861488.58708382
eye1,nnUNetDetector2DPlugin,2dcpp,loop,124,1.9401929401341946,0.7504084055702346,0.729111023247242,4.341768100857735,3.293466940522194,15.628656455045265,861488.58708382,861489.58708525
eye1,nnUNetDetector2DPlugin,2dcpp,loop,125,2.0499346926808357,0.8199017885920804,0.7157849613577127,4.226297023706138,3.5437695914879437,15.679973982274532,861489.58708525,861490.59358033
eye1,nnUNetDetector2DPlugin,2dcpp,loop,124,1.904393995045534,0.7708298227202615,0.6793669890612364,3.883067984133959,3.3016940345987673,15.64166610853957,861490.59358033,861491.593990725
eye1,nnUNetDetector2DPlugin,2dcpp,loop,124,2.0251202213037156,0.8546043932240117,0.6769910687580705,4.252730985172093,3.7673623533919454,15.787223187808488,861491.593990725,861492.600834587
eye1,nnUNetDetector2DPlugin,2dcpp,loop,125,2.2806043289601803,1.0871805409906425,0.6902609020471573,6.047950009815395,4.17435416020453,16.345084816217422,861492.600834587,861493.607824176
eye1,nnUNetDetector2DPlugin,2dcpp,loop,125,2.0470768362283707,0.9482029207228526,0.7417469751089811,5.785522051155567,4.137312574312091,15.987135051749647,861493.607824176,861494.614720911
eye1,nnUNetDetector2DPlugin,2dcpp,loop,124,2.005011244158771,0.814924755072105,0.6887569325044751,4.412690992467105,3.4841522516217083,15.958379824540668,861494.614720911,861495.614780026
eye1,nnUNetDetector2DPlugin,2dcpp,loop,124,1.952943911272732,0.7326374003178504,0.7113550091162324,4.107502987608314,3.3916130836587395,15.88504272888625,861495.614780026,861496.616413332
eye1,nnUNetDetector2DPlugin,2dcpp,loop,114,2.094823001115991,0.9083983740580759,0.7044810336083174,4.374633892439306,3.9906602527480572,16.096231949376758,861496.616413332,861497.623097834
eye1,nnUNetDetector2DPlugin,2dcpp,loop,125,1.8926066579297185,0.9152089969980077,0.6652759620919824,4.2633600533008575,3.852828475646674,15.875952759757638,861497.623097834,861498.632025029
eye1,nnUNetDetector2DPlugin,2dcpp,loop,124,1.9888846154865478,0.824933525864194,0.7039250340312719,5.340393981896341,3.726606245618313,16.107256768361456,861498.632025029,861499.63473995
eye1,nnUNetDetector2DPlugin,2dcpp,loop,125,1.7454205127432942,0.7341856874705497,0.6691939197480679,4.269564989954233,3.3103559166193004,15.98598983231932,861499.63473995,861500.642885004
world,UVC_Source,UVC_Source,loop,29,21.33046917553092,7.37965593125514,0.0838390551507473,31.317196087911725,29.961145017296076,73.50141606454191,861497.184872042,861498.192963082
world,UVC_Source,UVC_Source,loop,30,25.254273670725524,3.779962795207863,18.233628012239933,32.59108297061175,30.38807999691926,72.99097231201206,861498.192963082,861499.196907952
world,UVC_Source,UVC_Source,loop,30,25.06168213052054,3.2271326117785635,17.67639396712184,32.0602300344035,29.62305052787997,72.84760213224217,861499.196907952,861500.201051659
world,UVC_Source,UVC_Source,loop,30,25.485327870895464,3.269507124998691,17.829923890531063,32.271475065499544,30.07964748539962,73.04241263773292,861500.201051659,861501.20914224
world,UVC_Source,UVC_Source,loop,30,24.59573797338332,3.749692895899349,15.493502956815064,31.256509013473988,30.22911943262443,73.0327411632364,861501.20914224,861502.213058205
world,UVC_Source,UVC_Source,loop,30,25.030019778447848,4.296621375435859,13.030130066908896,32.44986606296152,30.94913565437309,73.06029006140307,861502.213058205,861503.21708623
world,UVC_Source,UVC_Source,loop,30,25.151379534509033,4.276866069719424,15.003177104517817,32.546962960623205,31.6734040970914,73.23175015626475,861503.21708623,861504.225109792
world,UVC_Source,UVC_Source,loop,30,27.859803029180814,3.028057677322314,20.47997305635363,32.59378997609019,32.06247940543108,72.97571323967229,861504.225109792,861505.229068225
world,UVC_Source,UVC_Source,loop,30,29.837591915080946,2.121420305133629,26.974513079039752,33.23689696844667,33.14645841019228,73.09523715715234,861505.229068225,861506.233162524
world,UVC_Source,UVC_Source,loop,30,29.411179824577022,2.166459107204333,25.17598506528884,33.2424120279029,32.97030695248395,73.17864549501489,861506.233162524,861507.241207203
world,UVC_Source,UVC_Source,loop,30,29.762055301883567,2.074775464383016,26.72387205529958,33.19798095617443,33.118102414300665,73.0925897640797,861507.241207203,861508.245249823
world,UVC_Source,UVC_Source,loop,30,29.602228896692395,1.9202173205093478,27.268773992545903,33.04796002339572,32.77943222783506,73.15483135559286,861508.245249823,861509.249290344
world,UVC_Source,UVC_Source,loop,30,30.053969406678032,1.9451670876222993,27.66631101258099,33.3778130589053,33.22907560504973,73.19501073798165,861509.249290344,861510.257338481
world,UVC_Source,UVC_Source,loop,30,29.485411604400724,1.9845716002925557,26.742902002297342,32.94581989757717,32.87629664409906,73.29693146360417,861510.257338481,861511.26139172
world,UVC_Source,UVC_Source,loop,30,29.77698624599725,2.157868286400288,27.3057030281052,33.14555389806628,33.10501773376018,73.34392519745354,861511.26139172,861512.265349618
world,UVC_Source,UVC_Source,loop,30,29.654602333903313,2.35133197406853,24.33646097779274,33.376776962541044,32.95544713619165,73.40463483318065,861512.265349618,861513.269437199
world,UVC_Source,UVC_Source,loop,30,29.6117191358159,2.0316203265032806,26.538618025369942,32.96577092260122,32.742220762884244,73.4803653593796,861513.269437199,861514.277509791
world,UVC_Source,UVC_Source,loop,30,29.714067773117375,2.144541669879079,27.52690191846341,33.33327500149608,33.30379818798974,73.39135116975133,861514.277509791,861515.281572138
world,UVC_Source,UVC_Source,loop,30,29.5442328400289,2.033383408769683,26.12260903697461,33.02153397817165,32.957067899405956,73.44813313878451,861515.281572138,861516.285529894
world,UVC_Source,UVC_Source,loop,30,29.48753807383279,2.0790723459011446,26.66668698657304,33.12079794704914,32.90012303623371,73.51274340568732,861516.285529894,861517.293611913
world,UVC_Source,UVC_Source,loop,30,29.32464163362359,1.9186122410401572,27.299457928165793,33.091587014496326,32.48327730107121,73.45685663943489,861517.293611913,861518.297705094
world,UVC_Source,UVC_Source,loop,30,23.704470371982705,5.283331828768616,11.302368948236108,33.30262703821063,30.79424964962527,73.79642740124837,861518.297705094,861519.301887654
world,UVC_Source,UVC_Source,loop,30,23.953924898523837,4.6848543551153945,15.485810930840671,32.70673903170973,32.40266176289879,73.899431192937,861519.301887654,861520.310111293
world,UVC_Source,UVC_Source,loop,30,23.65697738714516,4.709583616565205,12.684258981607854,30.95717797987163,30.134599457960576,73.83007097135608,861520.310111293,861521.314069412
world,UVC_Source,UVC_Source,loop,26,22.685177566017956,6.630842114549773,0.21600001491606236,30.410701991058886,28.484228503657505,74.52338677383243,861521.314069412,861522.334292674
world,UVC_Source,UVC_Source,loop,30,22.544865698243182,7.925698140830214,0.1196650555357337,33.02150499075651,30.417042330373075,75.37985139836867,861522.334292674,861523.358166756
world,UVC_Source,UVC_Source,loop,30,19.060270705570776,5.80105638635197,6.06626202352345,30.020463978871703,27.64074450242333,73.89358146271358,861523.358166756,861524.361843772
world,UVC_Source,UVC_Source,loop,30,21.425548506279785,5.584315089681304,9.348694002255797,32.049985020421445,28.10780222644098,74.12345493600394,861524.361843772,861525.37038033
world,UVC_Source,UVC_Source,loop,30,22.75524331489578,7.515436565356928,0.07934297900646925,31.9467990193516,31.008452753303565,73.9734972671916,861525.37038033,861526.373995988
world,UVC_Source,UVC_Source,loop,30,19.63239988544956,6.984007189703251,5.338617949746549,30.585965025238693,29.834299208596345,74.09471576102078,861526.373995988,861527.378254438
world,UVC_Source,UVC_Source,loop,27,13.831427661460582,8.04763237409702,0.05853199400007725,28.49603001959622,23.005104600451887,76.71597043776677,861527.378254438,861528.425315405
world,UVC_Source,UVC_Source,loop,31,25.49698538777809,4.05752906272012,15.131040941923857,32.51423500478268,31.594871485140175,74.10365161335757,861528.425315405,861529.458393647
world,UVC_Source,UVC_Source,loop,30,23.51144039227317,4.582792341994216,11.419928981922567,32.64812799170613,30.552897433517494,74.23771046645318,861529.458393647,861530.462376016
world,UVC_Source,UVC_Source,loop,30,26.131307364751894,3.8458982347604227,18.060832982882857,33.15726504661143,32.1181406150572,74.2248647652256,861530.462376016,861531.470523654
world,UVC_Source,UVC_Source,loop,30,24.440354159257065,4.618927734274045,12.816700036637485,31.907659955322742,30.946002132259306,74.24335974113394,861531.470523654,861532.474260308
world,UVC_Source,UVC_Source,loop,30,25.676735506082576,3.8779830887334232,16.120076063089073,32.72196603938937,31.494776025647298,74.40442270987357,861532.474260308,861533.478612343
world,UVC_Source,UVC_Source,loop,30,26.136130494220804,3.644408823647356,16.85312599875033,31.490309978835285,31.199771258980036,74.32560929252456,861533.478612343,861534.486624065
world,UVC_Source,UVC_Source,loop,30,25.09257176425308,4.912338110641258,13.300855061970651,32.75566501542926,31.74041392048821,74.39138176850975,861534.486624065,861535.490350831
world,UVC_Source,UVC_Source,loop,30,24.214741300481062,3.481523478731592,15.397686045616865,29.36965401750058,29.02995284530334,74.45448885361354,861535.490350831,861536.494392458
world,UVC_Source,UVC_Source,loop,28,21.36579488537141,9.544913234197303,0.07288099732249975,32.32643601950258,31.598830362781882,76.75108471136939,861536.494392458,861537.51866611
world,UVC_Source,UVC_Source,loop,31,23.563258259767487,6.874495258202883,0.10706810280680656,32.03265694901347,30.22645349847153,74.5216684581171,861537.51866611,861538.538847542
world,UVC_Source,UVC_Source,loop,30,19.790123965746414,6.0810853353431975,6.4577399753034115,30.31070192810148,28.8963547325693,74.5593099660861,861538.538847542,861539.546786702
world,UVC_Source,UVC_Source,loop,30,19.7430092918997,5.631499078943779,5.2218809723854065,28.92210998106748,27.7755424613133,74.50317981032033,861539.546786702,861540.550558212
world,UVC_Source,UVC_Source,loop,30,20.12412022644033,8.835076830307262,0.05481892731040716,31.34804591536522,28.125830413773656,77.47040589262421,861540.550558212,861541.554843666
world,UVC_Source,UVC_Source,loop,30,18.876684398856014,6.344423946512996,6.701386999338865,30.008309055119753,28.34012936800718,74.59506636175017,861541.554843666,861542.56290611
world,UVC_Source,UVC_Source,loop,30,17.625110549852252,7.150830230087743,4.2199669405817986,28.05313398130238,27.54578565945849,74.73802259579922,861542.56290611,861543.566993235
world,UVC_Source,UVC_Source,loop,30,21.62999480497092,7.645291157968327,0.15495799016207457,30.376676935702562,29.891449050046504,75.39899566909298,861543.566993235,861544.570805704
world,UVC_Source,UVC_Source,loop,30,16.691829380579293,8.406382512947358,0.12317101936787367,32.098078983835876,28.200566768646233,74.96463718901698,861544.570805704,861545.57504236
world,UVC_Source,UVC_Source,loop,30,17.671121334812295,7.8128396285251664,0.8474210044369102,31.00039402488619,28.92233004677109,74.87818966231619,861545.57504236,861546.583048003
world,UVC_Source,UVC_Source,loop,30,23.05107449647039,6.866390305065204,0.11053599882870913,32.467059907503426,30.58597572380677,75.00012965950494,861546.583048003,861547.586824177
world,NetworkApiPlugin,NetworkApiPlugin,loop,29,0.021203758259271753,0.009429580904180232,0.0072480179369449615,0.03919494338333607,0.03380083944648504,73.55218357406557,861497.187297486,861498.193459271
world,NetworkApiPlugin,NetworkApiPlugin,loop,30,0.021762420268108446,0.009098248157911023,0.009170034900307655,0.03661797381937504,0.03422671579755842,73.03773724318792,861498.193459271,861499.197244919
world,NetworkApiPlugin,NetworkApiPlugin,loop,30,0.017453799955546856,0.008156302754982159,0.007333001121878624,0.03513297997415066,0.0326662790030241,72.88830317168807,861499.197244919,861500.201431901
world,NetworkApiPlugin,NetworkApiPlugin,loop,30,0.01884317413593332,0.007440172719123149,0.008234987035393715,0.03334402572363615,0.030705943936482065,73.09240349568427,861500.201431901,861501.209767641
world,NetworkApiPlugin,NetworkApiPlugin,loop,30,0.02129179968809088,0.008651953880603138,0.010379008017480373,0.03706593997776508,0.03354289219714701,73.07805233867839,861501.209767641,861502.21339057
world,NetworkApiPlugin,NetworkApiPlugin,loop,30,0.01807296648621559,0.008252426939168795,0.009321956895291805,0.032488955184817314,0.03226771950721741,73.09832326912631,861502.21339057,861503.217352502
world,NetworkApiPlugin,NetworkApiPlugin,loop,30,0.01706408414368828,0.007824440773510381,0.007542897947132587,0.03380596172064543,0.03101252950727939,73.26666106237099,861503.217352502,861504.225333164
world,NetworkApiPlugin,NetworkApiPlugin,loop,30,0.01360707295437654,0.007603916954234069,0.007270020432770252,0.035501085221767426,0.03255974152125417,73.00276540530224,861504.225333164,861505.229224792
world,NetworkApiPlugin,NetworkApiPlugin,loop,30,0.009630787341545025,0.001984517720878821,0.006624963134527206,0.013049924746155739,0.012523838086053727,73.11943596772228,861505.229224792,861506.233423836
world,NetworkApiPlugin,NetworkApiPlugin,loop,30,0.010685335534314314,0.0019222851315067273,0.00749609898775816,0.017137965187430382,0.012353144120424984,73.2045448385179,861506.233423836,861507.241462675
world,NetworkApiPlugin,NetworkApiPlugin,loop,30,0.010327684382597605,0.001979959892495682,0.006766989827156067,0.015400000847876072,0.0123749952763319,73.1176938318337,861507.241462675,861508.245505274
world,NetworkApiPlugin,NetworkApiPlugin,loop,30,0.010468768111119667,0.0013765608047401525,0.007492955774068832,0.0127000967040658,0.012301583774387835,73.18046303698793,861508.245505274,861509.249554577
world,NetworkApiPlugin,NetworkApiPlugin,loop,30,0.009369508673747381,0.0018624419661842037,0.005980953574180603,0.012564938515424728,0.012200511991977692,73.21864674643923,861509.249554577,861510.257599307
world,NetworkApiPlugin,NetworkApiPlugin,loop,30,0.010739220306277275,0.0016424524187733122,0.007114955224096775,0.012489967048168182,0.01242292346432805,73.32000974565744,861510.257599307,861511.261561506
world,NetworkApiPlugin,NetworkApiPlugin,loop,30,0.010146495575706163,0.0016044864779749517,0.007551978342235088,0.013464014045894146,0.012796506052836774,73.3669155316117,861511.261561506,861512.265529169
world,NetworkApiPlugin,NetworkApiPlugin,loop,30,0.010959652718156576,0.0016357317778550981,0.0078000593930482864,0.013645971193909645,0.01321884337812662,73.42882204490404,861512.265529169,861513.269633412
world,NetworkApiPlugin,NetworkApiPlugin,loop,30,0.011074535238246122,0.0015905628979571216,0.007965019904077053,0.01391698606312275,0.012883811723440886,73.50668950239196,861513.269633412,861514.2777675
world,NetworkApiPlugin,NetworkApiPlugin,loop,30,0.009916501585394144,0.0018285870745086469,0.006783055141568184,0.012706965208053589,0.0124441459774971,73.41600912623107,861514.2777675,861515.281827833
world,NetworkApiPlugin,NetworkApiPlugin,loop,30,0.010065063058088223,0.0018479412072283678,0.007621012628078461,0.017293961718678474,0.011817325139418244,73.47217146695282,861515.281827833,861516.285757845
world,NetworkApiPlugin,NetworkApiPlugin,loop,30,0.010117228763798872,0.0017271784742406624,0.007005990482866764,0.012409058399498463,0.012189301196485758,73.53769236942753,861516.285757845,861517.293872884
world,NetworkApiPlugin,NetworkApiPlugin,loop,30,0.011315507193406424,0.00234250545819837,0.007451977580785751,0.01962494570761919,0.015386327868327486,73.48397482419387,861517.293872884,861518.29796521
world,NetworkApiPlugin,NetworkApiPlugin,loop,30,0.021356763318181038,0.01052364509403799,0.005990033969283104,0.04008004907518625,0.036082713631913066,73.83965714058529,861518.29796521,861519.302141806
world,NetworkApiPlugin,NetworkApiPlugin,loop,30,0.025505297041187685,0.01586017794242684,0.0069409143179655075,0.08642300963401794,0.040754635119810693,73.96292336440335,861519.302141806,861520.310822681
world,NetworkApiPlugin,NetworkApiPlugin,loop,30,0.02308449475094676,0.01021264561120072,0.008258037269115448,0.04012393765151501,0.038944237167015665,73.887074405017,861520.310822681,861521.314696554
world,NetworkApiPlugin,NetworkApiPlugin,loop,26,0.02499347409376731,0.013958265747377048,0.00816304236650467,0.07569999434053898,0.037964724469929934,74.578486642657,861521.314696554,861522.334678372
world,NetworkApiPlugin,NetworkApiPlugin,loop,30,0.020448234863579273,0.011276602098145598,0.0064659398049116135,0.04002999048680067,0.03646989935077726,75.44060630801444,861522.334678372,861523.359052084
world,NetworkApiPlugin,NetworkApiPlugin,loop,30,0.024105833532909553,0.03400856015354672,0.005971058271825314,0.20003702957183123,0.03529951209202409,73.93674823300292,861523.359052084,861524.362084934
world,NetworkApiPlugin,NetworkApiPlugin,loop,30,0.01988885924220085,0.011095940689102192,0.006829970516264439,0.04574400372803211,0.03366952296346425,74.18159950369348,861524.362084934,861525.371205634
world,NetworkApiPlugin,NetworkApiPlugin,loop,30,0.018808769527822733,0.011290089103541377,0.00592903234064579,0.05480798427015543,0.03396644024178385,74.01388416377206,861525.371205634,861526.374305738
world,NetworkApiPlugin,NetworkApiPlugin,loop,30,0.019570067524909973,0.009565981615634307,0.00793591607362032,0.034276978112757206,0.03372027422301471,74.13712369355683,861526.374305738,861527.378593808
world,NetworkApiPlugin,NetworkApiPlugin,loop,27,0.01782960154943996,0.00941531455031509,0.0064390478655695915,0.03473705146461725,0.034374918323010206,76.76244753033474,861527.378593808,861528.425828074
world,NetworkApiPlugin,NetworkApiPlugin,loop,31,0.020311844925726612,0.009665421306125098,0.007933005690574646,0.03453704994171858,0.033143500331789255,74.150157104727,861528.425828074,861529.458815265
world,NetworkApiPlugin,NetworkApiPlugin,loop,30,0.018690840806812048,0.008793591264053723,0.008119037374854088,0.032859970815479755,0.03175833844579756,74.2822401303177,861529.458815265,861530.462779963
world,NetworkApiPlugin,NetworkApiPlugin,loop,30,0.016354323209573824,0.00916667878018987,0.005269888788461685,0.03412493970245123,0.03242602106183767,74.27897400145109,861530.462779963,861531.471383254
world,NetworkApiPlugin,NetworkApiPlugin,loop,30,0.02172769357760747,0.009682383345940081,0.007897964678704739,0.035668956115841866,0.03372721839696169,74.28639972349629,861531.471383254,861532.474483425
world,NetworkApiPlugin,NetworkApiPlugin,loop,30,0.02014860510826111,0.009267578085208108,0.008134054951369762,0.036698998883366585,0.033392274053767323,74.44669131267194,861532.474483425,861533.478901065
world,NetworkApiPlugin,NetworkApiPlugin,loop,30,0.01885359330723683,0.009699947815132568,0.0063480110839009285,0.03537698648869991,0.03373080980964005,74.37536960933357,861533.478901065,861534.487219324
world,NetworkApiPlugin,NetworkApiPlugin,loop,30,0.020014428688834112,0.00982784240291602,0.00625604297965765,0.03395997919142246,0.03293165354989469,74.43193707925577,861534.487219324,861535.490594941
world,NetworkApiPlugin,NetworkApiPlugin,loop,30,0.01913390199964245,0.009314877241352422,0.0065070344135165215,0.03778806421905756,0.03445580950938164,74.49109166239698,861535.490594941,861536.494554209
world,NetworkApiPlugin,NetworkApiPlugin,loop,28,0.01958428349878107,0.009885663448421497,0.006982940249145031,0.03461702726781368,0.03391677746549249,76.78894385130012,861536.494554209,861537.518815336
world,NetworkApiPlugin,NetworkApiPlugin,loop,31,0.01781188221948762,0.008567259742444412,0.007663038559257984,0.03232399467378855,0.03148498944938183,74.56383700182121,861537.518815336,861538.539273042
world,NetworkApiPlugin,NetworkApiPlugin,loop,30,0.018052093219012022,0.00958412291636933,0.00661495141685009,0.0343249412253499,0.032878643833100796,74.615546700079,861538.539273042,861539.547641238
world,NetworkApiPlugin,NetworkApiPlugin,loop,30,0.018955895211547613,0.009302238171287919,0.0081679318100214,0.033634016290307045,0.03321297117508948,74.54090263539304,861539.547641238,861540.550772922
world,NetworkApiPlugin,NetworkApiPlugin,loop,30,0.01989590236917138,0.012686942949591119,0.005466979928314686,0.06316998042166233,0.034611747832968824,77.51639692578465,861540.550772922,861541.555292571
world,NetworkApiPlugin,NetworkApiPlugin,loop,30,0.019237139107038576,0.012731164020165475,0.006497022695839405,0.05316408351063728,0.04240135313011706,74.64682597589369,861541.555292571,861542.563600193
world,NetworkApiPlugin,NetworkApiPlugin,loop,30,0.024449526487539213,0.011846973836117183,0.008081900887191296,0.056335004046559334,0.04200503462925549,74.80604626083125,861542.563600193,861543.567863951
world,NetworkApiPlugin,NetworkApiPlugin,loop,30,0.023535697255283594,0.01203511685977174,0.006191898137331009,0.05699298344552517,0.04194984212517734,75.44872133682172,861543.567863951,861544.571099597
world,NetworkApiPlugin,NetworkApiPlugin,loop,30,0.021975631049523752,0.011106676887296496,0.008017988875508308,0.04719302523881197,0.04186047590337692,75.02037703525275,861544.571099597,861545.57568346
world,NetworkApiPlugin,NetworkApiPlugin,loop,30,0.01986373293523987,0.012378812486688292,0.006495974957942963,0.06454205140471458,0.03512692637741566,74.92452115984634,861545.57568346,861546.583504367
world,NetworkApiPlugin,NetworkApiPlugin,loop,30,0.02111585345119238,0.010795747767038665,0.007547088898718357,0.04781805910170078,0.0350366870407015,75.07383450089644,861546.583504367,861547.588033429
world,Pupil_Data_Relay,Pupil_Data_Relay,loop,29,0.25275061388724834,0.11958982823434905,0.043075066059827805,0.48210693057626486,0.4411750007420778,73.82506389845291,861497.189139393,861498.19405937
world,Pupil_Data_Relay,Pupil_Data_Relay,loop,30,0.2605941689883669,0.1206763128449853,0.11389702558517456,0.5986479809507728,0.4605929076205939,73.31499610639487,861498.19405937,861499.197623768
world,Pupil_Data_Relay,Pupil_Data_Relay,loop,30,0.20666447235271335,0.1062371093904564,0.07486995309591293,0.576397986151278,0.4022276843897998,73.11137814152364,861499.197623768,861500.201879073
world,Pupil_Data_Relay,Pupil_Data_Relay,loop,30,0.20002006785944104,0.07859465528293567,0.10052905417978764,0.3902319585904479,0.36109287757426495,73.31212697705875,861500.201879073,861501.210353941
world,Pupil_Data_Relay,Pupil_Data_Relay,loop,30,0.24757357314229012,0.11390920006546286,0.1016820315271616,0.48012903425842524,0.45100103598088015,73.3411358941036,861501.210353941,861502.213754356
world,Pupil_Data_Relay,Pupil_Data_Relay,loop,30,0.21105950775866708,0.11339214832919278,0.07605506107211113,0.4633270436897874,0.4153048561420291,73.32257019976775,861502.213754356,861503.217657751
world,Pupil_Data_Relay,Pupil_Data_Relay,loop,30,0.18394776076699296,0.10609312367495669,0.0705269630998373,0.53271499928087,0.39670097758062167,73.461330406523,861503.217657751,861504.22556802
world,Pupil_Data_Relay,Pupil_Data_Relay,loop,30,0.11269389263664682,0.10335146051587926,0.009648967534303665,0.4197739763185382,0.32781220506876707,73.12333254376426,861504.22556802,861505.229375705
world,Pupil_Data_Relay,Pupil_Data_Relay,loop,30,0.09979484602808952,0.029005809344197324,0.05867390427738428,0.14442205429077148,0.1388225588016212,73.22882403774808,861505.229375705,861506.233728388
world,Pupil_Data_Relay,Pupil_Data_Relay,loop,30,0.111807514137278,0.027319328943658076,0.057958997786045074,0.15521200839430094,0.14401506050489843,73.32633975893259,861506.233728388,861507.24176033
world,Pupil_Data_Relay,Pupil_Data_Relay,loop,30,0.10767386217291157,0.028693117519151972,0.0666050473228097,0.16611500177532434,0.1464174361899495,73.23518316649522,861507.24176033,861508.245821304
world,Pupil_Data_Relay,Pupil_Data_Relay,loop,30,0.11416650377213955,0.02502900169333346,0.06337999366223812,0.14828296843916178,0.14092054916545746,73.30471333892395,861508.245821304,861509.249859385
world,Pupil_Data_Relay,Pupil_Data_Relay,loop,30,0.08943581099932392,0.03311484680587182,0.0427979975938797,0.1624280121177435,0.1378218352328986,73.31757202822094,861509.249859385,861510.257890076
world,Pupil_Data_Relay,Pupil_Data_Relay,loop,30,0.10241452449311812,0.023657731811125186,0.05446490831673145,0.1439769985154271,0.13456534943543375,73.42985103993367,861510.257890076,861511.261727895
world,Pupil_Data_Relay,Pupil_Data_Relay,loop,30,0.09174833927924435,0.02250017411466113,0.06028206553310156,0.13811199460178614,0.12320972164161502,73.46583695616573,861511.261727895,861512.265689078
world,Pupil_Data_Relay,Pupil_Data_Relay,loop,30,0.1008795768332978,0.024575715964285278,0.05897600203752518,0.14552695211023092,0.13253838405944407,73.53721808176488,861512.265689078,861513.269797347
world,Pupil_Data_Relay,Pupil_Data_Relay,loop,30,0.11016413336619735,0.028256255159645038,0.06431899964809418,0.19778707064688206,0.14028071309439832,73.62712354321654,861513.269797347,861514.278085266
world,Pupil_Data_Relay,Pupil_Data_Relay,loop,30,0.09799945789078872,0.03485239974605318,0.04362594336271286,0.1611469779163599,0.1471547584515065,73.52370622490223,861514.278085266,861515.282125165
world,Pupil_Data_Relay,Pupil_Data_Relay,loop,30,0.10155409496898453,0.026740948951659235,0.055393087677657604,0.14158093836158514,0.14005796401761472,73.58080904232338,861515.282125165,861516.285913922
world,Pupil_Data_Relay,Pupil_Data_Relay,loop,30,0.10949926606069009,0.03197315452515429,0.05926599260419607,0.16761105507612228,0.14784641098231077,73.65745163988322,861516.285913922,861517.294185082
world,Pupil_Data_Relay,Pupil_Data_Relay,loop,30,0.11240139526004593,0.0313966494450005,0.02106896135956049,0.1535119954496622,0.1498621655628085,73.60674454442535,861517.294185082,861518.298207368
world,Pupil_Data_Relay,Pupil_Data_Relay,loop,30,0.23581314599141479,0.13465285825951806,0.06871891673654318,0.5600909935310483,0.483513151993975,74.09018790737416,861518.298207368,861519.302424459
world,Pupil_Data_Relay,Pupil_Data_Relay,loop,30,0.25736435782164335,0.13546523234573463,0.06565300282090902,0.5333449225872755,0.5091964500024915,74.24547126283869,861519.302424459,861520.311630793
world,Pupil_Data_Relay,Pupil_Data_Relay,loop,30,0.2516925917007029,0.11279118406692784,0.08101400453597307,0.5062769632786512,0.46285484568215884,74.15956846283127,861520.311630793,861521.315328263
world,Pupil_Data_Relay,Pupil_Data_Relay,loop,26,0.2943888852874247,0.14180901234558335,0.060897087678313255,0.5170450313016772,0.5011917091906071,74.90042138110417,861521.315328263,861522.335647891
world,Pupil_Data_Relay,Pupil_Data_Relay,loop,30,0.25991061702370644,0.15163331744679356,0.05271600093692541,0.6787830498069525,0.5148477212060242,75.72300559453045,861522.335647891,861523.359717571
world,Pupil_Data_Relay,Pupil_Data_Relay,loop,30,0.2292240310149888,0.12618189881429787,0.06885302718728781,0.4999380325898528,0.46660380321554823,74.18060256168246,861523.359717571,861524.362348564
world,Pupil_Data_Relay,Pupil_Data_Relay,loop,30,0.23053054076929888,0.13055723437698424,0.05508097819983959,0.46618597116321325,0.4416239447891712,74.44066026170428,861524.362348564,861525.372279993
world,Pupil_Data_Relay,Pupil_Data_Relay,loop,30,0.20722977739448348,0.10551256427657611,0.045413034968078136,0.5057160742580891,0.36478029796853656,74.23620773479342,861525.372279993,861526.374690051
world,Pupil_Data_Relay,Pupil_Data_Relay,loop,30,0.21838045213371515,0.11521976669925968,0.08313590660691261,0.5007090512663126,0.4353924305178225,74.36731912506123,861526.374690051,861527.378790182
world,Pupil_Data_Relay,Pupil_Data_Relay,loop,27,0.249059297385867,0.1995265902953568,0.04196399822831154,0.8201919263228774,0.6754212547093628,77.0365184440312,861527.378790182,861528.426676896
world,Pupil_Data_Relay,Pupil_Data_Relay,loop,31,0.21543549073319282,0.12118558986582556,0.08827401325106621,0.47648593317717314,0.44568150769919157,74.37871926419076,861528.426676896,861529.459106405
world,Pupil_Data_Relay,Pupil_Data_Relay,loop,30,0.21888387079040209,0.11879229259972632,0.09764498099684715,0.43046404607594013,0.4218237707391381,74.51400149924059,861529.459106405,861530.463068422
world,Pupil_Data_Relay,Pupil_Data_Relay,loop,30,0.1979093455399076,0.14398653881753282,0.05423894617706537,0.5360620561987162,0.5089457496069371,74.50437082831438,861530.463068422,861531.472477383
world,Pupil_Data_Relay,Pupil_Data_Relay,loop,30,0.2655897638760507,0.15104397149943688,0.09168696124106646,0.6712949834764004,0.5030163621995598,74.56594500302647,861531.472477383,861532.474734855
world,Pupil_Data_Relay,Pupil_Data_Relay,loop,30,0.23982359562069178,0.151703236470281,0.08506095036864281,0.6346401060000062,0.543674168875441,74.69822840842728,861532.474734855,861533.479080398
world,Pupil_Data_Relay,Pupil_Data_Relay,loop,30,0.20940013540287813,0.1329888464492323,0.0670779263600707,0.4638020182028413,0.44473682064563036,74.59941976703703,861533.479080398,861534.487515754
world,Pupil_Data_Relay,Pupil_Data_Relay,loop,30,0.22165641033401093,0.14826120589518438,0.05744805093854666,0.5322310607880354,0.5036228569224476,74.6663819028375,861534.487515754,861535.490868728
world,Pupil_Data_Relay,Pupil_Data_Relay,loop,30,0.2147638238966465,0.11537329541410768,0.05799101199954748,0.4673670046031475,0.43380220886319876,74.7160608919027,861535.490868728,861536.494708057
world,Pupil_Data_Relay,Pupil_Data_Relay,loop,28,0.2266102403934513,0.16020234014605547,0.0650439178571105,0.729996943846345,0.48326312098652113,77.0302312407044,861536.494708057,861537.518948015
world,Pupil_Data_Relay,Pupil_Data_Relay,loop,31,0.1987144088132247,0.1146364018319286,0.07246399763971567,0.5367780104279518,0.4166279686614871,74.77646413063931,861537.518948015,861538.539591246
world,Pupil_Data_Relay,Pupil_Data_Relay,loop,30,0.22052632411941886,0.12983187503215624,0.06475101690739393,0.5044169956818223,0.44688500929623837,74.86664231012885,861538.539591246,861539.548820817
world,Pupil_Data_Relay,Pupil_Data_Relay,loop,30,0.24163469982643923,0.13310821318091004,0.0841040164232254,0.5086930468678474,0.4453921865206212,74.79629433558632,861539.548820817,861540.551018882
world,Pupil_Data_Relay,Pupil_Data_Relay,loop,30,0.2973618529116114,0.3075749685414867,0.06607791874557734,1.6873880522325635,0.6528845173306762,77.8287782993478,861540.551018882,861541.555580746
world,Pupil_Data_Relay,Pupil_Data_Relay,loop,30,0.2185654283190767,0.13684804445472423,0.07060193456709385,0.539149041287601,0.4848686163313684,74.89244960791741,861541.555580746,861542.56471792
world,Pupil_Data_Relay,Pupil_Data_Relay,loop,30,0.28838893631473184,0.12536351214552455,0.09652995504438877,0.48348307609558105,0.46463292674161494,75.12366806234543,861542.56471792,861543.568603118
world,Pupil_Data_Relay,Pupil_Data_Relay,loop,30,0.29559034931783873,0.14086318213192925,0.08276302833110094,0.5273559363558888,0.5038156115915626,75.76001576768856,861543.568603118,861544.571347346
world,Pupil_Data_Relay,Pupil_Data_Relay,loop,30,0.2644575433805585,0.13073497181189572,0.10478298645466566,0.5600709700956941,0.4897872277069835,75.30606449193631,861544.571347346,861545.57617321
world,Pupil_Data_Relay,Pupil_Data_Relay,loop,30,0.2384370619741579,0.1357601447993521,0.05923793651163578,0.5164280300959945,0.46778689138591273,75.18015456929182,861545.57617321,861546.583946803
world,Pupil_Data_Relay,Pupil_Data_Relay,loop,30,0.25272870358700555,0.13354952113270804,0.07889105472713709,0.5049640312790871,0.46625015093013633,75.42486482222255,861546.583946803,861547.591084592
world,Fixation_Detector,Fixation_Detector,loop,29,0.00869079717788203,0.0036771862472169846,0.0029400689527392387,0.01516495831310749,0.013913982547819614,73.85518613014499,861497.190385293,861498.194403511
world,Fixation_Detector,Fixation_Detector,loop,30,0.0088550616055727,0.003749163311737926,0.003659049980342388,0.014720950275659561,0.014167383778840303,73.34184747111674,861498.194403511,861499.19785037
world,Fixation_Detector,Fixation_Detector,loop,30,0.0077491276897490025,0.004352861387497947,0.003027031198143959,0.02550007775425911,0.013255566591396928,73.13657425499211,861499.19785037,861500.202161802
world,Fixation_Detector,Fixation_Detector,loop,30,0.007400025303165118,0.0030969005734088886,0.0037959543988108635,0.01575902570039034,0.012444361345842477,73.33199764834717,861500.202161802,861501.210492126
world,Fixation_Detector,Fixation_Detector,loop,30,0.008176899670312801,0.003793687078251666,0.003985944204032421,0.015947967767715454,0.014162471052259203,73.36579085870956,861501.210492126,861502.213961172
world,Fixation_Detector,Fixation_Detector,loop,30,0.007034768350422382,0.003606537380684705,0.0034419354051351547,0.014248071238398552,0.013497029431164263,73.34379183206086,861502.213961172,861503.217834076
world,Fixation_Detector,Fixation_Detector,loop,30,0.0062223329829672975,0.002934120660284316,0.0029819784685969353,0.014688004739582539,0.012193643487989896,73.47837506094947,861503.217834076,861504.225693267
world,Fixation_Detector,Fixation_Detector,loop,30,0.005969001601139705,0.00476054313786961,0.003217952325940132,0.02823502290993929,0.012461736332625145,73.13785691512749,861504.225693267,861505.229457998
world,Fixation_Detector,Fixation_Detector,loop,30,0.0039197659740845365,0.0008526916262307113,0.0026489142328500748,0.005067908205091953,0.004943076055496931,73.24270863706867,861505.229457998,861506.233902763
world,Fixation_Detector,Fixation_Detector,loop,30,0.0043032496857146425,0.0006859327437928753,0.0027889618650078773,0.005193054676055908,0.005079637048766017,73.34088986972347,861506.233902763,861507.241933673
world,Fixation_Detector,Fixation_Detector,loop,30,0.004088801021377246,0.0007914033729627127,0.0026759225875139236,0.005178968422114849,0.005142559530213475,73.24942653843512,861507.241933673,861508.245996241
world,Fixation_Detector,Fixation_Detector,loop,30,0.004311099958916505,0.0006648440502451188,0.0028889626264572144,0.005421927198767662,0.005086022429168224,73.31970397305365,861508.245996241,861509.250043897
world,Fixation_Detector,Fixation_Detector,loop,30,0.0037446928520997367,0.0008174928713875456,0.0023319153115153313,0.0052549876272678375,0.004844117211177944,73.33117587647091,861509.250043897,861510.258073131
world,Fixation_Detector,Fixation_Detector,loop,30,0.004406839919586976,0.0007720588081978737,0.002864981070160866,0.0054049305617809296,0.005190225783735514,73.44140238904704,861510.258073131,861511.26180289
world,Fixation_Detector,Fixation_Detector,loop,30,0.004001768926779429,0.0007958943498777502,0.002683955244719982,0.005258945748209953,0.005153566598892212,73.47657875701164,861511.26180289,861512.265762027
world,Fixation_Detector,Fixation_Detector,loop,30,0.00430894239495198,0.0008533169850827571,0.002863002009689808,0.005536014214158058,0.005410006269812583,73.54857699635129,861512.265762027,861513.269876718
world,Fixation_Detector,Fixation_Detector,loop,30,0.004445982631295919,0.0006756183665562158,0.0031370436772704124,0.005663023330271244,0.0053526542615145445,73.64236632517229,861513.269876718,861514.278260721
world,Fixation_Detector,Fixation_Detector,loop,30,0.004063872620463371,0.000881062485025806,0.002377084456384182,0.005509005859494209,0.005125853931531309,73.53794816105317,861514.278260721,861515.282301139
world,Fixation_Detector,Fixation_Detector,loop,30,0.004275670895973842,0.0008769160427235117,0.0029410002753138542,0.005922047421336174,0.005418399814516305,73.59205813457568,861515.282301139,861516.285995673
world,Fixation_Detector,Fixation_Detector,loop,30,0.004295799105117719,0.0008153727492390819,0.0029300572350621223,0.00544404610991478,0.005228468216955662,73.67203259685387,861516.285995673,861517.294363531
world,Fixation_Detector,Fixation_Detector,loop,30,0.004689779598265886,0.000752034239602551,0.0028730137273669243,0.006921007297933102,0.005696440348401664,73.62206449809794,861517.294363531,861518.29837956
world,Fixation_Detector,Fixation_Detector,loop,30,0.008189356109748283,0.004185656205314914,0.0028710346668958664,0.01667207106947899,0.015109439846128224,74.11301243506993,861518.29837956,861519.302592908
world,Fixation_Detector,Fixation_Detector,loop,30,0.009271960395077864,0.0041889245908797845,0.0025989720597863197,0.01603702548891306,0.014757202006876465,74.29137040162459,861519.302592908,861520.312438631
world,Fixation_Detector,Fixation_Detector,loop,30,0.008621676048884789,0.003732397118343724,0.0034980475902557373,0.01512398011982441,0.014724861830472946,74.18907849738996,861520.312438631,861521.31567699
world,Fixation_Detector,Fixation_Detector,loop,26,0.009291818759475764,0.003995351104090425,0.0028659123927354813,0.015479978173971176,0.014358724001795053,74.93059318333577,861521.31567699,861522.335907625
world,Fixation_Detector,Fixation_Detector,loop,30,0.007902260404080153,0.0042548575737700834,0.0028139911592006683,0.015270081348717213,0.014315434964373708,75.74488956403609,861522.335907625,861523.359856248
world,Fixation_Detector,Fixation_Detector,loop,30,0.008333544246852398,0.0040772259024507715,0.002630986273288727,0.015950994566082954,0.014405621914193034,74.20366442917536,861523.359856248,861524.362510452
world,Fixation_Detector,Fixation_Detector,loop,30,0.007440138142555952,0.003942050079464431,0.0026529887691140175,0.01419498585164547,0.014113151701167226,74.47770026822884,861524.362510452,861525.372905467
world,Fixation_Detector,Fixation_Detector,loop,30,0.009496277198195457,0.01373738789612094,0.002388027496635914,0.08126103784888983,0.012904207687824963,74.26134883814181,861525.372905467,861526.374941582
world,Fixation_Detector,Fixation_Detector,loop,30,0.006908911745995283,0.003797228351079164,0.0027919886633753777,0.013854936696588993,0.013778026914224029,74.38622106565163,861526.374941582,861527.378904438
world,Fixation_Detector,Fixation_Detector,loop,27,0.0074221838817552285,0.0039952185115891044,0.0032410025596618652,0.01612096093595028,0.014087173622101545,77.07663466808972,861527.378904438,861528.427351285
world,Fixation_Detector,Fixation_Detector,loop,31,0.007249448718803544,0.0036955362075119995,0.003281049430370331,0.014167046174407005,0.013223034329712391,74.39954681021553,861528.427351285,861529.459267235
world,Fixation_Detector,Fixation_Detector,loop,30,0.0073374986338118715,0.0037367747370735346,0.0023650936782360077,0.013381941244006157,0.013283139560371637,74.53510752723862,861529.459267235,861530.463230283
world,Fixation_Detector,Fixation_Detector,loop,30,0.00633666447053353,0.0037835570109427605,0.0024400651454925537,0.014393939636647701,0.01420212211087346,74.52973013666148,861530.463230283,861531.472834477
world,Fixation_Detector,Fixation_Detector,loop,30,0.008608090380827585,0.005229007391749148,0.003121909685432911,0.025404966436326504,0.014303845819085836,74.58920696129401,861531.472834477,861532.474882265
world,Fixation_Detector,Fixation_Detector,loop,30,0.007644330617040396,0.0037861310273482243,0.0031009549275040627,0.014360062777996063,0.013650872278958559,74.71864530816674,861532.474882265,861533.479178931
world,Fixation_Detector,Fixation_Detector,loop,30,0.006733935636778672,0.0038392048179731195,0.002550077624619007,0.013793003745377064,0.013525941176339982,74.61784697758655,861533.479178931,861534.487607153
world,Fixation_Detector,Fixation_Detector,loop,30,0.007055366101364295,0.0038755306866661695,0.002569984644651413,0.01361197791993618,0.013548217248171568,74.68824446744595,861534.487607153,861535.49106081
world,Fixation_Detector,Fixation_Detector,loop,30,0.007647663975755374,0.003949317309512924,0.0025579938665032387,0.01463398803025484,0.014379911590367556,74.73477662618582,861535.49106081,861536.494781771
world,Fixation_Detector,Fixation_Detector,loop,28,0.007748986328286784,0.004608537323450692,0.0031120143830776215,0.02178293652832508,0.013923714868724346,77.05547575772341,861536.494781771,861537.519023108
world,Fixation_Detector,Fixation_Detector,loop,31,0.007403387327588374,0.0035782067723789846,0.0035830307751893997,0.014233053661882877,0.013684970326721668,74.79838192117431,861537.519023108,861538.539773803
world,Fixation_Detector,Fixation_Detector,loop,30,0.007134128827601671,0.003854552458825512,0.00246602576225996,0.014925957657396793,0.013626285362988709,74.90504767047241,861538.539773803,861539.549513583
world,Fixation_Detector,Fixation_Detector,loop,30,0.007473324270298083,0.003785883324221153,0.003413064405322075,0.0142599456012249,0.013834045967087148,74.81774960954984,861539.549513583,861540.55116422
world,Fixation_Detector,Fixation_Detector,loop,30,0.008332830232878527,0.00438825471271494,0.0029189977794885635,0.014610937796533108,0.014459004160016775,77.85300113415967,861540.55116422,861541.555756879
world,Fixation_Detector,Fixation_Detector,loop,30,0.007866338516275087,0.004785242478880998,0.002691056579351425,0.02180994488298893,0.014840334188193078,74.93563986305769,861541.555756879,861542.565557141
world,Fixation_Detector,Fixation_Detector,loop,30,0.010354638410111269,0.005031736926558982,0.0034620752558112144,0.026178895495831966,0.015314685879275201,75.15441951109096,861542.565557141,861543.56889544
world,Fixation_Detector,Fixation_Detector,loop,30,0.009262495829413334,0.004162183057192069,0.0031531089916825294,0.014362041838467121,0.014103378634899855,75.78340977197513,861543.56889544,861544.571432344
world,Fixation_Detector,Fixation_Detector,loop,30,0.008498842362314463,0.0039545917408962,0.003454042598605156,0.014639925211668015,0.014434929471462965,75.33058542758226,861544.571432344,861545.576348154
world,Fixation_Detector,Fixation_Detector,loop,30,0.008043646812438965,0.004489996297007017,0.0024300534278154373,0.021047075279057026,0.014410639414563773,75.20606319885701,861545.576348154,861546.584203568
world,Fixation_Detector,Fixation_Detector,loop,30,0.008713205655415853,0.004303730271877239,0.003330991603434086,0.01558696385473013,0.014370930148288608,75.53276558561872,861546.584203568,861547.593787774
world,ScreenMarkerChoreographyPlugin,ScreenMarkerChoreographyPlugin,loop,29,0.03175649005148945,0.013049946088459151,0.01226901076734066,0.06144307553768158,0.049593416042625904,73.90493730982315,861497.191655175,861498.194744785
world,ScreenMarkerChoreographyPlugin,ScreenMarkerChoreographyPlugin,loop,30,0.03158553348233303,0.013089015158173291,0.013789976947009563,0.05725398659706116,0.05107398028485476,73.38851555250585,861498.194744785,861499.198106534
world,ScreenMarkerChoreographyPlugin,ScreenMarkerChoreographyPlugin,loop,30,0.026128146176536877,0.011249981610438454,0.01192302443087101,0.05792803131043911,0.04704363527707755,73.1809318298474,861499.198106534,861500.202551154
world,ScreenMarkerChoreographyPlugin,ScreenMarkerChoreographyPlugin,loop,30,0.026320794131606817,0.00996963115354134,0.014127930626273155,0.04843901842832565,0.04361286992207169,73.36805972736329,861500.202551154,861501.210630731
world,ScreenMarkerChoreographyPlugin,ScreenMarkerChoreographyPlugin,loop,30,0.031039700843393803,0.01501452081217703,0.013513956218957901,0.06817001849412918,0.05678219022229312,73.40994749683887,861501.210630731,861502.214163953
world,ScreenMarkerChoreographyPlugin,ScreenMarkerChoreographyPlugin,loop,30,0.026688899379223585,0.012214635774557187,0.014192075468599796,0.051149982027709484,0.04964590189047158,73.38212177467842,861502.214163953,861503.218022032
world,ScreenMarkerChoreographyPlugin,ScreenMarkerChoreographyPlugin,loop,30,0.024076132103800774,0.010674675204123275,0.01203198917210102,0.05824293475598097,0.04513272433541714,73.51100193336606,861503.218022032,861504.22581491
world,ScreenMarkerChoreographyPlugin,ScreenMarkerChoreographyPlugin,loop,30,0.021001809121419985,0.010411584504627766,0.010287039913237095,0.05164998583495617,0.045741931535303586,73.16529443487525,861504.22581491,861505.229535608
world,ScreenMarkerChoreographyPlugin,ScreenMarkerChoreographyPlugin,loop,30,0.017142943882693846,0.00322816309736362,0.012542004697024822,0.022817053832113743,0.021893531084060665,73.26825520334144,861505.229535608,861506.234088223
world,ScreenMarkerChoreographyPlugin,ScreenMarkerChoreographyPlugin,loop,30,0.018689940528323252,0.002874035673219181,0.013245968148112297,0.02364697866141796,0.022611505119130012,73.36852239677683,861506.234088223,861507.242116164
world,ScreenMarkerChoreographyPlugin,ScreenMarkerChoreographyPlugin,loop,30,0.017930101603269577,0.002893687817926941,0.011328957043588161,0.022489926777780056,0.02141196164302528,73.27606286853552,861507.242116164,861508.246179798
world,ScreenMarkerChoreographyPlugin,ScreenMarkerChoreographyPlugin,loop,30,0.017811276484280825,0.0028994642942928583,0.01201301347464323,0.022405991330742836,0.02172985696233809,73.34627146289374,861508.246179798,861509.250226914
world,ScreenMarkerChoreographyPlugin,ScreenMarkerChoreographyPlugin,loop,30,0.01621932800238331,0.0035823078546316483,0.009551062248647213,0.021381070837378502,0.02078611869364977,73.35572243512918,861509.250226914,861510.258253741
world,ScreenMarkerChoreographyPlugin,ScreenMarkerChoreographyPlugin,loop,30,0.018711539451032877,0.0029879637133684504,0.011831056326627731,0.02451101318001747,0.021864817244932055,73.4655188008522,861510.258253741,861511.261878585
world,ScreenMarkerChoreographyPlugin,ScreenMarkerChoreographyPlugin,loop,30,0.017862464301288128,0.0031509334037078908,0.011745956726372242,0.025587971322238445,0.02237662556581199,73.4996004612185,861511.261878585,861512.265842451
world,ScreenMarkerChoreographyPlugin,ScreenMarkerChoreographyPlugin,loop,30,0.018580444157123566,0.0030603368811723693,0.013170996680855751,0.0242509413510561,0.02283585490658879,73.5728313952374,861512.265842451,861513.269957132
world,ScreenMarkerChoreographyPlugin,ScreenMarkerChoreographyPlugin,loop,30,0.01944889857744177,0.00237562224810514,0.014685909263789654,0.023341039195656776,0.02291498240083456,73.67054728480677,861513.269957132,861514.278441355
world,ScreenMarkerChoreographyPlugin,ScreenMarkerChoreographyPlugin,loop,30,0.018062776265045006,0.003754015908906784,0.010090065188705921,0.024922075681388378,0.023745931684970852,73.56449785487105,861514.278441355,861515.282481693
world,ScreenMarkerChoreographyPlugin,ScreenMarkerChoreographyPlugin,loop,30,0.01759129809215665,0.0030564705261540035,0.011113006621599197,0.02497097011655569,0.021055521210655567,73.61524732938658,861515.282481693,861516.286075345
world,ScreenMarkerChoreographyPlugin,ScreenMarkerChoreographyPlugin,loop,30,0.017933636748542387,0.003113456495350839,0.012659002095460892,0.02347305417060852,0.022308144252747294,73.69865986208121,861516.286075345,861517.29454646
world,ScreenMarkerChoreographyPlugin,ScreenMarkerChoreographyPlugin,loop,30,0.01946860769142707,0.0031085735059332483,0.012567965313792229,0.026864930987358093,0.02463578130118549,73.65149562635149,861517.29454646,861518.298562372
world,ScreenMarkerChoreographyPlugin,ScreenMarkerChoreographyPlugin,loop,30,0.03180205821990967,0.015090444378007037,0.011135009117424488,0.05928706377744675,0.05649700178764759,74.15670350504418,861518.298562372,861519.302765806
world,ScreenMarkerChoreographyPlugin,ScreenMarkerChoreographyPlugin,loop,30,0.03281666819627086,0.013546762486227574,0.010981922969222069,0.060055055655539036,0.04897075123153627,74.34187187658002,861519.302765806,861520.31279222
world,ScreenMarkerChoreographyPlugin,ScreenMarkerChoreographyPlugin,loop,30,0.030740397050976753,0.012988576317848992,0.013492070138454437,0.05925993900746107,0.05117200780659914,74.23639643238857,861520.31279222,861521.315987987
world,ScreenMarkerChoreographyPlugin,ScreenMarkerChoreographyPlugin,loop,26,2.7426869268170915,13.542931860482547,0.01467694528400898,70.45731204561889,0.05627676728181541,77.69418026481827,861521.315987987,861522.406699904
world,ScreenMarkerChoreographyPlugin,ScreenMarkerChoreographyPlugin,loop,31,7.130721219695143,3.5091054500016696,1.6395379789173603,16.980526968836784,12.93391000945121,82.89044787506423,861522.406699904,861523.406875289
world,ScreenMarkerChoreographyPlugin,ScreenMarkerChoreographyPlugin,loop,31,11.408893102329344,4.421701476781589,3.5968879237771034,20.895930007100105,18.28355301404372,85.55255388285244,861523.406875289,861524.44627926
world,ScreenMarkerChoreographyPlugin,ScreenMarkerChoreographyPlugin,loop,31,10.276107158842347,5.424786393281149,3.8578149396926165,29.46793893352151,18.777639546897262,84.91300361891908,861524.44627926,861525.479327196
world,ScreenMarkerChoreographyPlugin,ScreenMarkerChoreographyPlugin,loop,30,7.934798727122446,5.792177904149874,1.7506099538877606,29.386384994722903,19.280684250406907,82.1522767151085,861525.479327196,861526.479789223
world,ScreenMarkerChoreographyPlugin,ScreenMarkerChoreographyPlugin,loop,30,12.394768608889231,5.697719310866821,4.409305984154344,22.483269916847348,21.23552665580064,86.80283280167107,861526.479789223,861527.495935994
world,ScreenMarkerChoreographyPlugin,ScreenMarkerChoreographyPlugin,loop,27,14.303109664642424,12.668843807111665,0.014124903827905655,55.867310031317174,37.70021290984004,91.35796062872504,861527.495935994,861528.518236072
world,ScreenMarkerChoreographyPlugin,ScreenMarkerChoreographyPlugin,loop,30,0.031259512373556696,0.016901392482776053,0.013798009604215622,0.07736100815236568,0.05332516157068312,74.46752986094604,861528.518236072,861529.526345612
world,ScreenMarkerChoreographyPlugin,ScreenMarkerChoreographyPlugin,loop,30,0.029788488366951544,0.017787068293234884,0.010170973837375641,0.0721019459888339,0.06617039325647056,74.59941408984984,861529.526345612,861530.530228328
world,ScreenMarkerChoreographyPlugin,ScreenMarkerChoreographyPlugin,loop,30,0.028653621363143127,0.019493079851351243,0.009563984349370003,0.08881196845322847,0.06181956268846985,74.51386312022805,861530.530228328,861531.534525218
world,ScreenMarkerChoreographyPlugin,ScreenMarkerChoreographyPlugin,loop,30,0.030390821242084105,0.015141092203536842,0.012531992979347706,0.05683791823685169,0.051759911002591245,74.66333780127268,861531.534525218,861532.542615411
world,ScreenMarkerChoreographyPlugin,ScreenMarkerChoreographyPlugin,loop,30,0.02920305511603753,0.013488589990868015,0.011879950761795044,0.05409005098044872,0.05067497841082513,74.79783159603055,861532.542615411,861533.546510866
world,ScreenMarkerChoreographyPlugin,ScreenMarkerChoreographyPlugin,loop,30,0.028734673590709765,0.01671638041434932,0.010973075404763222,0.06137404125183821,0.05582300364039837,74.59900080769633,861533.546510866,861534.550618473
world,ScreenMarkerChoreographyPlugin,ScreenMarkerChoreographyPlugin,loop,30,0.025920779444277287,0.013121951713053167,0.010316958650946617,0.05164393223822117,0.04849021788686513,74.7716611600481,861534.550618473,861535.558706698
world,ScreenMarkerChoreographyPlugin,ScreenMarkerChoreographyPlugin,loop,30,0.02928939259921511,0.014340078285189527,0.010791001841425896,0.059990910813212395,0.0551307515706867,74.80202307148527,861535.558706698,861536.562664971
world,ScreenMarkerChoreographyPlugin,ScreenMarkerChoreographyPlugin,loop,28,4.591269372862631,10.066894693143334,0.011452008038759232,38.133529014885426,28.35670434287748,81.56340232069071,861536.562664971,861537.597667591
world,ScreenMarkerChoreographyPlugin,ScreenMarkerChoreographyPlugin,loop,31,6.304579092219712,3.82504702171248,2.345566055737436,20.934027968905866,12.711991439573467,81.18668948901036,861537.597667591,861538.615343057
world,ScreenMarkerChoreographyPlugin,ScreenMarkerChoreographyPlugin,loop,30,11.645168714070072,5.037301942421481,3.998751984909177,22.783554042689502,21.28843052196316,86.50548567141716,861538.615343057,861539.616349353
world,ScreenMarkerChoreographyPlugin,ScreenMarkerChoreographyPlugin,loop,30,11.314727362090101,4.798446945692598,3.8627699250355363,25.809265905991197,19.353955920087166,86.18591450310002,861539.616349353,861540.622441561
world,ScreenMarkerChoreographyPlugin,ScreenMarkerChoreographyPlugin,loop,30,10.062594478949904,11.133922657764431,2.9488200088962913,64.72327304072678,19.058285153005272,87.9676647639523,861540.622441561,861541.631950933
world,ScreenMarkerChoreographyPlugin,ScreenMarkerChoreographyPlugin,loop,30,12.976685271132737,5.372696142091698,5.417429027147591,21.86803100630641,21.49466829723678,87.87015919806436,861541.631950933,861542.633514856
world,ScreenMarkerChoreographyPlugin,ScreenMarkerChoreographyPlugin,loop,29,14.524573773338362,7.80698268580298,5.660125985741615,45.287637040019035,23.632602440193295,89.70431259287328,861542.633514856,861543.644743427
world,ScreenMarkerChoreographyPlugin,ScreenMarkerChoreographyPlugin,loop,31,8.796127385369712,6.483156393474197,2.325349021703005,36.71709995251149,15.94681799178943,84.91012761594668,861543.644743427,861544.653064277
world,ScreenMarkerChoreographyPlugin,ScreenMarkerChoreographyPlugin,loop,31,14.275243366888214,6.1460377563475515,4.878356936387718,28.839861042797565,23.075550445355475,89.3131256433985,861544.653064277,861545.701257155
world,ScreenMarkerChoreographyPlugin,ScreenMarkerChoreographyPlugin,loop,31,12.69299215486934,6.257508065999098,4.002843052148819,39.06506998464465,18.94678844837472,88.06295759390078,861545.701257155,861546.725347758
world,ScreenMarkerChoreographyPlugin,ScreenMarkerChoreographyPlugin,loop,30,7.932475527438025,5.126440484670104,2.397982054390013,22.3968259524554,17.734544811537475,83.4754764684476,861546.725347758,861547.734701688
world,System_Graphs,System_Graphs,loop,29,0.03601402317270123,0.062327112063167385,0.0022239983081817627,0.24414993822574615,0.18628442194312791,73.99215640757104,861497.193505106,861498.195175911
world,System_Graphs,System_Graphs,loop,30,0.03571883232022325,0.06246500625255814,0.0028189970180392265,0.2882150001823902,0.13741203583776948,73.45430727582425,861498.195175911,861499.198356331
world,System_Graphs,System_Graphs,loop,30,0.038555326561133065,0.07086829745881394,0.0029390212148427963,0.2623129403218627,0.21013683290220794,73.24485263088718,861499.198356331,861500.20280074
world,System_Graphs,System_Graphs,loop,30,0.0376309035345912,0.06989980670832883,0.003458932042121887,0.27316692285239697,0.19776403787545838,73.43850649970894,861500.20280074,861501.210760777
world,System_Graphs,System_Graphs,loop,30,0.047707557678222656,0.0900541331601323,0.0034980475902557373,0.30451209750026464,0.29590135090984404,73.48752295753609,861501.210760777,861502.214415763
world,System_Graphs,System_Graphs,loop,30,0.026731697532037895,0.04044410953777759,0.003261025995016098,0.1281739678233862,0.11648815125226969,73.43192669795826,861502.214415763,861503.218196054
world,System_Graphs,System_Graphs,loop,30,0.027221771112332743,0.04724355373064324,0.0024759210646152496,0.1992079196497798,0.12316158390603955,73.55728673671062,861503.218196054,861504.225933309
world,System_Graphs,System_Graphs,loop,30,0.02790257955590884,0.054779450682579056,0.0021010637283325195,0.25968102272599936,0.10472226422280073,73.22350354321922,861504.225933309,861505.229605648
world,System_Graphs,System_Graphs,loop,30,0.019748039388408262,0.033535056075898594,0.00225903932005167,0.10966998524963856,0.09822542779147622,73.3020300976932,861505.229605648,861506.234258987
world,System_Graphs,System_Graphs,loop,30,0.0223063708593448,0.03738022003030625,0.002417946234345436,0.10911701247096062,0.1016036665532738,73.40646723362927,861506.234258987,861507.242287702
world,System_Graphs,System_Graphs,loop,30,0.02179235840837161,0.036930175277868356,0.002474989742040634,0.10504201054573059,0.10211564949713646,73.31290461976702,861507.242287702,861508.246351207
world,System_Graphs,System_Graphs,loop,30,0.021115092871089775,0.03509467074160653,0.002422020770609379,0.09840796701610088,0.09673581225797534,73.38295027147979,861508.246351207,861509.250401589
world,System_Graphs,System_Graphs,loop,30,0.020805354385326307,0.03587221004499999,0.0021168962121009827,0.10615307837724686,0.10107855196110903,73.39042420887078,861509.250401589,861510.258423648
world,System_Graphs,System_Graphs,loop,30,0.022011036829402048,0.03686394268590667,0.002683955244719982,0.10815996211022139,0.1032005005981773,73.50010244020571,861510.258423648,861511.261947481
world,System_Graphs,System_Graphs,loop,30,0.020060761986921232,0.033675409584864514,0.0024940818548202515,0.10779802687466145,0.09022929007187486,73.53089540653552,861511.261947481,861512.265913048
world,System_Graphs,System_Graphs,loop,30,0.024803041014820337,0.04189724503316452,0.0025180634111166,0.13674900401383638,0.10770079679787158,73.61009913341452,861512.265913048,861513.270035378
world,System_Graphs,System_Graphs,loop,30,0.023225729819387197,0.039120290807898285,0.0026799971237778664,0.10998500511050224,0.10603353730402887,73.70966743522634,861513.270035378,861514.278612283
world,System_Graphs,System_Graphs,loop,30,0.02097449420640866,0.035539680045798064,0.0023229513317346573,0.10884006042033434,0.09995791479013859,73.60044362721965,861514.278612283,861515.28265379
world,System_Graphs,System_Graphs,loop,30,0.019864753509561222,0.0331035486706864,0.0023189932107925415,0.09802402928471565,0.08931387565098703,73.64671395625919,861515.28265379,861516.286143878
world,System_Graphs,System_Graphs,loop,30,0.020480644889175892,0.03425959370744668,0.0024689361453056335,0.10135606862604618,0.0979342497885227,73.73462140094489,861516.286143878,861517.294722683
world,System_Graphs,System_Graphs,loop,30,0.023364287335425615,0.03964012795176981,0.002609100192785263,0.12783100828528404,0.10766354971565302,73.697012270956,861517.294722683,861518.298779335
world,System_Graphs,System_Graphs,loop,30,0.03989816177636385,0.07394507063086835,0.002622022293508053,0.3153469879180193,0.19136316841468187,74.23640420505156,861518.298779335,861519.302934547
world,System_Graphs,System_Graphs,loop,30,0.04710104549303651,0.08749658212226971,0.002774992026388645,0.33209100365638733,0.2582024491857736,74.42327012928824,861519.302934547,861520.313180619
world,System_Graphs,System_Graphs,loop,30,0.03842699031035105,0.06730985954456245,0.002903980202972889,0.230774050578475,0.20195309771224848,74.30041033464174,861520.313180619,861521.3160876
world,System_Graphs,System_Graphs,loop,26,0.04947789980528446,0.09218785939104861,0.0028980430215597153,0.32212701626122,0.2795684558805078,77.77640268278236,861521.3160876,861522.406968748
world,System_Graphs,System_Graphs,loop,31,0.038106798104220824,0.06711597894082927,0.002754037268459797,0.2873060293495655,0.16612198669463396,82.99109935685391,861522.406968748,861523.407737313
world,System_Graphs,System_Graphs,loop,31,0.044926967201454025,0.08244686134031892,0.0024049077183008194,0.3186250105500221,0.2569780917838216,85.65078971667155,861523.407737313,861524.447029283
world,System_Graphs,System_Graphs,loop,31,0.029997644765723135,0.053913215109697765,0.0029730144888162613,0.25824096519500017,0.11017051292583346,84.98166287092552,861524.447029283,861525.479534684
world,System_Graphs,System_Graphs,loop,30,0.027375932162006695,0.04499415325328722,0.002415967173874378,0.18535403069108725,0.12267659767530857,82.21822555642575,861525.479534684,861526.480051865
world,System_Graphs,System_Graphs,loop,30,0.03220439733316501,0.06113000614582138,0.0029939692467451096,0.29088801238685846,0.13847544323652958,86.8777824100107,861526.480051865,861527.49618885
world,System_Graphs,System_Graphs,loop,27,0.032771111431497114,0.061340109610102125,0.0025599729269742966,0.27923297602683306,0.12451539514586328,91.4419451555996,861527.49618885,861528.518504287
world,System_Graphs,System_Graphs,loop,30,0.03438844966391722,0.06333265674176304,0.0030570663511753082,0.30966801568865776,0.11811619624495505,74.53101073624566,861528.518504287,861529.526589004
world,System_Graphs,System_Graphs,loop,30,0.047111425859232746,0.08800284845924493,0.002378947101533413,0.3020350122824311,0.25407472276128806,74.67352209302287,861529.526589004,861530.530469046
world,System_Graphs,System_Graphs,loop,30,0.039823128220935665,0.0799024565499374,0.0021810410544276237,0.3091719700023532,0.22379615111276457,74.57865656275924,861530.530469046,861531.534760663
world,System_Graphs,System_Graphs,loop,30,0.03863756234447161,0.07154052296653825,0.003183959051966667,0.29993802309036255,0.18884228193201102,74.73384207502629,861531.534760663,861532.542958825
world,System_Graphs,System_Graphs,loop,30,0.038364758559813104,0.07047631436383263,0.0025889603421092033,0.26678096037358046,0.1977560401428487,74.86425817090397,861532.542958825,861533.546805253
world,System_Graphs,System_Graphs,loop,30,0.03535572128991286,0.06912464189047096,0.0024560140445828438,0.2986239269375801,0.17953449278138545,74.66412377155696,861533.546805253,861534.550971573
world,System_Graphs,System_Graphs,loop,30,0.03669814517100652,0.06754316688248486,0.0021510059013962746,0.2746520331129432,0.18224561354145388,74.83419646353771,861534.550971573,861535.558956411
world,System_Graphs,System_Graphs,loop,30,0.03227950073778629,0.05516698717780768,0.0027739442884922028,0.2192310057580471,0.1501801423728465,74.86266133297856,861535.558956411,861536.562943198
world,System_Graphs,System_Graphs,loop,28,0.032368486115176766,0.052009029478727556,0.002786051481962204,0.2134769456461072,0.11607445776462555,81.622876817294,861536.562943198,861537.59780971
world,System_Graphs,System_Graphs,loop,31,0.037330112630321134,0.06626888870865025,0.003529014065861702,0.30838605016469955,0.1562755205668509,81.27160870935768,861537.59780971,861538.615588294
world,System_Graphs,System_Graphs,loop,30,0.03416571610917648,0.058221236062211384,0.0031100353226065636,0.21088391076773405,0.1846655679401009,86.58257962282126,861538.615588294,861539.616597589
world,System_Graphs,System_Graphs,loop,30,0.033772732907285295,0.06643925166575176,0.003034016117453575,0.34519401378929615,0.11518737301230421,86.26292222955574,861539.616597589,861540.622613689
world,System_Graphs,System_Graphs,loop,30,0.03491248935461044,0.061572566071425514,0.0034909462556242943,0.255978899076581,0.17321886844001705,88.04643519300346,861540.622613689,861541.632170795
world,System_Graphs,System_Graphs,loop,30,0.03723760601133108,0.0629133840382388,0.0025909394025802612,0.20442099776118994,0.1860260672401636,87.94870333513245,861541.632170795,861542.633776364
world,System_Graphs,System_Graphs,loop,29,0.033832139110770716,0.05574947402916044,0.002980930730700493,0.2411799505352974,0.13379778247326604,89.78866214526752,861542.633776364,861543.645233775
world,System_Graphs,System_Graphs,loop,31,0.030865693735259193,0.05008016196980604,0.002978951670229435,0.21058798301964998,0.13026699889451265,84.9864733548114,861543.645233775,861544.653307849
world,System_Graphs,System_Graphs,loop,31,0.03032280402558465,0.04427354439105522,0.0029819784685969353,0.16880594193935394,0.12750946916639805,89.40583026231897,861544.653307849,861545.702025563
world,System_Graphs,System_Graphs,loop,31,0.03395772599164517,0.05899254182507899,0.003025052137672901,0.2404270926490426,0.17123250290751457,88.13749319468174,861545.702025563,861546.725594034
world,System_Graphs,System_Graphs,loop,30,0.04439066397026181,0.08383085397275836,0.0032100360840559006,0.2870609750971198,0.2391936024650931,83.60645023252194,861546.725594034,861547.736053739
world,Display_Recent_Gaze,Display_Recent_Gaze,loop,29,0.0032368798515406147,0.001410800151187762,0.001061009243130684,0.005914946086704731,0.005651987157762051,74.0209894359176,861497.194695321,861498.195724071
world,Display_Recent_Gaze,Display_Recent_Gaze,loop,30,0.003049173392355442,0.0014126739303569646,0.0012529781088232994,0.005570007488131523,0.005107809556648135,73.4716424679694,861498.195724071,861499.198584252
world,Display_Recent_Gaze,Display_Recent_Gaze,loop,30,0.0024043993713955083,0.0009575779697147051,0.0010880175977945328,0.004659057594835758,0.004264939343556762,73.26099247050782,861499.198584252,861500.203069954
world,Display_Recent_Gaze,Display_Recent_Gaze,loop,30,0.0025229256910582385,0.0011609894562060784,0.0009880168363451958,0.0051639508455991745,0.00484099145978689,73.44999323831871,861500.203069954,861501.210872412
world,Display_Recent_Gaze,Display_Recent_Gaze,loop,30,0.0032631952005128064,0.0017654825946883574,0.0015440164133906364,0.009234994649887085,0.005570304347202181,73.50721762437995,861501.210872412,861502.214658988
world,Display_Recent_Gaze,Display_Recent_Gaze,loop,30,0.002579767412195603,0.0013947008895074712,0.001200009137392044,0.0063229817897081375,0.00491066020913422,73.445101090086,861502.214658988,861503.218355413
world,Display_Recent_Gaze,Display_Recent_Gaze,loop,30,0.0023006733196477094,0.0011137937979801627,0.0009760260581970215,0.005371985025703907,0.004770775558426976,73.57008734252304,861503.218355413,861504.226122029
world,Display_Recent_Gaze,Display_Recent_Gaze,loop,30,0.0017822642500201862,0.0011511867145803116,0.0008300412446260452,0.005151960067451,0.004575890488922594,73.23103776434436,861504.226122029,861505.229664637
world,Display_Recent_Gaze,Display_Recent_Gaze,loop,30,0.001301562103132407,0.0002715020876676756,0.000926898792386055,0.0018150312826037407,0.0017486687283962963,73.31130545353517,861505.229664637,861506.234414686
world,Display_Recent_Gaze,Display_Recent_Gaze,loop,30,0.0015087580929199855,0.00023124321336246619,0.0009760260581970215,0.001901993528008461,0.001820811303332448,73.41643089894205,861506.234414686,861507.242444501
world,Display_Recent_Gaze,Display_Recent_Gaze,loop,30,0.0013905072895189126,0.00028077736090503997,0.0008220085874199867,0.001825043000280857,0.0017688958905637264,73.32242254245405,861507.242444501,861508.246505897
world,Display_Recent_Gaze,Display_Recent_Gaze,loop,30,0.0014063358927766483,0.00022800763148591812,0.0008809147402644157,0.0017730053514242172,0.0017467245925217867,73.39267574328308,861508.246505897,861509.250558125
world,Display_Recent_Gaze,Display_Recent_Gaze,loop,30,0.0012709914396206539,0.00029553871149445735,0.0008300412446260452,0.001800013706088066,0.0017147161997854705,73.39945840261255,861509.250558125,861510.258577228
world,Display_Recent_Gaze,Display_Recent_Gaze,loop,30,0.0014654321906467278,0.00025071711125578536,0.0009059440344572067,0.001970096491277218,0.0018160091713070867,73.5069656628184,861510.258577228,861511.262009496
world,Display_Recent_Gaze,Display_Recent_Gaze,loop,30,0.001317724430312713,0.00023989264856781595,0.0009920913726091385,0.0017309794202446938,0.0017004087567329407,73.5372771974653,861511.262009496,861512.265973485
world,Display_Recent_Gaze,Display_Recent_Gaze,loop,30,0.0014979431095222633,0.00024156042513296015,0.0010459916666150093,0.0019060680642724037,0.0018283375538885593,73.61680795826639,861512.265973485,861513.270096626
world,Display_Recent_Gaze,Display_Recent_Gaze,loop,30,0.0015327784543236096,0.00019914178113782007,0.0010789372026920319,0.0018549617379903793,0.001824606442824006,73.71975673983495,861513.270096626,861514.278768777
world,Display_Recent_Gaze,Display_Recent_Gaze,loop,30,0.0013659669396777947,0.00031969925952581615,0.0007770722731947899,0.0019780127331614494,0.0018961494788527487,73.61004389434432,861514.278768777,861515.282811757
world,Display_Recent_Gaze,Display_Recent_Gaze,loop,30,0.0013818421090642612,0.0002608269111924675,0.0009390059858560562,0.0018459977582097054,0.001794175477698445,73.65312283703436,861515.282811757,861516.286203029
world,Display_Recent_Gaze,Display_Recent_Gaze,loop,30,0.001415470615029335,0.0002808730805715132,0.0009660143405199051,0.0019039725884795189,0.001860299380496144,73.74436679140975,861516.286203029,861517.294881493
world,Display_Recent_Gaze,Display_Recent_Gaze,loop,30,0.0015320101131995518,0.0002138608307466281,0.0009699724614620209,0.0019230647012591362,0.001909950515255332,73.70772032688062,861517.294881493,861518.298941743
world,Display_Recent_Gaze,Display_Recent_Gaze,loop,30,0.0031054330368836722,0.0015310940378966621,0.0010710209608078003,0.005970010533928871,0.005353504093363881,74.2509330351216,861518.298941743,861519.303092977
world,Display_Recent_Gaze,Display_Recent_Gaze,loop,30,0.0034332508221268654,0.0015287063126929626,0.0009569339454174042,0.005900044925510883,0.005381699884310365,74.44700792742272,861519.303092977,861520.313593254
world,Display_Recent_Gaze,Display_Recent_Gaze,loop,30,0.0030849051351348558,0.0014506785551641884,0.0011060619726777077,0.005381996743381023,0.005109549965709448,74.3122934596613,861520.313593254,861521.316172507
world,Display_Recent_Gaze,Display_Recent_Gaze,loop,26,0.0032961655121583203,0.0015026594664950524,0.0011170050129294395,0.005625071935355663,0.005549576599150896,77.79214784162693,861521.316172507,861522.407116308
world,Display_Recent_Gaze,Display_Recent_Gaze,loop,31,0.002795214494389872,0.0016023703877325551,0.0009309733286499977,0.005743000656366348,0.005614536348730326,83.01926448175143,861522.407116308,861523.408323619
world,Display_Recent_Gaze,Display_Recent_Gaze,loop,31,0.0027582695287081504,0.001554690574772289,0.0008919741958379745,0.005532987415790558,0.00539200846105814,85.67133317175772,861523.408323619,861524.447345191
world,Display_Recent_Gaze,Display_Recent_Gaze,loop,31,0.002233514321907874,0.0013132739487145923,0.0009200302883982658,0.005097012035548687,0.004682457074522972,84.99364532350052,861524.447345191,861525.479652972
world,Display_Recent_Gaze,Display_Recent_Gaze,loop,30,0.0023315505435069404,0.0015973473997782813,0.0009490177035331726,0.007704016752541065,0.004646560410037636,82.23082865976419,861525.479652972,861526.480197592
world,Display_Recent_Gaze,Display_Recent_Gaze,loop,30,0.002510205376893282,0.0014953465900616378,0.0008710194379091263,0.005178968422114849,0.005150598008185625,86.89247856770332,861526.480197592,861527.496350897
world,Display_Recent_Gaze,Display_Recent_Gaze,loop,27,0.002305859837819029,0.001503473082552962,0.0008600763976573944,0.005576061084866524,0.005187105853110552,91.45795329715367,861527.496350897,861528.518711357
world,Display_Recent_Gaze,Display_Recent_Gaze,loop,30,0.0027333657878140607,0.0014014163975760413,0.0012390082702040672,0.005191890522837639,0.005102815339341759,74.5441075686055,861528.518711357,861529.526726019
world,Display_Recent_Gaze,Display_Recent_Gaze,loop,30,0.00262245691070954,0.001433752819144024,0.0009560026228427887,0.005273032002151012,0.005099485861137509,74.68646139604971,861529.526726019,861530.530605349
world,Display_Recent_Gaze,Display_Recent_Gaze,loop,30,0.0028782679388920465,0.0033721286749674,0.0009540235623717308,0.01952995080500841,0.0053396623115986586,74.59202821288879,861530.530605349,861531.534929395
world,Display_Recent_Gaze,Display_Recent_Gaze,loop,30,0.003095758923639854,0.002164051574420038,0.0008819624781608582,0.011931057088077068,0.005169218638911842,74.75022920407355,861531.534929395,861532.543172166
world,Display_Recent_Gaze,Display_Recent_Gaze,loop,30,0.002906467610349258,0.0018312569537181345,0.0010350486263632774,0.009556999430060387,0.005129212513566016,74.87911952581878,861532.543172166,861533.547008332
world,Display_Recent_Gaze,Display_Recent_Gaze,loop,30,0.002497865352779627,0.0013732476514033882,0.0009849900379776955,0.005190959200263023,0.004782492760568856,74.67960766516626,861533.547008332,861534.55120623
world,Display_Recent_Gaze,Display_Recent_Gaze,loop,30,0.0023529670822123685,0.0013054956246193817,0.00080897007137537,0.00494497362524271,0.004932243609800935,74.84704329399392,861534.55120623,861535.559129543
world,Display_Recent_Gaze,Display_Recent_Gaze,loop,30,0.002741375161955754,0.0014042031190025178,0.000842963345348835,0.005483976565301418,0.005310116102918982,74.87692259795342,861535.559129543,861536.563128022
world,Display_Recent_Gaze,Display_Recent_Gaze,loop,28,0.002553886068718774,0.0013981681404519287,0.0009549548849463463,0.0053390394896268845,0.005091307684779167,81.63315007030698,861536.563128022,861537.597881336
world,Display_Recent_Gaze,Display_Recent_Gaze,loop,31,0.0028834159996721054,0.0015901701922649762,0.0009430805221199989,0.005493988282978535,0.005447480361908674,81.28675603638253,861537.597881336,861538.615750052
world,Display_Recent_Gaze,Display_Recent_Gaze,loop,30,0.0025691348128020763,0.0015006188235556967,0.0010039657354354858,0.005794921889901161,0.005627667997032403,86.59747653097536,861538.615750052,861539.616760611
world,Display_Recent_Gaze,Display_Recent_Gaze,loop,30,0.0027122674509882927,0.001571105542539747,0.0009940704330801964,0.00571901910007,0.0054391217418015,86.27630894770846,861539.616760611,861540.62271514
world,Display_Recent_Gaze,Display_Recent_Gaze,loop,30,0.002653403983761867,0.0015465078295969356,0.0009710201993584633,0.005690031684935093,0.005513080395758151,88.06278979949032,861540.62271514,861541.632380716
world,Display_Recent_Gaze,Display_Recent_Gaze,loop,30,0.0024379929527640343,0.0013967114191060367,0.0007549533620476723,0.005451031029224396,0.005095027154311537,87.96045223716646,861541.632380716,861542.633847427
world,Display_Recent_Gaze,Display_Recent_Gaze,loop,29,0.0026595642276365183,0.0015678550564664176,0.0009270152077078819,0.005606096237897873,0.005519390106201172,89.80899034389134,861542.633847427,861543.645515696
world,Display_Recent_Gaze,Display_Recent_Gaze,loop,31,0.002832504950704113,0.0015355873943117175,0.0010509975254535675,0.005885958671569824,0.005650974344462156,85.00160964491266,861543.645515696,861544.653472084
world,Display_Recent_Gaze,Display_Recent_Gaze,loop,31,0.0028594569753735296,0.0015425950672375694,0.0008770730346441269,0.006063026376068592,0.0053470139391720295,89.43089754170468,861544.653472084,861545.702468995
world,Display_Recent_Gaze,Display_Recent_Gaze,loop,31,0.002623227755388906,0.0015220924146236237,0.000893021933734417,0.005837064236402512,0.005475478246808052,88.15270554905217,861545.702468995,861546.72577115
world,Display_Recent_Gaze,Display_Recent_Gaze,loop,30,0.0021876534447073936,0.0011075494264644742,0.0010150251910090446,0.005075009539723396,0.004338053986430168,83.6471045544992,861546.72577115,861547.737044784
world,Blink_Detection,Blink_Detection,loop,29,0.010734147006838486,0.004596551316833606,0.003600027412176132,0.019542057998478413,0.016605225391685963,73.99558099709323,861497.221930091,861498.225690432
world,Blink_Detection,Blink_Detection,loop,30,0.010002031922340393,0.004579715796377721,0.00401597935706377,0.017567072063684464,0.01734956749714911,73.43342954603334,861498.225690432,861499.22915457
world,Blink_Detection,Blink_Detection,loop,30,0.008042769817014536,0.003399403625501469,0.0038980506360530853,0.016200938262045383,0.015525962226092815,73.37210526457056,861499.22915457,861500.237239979
world,Blink_Detection,Blink_Detection,loop,30,0.008454589017977318,0.0035648233841436804,0.004793982952833176,0.015715020708739758,0.01485428074374795,73.42914424370974,861500.237239979,861501.241444988
world,Blink_Detection,Blink_Detection,loop,30,0.010743535434206327,0.004981059028586276,0.004725996404886246,0.019663944840431213,0.018944969633594152,73.48406596962984,861501.241444988,861502.245346649
world,Blink_Detection,Blink_Detection,loop,30,0.009962085944910845,0.008443578573990283,0.0040299491956830025,0.03930297680199146,0.02896773512475192,73.54995436035097,861502.245346649,861503.253225146
world,Blink_Detection,Blink_Detection,loop,30,0.007549269745747249,0.003432291505536485,0.0034689437597990036,0.01708709169179201,0.01471207360737025,73.54747090333451,861503.253225146,861504.257322287
world,Blink_Detection,Blink_Detection,loop,30,0.006096883832166593,0.004349088323686598,0.0025960616767406464,0.02044602297246456,0.016415788559243083,73.1951491907239,861504.257322287,861505.261229485
world,Blink_Detection,Blink_Detection,loop,30,0.0047006683113674326,0.0009563077148435226,0.0035230768844485283,0.006600050255656242,0.005939410766586661,73.41762963139142,861505.261229485,861506.269377915
world,Blink_Detection,Blink_Detection,loop,30,0.004969238458822171,0.0008216541483731122,0.003322027623653412,0.0062480103224515915,0.005964725278317928,73.38996256779258,861506.269377915,861507.273520509
world,Blink_Detection,Blink_Detection,loop,30,0.00473164642850558,0.0007718671460254561,0.0032819807529449463,0.0059140147641301155,0.005652336403727531,73.28884347031514,861507.273520509,861508.277460509
world,Blink_Detection,Blink_Detection,loop,30,0.004872066589693229,0.0008117644636754692,0.0032390234991908073,0.006508082151412964,0.005778647027909756,73.49744325814147,861508.277460509,861509.285543749
world,Blink_Detection,Blink_Detection,loop,30,0.00438672723248601,0.0009984832768649803,0.0026689376682043076,0.006102956831455231,0.0057818484492599955,73.36861712780471,861509.285543749,861510.289587602
world,Blink_Detection,Blink_Detection,loop,30,0.00492617255076766,0.0008564129905912081,0.003042980097234249,0.006218091584742069,0.005731516284868121,73.46773329967012,861510.289587602,861511.293437934
world,Blink_Detection,Blink_Detection,loop,30,0.004611707602938016,0.0008707955069396236,0.0029710354283452034,0.006071990355849266,0.005811080336570739,73.64109133292611,861511.293437934,861512.301599022
world,Blink_Detection,Blink_Detection,loop,30,0.004879493887225787,0.000865609978016532,0.003272085450589657,0.005915062502026558,0.005869218148291111,73.58101857050012,861512.301599022,861513.305557486
world,Blink_Detection,Blink_Detection,loop,30,0.005113263614475727,0.0007195766576833926,0.0034779077395796776,0.00647595152258873,0.005899596726521849,73.68938899987067,861513.305557486,861514.309578021
world,Blink_Detection,Blink_Detection,loop,30,0.004694350839902957,0.00100653703382065,0.002930988557636738,0.006143003702163696,0.006062688771635294,73.71362880027543,861514.309578021,861515.317635159
world,Blink_Detection,Blink_Detection,loop,30,0.0047704049696524935,0.0008122863836397615,0.0032600946724414825,0.006368034519255161,0.005778303602710366,73.61950258491561,861515.317635159,861516.321668568
world,Blink_Detection,Blink_Detection,loop,30,0.004888089218487342,0.0009123430003441155,0.0032030511647462845,0.006387941539287567,0.00609582639299333,73.72163471300155,861516.321668568,861517.325880621
world,Blink_Detection,Blink_Detection,loop,30,0.005569743613402049,0.00227290280453736,0.003569992259144783,0.017332960851490498,0.006310833850875497,73.84204467137654,861517.325880621,861518.334821673
world,Blink_Detection,Blink_Detection,loop,30,0.010104570537805557,0.005003339585103782,0.003754044882953167,0.01868500839918852,0.018101569730788466,74.22404240739222,861518.334821673,861519.338738047
world,Blink_Detection,Blink_Detection,loop,30,0.010798440780490637,0.005185532316433777,0.0027299392968416214,0.024923007003962994,0.01735067344270646,74.41171876853332,861519.338738047,861520.342113512
world,Blink_Detection,Blink_Detection,loop,30,0.01039927980552117,0.005749690924269684,0.0038869911804795265,0.030299066565930843,0.01747685018926859,74.29032660632704,861520.342113512,861521.346227278
world,Blink_Detection,Blink_Detection,loop,25,0.01081505324691534,0.0049646226732696554,0.0032170210033655167,0.017452053725719452,0.017412635497748852,78.03917294833809,861521.346227278,861522.407237027
world,Blink_Detection,Blink_Detection,loop,31,0.009294783305977621,0.005077725527406365,0.0028850045055150986,0.01916801556944847,0.017893558833748102,83.05068435372725,861522.407237027,861523.408867076
world,Blink_Detection,Blink_Detection,loop,31,0.009285357420242602,0.005017646988619218,0.003130990080535412,0.017751939594745636,0.0175970490090549,85.6946725623622,861523.408867076,861524.447596368
world,Blink_Detection,Blink_Detection,loop,31,0.007788838458157355,0.005496831286634583,0.0030279625207185745,0.027900096029043198,0.01652049832046032,85.00943535322985,861524.447596368,861525.479758813
world,Blink_Detection,Blink_Detection,loop,30,0.007306493353098631,0.004344908843922711,0.003186054527759552,0.016295933164656162,0.01613908098079264,82.24620200150336,861525.479758813,861526.480325306
world,Blink_Detection,Blink_Detection,loop,30,0.013478368055075407,0.030523127363508033,0.0028620706871151924,0.17601298168301582,0.017912086332216855,86.91608525890236,861526.480325306,861527.496505617
world,Blink_Detection,Blink_Detection,loop,27,0.007980701479095,0.004945064086766981,0.0031440285965800285,0.020022038370370865,0.01707480987533927,91.47749374689603,861527.496505617,861528.518905837
world,Blink_Detection,Blink_Detection,loop,30,0.008850183803588152,0.004838888556419213,0.004107016138732433,0.018293969333171844,0.016462616622447964,74.56152760035668,861528.518905837,861529.526848153
world,Blink_Detection,Blink_Detection,loop,30,0.008561698875079552,0.004444539337781374,0.003183959051966667,0.01658196561038494,0.016295461682602763,74.70414493388186,861529.526848153,861530.530754056
world,Blink_Detection,Blink_Detection,loop,30,0.00795841139430801,0.004947552389326659,0.003029010258615017,0.017505022697150707,0.017120951088145375,74.60930200759321,861530.530754056,861531.535097257
world,Blink_Detection,Blink_Detection,loop,30,0.008973933290690184,0.0047124258390781335,0.0034939730539917946,0.017659971490502357,0.01686116447672248,74.76948366966099,861531.535097257,861532.543349961
world,Blink_Detection,Blink_Detection,loop,30,0.008988826690862576,0.004580912579505088,0.0034779077395796776,0.01672597136348486,0.01664990559220314,74.89820846434061,861532.543349961,861533.547190881
world,Blink_Detection,Blink_Detection,loop,30,0.008964592901368936,0.005306939358462564,0.003290013410151005,0.02240703906863928,0.01747012720443308,74.69848027297606,861533.547190881,861534.551388113
world,Blink_Detection,Blink_Detection,loop,30,0.008292969626684984,0.004483795622505816,0.003252062015235424,0.01754402182996273,0.01602129195816815,74.86400741618127,861534.551388113,861535.559289585
world,Blink_Detection,Blink_Detection,loop,30,0.009188156885405382,0.004464282168091152,0.003022025339305401,0.017644022591412067,0.017227279022336006,74.89574830979109,861535.559289585,861536.56329715
world,Blink_Detection,Blink_Detection,loop,28,0.00856989312783948,0.004562885746844492,0.003481050953269005,0.016944948583841324,0.016522366786375642,81.64784653178815,861536.56329715,861537.597945253
world,Blink_Detection,Blink_Detection,loop,31,0.009703660203564552,0.005166920733776953,0.00351504422724247,0.018817023374140263,0.018266495317220688,81.30655248814654,861537.597945253,861538.615902609
world,Blink_Detection,Blink_Detection,loop,30,0.008541943194965521,0.004602487745692043,0.003635999746620655,0.018742983229458332,0.01765796914696693,86.61647267484416,861538.615902609,861539.616917527
world,Blink_Detection,Blink_Detection,loop,30,0.009105901699513197,0.005177317198428791,0.002866028808057308,0.018666964024305344,0.017872505122795698,86.29400833354642,861539.616917527,861540.622804383
world,Blink_Detection,Blink_Detection,loop,30,0.009091966785490513,0.005005425034938752,0.0032490352168679237,0.01956196501851082,0.017263495828956366,88.08415810344741,861540.622804383,861541.632605429
world,Blink_Detection,Blink_Detection,loop,30,0.008033836881319681,0.004353254338934096,0.003025052137672901,0.018867081962525845,0.016521097859367714,87.97578359177957,861541.632605429,861542.633911491
world,Blink_Detection,Blink_Detection,loop,29,0.008913788719680803,0.005081689945110291,0.003055902197957039,0.02018397208303213,0.017342180944979187,89.8312072887824,861542.633911491,861543.645763786
world,Blink_Detection,Blink_Detection,loop,31,0.009567003637071579,0.005123403021623421,0.0033279648050665855,0.018073944374918938,0.01772650284692645,85.02111290656632,861543.645763786,861544.653628632
world,Blink_Detection,Blink_Detection,loop,31,0.009821866819214436,0.005272105307250382,0.003056018613278866,0.019163009710609913,0.0186049728654325,89.45932154423527,861544.653628632,861545.702873704
world,Blink_Detection,Blink_Detection,loop,31,0.00879882023699822,0.004976977261065734,0.003310968168079853,0.018698046915233135,0.01779600279405713,88.18938087807187,861545.702873704,861546.726484737
world,Blink_Detection,Blink_Detection,loop,30,0.007296097464859486,0.003634002806866253,0.0034819822758436203,0.01643691211938858,0.014966551680117839,83.69019156477104,861546.726484737,861547.738009368
world,Recorder,Recorder,loop,29,0.00777101979173463,0.02039123403653122,0.0012289965525269508,0.1152820186689496,0.006954255513846873,74.03356964892612,861497.224548534,861498.226474729
world,Recorder,Recorder,loop,30,0.006094900891184807,0.008925766151836479,0.0016619451344013214,0.04086596891283989,0.023379933554679072,73.45807612873614,861498.226474729,861499.229514345
world,Recorder,Recorder,loop,30,0.004217502040167649,0.0065611089671813935,0.0014650868251919746,0.038939062505960464,0.005747983232140541,73.39194973077004,861499.229514345,861500.237589186
world,Recorder,Recorder,loop,30,0.003963359631597996,0.004929086815857671,0.0016200356185436249,0.029635964892804623,0.005605642218142748,73.44585176324472,861500.237589186,861501.241681312
world,Recorder,Recorder,loop,30,0.005567888729274273,0.008986383062820864,0.0016469275578856468,0.05292193964123726,0.007906934479251497,73.51143273990601,861501.241681312,861502.245835457
world,Recorder,Recorder,loop,30,0.0040447960297266645,0.004262456354455551,0.0014950055629014969,0.02537702675908804,0.006896804552525277,73.56542066360514,861502.245835457,861503.253397994
world,Recorder,Recorder,loop,30,0.003880568935225407,0.005436382001649082,0.0013810349628329277,0.032396987080574036,0.005908025195822119,73.56339924347897,861503.253397994,861504.257570066
world,Recorder,Recorder,loop,30,0.0032976347332199416,0.004006111624116985,0.001161010004580021,0.02383999526500702,0.006348238093778486,73.20754039489354,861504.257570066,861505.261403985
world,Recorder,Recorder,loop,30,0.0032283753777543702,0.004955452048174747,0.0015669502317905426,0.0297849765047431,0.0030657858587801456,73.43159933031227,861505.261403985,861506.269633326
world,Recorder,Recorder,loop,30,0.0034064287319779396,0.005199353686710861,0.001652049832046032,0.03130803816020489,0.003100995672866702,73.40470862885316,861506.269633326,861507.273784484
world,Recorder,Recorder,loop,30,0.003328123906006416,0.0048881899017644715,0.0015129335224628448,0.029530026949942112,0.003432959783822297,73.30281046840052,861507.273784484,861508.277706486
world,Recorder,Recorder,loop,30,0.0033882446587085724,0.005177996749661652,0.001634005457162857,0.031157047487795353,0.0034703582059592004,73.51209107243146,861508.277706486,861509.285807386
world,Recorder,Recorder,loop,30,0.0030123783896366754,0.004830123423267297,0.001074979081749916,0.028823968023061752,0.0030202209018170834,73.3821524772793,861509.285807386,861510.289842726
world,Recorder,Recorder,loop,30,0.003623764496296644,0.0045382675470612656,0.0016440171748399734,0.024667009711265564,0.009732804028317298,73.4793159024169,861510.289842726,861511.29359419
world,Recorder,Recorder,loop,30,0.003351527266204357,0.004945299114679071,0.0015009427443146706,0.02983200829476118,0.0036116456612944603,73.65325513140608,861511.29359419,861512.301793045
world,Recorder,Recorder,loop,30,0.003404375941803058,0.004778210747024222,0.0015790574252605438,0.02902199048548937,0.0031170144211500883,73.59317892696708,861512.301793045,861513.305745375
world,Recorder,Recorder,loop,30,0.003468431532382965,0.004404464371470312,0.001878943294286728,0.027101021260023117,0.003270554589107632,73.70231273428847,861513.305745375,861514.309775721
world,Recorder,Recorder,loop,30,0.0033048990493019423,0.005102852678383536,0.0010889489203691483,0.030598021112382412,0.0033241056371480222,73.72624213652064,861514.309775721,861515.317843634
world,Recorder,Recorder,loop,30,0.003155821468681097,0.004277391416779785,0.0016730045899748802,0.026062014512717724,0.0031776900868862863,73.6308003620555,861515.317843634,861516.321838398
world,Recorder,Recorder,loop,30,0.003365136217325926,0.005348259381624009,0.0012350501492619514,0.03207696136087179,0.0031059607863426204,73.73678297347699,861516.321838398,861517.326159486
world,Recorder,Recorder,loop,30,0.00545462438215812,0.015380157764869767,0.0016309786587953568,0.08824700489640236,0.0033461314160376787,73.87961313749354,861517.326159486,861518.335757621
world,Recorder,Recorder,loop,30,0.005330746838202079,0.008758715632780205,0.0013660173863172531,0.05143694579601288,0.007458904292434452,74.2594526343358,861518.335757621,861519.339503321
world,Recorder,Recorder,loop,30,0.006943968279908101,0.010473648828001355,0.0013030366972088814,0.04751200322061777,0.02762730000540604,74.437637704735,861519.339503321,861520.342493452
world,Recorder,Recorder,loop,30,0.005046588679154714,0.007278688342088806,0.001384061761200428,0.04329299554228783,0.006871874211356041,74.31520976048584,861520.342493452,861521.346659293
world,Recorder,Recorder,loop,25,0.005160151049494743,0.00557744549351517,0.0013560056686401367,0.030848081223666668,0.007291510701179504,78.0565018299967,861521.346659293,861522.407378511
world,Recorder,Recorder,loop,31,0.006670027130073117,0.01559476890108491,0.0010899966582655907,0.09058194700628519,0.012309988960623741,83.0808544208506,861522.407378511,861523.409490534
world,Recorder,Recorder,loop,31,0.004794970605402223,0.008687032316924992,0.0011260854080319405,0.05146802868694067,0.006366055458784103,85.71619041369206,861523.409490534,861524.447957288
world,Recorder,Recorder,loop,31,0.0033740352298463542,0.003929329384389912,0.0010880175977945328,0.023039989173412323,0.0062970793806016445,85.02144000733331,861524.447957288,861525.479884531
world,Recorder,Recorder,loop,30,0.0033340222823123136,0.004135269474247,0.0012218952178955078,0.024219974875450134,0.005538825644180178,82.25769578712061,861525.479884531,861526.480439534
world,Recorder,Recorder,loop,30,0.003818973588446776,0.004928491967295683,0.001167994923889637,0.028413953259587288,0.0069619622081518165,86.93083407124504,861526.480439534,861527.496680448
world,Recorder,Recorder,loop,27,0.004046333574310497,0.006775409659331394,0.0010649673640727997,0.03741204272955656,0.006836943794041872,91.49390389642643,861527.496680448,861528.51913406
world,Recorder,Recorder,loop,30,0.004823370060573022,0.006708828444795027,0.001401989720761776,0.03492902033030987,0.014681479660794094,74.57655986848597,861528.51913406,861529.526998394
world,Recorder,Recorder,loop,30,0.003976072184741497,0.004384326612736368,0.001310952939093113,0.026107067242264748,0.005982862785458565,74.71803659961249,861529.526998394,861530.530899181
world,Recorder,Recorder,loop,30,0.0038486983006199202,0.004746573518211373,0.0011379597708582878,0.0274518970400095,0.006786675658077002,74.62384657313426,861530.530899181,861531.535280607
world,Recorder,Recorder,loop,30,0.0047372072003781796,0.007501157990275092,0.0014549586921930313,0.044053071178495884,0.006246869452297687,74.78592373275508,861531.535280607,861532.543559508
world,Recorder,Recorder,loop,30,0.004340572437892358,0.005523511952550687,0.001300009898841381,0.03275205381214619,0.006185658276081085,74.91432759755601,861532.543559508,861533.547397102
world,Recorder,Recorder,loop,30,0.004591362085193396,0.007910740486677875,0.0012220116332173347,0.046066008508205414,0.006728561129420995,74.71437705680728,861533.547397102,861534.551601629
world,Recorder,Recorder,loop,30,0.004053294348220031,0.005175382585981259,0.001285923644900322,0.030638999305665493,0.00622608931735158,74.87827343478178,861534.551601629,861535.55947255
world,Recorder,Recorder,loop,30,0.004624280457695325,0.006310702861146398,0.0010830117389559746,0.0374100636690855,0.006883911555632948,74.91180842431883,861535.55947255,861536.563496847
world,Recorder,Recorder,loop,28,0.004134540046964373,0.00472519971971331,0.0013939570635557175,0.02743897493928671,0.006247905548661947,81.66053531541755,861536.563496847,861537.598054655
world,Recorder,Recorder,loop,31,0.004446982676463742,0.004627184363299786,0.0012570526450872421,0.02771802246570587,0.007153023034334183,81.32376213137421,861537.598054655,861538.616080304
world,Recorder,Recorder,loop,30,0.0042584724724292755,0.006987852051220497,0.0012320233508944511,0.040992978028953075,0.0061360711697489015,86.6354182944633,861538.616080304,861539.617211901
world,Recorder,Recorder,loop,30,0.004126639881481727,0.004064496732807452,0.0011980300769209862,0.0233770115301013,0.007286632899194955,86.307737561098,861539.617211901,861540.622910935
world,Recorder,Recorder,loop,30,0.003953111202766498,0.004260457660309349,0.0013889512047171593,0.025367015041410923,0.006040377775207161,88.09880064800382,861540.622910935,861541.632751645
world,Recorder,Recorder,loop,30,0.003485203099747499,0.003395103409410449,0.0009560026228427887,0.02012401819229126,0.006129703251644968,87.98709016215678,861541.632751645,861542.633990947
world,Recorder,Recorder,loop,29,0.004683312124990183,0.008812899174012307,0.0010889489203691483,0.050366041250526905,0.006570434197783468,89.8495715247981,861542.633990947,861543.646032838
world,Recorder,Recorder,loop,31,0.003957422450184822,0.00455488154550304,0.0009830109775066376,0.027318019419908524,0.006610003765672445,85.03656370204783,861543.646032838,861544.653806149
world,Recorder,Recorder,loop,31,0.008588529101783229,0.020397227872960732,0.0010470394045114517,0.09548105299472809,0.041068531572818756,89.48753470735204,861544.653806149,861545.703334731
world,Recorder,Recorder,loop,31,0.005952991364944366,0.01402851994667527,0.0011599622666835785,0.08034403435885906,0.013626995496451855,88.21713219907495,861545.703334731,861546.727034613
world,Recorder,Recorder,loop,30,0.0032858457416296005,0.004119092071550095,0.0012320233508944511,0.024211942218244076,0.005972030339762567,83.73197176648925,861546.727034613,861547.739037222
eye1,Roi,Roi,loop,124,0.00559473353918762,0.0030802208879659888,0.002261018380522728,0.015225028619170189,0.013468606630340219,14.170595440983531,861500.585208845,861501.585403251
eye1,Roi,Roi,loop,125,0.006044797599315643,0.0034768123598440835,0.002556014806032181,0.029547023586928844,0.012771971523761748,14.251385389827192,861501.585403251,861502.593323415
eye1,Roi,Roi,loop,125,0.005916976369917393,0.003066067887100008,0.0024619512259960175,0.01586799044162035,0.01402534544467926,14.250259327702224,861502.593323415,861503.601293335
eye1,Roi,Roi,loop,112,0.006489790393970907,0.004088094386139986,0.002304092049598694,0.02858100924640894,0.014248682418838135,14.43639280790064,861503.601293335,861504.852335173
eye1,Roi,Roi,loop,115,0.0031155281011825023,0.0004989280498059965,0.002007000148296356,0.004610046744346619,0.0039581675082445145,16.338876737079218,861504.852335173,861505.858424065
eye1,Roi,Roi,loop,119,0.0030706106379878623,0.0004981129356529553,0.0020049046725034714,0.005115056410431862,0.003690540324896574,15.667820861954398,861505.858424065,861506.866544511
eye1,Roi,Roi,loop,119,0.0030728880738636025,0.0006299141735849395,0.0020170118659734726,0.007417984306812286,0.0038732890971004963,16.033916744920074,861506.866544511,861507.869386969
eye1,Roi,Roi,loop,119,0.0031482841146468115,0.0005089254875693816,0.002093031071126461,0.004390021786093712,0.00392517540603876,15.673903320884692,861507.869386969,861508.876898381
eye1,Roi,Roi,loop,117,0.003140983888163016,0.000671997104548044,0.001969980075955391,0.008220085874199867,0.003910413943231105,16.170290033094204,861508.876898381,861509.881534386
eye1,Roi,Roi,loop,117,0.0031066712183065903,0.0018161663759659048,0.0019440194591879845,0.021903077140450478,0.003769411705434322,15.87556547119131,861509.881534386,861510.88157085
eye1,Roi,Roi,loop,109,0.0031572764465978387,0.0004928417426841811,0.00218802597373724,0.004376983270049095,0.003988039679825306,16.74659817518,861510.88157085,861511.884389683
eye1,Roi,Roi,loop,112,0.0031687876409185784,0.0004936248099442246,0.002034008502960205,0.004295026883482933,0.00398231204599142,16.934638786811515,861511.884389683,861512.89212333
eye1,Roi,Roi,loop,115,0.0030538451898357143,0.00048363011265004666,0.002127024345099926,0.004234025254845619,0.0037768506444990635,16.93049435524027,861512.89212333,861513.897653871
eye1,Roi,Roi,loop,117,0.002991105628828717,0.000494229820140604,0.002076965756714344,0.004027970135211945,0.0038390280678868294,16.166573973436257,861513.897653871,861514.902679783
eye1,Roi,Roi,loop,112,0.0031827096661020604,0.00047164713124432336,0.0021569430828094482,0.004228902980685234,0.004005507798865437,16.924561335015046,861514.902679783,861515.910173655
eye1,Roi,Roi,loop,114,0.0032132558867727454,0.0005885470816064642,0.0019919825717806816,0.006411923095583916,0.003958371235057712,16.487266568123903,861515.910173655,861516.917714817
eye1,Roi,Roi,loop,116,0.003124244013351613,0.0004619106379126432,0.0019939616322517395,0.004063011147081852,0.003788270987570286,17.119059660311404,861516.917714817,861517.920672251
eye1,Roi,Roi,loop,110,0.0057799625210464,0.003764370756088428,0.002071959897875786,0.01609697937965393,0.013948243577033281,15.838190003044225,861517.920672251,861518.925950425
eye1,Roi,Roi,loop,124,0.007181983223305114,0.004069850611320754,0.0023690517991781235,0.0187350669875741,0.014892499893903729,15.060207624393966,861518.925950425,861519.925996947
eye1,Roi,Roi,loop,114,0.007424004204375179,0.004410729210809886,0.0027070054784417152,0.029326998628675938,0.014854001346975563,15.926696099708543,861519.925996947,861520.926096475
eye1,Roi,Roi,loop,124,0.0074418541419530105,0.004174826959629193,0.0025529880076646805,0.020314007997512817,0.014934648061171174,15.154476456847343,861520.926096475,861521.933992335
eye1,Roi,Roi,loop,117,0.0063264812143822005,0.003944130762459861,0.0023050233721733093,0.01921702641993761,0.014730729162693024,15.18003789222457,861521.933992335,861522.934113634
eye1,Roi,Roi,loop,124,0.007328234665516404,0.0047469767876554565,0.0025510089471936226,0.03304507117718458,0.016258208779618144,15.280629806746278,861522.934113634,861523.938564461
eye1,Roi,Roi,loop,125,0.0061246855184435844,0.0035921596349961895,0.0024349428713321686,0.01795496791601181,0.013775238767266272,15.34403744339943,861523.938564461,861524.946680912
eye1,Roi,Roi,loop,122,0.005823101077350925,0.0034362376958542154,0.002300017513334751,0.015900004655122757,0.013624457642436024,15.47020748658411,861524.946680912,861525.954183463
eye1,Roi,Roi,loop,124,0.005933569721697319,0.0034350847071620517,0.002329004928469658,0.01599709503352642,0.013847154332324862,15.281310450518504,861525.954183463,861526.954240395
eye1,Roi,Roi,loop,124,0.0056719854323854365,0.0030397203307647555,0.0025940826162695885,0.01481594517827034,0.012086069909855723,15.303462208624207,861526.954240395,861527.954608238
eye1,Roi,Roi,loop,111,0.005990059140163499,0.003994556726017703,0.002280925400555134,0.025738030672073364,0.014516932424157858,15.609770658769989,861527.954608238,861528.962327342
eye1,Roi,Roi,loop,124,0.006768286355861252,0.0042081530232423265,0.0022980384528636932,0.029915012419223785,0.014418311184272167,15.415176873155419,861528.962327342,861529.962705972
eye1,Roi,Roi,loop,124,0.006365611390661328,0.009812027104916987,0.002393033355474472,0.10825693607330322,0.013215088983997696,15.511157477439772,861529.962705972,861530.966553274
eye1,Roi,Roi,loop,125,0.006266344338655472,0.009127701172204348,0.0026669586077332497,0.09985105134546757,0.01357921864837408,15.520430641248822,861530.966553274,861531.974444347
eye1,Roi,Roi,loop,124,0.006138347089290619,0.0037812060960555,0.002595013938844204,0.018671969883143902,0.014442217070609331,15.554289519411302,861531.974444347,861532.974508361
eye1,Roi,Roi,loop,124,0.005197897177910612,0.002894206670841977,0.0028209760785102844,0.020603998564183712,0.012504262849688528,15.477848699271318,861532.974508361,861533.975119269
eye1,Roi,Roi,loop,125,0.005880970507860184,0.004337286230655595,0.0024280743673443794,0.03891100641340017,0.013254536315798758,15.617299691773951,861533.975119269,861534.982835195
eye1,Roi,Roi,loop,125,0.005905121564865112,0.003322106106656181,0.0025280751287937164,0.01660711131989956,0.013602431863546371,15.589074919000268,861534.982835195,861535.990557305
eye1,Roi,Roi,loop,124,0.0056868114869200416,0.0030859938831169537,0.0030209776014089584,0.016713980585336685,0.013432715786620975,15.631470634909947,861535.990557305,861536.994584581
eye1,Roi,Roi,loop,116,0.005367931564627537,0.002994949262255964,0.0023300526663661003,0.0199249479919672,0.012817210517823696,16.05927784413356,861536.994584581,861537.995384055
eye1,Roi,Roi,loop,125,0.0066497474908828735,0.004212239753452336,0.0025349436327815056,0.031199073418974876,0.013700826093554497,16.023309242911637,861537.995384055,861539.002762633
eye1,Roi,Roi,loop,125,0.005988338030874729,0.0036389068309551935,0.0025009503588080406,0.016769045032560825,0.012973533011972904,15.863589190877974,861539.002762633,861540.010836548
eye1,Roi,Roi,loop,119,0.006153759890932496,0.00378085547695246,0.0022989697754383087,0.01882400829344988,0.014317850582301615,16.013534028403964,861540.010836548,861541.010939105
eye1,Roi,Roi,loop,124,0.005581416189670563,0.0032558239040469824,0.002346932888031006,0.018989085219800472,0.01351439277641475,15.816386059610053,861541.010939105,861542.01179491
eye1,Roi,Roi,loop,125,0.006647669710218906,0.0037832652891255435,0.002437969669699669,0.01576507929712534,0.01411831472069025,15.892739117145538,861542.01179491,861543.0188297
eye1,Roi,Roi,loop,124,0.00663655209204843,0.003699794083258132,0.00246299896389246,0.01607800368219614,0.014166487380862234,16.068965680108615,861543.0188297,861544.023200419
eye1,Roi,Roi,loop,125,0.007143586874008179,0.003961947300896207,0.0026619527488946915,0.019437982700765133,0.014223135076463223,16.35531791858375,861544.023200419,861545.031099943
eye1,Roi,Roi,loop,125,0.00838423054665327,0.007309472438772067,0.0022479798644781113,0.06747699808329344,0.015856395475566384,16.329904991202056,861545.031099943,861546.039063337
eye1,Roi,Roi,loop,125,0.006432501599192619,0.003983179241249974,0.0026819761842489243,0.02920196857303381,0.013969838619232176,16.143532351590693,861546.039063337,861547.046989124
eye1,Roi,Roi,loop,124,0.005869125391566946,0.003794579234785499,0.002754037268459797,0.024459906853735447,0.013951299479231237,16.21673508611087,861547.046989124,861548.047083003
eye1,Roi,Roi,loop,124,0.00571404422272838,0.0032558360549454464,0.002269982360303402,0.017744023352861404,0.012722687097266316,16.16953836468559,861548.047083003,861549.04722334
eye1,Roi,Roi,loop,124,0.005933506819870203,0.0031995389040739377,0.0025489134714007378,0.017561018466949463,0.012718170182779431,16.110451684536173,861549.04722334,861550.047250992
eye1,Roi,Roi,loop,124,0.006670491852527184,0.0037757697645919392,0.002296990714967251,0.01717300619930029,0.014246074715629217,16.386198128701277,861550.047250992,861551.051276552
eye1,nnUNetDetector2DPlugin,2dcpp,loop,124,1.7914541024384238,0.7925164807437997,0.6701949751004577,4.294857964850962,3.6741247167810798,15.947559215654168,861500.642885004,861501.643433166
eye1,nnUNetDetector2DPlugin,2dcpp,loop,125,1.8386920597404242,0.8075844833995137,0.7341359741985798,4.589368007145822,3.503442066721618,16.068008338101208,861501.643433166,861502.651015798
eye1,nnUNetDetector2DPlugin,2dcpp,loop,125,1.7107393210753798,0.750298508173138,0.6608390249311924,4.2584220645949244,3.2375640701502557,15.93435363844037,861502.651015798,861503.659525833
eye1,nnUNetDetector2DPlugin,pmrnet,loop,105,1.9312684479657383,0.9867099666405633,0.6591730052605271,6.198636023327708,3.6790688289329405,16.431810244518733,861503.659525833,861504.858696549
eye1,nnUNetDetector2DPlugin,pmrnet,loop,115,7.097564214516593,2.839353094371599,3.6678368924185634,11.645387974567711,11.056695191655308,23.442387629462324,861504.858696549,861505.869396866
eye1,nnUNetDetector2DPlugin,pmrnet,loop,119,6.621853181380121,2.696479056459238,3.5823540529236197,11.19387405924499,10.603198572061956,22.29548343202929,861505.869396866,861506.877109135
eye1,nnUNetDetector2DPlugin,pmrnet,loop,120,6.682220263367829,2.7784597099486614,3.531489986926317,11.367528000846505,10.90819601668045,22.698226241239656,861506.877109135,861507.887077177
eye1,nnUNetDetector2DPlugin,pmrnet,loop,118,6.393360121025688,2.7546555389368454,3.584236023016274,12.383988010697067,10.851887718308715,22.09360562008411,861507.887077177,861508.888141412
eye1,nnUNetDetector2DPlugin,pmrnet,loop,118,6.856496675705569,2.8265502075139457,3.604660974815488,11.36679295450449,10.685895633650944,23.031894247821075,861508.888141412,861509.893105753
eye1,nnUNetDetector2DPlugin,pmrnet,loop,117,6.576991941517171,2.778039847430771,3.627851023338735,15.787758980877697,11.46108165849,22.454825915499693,861509.893105753,861510.893620558
eye1,nnUNetDetector2DPlugin,pmrnet,loop,108,8.25495703611523,2.8638114261847383,3.7683650152757764,14.263623976148665,12.834821082651615,25.015723090661965,861510.893620558,861511.893992473
eye1,nnUNetDetector2DPlugin,pmrnet,loop,112,7.928187530654084,2.725313362663196,3.715652972459793,15.166436904110014,12.309272057609629,24.868687949492596,861511.893992473,861512.906668906
eye1,nnUNetDetector2DPlugin,pmrnet,loop,116,7.668835890744331,2.728016621294499,3.649184014648199,14.513195026665926,12.126454239478335,24.581587861356294,861512.906668906,861513.913292043
eye1,nnUNetDetector2DPlugin,pmrnet,loop,118,6.488616032707426,2.954096795844163,3.583561978302896,15.391275053843856,11.628338345326481,22.64061246967038,861513.913292043,861514.918107925
eye1,nnUNetDetector2DPlugin,pmrnet,loop,111,7.500874036965002,2.9715770447105534,3.612434957176447,17.07929407712072,10.99366502603516,24.47374089545495,861514.918107925,861515.920491624
eye1,nnUNetDetector2DPlugin,pmrnet,loop,113,7.210097833025574,2.800341092908764,3.592838067561388,11.660645017400384,10.833590780384839,23.70798939414553,861515.920491624,861516.923042453
eye1,nnUNetDetector2DPlugin,pmrnet,loop,116,7.0941255474061675,2.8928172368672223,3.6067760083824396,12.395470053888857,10.90781029779464,24.21910681757787,861516.923042453,861517.925787064
eye1,nnUNetDetector2DPlugin,2dcpp,loop,110,3.6419932074336843,3.1756437661946073,0.7274980889633298,11.830165982246399,10.251065081683919,19.49202306039462,861517.925787064,861518.928097147
eye1,nnUNetDetector2DPlugin,2dcpp,loop,124,1.9095673464283707,0.8483694154452958,0.7430979749187827,4.266610951162875,3.5033414722420275,16.983074136078358,861518.928097147,861519.928103366
eye1,nnUNetDetector2DPlugin,2dcpp,loop,114,2.2301158189708206,1.2142860944456755,0.6617349572479725,6.037291954271495,4.669584322255104,18.169925465420086,861519.928103366,861520.929603789
eye1,nnUNetDetector2DPlugin,2dcpp,loop,124,2.0959837270164563,1.141735359194914,0.7341790478676558,8.246949058957398,4.100639175157992,17.261334250853846,861520.929603789,861521.935070653
eye1,nnUNetDetector2DPlugin,2dcpp,loop,117,1.7819171990307732,0.9121996197845788,0.696939998306334,4.732965026050806,4.039105796255171,16.973609318678132,861521.935070653,861522.936325074
eye1,nnUNetDetector2DPlugin,2dcpp,loop,124,1.8114593375714556,0.8383419499484928,0.7414190331473947,5.192787968553603,3.4113310568500306,17.10589086794625,861522.936325074,861523.940676926
eye1,nnUNetDetector2DPlugin,2dcpp,loop,125,1.7222804417833686,0.8865534013844311,0.663644983433187,4.178894916549325,3.6233813734725113,17.08107120078057,861523.940676926,861524.949066958
eye1,nnUNetDetector2DPlugin,2dcpp,loop,122,1.7675361099851425,0.9191789197064085,0.76729292050004,4.153531044721603,3.871376620372754,17.247833419385078,861524.949066958,861525.955798892
eye1,nnUNetDetector2DPlugin,2dcpp,loop,125,1.7313096802681684,0.8835471045252592,0.7460379274562001,4.6875630505383015,3.9653731975704427,17.020146149210632,861525.955798892,861526.963568461
eye1,nnUNetDetector2DPlugin,2dcpp,loop,124,1.671869612877227,0.8409837350725311,0.8060099789872766,5.29829110018909,3.5058474517427376,16.985359976270928,861526.963568461,861527.964131334
eye1,nnUNetDetector2DPlugin,2dcpp,loop,111,1.6801243748616528,0.8713326839611802,0.6580550689250231,4.408651031553745,3.4840175067074597,17.293920919827713,861527.964131334,861528.972471864
eye1,nnUNetDetector2DPlugin,2dcpp,loop,125,1.8846929213032126,0.9744157820046127,0.6876490078866482,4.338781000114977,4.0559760062024,17.325919082388282,861528.972471864,861529.983516432
eye1,nnUNetDetector2DPlugin,2dcpp,loop,124,1.5662394796362928,0.7657833168043097,0.6913449615240097,4.717192961834371,3.126364038325846,17.115905141127445,861529.983516432,861530.985491692
eye1,nnUNetDetector2DPlugin,2dcpp,loop,125,1.5360311325639486,0.6463101890662483,0.7637989474460483,4.010698990896344,3.0308692017570125,17.049983645789325,861530.985491692,861531.992245625
eye1,nnUNetDetector2DPlugin,2dcpp,loop,125,1.7764079105108976,0.8591380528177915,0.794494990259409,4.195987014099956,3.88829184230417,17.334258639253676,861531.992245625,861532.999783802
eye1,nnUNetDetector2DPlugin,2dcpp,loop,125,1.4561835685744882,0.5441020150820246,0.750337028875947,4.060526029206812,2.4795565754175186,16.935603505931795,861532.999783802,861534.007411542
eye1,nnUNetDetector2DPlugin,2dcpp,loop,125,1.6206454075872898,0.7804012015204339,0.7526619592681527,4.306304035708308,3.3347598509863015,17.226898114196956,861534.007411542,861535.016347143
eye1,nnUNetDetector2DPlugin,2dcpp,loop,125,1.688485650345683,0.7942676080539625,0.7989630103111267,5.228705937042832,3.133151796646416,17.267713815905154,861535.016347143,861536.024574374
eye1,nnUNetDetector2DPlugin,2dcpp,loop,124,1.649843286647792,0.8371283208390933,0.7295360555872321,4.505235003307462,3.7570708838757123,17.40489796652729,861536.024574374,861537.028125805
eye1,nnUNetDetector2DPlugin,2dcpp,loop,116,1.6522407381201227,0.8545412972732683,0.7310709916055202,4.543205955997109,3.9844322309363633,17.77724569446632,861537.028125805,861538.029275651
eye1,nnUNetDetector2DPlugin,2dcpp,loop,124,1.8199415231544165,0.9113158986666753,0.7681000279262662,4.331571981310844,3.9869341766461726,17.776940307099252,861538.029275651,861539.030279304
eye1,nnUNetDetector2DPlugin,2dcpp,loop,125,1.748869908042252,0.9656259826803377,0.7325350306928158,5.594308953732252,3.7276432383805513,17.599180040881038,861539.030279304,861540.035894186
eye1,nnUNetDetector2DPlugin,2dcpp,loop,119,1.694725063324225,0.8244727305845049,0.6597579922527075,4.715736024081707,3.2638706034049387,17.710243479912208,861540.035894186,861541.036249332
eye1,nnUNetDetector2DPlugin,2dcpp,loop,124,1.6443025106714377,0.7326186722903524,0.7785289781168103,5.442005000077188,3.0743262381292875,17.46795895216506,861541.036249332,861542.037289617
eye1,nnUNetDetector2DPlugin,2dcpp,loop,125,1.7897383514791727,0.8400129163902235,0.758855021558702,4.369557951577008,3.550243191421032,17.66801669728011,861542.037289617,861543.044005559
eye1,nnUNetDetector2DPlugin,2dcpp,loop,124,1.9360425207959187,0.9816017699666936,0.7851599948480725,4.69165004324168,4.095486254664138,18.104081220489235,861543.044005559,861544.049363744
eye1,nnUNetDetector2DPlugin,2dcpp,loop,124,2.084148823351209,1.1594871912973332,0.7778230356052518,8.360559004358947,4.114573000697418,18.43035286442647,861544.049363744,861545.049691712
eye1,nnUNetDetector2DPlugin,2dcpp,loop,125,2.078315256163478,1.0301709062751856,0.8019229862838984,5.641472991555929,4.10478156991303,18.413732384331524,861545.049691712,861546.05743606
eye1,nnUNetDetector2DPlugin,2dcpp,loop,125,1.7878357274457812,0.9013189831868411,0.7049889536574483,4.524616990238428,3.6807915661484003,17.92874574661255,861546.05743606,861547.065209904
eye1,nnUNetDetector2DPlugin,2dcpp,loop,124,1.7680666463885215,0.889493598196767,0.7808370282873511,4.790551029145718,3.7054519460070874,17.986183527917152,861547.065209904,861548.065404179
eye1,nnUNetDetector2DPlugin,2dcpp,loop,125,1.6227967170998454,0.8083844312368929,0.7352910470217466,4.85475396271795,3.3911237958818674,17.7859631665051,861548.065404179,861549.073736368
eye1,nnUNetDetector2DPlugin,2dcpp,loop,125,1.642987871542573,0.8129103520608719,0.669701024889946,4.842605092562735,3.4462566720321774,17.73234437033534,861549.073736368,861550.080454499
eye1,nnUNetDetector2DPlugin,2dcpp,loop,124,1.7879788731900794,0.8154290527191838,0.7394370622932911,4.210639977827668,3.446786612039432,18.30258458334532,861550.080454499,861551.084496387
eye0,Roi,Roi,loop,124,0.005914958291536858,0.004018741476885247,0.0022439053282141685,0.019708997569978237,0.015492230886593461,10.985968743390854,861500.507354775,861501.507480169
eye0,Roi,Roi,loop,124,0.006697048628402333,0.003918827368043394,0.002437969669699669,0.016982085071504116,0.014668237417936323,11.065210150967863,861501.507480169,861502.510962462
eye0,Roi,Roi,loop,125,0.0061364443972706795,0.0033459895773733134,0.0024210894480347633,0.016215024515986443,0.013911048881709576,11.302231927402318,861502.510962462,861503.51892388
eye0,Roi,Roi,loop,123,0.006798453197428366,0.003957743319232847,0.0024239998310804367,0.016440986655652523,0.015139253810048103,11.349315687870167,861503.51892388,861504.852292153
eye0,Roi,Roi,loop,118,0.00314380957792371,0.0006587691624284168,0.0018969876691699028,0.007561058737337589,0.004109070869162678,12.60625544769721,861504.852292153,861505.854346235
eye0,Roi,Roi,loop,118,0.002958861148079573,0.0005858071699559569,0.002046930603682995,0.006649992428719997,0.0037666584830731136,12.532359721154858,861505.854346235,861506.858965079
eye0,Roi,Roi,loop,117,0.002995859751971359,0.00044843453387999755,0.001993030309677124,0.0041389139369130135,0.0037499936297535896,13.05139158717078,861506.858965079,861507.858977336
eye0,Roi,Roi,loop,116,0.0030336046495057388,0.0005327101129375205,0.0018829014152288437,0.004479079507291317,0.003754685167223215,13.256527617943055,861507.858977336,861508.861684165
eye0,Roi,Roi,loop,116,0.003674703826806669,0.0074958538768156455,0.0019759172573685646,0.08377002086490393,0.003772496711462736,12.66631550167623,861508.861684165,861510.097898641
eye0,Roi,Roi,loop,89,0.0031429847827955577,0.0004822699066925434,0.002227025106549263,0.004244036972522736,0.003962032496929169,22.822006708900496,861510.097898641,861511.103874178
eye0,Roi,Roi,loop,86,0.0032714451663196087,0.000755621122923297,0.0022460008040070534,0.007226015441119671,0.0040986924432218075,22.892757115863958,861511.103874178,861512.107398877
eye0,Roi,Roi,loop,89,0.0032793934551182758,0.0013574152011610163,0.0021849991753697395,0.014856923371553421,0.004070345312356949,23.078604781832755,861512.107398877,861513.108393402
eye0,Roi,Roi,loop,90,0.003079085662547085,0.0005652729836841695,0.0022279564291238785,0.0042959582060575485,0.004085636464878917,23.070066982311094,861513.108393402,861514.117523027
eye0,Roi,Roi,loop,76,0.004309085565374086,0.011529375204240636,0.002050073817372322,0.10403408668935299,0.00391903449781239,15.064106649094212,861514.117523027,861515.125694897
eye0,Roi,Roi,loop,118,0.002999243452766184,0.00048710370402883655,0.002032029442489147,0.004210043698549271,0.003749493043869734,11.478308270590665,861515.125694897,861516.129252091
eye0,Roi,Roi,loop,115,0.002977669077075046,0.00044948738787116215,0.0021120067685842514,0.0038570724427700043,0.003596348688006401,11.274640870523518,861516.129252091,861517.134603823
eye0,Roi,Roi,loop,116,0.003211935861678473,0.0010429022866652613,0.0020889565348625183,0.013254000805318356,0.00387546606361866,12.114231074269027,861517.134603823,861518.138832702
eye0,Roi,Roi,loop,114,0.006910491113861402,0.004469079895638988,0.0023579923436045647,0.01704995520412922,0.01551571185700595,10.37138589788555,861518.138832702,861519.141528687
eye0,Roi,Roi,loop,125,0.007502974942326546,0.004274356288711218,0.0023490283638238907,0.021715997718274593,0.01520519144833088,10.109823483973742,861519.141528687,861520.149434701
eye0,Roi,Roi,loop,124,0.011266582840753178,0.034468542684593775,0.002396991476416588,0.39084197487682104,0.014913693303242326,10.342043766286224,861520.149434701,861521.153645279
eye0,Roi,Roi,loop,124,0.0072597176767885685,0.004049801795501001,0.002378947101533413,0.019547995179891586,0.014284846838563679,10.56009539376734,861521.153645279,861522.161113365
eye0,Roi,Roi,loop,116,0.006561291982130757,0.0036995310249287473,0.0021529849618673325,0.015147961676120758,0.013743236195296049,10.686804130994554,861522.161113365,861523.169030753
eye0,Roi,Roi,loop,124,0.006769298418094555,0.004106461360662991,0.0024049077183008194,0.01890596468001604,0.015252002049237488,10.374905256133887,861523.169030753,861524.169622166
eye0,Roi,Roi,loop,125,0.005688623525202274,0.003546501116350419,0.0022669555619359016,0.016369973309338093,0.014398619532585142,10.27416944783181,861524.169622166,861525.177650197
eye0,Roi,Roi,loop,122,0.005692495491172447,0.0032268468581098052,0.0021420419216156006,0.016047037206590176,0.012702163076028226,10.522065572555132,861525.177650197,861526.185266379
eye0,Roi,Roi,loop,124,0.005835892572518318,0.0035576109423416592,0.0024619512259960175,0.015857047401368618,0.013456220040097833,10.384014467783873,861526.185266379,861527.185328746
eye0,Roi,Roi,loop,124,0.0064573757680914095,0.0042541549923578595,0.0024620676413178444,0.02855900675058365,0.013570033479481934,10.657723251384713,861527.185328746,861528.19089376
eye0,Roi,Roi,loop,109,0.005771826798899458,0.003342301407496614,0.002212938852608204,0.016282079741358757,0.013443990610539913,11.002199787330396,861528.19089376,861529.197375025
eye0,Roi,Roi,loop,125,0.007540334016084671,0.004161733055468841,0.0022849999368190765,0.017259037122130394,0.014237826690077782,10.760296530090272,861529.197375025,861530.205306156
eye0,Roi,Roi,loop,124,0.0057099011516378775,0.0037575303837855023,0.0025080516934394836,0.028633978217840195,0.012945727212354539,10.553327957994394,861530.205306156,861531.205576394
eye0,Roi,Roi,loop,124,0.0058000047330654435,0.00353101977001339,0.002413056790828705,0.019440078176558018,0.013915292220190166,10.60939695584708,861531.205576394,861532.205688882
eye0,Roi,Roi,loop,125,0.005579120479524136,0.00339628354120168,0.0022659078240394592,0.017444021068513393,0.01307742204517126,10.60268212389201,861532.205688882,861533.213376572
eye0,Roi,Roi,loop,124,0.005849122610544005,0.003577190265011948,0.0026100315153598785,0.020032981410622597,0.014077191008254882,10.60694585659451,861533.213376572,861534.213958935
eye0,Roi,Roi,loop,124,0.005814368881645703,0.0036094657483905315,0.0023819738999009132,0.017349026165902615,0.01376092550344765,10.89852454418677,861534.213958935,861535.218158626
eye0,Roi,Roi,loop,125,0.00799898523837328,0.020285567989304625,0.002417946234345436,0.2304149093106389,0.013490766286849976,10.940569096244872,861535.218158626,861536.225682735
eye0,Roi,Roi,loop,125,0.0062812138348817825,0.0038648140318778973,0.002361019141972065,0.01759000588208437,0.015026517212390898,10.944409855641425,861536.225682735,861537.2337595
eye0,Roi,Roi,loop,116,0.005265051531123704,0.0029941331425388444,0.0021470477804541588,0.020919949747622013,0.012201693607494235,11.114814455203454,861537.2337595,861538.241746009
eye0,Roi,Roi,loop,125,0.006834710948169231,0.0038337508395103843,0.002242974005639553,0.015956931747496128,0.014559784904122353,10.93289393465966,861538.241746009,861539.249749718
eye0,Roi,Roi,loop,124,0.006208209426052148,0.0038979874876004616,0.0023350585252046585,0.016245990991592407,0.014083378482609987,10.96089361254276,861539.249749718,861540.249795283
eye0,Roi,Roi,loop,118,0.006353791400600793,0.0037998144192459577,0.0023399479687213898,0.017642974853515625,0.0140878080856055,11.099136630822983,861540.249795283,861541.253843145
eye0,Roi,Roi,loop,124,0.006150289986943526,0.003687617590556288,0.0022760359570384026,0.01575099304318428,0.014226185157895083,11.203798218517594,861541.253843145,861542.254042118
eye0,Roi,Roi,loop,125,0.00717705674469471,0.004094672313253286,0.0022440217435359955,0.018493039533495903,0.01450285781174898,11.324065613560379,861542.254042118,861543.261873265
eye0,Roi,Roi,loop,124,0.006784322566442912,0.003848621548970213,0.002348097041249275,0.015952042303979397,0.014044379349797964,11.246372648935404,861543.261873265,861544.262589213
eye0,Roi,Roi,loop,125,0.00813012570142746,0.005357586888176304,0.002540997229516506,0.04233303479850292,0.016015954315662384,11.284409516490996,861544.262589213,861545.270460346
eye0,Roi,Roi,loop,125,0.007792129181325436,0.004509758501447901,0.002417946234345436,0.027396949008107185,0.014496943913400173,11.505480067804456,861545.270460346,861546.277973822
eye0,Roi,Roi,loop,124,0.006313479858480634,0.0037664542968507495,0.002060900442302227,0.021154992282390594,0.013550254516303538,11.20249620327095,861546.277973822,861547.278146776
eye0,Roi,Roi,loop,124,0.0060237991067791175,0.003594692513707758,0.002445071004331112,0.016550999134778976,0.013704196317121387,11.493696203087307,861547.278146776,861548.282200271
eye0,Roi,Roi,loop,124,0.006347227158145078,0.004038313974972712,0.0021709129214286804,0.01989991869777441,0.01468282425776124,11.488652144063023,861548.282200271,861549.282226744
eye0,Roi,Roi,loop,124,0.0065701962974403175,0.00427477623092951,0.0025209737941622734,0.03211607690900564,0.013966159895062445,11.511434894806195,861549.282226744,861550.283050095
eye0,Roi,Roi,loop,125,0.006010154262185097,0.0037202640633777397,0.002269982360303402,0.01774798147380352,0.01338256988674402,11.490271131508052,861550.283050095,861551.291051917
eye0,nnUNetDetector2DPlugin,2dcpp,loop,124,1.4049064512589886,0.6605151070061248,0.6660250946879387,4.194911918602884,2.680682577192783,12.404876273883987,861500.511874768,861501.512084757
eye0,nnUNetDetector2DPlugin,2dcpp,loop,124,1.6754291390234064,0.8172163676568596,0.6815410451963544,4.640238010324538,3.251267853192985,12.752217557018382,861501.512084757,861502.513263985
eye0,nnUNetDetector2DPlugin,2dcpp,loop,125,1.4186136350035667,0.7216524668177855,0.6493650143966079,4.147641942836344,2.8730588033795357,12.730218471959233,861502.513263985,861503.520214877
eye0,nnUNetDetector2DPlugin,pmrnet,loop,123,1.6821097228600363,0.9561627245101009,0.6678510690107942,5.787976086139679,3.968163614626974,13.041327962068825,861503.520214877,861504.858249844
eye0,nnUNetDetector2DPlugin,pmrnet,loop,118,6.673687582606671,2.6934700413050576,3.7019200390204787,13.202827889472246,11.301885748980565,19.28560222672709,861504.858249844,861505.864108977
eye0,nnUNetDetector2DPlugin,pmrnet,loop,119,6.492971304702346,2.6204133805986594,3.6109680077061057,12.175872107036412,10.65501009579748,19.02386314771725,861505.864108977,861506.877257395
eye0,nnUNetDetector2DPlugin,pmrnet,loop,118,6.6584188321415905,2.7098875493863774,3.712333971634507,11.254724930040538,10.829578206175938,19.694091991908152,861506.877257395,861507.881379918
eye0,nnUNetDetector2DPlugin,pmrnet,loop,116,7.008713126134384,2.815326256959234,3.628470003604889,12.786454986780882,11.028378212358803,20.354531090184725,861507.881379918,861508.884284273
eye0,nnUNetDetector2DPlugin,pmrnet,loop,114,6.743168718745245,4.076835296452685,3.6585310008376837,40.7032739603892,10.80213445238769,19.355120383439946,861508.884284273,861510.138780058
eye0,nnUNetDetector2DPlugin,pmrnet,loop,92,10.139041186725397,1.2548209280235902,7.315038004890084,13.3575729560107,12.315847486024722,32.99010373176197,861510.138780058,861511.146978758
eye0,nnUNetDetector2DPlugin,pmrnet,loop,86,10.842900016604988,1.326086906167802,7.386623998172581,13.534083031117916,12.775904731824994,33.78776094177738,861511.146978758,861512.151982826
eye0,nnUNetDetector2DPlugin,pmrnet,loop,90,10.396907783837783,1.2391438730311242,7.902680081315339,13.451728969812393,12.668938597198576,33.40695483299593,861512.151982826,861513.16125165
eye0,nnUNetDetector2DPlugin,pmrnet,loop,89,10.366577271822045,1.1977589526370989,7.360227988101542,13.244658010080457,12.28745502885431,33.4778207791132,861513.16125165,861514.163537314
eye0,nnUNetDetector2DPlugin,pmrnet,loop,78,7.854777068878787,2.956958310190408,3.6594440462067723,13.03626096341759,11.965878930641336,22.348767506161657,861514.163537314,861515.175101671
eye0,nnUNetDetector2DPlugin,pmrnet,loop,118,6.48672624601651,2.8377699551995494,3.5839659394696355,14.19010607060045,11.214798683067784,18.006416526031128,861515.175101671,861516.185354885
eye0,nnUNetDetector2DPlugin,pmrnet,loop,115,6.87904664133068,2.8849988176698402,3.623164026066661,13.700868003070354,11.340952885802835,18.31591162506653,861516.185354885,861517.196160703
eye0,nnUNetDetector2DPlugin,pmrnet,loop,117,7.094610232708609,2.8661926945455867,3.6538050044327974,12.226685066707432,11.007494037039578,19.026328850354457,861517.196160703,861518.197604712
eye0,nnUNetDetector2DPlugin,2dcpp,loop,115,1.8005720380207766,1.0583882106492464,0.6691389717161655,6.265520001761615,4.101926134899259,12.042877008207142,861518.197604712,861519.198421582
eye0,nnUNetDetector2DPlugin,2dcpp,loop,124,1.7217631215199587,0.9202586520626991,0.6850369973108172,6.280859000980854,3.3677777624689043,11.857739254464246,861519.198421582,861520.203830112
eye0,nnUNetDetector2DPlugin,2dcpp,loop,125,2.2839376339688897,1.2249017183413404,0.6732299225404859,5.827995017170906,4.481889237649739,12.807990483008325,861520.203830112,861521.210419223
eye0,nnUNetDetector2DPlugin,2dcpp,loop,121,1.797442749712216,0.9678792970659755,0.6851849611848593,5.2120109321549535,3.6983429454267025,12.399003734188693,861521.210419223,861522.256116719
eye0,nnUNetDetector2DPlugin,2dcpp,loop,123,1.7727999427408827,1.2833721287281685,0.6655880715698004,8.773779962211847,3.8525136071257275,12.352404412737767,861522.256116719,861523.258262046
eye0,nnUNetDetector2DPlugin,2dcpp,loop,125,1.708266551606357,1.0557180277860265,0.6719570374116302,7.744492031633854,3.667525597847998,12.019784265197814,861523.258262046,861524.266360612
eye0,nnUNetDetector2DPlugin,2dcpp,loop,124,1.482635966479598,0.852738461013398,0.6646170513704419,4.097069031558931,3.594336326932534,11.732144467157102,861524.266360612,861525.267110958
eye0,nnUNetDetector2DPlugin,2dcpp,loop,121,1.5567995584762293,0.8851507865155968,0.671154004521668,4.27283497992903,3.6147600039839745,12.03605086900571,861525.267110958,861526.267178565
eye0,nnUNetDetector2DPlugin,2dcpp,loop,124,1.7601548095098547,1.1638957942369474,0.6598680047318339,8.395862998440862,4.0399649646133176,12.414911407000956,861526.267178565,861527.271020049
eye0,nnUNetDetector2DPlugin,2dcpp,loop,121,1.6297419605514973,0.9728249370212075,0.6660529179498553,4.483829019591212,3.9452750934287906,12.339216336600236,861527.271020049,861528.284865479
eye0,nnUNetDetector2DPlugin,2dcpp,loop,113,1.5532043649180405,0.8748943940443378,0.6604730151593685,4.199939081445336,3.787024156190454,12.424969725286077,861528.284865479,861529.286458277
eye0,nnUNetDetector2DPlugin,2dcpp,loop,124,1.9177041230573049,1.0618917390916915,0.6619240157306194,4.584411974065006,4.066868871450424,12.668354451776512,861529.286458277,861530.286614401
eye0,nnUNetDetector2DPlugin,2dcpp,loop,125,1.3386792801320553,0.6223149392046718,0.6702410755679011,4.037420032545924,2.6679439237341285,11.839293958619237,861530.286614401,861531.294855566
eye0,nnUNetDetector2DPlugin,2dcpp,loop,124,1.5388045548236058,0.8342729307646459,0.671045039780438,4.700251971371472,3.6428548570256667,12.09779373922145,861531.294855566,861532.295429039
eye0,nnUNetDetector2DPlugin,2dcpp,loop,124,1.543902989191514,0.8439534769053118,0.6571720587089658,4.291969002224505,3.5952090343926097,12.168996199409687,861532.295429039,861533.29947219
eye0,nnUNetDetector2DPlugin,2dcpp,loop,125,1.46924514696002,0.8503873340118642,0.6650210125371814,4.281874978914857,3.3776024589315057,12.362715588882565,861533.29947219,861534.306487188
eye0,nnUNetDetector2DPlugin,2dcpp,loop,124,1.3764164628340834,0.7430386188875521,0.7217819802463055,3.8638690020889044,3.285087045514956,12.221926973471719,861534.306487188,861535.306744595
eye0,nnUNetDetector2DPlugin,2dcpp,loop,125,1.5484759770333767,0.8180593353621395,0.6644249660894275,4.1228149784728885,3.378571174107492,12.437624240294099,861535.306744595,861536.314297001
eye0,nnUNetDetector2DPlugin,2dcpp,loop,124,1.551970818846096,0.8595739490667645,0.6909359944984317,4.137030919082463,3.7684740033000694,12.459446420712817,861536.314297001,861537.314429214
eye0,nnUNetDetector2DPlugin,2dcpp,loop,115,1.3900543370729554,0.9247132424427682,0.6571600679308176,7.418033084832132,3.0377087183296676,12.480233393042631,861537.314429214,861538.317100819
eye0,nnUNetDetector2DPlugin,2dcpp,loop,125,1.8324496252462268,1.0626006442220668,0.6523249903693795,4.964848980307579,4.062511771917343,12.75263921264559,861538.317100819,861539.323918739
eye0,nnUNetDetector2DPlugin,2dcpp,loop,124,1.5662807976872088,0.9746401207906408,0.6659930804744363,5.354052991606295,3.6153548222500826,12.608554471479428,861539.323918739,861540.326404055
eye0,nnUNetDetector2DPlugin,2dcpp,loop,118,1.6602389474983437,0.9127674007114999,0.6729619344696403,4.168292041867971,3.578831936465576,12.897449933284483,861540.326404055,861541.326851206
eye0,nnUNetDetector2DPlugin,2dcpp,loop,124,1.5795540661671228,0.8670078316846993,0.6826031021773815,4.289193078875542,3.7021113152150043,12.759319332901448,861541.326851206,861542.32782633
eye0,nnUNetDetector2DPlugin,2dcpp,loop,124,1.943222779382561,1.1636424769328602,0.6776480004191399,7.330444059334695,4.171977791702375,13.286460203216262,861542.32782633,861543.331298196
eye0,nnUNetDetector2DPlugin,2dcpp,loop,125,1.712561547756195,1.0162167337456909,0.6841190624982119,5.293134017847478,3.952710004523396,12.890666059218347,861543.331298196,861544.33548022
eye0,nnUNetDetector2DPlugin,2dcpp,loop,125,2.0142166074365377,1.158442133097552,0.6972760893404484,4.933253978379071,4.12253241520375,13.281926207244396,861544.33548022,861545.343238754
eye0,nnUNetDetector2DPlugin,2dcpp,loop,125,1.9383798819035292,1.0848494057069027,0.6722899852320552,4.711939021945,4.111922439187765,13.3940310748294,861545.343238754,861546.35176953
eye0,nnUNetDetector2DPlugin,2dcpp,loop,124,1.5402745160709825,0.8086338991826085,0.6883329479023814,4.113984992727637,3.312693018233403,12.900798282991614,861546.35176953,861547.355212927
eye0,nnUNetDetector2DPlugin,2dcpp,loop,124,1.56516645238885,0.9059214196706087,0.6650378927588463,4.1624350706115365,3.6754020489752293,13.138371599545222,861547.355212927,861548.35543094
eye0,nnUNetDetector2DPlugin,2dcpp,loop,124,1.5089061541197402,0.8532789314264934,0.672055990435183,4.5660450123250484,3.3750036964192973,12.964704181931372,861548.35543094,861549.356072614
eye0,nnUNetDetector2DPlugin,2dcpp,loop,125,1.6122340094298124,0.9833867943412598,0.6647449918091297,7.443879032507539,3.4896900178864594,13.09862651117146,861549.356072614,861550.364138054
eye0,nnUNetDetector2DPlugin,2dcpp,loop,124,1.564610192754997,0.8712179126174361,0.6537450244650245,4.500080016441643,3.5050105070695277,13.068756784289896,861550.364138054,861551.370023845
world,UVC_Source,UVC_Source,loop,30,19.734844868071377,5.871510849635984,4.50955901760608,27.90967095643282,26.151255652075633,74.84403046546504,861547.586824177,861548.591182728
world,UVC_Source,UVC_Source,loop,30,18.930729432031512,7.431193959225242,0.1355549320578575,29.86946702003479,29.324328282382336,75.41469326242805,861548.591182728,861549.599073265
world,UVC_Source,UVC_Source,loop,30,22.53708082328861,7.128108477807632,0.12222595978528261,32.46380400378257,30.480217112926763,74.96648186352104,861549.599073265,861550.603147261
world,UVC_Source,UVC_Source,loop,30,17.5318244107378,7.551394187104914,0.06575894076377153,31.25916502904147,26.319757389137514,76.33949170121923,861550.603147261,861551.607028231
world,UVC_Source,UVC_Source,loop,30,20.611569828664262,5.784046951414491,6.639729952439666,29.86945805605501,28.59589107101783,75.10611603502184,861551.607028231,861552.615331509
world,UVC_Source,UVC_Source,loop,30,23.663684035030503,5.662281696985201,6.92449405323714,32.106051105074584,29.743446438806128,75.09452607870723,861552.615331509,861553.619371556
world,UVC_Source,UVC_Source,loop,28,18.585672448222926,8.20280288552774,0.06184098310768604,30.31212603673339,29.14685371797532,75.78640117260095,861553.619371556,861554.623080937
world,UVC_Source,UVC_Source,loop,30,18.159065205448616,7.116770977673032,2.8003199258819222,28.693877975456417,27.974227111553773,75.26509172360723,861554.623080937,861555.631323962
world,UVC_Source,UVC_Source,loop,30,21.65645875890429,7.554851950365903,0.08811999578028917,31.262135948054492,29.704997228691347,75.3809191364174,861555.631323962,861556.635327512
world,UVC_Source,UVC_Source,loop,30,18.852392572443932,6.5718309912781265,1.1422419920563698,29.25706608220935,27.52451477572322,75.33730943299209,861556.635327512,861557.639428419
world,UVC_Source,UVC_Source,loop,30,19.581805165701855,5.835465446359336,6.6923219710588455,30.222516041249037,28.293537808349356,75.18164858532448,861557.639428419,861558.647429764
world,UVC_Source,UVC_Source,loop,30,22.439605300314724,5.426699237300366,12.470016023144126,32.744035939686,31.073065311647948,75.42191652658705,861558.647429764,861559.651288081
world,UVC_Source,UVC_Source,loop,30,17.51643936149776,7.182932212998847,0.130782020278275,28.898773016408086,26.807220070622854,75.56360019758965,861559.651288081,861560.655669216
world,UVC_Source,UVC_Source,loop,30,18.305306295709062,7.4533603573555585,0.1427939860150218,28.189961099997163,27.28523284895345,75.84173456998542,861560.655669216,861561.663330783
world,UVC_Source,UVC_Source,loop,30,22.025579509014886,6.772042633621192,0.19368797075003386,31.55422699637711,30.747125012567267,75.75892856499802,861561.663330783,861562.66753133
world,UVC_Source,UVC_Source,loop,30,20.08962337082873,5.012372414130178,6.411048001609743,28.392951004207134,26.124816492665556,75.38809680069487,861562.66753133,861563.671499009
world,UVC_Source,UVC_Source,loop,30,18.47909166632841,5.400824560040025,6.55418005771935,27.826991979964077,26.542325981426977,75.58397826117773,861563.671499009,861564.679470057
world,UVC_Source,UVC_Source,loop,29,18.288365392624563,8.965118770838695,0.059367972426116467,32.09371294360608,31.060842843726274,77.28836027471799,861564.679470057,861565.683752031
world,UVC_Source,UVC_Source,loop,30,23.105884428756934,6.4269457198120925,0.07417297456413507,30.96358897164464,30.511273577576503,75.59896810756375,861565.683752031,861566.687587761
world,UVC_Source,UVC_Source,loop,30,25.963977025821805,3.287199271300606,20.232713082805276,32.38730796147138,31.485425209393725,75.77180240380888,861566.687587761,861567.695644627
world,UVC_Source,UVC_Source,loop,30,25.494535566152383,3.0339046294159537,19.371555070392787,31.087300973013043,30.649914121022448,75.73942313125978,861567.695644627,861568.700110887
world,UVC_Source,UVC_Source,loop,30,24.27921793423593,4.5097644892785045,15.219428110867739,32.24867093376815,30.046812311047685,75.67309594402711,861568.700110887,861569.703736643
world,UVC_Source,UVC_Source,loop,30,25.098798198935885,3.9984386846135953,17.304165987297893,31.42454696353525,30.69370834273286,75.98191390667732,861569.703736643,861570.71207882
world,UVC_Source,UVC_Source,loop,30,23.86203317825372,5.28755287308652,12.91342405602336,33.4741419646889,32.61538178776391,75.81783653392147,861570.71207882,861571.716095079
world,UVC_Source,UVC_Source,loop,30,24.782228128363688,4.972126506740222,5.619547911919653,31.442067003808916,30.385524622397494,75.84988706512377,861571.716095079,861572.720209019
world,UVC_Source,UVC_Source,loop,30,24.421502680828173,3.642136833842586,16.679880092851818,30.505268019624054,29.914311313768845,76.0501237004064,861572.720209019,861573.728256392
world,UVC_Source,UVC_Source,loop,30,24.008169906058658,4.440921043839785,14.811669941991568,31.73765493556857,30.151409649988636,75.86127042692776,861573.728256392,861574.731972733
world,UVC_Source,UVC_Source,loop,30,24.32407042166839,5.635950366364594,10.358077939599752,32.06894197501242,31.789980217581615,76.16130663858105,861574.731972733,861575.736325837
world,UVC_Source,UVC_Source,loop,30,24.29989092440034,6.110360319859052,0.14655501581728458,31.650747056119144,31.102984823519364,76.46437070798129,861575.736325837,861576.856491047
world,UVC_Source,UVC_Source,loop,30,20.913477063489456,8.404278234911601,0.15940796583890915,31.27649298403412,29.755592613946643,76.70220803314199,861576.856491047,861577.884506703
world,UVC_Source,UVC_Source,loop,30,19.20369938403989,6.603514268523916,0.18734997138381004,29.7686179401353,28.14094453933648,76.3912372213478,861577.884506703,861578.88807707
world,UVC_Source,UVC_Source,loop,30,20.680996729061007,6.158267481614987,7.845764979720116,31.051620026119053,29.789969412377104,76.09192603267729,861578.88807707,861579.892402332
world,UVC_Source,UVC_Source,loop,30,19.25405781948939,7.979212609006202,0.061104074120521545,29.476435971446335,27.86553500918671,77.93841160989057,861579.892402332,861580.896363244
world,UVC_Source,UVC_Source,loop,30,18.438173407533515,7.195873830206626,0.0500349560752511,29.539251001551747,27.257963630836453,77.42107077113663,861580.896363244,861581.904412719
world,UVC_Source,UVC_Source,loop,30,17.83421617777397,6.403137977616819,5.332850967533886,28.964736964553595,27.769306983100243,76.16121376631781,861581.904412719,861582.908255825
world,UVC_Source,UVC_Source,loop,30,20.98806034385537,7.63043986975047,0.14386605471372604,29.409390059299767,28.110525140073147,76.55053708391885,861582.908255825,861583.912508868
world,UVC_Source,UVC_Source,loop,30,18.549303454346955,5.936224419544781,5.74772001709789,29.33445305097848,27.607576275477186,76.39778036003311,861583.912508868,861584.920627426
world,UVC_Source,UVC_Source,loop,30,18.24064840717862,6.388500624875182,0.1060080248862505,30.478594009764493,26.920749491546303,76.65280894143507,861584.920627426,861585.924575656
world,UVC_Source,UVC_Source,loop,30,22.022110103474308,6.438488422399136,2.42815597448498,30.759993940591812,28.706808434799314,76.54496727821727,861585.924575656,861586.928755454
world,UVC_Source,UVC_Source,loop,30,18.95290625204022,5.623820008914634,7.340335054323077,29.43489607423544,27.93146764161065,76.45030743442476,861586.928755454,861587.936780489
world,UVC_Source,UVC_Source,loop,30,18.559528204301994,6.853946143324254,0.09351398330181837,28.509645024314523,26.832842919975516,76.96508813338976,861587.936780489,861588.940718997
world,UVC_Source,UVC_Source,loop,30,20.082320909326274,7.323718742905577,3.5827169194817543,32.05312404315919,30.265251488890495,76.59335275723909,861588.940718997,861589.944539233
world,UVC_Source,UVC_Source,loop,30,19.324434257578105,5.752774931883059,9.210710995830595,28.673880035057664,27.962651388952505,76.63294590311125,861589.944539233,861590.95259392
world,UVC_Source,UVC_Source,loop,30,19.095945292307686,6.265654746613472,6.855292012915015,31.06679697521031,29.615308850770813,76.68749872827902,861590.95259392,861591.956846572
world,UVC_Source,UVC_Source,loop,30,19.992636935785413,6.425212700774497,4.437137045897543,29.930675984360278,27.622102299937975,76.66186253384997,861591.956846572,861592.960792402
world,UVC_Source,UVC_Source,loop,30,19.814111517431837,5.689611408319622,6.438373005948961,29.563787975348532,26.987579843262207,76.74219056110208,861592.960792402,861593.968745688
world,UVC_Source,UVC_Source,loop,30,18.992808593126636,5.214482669306246,6.132562062703073,30.406160978600383,27.673500456148748,76.88382646689813,861593.968745688,861594.972813231
world,UVC_Source,UVC_Source,loop,30,19.905378405625623,7.398858247101318,1.4594459207728505,30.85079009179026,30.589271726785228,76.70872183904673,861594.972813231,861595.977119292
world,UVC_Source,UVC_Source,loop,30,16.732928444010515,8.725459939203946,0.07324398029595613,29.631681041792035,26.964091532863673,78.17067607150723,861595.977119292,861596.984801833
world,UVC_Source,UVC_Source,loop,30,18.978762867239613,5.902228086861334,7.50463898293674,29.505243059247732,28.155613824492317,76.92397198795031,861596.984801833,861597.988984426
world,NetworkApiPlugin,NetworkApiPlugin,loop,30,0.018335894371072452,0.010603792416284001,0.007572001777589321,0.044223968870937824,0.0341236824169755,74.8998574912548,861547.588033429,861548.59204325
world,NetworkApiPlugin,NetworkApiPlugin,loop,30,0.018509993484864633,0.009872517550318436,0.006566988304257393,0.03599503543227911,0.0343385967426002,75.4700734318855,861548.59204325,861549.599885599
world,NetworkApiPlugin,NetworkApiPlugin,loop,30,0.021422491408884525,0.010417520944315785,0.0067070359364151955,0.0527859665453434,0.03412073128856718,75.01035645836964,861549.599885599,861550.603448799
world,NetworkApiPlugin,NetworkApiPlugin,loop,30,0.017778101998070877,0.00851276757180884,0.007185968570411205,0.03322807606309652,0.03222053637728095,76.37832016916946,861550.603448799,861551.607344054
world,NetworkApiPlugin,NetworkApiPlugin,loop,30,0.020136280606190365,0.009702266236278099,0.007638940587639809,0.03474100958555937,0.033407367300242186,75.15997296432033,861551.607344054,861552.616013486
world,NetworkApiPlugin,NetworkApiPlugin,loop,30,0.01992399726683895,0.009555490546693208,0.008326023817062378,0.03567908424884081,0.03408836782909929,75.14372670169298,861552.616013486,861553.619867949
world,NetworkApiPlugin,NetworkApiPlugin,loop,28,0.017027636723858968,0.009651969370745165,0.006978982128202915,0.03506802022457123,0.032746343640610576,75.8217450347729,861553.619867949,861554.623307613
world,NetworkApiPlugin,NetworkApiPlugin,loop,30,0.02104957044745485,0.009937490496670746,0.006680027581751347,0.03496697172522545,0.03456203266978264,75.31702802128468,861554.623307613,861555.631886782
world,NetworkApiPlugin,NetworkApiPlugin,loop,30,0.019496326179554064,0.00964813244137323,0.008568982593715191,0.032890005968511105,0.032521720277145505,75.4237570373031,861555.631886782,861556.63567086
world,NetworkApiPlugin,NetworkApiPlugin,loop,30,0.019471091218292713,0.009189651551618177,0.006360001862049103,0.03300793468952179,0.03255384508520365,75.38589123481263,861556.63567086,861557.639964874
world,NetworkApiPlugin,NetworkApiPlugin,loop,30,0.01773966553931435,0.008138885716870384,0.007602968253195286,0.032242969609797,0.031433405820280313,75.22576290260379,861557.639964874,861558.647925646
world,NetworkApiPlugin,NetworkApiPlugin,loop,30,0.0198812922462821,0.009076800531636259,0.00799400731921196,0.03327196463942528,0.03250461304560304,75.46168242891629,861558.647925646,861559.651531152
world,NetworkApiPlugin,NetworkApiPlugin,loop,30,0.020862172823399305,0.009118911104064134,0.008436036296188831,0.033648102544248104,0.03274793270975351,75.6167935867173,861559.651531152,861560.656285709
world,NetworkApiPlugin,NetworkApiPlugin,loop,30,0.0187123310752213,0.009769882933602338,0.006022048182785511,0.03317801747471094,0.03272290341556072,75.87605463340878,861560.656285709,861561.663458068
world,NetworkApiPlugin,NetworkApiPlugin,loop,30,0.018348540955533583,0.014514868214947269,0.008152099326252937,0.0793220242485404,0.03575077280402182,75.80078056780621,861561.663458068,861562.667944062
world,NetworkApiPlugin,NetworkApiPlugin,loop,30,0.019674965490897495,0.009979350548556327,0.006593996658921242,0.03964290954172611,0.03341392730362713,75.42540093030159,861562.667944062,861563.671686185
world,NetworkApiPlugin,NetworkApiPlugin,loop,30,0.019761392225821812,0.009561952889503,0.0061140162870287895,0.03537593875080347,0.03308951272629201,75.62080463006471,861563.671686185,861564.679623827
world,NetworkApiPlugin,NetworkApiPlugin,loop,29,0.024489335844229007,0.04324774703717527,0.005192938260734081,0.24929898791015148,0.03223477397114037,77.33443301524325,861564.679623827,861565.684080253
world,NetworkApiPlugin,NetworkApiPlugin,loop,30,0.016507389955222607,0.009232431784353484,0.006063026376068592,0.03365497104823589,0.03222508239559829,75.63587843518083,861565.684080253,861566.687887133
world,NetworkApiPlugin,NetworkApiPlugin,loop,30,0.018215257053573925,0.012332645557162646,0.006554997526109219,0.06256799679249525,0.03499179729260504,75.80996766531219,861566.687887133,861567.69589358
world,NetworkApiPlugin,NetworkApiPlugin,loop,30,0.031743369375665985,0.07373001526380722,0.007322058081626892,0.42557797860354185,0.03416734398342669,75.81120243218417,861567.69589358,861568.700983968
world,NetworkApiPlugin,NetworkApiPlugin,loop,30,0.020943977870047092,0.01201721166004285,0.005985959433019161,0.04862097557634115,0.037750380579382174,75.71356036933139,861568.700983968,861569.703936042
world,NetworkApiPlugin,NetworkApiPlugin,loop,30,0.018872406023244064,0.009792160296551647,0.007953960448503494,0.033615040592849255,0.033126294147223234,76.03891698333125,861569.703936042,861570.712896548
world,NetworkApiPlugin,NetworkApiPlugin,loop,30,0.02229313055674235,0.00984743058808327,0.006743008270859718,0.03752100747078657,0.03490070812404156,75.87600847473368,861570.712896548,861571.716794325
world,NetworkApiPlugin,NetworkApiPlugin,loop,30,0.019934990753730137,0.00992475832275767,0.0069410307332873344,0.036229961551725864,0.034516496816650026,75.90463976375759,861571.716794325,861572.720920334
world,NetworkApiPlugin,NetworkApiPlugin,loop,30,0.019979306186238926,0.010044265070736795,0.006358022801578045,0.03713893238455057,0.03543267375789582,76.10861444069694,861572.720920334,861573.729066476
world,NetworkApiPlugin,NetworkApiPlugin,loop,30,0.01842984153578679,0.009329572957545895,0.007538008503615856,0.0332340132445097,0.032565672881901264,75.90248165652156,861573.729066476,861574.732288942
world,NetworkApiPlugin,NetworkApiPlugin,loop,30,0.020161026623100042,0.01036610983385065,0.006939982995390892,0.03425602335482836,0.03406936302781105,76.20553870607789,861574.732288942,861575.736663607
world,NetworkApiPlugin,NetworkApiPlugin,loop,30,0.019768641019860905,0.008907947651397477,0.008334987796843052,0.034468015655875206,0.03341374103911221,76.50483294855803,861575.736663607,861576.856746251
world,NetworkApiPlugin,NetworkApiPlugin,loop,30,0.02028922705600659,0.009368145918344955,0.007713912054896355,0.03554299473762512,0.0353171257302165,76.76136723797147,861576.856746251,861577.885319284
world,NetworkApiPlugin,NetworkApiPlugin,loop,30,0.018814229406416416,0.00866039680174432,0.008672941476106644,0.03591598942875862,0.034411816159263246,76.42891979000221,861577.885319284,861578.888307627
world,NetworkApiPlugin,NetworkApiPlugin,loop,30,0.01876191236078739,0.009308287870071106,0.0069640809670090675,0.035424018278717995,0.03389808116480708,76.14969956533362,861578.888307627,861579.893263013
world,NetworkApiPlugin,NetworkApiPlugin,loop,30,0.019949794902155798,0.009863221426808025,0.0073480186983942986,0.03400794230401516,0.03314772038720548,77.98908707918599,861579.893263013,861580.896945574
world,NetworkApiPlugin,NetworkApiPlugin,loop,30,0.01778133058299621,0.009001328039012553,0.005969079211354256,0.03495602868497372,0.032786844531074166,77.47569856001064,861580.896945574,861581.905246746
world,NetworkApiPlugin,NetworkApiPlugin,loop,30,0.02160974157353242,0.01033017292581263,0.007569906301796436,0.043594976887106895,0.03493574331514537,76.20364806692426,861581.905246746,861582.908497577
world,NetworkApiPlugin,NetworkApiPlugin,loop,30,0.02085493179038167,0.010075911281234789,0.007022055797278881,0.036917044781148434,0.03476632991805672,76.5968763967976,861582.908497577,861583.91292891
world,NetworkApiPlugin,NetworkApiPlugin,loop,30,0.019028278378148872,0.008989054935352432,0.007759081199765205,0.036976998671889305,0.03211262519471347,76.45591019730394,861583.91292891,861584.921493333
world,NetworkApiPlugin,NetworkApiPlugin,loop,30,0.019872627065827448,0.009421452328556802,0.006160000339150429,0.03794801887124777,0.03284701379016041,76.6963701384763,861584.921493333,861585.924938163
world,NetworkApiPlugin,NetworkApiPlugin,loop,30,0.020968355238437653,0.009558105454862334,0.007748021744191647,0.03708992153406143,0.03404100425541401,76.5954592032358,861585.924938163,861586.929286996
world,NetworkApiPlugin,NetworkApiPlugin,loop,30,0.01943465710307161,0.009611653451119449,0.006341957487165928,0.03592600114643574,0.03323950222693384,76.50042989989743,861586.929286996,861587.937392845
world,NetworkApiPlugin,NetworkApiPlugin,loop,30,0.020513458487888176,0.0094014144790045,0.00839203130453825,0.03367301542311907,0.03313599736429751,77.0233010717978,861587.937392845,861588.941513708
world,NetworkApiPlugin,NetworkApiPlugin,loop,30,0.019655268018444378,0.009589909970898572,0.0076571013778448105,0.03435998223721981,0.03202715306542814,76.6322565303805,861588.941513708,861589.944761905
world,NetworkApiPlugin,NetworkApiPlugin,loop,30,0.019581825472414494,0.009161349346237198,0.007985974662005901,0.034371973015367985,0.03279577358625829,76.67285660281777,861589.944761905,861590.952858171
world,NetworkApiPlugin,NetworkApiPlugin,loop,30,0.0185253059801956,0.00980123795239082,0.006010988727211952,0.03327196463942528,0.03315289504826069,76.74128897488117,861590.952858171,861591.957598321
world,NetworkApiPlugin,NetworkApiPlugin,loop,30,0.02363789826631546,0.012284181137551687,0.007746042683720589,0.047072069719433784,0.04415630246512592,76.71543592587113,861591.957598321,861592.961303302
world,NetworkApiPlugin,NetworkApiPlugin,loop,30,0.020447132798532646,0.011862869029723631,0.005971989594399929,0.046720029786229134,0.038282212335616336,76.78510363136108,861592.961303302,861593.969016297
world,NetworkApiPlugin,NetworkApiPlugin,loop,30,0.02128316167121132,0.013884106215441214,0.0063229817897081375,0.06718188524246216,0.0433166220318526,76.92910466964047,861593.969016297,861594.973159464
world,NetworkApiPlugin,NetworkApiPlugin,loop,30,0.021710995739946764,0.010176373084901479,0.00863696914166212,0.0487560173496604,0.03345301956869662,76.76168373242642,861594.973159464,861595.977682271
world,NetworkApiPlugin,NetworkApiPlugin,loop,30,0.019928704326351483,0.008715857220800443,0.007656053639948368,0.03499502781778574,0.03428503405302763,78.2105110003613,861595.977682271,861596.985063128
world,NetworkApiPlugin,NetworkApiPlugin,loop,30,0.016875052824616432,0.009223685847992592,0.006024958565831184,0.033155898563563824,0.032511033350601785,77.00910629937425,861596.985063128,861597.990715407
world,Pupil_Data_Relay,Pupil_Data_Relay,loop,30,0.20779763193180165,0.11719822539050374,0.06920692976564169,0.4530050791800022,0.42184202466160053,75.13700029036652,861547.591084592,861548.593151423
world,Pupil_Data_Relay,Pupil_Data_Relay,loop,30,0.24958608749633035,0.1622322200887943,0.09584194049239159,0.7598210358992219,0.50661193090491,75.74962349996592,861548.593151423,861549.601028278
world,Pupil_Data_Relay,Pupil_Data_Relay,loop,30,0.2410619791286687,0.1078954091335535,0.07271592039614916,0.4254290834069252,0.4099700308870524,75.26310506897669,861549.601028278,861550.603603869
world,Pupil_Data_Relay,Pupil_Data_Relay,loop,30,0.1974076343079408,0.12091182625089177,0.04286493640393019,0.4866180242970586,0.43859616271220137,76.58989130674551,861550.603603869,861551.607661951
world,Pupil_Data_Relay,Pupil_Data_Relay,loop,30,0.22919997184847793,0.1304240026072082,0.06740796379745007,0.5338330520316958,0.4681277438066898,75.40950250113383,861551.607661951,861552.616577282
world,Pupil_Data_Relay,Pupil_Data_Relay,loop,30,0.2224877942353487,0.12160859736131259,0.08488795720040798,0.5737720057368279,0.4214446409605443,75.38023844050865,861552.616577282,861553.620170391
world,Pupil_Data_Relay,Pupil_Data_Relay,loop,28,0.2055185239961637,0.12314399425070971,0.07200706750154495,0.4923850065097213,0.4292223311495035,76.04072432150133,861553.620170391,861554.623596026
world,Pupil_Data_Relay,Pupil_Data_Relay,loop,30,0.27178324526175857,0.1547170307649465,0.0728570157662034,0.551288016140461,0.50514429458417,75.6123229317988,861554.623596026,861555.632566358
world,Pupil_Data_Relay,Pupil_Data_Relay,loop,30,0.24747849286844334,0.13707025215245347,0.0880159204825759,0.527043011970818,0.47468343400396396,75.68826364198078,861555.632566358,861556.636073332
world,Pupil_Data_Relay,Pupil_Data_Relay,loop,30,0.2442863886244595,0.13266971536766117,0.0977830495685339,0.5094609223306179,0.4809967300388962,75.65339313587174,861556.636073332,861557.640648075
world,Pupil_Data_Relay,Pupil_Data_Relay,loop,30,0.2176634113614758,0.13011135761468293,0.08234602864831686,0.6475229747593403,0.4286782874260094,75.46401104191318,861557.640648075,861558.648610788
world,Pupil_Data_Relay,Pupil_Data_Relay,loop,30,0.25864951700593036,0.1405406422323164,0.10305200703442097,0.6401389837265015,0.51845244015567,75.73467732096712,861558.648610788,861559.65181902
world,Pupil_Data_Relay,Pupil_Data_Relay,loop,30,0.2612108752752344,0.135997256944054,0.08986808825284243,0.5152029916644096,0.4761889460496604,75.90253822272643,861559.65181902,861560.657046165
world,Pupil_Data_Relay,Pupil_Data_Relay,loop,30,0.22726835450157523,0.13270606046156616,0.062154955230653286,0.5627019563689828,0.47831519623287005,76.11394640989602,861560.657046165,861561.66359296
world,Pupil_Data_Relay,Pupil_Data_Relay,loop,30,0.20968996298809847,0.1297566865826741,0.08842896204441786,0.5454970523715019,0.4912543226964771,76.02898597251624,861561.66359296,861562.668497636
world,Pupil_Data_Relay,Pupil_Data_Relay,loop,30,0.23221323499456048,0.13423940455635205,0.06318895611912012,0.526128918863833,0.45970404171384854,75.66978213144466,861562.668497636,861563.671857655
world,Pupil_Data_Relay,Pupil_Data_Relay,loop,30,0.23322062334045768,0.12714236352690647,0.059938058257102966,0.518669025041163,0.46903529437258823,75.86601859269042,861563.671857655,861564.679803201
world,Pupil_Data_Relay,Pupil_Data_Relay,loop,29,0.20166311878710985,0.13382399068763984,0.0034830300137400627,0.569446012377739,0.45971542131155685,77.54649807185191,861564.679803201,861565.684256906
world,Pupil_Data_Relay,Pupil_Data_Relay,loop,30,0.20042634957159558,0.12880394317559402,0.03738200757652521,0.5191949894651771,0.4615054698660969,75.85064697001751,861565.684256906,861566.688253929
world,Pupil_Data_Relay,Pupil_Data_Relay,loop,30,0.19104700380315384,0.10407001325282987,0.06828003097325563,0.4150440217927098,0.3932054969482123,76.0138673397402,861566.688253929,861567.696171198
world,Pupil_Data_Relay,Pupil_Data_Relay,loop,30,0.225925724953413,0.12366344396947221,0.08261995390057564,0.4530409350991249,0.42968391207978124,76.06753359238307,861567.696171198,861568.702094598
world,Pupil_Data_Relay,Pupil_Data_Relay,loop,30,0.23684323920557895,0.13488452327386555,0.0614699674770236,0.5291759734973311,0.4257469903677702,75.9628728342553,861568.702094598,861569.70414646
world,Pupil_Data_Relay,Pupil_Data_Relay,loop,30,0.22838815348222852,0.13337007796759504,0.077230972237885,0.4984739935025573,0.4666959459427743,76.29019310697913,861569.70414646,861570.713735309
world,Pupil_Data_Relay,Pupil_Data_Relay,loop,30,0.2473853644914925,0.11185524997846101,0.06506498903036118,0.4312199307605624,0.423392717493698,76.14908814042185,861570.713735309,861571.717634648
world,Pupil_Data_Relay,Pupil_Data_Relay,loop,30,0.22545216294626394,0.12130548026727199,0.06982497870922089,0.5041509866714478,0.4163353994954377,76.15459330069523,861571.717634648,861572.721683476
world,Pupil_Data_Relay,Pupil_Data_Relay,loop,30,0.23644173052161932,0.12713787253847175,0.0827140174806118,0.491125974804163,0.4447048821020871,76.37009397149086,861572.721683476,861573.729984475
world,Pupil_Data_Relay,Pupil_Data_Relay,loop,30,0.23683899780735373,0.12853792819206442,0.07361499592661858,0.509914942085743,0.4622894863132386,76.15491583710536,861573.729984475,861574.732649964
world,Pupil_Data_Relay,Pupil_Data_Relay,loop,30,0.24289892753586173,0.13418141852989068,0.06641598884016275,0.5113030783832073,0.4718973068520425,76.4600929687731,861574.732649964,861575.736808048
world,Pupil_Data_Relay,Pupil_Data_Relay,loop,30,0.2222033062328895,0.10991466302395951,0.09802996646612883,0.4302340094000101,0.42507619364187116,76.74052374980722,861575.736808048,861576.857157194
world,Pupil_Data_Relay,Pupil_Data_Relay,loop,30,0.21740288939327002,0.10521689859628622,0.06075494457036257,0.4684389568865299,0.41116782231256366,76.99183733202517,861576.857157194,861577.885536673
world,Pupil_Data_Relay,Pupil_Data_Relay,loop,30,0.21592440704504648,0.11401545557545728,0.07927091792225838,0.49626606050878763,0.427612755447626,76.65990584452327,861577.885536673,861578.88859875
world,Pupil_Data_Relay,Pupil_Data_Relay,loop,30,0.23078051938985786,0.12743065701059783,0.06593205034732819,0.5176690174266696,0.44157337397336954,76.41047437209636,861578.88859875,861579.894359259
world,Pupil_Data_Relay,Pupil_Data_Relay,loop,30,0.21677853461975852,0.13701364292234272,0.04698801785707474,0.5318970652297139,0.46545989462174453,78.22849807174255,861579.894359259,861580.897607954
world,Pupil_Data_Relay,Pupil_Data_Relay,loop,30,0.19292019230003157,0.10236288872585174,0.04667008761316538,0.47497497871518135,0.37011863896623226,77.69180193621044,861580.897607954,861581.905926679
world,Pupil_Data_Relay,Pupil_Data_Relay,loop,30,0.23759276373311877,0.14498713250167344,0.07492396980524063,0.6630260031670332,0.5439841886982314,76.45614047457154,861581.905926679,861582.908782015
world,Pupil_Data_Relay,Pupil_Data_Relay,loop,30,0.22544972210501632,0.12614428514685097,0.05668599624186754,0.4360140301287174,0.43521065963432193,76.84057699128364,861582.908782015,861583.913260772
world,Pupil_Data_Relay,Pupil_Data_Relay,loop,30,0.23479328956454992,0.11046135593054492,0.10622292757034302,0.4648379981517792,0.4430311033502221,76.72420946958785,861583.913260772,861584.922564146
world,Pupil_Data_Relay,Pupil_Data_Relay,loop,30,0.2286562773709496,0.12242563271350439,0.06145192310214043,0.4948970163241029,0.46224261168390507,76.94310877704993,861584.922564146,861585.925416161
world,Pupil_Data_Relay,Pupil_Data_Relay,loop,30,0.24175782843182483,0.12808560786790368,0.07228495087474585,0.5061969859525561,0.447767216246575,76.85159890679643,861585.925416161,861586.929527271
world,Pupil_Data_Relay,Pupil_Data_Relay,loop,30,0.24120337329804897,0.13688578407821372,0.06832799408584833,0.6142569473013282,0.43498163577169174,76.76149199251086,861586.929527271,861587.938063663
world,Pupil_Data_Relay,Pupil_Data_Relay,loop,30,0.25694812647998333,0.13679251369399534,0.07540103979408741,0.5145459435880184,0.4768599872477351,77.30997536952297,861587.938063663,861588.942518175
world,Pupil_Data_Relay,Pupil_Data_Relay,loop,30,0.23108186821142832,0.1334790990216402,0.0775819644331932,0.46818796545267105,0.44752996764145786,76.8764751109605,861588.942518175,861589.945030911
world,Pupil_Data_Relay,Pupil_Data_Relay,loop,30,0.23789189290255308,0.12591208897200717,0.09240501094609499,0.5141759756952524,0.4582448455039411,76.92501257406548,861589.945030911,861590.953148035
world,Pupil_Data_Relay,Pupil_Data_Relay,loop,30,0.22553588496521115,0.12147574296072745,0.06112293340265751,0.4440919728949666,0.4244681971613318,76.99063180480152,861590.953148035,861591.95843286
world,Pupil_Data_Relay,Pupil_Data_Relay,loop,30,0.26934792986139655,0.14419959544823993,0.07892504800111055,0.5369019927456975,0.48196769785135984,77.00669260229915,861591.95843286,861592.961898131
world,Pupil_Data_Relay,Pupil_Data_Relay,loop,30,0.24854117461169759,0.1433147272788416,0.06813800428062677,0.5038100061938167,0.4948374582454562,77.04895539985348,861592.961898131,861593.969360203
world,Pupil_Data_Relay,Pupil_Data_Relay,loop,30,0.22767286282032728,0.12570318036060646,0.05972397048026323,0.4743649624288082,0.41957697249017656,77.1741734390768,861593.969360203,861594.97356252
world,Pupil_Data_Relay,Pupil_Data_Relay,loop,30,0.26656531263142824,0.12832691852537081,0.08707295637577772,0.6059439620003104,0.43139973422512407,77.04950163606554,861594.97356252,861595.978316475
world,Pupil_Data_Relay,Pupil_Data_Relay,loop,30,0.22439887591948113,0.10729626864192374,0.05313800647854805,0.5059039685875177,0.39535678224638093,78.45012687224273,861595.978316475,861596.985394699
world,Pupil_Data_Relay,Pupil_Data_Relay,loop,30,0.20721957553178072,0.12102516098239294,0.057406025007367134,0.42077002581208944,0.415417697513476,77.24441099368657,861596.985394699,861597.991405835
world,Fixation_Detector,Fixation_Detector,loop,31,0.0072191995117933516,0.0038224279645390088,0.0032370444387197495,0.016752048395574093,0.014006509445607662,75.18452647021941,861547.593787774,861548.627092692
world,Fixation_Detector,Fixation_Detector,loop,30,0.00789963329831759,0.0035662801300963575,0.003391061909496784,0.01458695624023676,0.013905286323279139,75.76008022297174,861548.627092692,861549.631613783
world,Fixation_Detector,Fixation_Detector,loop,30,0.008154970904191336,0.0034963305252311066,0.0029390212148427963,0.014132005162537098,0.013898237375542521,75.36886100036402,861549.631613783,861550.639491498
world,Fixation_Detector,Fixation_Detector,loop,30,0.006911119756599267,0.003388550726199249,0.0029120128601789474,0.013635959476232529,0.01333652762696147,76.56962151328723,861550.639491498,861551.64353379
world,Fixation_Detector,Fixation_Detector,loop,30,0.007476510169605414,0.0039435589216159595,0.003035995177924633,0.014012097381055355,0.013662513811141253,75.39256360614672,861551.64353379,861552.647506457
world,Fixation_Detector,Fixation_Detector,loop,30,0.007088963563243548,0.0034704052726522855,0.0032139942049980164,0.013594049960374832,0.012951623648405073,75.4838908285213,861552.647506457,861553.655288613
world,Fixation_Detector,Fixation_Detector,loop,28,0.007043305751202362,0.004024292321716059,0.002730987034738064,0.014859018847346306,0.013951846631243825,76.04161889841114,861553.655288613,861554.660035038
world,Fixation_Detector,Fixation_Detector,loop,30,0.008760043419897556,0.006330117994702053,0.0027170171961188316,0.03577710594981909,0.014172407099977136,75.579425766288,861554.660035038,861555.663331259
world,Fixation_Detector,Fixation_Detector,loop,30,0.009033390476057926,0.0065231870042218336,0.0034439144656062126,0.028330949135124683,0.024429778568446626,75.67723196698353,861555.663331259,861556.667460608
world,Fixation_Detector,Fixation_Detector,loop,30,0.007759197615087032,0.0042123531929819345,0.0036190031096339226,0.016837031580507755,0.01437112223356962,75.77156843229507,861556.667460608,861557.67541164
world,Fixation_Detector,Fixation_Detector,loop,30,0.008449105856319269,0.004704240005573559,0.003313063643872738,0.02290902193635702,0.01632405910640955,75.47128553657483,861557.67541164,861558.680039636
world,Fixation_Detector,Fixation_Detector,loop,30,0.008622091263532639,0.003827352296408646,0.004205037839710712,0.01479394268244505,0.0140496005769819,75.70251363019149,861558.680039636,861559.68358874
world,Fixation_Detector,Fixation_Detector,loop,30,0.00826717975238959,0.003757760845267587,0.003390014171600342,0.013530952855944633,0.013320549624040723,76.02411316086848,861559.68358874,861560.691547241
world,Fixation_Detector,Fixation_Detector,loop,30,0.007453456055372953,0.003495781707837884,0.0026730122044682503,0.014642952010035515,0.01329335500486195,76.10822050288941,861560.691547241,861561.69615525
world,Fixation_Detector,Fixation_Detector,loop,30,0.006494632301231225,0.0034021443577534516,0.0027740607038140297,0.013897079043090343,0.013196904910728335,76.02848451739798,861561.69615525,861562.700703449
world,Fixation_Detector,Fixation_Detector,loop,30,0.008041458204388618,0.004266145388255195,0.0025869812816381454,0.01881597563624382,0.013996171765029429,75.75665899785236,861562.700703449,861563.70801787
world,Fixation_Detector,Fixation_Detector,loop,30,0.007698797465612491,0.003993668967139016,0.0021599698811769485,0.014706980437040329,0.013984530232846737,75.8321345744965,861563.70801787,861564.711632485
world,Fixation_Detector,Fixation_Detector,loop,29,0.006715028450406831,0.0031461254212404597,0.002346932888031006,0.012945965863764286,0.012321420945227143,77.54633799677008,861564.711632485,861565.716444748
world,Fixation_Detector,Fixation_Detector,loop,30,0.0066476330781976385,0.003267837885293534,0.0026569468900561333,0.013923970982432365,0.013448396930471061,75.946997362189,861565.716444748,861566.723987701
world,Fixation_Detector,Fixation_Detector,loop,30,0.006836563503990571,0.0037956474019604043,0.0029479851946234703,0.01411105040460825,0.013863557251170278,75.98469047419105,861566.723987701,861567.727846953
world,Fixation_Detector,Fixation_Detector,loop,30,0.007309275679290295,0.0037037973458673135,0.0030728988349437714,0.01453794538974762,0.013748422497883439,76.05059432486694,861567.727846953,861568.73182146
world,Fixation_Detector,Fixation_Detector,loop,30,0.008251778005311886,0.0042165877926974,0.0033009564504027367,0.01474795863032341,0.014343747170642018,76.07826825696975,861568.73182146,861569.739924881
world,Fixation_Detector,Fixation_Detector,loop,30,0.007629992129902045,0.0038165853784032,0.0029080547392368317,0.013962970115244389,0.01368533121421933,76.28354193487515,861569.739924881,861570.744099171
world,Fixation_Detector,Fixation_Detector,loop,30,0.008398810556779305,0.00389482467042947,0.0027869828045368195,0.01452502328902483,0.01394991995766759,76.13262809269752,861570.744099171,861571.747882754
world,Fixation_Detector,Fixation_Detector,loop,30,0.00792509720971187,0.0041440824127272295,0.0028739450499415398,0.016020028851926327,0.014508952153846622,76.27588487230241,861571.747882754,861572.755988428
world,Fixation_Detector,Fixation_Detector,loop,30,0.008441511696825424,0.003767080808889794,0.003967084921896458,0.014647957868874073,0.014218874275684355,76.36650730467711,861572.755988428,861573.76013495
world,Fixation_Detector,Fixation_Detector,loop,30,0.00785366864874959,0.0039918855636693175,0.0030980445444583893,0.01469708513468504,0.013953325105831027,76.13575503928587,861573.76013495,861574.764139118
world,Fixation_Detector,Fixation_Detector,loop,30,0.008481042459607124,0.0040977360873766765,0.003127031959593296,0.01479999627918005,0.014397536870092154,76.5706072949494,861574.764139118,861575.772134802
world,Fixation_Detector,Fixation_Detector,loop,29,0.007793214974989151,0.0036682480929531606,0.0029830262064933777,0.014316057786345482,0.013646343722939491,76.7484095252665,861575.772134802,861576.85733092
world,Fixation_Detector,Fixation_Detector,loop,30,0.007593930543710788,0.0036341041869642995,0.003096996806561947,0.01479999627918005,0.014074647333472964,77.01099303085357,861576.85733092,861577.885629451
world,Fixation_Detector,Fixation_Detector,loop,30,0.00757042629023393,0.003593212339240851,0.0035660341382026672,0.01572899054735899,0.014957651728764173,76.6827669266301,861577.885629451,861578.888773503
world,Fixation_Detector,Fixation_Detector,loop,30,0.007499199515829484,0.0037113751034928847,0.0030759256333112717,0.014915014617145061,0.013956008478999138,76.44415912218392,861578.888773503,861579.894865422
world,Fixation_Detector,Fixation_Detector,loop,30,0.007236368643740813,0.0037942694469029004,0.0028259819373488426,0.014805002138018608,0.013953732559457421,78.25320849660784,861579.894865422,861580.897883819
world,Fixation_Detector,Fixation_Detector,loop,30,0.007330342972030242,0.003481204393327895,0.0024649780243635178,0.015273108147084713,0.013800460146740072,77.71780324401334,861580.897883819,861581.906242202
world,Fixation_Detector,Fixation_Detector,loop,30,0.008453238600244125,0.004958708983049693,0.0032210955396294594,0.023392029106616974,0.018501834711059924,76.479718197758,861581.906242202,861582.90895133
world,Fixation_Detector,Fixation_Detector,loop,30,0.007956432333836952,0.0040050324822844055,0.0025399494916200638,0.014389981515705585,0.014284346252679825,76.86088922200724,861582.90895133,861583.913335521
world,Fixation_Detector,Fixation_Detector,loop,30,0.007975532207638025,0.003305359781356192,0.0036939745768904686,0.015455996617674828,0.013684068107977508,76.75479702884331,861583.913335521,861584.922973454
world,Fixation_Detector,Fixation_Detector,loop,30,0.00777228269726038,0.003825187201678556,0.002660905010998249,0.015629921108484268,0.014297448797151443,76.96745529926072,861584.922973454,861585.925653594
world,Fixation_Detector,Fixation_Detector,loop,30,0.007925706449896097,0.003812898254082642,0.0030510127544403076,0.013870070688426495,0.01376316649839282,76.87174914171919,861585.925653594,861586.929615878
world,Fixation_Detector,Fixation_Detector,loop,30,0.007531306861589353,0.00384982981964634,0.0025100307539105415,0.013748067431151867,0.01361742033623159,76.78257496251415,861586.929615878,861587.938194897
world,Fixation_Detector,Fixation_Detector,loop,30,0.00853236997500062,0.004706659051082843,0.0031210947781801224,0.021397951059043407,0.014048372395336628,77.3385374690406,861587.938194897,861588.942845355
world,Fixation_Detector,Fixation_Detector,loop,30,0.007563542264203231,0.0038116536875059696,0.00319106038659811,0.013767974451184273,0.013309053611010313,76.8989727133885,861588.942845355,861589.945209672
world,Fixation_Detector,Fixation_Detector,loop,30,0.00800018897280097,0.003715823577761211,0.0035119010135531425,0.01646089367568493,0.014213850954547523,76.94853883003816,861589.945209672,861590.953326733
world,Fixation_Detector,Fixation_Detector,loop,30,0.007149938028305769,0.003829272488355847,0.0024640467017889023,0.014047021977603436,0.013976171612739563,77.02150050317869,861590.953326733,861591.958911076
world,Fixation_Detector,Fixation_Detector,loop,30,0.008566433098167181,0.004236962639352098,0.0029960647225379944,0.01421093475073576,0.014057429507374763,77.03885679366067,861591.958911076,861592.962275331
world,Fixation_Detector,Fixation_Detector,loop,30,0.007974177909394106,0.004101550721587748,0.002474989742040634,0.014901976101100445,0.014206278137862682,77.07368176973735,861592.962275331,861593.969582619
world,Fixation_Detector,Fixation_Detector,loop,30,0.007969699800014496,0.0038964425667698363,0.002735992893576622,0.014509889297187328,0.014020508388057351,77.19965123105794,861593.969582619,861594.973815025
world,Fixation_Detector,Fixation_Detector,loop,30,0.008026471671958765,0.003931509028230951,0.0027669593691825867,0.01558696385473013,0.013809534721076488,77.0735142713723,861594.973815025,861595.978498338
world,Fixation_Detector,Fixation_Detector,loop,30,0.00794553974022468,0.003437705775078106,0.0035229604691267014,0.014737015590071678,0.013684440637007354,78.47335236923148,861595.978498338,861596.9855879
world,Fixation_Detector,Fixation_Detector,loop,30,0.0069893392113347845,0.0037988735487282372,0.002613058313727379,0.013718032278120518,0.0133312598336488,77.2728445357643,861596.9855879,861597.99179746
world,ScreenMarkerChoreographyPlugin,ScreenMarkerChoreographyPlugin,loop,30,11.36716043887039,6.861549513570859,4.275345942005515,40.81972502171993,19.796630681958042,86.83942004184549,861547.734701688,861548.744220001
world,ScreenMarkerChoreographyPlugin,ScreenMarkerChoreographyPlugin,loop,31,11.903770196612083,6.052390532509773,4.8499079421162605,35.52942897658795,21.90942200832069,87.48809024766689,861548.744220001,861549.787023932
world,ScreenMarkerChoreographyPlugin,ScreenMarkerChoreographyPlugin,loop,31,8.456108918894202,5.637357904568766,2.4041819851845503,31.122989021241665,14.537063019815832,83.7295392806071,861549.787023932,861550.818014438
world,ScreenMarkerChoreographyPlugin,ScreenMarkerChoreographyPlugin,loop,30,11.34859974651287,4.07900472888778,5.474217003211379,21.627708105370402,19.514894019812342,87.90923189759876,861550.818014438,861551.8222143
world,ScreenMarkerChoreographyPlugin,ScreenMarkerChoreographyPlugin,loop,30,11.259687129252901,4.786809769763413,4.150219960138202,21.978021948598325,20.45006029657088,86.76815804016466,861551.8222143,861552.826550482
world,ScreenMarkerChoreographyPlugin,ScreenMarkerChoreographyPlugin,loop,30,7.297918891223769,5.663829415495511,2.248420030809939,32.86330203991383,13.349324633600185,82.78644534293562,861552.826550482,861553.826900823
world,ScreenMarkerChoreographyPlugin,ScreenMarkerChoreographyPlugin,loop,28,16.081990998437895,19.68977867601815,4.652931937016547,114.09774597268552,25.886676990194243,92.13022928867888,861553.826900823,861554.845399241
world,ScreenMarkerChoreographyPlugin,ScreenMarkerChoreographyPlugin,loop,31,12.931726418525702,5.9691642257124204,5.479927989654243,32.70035900641233,21.22237248113379,88.66114847947874,861554.845399241,861555.876505156
world,ScreenMarkerChoreographyPlugin,ScreenMarkerChoreographyPlugin,loop,30,8.524247732323905,4.8555859617185515,2.76944600045681,21.288285963237286,17.45253461413085,84.10063347158332,861555.876505156,861556.879283579
world,ScreenMarkerChoreographyPlugin,ScreenMarkerChoreographyPlugin,loop,30,12.113665995032838,4.692295308192783,4.9905270570889115,24.10930092446506,20.41671731858514,87.92219243089978,861556.879283579,861557.896736928
world,ScreenMarkerChoreographyPlugin,ScreenMarkerChoreographyPlugin,loop,31,11.251119453640234,3.6928144161109246,4.624591092579067,18.39512202423066,17.048134992364794,86.82662985032245,861557.896736928,861558.928549671
world,ScreenMarkerChoreographyPlugin,ScreenMarkerChoreographyPlugin,loop,30,8.970476345469555,6.957855122252746,2.0901019452139735,38.675209041684866,18.597733537899316,84.83457920374349,861558.928549671,861559.930066629
world,ScreenMarkerChoreographyPlugin,ScreenMarkerChoreographyPlugin,loop,30,14.207382632109026,7.32105825245826,6.297484040260315,42.4934170441702,22.408827522303906,90.4895157708476,861559.930066629,861560.933662639
world,ScreenMarkerChoreographyPlugin,ScreenMarkerChoreographyPlugin,loop,30,11.169423100848993,4.432800377356407,4.240019945427775,22.639587987214327,20.139535004273053,86.90607328123103,861560.933662639,861561.941892309
world,ScreenMarkerChoreographyPlugin,ScreenMarkerChoreographyPlugin,loop,30,9.056390930588046,6.626922239748519,1.9803179893642664,32.73733798414469,22.285008977632945,85.14277279997866,861561.941892309,861562.944434283
world,ScreenMarkerChoreographyPlugin,ScreenMarkerChoreographyPlugin,loop,30,11.09498537455996,4.362797405022994,5.241258069872856,21.810177015140653,19.30394093506038,86.84506959592302,861562.944434283,861563.9457855
world,ScreenMarkerChoreographyPlugin,ScreenMarkerChoreographyPlugin,loop,30,13.08189700357616,4.1466007976003,5.269143031910062,22.869404987432063,19.848640158306804,88.86812248965725,861563.9457855,861564.96082394
world,ScreenMarkerChoreographyPlugin,ScreenMarkerChoreographyPlugin,loop,30,3.2014748508421085,5.760144225369134,0.008545001037418842,17.812515958212316,15.125232958234843,80.7998626298892,861564.96082394,861565.98418451
world,ScreenMarkerChoreographyPlugin,ScreenMarkerChoreographyPlugin,loop,30,0.025016469104836386,0.011976196679018334,0.010888907127082348,0.05374406464397907,0.048376445192843676,76.00959291060765,861565.98418451,861566.99222946
world,ScreenMarkerChoreographyPlugin,ScreenMarkerChoreographyPlugin,loop,30,0.026190575833121937,0.012640870708472068,0.011153984814882278,0.050968024879693985,0.050641095731407404,75.98222463469331,861566.99222946,861567.995890768
world,ScreenMarkerChoreographyPlugin,ScreenMarkerChoreographyPlugin,loop,30,0.028155282294998567,0.014049106592858773,0.010384945198893547,0.05482207052409649,0.0500130234286189,76.18548886772867,861567.995890768,861569.000358889
world,ScreenMarkerChoreographyPlugin,ScreenMarkerChoreographyPlugin,loop,30,0.03101774879420797,0.016011473830151314,0.013079959899187088,0.06721797399222851,0.05531688220798969,76.17639562425514,861569.000358889,861570.008391664
world,ScreenMarkerChoreographyPlugin,ScreenMarkerChoreographyPlugin,loop,30,0.02853987195218603,0.01301921005571854,0.011886004358530045,0.05022005643695593,0.04939739010296762,76.24968812645723,861570.008391664,861571.011976372
world,ScreenMarkerChoreographyPlugin,ScreenMarkerChoreographyPlugin,loop,30,0.03243885779132446,0.014160906172173438,0.011525931768119335,0.054955948144197464,0.0534065649844706,76.2658205581829,861571.011976372,861572.016593522
world,ScreenMarkerChoreographyPlugin,ScreenMarkerChoreographyPlugin,loop,30,0.027569006973256666,0.012681246316756642,0.01026596873998642,0.054073985666036606,0.05080035771243272,76.19134364261602,861572.016593522,861573.024861829
world,ScreenMarkerChoreographyPlugin,ScreenMarkerChoreographyPlugin,loop,30,0.032200070563703775,0.014371992985151212,0.014699995517730713,0.06138300523161888,0.053524976829066866,76.52722462080419,861573.024861829,861574.02879966
world,ScreenMarkerChoreographyPlugin,ScreenMarkerChoreographyPlugin,loop,30,0.029956661940862734,0.014362497282705507,0.011048978194594383,0.05211902316659689,0.051252142293378704,76.2177968902203,861574.02879966,861575.032105693
world,ScreenMarkerChoreographyPlugin,ScreenMarkerChoreographyPlugin,loop,30,0.037789096434911094,0.03154377888615132,0.01187098678201437,0.18755998462438583,0.0634846335742622,76.54757747271408,861575.032105693,861576.040227736
world,ScreenMarkerChoreographyPlugin,ScreenMarkerChoreographyPlugin,loop,26,3.3565247834373553,7.097554262279311,0.01199101097881794,26.441341964527965,19.377569027710706,80.95665115755625,861576.040227736,861577.057008911
world,ScreenMarkerChoreographyPlugin,ScreenMarkerChoreographyPlugin,loop,30,8.441667181129256,4.673378071624777,2.2271620109677315,23.16772798076272,18.348353140754604,84.78252607941006,861577.057008911,861578.059135946
world,ScreenMarkerChoreographyPlugin,ScreenMarkerChoreographyPlugin,loop,30,11.875100651135048,6.4424596296928796,4.523092997260392,36.49242105893791,19.46503110229969,88.6704925680533,861578.059135946,861579.070493496
world,ScreenMarkerChoreographyPlugin,ScreenMarkerChoreographyPlugin,loop,31,10.171468966760703,4.5353998706227,3.900801995769143,20.13769105542451,18.689985503442585,86.59971009324035,861579.070493496,861580.0988585
world,ScreenMarkerChoreographyPlugin,ScreenMarkerChoreographyPlugin,loop,30,11.699538060929626,8.922762752765355,2.503463067114353,53.58438799157739,18.84055873379111,89.99589713445555,861580.0988585,861581.107768866
world,ScreenMarkerChoreographyPlugin,ScreenMarkerChoreographyPlugin,loop,30,11.663108008603254,4.631530192195683,5.213084979914129,21.966576925478876,19.444531062617894,89.4168997144637,861581.107768866,861582.110858113
world,ScreenMarkerChoreographyPlugin,ScreenMarkerChoreographyPlugin,loop,30,11.999183404259384,5.0524215941325,3.2799369655549526,22.45711104478687,19.91390050970948,88.52147863556941,861582.110858113,861583.119413816
world,ScreenMarkerChoreographyPlugin,ScreenMarkerChoreographyPlugin,loop,30,11.069622208985189,7.699738934912226,2.6917350478470325,39.37584604136646,21.798674861202016,87.94519329288353,861583.119413816,861584.124795362
world,ScreenMarkerChoreographyPlugin,ScreenMarkerChoreographyPlugin,loop,30,12.683523213490844,4.947975535846531,4.101880011148751,24.488986004143953,20.75120171066373,89.47134790942073,861584.124795362,861585.133239496
world,ScreenMarkerChoreographyPlugin,ScreenMarkerChoreographyPlugin,loop,30,12.653219905526688,7.038751812934308,3.809471963904798,38.13464299309999,24.9280981661286,89.66116699933384,861585.133239496,861586.153392352
world,ScreenMarkerChoreographyPlugin,ScreenMarkerChoreographyPlugin,loop,31,8.89557987571724,4.7406251183642505,2.726946957409382,21.105434047058225,17.806149437092245,85.76947909915039,861586.153392352,861587.173996426
world,ScreenMarkerChoreographyPlugin,ScreenMarkerChoreographyPlugin,loop,30,12.491791241336614,4.749486292375692,5.918274051509798,24.64017109014094,21.654440456768498,89.21920015709475,861587.173996426,861588.180337025
world,ScreenMarkerChoreographyPlugin,ScreenMarkerChoreographyPlugin,loop,30,11.95540352879713,6.772482889952439,3.9489170303568244,43.04134892299771,18.61348837264813,89.31087529830013,861588.180337025,861589.19078454
world,ScreenMarkerChoreographyPlugin,ScreenMarkerChoreographyPlugin,loop,30,11.442361938922355,6.130703251652443,2.714063972234726,22.969315061345696,21.39522670186124,88.4842848405242,861589.19078454,861590.199289501
world,ScreenMarkerChoreographyPlugin,ScreenMarkerChoreographyPlugin,loop,31,11.969206186251775,4.1406867971592085,5.122335045598447,20.65813890658319,18.993970472365618,88.89602700383553,861590.199289501,861591.231607646
world,ScreenMarkerChoreographyPlugin,ScreenMarkerChoreographyPlugin,loop,31,12.272181597748592,5.807762347867373,3.1062670750543475,23.45069602597505,21.59446000587195,89.20511787742257,861591.231607646,861592.27977135
world,ScreenMarkerChoreographyPlugin,ScreenMarkerChoreographyPlugin,loop,31,10.439071518879745,4.757891528958099,4.098990000784397,22.43041491601616,19.02934949612245,87.59679170625824,861592.27977135,861593.309384398
world,ScreenMarkerChoreographyPlugin,ScreenMarkerChoreographyPlugin,loop,30,11.432358176292231,4.876007798246277,3.8684509927406907,25.91825695708394,18.65937862312421,88.61019985827927,861593.309384398,861594.315445752
world,ScreenMarkerChoreographyPlugin,ScreenMarkerChoreographyPlugin,loop,30,12.136802500269065,5.791826716924477,4.1075770277529955,29.589939978905022,22.70880591822788,89.21093613607809,861594.315445752,861595.317913188
world,ScreenMarkerChoreographyPlugin,ScreenMarkerChoreographyPlugin,loop,30,10.843783892535916,5.112666241676436,3.6169899394735694,26.511923992075026,18.32276447676122,88.04980093458046,861595.317913188,861596.327658388
world,ScreenMarkerChoreographyPlugin,ScreenMarkerChoreographyPlugin,loop,30,13.892568787559867,6.764812529031923,4.680317011661828,35.323648946359754,23.679407656891254,92.32056613545865,861596.327658388,861597.330213731
world,ScreenMarkerChoreographyPlugin,ScreenMarkerChoreographyPlugin,loop,30,11.430919942601273,4.481101809413992,4.032772034406662,20.859549986198545,18.63811071962118,88.70601342835774,861597.330213731,861598.336620256
world,System_Graphs,System_Graphs,loop,30,0.03173475076134006,0.06050078871573181,0.0030229566618800163,0.30539301224052906,0.1145813614130019,86.94116937695071,861547.736053739,861548.745056533
world,System_Graphs,System_Graphs,loop,31,0.03422754666497631,0.05974284060721529,0.0025799963623285294,0.2559900749474764,0.15654455637559295,87.57505632726655,861548.745056533,861549.787899359
world,System_Graphs,System_Graphs,loop,31,0.029872209134121096,0.06049716580477687,0.002635992132127285,0.30764006078243256,0.10921905050054193,83.80667848001805,861549.787899359,861550.818690053
world,System_Graphs,System_Graphs,loop,30,0.04755706371118625,0.08682044945498205,0.0027189962565898895,0.2870289608836174,0.279348564799875,88.03546907535444,861550.818690053,861551.823093827
world,System_Graphs,System_Graphs,loop,30,0.03642643180986246,0.0682721415996238,0.0028060749173164368,0.28013507835567,0.19715261878445725,86.84936807258055,861551.823093827,861552.827011577
world,System_Graphs,System_Graphs,loop,30,0.037097344951083265,0.07210279523089445,0.002896995283663273,0.3210860304534435,0.17345388769172107,82.85970617240916,861552.827011577,861553.827073553
world,System_Graphs,System_Graphs,loop,28,0.029790011467412114,0.051115520534893634,0.0030420487746596336,0.19238097593188286,0.14980094274505962,92.21208639792167,861553.827073553,861554.845993121
world,System_Graphs,System_Graphs,loop,31,0.04601058354901691,0.09040999541371704,0.003372086212038994,0.3484860062599182,0.2879250096157193,88.74651235378077,861554.845993121,861555.876780998
world,System_Graphs,System_Graphs,loop,30,0.03727713677411278,0.06646771041245406,0.002842978574335575,0.2542570000514388,0.19531489233486346,84.19370174330349,861555.876780998,861556.880287155
world,System_Graphs,System_Graphs,loop,30,0.03704780247062445,0.07041649621785454,0.0031279632821679115,0.31744898296892643,0.1739082741551097,88.01790242238592,861556.880287155,861557.897667068
world,System_Graphs,System_Graphs,loop,31,0.040314584640004945,0.0746689684102993,0.002783956006169319,0.30371895991265774,0.22462254855781794,86.93607329886648,861557.897667068,861558.929463083
world,System_Graphs,System_Graphs,loop,30,0.051214813720434904,0.0943172901606759,0.0030599767342209816,0.30556204728782177,0.2858300693333148,84.93389829915638,861558.929463083,861559.930309186
world,System_Graphs,System_Graphs,loop,30,0.05253379155571262,0.09234723178739072,0.0035569537431001663,0.31725794542580843,0.2867457107640802,90.60040143473695,861559.930309186,861560.934019808
world,System_Graphs,System_Graphs,loop,30,0.04104487597942352,0.07535037015993527,0.0027900096029043198,0.3006600309163332,0.21751533495262262,86.99395952668662,861560.934019808,861561.94207985
world,System_Graphs,System_Graphs,loop,30,0.04187381903951367,0.08044019121696501,0.0028599752113223076,0.31438295263797045,0.23893510806374216,85.2300103326949,861561.94207985,861562.944694479
world,System_Graphs,System_Graphs,loop,30,0.0342963341002663,0.06265794690848747,0.0032529933378100395,0.2717819297686219,0.16722208820283377,86.92557966569439,861562.944694479,861563.946041934
world,System_Graphs,System_Graphs,loop,30,0.04335993823284904,0.08298658830805318,0.0029139919206500053,0.3172080032527447,0.2602975466288625,88.96131263269733,861563.946041934,861564.961231733
world,System_Graphs,System_Graphs,loop,30,0.041320337913930416,0.07820452078248422,0.0014629913493990898,0.3312580520287156,0.19673035130836053,80.88430960973103,861564.961231733,861565.984613491
world,System_Graphs,System_Graphs,loop,30,0.03228222873682777,0.05593702866990514,0.002183951437473297,0.19129994325339794,0.16544173122383649,76.0770225781016,861565.984613491,861566.992823753
world,System_Graphs,System_Graphs,loop,30,0.03986542966837684,0.07685585801435746,0.002487911842763424,0.3158919280394912,0.21207175450399512,76.04834806018819,861566.992823753,861567.996177124
world,System_Graphs,System_Graphs,loop,30,0.04263500062127908,0.08460760753880943,0.002158922143280506,0.3270140150561929,0.2454236673656846,76.27777917465816,861567.996177124,861569.001040796
world,System_Graphs,System_Graphs,loop,30,0.04303344370176395,0.08337758420482283,0.0029400689527392387,0.31568703707307577,0.2569869218859818,76.25714446961258,861569.001040796,861570.008948099
world,System_Graphs,System_Graphs,loop,30,0.03652583885317048,0.06492101887984465,0.002392916940152645,0.25246699806302786,0.1850853033829479,76.31353624165058,861570.008948099,861571.012229382
world,System_Graphs,System_Graphs,loop,30,0.05554615442330638,0.09975691183581492,0.002529006451368332,0.33637601882219315,0.27336441562511016,76.36749900023763,861571.012229382,861572.017296364
world,System_Graphs,System_Graphs,loop,30,0.03454676286006967,0.06353640586502174,0.0026029301807284355,0.2879840321838856,0.13221715926192698,76.25773830028872,861572.017296364,861573.025294648
world,System_Graphs,System_Graphs,loop,30,0.04199100270246466,0.07717655093453273,0.0029329676181077957,0.2903030253946781,0.21832414204254705,76.61841443429391,861573.025294648,861574.029667915
world,System_Graphs,System_Graphs,loop,30,0.04400487911577026,0.08398598109073094,0.0021810410544276237,0.31645805574953556,0.24228788679465607,76.29031593678519,861574.029667915,861575.032346987
world,System_Graphs,System_Graphs,loop,30,0.04998083459213376,0.08699018321856346,0.0022849999368190765,0.2725910162553191,0.2434408350382,76.63524623106544,861575.032346987,861576.040487046
world,System_Graphs,System_Graphs,loop,26,0.03148481034888671,0.051989835619563926,0.002726912498474121,0.21148496307432652,0.12935895938426256,81.04411551119902,861576.040487046,861577.057869146
world,System_Graphs,System_Graphs,loop,30,0.03405876147250334,0.05947791007351615,0.0028619542717933655,0.30664296355098486,0.10887339594773948,84.88772313576192,861577.057869146,861578.060133635
world,System_Graphs,System_Graphs,loop,30,0.04548011735702554,0.08961486349438275,0.0028030481189489365,0.3173269797116518,0.29838799382559944,88.76585122973968,861578.060133635,861579.070750033
world,System_Graphs,System_Graphs,loop,31,0.04148238428658055,0.08360563807024388,0.0027150381356477737,0.31194405164569616,0.2741820062510669,86.69325941422534,861579.070750033,861580.099443486
world,System_Graphs,System_Graphs,loop,30,0.027782671774427097,0.047841290379437074,0.0028070062398910522,0.2150899963453412,0.10379915474914012,90.05698180602242,861580.099443486,861581.107946509
world,System_Graphs,System_Graphs,loop,30,0.03900380882744988,0.0726225349384379,0.00274099875241518,0.278485007584095,0.22578730713576056,89.49976139701903,861581.107946509,861582.111118376
world,System_Graphs,System_Graphs,loop,30,0.03593471677352985,0.06379620743316115,0.0026549678295850754,0.3014359390363097,0.14234718983061603,88.62266817207758,861582.111118376,861583.120110257
world,System_Graphs,System_Graphs,loop,30,0.03419797867536545,0.0653847240213624,0.002905959263443947,0.3027030033990741,0.1543982711154964,88.02456232951954,861583.120110257,861584.125101117
world,System_Graphs,System_Graphs,loop,30,0.07040559624632199,0.1530788421759453,0.0031490344554185867,0.6109130335971713,0.43441429152153366,89.59041280516733,861584.125101117,861585.133563322
world,System_Graphs,System_Graphs,loop,30,0.040616991464048624,0.07379538784616062,0.003017950803041458,0.2561949659138918,0.2223739924374966,89.75230662617832,861585.133563322,861586.153962967
world,System_Graphs,System_Graphs,loop,31,0.044849382022455815,0.08615250382258463,0.0025350600481033325,0.31301809940487146,0.2745679812505841,85.85677819792181,861586.153962967,861587.174239278
world,System_Graphs,System_Graphs,loop,30,0.05000732295836011,0.08885725800871896,0.002701999619603157,0.3112310077995062,0.28132682782597834,89.33244473300874,861587.174239278,861588.180765431
world,System_Graphs,System_Graphs,loop,30,0.028614443726837635,0.042409594200620376,0.002796994522213936,0.1649699406698346,0.10865423828363414,89.37645060165475,861588.180765431,861589.190925857
world,System_Graphs,System_Graphs,loop,30,0.039662172396977745,0.07702208515101928,0.0034659169614315033,0.32660202123224735,0.21216774475760736,88.57655577982466,861589.190925857,861590.199881104
world,System_Graphs,System_Graphs,loop,31,0.03743651247913799,0.06883979882014016,0.002747052349150181,0.2967390464618802,0.17932499758899212,88.97465699908113,861590.199881104,861591.232019786
world,System_Graphs,System_Graphs,loop,31,0.042796908547320676,0.08768272046987353,0.0029570655897259712,0.32801704946905375,0.2847269643098116,89.2863443211442,861591.232019786,861592.279953422
world,System_Graphs,System_Graphs,loop,31,0.03618020338997725,0.0655165407657515,0.0027890782803297043,0.27469603810459375,0.1774690463207662,87.67845259318429,861592.279953422,861593.309743626
world,System_Graphs,System_Graphs,loop,30,0.038260663859546185,0.07220472574884941,0.0030070077627897263,0.2779789501801133,0.2237707201857118,88.69532032404095,861593.309743626,861594.315715929
world,System_Graphs,System_Graphs,loop,30,0.03787167758370439,0.06652234836933568,0.002884073182940483,0.3135070437565446,0.152749044355005,89.29425284732133,861594.315715929,861595.318105715
world,System_Graphs,System_Graphs,loop,30,0.03925145914157232,0.07466597321090163,0.0038850121200084686,0.3053500549867749,0.20653873798437372,88.13860720256343,861595.318105715,861596.328105073
world,System_Graphs,System_Graphs,loop,30,0.044955736181388296,0.08092401175533144,0.002828892320394516,0.31200400553643703,0.2258775290101765,92.41243870540832,861596.328105073,861597.330473848
world,System_Graphs,System_Graphs,loop,30,0.03493786013374726,0.056580633575026636,0.002917950041592121,0.22127095144242048,0.1530388020910322,88.81757466200118,861597.330473848,861598.337490043
world,Display_Recent_Gaze,Display_Recent_Gaze,loop,30,0.00240406176696221,0.001472902819621996,0.0007449416443705559,0.005665002390742302,0.005171698285266756,86.96624412744616,861547.737044784,861548.745548101
world,Display_Recent_Gaze,Display_Recent_Gaze,loop,31,0.002336650786380614,0.0013626133353142067,0.000825035385787487,0.005140085704624653,0.004754925612360239,87.59868589620436,861548.745548101,861549.788373734
world,Display_Recent_Gaze,Display_Recent_Gaze,loop,31,0.0020054642171148333,0.001167308192986308,0.0009189825505018234,0.005345093086361885,0.004901026841253042,83.83319547940647,861549.788373734,861550.819307683
world,Display_Recent_Gaze,Display_Recent_Gaze,loop,30,0.0027368970525761447,0.0016543448294562447,0.0008620554581284523,0.005590030923485756,0.0053455878514796495,88.06437673435236,861550.819307683,861551.823665281
world,Display_Recent_Gaze,Display_Recent_Gaze,loop,30,0.003862260685612758,0.009080394662146683,0.0008490169420838356,0.05226302891969681,0.004881416680291295,86.86920933735867,861551.823665281,861552.827315513
world,Display_Recent_Gaze,Display_Recent_Gaze,loop,31,0.002296202095045197,0.001442414232416786,0.0009560026228427887,0.005994923412799835,0.005580543074756861,82.99848605172649,861552.827315513,861553.865982353
world,Display_Recent_Gaze,Display_Recent_Gaze,loop,29,0.0022645830979634977,0.0011991888451898043,0.0008329516276717186,0.0050299568101763725,0.004911236464977264,91.90150288913142,861553.865982353,861554.905983003
world,Display_Recent_Gaze,Display_Recent_Gaze,loop,30,0.002446433063596487,0.0015129918257891757,0.0010730000212788582,0.005634967237710953,0.005364126991480589,89.32294828894858,861554.905983003,861555.920844419
world,Display_Recent_Gaze,Display_Recent_Gaze,loop,31,0.0025167715765776174,0.0014439781496999255,0.0008790520951151848,0.005261041224002838,0.0050969538278877735,84.29585119724393,861555.920844419,861556.964048094
world,Display_Recent_Gaze,Display_Recent_Gaze,loop,31,0.0025579037385121467,0.0015141667015826966,0.0009469222277402878,0.005669076927006245,0.005133973900228739,87.25521135173979,861556.964048094,861557.982747434
world,Display_Recent_Gaze,Display_Recent_Gaze,loop,30,0.002950833489497503,0.0017681334413347646,0.0009569339454174042,0.005837064236402512,0.005694013088941574,87.48516135771449,861557.982747434,861558.997070833
world,Display_Recent_Gaze,Display_Recent_Gaze,loop,30,0.0030485990767677626,0.0016268412431402208,0.0008180504664778709,0.005517038516700268,0.005296693416312336,85.23824379857008,861558.997070833,861560.002295582
world,Display_Recent_Gaze,Display_Recent_Gaze,loop,30,0.00283125943193833,0.0015179820997496052,0.0010009389370679855,0.006283982656896114,0.005434814374893903,90.20518840989098,861560.002295582,861561.004489413
world,Display_Recent_Gaze,Display_Recent_Gaze,loop,30,0.002294154061625401,0.001292781793415765,0.0009539071470499039,0.005492940545082092,0.004663266008719801,87.09183563478291,861561.004489413,861562.009023021
world,Display_Recent_Gaze,Display_Recent_Gaze,loop,30,0.0027421008174618087,0.0013696745063354482,0.0008889473974704742,0.005581066943705082,0.004930177237838507,85.15131272142753,861562.009023021,861563.015289511
world,Display_Recent_Gaze,Display_Recent_Gaze,loop,30,0.0026610330678522587,0.0013732369654485032,0.00080897007137537,0.005047069862484932,0.004901707870885729,86.99214612909903,861563.015289511,861564.022322612
world,Display_Recent_Gaze,Display_Recent_Gaze,loop,30,0.0027829199098050594,0.0016449175772666877,0.0008820788934826851,0.00579003244638443,0.005590403452515601,89.21524559846148,861564.022322612,861565.029924645
world,Display_Recent_Gaze,Display_Recent_Gaze,loop,30,0.002397872352351745,0.0012642898530734047,0.0007270136848092079,0.0053620897233486176,0.004557368811219931,79.92404657027994,861565.029924645,861566.052503852
world,Display_Recent_Gaze,Display_Recent_Gaze,loop,30,0.002299357826511065,0.0012179608813859802,0.001010950654745102,0.005226000212132931,0.004977872595191001,76.12874853657559,861566.052503852,861567.059931376
world,Display_Recent_Gaze,Display_Recent_Gaze,loop,30,0.0027870720562835536,0.002289365376798225,0.0009830109775066376,0.01270999200642109,0.005388009594753384,75.9628217977782,861567.059931376,861568.063833235
world,Display_Recent_Gaze,Display_Recent_Gaze,loop,30,0.002871601221462091,0.0015486480945132892,0.0009509967640042305,0.005765003152191639,0.0054118107073009005,76.35390886183207,861568.063833235,861569.067910492
world,Display_Recent_Gaze,Display_Recent_Gaze,loop,30,0.003063391583661238,0.0014445135720636377,0.0010349322110414505,0.005368026904761791,0.00520559842698276,76.34266077075154,861569.067910492,861570.075940585
world,Display_Recent_Gaze,Display_Recent_Gaze,loop,30,0.0027169977935651937,0.001365144672586497,0.0009760260581970215,0.005445093847811222,0.004987209104001522,76.26201399834827,861570.075940585,861571.080240055
world,Display_Recent_Gaze,Display_Recent_Gaze,loop,30,0.003045331686735153,0.001343468185382136,0.0011010561138391495,0.005048932507634163,0.0049002934247255325,76.42420663808782,861571.080240055,861572.08417904
world,Display_Recent_Gaze,Display_Recent_Gaze,loop,30,0.0026241100082794824,0.001219498501993749,0.0010150251910090446,0.005264999344944954,0.005019997479394077,76.32764779652159,861572.08417904,861573.092715098
world,Display_Recent_Gaze,Display_Recent_Gaze,loop,30,0.002774064584324757,0.0013136898139219316,0.0011629890650510788,0.005644978955388069,0.0051699113100767136,76.56790212495252,861573.092715098,861574.09627303
world,Display_Recent_Gaze,Display_Recent_Gaze,loop,30,0.0027948563608030477,0.001507131900867179,0.0008199131116271019,0.005368026904761791,0.005171465454623103,76.35742349084467,861574.09627303,861575.100216124
world,Display_Recent_Gaze,Display_Recent_Gaze,loop,30,0.0027618642585972943,0.0013799201189113027,0.0008690403774380684,0.005319947376847267,0.005106115713715553,76.5406826317,861575.100216124,861576.104579304
world,Display_Recent_Gaze,Display_Recent_Gaze,loop,26,0.003187267933613979,0.002873777423213799,0.0010350486263632774,0.015438999980688095,0.005548266926780343,81.40359111488439,861576.104579304,861577.115168784
world,Display_Recent_Gaze,Display_Recent_Gaze,loop,30,0.002988354147722324,0.0017113675899715329,0.0009109498932957649,0.0062050530686974525,0.005447166040539741,85.242519628567,861577.115168784,861578.121080873
world,Display_Recent_Gaze,Display_Recent_Gaze,loop,30,0.0027334589200715223,0.0014977188981267174,0.0009370269253849983,0.005716108717024326,0.00548579846508801,88.93199427984655,861578.121080873,861579.125246668
world,Display_Recent_Gaze,Display_Recent_Gaze,loop,30,0.002607939920077721,0.0017027501967160172,0.0009700888767838478,0.005949987098574638,0.005742121720686554,86.52597110485658,861579.125246668,861580.131472662
world,Display_Recent_Gaze,Display_Recent_Gaze,loop,30,0.0020828990576167903,0.001238015351786093,0.0009629875421524048,0.005292939022183418,0.004742090823128819,90.28712827324246,861580.131472662,861581.143368564
world,Display_Recent_Gaze,Display_Recent_Gaze,loop,30,0.00262803320462505,0.0016196438750823259,0.0009159557521343231,0.005326000973582268,0.005128339398652315,89.88107470795512,861581.143368564,861582.159659933
world,Display_Recent_Gaze,Display_Recent_Gaze,loop,31,0.002816477189621618,0.001506895425259345,0.0009980285540223122,0.005771988071501255,0.005340960342437029,87.84526189969432,861582.159659933,861583.182361204
world,Display_Recent_Gaze,Display_Recent_Gaze,loop,30,0.002525048330426216,0.0015181319473555898,0.0010060612112283707,0.005931011401116848,0.005337648326531052,88.7106535374187,861583.182361204,861584.203224198
world,Display_Recent_Gaze,Display_Recent_Gaze,loop,30,0.003009960831453403,0.0023437182089592412,0.0011570518836379051,0.013094977475702763,0.005326070822775364,90.36092513318484,861584.203224198,861585.227436799
world,Display_Recent_Gaze,Display_Recent_Gaze,loop,31,0.0026440322999992678,0.0015049361291356983,0.0009490177035331726,0.005749985575675964,0.0050470116548240185,88.35804034700438,861585.227436799,861586.235477063
world,Display_Recent_Gaze,Display_Recent_Gaze,loop,30,0.002841535024344921,0.0023531504138539334,0.0009560026228427887,0.012550968676805496,0.005708140088245272,86.3034505629912,861586.235477063,861587.244077997
world,Display_Recent_Gaze,Display_Recent_Gaze,loop,30,0.003080900448064009,0.0015864795768847312,0.0008629867807030678,0.005576992407441139,0.005374883767217397,89.35710033401847,861587.244077997,861588.251094686
world,Display_Recent_Gaze,Display_Recent_Gaze,loop,31,0.0024502721404837022,0.0015522262319194117,0.0009870855137705803,0.006312038749456406,0.005353533197194338,88.59189803291473,861588.251094686,861589.279905776
world,Display_Recent_Gaze,Display_Recent_Gaze,loop,30,0.002635254835089048,0.0018411229924444393,0.001008971594274044,0.0076700234785676,0.00662958482280373,89.13456490263343,861589.279905776,861590.288441066
world,Display_Recent_Gaze,Display_Recent_Gaze,loop,30,0.0021845956022540727,0.0013944272927238768,0.0008220085874199867,0.005698064342141151,0.00496935099363327,89.12727227434516,861590.288441066,861591.299369992
world,Display_Recent_Gaze,Display_Recent_Gaze,loop,31,0.002424765919004717,0.0015924711584777182,0.001074979081749916,0.00601599458605051,0.005529029294848442,89.08589254508937,861591.299369992,861592.332662342
world,Display_Recent_Gaze,Display_Recent_Gaze,loop,30,0.002564745955169201,0.001460183028386594,0.0009600771591067314,0.005341949872672558,0.00512749538756907,87.933825829532,861592.332662342,861593.340517806
world,Display_Recent_Gaze,Display_Recent_Gaze,loop,30,0.0024174650510152182,0.0014427294612160439,0.0009229406714439392,0.006082933396100998,0.004919432103633879,88.73121489693101,861593.340517806,861594.346465883
world,Display_Recent_Gaze,Display_Recent_Gaze,loop,31,0.0028438648329146446,0.0014762687882895968,0.0010599615052342415,0.005779089406132698,0.005163019523024559,88.88439681275838,861594.346465883,861595.38153224
world,Display_Recent_Gaze,Display_Recent_Gaze,loop,30,0.0026321659485499063,0.0015749657989766884,0.001018051989376545,0.006066984497010708,0.0052232062444090835,88.82532237718503,861595.38153224,861596.401337667
world,Display_Recent_Gaze,Display_Recent_Gaze,loop,31,0.0029359793951434475,0.0015278955171061145,0.000977073796093464,0.005958019755780697,0.005543988663703203,92.31924057202113,861596.401337667,861597.432008682
world,Display_Recent_Gaze,Display_Recent_Gaze,loop,30,0.0026516965590417385,0.0013291514497437403,0.0009819632396101952,0.005158013664186001,0.00478307483717799,88.0784037290141,861597.432008682,861598.433130716
world,Blink_Detection,Blink_Detection,loop,30,0.008552179982264837,0.005342460359867499,0.003246939741075039,0.02397899515926838,0.01816999865695834,86.99442480380337,861547.738009368,861548.746009449
world,Blink_Detection,Blink_Detection,loop,31,0.0077961538467676405,0.004459271132662565,0.002988032065331936,0.016210018657147884,0.01547450665384531,87.62299767394941,861548.746009449,861549.788751414
world,Blink_Detection,Blink_Detection,loop,31,0.007709311772017709,0.005859664693280774,0.0033010728657245636,0.03223703242838383,0.015808967873454094,83.86246128863985,861549.788751414,861550.819884722
world,Blink_Detection,Blink_Detection,loop,30,0.00922325998544693,0.005196927553573001,0.0034009572118520737,0.018739025108516216,0.01717963023111224,88.09603266806032,861550.819884722,861551.824184239
world,Blink_Detection,Blink_Detection,loop,30,0.007384530423829953,0.004384252701844354,0.003137974999845028,0.015833997167646885,0.015502457972615957,86.88978542728971,861551.824184239,861552.827583523
world,Blink_Detection,Blink_Detection,loop,31,0.007192822053067146,0.004257589970930419,0.003361026756465435,0.017664977349340916,0.016579986549913883,83.02153673984351,861552.827583523,861553.866362177
world,Blink_Detection,Blink_Detection,loop,29,0.007562612279735762,0.003939326354854158,0.002985936589539051,0.017033074982464314,0.01580235548317432,91.92340630347488,861553.866362177,861554.906267296
world,Blink_Detection,Blink_Detection,loop,30,0.008198071736842394,0.004933616952558804,0.0035919947549700737,0.01811899710446596,0.01697224215604365,89.35979779732104,861554.906267296,861555.921566766
world,Blink_Detection,Blink_Detection,loop,31,0.008362750973432295,0.004792686615350557,0.003547058440744877,0.01861201599240303,0.017681973986327648,84.34260515646348,861555.921566766,861556.965098251
world,Blink_Detection,Blink_Detection,loop,31,0.008334570954884253,0.004610914616904418,0.003408989869058132,0.017344951629638672,0.016950012650340796,87.29488425512588,861556.965098251,861557.983526979
world,Blink_Detection,Blink_Detection,loop,30,0.009774571905533472,0.005596832976202924,0.003393040969967842,0.019090017303824425,0.017861812375485897,87.52399237904076,861557.983526979,861558.997778497
world,Blink_Detection,Blink_Detection,loop,30,0.010049498329559961,0.005116292709377688,0.0030129449442029,0.017548096366226673,0.016949226846918464,85.26818686320136,861558.997778497,861560.002727556
world,Blink_Detection,Blink_Detection,loop,30,0.009260206328084072,0.004713027510606205,0.0034080585464835167,0.018331105820834637,0.017104181461036205,90.26006940208997,861560.002727556,861561.00570066
world,Blink_Detection,Blink_Detection,loop,30,0.008136142666141192,0.0045906560006261764,0.0032070092856884003,0.017983955331146717,0.0169166421983391,87.1281040366739,861561.00570066,861562.009736476
world,Blink_Detection,Blink_Detection,loop,30,0.009100709576159716,0.00455420894653271,0.003343098796904087,0.01761200837790966,0.01608543680049479,85.17161346971989,861562.009736476,861563.015469071
world,Blink_Detection,Blink_Detection,loop,30,0.008708005771040916,0.004484189390114265,0.003072083927690983,0.017049023881554604,0.016369158402085304,87.01713543850929,861563.015469071,861564.022649724
world,Blink_Detection,Blink_Detection,loop,30,0.009240303188562393,0.005021468313016285,0.0032600946724414825,0.01906405668705702,0.01786325010471046,89.24526650225744,861564.022649724,861565.030364896
world,Blink_Detection,Blink_Detection,loop,30,0.00781369162723422,0.004278558503510293,0.0022349413484334946,0.016727950423955917,0.016193947521969676,79.95938366511837,861565.030364896,861566.053223694
world,Blink_Detection,Blink_Detection,loop,30,0.0075460101167360944,0.0038783914372915508,0.003176974132657051,0.016446923837065697,0.016018084716051817,76.15063523796077,861566.053223694,861567.060255283
world,Blink_Detection,Blink_Detection,loop,30,0.008079436762879292,0.004526665764374082,0.0031639356166124344,0.01704797614365816,0.01655235537327826,75.98281510096665,861567.060255283,861568.064083445
world,Blink_Detection,Blink_Detection,loop,30,0.009253714233636856,0.004716851357281357,0.0031229574233293533,0.017856014892458916,0.01668516779318452,76.37722059929122,861568.064083445,861569.068187678
world,Blink_Detection,Blink_Detection,loop,30,0.010199402458965778,0.004954170789961047,0.004014931619167328,0.01856801100075245,0.017463247058913108,76.36438346623133,861569.068187678,861570.076148712
world,Blink_Detection,Blink_Detection,loop,30,0.008952012285590172,0.0046419878335030975,0.003430992364883423,0.01689803320914507,0.016263697762042284,76.28501219830166,861570.076148712,861571.08052673
world,Blink_Detection,Blink_Detection,loop,30,0.010059032744417587,0.004536221543104721,0.0033939722925424576,0.017211074009537697,0.01665700110606849,76.45796759752557,861571.08052673,861572.084740234
world,Blink_Detection,Blink_Detection,loop,30,0.008940234935532013,0.005553552541132366,0.003797002136707306,0.030747964046895504,0.0170005892869085,76.34939179600526,861572.084740234,861573.092984646
world,Blink_Detection,Blink_Detection,loop,30,0.009439400552461544,0.004415361975868322,0.0037640566006302834,0.018135993741452694,0.016893917927518487,76.58846231255059,861573.092984646,861574.096464617
world,Blink_Detection,Blink_Detection,loop,30,0.00942898914217949,0.005029574342064782,0.0033780233934521675,0.01892808359116316,0.017427903367206454,76.37962442046653,861574.096464617,861575.100462845
world,Blink_Detection,Blink_Detection,loop,30,0.009238696657121181,0.004511319313265678,0.003442983143031597,0.01744297333061695,0.017137534450739622,76.56355432312314,861575.100462845,861576.104857665
world,Blink_Detection,Blink_Detection,loop,26,0.00934765781634129,0.00526177364332872,0.0036050332710146904,0.02163101453334093,0.016671023331582546,81.43651558426566,861576.104857665,861577.115671075
world,Blink_Detection,Blink_Detection,loop,30,0.009926583152264357,0.0054630198595628995,0.0034580007195472717,0.017995014786720276,0.01720353029668331,85.26394169700022,861577.115671075,861578.121237284
world,Blink_Detection,Blink_Detection,loop,30,0.008930421123902002,0.004764832187015657,0.0035139964893460274,0.01801492180675268,0.017551495693624016,88.95475319198643,861578.121237284,861579.12547582
world,Blink_Detection,Blink_Detection,loop,30,0.00830232941855987,0.004980199326942799,0.0028170179575681686,0.017057987861335278,0.016926543321460485,86.54547062469646,861579.12547582,861580.131652798
world,Blink_Detection,Blink_Detection,loop,30,0.0067333341576159,0.003746718445093983,0.003571971319615841,0.01626601442694664,0.015296257333829994,90.31696389817323,861580.131652798,861581.143949502
world,Blink_Detection,Blink_Detection,loop,30,0.008668133523315191,0.005202488499653531,0.0029939692467451096,0.018511083908379078,0.01690854551270604,89.91896432902043,861581.143949502,861582.160387988
world,Blink_Detection,Blink_Detection,loop,31,0.009198075971536098,0.005291182418290543,0.003168010152876377,0.020718900486826897,0.01825694926083088,87.88941826130593,861582.160387988,861583.183284564
world,Blink_Detection,Blink_Detection,loop,30,0.008299271576106548,0.004864981821580327,0.0031640520319342613,0.018261955119669437,0.017159583512693644,88.75441489120324,861583.183284564,861584.204159917
world,Blink_Detection,Blink_Detection,loop,30,0.009042525198310614,0.004942180566577298,0.0038279686123132706,0.017993967048823833,0.017182866577059027,90.38935153512284,861584.204159917,861585.227852298
world,Blink_Detection,Blink_Detection,loop,31,0.008820195592218829,0.006281015013034354,0.0030349474400281906,0.0345190055668354,0.015591969713568687,88.39555784323883,861585.227852298,861586.236251076
world,Blink_Detection,Blink_Detection,loop,30,0.008199197084953388,0.005012477619812788,0.00306498259305954,0.018749968148767948,0.017046701395884156,86.34610830728586,861586.236251076,861587.244981089
world,Blink_Detection,Blink_Detection,loop,30,0.0102245908540984,0.005115516881189765,0.0031370436772704124,0.01806591171771288,0.01693048980087042,89.40198196020599,861587.244981089,861588.251959306
world,Blink_Detection,Blink_Detection,loop,31,0.007687061424216916,0.004478268820300222,0.003147055394947529,0.01884601078927517,0.017094018403440714,88.6132851648595,861588.251959306,861589.280177219
world,Blink_Detection,Blink_Detection,loop,30,0.008937995880842209,0.0065724053407338135,0.003381050191819668,0.029967050068080425,0.022120150970295054,89.15710729779676,861589.280177219,861590.288692168
world,Blink_Detection,Blink_Detection,loop,30,0.007196511918057998,0.004438358304588246,0.0027850037440657616,0.016791047528386116,0.016407377552241087,89.14514017136146,861590.288692168,861591.299563323
world,Blink_Detection,Blink_Detection,loop,31,0.007765743160440076,0.005007977768559087,0.0033950200304389,0.017413985915482044,0.017281039617955685,89.10566376852653,861591.299563323,861592.332885783
world,Blink_Detection,Blink_Detection,loop,30,0.008312197557340065,0.004649854480562398,0.0029959483072161674,0.017722020857036114,0.01725538750179112,87.95285260227199,861592.332885783,861593.340688818
world,Blink_Detection,Blink_Detection,loop,30,0.007883571864416202,0.004324122016576758,0.003156019374728203,0.016401056200265884,0.015798484673723575,88.74789712717757,861593.340688818,861594.346589532
world,Blink_Detection,Blink_Detection,loop,31,0.010880435095919717,0.008387830986333954,0.00335590448230505,0.04853704012930393,0.01718208659440279,88.91052303970942,861594.346589532,861595.381820335
world,Blink_Detection,Blink_Detection,loop,30,0.009010573072979847,0.00502280943532022,0.003471970558166504,0.018830993212759495,0.016559904906898733,88.8627056692106,861595.381820335,861596.402039562
world,Blink_Detection,Blink_Detection,loop,31,0.009361571902709623,0.0053173969948760195,0.0033070100471377373,0.023938948288559914,0.018637452740222216,92.34223044627616,861596.402039562,861597.432239582
world,Blink_Detection,Blink_Detection,loop,30,0.00927929456035296,0.004785652503508579,0.003335997462272644,0.018472899682819843,0.017029116861522198,88.13060595809172,861597.432239582,861598.434256582
world,Recorder,Recorder,loop,30,0.005337157441924016,0.013701135490157267,0.0009640352800488472,0.07860397454351187,0.006297673098742962,87.02053307400395,861547.739037222,861548.746530433
world,Recorder,Recorder,loop,31,0.004258802941729946,0.008424828595354974,0.001174979843199253,0.049622030928730965,0.005775480531156063,87.64454612748757,861548.746530433,861549.789170914
world,Recorder,Recorder,loop,31,0.004881489721517409,0.013622158394880193,0.0010830117389559746,0.07913389708846807,0.005893933121114969,83.88996460745412,861549.789170914,861550.820525526
world,Recorder,Recorder,loop,30,0.005688359184811513,0.01291707785310895,0.0010849907994270325,0.07452396675944328,0.006577448220923543,88.12414020455132,861550.820525526,861551.824739961
world,Recorder,Recorder,loop,30,0.0039004720747470856,0.007142860207270245,0.0010679941624403,0.04149798769503832,0.005383539246395229,86.90705893095583,861551.824739961,861552.827873436
world,Recorder,Recorder,loop,31,0.0037453775744765035,0.006750259780827263,0.0012239906936883926,0.039880978874862194,0.005769485142081976,83.0393691975323,861552.827873436,861553.866682512
world,Recorder,Recorder,loop,29,0.0038035535093011528,0.005891642297683045,0.0010760268196463585,0.03416603431105614,0.005897600203752518,91.93975451113334,861553.866682512,861554.906508851
world,Recorder,Recorder,loop,30,0.005297983686129252,0.013474607448573317,0.0011440133675932884,0.0772819621488452,0.006534747080877422,89.38962715910748,861554.906508851,861555.922199763
world,Recorder,Recorder,loop,31,0.005376990884542465,0.013698868986975275,0.001159030944108963,0.07993797771632671,0.006077578291296959,84.37324210160202,861555.922199763,861556.965773864
world,Recorder,Recorder,loop,31,0.005617099363477,0.01452088540278849,0.001300009898841381,0.08468702435493469,0.00591157004237175,87.3209977439875,861556.965773864,861557.984072938
world,Recorder,Recorder,loop,30,0.005737436003983021,0.013181623354157165,0.0011730007827281952,0.07597007788717747,0.006750778993591665,87.55234593603139,861557.984072938,861558.998329604
world,Recorder,Recorder,loop,30,0.004944659303873777,0.008020507921370225,0.0010690419003367424,0.04711293149739504,0.006235577166080474,85.29011632005374,861558.998329604,861560.003070297
world,Recorder,Recorder,loop,30,0.006021520433326562,0.01508393694237618,0.0011709053069353104,0.08675898425281048,0.006250367732718585,90.30013853528847,861560.003070297,861561.006603335
world,Recorder,Recorder,loop,30,0.005450809840112925,0.014541849438590505,0.001234002411365509,0.0833709491416812,0.005794037133455276,87.15964324073866,861561.006603335,861562.010431659
world,Recorder,Recorder,loop,30,0.004096193394313256,0.0042149112675386865,0.0009299255907535553,0.024963985197246075,0.006510887760668993,85.18622619643186,861562.010431659,861563.015603942
world,Recorder,Recorder,loop,30,0.004371395334601402,0.006282234765892923,0.0011299271136522293,0.037115998566150665,0.006083387415856123,87.03554500049601,861563.015603942,861564.022920448
world,Recorder,Recorder,loop,30,0.004867584599802892,0.007905685771802866,0.0012670643627643585,0.046462053433060646,0.006074964767321944,89.26691252660628,861564.022920448,861565.030718159
world,Recorder,Recorder,loop,30,0.005282791486630837,0.013152952258474963,0.0010319054126739502,0.0756309600546956,0.006533670239150522,79.98786591924727,861565.030718159,861566.05383745
world,Recorder,Recorder,loop,30,0.004130939487367868,0.006860540863796085,0.0013130484148859978,0.04013103898614645,0.00647033448331058,76.16792398039252,861566.05383745,861567.060531358
world,Recorder,Recorder,loop,30,0.0043148368907471495,0.0056128821872123225,0.0011150259524583817,0.029440969228744507,0.012828636681660977,75.99784805594633,861567.060531358,861568.064280267
world,Recorder,Recorder,loop,30,0.0044441199861466885,0.005497154211180615,0.0011629890650510788,0.03252399619668722,0.0063530285842716685,76.39430252990375,861568.064280267,861569.068404592
world,Recorder,Recorder,loop,30,0.005488765115539233,0.006570817117940715,0.0013440148904919624,0.02921605482697487,0.01918660709634417,76.38072830547269,861569.068404592,861570.076301539
world,Recorder,Recorder,loop,30,0.004264138018091519,0.005172868333214512,0.0013039680197834969,0.03066298086196184,0.006242730887606738,76.30104665877298,861570.076301539,861571.080724442
world,Recorder,Recorder,loop,30,0.005023002934952577,0.006442852963275265,0.0014069955796003342,0.03867002669721842,0.006200454663485288,76.48256103663395,861571.080724442,861572.085159973
world,Recorder,Recorder,loop,30,0.0039543646077315016,0.005027304005847927,0.0013279495760798454,0.02999498974531889,0.006193737499415873,76.36491520097479,861572.085159973,861573.093186748
world,Recorder,Recorder,loop,30,0.004282240600635608,0.003974432885703084,0.0012560049071907997,0.02390902955085039,0.0064508465584367505,76.60239403291295,861573.093186748,861574.096581176
world,Recorder,Recorder,loop,30,0.004472897853702307,0.005089845376113415,0.001118052750825882,0.030242023058235645,0.006122508784756064,76.3958841872712,861574.096581176,861575.100660058
world,Recorder,Recorder,loop,30,0.004501745570451021,0.005919885650810538,0.0011189840734004974,0.035303994081914425,0.0063394312746822825,76.58053861620526,861575.100660058,861576.105075162
world,Recorder,Recorder,loop,26,0.00552341897183886,0.01101662135070768,0.0013189855962991714,0.05991500802338123,0.006869813660159707,81.4587810040953,861576.105075162,861577.115998334
world,Recorder,Recorder,loop,30,0.0042257714085280895,0.004006096659509245,0.0011309748515486717,0.023468048311769962,0.006161391502246261,85.27854835459341,861577.115998334,861578.121353112
world,Recorder,Recorder,loop,30,0.004319574994345506,0.004864985242022569,0.0011569354683160782,0.02874806523323059,0.006989319808781147,88.97158003334577,861578.121353112,861579.125672562
world,Recorder,Recorder,loop,30,0.0036881111251811185,0.004097123579051097,0.0010790536180138588,0.023678992874920368,0.006339320680126546,86.55861119429271,861579.125672562,861580.131784996
world,Recorder,Recorder,loop,30,0.004487841700514157,0.01106845716410997,0.0013509998098015785,0.06374705117195845,0.005778338527306913,90.3406076443692,861580.131784996,861581.144451431
world,Recorder,Recorder,loop,30,0.005432800389826298,0.013084254998892457,0.0010540243238210678,0.0752350315451622,0.006710458546876906,89.9469001412702,861581.144451431,861582.160958866
world,Recorder,Recorder,loop,31,0.005807393350668492,0.015258958585186194,0.0011480879038572311,0.08894503116607666,0.006243004463613033,87.92252803311473,861582.160958866,861583.184031971
world,Recorder,Recorder,loop,30,0.005270063411444426,0.01272091984702901,0.0010059447959065437,0.07324595935642719,0.0060808262787759295,88.7856540037319,861583.184031971,861584.204817171
world,Recorder,Recorder,loop,30,0.004461958693961303,0.006914984326187932,0.0013780081644654274,0.04036398604512215,0.006885704351589084,90.41059090911101,861584.204817171,861585.228205242
world,Recorder,Recorder,loop,31,0.005202033677168431,0.012422453322524766,0.0012259697541594505,0.07275596726685762,0.005359528586268425,88.42187123222938,861585.228205242,861586.236805914
world,Recorder,Recorder,loop,30,0.005342660006135702,0.014067043057622177,0.0009729992598295212,0.08061609696596861,0.006121158367022871,86.37785230142374,861586.236805914,861587.245689991
world,Recorder,Recorder,loop,30,0.006787700112909079,0.014341146908847318,0.0010950025171041489,0.08114904630929232,0.01537193893454964,89.4365642995884,861587.245689991,861588.252651534
world,Recorder,Recorder,loop,31,0.0035933316535046024,0.0047599980538538655,0.0010509975254535675,0.028005102649331093,0.007094524335116148,88.62668460971045,861588.252651534,861589.280333796
world,Recorder,Recorder,loop,30,0.0037817012829085193,0.004472088720965178,0.0013069948181509972,0.026071909815073013,0.0071858114097267355,89.17202883943294,861589.280333796,861590.288875002
world,Recorder,Recorder,loop,30,0.003549340181052685,0.004863298571477423,0.0011830125004053116,0.02823304384946823,0.00642958329990506,89.15703019592911,861590.288875002,861591.299690763
world,Recorder,Recorder,loop,31,0.0037818681448698044,0.005185788047363521,0.001050066202878952,0.030481955036520958,0.006232468876987696,89.11882490745836,861591.299690763,861592.333036867
world,Recorder,Recorder,loop,30,0.0039987654114762945,0.004448013930014671,0.0009729992598295212,0.02625200431793928,0.006391835631802678,87.96670010391001,861592.333036867,861593.340831786
world,Recorder,Recorder,loop,30,0.0035902291225890317,0.003560410699924804,0.0013120006769895554,0.020883046090602875,0.005959568079560994,88.75933579013993,861593.340831786,861594.346683974
world,Recorder,Recorder,loop,31,0.004365627143171525,0.005448803886513276,0.001201988197863102,0.032749027013778687,0.00623002415522933,88.92812387221643,861594.346683974,861595.382059323
world,Recorder,Recorder,loop,30,0.0054434446307520075,0.01329593563320462,0.0011989613994956017,0.07639697287231684,0.006588915130123496,88.89001996722072,861595.382059323,861596.402582693
world,Recorder,Recorder,loop,31,0.004111364814302613,0.003995201542895293,0.001109088771045208,0.024027074687182903,0.006521993782371283,92.3583137412225,861596.402582693,861597.432430444
world,Recorder,Recorder,loop,30,0.0056592087882260484,0.0124574738406475,0.001008971594274044,0.07216690573841333,0.006376439705491065,88.1916807925639,861597.432430444,861598.435718227
eye1,Roi,Roi,loop,119,0.005170290100098658,0.003610351646087677,0.002295011654496193,0.029771937988698483,0.012450048234313726,16.655965075248993,861551.051276552,861552.059325755
eye1,Roi,Roi,loop,125,0.005402511917054653,0.003069369255924404,0.0023690517991781235,0.024881097488105297,0.011371588334441185,16.391724950633943,861552.059325755,861553.067252847
eye1,Roi,Roi,loop,124,0.005072109483843369,0.0030868749997761853,0.0027640489861369133,0.028470996767282486,0.010988517897203561,16.370318470440143,861553.067252847,861554.067615737
eye1,Roi,Roi,loop,124,0.006812216240852591,0.004654416581523914,0.0023150350898504257,0.027345959097146988,0.015030812937766312,16.501742572854123,861554.067615737,861555.068024123
eye1,Roi,Roi,loop,125,0.006591048091650009,0.0051365602434437765,0.002254033461213112,0.037803081795573235,0.014239409938454626,16.603426029905677,861555.068024123,861556.075382255
eye1,Roi,Roi,loop,124,0.005728959466420835,0.0035118882013583917,0.0026830239221453667,0.02646702341735363,0.013341568410396576,16.473126395853356,861556.075382255,861557.075523002
eye1,Roi,Roi,loop,124,0.00633434354958515,0.00433028457317147,0.0023030443117022514,0.038158963434398174,0.01322369207628071,16.796824776740262,861557.075523002,861558.079867995
eye1,Roi,Roi,loop,125,0.005924138240516186,0.003797769135654456,0.002461019903421402,0.023043015971779823,0.013900222256779669,16.7378634493798,861558.079867995,861559.087613575
eye1,Roi,Roi,loop,124,0.006692654888836607,0.0037274977833540775,0.002335989847779274,0.01546996645629406,0.013506953837350011,16.850440466265766,861559.087613575,861560.088034643
eye1,Roi,Roi,loop,125,0.006547127850353718,0.003896503206078102,0.0024030450731515884,0.01889502163976431,0.01338187139481306,16.8005843879655,861560.088034643,861561.09567803
eye1,Roi,Roi,loop,124,0.005728905952926125,0.003315144454296845,0.0023760367184877396,0.018215039744973183,0.01251909416168928,16.756370645805053,861561.09567803,861562.095929912
eye1,Roi,Roi,loop,125,0.005509242415428162,0.003196264471572099,0.002562999725341797,0.015825964510440826,0.01314554829150438,16.721540240570903,861562.095929912,861563.103665825
eye1,Roi,Roi,loop,124,0.005820240344732038,0.0033032015940427104,0.0027299392968416214,0.017842045053839684,0.012737861834466454,16.843109419794693,861563.103665825,861564.108106645
eye1,Roi,Roi,loop,124,0.00697671296826053,0.004123295141064034,0.002520042471587658,0.018739956431090832,0.014227430801838635,17.24443622515537,861564.108106645,861565.110302986
eye1,Roi,Roi,loop,112,0.006471960140126092,0.003608738932655578,0.00246602576225996,0.016625039279460907,0.013230170588940379,17.47189387450427,861565.110302986,861566.115962212
eye1,Roi,Roi,loop,122,0.0056960995950293344,0.003408587266127624,0.0023508910089731216,0.017000013031065464,0.013373617548495528,17.071090056560934,861566.115962212,861567.123905988
eye1,Roi,Roi,loop,124,0.0056205871289656045,0.0030897468990227304,0.002325046807527542,0.016851932741701603,0.01253607915714383,16.9995722479202,861567.123905988,861568.124073755
eye1,Roi,Roi,loop,125,0.00572945736348629,0.003174863141315351,0.002440996468067169,0.019390019588172436,0.01285236794501543,17.064848479814827,861568.124073755,861569.13194024
eye1,Roi,Roi,loop,124,0.006401470126283746,0.003731404879207295,0.002508983016014099,0.01661200076341629,0.01465201494283974,17.054014499374336,861569.13194024,861570.132365674
eye1,Roi,Roi,loop,123,0.008422235874989168,0.026854788202842025,0.0022730091586709023,0.3029588842764497,0.012948422227054833,17.330001555080337,861570.132365674,861571.134719874
eye1,Roi,Roi,loop,125,0.006298438645899296,0.0034902488521537534,0.0027070054784417152,0.01868908293545246,0.013457168824970722,17.420458799228072,861571.134719874,861572.136354346
eye1,Roi,Roi,loop,125,0.005857222713530064,0.003096196110363989,0.002884073182940483,0.014511984772980213,0.013443059287965298,17.322513897903264,861572.136354346,861573.144203604
eye1,Roi,Roi,loop,124,0.007003752304421317,0.0037657031166144564,0.002245069481432438,0.016861013136804104,0.01423172652721405,17.411543722001596,861573.144203604,861574.144809653
eye1,Roi,Roi,loop,124,0.006595939104895919,0.003869627471979469,0.0022919848561286926,0.017859041690826416,0.014156592078506947,17.48048269467789,861574.144809653,861575.144871908
eye1,Roi,Roi,loop,125,0.006114150397479534,0.003950019760689159,0.0021489104256033897,0.02503895666450262,0.0136261573061347,17.500298760831356,861575.144871908,861576.152219789
eye1,Roi,Roi,loop,116,0.005396193391161746,0.0033066330273770427,0.00218802597373724,0.01643993891775608,0.013595214113593102,17.422101539680092,861576.152219789,861577.160309415
eye1,Roi,Roi,loop,124,0.005355754476641455,0.0033891281404320327,0.002326909452676773,0.023608095943927765,0.01278144773095846,17.51043985789311,861577.160309415,861578.164979869
eye1,Roi,Roi,loop,125,0.006425018422305584,0.0035987911753513797,0.0024939654394984245,0.01661805436015129,0.013568392023444174,17.643550535663962,861578.164979869,861579.172919943
eye1,Roi,Roi,loop,125,0.006206856109201908,0.004478471921706391,0.002388027496635914,0.03277196083217859,0.013503828085958956,17.64710605610162,861579.172919943,861580.180389768
eye1,Roi,Roi,loop,119,0.004778583847111514,0.00256674074527356,0.0021259766072034836,0.020370003767311573,0.009811006020754572,17.836204017786418,861580.180389768,861581.181069547
eye1,Roi,Roi,loop,122,0.005873225507189016,0.004004151219395408,0.002401997335255146,0.030918046832084656,0.013613217743113634,17.68387698369925,861581.181069547,861582.188401036
eye1,Roi,Roi,loop,124,0.005816551668929958,0.0034625955071864055,0.0025740591809153557,0.016661942936480045,0.013327447231858969,17.653947084909305,861582.188401036,861583.188535228
eye1,Roi,Roi,loop,124,0.006206035088267057,0.0035924930304636576,0.0022370368242263794,0.016601989045739174,0.013623101403936744,17.67961503074114,861583.188535228,861584.189196177
eye1,Roi,Roi,loop,124,0.006521215489614875,0.0043576125530071265,0.0026390189304947853,0.03555300645530224,0.014230288797989486,17.891355718846523,861584.189196177,861585.19318441
eye1,Roi,Roi,loop,125,0.006088761612772942,0.003983066233535661,0.002347049303352833,0.02325396053493023,0.014109793119132519,17.91316881775856,861585.19318441,861586.201024142
eye1,Roi,Roi,loop,125,0.00569493230432272,0.0034269459914150657,0.0025050248950719833,0.0190989812836051,0.013507972471415997,17.888196325860918,861586.201024142,861587.209182998
eye1,Roi,Roi,loop,125,0.00652613490819931,0.0036793014162390947,0.0028259819373488426,0.018224003724753857,0.013287062756717205,18.04707408696413,861587.209182998,861588.216662
eye1,Roi,Roi,loop,124,0.006147711950865003,0.00376787356502445,0.002503977157175541,0.020505045540630817,0.013620912795886396,17.917333606390223,861588.216662,861589.216788542
eye1,Roi,Roi,loop,125,0.006407285109162331,0.004335784271589626,0.002488028258085251,0.0315000070258975,0.014015333727002144,17.998269977979362,861589.216788542,861590.22480794
eye1,Roi,Roi,loop,124,0.006122601917013526,0.003470416189811363,0.0027279602363705635,0.021240091882646084,0.013262359425425528,18.012652737877122,861590.22480794,861591.229173565
eye1,Roi,Roi,loop,125,0.006332775577902794,0.003518439195170846,0.0022531021386384964,0.014827004633843899,0.013820594176650047,18.28704064898193,861591.229173565,861592.236818399
eye1,Roi,Roi,loop,124,0.006051231814067691,0.0035282047032057563,0.0025180634111166,0.018642982468008995,0.013393256813287733,18.222362617962062,861592.236818399,861593.237152111
eye1,Roi,Roi,loop,125,0.0059421611949801445,0.0034440553101107497,0.0025259796530008316,0.01627393066883087,0.012971065007150173,18.276455405168235,861593.237152111,861594.245142924
eye1,Roi,Roi,loop,125,0.00648746732622385,0.0036207206836943798,0.00239501241594553,0.02028699964284897,0.013551954180002213,18.291738647967577,861594.245142924,861595.253014128
eye1,Roi,Roi,loop,124,0.00642314872464105,0.0035657739030301376,0.0025139888748526573,0.01609395258128643,0.013638369273394346,18.2697580772407,861595.253014128,861596.253059956
eye1,Roi,Roi,loop,120,0.007312176361059149,0.003935713654446871,0.002619926817715168,0.01755310222506523,0.013770489022135735,18.59544289278953,861596.253059956,861597.25319764
eye1,Roi,Roi,loop,124,0.006263440046759863,0.003413915542682477,0.0024710316210985184,0.01617602538317442,0.0132149551063776,18.36746060214336,861597.25319764,861598.257138019
eye1,Roi,Roi,loop,124,0.005646049225282284,0.0029117542027863397,0.0023959437385201454,0.015982077457010746,0.011503847781568764,18.476706901339874,861598.257138019,861599.257202707
eye1,Roi,Roi,loop,124,0.005671784522071961,0.004981514462432691,0.002349959686398506,0.04701805301010609,0.01308456412516534,18.450648008447683,861599.257202707,861600.257301578
eye1,Roi,Roi,loop,125,0.0060515450313687325,0.0033564865717594073,0.0022229505702853203,0.016516074538230896,0.013082474470138548,18.52481417916715,861600.257301578,861601.26519731
eye1,nnUNetDetector2DPlugin,2dcpp,loop,118,1.451445734562447,0.6519461009020061,0.7211569463834167,3.923151991330087,2.8418940433766666,18.093056220095605,861551.084496387,861552.084788669
eye1,nnUNetDetector2DPlugin,2dcpp,loop,124,1.523989662077398,0.629763790476843,0.7395719876512885,3.678137087263167,3.068252000957726,17.908577223293364,861552.084788669,861553.084899993
eye1,nnUNetDetector2DPlugin,2dcpp,loop,125,1.6000560633838177,0.7274446630940107,0.8399940561503172,5.431621102616191,3.0415525892749424,17.968075098469853,861553.084899993,861554.09235188
eye1,nnUNetDetector2DPlugin,2dcpp,loop,124,2.0658639006151427,1.2297859385607082,0.7197289960458875,6.447540014050901,4.176246910355985,18.57028202240115,861554.09235188,861555.092445623
eye1,nnUNetDetector2DPlugin,2dcpp,loop,124,2.1534442503546036,1.3938565171773418,0.7309099892154336,7.413216982968152,4.654207528801634,18.76462994879412,861555.092445623,861556.092731359
eye1,nnUNetDetector2DPlugin,2dcpp,loop,124,1.8600464766589744,0.9097077792147309,0.8214139379560947,5.344871082343161,3.9748339913785444,18.367458860607698,861556.092731359,861557.096846754
eye1,nnUNetDetector2DPlugin,2dcpp,loop,125,1.797023038379848,0.9698221644858295,0.7454530568793416,7.03244807664305,3.9066575700417157,18.637733798474073,861557.096846754,861558.105158821
eye1,nnUNetDetector2DPlugin,2dcpp,loop,124,1.7052907656292402,0.7834865853965973,0.7795270066708326,4.163525998592377,3.4644707804545747,18.444420228103898,861558.105158821,861559.105665664
eye1,nnUNetDetector2DPlugin,2dcpp,loop,125,1.9698468632996082,1.0075350325641421,0.7426609518006444,4.5277009485289454,4.129902203567326,18.819527602754533,861559.105665664,861560.11242734
eye1,nnUNetDetector2DPlugin,2dcpp,loop,124,1.889652611064394,0.9128117937929124,0.7915030000731349,5.021556047722697,3.8633711403235793,18.696163663633108,861560.11242734,861561.114110926
eye1,nnUNetDetector2DPlugin,2dcpp,loop,125,1.605613929219544,0.7610056138738016,0.7159309461712837,4.191171028651297,3.4600820392370224,18.350347431376576,861561.114110926,861562.120691654
eye1,nnUNetDetector2DPlugin,2dcpp,loop,124,1.6813663251307462,0.7912957539948633,0.6993759889155626,4.732378991320729,3.239942027721554,18.410598390713155,861562.120691654,861563.122564455
eye1,nnUNetDetector2DPlugin,2dcpp,loop,124,1.8350418183892485,1.0854418158799046,0.6382099818438292,7.382813026197255,3.8773283129557963,18.746766744316705,861563.122564455,861564.124334645
eye1,nnUNetDetector2DPlugin,2dcpp,loop,124,2.4750332851263304,1.6223585900514341,0.7626849692314863,9.82998008839786,5.175576556939631,19.7394868582412,861564.124334645,861565.128143403
eye1,nnUNetDetector2DPlugin,2dcpp,loop,112,1.7656758573139086,0.8617118175107036,0.8139179553836584,4.55061998218298,3.7234530900605,19.2215993904808,861565.128143403,861566.133046382
eye1,nnUNetDetector2DPlugin,2dcpp,loop,122,1.6293898673315883,0.6916243703851915,0.7608369924128056,4.061233019456267,3.187464951770377,18.700821221172504,861566.133046382,861567.141342562
eye1,nnUNetDetector2DPlugin,2dcpp,loop,125,1.5974066024646163,0.6280738509866801,0.7423399947583675,3.77201905939728,2.950450242497027,18.592625609599054,861567.141342562,861568.14960178
eye1,nnUNetDetector2DPlugin,2dcpp,loop,124,1.698336098343134,0.8020095484443377,0.7444450166076422,4.576606093905866,3.4073658112902185,18.771346515765593,861568.14960178,861569.150136324
eye1,nnUNetDetector2DPlugin,2dcpp,loop,125,1.6649519121274352,0.7413689386255106,0.7345450576394796,4.654302028939128,3.278928366489708,18.70562265906483,861569.150136324,861570.156875247
eye1,nnUNetDetector2DPlugin,2dcpp,loop,124,1.7690362433166873,0.9263067004219492,0.6409650668501854,6.479904986917973,3.678157622925937,19.247603654343216,861570.156875247,861571.160930267
eye1,nnUNetDetector2DPlugin,2dcpp,loop,124,1.8111613631669072,0.8815725030970011,0.8031580364331603,4.78329393081367,3.648803004762158,19.181592752330847,861571.160930267,861572.16123037
eye1,nnUNetDetector2DPlugin,2dcpp,loop,124,1.7428838651657346,0.7789395113534033,0.8065130095928907,4.974820069037378,3.430375340394675,19.065139879051955,861572.16123037,861573.162734755
eye1,nnUNetDetector2DPlugin,2dcpp,loop,125,1.9420316806063056,0.9673201155228204,0.780188012868166,4.80433099437505,4.007796454243361,19.374134206213057,861573.162734755,861574.169442691
eye1,nnUNetDetector2DPlugin,2dcpp,loop,124,1.93497201525456,0.9988729052071026,0.6586939562112093,5.658895010128617,3.929877578048035,19.4223232524124,861574.169442691,861575.173493547
eye1,nnUNetDetector2DPlugin,2dcpp,loop,125,1.673759956844151,1.0076427887671213,0.7933789165690541,7.107465993613005,3.4362433943897477,19.140849040821195,861575.173493547,861576.176974301
eye1,nnUNetDetector2DPlugin,2dcpp,loop,115,1.526437129865846,0.8499622780615088,0.6707599386572838,4.22095600515604,3.4760290989652276,18.965433803184524,861576.176974301,861577.177921303
eye1,nnUNetDetector2DPlugin,2dcpp,loop,124,1.5209839902743096,0.741385843430022,0.7369350641965866,4.173459950834513,3.275660279905423,19.10972124483857,861577.177921303,861578.183125654
eye1,nnUNetDetector2DPlugin,2dcpp,loop,124,1.7901522355274326,0.8714653459196819,0.7158860098570585,4.2529740603640676,3.805261931847779,19.4699511048384,861578.183125654,861579.189464402
eye1,nnUNetDetector2DPlugin,2dcpp,loop,125,1.7392125995829701,0.9320312336053885,0.7605409482493997,5.533309071324766,3.8752533728256817,19.343812414444983,861579.189464402,861580.190162871
eye1,nnUNetDetector2DPlugin,2dcpp,loop,119,1.3485726334952883,0.4334186215654671,0.7314559770748019,3.584219957701862,2.157841378357261,19.196173806181726,861580.190162871,861581.192640552
eye1,nnUNetDetector2DPlugin,2dcpp,loop,122,1.6177698433567145,0.8271498461549575,0.7296670228242874,4.179958021268249,3.618410183116792,19.300085595488305,861581.192640552,861582.197316258
eye1,nnUNetDetector2DPlugin,2dcpp,loop,124,1.8091229243098848,0.9663763770094685,0.6938369479030371,5.895399022847414,3.875429276376962,19.47010235556762,861582.197316258,861583.198532185
eye1,nnUNetDetector2DPlugin,2dcpp,loop,124,1.8195277746511442,0.8797067688268848,0.7983050309121609,4.164287005551159,3.761432989267632,19.51270652916132,861583.198532185,861584.200683356
eye1,nnUNetDetector2DPlugin,2dcpp,loop,124,1.8194161220303466,0.8434311036242095,0.7186230504885316,4.401868092827499,3.5034682136029,19.752559398541287,861584.200683356,861585.205601153
eye1,nnUNetDetector2DPlugin,2dcpp,loop,125,1.6566075859591365,0.8764590383796967,0.7559360237792134,5.760920932516456,3.3407783834263682,19.571344578638673,861585.205601153,861586.209921487
eye1,nnUNetDetector2DPlugin,2dcpp,loop,124,1.6999368794307472,0.8304833618543555,0.7244730368256569,4.3029580265283585,3.691053035436197,19.596880268035157,861586.209921487,861587.211015919
eye1,nnUNetDetector2DPlugin,2dcpp,loop,125,1.96951874345541,1.0379540813276582,0.8230630774050951,5.332623026333749,4.065793217159808,20.027369886636734,861587.211015919,861588.217937954
eye1,nnUNetDetector2DPlugin,2dcpp,loop,124,1.7377772713981328,0.8745949707953484,0.7559910882264376,4.8627801006659865,3.8021382642909876,19.665119000672995,861588.217937954,861589.218235485
eye1,nnUNetDetector2DPlugin,2dcpp,loop,125,1.8783174073323607,0.9353931783268883,0.7126709679141641,4.468751954846084,3.8441491546109314,19.88783718366176,861589.218235485,861590.22688413
eye1,nnUNetDetector2DPlugin,2dcpp,loop,124,1.7337069176362767,0.8534596698477047,0.7319670403376222,4.707113024778664,3.578940639272332,19.759466159983628,861590.22688413,861591.23141157
eye1,nnUNetDetector2DPlugin,2dcpp,loop,125,1.8841667659580708,1.0341842986645422,0.7966069970279932,6.6482899710536,3.9972077356651425,20.182137795723975,861591.23141157,861592.238211726
eye1,nnUNetDetector2DPlugin,2dcpp,loop,124,1.8346010662254788,0.9713929765192536,0.7282169535756111,5.436314968392253,3.7632867810316375,20.067458072932617,861592.238211726,861593.239859391
eye1,nnUNetDetector2DPlugin,2dcpp,loop,125,1.8347403090447187,1.306613181889276,0.7556789787486196,9.677817928604782,4.432403878308832,20.12185240816325,861593.239859391,861594.248833736
eye1,nnUNetDetector2DPlugin,2dcpp,loop,125,1.9457823829725385,1.1621236107101103,0.6726839346811175,6.801158073358238,4.158293595537543,20.247971842065454,861594.248833736,861595.254350986
eye1,nnUNetDetector2DPlugin,2dcpp,loop,124,1.7534876908851607,0.8081636111954966,0.7451779674738646,4.181616008281708,3.4663692873436953,20.034026651222618,861595.254350986,861596.254761774
eye1,nnUNetDetector2DPlugin,2dcpp,loop,120,2.016683458350599,1.0157475173826638,0.7657250389456749,4.2660569306463,4.096451215445995,20.624451972738218,861596.254761774,861597.254964148
eye1,nnUNetDetector2DPlugin,2dcpp,loop,124,1.7286398656471003,0.8093947990601372,0.7383200572803617,4.015651997178793,3.3344705181661993,20.10633438100828,861597.254964148,861598.258741512
eye1,nnUNetDetector2DPlugin,2dcpp,loop,125,1.6396376211196184,0.6333530676458675,0.6616599857807159,4.092265968210995,2.823777147568762,20.133867816068232,861598.258741512,861599.266623411
eye1,nnUNetDetector2DPlugin,2dcpp,loop,124,1.5547873824083758,0.7321069183005028,0.7025949889793992,4.6326289884746075,3.256087459158152,20.011838272987536,861599.266623411,861600.267012932
eye1,nnUNetDetector2DPlugin,2dcpp,loop,125,1.766543666832149,0.9031240725730002,0.768903992138803,4.928744048811495,3.578495793044567,20.300651784054935,861600.267012932,861601.274855854
eye0,Roi,Roi,loop,119,0.005319095294953895,0.003196725115710303,0.0025049084797501564,0.016461010091006756,0.012666627299040554,11.727387645133152,861551.291051917,861552.298439924
eye0,Roi,Roi,loop,125,0.005598605610430241,0.003560465185896013,0.00220397487282753,0.018749968148767948,0.013594166375696659,11.416129291057587,861552.298439924,861553.306265332
eye0,Roi,Roi,loop,124,0.0053920178493905456,0.002875670298681076,0.00254693441092968,0.015413039363920689,0.012176757445558902,11.491194680979055,861553.306265332,861554.306369964
eye0,Roi,Roi,loop,124,0.007366459260904981,0.004750049984367329,0.0023549655452370644,0.03158894833177328,0.014240870950743556,11.927171287337138,861554.306369964,861555.310788163
eye0,Roi,Roi,loop,125,0.006701251491904259,0.004345387693010572,0.0023490283638238907,0.02843595575541258,0.014592590741813183,11.82284106966108,861555.310788163,861556.318614024
eye0,Roi,Roi,loop,124,0.006114028491860916,0.0037394922737509226,0.0024239998310804367,0.02585700713098049,0.013245712034404278,11.801890856135756,861556.318614024,861557.318899624
eye0,Roi,Roi,loop,125,0.006816697306931019,0.004737075833133589,0.0021300511434674263,0.030811992473900318,0.015556835569441319,11.810785930603743,861557.318899624,861558.326590239
eye0,Roi,Roi,loop,124,0.006195999899758927,0.004330324928329185,0.0023919856175780296,0.023489934392273426,0.014645606279373169,11.7844860642142,861558.326590239,861559.326604151
eye0,Roi,Roi,loop,124,0.006818381558743215,0.003922515226927083,0.002388027496635914,0.01763098407536745,0.01430914271622896,11.822983749293451,861559.326604151,861560.326969408
eye0,Roi,Roi,loop,125,0.007144557312130928,0.004301306488003328,0.0023229513317346573,0.024962006136775017,0.014814431779086588,11.890285696834326,861560.326969408,861561.338682008
eye0,Roi,Roi,loop,124,0.00602056764276518,0.003941835901097382,0.0023690517991781235,0.019336002878844738,0.014064315473660825,12.0627359579122,861561.338682008,861562.339329167
eye0,Roi,Roi,loop,125,0.0059507666155695915,0.0035139634153363176,0.0022810418158769608,0.014549004845321178,0.013575027696788311,12.044095843099058,861562.339329167,861563.346756216
eye0,Roi,Roi,loop,125,0.006109191104769707,0.00347541385327043,0.002279062755405903,0.01625996083021164,0.012970203533768654,12.195147057063878,861563.346756216,861564.354767842
eye0,Roi,Roi,loop,116,0.007217082572330175,0.004517359446974541,0.002457061782479286,0.02488703466951847,0.014637480489909649,12.287720165753353,861564.354767842,861565.369520447
eye0,Roi,Roi,loop,124,0.008443505653450567,0.00870107578534741,0.0023639295250177383,0.08652301039546728,0.015921005979180336,12.26295820519989,861565.369520447,861566.370832024
eye0,Roi,Roi,loop,123,0.005484165858507641,0.0033099255667482577,0.0019919825717806816,0.01714599784463644,0.014044845011085265,12.120688892522358,861566.370832024,861567.371549926
eye0,Roi,Roi,loop,124,0.006474974197185328,0.0038448369063918794,0.0024440232664346695,0.017613987438380718,0.014718330930918455,12.18609293573536,861567.371549926,861568.375181064
eye0,Roi,Roi,loop,125,0.007173564285039902,0.006426366048723198,0.002205953933298588,0.06226007826626301,0.014477153308689594,12.469160472974181,861568.375181064,861569.382936555
eye0,Roi,Roi,loop,124,0.006583481726627196,0.003786513824402623,0.0022989697754383087,0.01634994987398386,0.013861962361261249,12.357762135985878,861569.382936555,861570.383026193
eye0,Roi,Roi,loop,124,0.006874972548816473,0.004103547281767004,0.0024710316210985184,0.021148938685655594,0.014547246973961592,12.397246986379727,861570.383026193,861571.383707604
eye0,Roi,Roi,loop,125,0.00683144386857748,0.004082734388808571,0.0023850006982684135,0.018154969438910484,0.014528399333357811,12.391560656018555,861571.383707604,861572.390965524
eye0,Roi,Roi,loop,124,0.006715097697451711,0.0037795340454473227,0.0025009503588080406,0.015508034266531467,0.014079257380217314,12.405800051055849,861572.390965524,861573.391782652
eye0,Roi,Roi,loop,125,0.007538594305515289,0.004408873128002528,0.0021980376914143562,0.0233860919252038,0.015542400069534779,12.48841636814177,861573.391782652,861574.399162253
eye0,Roi,Roi,loop,124,0.00657028736426465,0.004268068928872821,0.002254033461213112,0.020511099137365818,0.014947750605642794,12.605734913977944,861574.399162253,861575.404413896
eye0,Roi,Roi,loop,125,0.006135524250566959,0.0037795299206253075,0.00244705006480217,0.017125043086707592,0.014300947077572346,12.64888867456466,861575.404413896,861576.411251498
eye0,Roi,Roi,loop,115,0.006431950580166734,0.005101897484196808,0.0018640421330928802,0.03171502612531185,0.01522088423371315,12.807928008513283,861576.411251498,861577.41139156
eye0,Roi,Roi,loop,125,0.005856742151081562,0.0035743227356399235,0.002337968908250332,0.017907004803419113,0.013030203990638256,12.615795469842851,861577.41139156,861578.419410885
eye0,Roi,Roi,loop,125,0.007396341301500797,0.006611021337074737,0.002288026735186577,0.05554594099521637,0.01496260520070791,12.71087756473571,861578.419410885,861579.427400437
eye0,Roi,Roi,loop,120,0.00576246917868654,0.003655438037095714,0.0022869789972901344,0.016913050785660744,0.013974885223433375,12.713683807911972,861579.427400437,861580.435494976
eye0,Roi,Roi,loop,124,0.0055022922629911096,0.0032186061841268485,0.002368004061281681,0.015223049558699131,0.013541663065552711,12.593851571211651,861580.435494976,861581.435511034
eye0,Roi,Roi,loop,120,0.006435116908202569,0.0039579729863684875,0.0024639302864670753,0.018059974536299706,0.014313380233943462,12.952421032241546,861581.435511034,861582.43948097
eye0,Roi,Roi,loop,124,0.005566585440969755,0.0031973060344726184,0.0023080501705408096,0.016698031686246395,0.013688293984159825,12.852158808645102,861582.43948097,861583.439694561
eye0,Roi,Roi,loop,124,0.007100253095549922,0.004183205470762153,0.002179061993956566,0.021822983399033546,0.013969314750283957,13.121790876011215,861583.439694561,861584.440283254
eye0,Roi,Roi,loop,125,0.006198447197675705,0.003879635004811668,0.0024120090529322624,0.01876894384622574,0.014408351853489876,12.95392236392945,861584.440283254,861585.447543328
eye0,Roi,Roi,loop,124,0.006102823517135074,0.004241955314975681,0.002237968146800995,0.02581905573606491,0.013852538540959356,12.897230759863891,861585.447543328,861586.447637782
eye0,Roi,Roi,loop,124,0.006085313338365766,0.0037100484015750988,0.0024440232664346695,0.015015946701169014,0.013460853369906545,12.908841303977814,861586.447637782,861587.447657585
eye0,Roi,Roi,loop,124,0.006990047216775918,0.004100372275414286,0.002190936356782913,0.020739040337502956,0.013921270146965979,13.003184262009698,861587.447657585,861588.447716686
eye0,Roi,Roi,loop,124,0.006153973029746163,0.0039301287901960715,0.002326909452676773,0.017145066522061825,0.014969415497034788,13.210212888811986,861588.447716686,861589.451689648
eye0,Roi,Roi,loop,124,0.006469477328561967,0.003863351959867843,0.0023960601538419724,0.017120037227869034,0.013646349543705583,13.236624268522005,861589.451689648,861590.452213785
eye0,Roi,Roi,loop,125,0.006319430656731129,0.004084933390024019,0.002293032594025135,0.020915991626679897,0.014127162285149096,13.23247014079243,861590.452213785,861591.460409943
eye0,Roi,Roi,loop,125,0.007194277830421925,0.004033999035580719,0.0023939646780490875,0.016798032447695732,0.014046183787286282,13.304074686951935,861591.460409943,861592.467916899
eye0,Roi,Roi,loop,124,0.006069281821950308,0.0035171636314276084,0.0023239990696310997,0.016805017367005348,0.012987706577405334,13.201021799637426,861592.467916899,861593.46797713
eye0,Roi,Roi,loop,125,0.006237642839550972,0.003680821264050962,0.0020560109987854958,0.015187077224254608,0.013769883662462233,13.245859573595226,861593.46797713,861594.476380899
eye0,Roi,Roi,loop,124,0.0073445628532358715,0.0041857993285105205,0.0021579908207058907,0.020024017430841923,0.014348357217386363,13.351159844352233,861594.476380899,861595.480634001
eye0,Roi,Roi,loop,123,0.007626918576112608,0.008050294162020995,0.0023959437385201454,0.08324999362230301,0.015032838564366097,13.54957760758395,861595.480634001,861596.502778455
eye0,Roi,Roi,loop,124,0.007669925839910584,0.004294907970374531,0.0022669555619359016,0.019803992472589016,0.01433234428986907,13.864717884702728,861596.502778455,861597.5042665
eye0,Roi,Roi,loop,125,0.006117675453424454,0.0033752277763054953,0.002242974005639553,0.0151399290189147,0.012631830759346485,13.519517763517797,861597.5042665,861598.512219764
eye0,Roi,Roi,loop,124,0.005977581285180584,0.0034903570829897842,0.002268003299832344,0.016767065972089767,0.013104866957291959,13.538620483520772,861598.512219764,861599.512301981
eye0,Roi,Roi,loop,124,0.006173070775525224,0.0037135714739634667,0.0024349428713321686,0.019659986719489098,0.013943901285529137,13.51962945116083,861599.512301981,861600.512909435
eye0,Roi,Roi,loop,125,0.006845259107649326,0.004076286346708867,0.0022980384528636932,0.018075923435389996,0.0142326345667243,13.560981094837189,861600.512909435,861601.520416479
eye0,nnUNetDetector2DPlugin,2dcpp,loop,119,1.4033647901730752,0.7354427822328573,0.6615470629185438,3.9231879636645317,3.1188523047603662,13.052398981643888,861551.370023845,861552.372643275
eye0,nnUNetDetector2DPlugin,2dcpp,loop,124,1.3537538555195374,0.635018452359998,0.68520603235811,3.9546070620417595,2.692821918753906,12.74763880628011,861552.372643275,861553.372744409
eye0,nnUNetDetector2DPlugin,2dcpp,loop,124,1.5021623478406259,0.845428625303555,0.654257950372994,4.088477930054069,3.246604226296767,13.220503031569082,861553.372744409,861554.377166988
eye0,nnUNetDetector2DPlugin,2dcpp,loop,125,1.8395095188170671,1.301918959166325,0.6657560588791966,8.698207908309996,4.1296616196632385,13.75591883994639,861554.377166988,861555.383253625
eye0,nnUNetDetector2DPlugin,2dcpp,loop,124,1.7483262664398118,0.9754734505828001,0.6871940568089485,4.8233570996671915,3.975912049645558,13.538533568217028,861555.383253625,861556.383356888
eye0,nnUNetDetector2DPlugin,2dcpp,loop,125,1.718103107996285,1.0477852061364499,0.6758070085197687,6.775217945687473,4.067936795763671,13.51434698048979,861556.383356888,861557.391257042
eye0,nnUNetDetector2DPlugin,2dcpp,loop,124,1.7535851596133603,0.9910545289404309,0.682146055623889,4.642689018510282,3.805900656152516,13.534502420131297,861557.391257042,861558.391548044
eye0,nnUNetDetector2DPlugin,2dcpp,loop,124,1.4569460998304309,0.6852902775416712,0.7010799599811435,3.9941651048138738,3.1251962587703015,13.206861629676554,861558.391548044,861559.391663422
eye0,nnUNetDetector2DPlugin,2dcpp,loop,124,1.8263314559590071,0.9789966532324756,0.7004500366747379,4.284757887944579,3.7735780526418234,13.62849609182787,861559.391663422,861560.3938897
eye0,nnUNetDetector2DPlugin,2dcpp,loop,124,1.7686751520922106,0.916450758778797,0.684116967022419,4.305506939999759,3.6326533299870785,13.885753191707115,861560.3938897,861561.396858966
eye0,nnUNetDetector2DPlugin,2dcpp,loop,124,1.5178151642753472,0.8257793238977462,0.6736170034855604,4.426485043950379,3.3732470066752285,13.549650541409068,861561.396858966,861562.396972927
eye0,nnUNetDetector2DPlugin,2dcpp,loop,124,1.5720987435235012,0.7836985305863214,0.701802084222436,4.132492002099752,3.1623660644982006,13.600625183185443,861562.396972927,861563.39725864
eye0,nnUNetDetector2DPlugin,2dcpp,loop,124,1.6934214180500637,1.264248826436563,0.6786849116906524,10.029238066636026,3.7946576718240967,13.876810732800815,861563.39725864,861564.39921943
eye0,nnUNetDetector2DPlugin,2dcpp,loop,114,1.8878114101346255,1.1043203327416995,0.6676979828625917,4.9432109808549285,4.195176949724555,14.279534498009047,861564.39921943,861565.401861787
eye0,nnUNetDetector2DPlugin,2dcpp,loop,125,1.8588731260970235,0.9884613660475774,0.7405070355162024,6.10427197534591,4.053215403109788,14.006266795098782,861565.401861787,861566.404955709
eye0,nnUNetDetector2DPlugin,2dcpp,loop,123,1.3488590276262504,0.7149986416105493,0.6728318985551596,5.137208034284413,2.7652073884382826,13.466843215529087,861566.404955709,861567.405009511
eye0,nnUNetDetector2DPlugin,2dcpp,loop,124,1.496463699544209,0.7584725972936256,0.6972650298848748,4.100917023606598,3.0874790099915113,13.810252201848574,861567.405009511,861568.407954675
eye0,nnUNetDetector2DPlugin,2dcpp,loop,124,1.5941927051772513,0.9532046310993452,0.6638519698753953,4.777238005772233,4.076983022969216,14.043687629671167,861568.407954675,861569.408151994
eye0,nnUNetDetector2DPlugin,2dcpp,loop,124,1.5462242280914178,0.7491660131704186,0.6606680108234286,4.058226011693478,3.0351060500834137,13.900312481470586,861569.408151994,861570.408328486
eye0,nnUNetDetector2DPlugin,2dcpp,loop,124,1.648244744677457,0.8629859164171534,0.6821990245953202,4.424237064085901,3.6710206302814177,14.065540543073908,861570.408328486,861571.410657455
eye0,nnUNetDetector2DPlugin,2dcpp,loop,125,1.5417299661785364,0.8601816793908185,0.6908789509907365,4.491911036893725,3.543535922653972,13.91561169270426,861571.410657455,861572.417238058
eye0,nnUNetDetector2DPlugin,2dcpp,loop,124,1.724562006852319,0.91750042128174,0.6803240394219756,4.29113395512104,3.783965023467317,14.143502880488672,861572.417238058,861573.419295172
eye0,nnUNetDetector2DPlugin,2dcpp,loop,125,1.8002743981778622,0.9465248734753416,0.6811319617554545,4.2356300400570035,3.861061646603048,14.272148772142828,861573.419295172,861574.425536328
eye0,nnUNetDetector2DPlugin,2dcpp,loop,124,1.8093299267122582,1.2469316087365627,0.6905980408191681,7.139232940971851,4.183663346339017,14.524862005923604,861574.425536328,861575.429913716
eye0,nnUNetDetector2DPlugin,2dcpp,loop,125,1.4431337555870414,0.7044762117172463,0.6430459907278419,4.075411008670926,3.0690818093717094,14.07672838959843,861575.429913716,861576.437290521
eye0,nnUNetDetector2DPlugin,2dcpp,loop,116,1.579894408270524,0.9962741622945327,0.6518310401588678,4.4583739945665,3.904441255144775,14.395022086381655,861576.437290521,861577.443865045
eye0,nnUNetDetector2DPlugin,2dcpp,loop,124,1.5038623025776037,0.800204217969281,0.6547709926962852,4.077118006534874,3.353931091260165,14.122016954183158,861577.443865045,861578.44752835
eye0,nnUNetDetector2DPlugin,2dcpp,loop,125,1.6184058152139187,0.8310227085627444,0.6554489955306053,4.1565620340406895,3.3490946283563967,14.307653809897602,861578.44752835,861579.452488044
eye0,nnUNetDetector2DPlugin,2dcpp,loop,120,1.459551804388563,0.8537180258719163,0.6559529574587941,4.833414917811751,3.430372424190864,14.168924124290546,861579.452488044,861580.460481415
eye0,nnUNetDetector2DPlugin,2dcpp,loop,123,1.3807758090760165,0.603976429199102,0.6888480857014656,4.218761925585568,2.484339359216392,14.114729113634525,861580.460481415,861581.495877383
eye0,nnUNetDetector2DPlugin,2dcpp,loop,125,1.616689408197999,0.9344179014913925,0.6766349542886019,4.263489972800016,3.6135948495939374,14.542722831480205,861581.495877383,861582.496450027
eye0,nnUNetDetector2DPlugin,2dcpp,loop,124,1.6070260655044788,0.8313629052555911,0.6778211100026965,4.302561981603503,3.3292621606960884,14.460022210128486,861582.496450027,861583.496551858
eye0,nnUNetDetector2DPlugin,2dcpp,loop,124,1.8681862744532767,0.9773543065544811,0.662925885990262,4.373818053863943,3.783145092893392,14.967008629971515,861583.496551858,861584.496644537
eye0,nnUNetDetector2DPlugin,2dcpp,loop,124,1.4690919600862768,0.7533197084727241,0.6863840389996767,4.086659988388419,3.1964870344381775,14.394303991256523,861584.496644537,861585.497335566
eye0,nnUNetDetector2DPlugin,2dcpp,loop,125,1.5061716372147202,0.796642230376798,0.6644809618592262,4.161349032074213,3.225703025236726,14.37811391800642,861585.497335566,861586.505741321
eye0,nnUNetDetector2DPlugin,2dcpp,loop,124,1.5825221048397642,0.9077286704117901,0.7111550075933337,4.641988081857562,3.4884183842223133,14.476695303587363,861586.505741321,861587.506142476
eye0,nnUNetDetector2DPlugin,2dcpp,loop,124,1.9236958572535865,0.9927155339869499,0.6891710218042135,4.2935030069202185,4.009238071739674,15.154678170802072,861587.506142476,861588.510281877
eye0,nnUNetDetector2DPlugin,2dcpp,loop,125,1.4985894318670034,0.8628100001032096,0.664851046167314,4.633100004866719,3.3517000265419483,14.66683143377304,861588.510281877,861589.51772501
eye0,nnUNetDetector2DPlugin,2dcpp,loop,125,1.7445480963215232,1.0553923243271441,0.6666360422968864,5.03654801286757,4.088101373054087,14.960304060950875,861589.51772501,861590.52443748
eye0,nnUNetDetector2DPlugin,2dcpp,loop,124,1.5933014914363381,0.825787548422267,0.6861020810902119,3.893163986504078,3.4093612455762923,14.843467428656895,861590.52443748,861591.524442747
eye0,nnUNetDetector2DPlugin,2dcpp,loop,124,1.7078926020692433,0.9197908658521254,0.7075580069795251,4.557434935122728,3.8031059550121413,14.949881873514142,861591.524442747,861592.524895305
eye0,nnUNetDetector2DPlugin,2dcpp,loop,124,1.589801057331985,0.9670811966686782,0.672730035148561,6.202999036759138,3.5372530051972717,14.79461029896723,861592.524895305,861593.525076029
eye0,nnUNetDetector2DPlugin,2dcpp,loop,124,1.496985213898663,0.8793310691818618,0.6597529863938689,5.35657093860209,3.289885312551632,14.72462201397115,861593.525076029,861594.525292196
eye0,nnUNetDetector2DPlugin,2dcpp,loop,124,1.8548189236166617,1.057855893575669,0.7012750720605254,7.276693941093981,3.875741950469091,15.402566908197779,861594.525292196,861595.529685053
eye0,nnUNetDetector2DPlugin,2dcpp,loop,120,1.6105785296531394,0.9437723178371139,0.6774320499971509,4.373535979539156,3.4129282576031983,15.217905840836465,861595.529685053,861596.53717784
eye0,nnUNetDetector2DPlugin,2dcpp,loop,126,1.9377721057805632,1.1052196119247553,0.6856359541416168,5.714186001569033,4.090452537639067,15.683692165776081,861596.53717784,861597.544910068
eye0,nnUNetDetector2DPlugin,2dcpp,loop,124,1.523214000870564,0.7482962217065662,0.6648439448326826,4.233791958540678,2.9265668301377445,15.040971446714755,861597.544910068,861598.546682009
eye0,nnUNetDetector2DPlugin,2dcpp,loop,125,1.385733162984252,0.6586689105899249,0.6864219903945923,3.734149970114231,2.963562123477458,14.899500970728695,861598.546682009,861599.553152565
eye0,nnUNetDetector2DPlugin,2dcpp,loop,124,1.5246545785151782,0.8098217529524906,0.6677649216726422,4.249635036103427,3.285159036749974,15.05449044634588,861599.553152565,861600.553735705
eye0,nnUNetDetector2DPlugin,2dcpp,loop,124,1.7137251523954253,0.9763146023656051,0.6749579915776849,4.286505980417132,3.6771558457985516,15.337394714738513,861600.553735705,861601.557604425
world,UVC_Source,UVC_Source,loop,30,22.96530094075327,5.7788460912568596,2.1543529583141208,30.13408707920462,29.565430624643337,76.87539927428588,861597.988984426,861598.993208507
world,UVC_Source,UVC_Source,loop,30,23.6776795083036,5.572819136682252,6.517631001770496,32.27038192562759,30.985874193720516,77.05073265048365,861598.993208507,861600.001157571
world,UVC_Source,UVC_Source,loop,30,19.711103406734765,5.220166610507925,7.200108957476914,28.105200035497546,26.141392078716308,76.99706443042184,861600.001157571,861601.004997838
world,UVC_Source,UVC_Source,loop,30,19.185623487768073,6.878428990412239,4.997361917048693,33.05049205664545,30.531361454632126,76.91277146028976,861601.004997838,861602.009136267
world,UVC_Source,UVC_Source,loop,30,23.349064755408715,6.0344714244363775,7.237290032207966,30.47773998696357,29.34304802911356,77.27652017880852,861602.009136267,861603.017146274
world,UVC_Source,UVC_Source,loop,30,18.58661931861813,6.356236597198314,0.19188597798347473,31.279081013053656,25.47492904122919,77.13767666136846,861603.017146274,861604.021536791
world,UVC_Source,UVC_Source,loop,27,17.053373964261954,8.68353107265183,0.08224498014897108,28.48294109571725,27.43141779210418,79.03529989481386,861604.021536791,861605.025188273
world,UVC_Source,UVC_Source,loop,30,23.797439667396247,6.536700960949294,9.27577808033675,32.44109300430864,32.197566848481074,77.35397329864402,861605.025188273,861606.033313722
world,UVC_Source,UVC_Source,loop,30,23.67430755790944,4.923514099958125,9.53905493952334,32.19387796707451,31.722523301141337,77.27138976721714,861606.033313722,861607.037194772
world,UVC_Source,UVC_Source,loop,30,23.732683128522087,4.2953467499584566,11.777734034694731,30.864967964589596,29.498469136888154,77.37747012870386,861607.037194772,861608.041340866
world,UVC_Source,UVC_Source,loop,30,25.78067872673273,3.20342740691632,16.256104921922088,31.48131398484111,30.121194332605228,77.42376410557578,861608.041340866,861609.049626631
world,UVC_Source,UVC_Source,loop,30,23.215633223298937,4.748248115885568,13.571730931289494,33.038553898222744,31.97573878569528,77.35322527587414,861609.049626631,861610.053367528
world,UVC_Source,UVC_Source,loop,30,24.6036040247418,5.5184275228237984,6.573076942004263,32.4396260548383,31.648307718569413,77.5473040373375,861610.053367528,861611.057733871
world,UVC_Source,UVC_Source,loop,30,24.735728934562456,6.520326814015778,0.06928807124495506,33.19429489783943,31.90695522935129,77.56386945645015,861611.057733871,861612.065478823
world,UVC_Source,UVC_Source,loop,30,25.27350999492531,4.2694860270162,17.651953967288136,32.16025803703815,31.92523838370107,77.52068316719185,861612.065478823,861613.069725953
world,UVC_Source,UVC_Source,loop,30,25.10082513326779,4.080341464446471,15.552395023405552,33.14545494504273,31.53004338382743,77.58480130384366,861613.069725953,861614.07362254
world,UVC_Source,UVC_Source,loop,30,26.496066929151613,3.5133540965207493,20.299107069149613,33.32070796750486,31.843963998835534,77.58638109856595,861614.07362254,861615.081842654
world,UVC_Source,UVC_Source,loop,30,25.93415262720858,3.1791572304309867,18.77790002617985,31.419311999343336,31.089707458158955,77.68853423573698,861615.081842654,861616.085686215
world,UVC_Source,UVC_Source,loop,30,26.037654532895733,2.0204378269184744,21.067227004095912,29.85194302164018,28.780173213453963,77.58588230159755,861616.085686215,861617.089669007
world,UVC_Source,UVC_Source,loop,30,25.56059817240263,4.260492301800346,13.635499984957278,32.18454401940107,31.852876482298598,77.67582293211792,861617.089669007,861618.097727833
world,UVC_Source,UVC_Source,loop,30,25.495830570192386,4.424939110522054,12.145395972765982,31.994288903661072,31.30771921132691,77.81992147210985,861618.097727833,861619.101796723
world,UVC_Source,UVC_Source,loop,30,25.841204639679443,3.072492157104027,16.184251056984067,30.671657994389534,29.56748543074354,77.64796265400946,861619.101796723,861620.105728058
world,UVC_Source,UVC_Source,loop,30,25.44750487819935,4.03933353240234,17.340405960567296,32.990539097227156,31.438328576041382,77.89573939905192,861620.105728058,861621.113812982
world,UVC_Source,UVC_Source,loop,30,25.880858930759132,4.304471879032482,13.60989990644157,32.03157102689147,31.63410757551901,77.8967371598507,861621.113812982,861622.118181593
world,UVC_Source,UVC_Source,loop,30,25.22921342945968,4.311985580698223,16.23585994821042,32.78930298984051,32.15154072386213,77.86128823645413,861622.118181593,861623.122332962
world,UVC_Source,UVC_Source,loop,30,25.47276725526899,4.17530090223387,16.372265992686152,32.60837297420949,32.228260312695056,78.04552487408121,861623.122332962,861624.130282027
world,UVC_Source,UVC_Source,loop,30,24.84076216739292,4.218156446505293,16.558481962420046,31.85600193683058,31.576393550494686,78.01993597531691,861624.130282027,861625.13428082
world,UVC_Source,UVC_Source,loop,30,25.176212455456454,4.029314466009969,13.517078943550587,32.841071020811796,31.05181896826252,77.91264083934948,861625.13428082,861626.138174109
world,UVC_Source,UVC_Source,loop,30,25.907403222906094,3.399350096695033,18.55806598905474,31.793616944923997,30.361704068491235,78.21613389921065,861626.138174109,861627.14644092
world,UVC_Source,UVC_Source,loop,30,24.873787704079103,4.726488000104425,10.231981053948402,33.39318698272109,32.977870921604335,78.14514153481771,861627.14644092,861628.150090824
world,UVC_Source,UVC_Source,loop,30,24.97126506641507,4.406960278028662,13.90698691830039,32.17537305317819,31.621682789409533,78.14118687141065,861628.150090824,861629.154475796
world,UVC_Source,UVC_Source,loop,30,24.937639517399173,4.5904038930075535,12.687537004239857,32.07461896818131,31.679166312096637,78.25963686530788,861629.154475796,861630.162160183
world,UVC_Source,UVC_Source,loop,30,23.970687536833186,4.332742718706863,12.75225798599422,31.76872502081096,29.92985608289018,78.29276512299354,861630.162160183,861631.166525051
world,UVC_Source,UVC_Source,loop,30,25.38813406135887,3.4244616671229804,19.655094016343355,32.217657077126205,31.04355334071442,78.27146845714499,861631.166525051,861632.170266126
world,UVC_Source,UVC_Source,loop,30,24.78582243202254,2.985206072366189,17.54561299458146,30.10923694819212,29.36042097280733,78.34501805870484,861632.170266126,861633.178330139
world,UVC_Source,UVC_Source,loop,30,22.534692489231627,5.505716342331318,6.657640915364027,30.195163912139833,29.674733377760276,78.3277973649092,861633.178330139,861634.182710044
world,UVC_Source,UVC_Source,loop,24,20.3994376497576,8.363431650824234,0.14139001723378897,28.215746046043932,27.9461870144587,80.58750571217388,861634.182710044,861635.18639811
world,UVC_Source,UVC_Source,loop,30,22.233160278604675,8.117503033721693,0.08068897295743227,33.23134290985763,29.866802494507283,78.70781243545935,861635.18639811,861636.194476451
world,UVC_Source,UVC_Source,loop,30,19.436343650644023,5.896271585198581,7.539116078987718,28.92154303845018,27.82446066266857,78.43252486782148,861636.194476451,861637.198726504
world,UVC_Source,UVC_Source,loop,30,19.193867132222902,6.442796839624205,6.460867007263005,31.979560968466103,29.426924569997933,78.46682813251391,861637.198726504,861638.202874275
world,UVC_Source,UVC_Source,loop,30,17.978686094284058,9.524867968099539,0.0826660543680191,30.131306033581495,29.697802552254867,81.00848707836121,861638.202874275,861639.21085505
world,UVC_Source,UVC_Source,loop,30,19.826873593653243,4.914559314026344,8.709369925782084,27.01631805393845,26.47868315107189,78.59482055452342,861639.21085505,861640.214533745
world,UVC_Source,UVC_Source,loop,30,17.329485105195392,6.674224937222093,2.4673010921105742,30.262604937888682,24.7566872392781,78.52437399172534,861640.214533745,861641.218890935
world,UVC_Source,UVC_Source,loop,30,22.768763119044404,6.637640224338494,5.239424062892795,33.28495402820408,29.78252971661277,78.5871420133238,861641.218890935,861642.222882362
world,UVC_Source,UVC_Source,loop,30,18.04083708363275,6.928010260831168,0.15354109928011894,27.97310601454228,26.980403950437903,79.05999114348863,861642.222882362,861643.23102499
world,UVC_Source,UVC_Source,loop,30,18.127735304490972,6.197787029804903,4.247091943398118,29.325061943382025,27.88376770331524,78.7226973217912,861643.23102499,861644.23485968
world,UVC_Source,UVC_Source,loop,30,23.742787803833682,5.549116156508496,8.948690025135875,33.09867007192224,30.926202051341527,78.80307184144233,861644.23485968,861645.239109177
world,UVC_Source,UVC_Source,loop,30,18.03056555024038,7.056635288701766,0.1775800483301282,29.35490000527352,28.09249888523481,78.97374129776533,861645.239109177,861646.246898374
world,UVC_Source,UVC_Source,loop,30,20.4894305827717,5.565874829203068,6.47533405572176,28.313866001553833,27.7295240375679,78.75903161087383,861646.246898374,861647.250801782
world,UVC_Source,UVC_Source,loop,30,21.29856360455354,8.6039087069886,0.10941794607788324,32.49601589050144,29.680005682166666,79.70148917132367,861647.250801782,861648.25514945
world,NetworkApiPlugin,NetworkApiPlugin,loop,30,0.018992643648137648,0.009286938480565747,0.0080460449680686,0.03439793363213539,0.03369925543665886,76.92664189186569,861597.990715407,861598.993840686
world,NetworkApiPlugin,NetworkApiPlugin,loop,30,0.01775406611462434,0.009387564784054895,0.005992013029754162,0.032600946724414825,0.03125695511698722,77.09565920522436,861598.993840686,861600.001647217
world,NetworkApiPlugin,NetworkApiPlugin,loop,30,0.02023260264346997,0.009090502053301013,0.005920068360865116,0.033751013688743114,0.032769254175946116,77.0414510043338,861600.001647217,861601.005343807
world,NetworkApiPlugin,NetworkApiPlugin,loop,30,0.018534506671130657,0.008912854261370605,0.006093061529099941,0.03704708069562912,0.034547562245279544,76.96345732547343,861601.005343807,861602.009802091
world,NetworkApiPlugin,NetworkApiPlugin,loop,30,0.021056528203189373,0.009943824319750343,0.0069229863584041595,0.03422505687922239,0.03363281721249223,77.31964842726786,861602.009802091,861603.017436372
world,NetworkApiPlugin,NetworkApiPlugin,loop,30,0.017799561222394306,0.008659993449540321,0.005875015631318092,0.035985023714601994,0.03355203079991042,77.17826902711143,861603.017436372,861604.021897341
world,NetworkApiPlugin,NetworkApiPlugin,loop,27,0.019317992997390253,0.009961992774000976,0.0058729201555252075,0.03604392986744642,0.03458590945228934,79.0724885236058,861604.021897341,861605.02537875
world,NetworkApiPlugin,NetworkApiPlugin,loop,30,0.021762338777383167,0.00999105981851791,0.0071160029619932175,0.03674894105643034,0.03415021346881985,77.40444633333634,861605.02537875,861606.033787088
world,NetworkApiPlugin,NetworkApiPlugin,loop,30,0.019967245558897655,0.010431036078537983,0.00787398312240839,0.0450770603492856,0.037914921995252364,77.31807943200693,861606.033787088,861607.037646448
world,NetworkApiPlugin,NetworkApiPlugin,loop,30,0.022110979383190472,0.010334804569470338,0.006693066097795963,0.034097000025212765,0.033925200114026666,77.42130892972152,861607.037646448,861608.041573991
world,NetworkApiPlugin,NetworkApiPlugin,loop,30,0.022690816937635343,0.010049135660602233,0.006896909326314926,0.03495998680591583,0.03360102418810129,77.48966892637934,861608.041573991,861609.050522614
world,NetworkApiPlugin,NetworkApiPlugin,loop,30,0.020557548850774765,0.009395633613026224,0.006461981683969498,0.034939032047986984,0.033614912535995245,77.39819710453351,861609.050522614,861610.053718228
world,NetworkApiPlugin,NetworkApiPlugin,loop,30,0.022142035110543173,0.009618910236020536,0.007755006663501263,0.03659504000097513,0.03411482321098446,77.6106441936766,861610.053718228,861611.058588166
world,NetworkApiPlugin,NetworkApiPlugin,loop,30,0.014391308650374413,0.007719652406803532,0.005728099495172501,0.03374996595084667,0.031290226615965366,77.5957614610282,861611.058588166,861612.065732472
world,NetworkApiPlugin,NetworkApiPlugin,loop,30,0.020266766659915447,0.010451139109174439,0.007832073606550694,0.03608700353652239,0.03564109210856259,77.56553392779703,861612.065732472,861613.07009164
world,NetworkApiPlugin,NetworkApiPlugin,loop,30,0.020724752297004063,0.011426400147651663,0.006605056114494801,0.03995699808001518,0.035578367533162236,77.63453250130017,861613.07009164,861614.074114615
world,NetworkApiPlugin,NetworkApiPlugin,loop,30,0.017049035523086786,0.009600962494127166,0.006717047654092312,0.03780098631978035,0.03318704548291861,77.62624411067615,861614.074114615,861615.082196038
world,NetworkApiPlugin,NetworkApiPlugin,loop,30,0.020747364033013582,0.009687461228763045,0.008557923138141632,0.0347070163115859,0.033955968683585525,77.7385583302627,861615.082196038,861616.086162068
world,NetworkApiPlugin,NetworkApiPlugin,loop,30,0.019920326303690672,0.013353883519937432,0.008183997124433517,0.05734607111662626,0.04796707071363925,77.62721395896126,861616.086162068,861617.089947702
world,NetworkApiPlugin,NetworkApiPlugin,loop,30,0.020434420245389145,0.012194670794761955,0.008041039109230042,0.05198793951421976,0.03869403153657913,77.7203939971514,861617.089947702,861618.098072627
world,NetworkApiPlugin,NetworkApiPlugin,loop,30,0.01801772741600871,0.01089340580313737,0.006663030944764614,0.04672398790717125,0.03656771732494235,77.85892382962629,861618.098072627,861619.102114887
world,NetworkApiPlugin,NetworkApiPlugin,loop,30,0.01868567584703366,0.010211837012811408,0.007481081411242485,0.03497593570500612,0.0342604995239526,77.68557166758303,861619.102114887,861620.105947215
world,NetworkApiPlugin,NetworkApiPlugin,loop,30,0.022282199158022802,0.010591267675478024,0.006327987648546696,0.040946993976831436,0.033651263220235705,77.94231789497037,861620.105947215,861621.114133183
world,NetworkApiPlugin,NetworkApiPlugin,loop,30,0.018030211019019287,0.010019383833506989,0.006561051122844219,0.033921096473932266,0.03351010964252055,77.94450816387932,861621.114133183,861622.118751598
world,NetworkApiPlugin,NetworkApiPlugin,loop,30,0.01818896271288395,0.009387484501768784,0.00646605622023344,0.033210963010787964,0.0326458306517452,77.91856982900451,861622.118751598,861623.123201099
world,NetworkApiPlugin,NetworkApiPlugin,loop,30,0.01943373742202918,0.008377756628331439,0.008282950147986412,0.031589996069669724,0.030751223675906655,78.09300510368,861623.123201099,861624.13074756
world,NetworkApiPlugin,NetworkApiPlugin,loop,30,0.02026339837660392,0.009908729609797585,0.00666698906570673,0.03697304055094719,0.034510879777371876,78.06550420355052,861624.13074756,861625.134657941
world,NetworkApiPlugin,NetworkApiPlugin,loop,30,0.02097833591202895,0.008941086138337846,0.008092029020190239,0.03372796345502138,0.031969876727089286,77.95719518714274,861625.134657941,861626.138479505
world,NetworkApiPlugin,NetworkApiPlugin,loop,30,0.019482670662303764,0.00931526429399239,0.008504022844135761,0.03415404353290796,0.0333355157636106,78.27738817237939,861626.138479505,861627.147349387
world,NetworkApiPlugin,NetworkApiPlugin,loop,30,0.019301656478395064,0.008718330188153106,0.006587943062186241,0.03227102570235729,0.03208802663721144,78.1859436033604,861627.147349387,861628.150379672
world,NetworkApiPlugin,NetworkApiPlugin,loop,30,0.02329717002188166,0.008575267687434326,0.007141963578760624,0.03484496846795082,0.033968326169997454,78.2017812365666,861628.150379672,861629.15517267
world,NetworkApiPlugin,NetworkApiPlugin,loop,30,0.017307807380954426,0.009017113107705765,0.007600989192724228,0.03381201531738043,0.032003375235944986,78.2965387411726,861629.15517267,861630.162415592
world,NetworkApiPlugin,NetworkApiPlugin,loop,30,0.023065305625398953,0.008960805907894467,0.007636030204594135,0.03473798278719187,0.0327647605445236,78.3442917241094,861630.162415592,861631.166943504
world,NetworkApiPlugin,NetworkApiPlugin,loop,30,0.019368308130651712,0.00952838218450284,0.005631009116768837,0.033581978641450405,0.03219218924641609,78.31250542852406,861631.166943504,861632.170549582
world,NetworkApiPlugin,NetworkApiPlugin,loop,30,0.022002127176771562,0.009739912973688857,0.007838942110538483,0.03469700459390879,0.03363227006047964,78.39061452153449,861632.170549582,861633.178620005
world,NetworkApiPlugin,NetworkApiPlugin,loop,30,0.023627195817728836,0.011488999178391527,0.008624978363513947,0.05321204662322998,0.03822532016783952,78.39480830201258,861633.178620005,861634.183632147
world,NetworkApiPlugin,NetworkApiPlugin,loop,24,0.020283676955538493,0.009652269608705,0.007736030966043472,0.03879494033753872,0.03460069419816136,80.63158108658779,861634.183632147,861635.186658736
world,NetworkApiPlugin,NetworkApiPlugin,loop,30,0.017489799453566473,0.009216548311420738,0.005732988938689232,0.034408061765134335,0.03312579938210547,78.74757309521858,861635.186658736,861636.194831803
world,NetworkApiPlugin,NetworkApiPlugin,loop,30,0.021558037648598354,0.00980432332641173,0.006340094842016697,0.034793978556990623,0.033961929148063064,78.48254417379697,861636.194831803,861637.199219664
world,NetworkApiPlugin,NetworkApiPlugin,loop,30,0.01741795955846707,0.009396764951033518,0.006387941539287567,0.035168020986020565,0.03352620406076312,78.5224267708448,861637.199219664,861638.203740414
world,NetworkApiPlugin,NetworkApiPlugin,loop,30,0.019113164550314348,0.009163885374333392,0.008304021321237087,0.034343916922807693,0.03330428735353052,81.05921717360616,861638.203740414,861639.211479081
world,NetworkApiPlugin,NetworkApiPlugin,loop,30,0.01797770382836461,0.009594669307785247,0.006020069122314453,0.03418198321014643,0.03250566078349948,78.6290370975621,861639.211479081,861640.214690611
world,NetworkApiPlugin,NetworkApiPlugin,loop,30,0.01931349979713559,0.009451158522370799,0.007912982255220413,0.03395997919142246,0.03304570564068854,78.5834829051358,861640.214690611,861641.219759115
world,NetworkApiPlugin,NetworkApiPlugin,loop,30,0.02066434050599734,0.011469932860045159,0.00720401294529438,0.06045098416507244,0.03217213088646531,78.639556428728,861641.219759115,861642.223486306
world,NetworkApiPlugin,NetworkApiPlugin,loop,30,0.018716242630034685,0.009012462930520203,0.006231013685464859,0.034176046028733253,0.03253162140026688,79.11563670883577,861642.223486306,861643.23177739
world,NetworkApiPlugin,NetworkApiPlugin,loop,30,0.02345156390219927,0.012818183331546803,0.0065229833126068115,0.05150190554559231,0.04466925747692585,78.77441706756751,861643.23177739,861644.235298873
world,NetworkApiPlugin,NetworkApiPlugin,loop,30,0.02097331065063675,0.01129360093742293,0.007500988431274891,0.048269983381032944,0.034259766107425094,78.8667042623274,861644.235298873,861645.239983275
world,NetworkApiPlugin,NetworkApiPlugin,loop,30,0.020285315501193207,0.01015102849402808,0.007212045602500439,0.04145002458244562,0.033725122921168804,79.01082855338852,861645.239983275,861646.247053443
world,NetworkApiPlugin,NetworkApiPlugin,loop,30,0.018796864120910566,0.010499457499254216,0.005971058271825314,0.036532990634441376,0.03345016157254577,78.79560693788032,861646.247053443,861647.25097897
world,NetworkApiPlugin,NetworkApiPlugin,loop,30,0.01934129201496641,0.00937588429822771,0.006409012712538242,0.0323570566251874,0.03171635325998068,79.76770909735933,861647.25097897,861648.256192825
world,Pupil_Data_Relay,Pupil_Data_Relay,loop,30,0.23740127605075637,0.13352064511619385,0.08503103163093328,0.5420810775831342,0.5039039358962327,77.1799154385614,861597.991405835,861598.994167068
world,Pupil_Data_Relay,Pupil_Data_Relay,loop,30,0.20623836511125168,0.11389218506132649,0.058251083828508854,0.4889100091531873,0.3907810139935463,77.31300307204947,861598.994167068,861600.001832481
world,Pupil_Data_Relay,Pupil_Data_Relay,loop,30,0.23827517482762536,0.12600499295915057,0.060555990785360336,0.5046309670433402,0.4463291901629417,77.2949635788488,861600.001832481,861601.005660513
world,Pupil_Data_Relay,Pupil_Data_Relay,loop,30,0.21271886071190238,0.13019409852984068,0.06670702714473009,0.515563995577395,0.5034948233515024,77.19937776758645,861601.005660513,861602.01078557
world,Pupil_Data_Relay,Pupil_Data_Relay,loop,30,0.25103283502782386,0.14682905547034558,0.07495598401874304,0.648292014375329,0.4961448197718709,77.58737579764177,861602.01078557,861603.017851635
world,Pupil_Data_Relay,Pupil_Data_Relay,loop,30,0.21570874378085136,0.12277002829872888,0.06610399577766657,0.5509949987754226,0.45299374032765605,77.40942559515436,861603.017851635,861604.022261591
world,Pupil_Data_Relay,Pupil_Data_Relay,loop,27,0.20728714298456907,0.14101198272748408,0.012075994163751602,0.5393270403146744,0.42044080328196287,79.29118479067391,861604.022261591,861605.025489925
world,Pupil_Data_Relay,Pupil_Data_Relay,loop,30,0.25875754266356427,0.13811397906897366,0.062180100940167904,0.5270729307085276,0.4736576578579843,77.68320226265739,861605.025489925,861606.034341223
world,Pupil_Data_Relay,Pupil_Data_Relay,loop,30,0.2205106041704615,0.11466382132796778,0.10196899529546499,0.45473501086235046,0.4223718598950654,77.55505284294486,861606.034341223,861607.03810946
world,Pupil_Data_Relay,Pupil_Data_Relay,loop,30,0.25919550098478794,0.1502923847739347,0.06119499448686838,0.5138430278748274,0.4788253689184784,77.69354158857216,861607.03810946,861608.041791522
world,Pupil_Data_Relay,Pupil_Data_Relay,loop,30,0.2755269330615799,0.14376970959093413,0.07870898116379976,0.538873951882124,0.5132599151693285,77.7970909102199,861608.041791522,861609.051659631
world,Pupil_Data_Relay,Pupil_Data_Relay,loop,30,0.25864157748098177,0.13419055053569154,0.06835605017840862,0.5053910426795483,0.45528989867307246,77.67360280655946,861609.051659631,861610.054138472
world,Pupil_Data_Relay,Pupil_Data_Relay,loop,30,0.2832753273348014,0.1584167470856206,0.07529801223427057,0.5357679910957813,0.5225230182986706,77.92332546086982,861610.054138472,861611.059616271
world,Pupil_Data_Relay,Pupil_Data_Relay,loop,30,0.16497939359396696,0.09072158763076665,0.039341975934803486,0.4395939176902175,0.3465760149993002,77.77213866744812,861611.059616271,861612.066042437
world,Pupil_Data_Relay,Pupil_Data_Relay,loop,30,0.2583679665500919,0.16471023447865424,0.08759694173932076,0.6508050719276071,0.5248093628324568,77.83993618795648,861612.066042437,861613.070497435
world,Pupil_Data_Relay,Pupil_Data_Relay,loop,30,0.2545444294810295,0.16517702137267073,0.05793292075395584,0.6008660420775414,0.5437077954411506,77.90639419496681,861613.070497435,861614.074492493
world,Pupil_Data_Relay,Pupil_Data_Relay,loop,30,0.19375404032568136,0.12064090797205694,0.05968206096440554,0.5260169273242354,0.389181135687977,77.83254556901132,861614.074492493,861615.082514497
world,Pupil_Data_Relay,Pupil_Data_Relay,loop,30,0.26007252745330334,0.15882655965357986,0.08470600005239248,0.7586320862174034,0.481656438205391,78.01797733797382,861615.082514497,861616.086663281
world,Pupil_Data_Relay,Pupil_Data_Relay,loop,30,0.2134601507956783,0.12394903104715002,0.07478694897145033,0.4494829336181283,0.4258146393112838,77.85569713062917,861616.086663281,861617.090305187
world,Pupil_Data_Relay,Pupil_Data_Relay,loop,30,0.22911747607092062,0.1347100494362284,0.07796694990247488,0.45746692921966314,0.44934565667063,77.9663146007806,861617.090305187,861618.098471026
world,Pupil_Data_Relay,Pupil_Data_Relay,loop,30,0.19553666546319923,0.12156308112186384,0.06777304224669933,0.45775703620165586,0.41418804903514683,78.06766844199349,861618.098471026,861619.102443708
world,Pupil_Data_Relay,Pupil_Data_Relay,loop,30,0.23305690847337246,0.13762110177549916,0.09650702122598886,0.5233610281720757,0.4600022803060709,77.93143169643979,861619.102443708,861620.106187196
world,Pupil_Data_Relay,Pupil_Data_Relay,loop,30,0.2335048047825694,0.1019771313571352,0.0605069799348712,0.43148710392415524,0.3865464008413253,78.19431274353217,861620.106187196,861621.114500963
world,Pupil_Data_Relay,Pupil_Data_Relay,loop,30,0.20663189546515545,0.12684248553317692,0.07514201570302248,0.48833806067705154,0.45525801833719,78.1695182939681,861621.114500963,861622.119271742
world,Pupil_Data_Relay,Pupil_Data_Relay,loop,30,0.21516804893811545,0.11800049076094826,0.06335903890430927,0.4868649411946535,0.43688881560228754,78.15812284437318,861622.119271742,861623.123838855
world,Pupil_Data_Relay,Pupil_Data_Relay,loop,30,0.21343271170432368,0.08954301010145328,0.09058602154254913,0.43723604176193476,0.33596162102185184,78.31920700070138,861623.123838855,861624.131046019
world,Pupil_Data_Relay,Pupil_Data_Relay,loop,30,0.24576210416853428,0.13141976836924674,0.07127691060304642,0.5056760273873806,0.4945835680700838,78.32736666702355,861624.131046019,861625.135032919
world,Pupil_Data_Relay,Pupil_Data_Relay,loop,30,0.24414953853314122,0.148852129479406,0.08097302634268999,0.7000709883868694,0.438897224375978,78.2168062015747,861625.135032919,861626.138830839
world,Pupil_Data_Relay,Pupil_Data_Relay,loop,30,0.22709607534731427,0.1337994480733656,0.09020103607326746,0.5115879466757178,0.46862611197866477,78.53404616859432,861626.138830839,861627.148504895
world,Pupil_Data_Relay,Pupil_Data_Relay,loop,30,0.22670846277227005,0.11150901659332846,0.05648401565849781,0.4285849863663316,0.4023881861940026,78.42728004325181,861627.148504895,861628.150711215
world,Pupil_Data_Relay,Pupil_Data_Relay,loop,30,0.24919877760112286,0.10211670986877719,0.07308402564376593,0.512136030010879,0.4394064948428421,78.47668715985492,861628.150711215,861629.155932414
world,Pupil_Data_Relay,Pupil_Data_Relay,loop,30,0.21187879998857775,0.13275284825048736,0.07305399049073458,0.5187379429116845,0.4926671506837009,78.52104620930429,861629.155932414,861630.162692955
world,Pupil_Data_Relay,Pupil_Data_Relay,loop,30,0.2759494003839791,0.1285331788867245,0.09465997572988272,0.5165360635146499,0.4914222343359142,78.63745101494715,861630.162692955,861631.167299394
world,Pupil_Data_Relay,Pupil_Data_Relay,loop,30,0.2258154641216,0.12964635787161155,0.060467980802059174,0.43130898848176,0.4185449099168181,78.5514767980203,861631.167299394,861632.170832816
world,Pupil_Data_Relay,Pupil_Data_Relay,loop,30,0.26520969889437157,0.14140117085003767,0.08870603051036596,0.6196120521053672,0.5131235695444047,78.67269920340429,861632.170832816,861633.17898911
world,Pupil_Data_Relay,Pupil_Data_Relay,loop,30,0.28404676510641974,0.14097027802221498,0.09566894732415676,0.5553860682994127,0.5064224416855722,78.71122573657583,861633.17898911,861634.184835218
world,Pupil_Data_Relay,Pupil_Data_Relay,loop,24,0.27495284060326713,0.1842474003966084,0.07731001824140549,0.9153169812634587,0.48134668031707395,80.9225657042892,861634.184835218,861635.186916617
world,Pupil_Data_Relay,Pupil_Data_Relay,loop,30,0.19472074151660004,0.10460821716558219,0.057194032706320286,0.44514809269458055,0.4172799526713787,78.95900590034823,861635.186916617,861636.195289048
world,Pupil_Data_Relay,Pupil_Data_Relay,loop,30,0.2519790665246546,0.13346117206560962,0.07029506377875805,0.4928229609504342,0.47386067453771824,78.75280204073836,861636.195289048,861637.199689077
world,Pupil_Data_Relay,Pupil_Data_Relay,loop,30,0.21419436670839787,0.12550910533553325,0.06611901335418224,0.559214036911726,0.4307783150579779,78.76641757320613,861637.199689077,861638.204752094
world,Pupil_Data_Relay,Pupil_Data_Relay,loop,30,0.23613031565522155,0.14146981729417824,0.06085692439228296,0.5958289839327335,0.4705809871666132,81.31569250642012,861638.204752094,861639.212159378
world,Pupil_Data_Relay,Pupil_Data_Relay,loop,30,0.21071251248940825,0.1285011207812315,0.06682006642222404,0.5269119283184409,0.4354969132691622,78.85078707089026,861639.212159378,861640.214868466
world,Pupil_Data_Relay,Pupil_Data_Relay,loop,30,0.2346049644984305,0.12559029386885512,0.06937701255083084,0.48086594324558973,0.4401904356200248,78.84968450525776,861640.214868466,861641.220753517
world,Pupil_Data_Relay,Pupil_Data_Relay,loop,30,0.22489427356049418,0.12262732690912244,0.06097008008509874,0.4348689690232277,0.42980261496268213,78.88015190061803,861641.220753517,861642.223812765
world,Pupil_Data_Relay,Pupil_Data_Relay,loop,30,0.24004469936092696,0.12135267738926236,0.07750408258289099,0.49303891137242317,0.4334961122367531,79.38011187749605,861642.223812765,861643.232600231
world,Pupil_Data_Relay,Pupil_Data_Relay,loop,30,0.2654301196647187,0.1301262931380472,0.06748596206307411,0.4939449718222022,0.48731390852481127,79.06011176528409,861643.232600231,861644.235818499
world,Pupil_Data_Relay,Pupil_Data_Relay,loop,30,0.23945117136463523,0.1353307551876717,0.0725769205018878,0.49705104902386665,0.4904686647932976,79.1329766662481,861644.235818499,861645.240621019
world,Pupil_Data_Relay,Pupil_Data_Relay,loop,30,0.22770253320535025,0.11353637993269425,0.06504205521196127,0.48724596854299307,0.4404256469570099,79.2498881268936,861645.240621019,861646.247194778
world,Pupil_Data_Relay,Pupil_Data_Relay,loop,30,0.21699199763437113,0.12727173421602006,0.07159600500017405,0.4880159394815564,0.41955834603868425,79.02459867376213,861646.247194778,861647.25119838
world,Pupil_Data_Relay,Pupil_Data_Relay,loop,30,0.24209385737776756,0.13550206319174804,0.05950999911874533,0.5804708926007152,0.427679595304653,80.04052962642163,861647.25119838,861648.256960696
world,Fixation_Detector,Fixation_Detector,loop,30,0.007436707771072785,0.0038137764982480427,0.0032400712370872498,0.015411991626024246,0.01392659032717347,77.20253876565646,861597.99179746,861598.994340357
world,Fixation_Detector,Fixation_Detector,loop,30,0.007533774866412084,0.004293205296386663,0.002542976289987564,0.017920974642038345,0.013626052532345057,77.33225293535118,861598.994340357,861600.001932079
world,Fixation_Detector,Fixation_Detector,loop,30,0.008134834934026003,0.003631527355260964,0.002730987034738064,0.01369405072182417,0.013478542678058146,77.31858390228201,861600.001932079,861601.005837592
world,Fixation_Detector,Fixation_Detector,loop,30,0.007385221154739459,0.0036220328918368473,0.00246299896389246,0.014684046618640423,0.014101172564551234,77.23121464174862,861601.005837592,861602.011288299
world,Fixation_Detector,Fixation_Detector,loop,30,0.007833222237726053,0.004057378138954248,0.00308093149214983,0.014154007658362389,0.013864977518096566,77.612975158263,861602.011288299,861603.018116097
world,Fixation_Detector,Fixation_Detector,loop,30,0.007080934786548217,0.0033421532326508427,0.00294495839625597,0.014331075362861156,0.013755547115579246,77.43187982899447,861603.018116097,861604.022477028
world,Fixation_Detector,Fixation_Detector,loop,27,0.008152284728432144,0.006917119446157892,0.002644956111907959,0.03803404979407787,0.01369707752019167,79.31046415103117,861604.022477028,861605.025559298
world,Fixation_Detector,Fixation_Detector,loop,30,0.009131990373134613,0.004315780910109557,0.002858927473425865,0.017857993952929974,0.015170185361057518,77.7133137298127,861605.025559298,861606.034667094
world,Fixation_Detector,Fixation_Detector,loop,30,0.0076484982855618,0.0037703198974425017,0.0037871068343520164,0.015810015611350536,0.013971293810755014,77.57897726260126,861606.034667094,861607.038353336
world,Fixation_Detector,Fixation_Detector,loop,30,0.008583344363917908,0.004203445741068507,0.0026980414986610413,0.014514080248773098,0.01424914225935936,77.71629076063012,861607.038353336,861608.041916959
world,Fixation_Detector,Fixation_Detector,loop,30,0.00908104314779242,0.0041568769089169845,0.0032599782571196556,0.014999997802078724,0.014476419892162085,77.83778403342392,861608.041916959,861609.052305465
world,Fixation_Detector,Fixation_Detector,loop,30,0.008696170213321844,0.004072417033650204,0.0027689384296536446,0.016628997400403023,0.014154706150293348,77.69950847529496,861609.052305465,861610.054371843
world,Fixation_Detector,Fixation_Detector,loop,30,0.008131625751654306,0.003941338491687057,0.002813059836626053,0.01415202859789133,0.013629387831315398,77.95657216338441,861610.054371843,861611.060061799
world,Fixation_Detector,Fixation_Detector,loop,30,0.005480336646238963,0.002403795845024314,0.0024100299924612045,0.012989970855414867,0.010742171434685576,77.7892596476401,861611.060061799,861612.066216857
world,Fixation_Detector,Fixation_Detector,loop,30,0.007932574953883886,0.004331482088213654,0.00306498259305954,0.015364028513431549,0.014227896463125944,77.86401785754909,861612.066216857,861613.070706954
world,Fixation_Detector,Fixation_Detector,loop,30,0.007846334483474493,0.0045219450606971455,0.002610962837934494,0.016773934476077557,0.014931283658370374,77.92958333157003,861613.070706954,861614.074664791
world,Fixation_Detector,Fixation_Detector,loop,30,0.007247501829018195,0.004106140402624388,0.0026349443942308426,0.01618696842342615,0.014846574049443007,77.85349215846509,861614.074664791,861615.082681809
world,Fixation_Detector,Fixation_Detector,loop,30,0.008076169372846683,0.004006957115949648,0.00354694202542305,0.01457706093788147,0.013531086733564734,78.0409360692526,861615.082681809,861616.086836515
world,Fixation_Detector,Fixation_Detector,loop,30,0.006578649238993724,0.00350085894617609,0.003235996700823307,0.013733981177210808,0.01328782527707517,77.87708033186694,861616.086836515,861617.090513613
world,Fixation_Detector,Fixation_Detector,loop,30,0.007741638304044803,0.004039244831548441,0.0030099181458353996,0.014835037291049957,0.013851141557097433,77.99134718564649,861617.090513613,861618.098726311
world,Fixation_Detector,Fixation_Detector,loop,30,0.006744808827837308,0.003489660349919352,0.0034079421311616898,0.01397205051034689,0.013546820264309645,78.0883285488623,861618.098726311,861619.102636499
world,Fixation_Detector,Fixation_Detector,loop,30,0.007339105165253083,0.003727637907866567,0.0035389093682169914,0.013820012100040913,0.013667665189132094,77.95288005921368,861619.102636499,861620.106338905
world,Fixation_Detector,Fixation_Detector,loop,30,0.008265848737210035,0.00392308637568956,0.0023150350898504257,0.015027006156742573,0.013444828800857067,78.21937326807529,861620.106338905,861621.114707009
world,Fixation_Detector,Fixation_Detector,loop,30,0.007392698898911476,0.003915094330140173,0.0028120120987296104,0.014323974028229713,0.013396708527579904,78.19592069135979,861621.114707009,861622.119601225
world,Fixation_Detector,Fixation_Detector,loop,30,0.007868205041935047,0.0039280079558490005,0.0023370375856757164,0.013860990293323994,0.013768329517915845,78.18104303829993,861622.119601225,861623.124024068
world,Fixation_Detector,Fixation_Detector,loop,30,0.007578210594753425,0.003549896048431164,0.00300002284348011,0.01826602965593338,0.012690172297880052,78.3404982687595,861623.124024068,861624.131206932
world,Fixation_Detector,Fixation_Detector,loop,30,0.008590565994381905,0.00560217322929892,0.0033599790185689926,0.030444003641605377,0.014776550233364102,78.35254784828673,861624.131206932,861625.135256875
world,Fixation_Detector,Fixation_Detector,loop,30,0.00774733101328214,0.003738216299141671,0.0031410017982125282,0.013818033039569855,0.013646972365677357,78.2415317875954,861625.135256875,861626.139067547
world,Fixation_Detector,Fixation_Detector,loop,30,0.007860226711879173,0.004123200438937809,0.0030510127544403076,0.014672055840492249,0.014255644055083394,78.57441916518535,861626.139067547,861627.149218363
world,Fixation_Detector,Fixation_Detector,loop,30,0.008055536697308222,0.00370094511111524,0.002437969669699669,0.015493948012590408,0.013193621998652814,78.45100061967969,861627.149218363,861628.150908504
world,Fixation_Detector,Fixation_Detector,loop,30,0.009148338964829842,0.004555359863239274,0.003318069502711296,0.02558703999966383,0.014031725004315375,78.51133543687563,861628.150908504,861629.156402876
world,Fixation_Detector,Fixation_Detector,loop,30,0.007153690482179324,0.0037535855498829563,0.003235996700823307,0.014199991710484028,0.013519567437469958,78.54231070183839,861629.156402876,861630.162866565
world,Fixation_Detector,Fixation_Detector,loop,30,0.009018722145507732,0.003932283392686126,0.0035329721868038177,0.015735975466668606,0.014625786570832132,78.66442670347169,861630.162866565,861631.167511334
world,Fixation_Detector,Fixation_Detector,loop,30,0.0076634072077771025,0.0038147856926008285,0.002574990503489971,0.014089047908782959,0.013506703544408081,78.57341176907842,861631.167511334,861632.170997794
world,Fixation_Detector,Fixation_Detector,loop,30,0.008994131349027157,0.0041293056962681575,0.0034369295462965965,0.01827406231313944,0.014186801854521036,78.70009030836324,861632.170997794,861633.179227352
world,Fixation_Detector,Fixation_Detector,loop,30,0.009436885981510082,0.0038419912407409032,0.0037300633266568184,0.015644007362425327,0.0148668244946748,78.75460890354589,861633.179227352,861634.185551037
world,Fixation_Detector,Fixation_Detector,loop,24,0.00826764153316617,0.003978419424653327,0.0031460076570510864,0.015250989235937595,0.013997522182762621,80.94848429027479,861634.185551037,861635.18710748
world,Fixation_Detector,Fixation_Detector,loop,30,0.0065974270304044085,0.0034755048014618183,0.0026189954951405525,0.01412397250533104,0.013433687854558226,78.98122672534858,861635.18710748,861636.195529738
world,Fixation_Detector,Fixation_Detector,loop,30,0.008105191712578138,0.0038455704568850593,0.0027959467843174934,0.014054006896913052,0.013843562919646502,78.77898290365313,861636.195529738,861637.199937513
world,Fixation_Detector,Fixation_Detector,loop,30,0.0066003451744715376,0.0032887973686835255,0.0026349443942308426,0.013878918252885342,0.01361237373203039,78.78886064281687,861637.199937513,861638.204992989
world,Fixation_Detector,Fixation_Detector,loop,30,0.008466110254327456,0.004552815081605437,0.003544962964951992,0.02230703830718994,0.014831696171313523,81.34474541293457,861638.204992989,861639.21252079
world,Fixation_Detector,Fixation_Detector,loop,30,0.006652173275748889,0.0035955734890763115,0.0026529887691140175,0.013960059732198715,0.013727683108299969,78.86901082626234,861639.21252079,861640.214968569
world,Fixation_Detector,Fixation_Detector,loop,30,0.007742686041941245,0.003612422588278822,0.0028939684852957726,0.0144570367410779,0.013416120782494545,78.87521310476586,861640.214968569,861641.221017608
world,Fixation_Detector,Fixation_Detector,loop,30,0.007599460271497567,0.003856503947014712,0.0028669601306319237,0.014555989764630795,0.013786181807518004,78.90325532838081,861641.221017608,861642.224016754
world,Fixation_Detector,Fixation_Detector,loop,30,0.0075615399206678076,0.0035926380436288835,0.0029579969123005867,0.013774959370493889,0.013543380191549657,79.40982043898354,861642.224016754,861643.232990821
world,Fixation_Detector,Fixation_Detector,loop,30,0.008326570969074965,0.004005634836177593,0.0024780165404081345,0.013892073184251785,0.013748992932960391,79.08955436044683,861643.232990821,861644.236143944
world,Fixation_Detector,Fixation_Detector,loop,30,0.0077671681841214495,0.003909173517248494,0.0031259842216968536,0.013435957953333855,0.012982735643163323,79.1544404385301,861644.236143944,861645.240764015
world,Fixation_Detector,Fixation_Detector,loop,30,0.0083640373001496,0.004602095657709173,0.0024549663066864014,0.022017047740519047,0.016105215763673176,79.27040843836342,861645.240764015,861646.247264816
world,Fixation_Detector,Fixation_Detector,loop,30,0.007294126165409883,0.00401882853194739,0.0027099158614873886,0.01475401222705841,0.013708486221730709,79.044632105312,861646.247264816,861647.251325462
world,Fixation_Detector,Fixation_Detector,loop,30,0.007678677017490069,0.003799971669034369,0.0026690540835261345,0.013723969459533691,0.013152242172509432,80.07866632736598,861647.251325462,861648.257613241
world,ScreenMarkerChoreographyPlugin,ScreenMarkerChoreographyPlugin,loop,31,5.901728828077115,4.180140430746773,2.198564005084336,25.704722967930138,9.911090019159019,83.29545987409449,861598.336620256,861599.367249407
world,ScreenMarkerChoreographyPlugin,ScreenMarkerChoreographyPlugin,loop,30,10.073333334488174,4.709974007317156,2.0762330386787653,21.43411000724882,18.97875776630825,87.25512243496875,861599.367249407,861600.380454027
world,ScreenMarkerChoreographyPlugin,ScreenMarkerChoreographyPlugin,loop,31,12.338302485013921,4.952746306500885,4.0423329919576645,23.072976036928594,20.385292475111783,89.7511734229122,861600.380454027,861601.426128888
world,ScreenMarkerChoreographyPlugin,ScreenMarkerChoreographyPlugin,loop,31,7.7478781214825085,4.920806781369553,2.269154996611178,18.098836997523904,17.025437497068197,85.17334996647531,861601.426128888,861602.453220538
world,ScreenMarkerChoreographyPlugin,ScreenMarkerChoreographyPlugin,loop,30,11.859895506252846,5.515374501313493,3.720771986991167,27.43629994802177,21.029933966929082,89.2793840340649,861602.453220538,861603.466475724
world,ScreenMarkerChoreographyPlugin,ScreenMarkerChoreographyPlugin,loop,30,11.816959300388893,5.030172285052946,4.866247996687889,31.37195506133139,17.408078402513638,89.43943207462628,861603.466475724,861604.47526405
world,ScreenMarkerChoreographyPlugin,ScreenMarkerChoreographyPlugin,loop,28,4.731879523855501,8.795343828325178,0.011433963663876057,38.883883971720934,19.51746430713683,84.0279733695622,861604.47526405,861605.498243484
world,ScreenMarkerChoreographyPlugin,ScreenMarkerChoreographyPlugin,loop,30,0.033329438883811235,0.015508809912099264,0.011813943274319172,0.06459909491240978,0.05981362774036823,77.66699846833944,861605.498243484,861606.501368059
world,ScreenMarkerChoreographyPlugin,ScreenMarkerChoreographyPlugin,loop,30,0.033003592398017645,0.01542109364576631,0.012429081834852695,0.05445897113531828,0.05312550347298384,77.7995948951381,861606.501368059,861607.506277974
world,ScreenMarkerChoreographyPlugin,ScreenMarkerChoreographyPlugin,loop,30,0.03219841358562311,0.015693642206390995,0.012465985491871834,0.057331984862685204,0.0566803675610572,77.66756426620607,861607.506277974,861608.514330403
world,ScreenMarkerChoreographyPlugin,ScreenMarkerChoreographyPlugin,loop,30,0.034812011290341616,0.015256707998289239,0.014489982277154922,0.06333005148917437,0.057082087732851484,77.96583983581513,861608.514330403,861609.518161888
world,ScreenMarkerChoreographyPlugin,ScreenMarkerChoreographyPlugin,loop,30,0.03343830661227306,0.014686340545404493,0.011879950761795044,0.05499098915606737,0.05319106858223677,77.82701663284872,861609.518161888,861610.521568199
world,ScreenMarkerChoreographyPlugin,ScreenMarkerChoreographyPlugin,loop,30,0.0235320379336675,0.010640508919916436,0.01063093077391386,0.05278794560581446,0.0496146036311984,77.98127843610321,861610.521568199,861611.529618144
world,ScreenMarkerChoreographyPlugin,ScreenMarkerChoreographyPlugin,loop,30,0.03415218864878019,0.04623904556132258,0.01119798980653286,0.270489021204412,0.05824651452712714,77.82770076300949,861611.529618144,861612.535078423
world,ScreenMarkerChoreographyPlugin,ScreenMarkerChoreographyPlugin,loop,30,0.029550446197390556,0.015828121687683907,0.011072959750890732,0.06350805051624775,0.05116106476634741,77.81809133011848,861612.535078423,861613.538430572
world,ScreenMarkerChoreographyPlugin,ScreenMarkerChoreographyPlugin,loop,30,0.030524629012991984,0.01664195620125133,0.011331983841955662,0.05904003046452999,0.05593857495114206,78.02620899941151,861613.538430572,861614.545677957
world,ScreenMarkerChoreographyPlugin,ScreenMarkerChoreographyPlugin,loop,30,0.027968901364753645,0.012969383557396828,0.013431068509817123,0.05580310244113207,0.05021765828132628,77.95451850785564,861614.545677957,861615.549763724
world,ScreenMarkerChoreographyPlugin,ScreenMarkerChoreographyPlugin,loop,30,0.031327669663975634,0.01573983994036587,0.013898010365664959,0.06172305438667536,0.05357423797249793,77.93408569026117,861615.549763724,861616.554268164
world,ScreenMarkerChoreographyPlugin,ScreenMarkerChoreographyPlugin,loop,30,0.02830006026973327,0.01246714793860062,0.012125936336815357,0.052162911742925644,0.049951276741921895,78.13295899735142,861616.554268164,861617.562223976
world,ScreenMarkerChoreographyPlugin,ScreenMarkerChoreographyPlugin,loop,30,0.02771785172323386,0.014683713690757211,0.012050964869558811,0.06635300815105438,0.05420371307991445,78.042507225958,861617.562223976,861618.565925224
world,ScreenMarkerChoreographyPlugin,ScreenMarkerChoreographyPlugin,loop,30,0.02962306219463547,0.014616540580465558,0.012904987670481205,0.05707109812647104,0.052874250104650855,77.97376303933561,861618.565925224,861619.570600314
world,ScreenMarkerChoreographyPlugin,ScreenMarkerChoreographyPlugin,loop,30,0.028354127425700426,0.012663986223105031,0.012595090083777905,0.0546799274161458,0.051945081213489175,78.2132158948419,861619.570600314,861620.578641092
world,ScreenMarkerChoreographyPlugin,ScreenMarkerChoreographyPlugin,loop,30,0.030540810742725927,0.014733945404930459,0.010106014087796211,0.056863995268940926,0.05381323862820864,78.14016542785491,861620.578641092,861621.581923999
world,ScreenMarkerChoreographyPlugin,ScreenMarkerChoreographyPlugin,loop,30,0.031458850329120956,0.014246350622700948,0.012603006325662136,0.05351996514946222,0.05220348248258233,78.23617799052347,861621.581923999,861622.586177678
world,ScreenMarkerChoreographyPlugin,ScreenMarkerChoreographyPlugin,loop,30,0.028332575069119532,0.01407891328965897,0.011540018022060394,0.06205798126757145,0.04892877768725156,78.41571517831956,861622.586177678,861623.594117284
world,ScreenMarkerChoreographyPlugin,ScreenMarkerChoreographyPlugin,loop,30,0.030600135990728933,0.013655031105258385,0.01324398908764124,0.05942094139754772,0.05171564407646654,78.27197642376025,861623.594117284,861624.598722987
world,ScreenMarkerChoreographyPlugin,ScreenMarkerChoreographyPlugin,loop,30,0.030664676645149786,0.014280360322525222,0.013092998415231705,0.059891026467084885,0.051541341235861175,78.44592203230907,861624.598722987,861625.602282512
world,ScreenMarkerChoreographyPlugin,ScreenMarkerChoreographyPlugin,loop,30,0.02772557393958171,0.013280178687807032,0.012329081073403358,0.05476700607687235,0.05000888486392795,78.43163077098627,861625.602282512,861626.610537555
world,ScreenMarkerChoreographyPlugin,ScreenMarkerChoreographyPlugin,loop,30,0.03321828553453088,0.014556076484169362,0.015007099136710167,0.05830696318298578,0.05407232674770056,78.48155662650242,861626.610537555,861627.614595719
world,ScreenMarkerChoreographyPlugin,ScreenMarkerChoreographyPlugin,loop,30,0.02862694285189112,0.011463355204607489,0.010235002264380455,0.05058501847088337,0.04483682569116354,78.58045680137973,861627.614595719,861628.618835901
world,ScreenMarkerChoreographyPlugin,ScreenMarkerChoreographyPlugin,loop,30,0.031082374819864828,0.01361157575360509,0.01171301119029522,0.055058044381439686,0.05449281306937337,78.56700873623292,861628.618835901,861629.626681607
world,ScreenMarkerChoreographyPlugin,ScreenMarkerChoreographyPlugin,loop,30,0.03075823575879137,0.01672730808368424,0.012594973668456078,0.08189200889319181,0.05807970883324739,78.55368530532967,861629.626681607,861630.630578837
world,ScreenMarkerChoreographyPlugin,ScreenMarkerChoreographyPlugin,loop,30,0.03589964471757412,0.015291713668696997,0.012175063602626324,0.05710904952138662,0.05511873750947416,78.80335548349346,861630.630578837,861631.634634966
world,ScreenMarkerChoreographyPlugin,ScreenMarkerChoreographyPlugin,loop,30,0.03343583860745033,0.019808760763359575,0.011974014341831207,0.10989699512720108,0.05275172879919409,78.58047943251829,861631.634634966,861632.638460861
world,ScreenMarkerChoreographyPlugin,ScreenMarkerChoreographyPlugin,loop,30,0.03409302250171701,0.01489084704560733,0.015271943993866444,0.07038097828626633,0.055436557158827775,78.82891040450583,861632.638460861,861633.647080013
world,ScreenMarkerChoreographyPlugin,ScreenMarkerChoreographyPlugin,loop,30,0.03487726595873634,0.015239077452123849,0.013851909898221493,0.06043002940714359,0.05476480582728981,78.89650096961607,861633.647080013,861634.651218794
world,ScreenMarkerChoreographyPlugin,ScreenMarkerChoreographyPlugin,loop,24,7.811515805466722,14.402987541691923,0.011258991435170174,69.96841391082853,26.900824229232935,88.57949507364538,861634.651218794,861635.659700758
world,ScreenMarkerChoreographyPlugin,ScreenMarkerChoreographyPlugin,loop,30,11.325374439669153,7.040737166161489,1.826570020057261,39.90112210158259,19.937444571405646,90.42347805419315,861635.659700758,861636.671459613
world,ScreenMarkerChoreographyPlugin,ScreenMarkerChoreographyPlugin,loop,30,11.970183932377646,5.171386534388227,3.8588829338550568,26.675501954741776,20.59165798709727,90.67432743807633,861636.671459613,861637.682903787
world,ScreenMarkerChoreographyPlugin,ScreenMarkerChoreographyPlugin,loop,30,12.877545366063714,10.874692734719302,2.110725035890937,62.466557952575386,24.238781753228977,94.25534546608105,861637.682903787,861638.686361629
world,ScreenMarkerChoreographyPlugin,ScreenMarkerChoreographyPlugin,loop,30,10.71984030228729,4.725441709165031,2.814236911945045,26.23357390984893,18.062953843036663,89.66461203138654,861638.686361629,861639.687264384
world,ScreenMarkerChoreographyPlugin,ScreenMarkerChoreographyPlugin,loop,30,12.891497598805776,5.3391457869759185,4.2828889563679695,23.642919026315212,21.120824565878138,91.71478200005367,861639.687264384,861640.689964855
world,ScreenMarkerChoreographyPlugin,ScreenMarkerChoreographyPlugin,loop,30,9.985961380880326,6.407363646449414,1.8911069491878152,26.55922493431717,20.86846692836843,88.96980851034944,861640.689964855,861641.691384119
world,ScreenMarkerChoreographyPlugin,ScreenMarkerChoreographyPlugin,loop,30,11.721049505285919,5.1848366943793724,2.4796450743451715,25.268390076234937,20.193096494767815,90.7392633263953,861641.691384119,861642.714319382
world,ScreenMarkerChoreographyPlugin,ScreenMarkerChoreographyPlugin,loop,30,13.22736016397054,7.014582909362432,4.044491914100945,41.843342944048345,22.586769488407292,92.60833470228438,861642.714319382,861643.716215162
world,ScreenMarkerChoreographyPlugin,ScreenMarkerChoreographyPlugin,loop,31,9.233841680050377,5.205091341992783,2.394518000073731,19.94638203177601,18.92654108814895,88.43882841944334,861643.716215162,861644.750781018
world,ScreenMarkerChoreographyPlugin,ScreenMarkerChoreographyPlugin,loop,31,10.237747469105788,4.867996650378421,2.9905950650572777,22.283724043518305,18.248030042741448,89.35807650578359,861644.750781018,861645.788854318
world,ScreenMarkerChoreographyPlugin,ScreenMarkerChoreographyPlugin,loop,30,12.176587828435004,6.4758297797830275,3.8300169399008155,35.983304027467966,22.534572816221036,91.4086532429792,861645.788854318,861646.790323248
world,ScreenMarkerChoreographyPlugin,ScreenMarkerChoreographyPlugin,loop,30,9.12209942471236,7.374710353986904,1.8015078967437148,40.26422102469951,18.380644242279214,88.61522313673049,861646.790323248,861647.792018137
world,ScreenMarkerChoreographyPlugin,ScreenMarkerChoreographyPlugin,loop,30,13.742606834663698,7.518029866436488,3.90409491956234,42.54297201987356,22.778050933266048,93.49301732921352,861647.792018137,861648.80925478
world,System_Graphs,System_Graphs,loop,31,0.033829034486364935,0.0618426141034451,0.002629007212817669,0.252279918640852,0.1640285481698811,83.37942106393918,861598.337490043,861599.367443573
world,System_Graphs,System_Graphs,loop,30,0.036789212996761,0.061228856594033106,0.002461019903421402,0.2041580155491829,0.1739549858029931,87.33125237825637,861599.367443573,861600.380699262
world,System_Graphs,System_Graphs,loop,31,0.039989297698822715,0.07589970096446479,0.0028050271794199944,0.2755529712885618,0.2515760133974254,89.86417761057496,861600.380699262,861601.427086431
world,System_Graphs,System_Graphs,loop,31,0.03716946699686589,0.06361557846124358,0.002730987034738064,0.273748068138957,0.15820050612092018,85.29884984806901,861601.427086431,861602.45429615
world,System_Graphs,System_Graphs,loop,30,0.048808330514778696,0.08803391913621565,0.0030229566618800163,0.3039500443264842,0.2579876745585351,89.40422730132316,861602.45429615,861603.467879792
world,System_Graphs,System_Graphs,loop,30,0.04776243586093187,0.09051740019534396,0.0033940887078642845,0.3335080109536648,0.28413950931280835,89.54760947187121,861603.467879792,861604.476214751
world,System_Graphs,System_Graphs,loop,28,0.03310435567982495,0.06828312986631815,0.002538086846470833,0.2989619970321655,0.17478496883995812,84.12039060827477,861604.476214751,861605.499145697
world,System_Graphs,System_Graphs,loop,30,0.04816777460897962,0.08803259228787798,0.002515967935323715,0.2987850457429886,0.2750795916654169,77.74548670665051,861605.499145697,861606.501615546
world,System_Graphs,System_Graphs,loop,30,0.044475976998607315,0.08014887704391878,0.002684071660041809,0.29032991733402014,0.23262856993824232,77.89514989902575,861606.501615546,861607.50718827
world,System_Graphs,System_Graphs,loop,30,0.04812420423453053,0.08930565341359778,0.0025549670681357384,0.29905198607593775,0.2734063833486288,77.75940890423954,861607.50718827,861608.514969945
world,System_Graphs,System_Graphs,loop,30,0.05312908130387465,0.09665246317859942,0.002140994183719158,0.3128359094262123,0.2812783641275018,78.06550629902631,861608.514969945,861609.518863094
world,System_Graphs,System_Graphs,loop,30,0.03766819524268309,0.06519874271408684,0.003279070369899273,0.26828900445252657,0.17362185171805314,77.89537533341597,861609.518863094,861610.521830895
world,System_Graphs,System_Graphs,loop,30,0.03488697111606598,0.06394707305864918,0.0021640444174408913,0.25071005802601576,0.16240638797171403,78.03972729016095,861610.521830895,861611.529885304
world,System_Graphs,System_Graphs,loop,30,0.032860731395582356,0.05992758662401707,0.0023900065571069717,0.24545309133827686,0.15836061211302854,77.90620267235984,861611.529885304,861612.535970264
world,System_Graphs,System_Graphs,loop,30,0.029035669285804033,0.052370643794831466,0.00272504985332489,0.2594980178400874,0.09840236743912097,77.89249119814485,861612.535970264,861613.539230848
world,System_Graphs,System_Graphs,loop,30,0.03940917473907272,0.07914160541886747,0.0023279571905732155,0.3285190323367715,0.21355423377826754,78.09684496217717,861613.539230848,861614.545883541
world,System_Graphs,System_Graphs,loop,30,0.03501297517990073,0.0643281295821385,0.002712942659854889,0.26203098241239786,0.17701126052997984,78.01322377442072,861614.545883541,861615.549983496
world,System_Graphs,System_Graphs,loop,30,0.05368025740608573,0.10300714097566437,0.002969987690448761,0.34649495501071215,0.3202713734935968,78.0217591013449,861615.549983496,861616.554636703
world,System_Graphs,System_Graphs,loop,30,0.052064843475818634,0.09838550653154964,0.0025419285520911217,0.30213501304388046,0.2936436212621629,78.21788925987978,861616.554636703,861617.562673114
world,System_Graphs,System_Graphs,loop,30,0.04049685473243395,0.0822550636387534,0.0029639340937137604,0.3364129224792123,0.22904609213583127,78.11092966391395,861617.562673114,861618.566189955
world,System_Graphs,System_Graphs,loop,30,0.04644567767779032,0.08713026303057231,0.002766028046607971,0.2951519563794136,0.27055102400481695,78.05912549762677,861618.566189955,861619.57122658
world,System_Graphs,System_Graphs,loop,30,0.03310594086845716,0.05512863007364454,0.002802000381052494,0.2422700636088848,0.1198223617393523,78.2838500260065,861619.57122658,861620.579225437
world,System_Graphs,System_Graphs,loop,30,0.042101279056320585,0.0797885875759284,0.002250075340270996,0.2746159443631768,0.2611554809845984,78.20940820577864,861620.579225437,861621.58214669
world,System_Graphs,System_Graphs,loop,30,0.04269065878664454,0.08031659245335794,0.0025640474632382393,0.30730594880878925,0.2409802225884047,78.31246330558012,861621.58214669,861622.586548623
world,System_Graphs,System_Graphs,loop,30,0.04453358706086874,0.08668659539807673,0.0023460015654563904,0.32404193188995123,0.2703463425859807,78.48812639713287,861622.586548623,861623.594412203
world,System_Graphs,System_Graphs,loop,30,0.050430151168257,0.09566783795807983,0.002695014700293541,0.3222560044378042,0.30384025885723526,78.36216463086505,861623.594412203,861624.599305548
world,System_Graphs,System_Graphs,loop,30,0.04520481452345848,0.09579398433328391,0.0030919909477233887,0.4501749062910676,0.21582762128673455,78.52510680677369,861624.599305548,861625.602689771
world,System_Graphs,System_Graphs,loop,30,0.03927522726977865,0.07821655282186679,0.0029799994081258774,0.30858407262712717,0.22264138679020062,78.50293932715431,861625.602689771,861626.610960474
world,System_Graphs,System_Graphs,loop,30,0.0469316728413105,0.08628020996199993,0.002802000381052494,0.30595704447478056,0.26218830025754863,78.56736306566745,861626.610960474,861627.615113102
world,System_Graphs,System_Graphs,loop,30,0.04946625946710507,0.09083589344502346,0.002283952198922634,0.30001497361809015,0.2628392481710762,78.6600983934477,861627.615113102,861628.619195572
world,System_Graphs,System_Graphs,loop,30,0.042891770135611296,0.0784874556032018,0.002977089025080204,0.28272299095988274,0.24740976514294735,78.64829706183325,861628.619195572,861629.627223473
world,System_Graphs,System_Graphs,loop,30,0.039087398909032345,0.07625725954478622,0.002745073288679123,0.30310102738440037,0.2142420620657499,78.62616724645098,861629.627223473,861630.630979367
world,System_Graphs,System_Graphs,loop,30,0.058777909725904465,0.10663059905715201,0.0032010721042752266,0.31889299862086773,0.3143108100630343,78.89309833214308,861630.630979367,861631.634808159
world,System_Graphs,System_Graphs,loop,30,0.04657044385870298,0.08202484699233797,0.0024010660126805305,0.2860940294340253,0.2498378686141222,78.66260459801804,861631.634808159,861632.638843708
world,System_Graphs,System_Graphs,loop,30,0.04693450561414162,0.08416488198259148,0.003472086973488331,0.305384979583323,0.25669851456768805,78.91969331152116,861632.638843708,861633.64773257
world,System_Graphs,System_Graphs,loop,30,0.05164184452344974,0.09425230444939259,0.0028730137273669243,0.2995880786329508,0.28395443223416805,78.99689730256796,861633.64773257,861634.651997231
world,System_Graphs,System_Graphs,loop,24,0.03135642812897762,0.05277337452580641,0.002347049303352833,0.22732699289917946,0.10412319097667931,88.65702221131262,861634.651997231,861635.660119199
world,System_Graphs,System_Graphs,loop,30,0.029149744659662247,0.04984890344898007,0.0026030465960502625,0.23482798133045435,0.10859025642275806,90.50363753146182,861635.660119199,861636.672032811
world,System_Graphs,System_Graphs,loop,30,0.035063185108204685,0.05503697961955248,0.003017950803041458,0.18256204202771187,0.17760932678356764,90.77847139366592,861636.672032811,861637.683826567
world,System_Graphs,System_Graphs,loop,30,0.031999937103440367,0.05358992514300665,0.002558925189077854,0.22173707839101553,0.13979413779452438,94.33182126376778,861637.683826567,861638.686736608
world,System_Graphs,System_Graphs,loop,30,0.03727650037035346,0.0656871550671144,0.0034150434657931328,0.2840289380401373,0.1768561196513473,89.74648736960565,861638.686736608,861639.687503626
world,System_Graphs,System_Graphs,loop,30,0.0446602973776559,0.08059213225882218,0.0028780195862054825,0.31167000997811556,0.22965812822803844,91.80274972459301,861639.687503626,861640.690107827
world,System_Graphs,System_Graphs,loop,30,0.03200023202225566,0.05981388854122561,0.0030760420486330986,0.31082192435860634,0.09959131712093947,89.04945955922206,861640.690107827,861641.691654263
world,System_Graphs,System_Graphs,loop,30,0.04068032139912248,0.07208524787470481,0.002963002771139145,0.28988299891352654,0.20792452269233727,90.83824309830864,861641.691654263,861642.714914928
world,System_Graphs,System_Graphs,loop,30,0.04147375002503395,0.07650930471024028,0.0032350653782486916,0.3128859680145979,0.2091140369884666,92.70323257272442,861642.714914928,861643.71673581
world,System_Graphs,System_Graphs,loop,31,0.03486809005299883,0.062197557942677936,0.0029508955776691437,0.2502189017832279,0.17652049427852035,88.53693699253903,861643.71673581,861644.751757377
world,System_Graphs,System_Graphs,loop,31,0.04149506229066079,0.07968470392691983,0.0027259811758995056,0.3413379890844226,0.2205985365435481,89.46009851135915,861644.751757377,861645.789670703
world,System_Graphs,System_Graphs,loop,30,0.03856034018099308,0.06935031915105291,0.002844957634806633,0.2987280022352934,0.18870118656195672,91.49450263163696,861645.789670703,861646.790469236
world,System_Graphs,System_Graphs,loop,30,0.05081579244385163,0.08799957418884866,0.00268593430519104,0.30531594529747963,0.27435983065515746,88.71083740377799,861646.790469236,861647.792283691
world,System_Graphs,System_Graphs,loop,30,0.04083435827245315,0.07350298024299208,0.0027889618650078773,0.29610900674015284,0.20562243298627417,93.61944850922252,861647.792283691,861648.810418953
world,Display_Recent_Gaze,Display_Recent_Gaze,loop,30,0.0020902642669777074,0.0010626865170265808,0.0008069910109043121,0.005125999450683594,0.004062458174303174,83.33650986508776,861598.433130716,861599.435135445
world,Display_Recent_Gaze,Display_Recent_Gaze,loop,30,0.0024278919833401837,0.0013460078822947438,0.0009400537237524986,0.005110981874167919,0.004889810224995016,87.72025963601966,861599.435135445,861600.442185355
world,Display_Recent_Gaze,Display_Recent_Gaze,loop,30,0.0027299082527558007,0.0015816418109401078,0.0010280637070536613,0.005685025826096535,0.005346251418814062,90.07456085722272,861600.442185355,861601.454445858
world,Display_Recent_Gaze,Display_Recent_Gaze,loop,30,0.002281833440065384,0.0012507439563669146,0.0009719515219330788,0.006243935786187649,0.004735199036076661,85.1503759700184,861601.454445858,861602.454823593
world,Display_Recent_Gaze,Display_Recent_Gaze,loop,30,0.002787025490154823,0.0015883831145767295,0.0009249197319149971,0.005570938810706139,0.005411403253674507,89.43224912509322,861602.454823593,861603.468415143
world,Display_Recent_Gaze,Display_Recent_Gaze,loop,30,0.0027598774371047816,0.0017134786879224556,0.0010200310498476028,0.007416936568915844,0.005386950215324759,89.57099186566968,861603.468415143,861604.476620299
world,Display_Recent_Gaze,Display_Recent_Gaze,loop,28,0.0024870969355106354,0.0015938544406895825,0.0009409850463271141,0.005698995664715767,0.005388283170759678,84.15156300595429,861604.476620299,861605.499803477
world,Display_Recent_Gaze,Display_Recent_Gaze,loop,30,0.002968901147445043,0.0014353238661518916,0.0011150259524583817,0.005529029294848442,0.005288777174428105,77.75938119739294,861605.499803477,861606.501772084
world,Display_Recent_Gaze,Display_Recent_Gaze,loop,30,0.0037825084291398525,0.004853097178338098,0.000950065441429615,0.028682989068329334,0.0054770789574831715,77.92637626407668,861606.501772084,861607.50783022
world,Display_Recent_Gaze,Display_Recent_Gaze,loop,30,0.0030012025187412896,0.0014990479435692693,0.0012789387255907059,0.005704001523554325,0.005316565511748195,77.77526878441374,861607.50783022,861608.515156661
world,Display_Recent_Gaze,Display_Recent_Gaze,loop,30,0.0037031791483362517,0.0029108887094271675,0.0011200318112969398,0.017181038856506348,0.0054963165894150725,78.09248535971467,861608.515156661,861609.519362854
world,Display_Recent_Gaze,Display_Recent_Gaze,loop,30,0.003077427390962839,0.0014549620437326958,0.0011419178918004036,0.005566049367189407,0.005259294994175434,77.91130341744672,861609.519362854,861610.521996806
world,Display_Recent_Gaze,Display_Recent_Gaze,loop,30,0.00211659741277496,0.0010094660453465445,0.0008899951353669167,0.004966976121068001,0.004593777703121303,78.05084156182905,861610.521996806,861611.530028147
world,Display_Recent_Gaze,Display_Recent_Gaze,loop,30,0.0025480597590406737,0.0015756955517760851,0.0009229406714439392,0.005800044164061546,0.005233509000390768,77.93736969276021,861611.530028147,861612.53665668
world,Display_Recent_Gaze,Display_Recent_Gaze,loop,30,0.0027393223717808723,0.0014892808301657646,0.0010119983926415443,0.005171983502805233,0.0050499162171036,77.9190954597046,861612.53665668,861613.539781624
world,Display_Recent_Gaze,Display_Recent_Gaze,loop,30,0.0028762927589317164,0.0016275480982393322,0.0008909264579415321,0.005661975592374802,0.005205074558034539,78.11060040257871,861613.539781624,861614.546029719
world,Display_Recent_Gaze,Display_Recent_Gaze,loop,30,0.0026344554498791695,0.0013097784971522442,0.001127016730606556,0.0053299590945243835,0.0051365350373089305,78.024595665435,861614.546029719,861615.550108703
world,Display_Recent_Gaze,Display_Recent_Gaze,loop,30,0.0030015711672604084,0.0017644353238623945,0.0010830117389559746,0.00704603735357523,0.005505804438143969,78.03536183588828,861615.550108703,861616.554755869
world,Display_Recent_Gaze,Display_Recent_Gaze,loop,30,0.0029959327851732573,0.001743202012840328,0.0012570526450872421,0.007705995813012123,0.005677889566868544,78.23614760612448,861616.554755869,861617.562942156
world,Display_Recent_Gaze,Display_Recent_Gaze,loop,30,0.0028013562162717185,0.0016438801305852576,0.0012830132618546486,0.006153946742415428,0.005842716200277208,78.12386366616313,861617.562942156,861618.566339289
world,Display_Recent_Gaze,Display_Recent_Gaze,loop,30,0.002562666001419226,0.0013497462147029492,0.0011121155694127083,0.005542067810893059,0.0048712186980992556,78.07301273569465,861618.566339289,861619.571401959
world,Display_Recent_Gaze,Display_Recent_Gaze,loop,30,0.002761111439516147,0.0015215884060250826,0.0012919772416353226,0.006863963790237904,0.0057481054682284585,78.29830289895956,861619.571401959,861620.579349081
world,Display_Recent_Gaze,Display_Recent_Gaze,loop,30,0.002821119657407204,0.0014209964208550447,0.001034000888466835,0.005287001840770245,0.005104532465338707,78.2217768408979,861620.579349081,861621.582269297
world,Display_Recent_Gaze,Display_Recent_Gaze,loop,30,0.003062033404906591,0.0014930352662570546,0.0011329539120197296,0.0054229749366641045,0.005105277523398399,78.33530416246504,861621.582269297,861622.586800716
world,Display_Recent_Gaze,Display_Recent_Gaze,loop,30,0.0027116349277397,0.0014164164060683723,0.0008859205991029739,0.005137990228831768,0.005045649595558643,78.50261548301205,861622.586800716,861623.594610592
world,Display_Recent_Gaze,Display_Recent_Gaze,loop,30,0.002943464399625858,0.0014023966687550455,0.001159030944108963,0.00535894650965929,0.005107180913910269,78.3818450407125,861623.594610592,861624.59963471
world,Display_Recent_Gaze,Display_Recent_Gaze,loop,30,0.002816676472624143,0.0013260498095269539,0.0012029195204377174,0.0052050454542040825,0.005058536771684885,78.54362191477169,861624.59963471,861625.602986158
world,Display_Recent_Gaze,Display_Recent_Gaze,loop,30,0.0031193718314170837,0.0033517484518182697,0.0009360956028103828,0.019490020349621773,0.005375471664592624,78.51927624239276,861625.602986158,861626.611201317
world,Display_Recent_Gaze,Display_Recent_Gaze,loop,30,0.0034510002781947455,0.003173390693328137,0.0010799849405884743,0.018962076865136623,0.005435501225292682,78.58918257212888,861626.611201317,861627.615478265
world,Display_Recent_Gaze,Display_Recent_Gaze,loop,30,0.0026293952638904252,0.0012688392039891072,0.0010150251910090446,0.004731933586299419,0.0046241097152233115,78.67184250693147,861627.615478265,861628.619313124
world,Display_Recent_Gaze,Display_Recent_Gaze,loop,30,0.0029723703240354857,0.0013904891875291116,0.0012979144230484962,0.005373964086174965,0.00523014459758997,78.66975980189939,861628.619313124,861629.62760073
world,Display_Recent_Gaze,Display_Recent_Gaze,loop,30,0.0028554311332603297,0.001402979970567852,0.0010679941624403,0.005479087121784687,0.005174410762265325,78.64506093319505,861629.62760073,861630.631288639
world,Display_Recent_Gaze,Display_Recent_Gaze,loop,30,0.0032923572386304536,0.0014953699062986512,0.0011119991540908813,0.005503068678081036,0.0053342722821980715,78.90618742676452,861630.631288639,861631.634896288
world,Display_Recent_Gaze,Display_Recent_Gaze,loop,30,0.0030040934992333255,0.0013720731789610364,0.0011899974197149277,0.005675014108419418,0.005458889063447713,78.67918253177777,861631.634896288,861632.63907112
world,Display_Recent_Gaze,Display_Recent_Gaze,loop,30,0.0033790944144129753,0.0018438173559529455,0.001393025740981102,0.009872019290924072,0.005717872409150003,78.94072110842292,861632.63907112,861633.648075817
world,Display_Recent_Gaze,Display_Recent_Gaze,loop,30,0.0033682367453972497,0.0015131730136500512,0.0012579839676618576,0.005761976353824139,0.005246413638815284,79.02151780047764,861633.648075817,861634.652439063
world,Display_Recent_Gaze,Display_Recent_Gaze,loop,24,0.0024702991746986904,0.0016295696160309515,0.0010599615052342415,0.0067159999161958694,0.005892850458621977,88.67515975725837,861634.652439063,861635.660367578
world,Display_Recent_Gaze,Display_Recent_Gaze,loop,30,0.0025485875084996223,0.0015862708952547506,0.0008989591151475906,0.006221001967787743,0.005188165232539176,90.5245628557168,861635.660367578,861636.672395404
world,Display_Recent_Gaze,Display_Recent_Gaze,loop,30,0.0029445509426295757,0.001603646674050826,0.0009989598765969276,0.005605979822576046,0.00536231673322618,90.81584622617811,861636.672395404,861637.684623661
world,Display_Recent_Gaze,Display_Recent_Gaze,loop,30,0.002363320284833511,0.0013824504614869503,0.0008699717000126839,0.005507026799023151,0.005148159107193349,94.34790543746203,861637.684623661,861638.686951595
world,Display_Recent_Gaze,Display_Recent_Gaze,loop,30,0.0026440053867797055,0.0013581162812288789,0.0009969808161258698,0.005334964953362942,0.004915054887533188,89.76187553489581,861638.686951595,861639.687675818
world,Display_Recent_Gaze,Display_Recent_Gaze,loop,30,0.002698708946506182,0.0014941240293868624,0.000942964106798172,0.005113077349960804,0.005009147571399807,91.8154677725397,861639.687675818,861640.690183243
world,Display_Recent_Gaze,Display_Recent_Gaze,loop,30,0.0026848516426980495,0.00159014731613082,0.0008729984983801842,0.005692010745406151,0.005402619717642664,89.06478293938562,861640.690183243,861641.691829763
world,Display_Recent_Gaze,Display_Recent_Gaze,loop,30,0.0029111746698617935,0.001586419052422055,0.0009140931069850922,0.005397014319896698,0.005202362081035972,90.86179706500843,861641.691829763,861642.715309956
world,Display_Recent_Gaze,Display_Recent_Gaze,loop,30,0.0027709330121676126,0.0013976657268797482,0.0012069940567016602,0.005746958777308464,0.005253712879493832,92.72179964076106,861642.715309956,861643.7169945
world,Display_Recent_Gaze,Display_Recent_Gaze,loop,31,0.0025355069327258296,0.0015745509494320758,0.0008899951353669167,0.006163027137517929,0.005403533577919006,88.56659209460861,861643.7169945,861644.752405189
world,Display_Recent_Gaze,Display_Recent_Gaze,loop,31,0.002573803818273929,0.0015662873379179132,0.0009200302883982658,0.0056480057537555695,0.005431997124105692,89.48691386444074,861644.752405189,861645.790216332
world,Display_Recent_Gaze,Display_Recent_Gaze,loop,30,0.002971664071083069,0.0014576671803763974,0.0009370269253849983,0.005390029400587082,0.005199440056458115,91.50838489489009,861645.790216332,861646.790546513
world,Display_Recent_Gaze,Display_Recent_Gaze,loop,30,0.002525226833919684,0.0015610143867302712,0.0008809147402644157,0.005966983735561371,0.005420122761279344,88.7249859321552,861646.790546513,861647.792431701
world,Display_Recent_Gaze,Display_Recent_Gaze,loop,30,0.002610062559445699,0.0014336142695812208,0.0007260823622345924,0.005492009222507477,0.0049189548008143884,93.66128006561969,861647.792431701,861648.811377224
world,Blink_Detection,Blink_Detection,loop,30,0.0069331688185532885,0.0030814722746487153,0.00305206049233675,0.0142629723995924,0.0134405680000782,83.36883628896128,861598.434256582,861599.435800335
world,Blink_Detection,Blink_Detection,loop,30,0.008206892137726149,0.0045629124523251215,0.00335893128067255,0.01675903331488371,0.01626731245778501,87.74120199571674,861599.435800335,861600.442418975
world,Blink_Detection,Blink_Detection,loop,30,0.009528225443015495,0.006601608841868823,0.003402004949748516,0.03353890497237444,0.01835420844145119,90.10289174426968,861600.442418975,861601.454841505
world,Blink_Detection,Blink_Detection,loop,30,0.007516238838434219,0.0038474814024854285,0.0033400719985365868,0.020420062355697155,0.013760116416960955,85.17491939322402,861601.454841505,861602.455231239
world,Blink_Detection,Blink_Detection,loop,30,0.009496036606530348,0.005119984209921166,0.003273948095738888,0.01865497324615717,0.01794040435925126,89.4632495357655,861602.455231239,861603.468896179
world,Blink_Detection,Blink_Detection,loop,30,0.009201498081286749,0.00567868569085367,0.0036479905247688293,0.02270098775625229,0.018552702385932204,89.5965734962374,861603.468896179,861604.476940569
world,Blink_Detection,Blink_Detection,loop,28,0.008220713685399719,0.005214165965244282,0.0036410056054592133,0.01973705366253853,0.017550477059558034,84.18693172279745,861604.476940569,861605.500460044
world,Blink_Detection,Blink_Detection,loop,30,0.010047321363041798,0.004860324929723223,0.00334298238158226,0.02214603591710329,0.01711437362246215,77.77898733814557,861605.500460044,861606.501921731
world,Blink_Detection,Blink_Detection,loop,30,0.010057457257062197,0.0048033563516392186,0.003235996700823307,0.017197919078171253,0.0168322934769094,77.96076860201235,861606.501921731,861607.508429925
world,Blink_Detection,Blink_Detection,loop,30,0.009540278309335312,0.004895161953237346,0.004197936505079269,0.017966958694159985,0.01701420987956226,77.7952856112582,861607.508429925,861608.515330272
world,Blink_Detection,Blink_Detection,loop,30,0.010752902987102667,0.005190447922445909,0.00327499583363533,0.02085999585688114,0.018597219604998824,78.12379343279947,861608.515330272,861609.51983065
world,Blink_Detection,Blink_Detection,loop,30,0.010418391320854425,0.0047207936351975595,0.003548921085894108,0.01727207563817501,0.01683157170191407,77.93228183096896,861609.51983065,861610.522167002
world,Blink_Detection,Blink_Detection,loop,30,0.007002323400229216,0.0034255209767344824,0.0029999064281582832,0.01793599221855402,0.014896044740453352,78.06515917181969,861610.522167002,861611.530151303
world,Blink_Detection,Blink_Detection,loop,30,0.008433292775104443,0.005008817510048247,0.0034780241549015045,0.017835991457104683,0.017481553368270397,77.97061483918999,861611.530151303,861612.537298006
world,Blink_Detection,Blink_Detection,loop,30,0.009141222108155489,0.00516137134780903,0.0031759263947606087,0.018105958588421345,0.01678568078204989,77.95065980171785,861612.537298006,861613.540332131
world,Blink_Detection,Blink_Detection,loop,30,0.009716503943006197,0.0056295962172962935,0.0033370452001690865,0.018283957615494728,0.017669517546892166,78.12884040176868,861613.540332131,861614.546152209
world,Blink_Detection,Blink_Detection,loop,30,0.008911740345259508,0.004385687291572038,0.003710971213877201,0.017330050468444824,0.01645690063014626,78.04049910434212,861614.546152209,861615.550215082
world,Blink_Detection,Blink_Detection,loop,30,0.009614939335733652,0.005188317891823892,0.00399700365960598,0.01861201599240303,0.01716276747174561,78.05248242802918,861615.550215082,861616.554826473
world,Blink_Detection,Blink_Detection,loop,30,0.009054391800115505,0.004640484106058,0.00394799280911684,0.01763098407536745,0.017115613445639607,78.25746360079695,861616.554826473,861617.563191904
world,Blink_Detection,Blink_Detection,loop,30,0.008693523705005646,0.004767810660947525,0.004319008439779282,0.017879996448755264,0.017689127707853913,78.14136106753722,861617.563191904,861618.566480434
world,Blink_Detection,Blink_Detection,loop,30,0.009143891899536053,0.006514301702548595,0.004060915671288967,0.03634591121226549,0.016796862473711368,78.09167257510126,861618.566480434,861619.571568159
world,Blink_Detection,Blink_Detection,loop,30,0.009117279356966415,0.004699043755475808,0.0037370482459664345,0.0205010874196887,0.017135246889665723,78.31510317046195,861619.571568159,861620.579462982
world,Blink_Detection,Blink_Detection,loop,30,0.009267047668496767,0.0044389613901896505,0.0031850067898631096,0.016873003914952278,0.016247539315372702,78.23912530438974,861620.579462982,861621.582385065
world,Blink_Detection,Blink_Detection,loop,30,0.010326035165538391,0.004836163041314016,0.00393204391002655,0.017671030946075916,0.016850855899974704,78.35867675021291,861621.582385065,861622.587050836
world,Blink_Detection,Blink_Detection,loop,30,0.009051535744220018,0.004744783664561138,0.003047054633498192,0.017990008927881718,0.016457011224701997,78.52199230498324,861622.587050836,861623.594804137
world,Blink_Detection,Blink_Detection,loop,30,0.009882942928622166,0.0045329341625702565,0.0038640573620796204,0.017779995687305927,0.016678177053108808,78.40611867140979,861623.594804137,861624.599941814
world,Blink_Detection,Blink_Detection,loop,30,0.009279764102150997,0.004428567006721838,0.004459056071937084,0.017484999261796474,0.016442692140117288,78.56767299817875,861624.599941814,861625.603296359
world,Blink_Detection,Blink_Detection,loop,30,0.00911886648585399,0.006240362644958191,0.0031460076570510864,0.03158603794872761,0.017040403326973316,78.53923907193045,861625.603296359,861626.611408836
world,Blink_Detection,Blink_Detection,loop,30,0.010978166634837786,0.006726721851873074,0.0039549777284264565,0.037831952795386314,0.017575186211615797,78.61657943188523,861626.611408836,861627.615798567
world,Blink_Detection,Blink_Detection,loop,30,0.008663162589073181,0.004433888785071624,0.003249966539442539,0.020859064534306526,0.015919952420517795,78.6888022790663,861627.615798567,861628.619442991
world,Blink_Detection,Blink_Detection,loop,30,0.00990178668871522,0.00445525359724057,0.003744964487850666,0.018115038983523846,0.017173838568851352,78.69626746590559,861628.619442991,861629.62796538
world,Blink_Detection,Blink_Detection,loop,30,0.009417561038086811,0.004642184376368642,0.004134024493396282,0.018385937437415123,0.016957143088802695,78.66896357930575,861629.62796538,861630.6316004
world,Blink_Detection,Blink_Detection,loop,30,0.010588800068944693,0.004824049270217809,0.0033579999580979347,0.017091981135308743,0.016911124112084508,78.92444653358932,861630.6316004,861631.634967859
world,Blink_Detection,Blink_Detection,loop,30,0.010237974735597769,0.005133162172117126,0.003871973603963852,0.022900989279150963,0.018730846932157864,78.70123230774577,861631.634967859,861632.639287453
world,Blink_Detection,Blink_Detection,loop,30,0.010069013418008884,0.004689449373567812,0.004233908839523792,0.01868500839918852,0.016771123046055436,78.96588636407007,861632.639287453,861633.648397341
world,Blink_Detection,Blink_Detection,loop,30,0.010830730510254702,0.004585490447346603,0.004327972419559956,0.01695007085800171,0.016782537568360567,79.04900412928934,861633.648397341,861634.652797435
world,Blink_Detection,Blink_Detection,loop,24,0.008444621926173568,0.005645010855197826,0.00359897967427969,0.023868982680141926,0.020256440620869388,88.69786383002065,861634.652797435,861635.660617316
world,Blink_Detection,Blink_Detection,loop,30,0.00829020282253623,0.005044615427767432,0.0029830262064933777,0.019215047359466553,0.017518654931336638,90.54874203478296,861635.660617316,861636.672737672
world,Blink_Detection,Blink_Detection,loop,30,0.01037579495459795,0.005416787517040184,0.0033299438655376434,0.018642982468008995,0.018401106353849173,90.85022423338766,861636.672737672,861637.685176652
world,Blink_Detection,Blink_Detection,loop,30,0.00786652478079001,0.004557054130827146,0.003017950803041458,0.01807499211281538,0.017398048657923937,94.36741033568978,861637.685176652,861638.687167413
world,Blink_Detection,Blink_Detection,loop,30,0.009079665566484133,0.004685557936851778,0.004047993570566177,0.019244966097176075,0.01646924647502601,89.78208230885987,861638.687167413,861639.687841742
world,Blink_Detection,Blink_Detection,loop,30,0.009080635694166025,0.004931570619634911,0.0030100345611572266,0.017556012608110905,0.01661581918597221,91.83250349014997,861639.687841742,861640.690254131
world,Blink_Detection,Blink_Detection,loop,30,0.008890874839077393,0.004988817367361609,0.0030139926820993423,0.018435996025800705,0.0168569793459028,89.08409813496594,861640.690254131,861641.691998144
world,Blink_Detection,Blink_Detection,loop,30,0.009701098315417767,0.005119884372225099,0.0030989758670330048,0.01791701652109623,0.01721028238534927,90.88933153543621,861641.691998144,861642.715658709
world,Blink_Detection,Blink_Detection,loop,30,0.014997603526959816,0.029716385876546306,0.0037139980122447014,0.17155497334897518,0.026054243789985727,92.7499472706889,861642.715658709,861643.717226564
world,Blink_Detection,Blink_Detection,loop,31,0.008837139654544092,0.006407317188023143,0.003288034349679947,0.032847048714756966,0.01745350891724229,88.59908003960886,861643.717226564,861644.753019592
world,Blink_Detection,Blink_Detection,loop,31,0.008620888805918155,0.005061629871831034,0.002930988557636738,0.017958926036953926,0.017645477782934904,89.51643196820852,861644.753019592,861645.790720013
world,Blink_Detection,Blink_Detection,loop,31,0.009937230647811967,0.004898620524902492,0.00299699604511261,0.0189139973372221,0.017521961126476526,91.45762431134861,861645.790720013,861646.826383469
world,Blink_Detection,Blink_Detection,loop,30,0.008833229852219423,0.005238422353178854,0.0032030511647462845,0.01832493580877781,0.017932872287929058,88.81133260438219,861646.826383469,861647.833627732
world,Blink_Detection,Blink_Detection,loop,30,0.00885209689537684,0.004796054651084105,0.0030029332265257835,0.017856014892458916,0.01754613476805389,93.58158106527601,861647.833627732,861648.835005879
world,Recorder,Recorder,loop,30,0.004398752935230732,0.00994764846097835,0.0009710201993584633,0.05764199886471033,0.005429214797914027,83.39339110146587,861598.435718227,861599.436321293
world,Recorder,Recorder,loop,30,0.004217137272159259,0.005238091891638154,0.0011380761861801147,0.025718938559293747,0.01399145112372931,87.7565786591731,861599.436321293,861600.442605546
world,Recorder,Recorder,loop,30,0.004331538608918588,0.0066114079220153795,0.001244945451617241,0.038672005757689476,0.006230041617527604,90.12407773407176,861600.442605546,861601.455187936
world,Recorder,Recorder,loop,30,0.004328267338375251,0.009348848081481169,0.0012899981811642647,0.054236967116594315,0.0057947996538132394,85.19427095695089,861601.455187936,861602.455587739
world,Recorder,Recorder,loop,30,0.005051699311782916,0.00992068691104732,0.001193024218082428,0.05766598042100668,0.0060782767832279205,89.49049859850977,861602.455587739,861603.469418706
world,Recorder,Recorder,loop,30,0.005056879793604215,0.009550338635792719,0.0012629898265004158,0.05538796540349722,0.007555261254310607,89.61809839820489,861603.469418706,861604.477297882
world,Recorder,Recorder,loop,28,0.004251541603090507,0.0071226480340824735,0.001061009243130684,0.040212064050138,0.007449457189068196,84.21379194727966,861604.477297882,861605.500991094
world,Recorder,Recorder,loop,30,0.004612949366370837,0.00493046118015652,0.0013370299711823463,0.028584967367351055,0.009390362538397302,77.79508646344766,861605.500991094,861606.502096984
world,Recorder,Recorder,loop,30,0.007903513809045156,0.02290484187941891,0.0014690449461340904,0.13094802852720022,0.0062846229411661625,77.99349225824699,861606.502096984,861607.509108565
world,Recorder,Recorder,loop,30,0.0047698733396828175,0.005405358067058837,0.0014139804989099503,0.031043076887726784,0.009680091170594084,77.81212996148194,861607.509108565,861608.515527436
world,Recorder,Recorder,loop,30,0.006375896433989207,0.013392602805630186,0.0011830125004053116,0.0778719549998641,0.006797508103772997,78.15374652467047,861608.515527436,861609.520366006
world,Recorder,Recorder,loop,30,0.004700478166341782,0.005980912228606822,0.00115192960947752,0.03565091174095869,0.0062133593019098035,77.94896070457374,861609.520366006,861610.522351487
world,Recorder,Recorder,loop,30,0.0038377203357716403,0.006408950284082313,0.0011570518836379051,0.03785500302910805,0.005739054176956414,78.07729320290188,861610.522351487,861611.530302483
world,Recorder,Recorder,loop,30,0.0057523371651768684,0.014830445295472687,0.0012599630281329155,0.08504698053002357,0.006548472447320818,78.00160756257053,861611.530302483,861612.537974847
world,Recorder,Recorder,loop,30,0.005977305894096692,0.013867873787889968,0.0011039664968848228,0.07997604552656412,0.0070972426328808035,77.97935133955131,861612.537974847,861613.540909465
world,Recorder,Recorder,loop,30,0.0045818315508464975,0.005000991719760393,0.0012879027053713799,0.029310001991689205,0.006987660890445112,78.14345054406051,861613.540909465,861614.546292314
world,Recorder,Recorder,loop,30,0.004054590438803037,0.004877730593032335,0.0012989621609449387,0.02905796281993389,0.006030563963577151,78.05323217762634,861614.546292314,861615.550344363
world,Recorder,Recorder,loop,30,0.0047211612885197,0.004715745906157884,0.0017010606825351715,0.02292008139193058,0.013471709098666872,78.06588963139802,861615.550344363,861616.554908085
world,Recorder,Recorder,loop,30,0.004752038512378931,0.008411884668175782,0.0012220116332173347,0.04929094575345516,0.00602753134444356,78.27581476885825,861616.554908085,861617.563470708
world,Recorder,Recorder,loop,30,0.004208344034850597,0.005384874768460576,0.0013581011444330215,0.03143504727631807,0.00756679219193756,78.15618426150952,861617.563470708,861618.566643386
world,Recorder,Recorder,loop,30,0.00398854414621989,0.004859687355723323,0.001393025740981102,0.02862699329853058,0.006004935130476951,78.10656339861453,861618.566643386,861619.571752295
world,Recorder,Recorder,loop,30,0.004212267231196165,0.004854329768247251,0.0016579870134592056,0.029066926799714565,0.006156013114377856,78.32902416121215,861619.571752295,861620.57959454
world,Recorder,Recorder,loop,30,0.0042755622416734695,0.004788684809086017,0.0011069932952523232,0.02840207889676094,0.006818491965532299,78.25327567212905,861620.57959454,861621.58252088
world,Recorder,Recorder,loop,30,0.004863133653998375,0.006852010617628458,0.0012239906936883926,0.040526967495679855,0.006782059790566562,78.37926556821913,861621.58252088,861622.587320964
world,Recorder,Recorder,loop,30,0.004324227726707856,0.006518555865470736,0.0011700903996825218,0.038251979276537895,0.006117578595876693,78.53828267737602,861622.587320964,861623.595027776
world,Recorder,Recorder,loop,30,0.005819501044849555,0.012503177008508087,0.0015130499377846718,0.07256993558257818,0.0068577297497540695,78.42807253667463,861623.595027776,861624.600306741
world,Recorder,Recorder,loop,30,0.004921624592194955,0.007682917423232514,0.0014379620552062988,0.045236083678901196,0.006979523459449409,78.58915420171495,861624.600306741,861625.603635058
world,Recorder,Recorder,loop,30,0.004835376360764106,0.007914470346349308,0.00134296715259552,0.046474975533783436,0.006531830877065658,78.55603449667494,861625.603635058,861626.611640644
world,Recorder,Recorder,loop,30,0.005351204890757799,0.008148798890227538,0.0018279533833265305,0.048144953325390816,0.006605312228202819,78.63958595941465,861626.611640644,861627.616154418
world,Recorder,Recorder,loop,30,0.004206636610130469,0.005215305142976812,0.001110951416194439,0.03107404336333275,0.005880359094589949,78.70231075600411,861627.616154418,861628.619589257
world,Recorder,Recorder,loop,30,0.005469870908806722,0.009523645438410463,0.0014060642570257187,0.055922078900039196,0.006855395622551441,78.72052096451323,861628.619589257,861629.628383215
world,Recorder,Recorder,loop,30,0.0050687735589842004,0.008913266769401226,0.0013560056686401367,0.05218596197664738,0.006723176920786498,78.6902734156077,861629.628383215,861630.631949261
world,Recorder,Recorder,loop,30,0.004970068888117869,0.006177573413493489,0.0014218967407941818,0.03697001375257969,0.006036931881681085,78.93886499805376,861630.631949261,861631.635066874
world,Recorder,Recorder,loop,30,0.005311321001499891,0.009603973435175547,0.0012220116332173347,0.05630298983305693,0.006455380935221908,78.72603782452643,861631.635066874,861632.639706245
world,Recorder,Recorder,loop,30,0.005767707868168752,0.0119356768108031,0.0014730030670762062,0.0693850452080369,0.006772339111194012,78.98816931216668,861632.639706245,861633.648760239
world,Recorder,Recorder,loop,30,0.00600214892377456,0.011785753983699488,0.0015069963410496712,0.06879610009491444,0.006356247467920183,79.07324243181695,861633.648760239,861634.653197905
world,Recorder,Recorder,loop,24,0.004645703787294527,0.007835112072767962,0.0012139789760112762,0.04134105984121561,0.006782478885725139,88.71835920823894,861634.653197905,861635.660902697
world,Recorder,Recorder,loop,30,0.004596965542683999,0.00943967235714957,0.0011210795491933823,0.05459901876747608,0.006191205466166138,90.5702898860909,861635.660902697,861636.673128708
world,Recorder,Recorder,loop,30,0.00585397162164251,0.012832563357724942,0.001116073690354824,0.07423292845487595,0.007017649477347727,90.8784499624744,861636.673128708,861637.685707046
world,Recorder,Recorder,loop,30,0.004189112223684788,0.006939929492931043,0.0011730007827281952,0.04061602521687746,0.006119842873886226,94.38422820918883,861637.685707046,861638.687409625
world,Recorder,Recorder,loop,30,0.005740532651543617,0.013113643168623249,0.00151805579662323,0.07585599087178707,0.006304966518655416,89.80936989731465,861638.687409625,861639.688199872
world,Recorder,Recorder,loop,30,0.0038434945357342563,0.003549554118306629,0.0010229414328932762,0.02068502362817526,0.005963497096672653,91.84496523424362,861639.688199872,861640.690336967
world,Recorder,Recorder,loop,30,0.00415646160642306,0.005044577077429448,0.0011289957910776138,0.029640039429068565,0.006245321128517388,89.10077599963795,861640.690336967,861641.692194427
world,Recorder,Recorder,loop,30,0.005225538431356351,0.010467530727057011,0.0011620577424764633,0.06082095205783844,0.00602100626565516,90.91253019869328,861641.692194427,861642.716048862
world,Recorder,Recorder,loop,30,0.005005431982378165,0.008672309126817452,0.0014060642570257187,0.050717033445835114,0.007388228550553319,92.7680777424636,861642.716048862,861643.717462186
world,Recorder,Recorder,loop,31,0.005641798188369121,0.015056340775988128,0.001008971594274044,0.08760800119489431,0.006104935891926289,88.62950935989859,861643.717462186,861644.753687767
world,Recorder,Recorder,loop,31,0.005611526449361155,0.012759607266038732,0.0009780051186680794,0.07372302934527397,0.0112500274553895,89.54427860707285,861644.753687767,861645.791280612
world,Recorder,Recorder,loop,31,0.00511402744920023,0.008960766048020301,0.001066015101969242,0.05330005660653114,0.00634149182587862,91.48030235402045,861645.791280612,861646.82676015
world,Recorder,Recorder,loop,30,0.005350731468449037,0.012749227831525012,0.0010679941624403,0.0733670312911272,0.006385921733453869,88.85068144105996,861646.82676015,861647.834529516
world,Recorder,Recorder,loop,30,0.0036294804885983467,0.002986281104369761,0.0010490184649825096,0.016972073353827,0.006379029946401713,93.61506019874166,861647.834529516,861648.835724954
eye1,Roi,Roi,loop,124,0.006571741616954246,0.006729041197019869,0.002419925294816494,0.07202301640063524,0.013700954150408505,18.607085204548053,861601.26519731,861602.265352732
eye1,Roi,Roi,loop,125,0.00576634518802166,0.003253785802929545,0.0025300541892647743,0.015945988707244396,0.013034138828516005,18.541798152960837,861602.265352732,861603.273327868
eye1,Roi,Roi,loop,125,0.005751832388341427,0.003164498660780637,0.002324930392205715,0.01587590668350458,0.012629455886781216,18.50768575910479,861603.273327868,861604.281451655
eye1,Roi,Roi,loop,105,0.006464137030499322,0.004047142750522252,0.0026730122044682503,0.026887981221079826,0.014088349416851997,18.951867416589742,861604.281451655,861605.285558018
eye1,Roi,Roi,loop,125,0.006634422577917576,0.004352555367026105,0.0027919886633753777,0.026394031010568142,0.014303997159004211,18.832528890110552,861605.285558018,861606.293431388
eye1,Roi,Roi,loop,124,0.007344935570032366,0.009696090176961193,0.0024420442059636116,0.10686099994927645,0.014039513189345595,18.854999065121277,861606.293431388,861607.293618687
eye1,Roi,Roi,loop,125,0.007173497229814529,0.00845559211132096,0.0023170141503214836,0.09005493484437466,0.014411448501050472,18.841475462540984,861607.293618687,861608.301589954
eye1,Roi,Roi,loop,124,0.006176180191217891,0.0038581248943476165,0.0027139903977513313,0.0235019251704216,0.013639562530443072,18.790928174688993,861608.301589954,861609.30167535
eye1,Roi,Roi,loop,124,0.006732296183585159,0.003859921641899027,0.0023329630494117737,0.02033705823123455,0.013919704360887407,18.87775505630059,861609.30167535,861610.302293378
eye1,Roi,Roi,loop,125,0.00542853120714426,0.0028285125294317385,0.0024120090529322624,0.017646001651883125,0.012824428267776964,18.832183343358338,861610.302293378,861611.309637752
eye1,Roi,Roi,loop,119,0.005756579182979439,0.00851856838379977,0.0023479806259274483,0.09288196451961994,0.013224722351878878,19.28653460712086,861611.309637752,861612.313661699
eye1,Roi,Roi,loop,124,0.006695853493687126,0.00391793485829441,0.002182088792324066,0.01721398439258337,0.01410685945302248,19.122555983372994,861612.313661699,861613.313710015
eye1,Roi,Roi,loop,124,0.0067134378402824366,0.003752872023347438,0.0026510097086429596,0.015344005078077316,0.014161592116579412,19.204784801507728,861613.313710015,861614.313720606
eye1,Roi,Roi,loop,124,0.0044397330061802945,0.0018844840129286441,0.0026730122044682503,0.016177073121070862,0.006468332139775157,18.95121669100087,861614.313720606,861615.31382052
eye1,Roi,Roi,loop,124,0.00555457494732353,0.003391993008688624,0.002429005689918995,0.016195932403206825,0.01364002819173038,19.120043843999625,861615.31382052,861616.313996977
eye1,Roi,Roi,loop,124,0.005864581438682733,0.0031475466139959055,0.0024760374799370766,0.016049016267061234,0.012822658754885197,19.118364000948326,861616.313996977,861617.314285733
eye1,Roi,Roi,loop,125,0.005543318577110767,0.002664427679417179,0.002615968696773052,0.0138930045068264,0.012509780935943127,19.071517906151712,861617.314285733,861618.321934724
eye1,Roi,Roi,loop,124,0.005557087265075215,0.003419033241529918,0.002554035745561123,0.01751899253576994,0.013769033830612896,19.405085676079317,861618.321934724,861619.325986047
eye1,Roi,Roi,loop,124,0.005735217728802274,0.0031894339747981465,0.002557062543928623,0.01918093767017126,0.013053766451776024,19.39027074108561,861619.325986047,861620.325990479
eye1,Roi,Roi,loop,124,0.0063108220215766665,0.0035048942673662187,0.0025280751287937164,0.015786965377628803,0.013609539018943906,19.590069617768147,861620.325990479,861621.326564558
eye1,Roi,Roi,loop,125,0.005924017168581486,0.003765903808522715,0.002362998202443123,0.025102985091507435,0.013773748651146889,19.65898869931698,861621.326564558,861622.334270378
eye1,Roi,Roi,loop,125,0.0060220565646886826,0.0033840694334447254,0.0027780188247561455,0.01683796290308237,0.013181543909013271,19.468704611994326,861622.334270378,861623.342608531
eye1,Roi,Roi,loop,124,0.0061838091501305184,0.0034728311940008098,0.0027710339054465294,0.019783969037234783,0.013081223005428909,19.472860766860144,861623.342608531,861624.342697845
eye1,Roi,Roi,loop,124,0.006897148728791264,0.0038138035932958375,0.002288026735186577,0.016149948351085186,0.014421436935663222,19.581894662546656,861624.342697845,861625.346492016
eye1,Roi,Roi,loop,124,0.005224543142943613,0.002583183577363104,0.0023799948394298553,0.013745971955358982,0.012421188876032828,19.69530935598267,861625.346492016,861626.346882234
eye1,Roi,Roi,loop,125,0.005983658134937286,0.0032521522906163772,0.002496992237865925,0.015174970030784607,0.013857404701411724,19.715533486567438,861626.346882234,861627.354256304
eye1,Roi,Roi,loop,124,0.005958814008702193,0.00338687259187507,0.002512941136956215,0.015252036973834038,0.013446522643789647,19.751966507512055,861627.354256304,861628.354305845
eye1,Roi,Roi,loop,124,0.006415765740037445,0.0038993329781732457,0.0027009518817067146,0.026840949431061745,0.013735535321757196,19.953627437878882,861628.354305845,861629.354358516
eye1,Roi,Roi,loop,122,0.0060150813937309335,0.003465551204586739,0.0025510089471936226,0.01581292599439621,0.01365999924018979,19.903426132065658,861629.354358516,861630.354490332
eye1,Roi,Roi,loop,124,0.006498547361022042,0.003742331996030983,0.0029889633879065514,0.023282947950065136,0.013846036745235324,19.843056853372424,861630.354490332,861631.35449784
eye1,Roi,Roi,loop,124,0.0059839475133846845,0.0032693797109239102,0.002362998202443123,0.014843069948256016,0.01332304673269391,19.7847523039297,861631.35449784,861632.358481711
eye1,Roi,Roi,loop,124,0.006191199645400047,0.00331982675453524,0.0024009495973587036,0.015277997590601444,0.013520207721740007,20.069255492642462,861632.358481711,861633.360069829
eye1,Roi,Roi,loop,125,0.006829462945461273,0.004278395658836281,0.0027030473574995995,0.025021960027515888,0.014742068015038967,20.09720811713487,861633.360069829,861634.366588739
eye1,Roi,Roi,loop,116,0.005958113088754231,0.003701015218852311,0.002085929736495018,0.01812702976167202,0.01393427373841405,20.296292113549686,861634.366588739,861635.367246634
eye1,Roi,Roi,loop,124,0.006779317646437595,0.0038227623595096624,0.0025990884751081467,0.017968006432056427,0.013968057464808226,20.120118649849186,861635.367246634,861636.374663329
eye1,Roi,Roi,loop,125,0.006818204186856747,0.004186200818678169,0.002583954483270645,0.02265500370413065,0.014491961337625979,20.09278799034655,861636.374663329,861637.382654699
eye1,Roi,Roi,loop,124,0.007249551051626763,0.004270578332960653,0.002283952198922634,0.020242994651198387,0.01521026133559644,20.21282417849908,861637.382654699,861638.382706102
eye1,Roi,Roi,loop,112,0.006512740843131074,0.003523221085769123,0.002505956217646599,0.01682806760072708,0.013861263869330285,20.3930637133973,861638.382706102,861639.387399723
eye1,Roi,Roi,loop,125,0.006063624285161495,0.0036134704056078387,0.002659042365849018,0.01610803883522749,0.013554585166275501,20.342893986031413,861639.387399723,861640.3950541
eye1,Roi,Roi,loop,125,0.0064587583765387535,0.0038603453344101734,0.0024909386411309242,0.017764046788215637,0.013968348503112793,20.392264462076128,861640.3950541,861641.403500556
eye1,Roi,Roi,loop,125,0.006392219103872776,0.003728462423063822,0.0025819754227995872,0.01654401421546936,0.013736658729612827,20.437121569179,861641.403500556,861642.411028549
eye1,Roi,Roi,loop,124,0.006293613208277571,0.003611290885511332,0.0023760367184877396,0.017252052202820778,0.012921885354444385,20.364198255382718,861642.411028549,861643.411401768
eye1,Roi,Roi,loop,125,0.006665975786745548,0.003748966237761698,0.0023460015654563904,0.018496066331863403,0.01349553931504488,20.3788791205734,861643.411401768,861644.419068972
eye1,Roi,Roi,loop,125,0.006144902668893337,0.0034428695552906094,0.0026990892365574837,0.016522943042218685,0.013639405369758604,20.335976815782487,861644.419068972,861645.427136224
eye1,Roi,Roi,loop,124,0.006852515657702761,0.0037554523356944027,0.0024329638108611107,0.01965300180017948,0.013877660967409609,20.723602356156334,861645.427136224,861646.431704179
eye1,Roi,Roi,loop,125,0.005750144831836224,0.0033828667447938616,0.0023989705368876457,0.015480094589293003,0.013858871534466742,20.540115537121892,861646.431704179,861647.439344419
eye1,Roi,Roi,loop,124,0.006407786596326097,0.003845545222250101,0.0026529887691140175,0.01682399306446314,0.01451102434657514,20.638193400959754,861647.439344419,861648.439486288
eye1,Roi,Roi,loop,125,0.006520936265587807,0.0038506928860672957,0.0026819761842489243,0.021465937606990337,0.014541577547788618,20.678968070074916,861648.439486288,861649.447126738
eye1,Roi,Roi,loop,124,0.0064141885001933385,0.003490038115705659,0.0023819738999009132,0.01466099638491869,0.013661198318004606,20.624289482516506,861649.447126738,861650.447788238
eye1,Roi,Roi,loop,124,0.005716835373952504,0.0032987013380318493,0.002509099431335926,0.018907012417912483,0.013835116988047952,20.633782442253565,861650.447788238,861651.44785521
eye1,nnUNetDetector2DPlugin,2dcpp,loop,124,1.8270195878651594,0.8937771371180026,0.6960289319977164,4.348546965047717,3.7420764740090817,20.4409075536645,861601.274855854,861602.274893253
eye1,nnUNetDetector2DPlugin,2dcpp,loop,124,1.7634088487078947,0.938165809129879,0.6440090946853161,6.72218797262758,3.4354179515503334,20.320582330309517,861602.274893253,861603.276583308
eye1,nnUNetDetector2DPlugin,2dcpp,loop,125,1.793578004464507,0.9320755775348731,0.7623480632901192,5.80543908290565,3.783623781055212,20.311990402638912,861603.276583308,861604.28417249
eye1,nnUNetDetector2DPlugin,2dcpp,loop,105,1.8851796630769968,1.0392348225581953,0.707515049725771,6.816883920691907,3.8849045988172293,20.849440273429668,861604.28417249,861605.288459371
eye1,nnUNetDetector2DPlugin,2dcpp,loop,125,1.8141762297600508,0.8589574432377753,0.7267550099641085,4.393641022033989,3.7159485509619117,20.657665635459125,861605.288459371,861606.29495224
eye1,nnUNetDetector2DPlugin,2dcpp,loop,124,1.8762497544934553,0.9326534891883002,0.7348960498347878,4.847947973757982,4.051415604772046,20.742756554916983,861606.29495224,861607.295463232
eye1,nnUNetDetector2DPlugin,2dcpp,loop,125,1.8338608155027032,0.8242652075775745,0.7479320047423244,4.278880078345537,3.5525892628356814,20.688106902875006,861607.295463232,861608.303304641
eye1,nnUNetDetector2DPlugin,2dcpp,loop,125,1.783470744267106,0.8088063817607016,0.7907509570941329,4.70606901217252,3.4714484354481097,20.5776394456625,861608.303304641,861609.310489844
eye1,nnUNetDetector2DPlugin,2dcpp,loop,124,1.890422373581978,1.0014571832495773,0.6867179181426764,6.294882972724736,4.079893528250977,20.78301242023196,861609.310489844,861610.313209172
eye1,nnUNetDetector2DPlugin,2dcpp,loop,125,1.552775857038796,0.5628704812587432,0.7688670884817839,3.7910559913143516,2.873431192710995,20.4212702261284,861610.313209172,861611.323464389
eye1,nnUNetDetector2DPlugin,2dcpp,loop,120,1.5022339551554371,0.7041384934231253,0.7017069729045033,3.9030699990689754,3.244033799273893,20.79537507573453,861611.323464389,861612.331007134
eye1,nnUNetDetector2DPlugin,2dcpp,loop,124,1.8714736769681857,0.9293137289014353,0.7810560055077076,5.639727925881743,3.6770447273738665,20.997966965472685,861612.331007134,861613.331412674
eye1,nnUNetDetector2DPlugin,2dcpp,loop,124,1.8417690552005004,0.9410850482200799,0.749961007386446,4.382412997074425,3.8686086307279757,21.04858570965007,861613.331412674,861614.331990752
eye1,nnUNetDetector2DPlugin,2dcpp,loop,125,1.4044710816815495,0.41910740679105896,0.7545609259977937,2.7913579251617193,2.2684814175590873,20.351820615120232,861614.331990752,861615.338862963
eye1,nnUNetDetector2DPlugin,2dcpp,loop,124,1.549656453144346,0.6148146905238219,0.7803229382261634,4.042839980684221,2.9236289847176513,20.6679432848168,861615.338862963,861616.338876927
eye1,nnUNetDetector2DPlugin,2dcpp,loop,124,1.6996974675660772,0.6649441832931464,0.8629660587757826,3.9715078892186284,2.992579591227695,20.825066164346232,861616.338876927,861617.338916411
eye1,nnUNetDetector2DPlugin,2dcpp,loop,124,1.5733401073263056,0.6296564904118565,0.7566090207546949,3.9965870091691613,2.8814176155719893,20.716424004340002,861617.338916411,861618.343054949
eye1,nnUNetDetector2DPlugin,2dcpp,loop,125,1.5322170183062553,0.7570873871568945,0.7803629850968719,4.178107948973775,3.338351612910628,20.946298968978226,861618.343054949,861619.351209885
eye1,nnUNetDetector2DPlugin,2dcpp,loop,124,1.7041932395283854,0.7851518226644216,0.7490720599889755,4.4071649899706244,3.730891656596211,21.092477588794164,861619.351209885,861620.351505954
eye1,nnUNetDetector2DPlugin,2dcpp,loop,124,2.102462098851139,1.1753884682714046,0.7200429681688547,6.5651979530230165,4.38961746986024,21.705210289632483,861620.351505954,861621.353201424
eye1,nnUNetDetector2DPlugin,2dcpp,loop,125,1.755720391869545,1.0005641183623726,0.7249519694596529,5.281177000142634,4.118518438190221,21.398284981027246,861621.353201424,861622.359092094
eye1,nnUNetDetector2DPlugin,2dcpp,loop,124,1.8917941244228953,0.9667319754305174,0.7486609974876046,6.3263229094445705,3.6994228779803944,21.37724262279188,861622.359092094,861623.361247391
eye1,nnUNetDetector2DPlugin,2dcpp,loop,125,1.9922395730391145,1.0896745507518375,0.699375057592988,5.313563044182956,4.28645962383598,21.449231420643628,861623.361247391,861624.367347857
eye1,nnUNetDetector2DPlugin,2dcpp,loop,124,2.07331926832276,1.1533337438604838,0.67562994081527,6.19986595120281,4.385352908866479,21.74961538290635,861624.367347857,861625.371489733
eye1,nnUNetDetector2DPlugin,2dcpp,loop,124,1.7249195220609825,0.8129164715989947,0.7200130494311452,4.4356470461934805,3.2854059361852705,21.428923988189066,861625.371489733,861626.371955364
eye1,nnUNetDetector2DPlugin,2dcpp,loop,125,1.9457985619083047,1.1453517372533941,0.737554975785315,6.15499191917479,4.459032043814658,21.64872704166919,861626.371955364,861627.379902958
eye1,nnUNetDetector2DPlugin,2dcpp,loop,124,2.0224242640148486,1.111188405510773,0.738898990675807,5.664534983225167,4.300545889418572,21.77344708170201,861627.379902958,861628.380645508
eye1,nnUNetDetector2DPlugin,2dcpp,loop,124,2.015750771651285,1.2061155097809848,0.7494180463254452,7.991824997588992,4.270427877781912,21.96679812961168,861628.380645508,861629.381070265
eye1,nnUNetDetector2DPlugin,2dcpp,loop,123,2.1624110167755224,1.289106140030827,0.7341670570895076,7.249561022035778,4.637645836919544,22.054997258592486,861629.381070265,861630.38761561
eye1,nnUNetDetector2DPlugin,2dcpp,loop,124,2.2448533263448023,1.2365058565721854,0.9117679437622428,6.9942009868100286,4.8697889724280685,22.087718271875694,861630.38761561,861631.388664331
eye1,nnUNetDetector2DPlugin,2dcpp,loop,124,2.0435323080633796,1.1220612624673145,0.7417160086333752,7.719140965491533,4.117872676579282,21.95060017120634,861631.388664331,861632.392390499
eye1,nnUNetDetector2DPlugin,2dcpp,loop,125,2.1799113135784864,1.3382864243624817,0.7541049271821976,8.42787604779005,4.780302732251584,22.250295301899314,861632.392390499,861633.400231188
eye1,nnUNetDetector2DPlugin,2dcpp,loop,124,2.0018976318815183,1.0294433137218302,0.8182070450857282,6.10009697265923,4.049620864680035,22.084081639355468,861633.400231188,861634.400410413
eye1,nnUNetDetector2DPlugin,2dcpp,loop,116,1.7095526895116502,0.9695276637607185,0.6565930088981986,4.729734966531396,3.818501951172948,22.038714929106483,861634.400410413,861635.401445374
eye1,nnUNetDetector2DPlugin,2dcpp,loop,124,1.9233845241908585,1.3639409292009448,0.7678369292989373,13.678825926035643,3.846749896183608,22.00383362792162,861635.401445374,861636.409443615
eye1,nnUNetDetector2DPlugin,2dcpp,loop,125,1.7781351106241345,0.8699795779867382,0.7655330700799823,4.251105943694711,3.7780305603519073,21.866302679292858,861636.409443615,861637.419575246
eye1,nnUNetDetector2DPlugin,2dcpp,loop,125,2.068379394710064,1.0541622464814229,0.7669799961149693,4.923657048493624,4.187255539000034,22.251697786152363,861637.419575246,861638.423890261
eye1,nnUNetDetector2DPlugin,2dcpp,loop,112,1.8254545149310226,0.956373760225694,0.7080570794641972,7.360116927884519,3.721026901621371,22.402135680230067,861638.423890261,861639.427863114
eye1,nnUNetDetector2DPlugin,2dcpp,loop,124,1.680192227790793,0.8416219964364885,0.7502690423280001,4.261087044142187,3.4312443400267507,21.991601861607766,861639.427863114,861640.427980015
eye1,nnUNetDetector2DPlugin,2dcpp,loop,124,1.8951848361475934,0.8728624616891661,0.7623510900884867,4.764049081131816,3.6096930212806906,22.295752749590562,861640.427980015,861641.429381075
eye1,nnUNetDetector2DPlugin,2dcpp,loop,125,1.8536672685295343,0.9783452918716022,0.7466509705409408,7.169035961851478,3.7498238496482372,22.283767093904316,861641.429381075,861642.439189745
eye1,nnUNetDetector2DPlugin,2dcpp,loop,125,1.7406198419630527,0.8540627106569284,0.7805449422448874,5.000348901376128,3.523955983109772,22.096532649360597,861642.439189745,861643.447864328
eye1,nnUNetDetector2DPlugin,2dcpp,loop,125,1.896031979471445,0.9342995834435475,0.6806239252910018,4.263443988747895,3.9401952642947435,22.258386816829443,861643.447864328,861644.452408185
eye1,nnUNetDetector2DPlugin,2dcpp,loop,124,1.807617055507557,0.9347162816485379,0.7684130687266588,5.9163980185985565,3.608788381097838,22.223969091541104,861644.452408185,861645.459063581
eye1,nnUNetDetector2DPlugin,2dcpp,loop,125,2.026932928711176,1.023818430532625,0.777824898250401,5.1644849590957165,4.101733537390828,22.81517186295241,861645.459063581,861646.465872035
eye1,nnUNetDetector2DPlugin,2dcpp,loop,124,1.5883306445058194,0.751753768035806,0.7125380216166377,4.1893289890140295,3.3080582390539344,22.09661522929016,861646.465872035,861647.466336837
eye1,nnUNetDetector2DPlugin,2dcpp,loop,125,1.8084785463288426,0.9304202547554342,0.7971280720084906,4.815498017705977,3.929353551939129,22.438475265167654,861647.466336837,861648.472231725
eye1,nnUNetDetector2DPlugin,2dcpp,loop,125,1.7902537072077394,0.9615253001716506,0.7801851024851203,5.048551945947111,3.843411337584257,22.457275364547968,861648.472231725,861649.480170353
eye1,nnUNetDetector2DPlugin,2dcpp,loop,124,1.8355527258057507,0.8598251443135845,0.7438600296154618,4.404496983624995,3.569481224985793,22.459967054366583,861649.480170353,861650.48258432
eye1,nnUNetDetector2DPlugin,2dcpp,loop,125,1.767805458046496,1.0301599321323551,0.6976879667490721,7.147912983782589,3.602153598330914,22.416598776355386,861650.48258432,861651.488372413
eye0,Roi,Roi,loop,124,0.005980604328215122,0.003757635652552001,0.0022118911147117615,0.027586938813328743,0.01356348511762917,13.71196159462054,861601.520416479,861602.524654163
eye0,Roi,Roi,loop,125,0.006364555098116398,0.004295696093528236,0.0022560125216841698,0.029176007956266403,0.014245742931962013,13.863029336556792,861602.524654163,861603.532433042
eye0,Roi,Roi,loop,125,0.006313882768154144,0.003703262637838072,0.002400018274784088,0.016592093743383884,0.014137057587504385,13.878678147681057,861603.532433042,861604.540443426
eye0,Roi,Roi,loop,105,0.006584561474266506,0.004480456003007676,0.002347049303352833,0.029418966732919216,0.01440560445189476,14.009726810313406,861604.540443426,861605.540631407
eye0,Roi,Roi,loop,124,0.0067554421782974276,0.00457047848706765,0.002261018380522728,0.027416972443461418,0.01458207843825221,13.89903674228868,861605.540631407,861606.541219243
eye0,Roi,Roi,loop,125,0.00736836064606905,0.004466578226399004,0.002285931259393692,0.02478796523064375,0.01483587548136711,14.000410663895309,861606.541219243,861607.548402596
eye0,Roi,Roi,loop,124,0.006457330704095864,0.004288637217197285,0.0024670735001564026,0.027826987206935883,0.013919407501816746,13.894681019836195,861607.548402596,861608.54851903
eye0,Roi,Roi,loop,124,0.006792696020115287,0.004074673992726157,0.002268003299832344,0.020717037841677666,0.014252978144213556,14.256406156721734,861608.54851903,861609.552505541
eye0,Roi,Roi,loop,124,0.007048011719880085,0.004153176891711563,0.0022579915821552277,0.0214229803532362,0.01424365909770131,14.222302534166843,861609.552505541,861610.552616292
eye0,Roi,Roi,loop,120,0.005918938162115713,0.007148114250446971,0.002291053533554077,0.0768519239500165,0.01313037355430424,14.234678239639228,861610.552616292,861611.553895749
eye0,Roi,Roi,loop,125,0.005298510193824768,0.0030291695272752954,0.002249958924949169,0.014379038475453854,0.012413272634148598,14.16144900675863,861611.553895749,861612.560683335
eye0,Roi,Roi,loop,124,0.006667709150802224,0.003906120436198786,0.0022370368242263794,0.01519802026450634,0.014272233238443732,14.304324179031555,861612.560683335,861613.560684037
eye0,Roi,Roi,loop,124,0.005919245004113163,0.0034658602703233903,0.0022669555619359016,0.015699071809649467,0.013118039350956677,14.233651430150795,861613.560684037,861614.560779693
eye0,Roi,Roi,loop,124,0.00481931267366294,0.0021097912670326457,0.002435990609228611,0.014023040421307087,0.009249331196770069,14.088151816864528,861614.560779693,861615.564921658
eye0,Roi,Roi,loop,125,0.005156387574970722,0.0028073802352320495,0.002350076101720333,0.014680903404951096,0.011612381786108015,14.397632725536823,861615.564921658,861616.572840724
eye0,Roi,Roi,loop,124,0.007003630256100047,0.004003100191481927,0.0022369204089045525,0.017330050468444824,0.013706006575375794,14.48033528304809,861616.572840724,861617.573181814
eye0,Roi,Roi,loop,125,0.0057171666994690895,0.005263918459969756,0.002325046807527542,0.04955194890499115,0.013517145998775956,14.333566698245704,861617.573181814,861618.580880751
eye0,Roi,Roi,loop,124,0.005757793851737534,0.0034818277582979386,0.0023369211703538895,0.015652040019631386,0.013042351929470897,14.472907470096082,861618.580880751,861619.581177313
eye0,Roi,Roi,loop,125,0.005654120817780495,0.003040569266242296,0.0022299354895949364,0.015066005289554596,0.012807641178369522,14.444154345430434,861619.581177313,861620.589004737
eye0,Roi,Roi,loop,124,0.0070938662130145295,0.004294387599306652,0.002393033355474472,0.01675600651651621,0.015183765208348628,14.489059875373759,861620.589004737,861621.589094704
eye0,Roi,Roi,loop,124,0.0069910264198458005,0.004059676415654165,0.0025240005925297737,0.016539939679205418,0.014569179620593786,14.618077804522228,861621.589094704,861622.593723404
eye0,Roi,Roi,loop,125,0.006868827156722546,0.0038517493462370067,0.00242691021412611,0.016144011169672012,0.014775758609175682,14.775188062340021,861622.593723404,861623.601741522
eye0,Roi,Roi,loop,124,0.0067187891897535134,0.004249950153029776,0.002430984750390053,0.02215709537267685,0.014213816029950976,14.777693846788738,861623.601741522,861624.602446282
eye0,Roi,Roi,loop,125,0.006995923817157745,0.004421224945728064,0.0023819738999009132,0.030605006031692028,0.013925973325967789,14.771932628005743,861624.602446282,861625.609370197
eye0,Roi,Roi,loop,124,0.005693211513120801,0.0032428906375463556,0.0030159717425704002,0.018120044842362404,0.013231881894171236,14.663336826713696,861625.609370197,861626.609669498
eye0,Roi,Roi,loop,125,0.006710217334330082,0.004750432387012115,0.0020099105313420296,0.028421985916793346,0.014792219735682009,14.768109624274075,861626.609669498,861627.617550689
eye0,Roi,Roi,loop,125,0.0066184112802147865,0.004414850940707464,0.0023280736058950424,0.03210699651390314,0.014392845332622528,14.848647398874164,861627.617550689,861628.62540927
eye0,Roi,Roi,loop,124,0.007547451288349206,0.005382756758988947,0.0022659078240394592,0.03199302591383457,0.015221285866573451,15.016620680164065,861628.62540927,861629.629345486
eye0,Roi,Roi,loop,124,0.006956613487413814,0.003955688287207042,0.0025369226932525635,0.017913058400154114,0.014291272964328527,15.050801809974796,861629.629345486,861630.62948463
eye0,Roi,Roi,loop,124,0.006887873995207971,0.004077557739393786,0.002432032488286495,0.019706087186932564,0.014695007121190425,15.080435623061813,861630.62948463,861631.629488862
eye0,Roi,Roi,loop,124,0.006241495758595486,0.003866237442314221,0.0023209722712635994,0.019081984646618366,0.01575905480422079,14.995560467791472,861631.629488862,861632.629559647
eye0,Roi,Roi,loop,124,0.006354042148638156,0.003975362248041729,0.0024311011657118797,0.025560962967574596,0.014004582772031426,15.095637938488395,861632.629559647,861633.629580374
eye0,Roi,Roi,loop,125,0.007019456475973129,0.004223358047121723,0.0025479821488261223,0.022973050363361835,0.014804559759795666,15.191231191158295,861633.629580374,861634.637569648
eye0,Roi,Roi,loop,113,0.0070000419689886335,0.00460510553246777,0.002303975634276867,0.02391403540968895,0.014650588855147362,15.32150826528174,861634.637569648,861635.637763668
eye0,Roi,Roi,loop,124,0.006790416533007256,0.00411893063312389,0.0022569438442587852,0.01759000588208437,0.014455529162660241,15.2844704937325,861635.637763668,861636.641685407
eye0,Roi,Roi,loop,124,0.0073380445340468035,0.0045715899275474954,0.0023959437385201454,0.02218398731201887,0.016083393711596724,15.369317037121002,861636.641685407,861637.642032825
eye0,Roi,Roi,loop,118,0.006907187418033511,0.003910006815936124,0.002412940375506878,0.018647057004272938,0.014324567746371029,15.443522210816964,861637.642032825,861638.651944318
eye0,Roi,Roi,loop,125,0.006029940210282803,0.003640003688803621,0.002551940269768238,0.016534002497792244,0.013554748147726059,15.392719234339893,861638.651944318,861639.657749263
eye0,Roi,Roi,loop,124,0.0073878468209577185,0.004522444004033233,0.0024050241336226463,0.025307992473244667,0.015158217865973706,15.426494258140485,861639.657749263,861640.657926293
eye0,Roi,Roi,loop,125,0.006284419447183609,0.003955341277131575,0.0023830216377973557,0.02026604488492012,0.014178990386426447,15.339771534316242,861640.657926293,861641.665854047
eye0,Roi,Roi,loop,124,0.006777557334111583,0.003962022938005407,0.00235589686781168,0.01743994653224945,0.014072284102439879,15.379975342394543,861641.665854047,861642.666042818
eye0,Roi,Roi,loop,124,0.00697051948537269,0.00399828233446547,0.002383952960371971,0.021431944333016872,0.014124409062787889,15.642804579974543,861642.666042818,861643.670314545
eye0,Roi,Roi,loop,125,0.00649710837751627,0.0037713039217531236,0.002193031832575798,0.017002923414111137,0.014988379552960396,15.606748799793422,861643.670314545,861644.6780208
eye0,Roi,Roi,loop,125,0.006672801449894905,0.003836687158766861,0.0023639295250177383,0.016097910702228546,0.014113355427980423,15.784612169489264,861644.6780208,861645.686038005
eye0,Roi,Roi,loop,124,0.006803716983525983,0.003965761109040679,0.0023560132831335068,0.021622981876134872,0.013876415323466063,15.707002955511392,861645.686038005,861646.686108379
eye0,Roi,Roi,loop,125,0.006461598910391331,0.003951036749756887,0.0021510059013962746,0.01601502299308777,0.01450034324079752,15.642102848738432,861646.686108379,861647.694018407
eye0,Roi,Roi,loop,124,0.0068201991398969,0.0047705357881733185,0.0024070031940937042,0.03189896233379841,0.01453367876820266,15.674405619539622,861647.694018407,861648.694183925
eye0,Roi,Roi,loop,124,0.006948334855898734,0.004475511159618063,0.0022168969735503197,0.024879002012312412,0.01505091204307973,15.72923566357443,861648.694183925,861649.698572378
eye0,Roi,Roi,loop,125,0.007028980180621147,0.00422179633639722,0.0023080501705408096,0.022517982870340347,0.014404603280127048,16.033772201277316,861649.698572378,861650.706228167
eye0,Roi,Roi,loop,123,0.006481933187905366,0.0041297000982164715,0.0023939646780490875,0.023689004592597485,0.013938290067017078,15.967306130134114,861650.706228167,861651.706757973
eye0,nnUNetDetector2DPlugin,2dcpp,loop,124,1.6495757295014035,0.8849529750456354,0.6669729482382536,5.795646924525499,3.52783380076289,15.430395862260353,861601.557604425,861602.559087999
eye0,nnUNetDetector2DPlugin,2dcpp,loop,125,1.618673107586801,0.8554301770243128,0.6589239928871393,4.24203893635422,3.4794496139511466,15.461601259186864,861602.559087999,861603.567974755
eye0,nnUNetDetector2DPlugin,2dcpp,loop,124,1.5925903186847967,0.9164662207415722,0.6707049906253815,6.298263091593981,3.3479442179668695,15.474345643005725,861603.567974755,861604.569369536
eye0,nnUNetDetector2DPlugin,2dcpp,loop,106,1.6473387313110508,0.9123181097521981,0.6647850386798382,4.446026054210961,3.7586470134556293,15.627593641116652,861604.569369536,861605.573567664
eye0,nnUNetDetector2DPlugin,2dcpp,loop,124,1.787081612424264,0.9477789607845925,0.6625180831179023,4.436493036337197,3.7675680185202505,15.725530869883276,861605.573567664,861606.574633198
eye0,nnUNetDetector2DPlugin,2dcpp,loop,124,1.8068735305625465,0.9406821925668342,0.6789619801566005,4.401698941364884,3.7073676241561766,15.786595526151359,861606.574633198,861607.576191912
eye0,nnUNetDetector2DPlugin,2dcpp,loop,124,1.532796509338603,0.7013725234986694,0.7029940607026219,4.069732036441565,3.167322039371355,15.521751264215357,861607.576191912,861608.581416754
eye0,nnUNetDetector2DPlugin,2dcpp,loop,125,1.7568018771708012,1.0094489013270171,0.6735889473930001,4.550892976112664,3.858944191597402,16.010788205079734,861608.581416754,861609.586900727
eye0,nnUNetDetector2DPlugin,2dcpp,loop,125,1.7187910517677665,0.9058351441489405,0.6808160105720162,4.253129009157419,3.8677447708323593,15.93273494206369,861609.586900727,861610.593366595
eye0,nnUNetDetector2DPlugin,2dcpp,loop,120,1.3139943058680121,0.5849964088212278,0.6638570921495557,3.903598990291357,2.59027206338942,15.639192134646388,861610.593366595,861611.593851411
eye0,nnUNetDetector2DPlugin,2dcpp,loop,124,1.3785750798565606,0.7085606918316026,0.6681940285488963,4.096342949196696,2.9874030093196775,15.447452227817848,861611.593851411,861612.595178557
eye0,nnUNetDetector2DPlugin,2dcpp,loop,125,1.7513644145801663,1.0038093139172457,0.668802997097373,4.810326965525746,3.921909793280065,16.030638416297734,861612.595178557,861613.603911411
eye0,nnUNetDetector2DPlugin,2dcpp,loop,125,1.5833109989762306,0.9697429794757075,0.696231028996408,4.650548100471497,3.785454249009489,15.780201388522983,861613.603911411,861614.610640752
eye0,nnUNetDetector2DPlugin,2dcpp,loop,124,1.2925805443251925,0.5286636414045037,0.6891910452395678,3.6201230250298977,2.468152588699013,15.600577929064691,861614.610640752,861615.614872353
eye0,nnUNetDetector2DPlugin,2dcpp,loop,125,1.2520357482135296,0.554444173099434,0.6804680451750755,3.4498689929023385,2.6946597965434194,15.584316907450557,861615.614872353,861616.622162051
eye0,nnUNetDetector2DPlugin,2dcpp,loop,125,1.669886915013194,0.8387490600532695,0.6921470630913973,4.275173996575177,3.27422299887985,16.13476533256471,861616.622162051,861617.629883607
eye0,nnUNetDetector2DPlugin,2dcpp,loop,124,1.4042406842382926,0.7602158222668914,0.6773070199415088,4.392537986859679,3.2243340567219994,15.806422639270163,861617.629883607,861618.633467564
eye0,nnUNetDetector2DPlugin,2dcpp,loop,125,1.2894062912091613,0.6367638594184795,0.6740810349583626,4.198961076326668,2.619299991056323,15.65445694513619,861618.633467564,861619.637989467
eye0,nnUNetDetector2DPlugin,2dcpp,loop,124,1.5105410289364838,0.872936189011023,0.6851719226688147,4.290924058295786,3.8775242108386,15.999216831386871,861619.637989467,861620.645036102
eye0,nnUNetDetector2DPlugin,2dcpp,loop,125,1.6922948537394404,0.9433759662517577,0.6696379277855158,4.345178022049367,3.740127570927143,16.172295791096985,861620.645036102,861621.653417042
eye0,nnUNetDetector2DPlugin,2dcpp,loop,124,1.5970806529249755,0.903249475995089,0.6789610488340259,4.546829033643007,3.5264398495201017,16.360640109914744,861621.653417042,861622.65406678
eye0,nnUNetDetector2DPlugin,2dcpp,loop,125,1.6494686175137758,0.9326281627374402,0.6835520034655929,4.641890991479158,3.4705823985859747,16.383412182331085,861622.65406678,861623.658386312
eye0,nnUNetDetector2DPlugin,2dcpp,loop,124,1.7139741901173107,0.9382536625599963,0.6734239868819714,4.425712046213448,3.8650156813673666,16.488512720717416,861623.658386312,861624.659790588
eye0,nnUNetDetector2DPlugin,2dcpp,loop,125,1.7797232661396265,0.9794311720730043,0.6826259195804596,4.317848011851311,4.078992363065481,16.54161761328578,861624.659790588,861625.66642979
eye0,nnUNetDetector2DPlugin,2dcpp,loop,124,1.4371289552429751,0.663692556931649,0.6690260488539934,4.051099997013807,3.083439718466252,16.064005749931017,861625.66642979,861626.666736163
eye0,nnUNetDetector2DPlugin,2dcpp,loop,124,1.6720537068096981,0.9630657755176095,0.6841919384896755,4.874535952694714,3.966044617118313,16.433809995613693,861626.666736163,861627.667916395
eye0,nnUNetDetector2DPlugin,2dcpp,loop,124,1.6562953936837372,0.8894856607557425,0.6814879598096013,4.955808981321752,3.8085392501670867,16.612485106546252,861627.667916395,861628.674531273
eye0,nnUNetDetector2DPlugin,2dcpp,loop,125,1.8085302151739597,1.0918237762509848,0.6749010644853115,5.53523690905422,4.101509531028569,16.877357265911996,861628.674531273,861629.679608264
eye0,nnUNetDetector2DPlugin,2dcpp,loop,125,1.8632960934191942,0.9950550588920724,0.6890230579301715,4.470924031920731,3.774074208922684,16.930270086042583,861629.679608264,861630.68698384
eye0,nnUNetDetector2DPlugin,2dcpp,loop,124,1.756464506709768,0.9378621202582456,0.7595510687679052,4.897734965197742,3.8243540097028017,16.785378273080795,861630.68698384,861631.687134276
eye0,nnUNetDetector2DPlugin,2dcpp,loop,125,1.7106458144262433,0.850831444813976,0.6760330870747566,4.2297570034861565,3.597037983126938,16.708832062780857,861631.687134276,861632.694647936
eye0,nnUNetDetector2DPlugin,2dcpp,loop,125,1.6312244115397334,0.9104293936630182,0.6746329599991441,5.322737968526781,3.750035772100091,16.704857354983687,861632.694647936,861633.702606514
eye0,nnUNetDetector2DPlugin,2dcpp,loop,124,1.8208292707230054,0.9941294124299825,0.7616649381816387,5.247623892500997,4.079042619559913,16.982909843077763,861633.702606514,861634.702634473
eye0,nnUNetDetector2DPlugin,2dcpp,loop,113,1.6808937565398823,0.9947784059643157,0.6536559667438269,4.278500098735094,3.8910400122404085,17.16073161089974,861634.702634473,861635.706788608
eye0,nnUNetDetector2DPlugin,2dcpp,loop,124,1.725181955055544,0.9962351931540036,0.6734739290550351,4.79744398035109,3.98555519641377,17.058831579502552,861635.706788608,861636.708763425
eye0,nnUNetDetector2DPlugin,2dcpp,loop,125,1.8528001736849546,1.022848049905347,0.6698870565742254,4.866815055720508,3.8378240074962373,17.208678069524467,861636.708763425,861637.715763412
eye0,nnUNetDetector2DPlugin,2dcpp,loop,118,1.8305807242217331,1.0037879246350612,0.6994700524955988,5.379528971388936,4.101337603060529,17.24726259826793,861637.715763412,861638.722923571
eye0,nnUNetDetector2DPlugin,2dcpp,loop,124,1.5913319751440036,0.9880268559806434,0.7042590295895934,5.9930490097031,3.7962392030749466,16.941918640382468,861638.722923571,861639.726309499
eye0,nnUNetDetector2DPlugin,2dcpp,loop,125,1.8456510119140148,1.018735293762601,0.7120519876480103,4.627005895599723,3.880446590483188,17.236648043617606,861639.726309499,861640.73413483
eye0,nnUNetDetector2DPlugin,2dcpp,loop,125,1.6783254770562053,0.8987233962161384,0.6709720473736525,4.815825959667563,3.634925233200192,17.02095732372254,861640.73413483,861641.743041302
eye0,nnUNetDetector2DPlugin,2dcpp,loop,124,1.750834214861595,0.904796637035128,0.6780179683119059,4.521693917922676,3.4889323811512436,17.383226576531605,861641.743041302,861642.743049778
eye0,nnUNetDetector2DPlugin,2dcpp,loop,124,1.6573242478883796,0.9034492111741507,0.6663280073553324,4.340542946010828,3.430266049690544,17.265593552316027,861642.743049778,861643.743210504
eye0,nnUNetDetector2DPlugin,2dcpp,loop,124,1.5559033631542396,0.8755040383353669,0.692342990078032,4.273205995559692,3.768594417488202,17.161626494564718,861643.743210504,861644.750781065
eye0,nnUNetDetector2DPlugin,2dcpp,loop,125,1.7689560148864985,1.0157759062987683,0.6869620410725474,4.299585008993745,3.812428773380816,17.49247295036912,861644.750781065,861645.751080072
eye0,nnUNetDetector2DPlugin,2dcpp,loop,124,1.7198937064442303,1.0016833258978142,0.6690559675917029,4.943654988892376,3.962296724785119,17.40067806601855,861645.751080072,861646.751220102
eye0,nnUNetDetector2DPlugin,2dcpp,loop,125,1.514989941380918,0.8578463495554524,0.6652929587289691,4.550161072984338,3.602155717089772,17.118917655199766,861646.751220102,861647.759243579
eye0,nnUNetDetector2DPlugin,2dcpp,loop,124,1.7497231648679101,0.9837908174766684,0.6695509655401111,4.902703920379281,3.6589473893400277,17.478998048200964,861647.759243579,861648.766384854
eye0,nnUNetDetector2DPlugin,2dcpp,loop,125,1.7091675018891692,1.0057208014585395,0.6690729642286897,5.402227048762143,4.0461966302245855,17.625072457827628,861648.766384854,861649.771290978
eye0,nnUNetDetector2DPlugin,2dcpp,loop,124,1.7170775212317464,0.950080029719205,0.6739719538018107,4.513027030043304,3.79673212300986,17.700017996004693,861649.771290978,861650.772034784
eye0,nnUNetDetector2DPlugin,2dcpp,loop,124,1.6872631620630743,1.3819644527943298,0.6644189124926925,13.330193003639579,3.7989800854120395,17.645368995633156,861650.772034784,861651.779673865
world,Recorder,Recorder,loop,30,0.0034853660811980567,0.0029224952211580084,0.0011150259524583817,0.016030040569603443,0.006309640593826771,92.30586369521916,861648.835724954,861649.841935095
world,Recorder,Recorder,loop,30,0.004045075426499049,0.005193603382316924,0.0011890660971403122,0.030742958188056946,0.005915015935897826,89.95288103275622,861649.841935095,861650.843579863
world,Recorder,Recorder,loop,30,0.003910437226295471,0.004039387422290763,0.0012320233508944511,0.024047913029789925,0.0062801409512758255,91.35355353743459,861650.843579863,861651.851140586
world,Recorder,Recorder,loop,30,0.005347429153819879,0.009077390507677245,0.0012309756129980087,0.05159899592399597,0.01218641991727051,93.41921496670693,861651.851140586,861652.860578785
world,Recorder,Recorder,loop,30,0.0036506991212566695,0.003938698155473645,0.0011760275810956955,0.023277942091226578,0.006089231465011834,89.55725673974182,861652.860578785,861653.861803614
world,Recorder,Recorder,loop,30,0.004161882679909468,0.00543358874672567,0.0009969808161258698,0.03190198913216591,0.00638869241811335,91.09725070884451,861653.861803614,861654.871908874
world,Recorder,Recorder,loop,30,0.004688095456610124,0.005430668173050765,0.0013329554349184036,0.03264902625232935,0.006228376878425478,92.45031043343867,861654.871908874,861655.877601617
world,Recorder,Recorder,loop,31,0.005685761871357118,0.012514186864171604,0.001367996446788311,0.07349299266934395,0.006907561328262091,90.33334048675194,861655.877601617,861656.910387885
world,Recorder,Recorder,loop,30,0.003967779533316691,0.006855873541119151,0.0012349337339401245,0.03993802238255739,0.006436661351472138,90.43730323513348,861656.910387885,861657.923654495
world,Recorder,Recorder,loop,30,0.004135603861262401,0.004733262682228352,0.0011010561138391495,0.02769601996988058,0.00697711366228759,92.40911832700174,861657.923654495,861658.924360665
world,Recorder,Recorder,loop,30,0.004952195255706708,0.009452756651723343,0.0012050149962306023,0.05482800770550966,0.006128120003268123,89.24128416304787,861658.924360665,861659.928506371
world,Recorder,Recorder,loop,30,0.003813137300312519,0.004704403215615133,0.0012139789760112762,0.027514994144439697,0.0062413106206804505,91.5760593682838,861659.928506371,861660.942151716
world,Recorder,Recorder,loop,31,0.003597098252465648,0.0037278115129674933,0.0012079253792762756,0.021977932192385197,0.006423040758818388,92.1055702868128,861660.942151716,861661.971201352
world,Recorder,Recorder,loop,25,0.004606046713888645,0.006121935905293358,0.0010959338396787643,0.03358605317771435,0.006098020821809768,90.977075076662,861661.971201352,861663.004446593
world,Recorder,Recorder,loop,30,0.004071222307781379,0.004392752179758109,0.0014880206435918808,0.02625701017677784,0.00598444603383541,80.09136781329289,861663.004446593,861664.009017907
world,Recorder,Recorder,loop,30,0.005237447718779246,0.009043738106504516,0.0010170042514801025,0.05282810889184475,0.007211731281131503,79.82854682486504,861664.009017907,861665.013123293
world,Recorder,Recorder,loop,29,0.003154289202186568,0.0018093115994283393,0.0009560026228427887,0.007034046575427055,0.006617209874093531,80.21350168012853,861665.013123293,861665.993473353
world,Blink_Detection,Blink_Detection,loop,30,0.008621765300631523,0.004867941406547997,0.002969987690448761,0.018264981918036938,0.01732514938339591,92.29154673715432,861648.835005879,861649.841777863
world,Blink_Detection,Blink_Detection,loop,30,0.008910673204809427,0.0044775200565286616,0.0030659139156341553,0.017804093658924103,0.016573234461247918,89.93616893421859,861649.841777863,861650.843354097
world,Blink_Detection,Blink_Detection,loop,30,0.0090966389204065,0.004728829953437325,0.0031479867175221443,0.017886050045490265,0.01693213707767427,91.33751564271127,861650.843354097,861651.850961975
world,Blink_Detection,Blink_Detection,loop,30,0.009947297318528095,0.00503711094357398,0.0035619596019387245,0.01778104342520237,0.01750931260176003,93.39757406851277,861651.850961975,861652.860248433
world,Blink_Detection,Blink_Detection,loop,30,0.008051524249215921,0.003948896043554753,0.0035119010135531425,0.01656298991292715,0.01572434557601809,89.54317257739604,861652.860248433,861653.861647836
world,Blink_Detection,Blink_Detection,loop,30,0.00891039768854777,0.004695943513615454,0.0029599759727716446,0.017230049706995487,0.016983778914436698,91.08088163969417,861653.861647836,861654.871703634
world,Blink_Detection,Blink_Detection,loop,30,0.010702898725867271,0.004614860572826839,0.0034829135984182358,0.017727026715874672,0.01716818660497665,92.42970189467694,861654.871703634,861655.877340858
world,Blink_Detection,Blink_Detection,loop,31,0.009675746813656823,0.005169533768900653,0.0031390227377414703,0.01946091651916504,0.01840404001995921,90.30532045665407,861655.877340858,861656.90984406
world,Blink_Detection,Blink_Detection,loop,30,0.0076603299627701444,0.004122950000370649,0.003084074705839157,0.018013990484178066,0.015320704551413652,90.41938597414021,861656.90984406,861657.923353819
world,Blink_Detection,Blink_Detection,loop,30,0.009171144726375738,0.004976728082161667,0.0032869866117835045,0.019122031517326832,0.017892522737383842,92.39104071554418,861657.923353819,861658.924185297
world,Blink_Detection,Blink_Detection,loop,30,0.009388856900235018,0.005368084195014511,0.0030389055609703064,0.017835991457104683,0.017590506467968225,89.21522819437087,861658.924185297,861659.928026619
world,Blink_Detection,Blink_Detection,loop,30,0.00849116671209534,0.004861495483255827,0.0032279640436172485,0.018598977476358414,0.01733929966576397,91.56112250639126,861659.928026619,861660.941974188
world,Blink_Detection,Blink_Detection,loop,31,0.00882967405261532,0.00556351177521811,0.0029370421543717384,0.023050932213664055,0.017738493625074625,92.09379220696827,861660.941974188,861661.971106406
world,Blink_Detection,Blink_Detection,loop,25,0.0100006815046072,0.006494713312681792,0.0031800009310245514,0.03154692240059376,0.01801021862775087,90.95880772452801,861661.971106406,861663.004241767
world,Blink_Detection,Blink_Detection,loop,30,0.00862173813705643,0.004350192215970794,0.0035549746826291084,0.016613048501312733,0.016176572535187006,80.07881696879242,861663.004241767,861664.008916853
world,Blink_Detection,Blink_Detection,loop,30,0.009054597467184067,0.00480307380451716,0.002888031303882599,0.01763703767210245,0.016951607540249825,79.81085835878427,861664.008916853,861665.012885312
world,Blink_Detection,Blink_Detection,loop,29,0.007653299815438944,0.004510095820138802,0.0032830284908413887,0.016332021914422512,0.016122963279485703,80.20496389282674,861665.012885312,861665.99483003
world,Display_Recent_Gaze,Display_Recent_Gaze,loop,30,0.0025764301729698977,0.0015273426345156754,0.0008170027285814285,0.005487934686243534,0.005322776269167661,92.21876773517579,861648.811377224,861649.823296403
world,Display_Recent_Gaze,Display_Recent_Gaze,loop,31,0.002527185114881685,0.0013664227045367622,0.0007749767974019051,0.005661975592374802,0.004710047505795956,89.88198157279722,861649.823296403,861650.843192186
world,Display_Recent_Gaze,Display_Recent_Gaze,loop,30,0.002640004580219587,0.0014268245230687202,0.0009549548849463463,0.00568595714867115,0.005377456545829773,91.31706930153693,861650.843192186,861651.85079367
world,Display_Recent_Gaze,Display_Recent_Gaze,loop,30,0.0030187424272298813,0.0014815579142565063,0.0010690419003367424,0.005340087227523327,0.005203206092119216,93.3702464060237,861651.85079367,861652.859907092
world,Display_Recent_Gaze,Display_Recent_Gaze,loop,30,0.002408136303226153,0.0012432268232678376,0.0009239884093403816,0.005412963218986988,0.005010759923607108,89.5249246348006,861652.859907092,861653.861495566
world,Display_Recent_Gaze,Display_Recent_Gaze,loop,30,0.0027455195474127927,0.001493373562229083,0.0009819632396101952,0.005690031684935093,0.005174818215891718,91.05960602561633,861653.861495566,861654.871503111
world,Display_Recent_Gaze,Display_Recent_Gaze,loop,30,0.003287588090946277,0.0014559748805728402,0.0010700896382331848,0.005715060979127884,0.005564425373449922,92.40082174461956,861654.871503111,861655.87709761
world,Display_Recent_Gaze,Display_Recent_Gaze,loop,31,0.002944319989652403,0.0016320153059445398,0.0009889481589198112,0.00625906977802515,0.005696434527635574,90.27385464944547,861655.87709761,861656.909343411
world,Display_Recent_Gaze,Display_Recent_Gaze,loop,30,0.002283366241802772,0.001276478984763666,0.0008960487321019173,0.005125999450683594,0.004781282041221856,90.39693735927965,861656.909343411,861657.923075933
world,Display_Recent_Gaze,Display_Recent_Gaze,loop,30,0.0028351671062409878,0.001607516182409027,0.0008699717000126839,0.006085960194468498,0.005652272375300525,92.3656128696166,861657.923075933,861658.92388649
world,Display_Recent_Gaze,Display_Recent_Gaze,loop,30,0.002829695586115122,0.001635979350703493,0.0009199138730764389,0.005698995664715767,0.005149352364242077,89.18564344445865,861658.92388649,861659.927572928
world,Display_Recent_Gaze,Display_Recent_Gaze,loop,30,0.0025035270179311433,0.001336551769825471,0.0009350478649139404,0.004992005415260792,0.004850904224440455,91.53499233846863,861659.927572928,861660.941604337
world,Display_Recent_Gaze,Display_Recent_Gaze,loop,31,0.0025061777822913663,0.001639061414843609,0.0009239884093403816,0.005815993063151836,0.005768495611846447,92.0774971938602,861660.941604337,861661.971029465
world,Display_Recent_Gaze,Display_Recent_Gaze,loop,25,0.0028528738766908646,0.0015549409168518784,0.0008950009942054749,0.005700974725186825,0.005261367186903953,90.93622891232371,861661.971029465,861663.004065673
world,Display_Recent_Gaze,Display_Recent_Gaze,loop,30,0.0026296979437271753,0.0013760486180098886,0.0011799857020378113,0.005734036676585674,0.0053614319767802945,80.0631982080328,861663.004065673,861664.008833827
world,Display_Recent_Gaze,Display_Recent_Gaze,loop,30,0.002803339157253504,0.0014629535049752321,0.0011168885976076126,0.005742069333791733,0.005257705925032496,79.79074869072065,861664.008833827,861665.012693885
world,Display_Recent_Gaze,Display_Recent_Gaze,loop,29,0.0023885172438518755,0.001320898721435434,0.0010909279808402061,0.00506499782204628,0.0048235757276415825,80.19378499513299,861665.012693885,861665.99576497
world,System_Graphs,System_Graphs,loop,30,0.035589669520656265,0.05281029452890353,0.0027330825105309486,0.1988629810512066,0.14332057326100767,92.19705692958087,861648.810418953,861649.822923128
world,System_Graphs,System_Graphs,loop,31,0.04425528083717631,0.08133171861169472,0.00253098551183939,0.3203880041837692,0.2523984876461327,89.86664086114615,861649.822923128,861650.842996381
world,System_Graphs,System_Graphs,loop,30,0.0465318599405388,0.10252689292630539,0.002637971192598343,0.4983210237696767,0.21424498991109375,91.30047110763068,861650.842996381,861651.850623352
world,System_Graphs,System_Graphs,loop,30,0.038953288458287716,0.06298283715594306,0.003086053766310215,0.238278997130692,0.17850463045760973,93.34571079816669,861651.850623352,861652.859504309
world,System_Graphs,System_Graphs,loop,30,0.0409571958395342,0.08035635447680341,0.0029909424483776093,0.33837498631328344,0.22292177891358697,89.51045846721779,861652.859504309,861653.861326866
world,System_Graphs,System_Graphs,loop,30,0.056273831675450005,0.09987252582405813,0.0025869812816381454,0.3238560166209936,0.26679071597754955,91.03968602915604,861653.861326866,861654.871198874
world,System_Graphs,System_Graphs,loop,30,0.040894533352305494,0.06751782100468694,0.0029139919206500053,0.2740150084719062,0.1936032145749777,92.37938820151612,861654.871198874,861655.876815195
world,System_Graphs,System_Graphs,loop,31,0.0389254531793056,0.06965590381654588,0.003030989319086075,0.3065310884267092,0.18520146841183305,90.24392810815405,861655.876815195,861656.908739909
world,System_Graphs,System_Graphs,loop,30,0.03974955373754104,0.07462380854441657,0.002540997229516506,0.27947197668254375,0.22074087755754557,90.37558232278873,861656.908739909,861657.922688584
world,System_Graphs,System_Graphs,loop,30,0.06271009333431721,0.13275371255067792,0.002627028152346611,0.6308479933068156,0.2730201580561697,92.33696473529562,861657.922688584,861658.923390366
world,System_Graphs,System_Graphs,loop,30,0.04888116770113508,0.10740624212921167,0.0028139911592006683,0.5190519150346518,0.24261148064397237,89.15973533100139,861658.923390366,861659.927112736
world,System_Graphs,System_Graphs,loop,30,0.03508425240094463,0.05683946409344269,0.0026049092411994934,0.21052698139101267,0.1599315728526562,91.51132436624418,861659.927112736,861660.941172451
world,System_Graphs,System_Graphs,loop,31,0.04702036629521077,0.09151112625579348,0.00286102294921875,0.30958198476582766,0.2807075507007539,92.06501290487546,861660.941172451,861661.970940982
world,System_Graphs,System_Graphs,loop,25,0.039800326339900494,0.0721550540384455,0.0024490291252732277,0.3011190565302968,0.19548039417713853,90.9186383150518,861661.970940982,861663.00388634
world,System_Graphs,System_Graphs,loop,30,0.04259619551400343,0.08073162969214671,0.003025052137672901,0.3035368863493204,0.24636427988298226,80.05183182734375,861663.00388634,861664.008737544
world,System_Graphs,System_Graphs,loop,30,0.033984569987903036,0.06472045025162403,0.002008979208767414,0.3153060097247362,0.1325809338595718,79.77518389622371,861664.008737544,861665.012484609
world,System_Graphs,System_Graphs,loop,29,0.041670788175843916,0.08145105017719861,0.0019549624994397163,0.32903102692216635,0.22826578933745617,80.18669834087507,861665.012484609,861665.996676632
world,ScreenMarkerChoreographyPlugin,ScreenMarkerChoreographyPlugin,loop,30,12.76014162770783,4.656987731717564,5.518323043361306,22.491060895845294,22.193324891850352,92.09833265825485,861648.80925478,861649.822214354
world,ScreenMarkerChoreographyPlugin,ScreenMarkerChoreographyPlugin,loop,31,10.07378748017213,7.766188549008784,1.7929599853232503,40.252826060168445,20.614761509932578,89.7774598411014,861649.822214354,861650.842583154
world,ScreenMarkerChoreographyPlugin,ScreenMarkerChoreographyPlugin,loop,30,11.810626842391988,4.498146748112167,3.4015679266303778,22.170923999510705,20.348423667019226,91.19406838047628,861650.842583154,861651.850288594
world,ScreenMarkerChoreographyPlugin,ScreenMarkerChoreographyPlugin,loop,30,13.419492697964111,6.917468185669531,5.510978051461279,43.48843893967569,20.71082207257859,93.2375667616725,861651.850288594,861652.858532276
world,ScreenMarkerChoreographyPlugin,ScreenMarkerChoreographyPlugin,loop,30,9.778808755800128,6.176074942208776,3.7340630078688264,34.43290595896542,20.600861450657245,89.42559157731012,861652.858532276,861653.860925642
world,ScreenMarkerChoreographyPlugin,ScreenMarkerChoreographyPlugin,loop,30,11.377751435308406,5.310107748315178,3.6444939905777574,21.613197051919997,20.217827428132292,90.93468489979084,861653.860925642,861654.870558423
world,ScreenMarkerChoreographyPlugin,ScreenMarkerChoreographyPlugin,loop,30,12.667271490984907,5.2379491574267165,4.849137971177697,26.03138703852892,20.2884636237286,92.28027436571817,861654.870558423,861655.876275459
world,ScreenMarkerChoreographyPlugin,ScreenMarkerChoreographyPlugin,loop,31,9.783632903089446,5.809627329305072,2.4274300085380673,26.181186898611486,20.07004094775766,90.1451364925672,861655.876275459,861656.908024369
world,ScreenMarkerChoreographyPlugin,ScreenMarkerChoreographyPlugin,loop,30,10.65302227701371,4.16586103727386,3.823203034698963,19.888574024662375,18.479525734437626,90.2912370976992,861656.908024369,861657.92224436
world,ScreenMarkerChoreographyPlugin,ScreenMarkerChoreographyPlugin,loop,30,12.57322576129809,5.671691289833996,4.798876005224884,26.087125996127725,22.07121159881353,92.21023290495698,861657.92224436,861658.922572427
world,ScreenMarkerChoreographyPlugin,ScreenMarkerChoreographyPlugin,loop,30,9.343743483380726,5.4824357859997255,2.320604049600661,23.266970994882286,20.74888905626721,89.05305962931986,861658.922572427,861659.926410975
world,ScreenMarkerChoreographyPlugin,ScreenMarkerChoreographyPlugin,loop,30,11.6661520053943,5.2292178097958235,2.9227390186861157,20.901590934954584,19.60473535582423,91.41976799583063,861659.926410975,861660.940483618
world,ScreenMarkerChoreographyPlugin,ScreenMarkerChoreographyPlugin,loop,31,12.190873513088352,4.713510403581339,4.317400977015495,21.77540399134159,19.14440147811547,91.97887273940948,861660.940483618,861661.970761462
world,ScreenMarkerChoreographyPlugin,ScreenMarkerChoreographyPlugin,loop,25,8.67304460145533,6.533685938391608,0.014538993127644062,22.395940963178873,17.923072562552985,90.82464015576988,861661.970761462,861663.003623917
world,ScreenMarkerChoreographyPlugin,ScreenMarkerChoreographyPlugin,loop,30,0.028708177463461954,0.012923890877116505,0.014171004295349121,0.05379098001867533,0.051114463713020086,79.97204770411675,861663.003623917,861664.008180706
world,ScreenMarkerChoreographyPlugin,ScreenMarkerChoreographyPlugin,loop,30,0.03071798710152507,0.015230487757295791,0.01074105966836214,0.06280792877078056,0.055187998805195086,79.70379278607045,861664.008180706,861665.011935812
world,ScreenMarkerChoreographyPlugin,ScreenMarkerChoreographyPlugin,loop,29,0.026861715515882803,0.013953192138436148,0.011206022463738918,0.05530298221856356,0.051598018035292625,80.1272333824429,861665.011935812,861665.9978728
world,Fixation_Detector,Fixation_Detector,loop,30,0.010237633250653744,0.00998226086176865,0.0033939722925424576,0.05988997872918844,0.014333182480186222,79.30309663061053,861648.257613241,861649.264269294
world,Fixation_Detector,Fixation_Detector,loop,30,0.007292996936788161,0.003925191986936061,0.0024440232664346695,0.015715020708739758,0.01429906697012484,79.61204257638504,861649.264269294,861650.269061363
world,Fixation_Detector,Fixation_Detector,loop,30,0.00788285785044233,0.004322199610771754,0.0023229513317346573,0.016342964954674244,0.013935210881754756,79.35813749597098,861650.269061363,861651.271891879
world,Fixation_Detector,Fixation_Detector,loop,30,0.008391018491238356,0.003947315265977098,0.002668006345629692,0.015419907867908478,0.014583877054974437,79.80102139990777,861651.271891879,861652.279979819
world,Fixation_Detector,Fixation_Detector,loop,30,0.0065291766077280045,0.003202422354704891,0.0024940818548202515,0.014001969248056412,0.013212731573730705,79.39016066957265,861652.279979819,861653.2848625
world,Fixation_Detector,Fixation_Detector,loop,30,0.00917651147271196,0.006476635410413309,0.003334018401801586,0.0359630212187767,0.015442271251231427,79.6901209667946,861653.2848625,861654.288053059
world,Fixation_Detector,Fixation_Detector,loop,30,0.007358104145775239,0.003498978222674084,0.0031579984351992607,0.014571007341146469,0.01350885722786188,79.48811154346913,861654.288053059,861655.296868248
world,Fixation_Detector,Fixation_Detector,loop,30,0.008002567725876967,0.004020254034994721,0.003242981620132923,0.014472054317593575,0.014061492402106524,79.69691643568997,861655.296868248,861656.300031374
world,Fixation_Detector,Fixation_Detector,loop,30,0.007939715093622604,0.004049262541009577,0.0026189954951405525,0.01470197457820177,0.01428480027243495,80.3908903345776,861656.300031374,861657.305916958
world,Fixation_Detector,Fixation_Detector,loop,30,0.007352011743932962,0.0037923692394925715,0.0031210947781801224,0.020685954950749874,0.014478794764727354,79.55967266655837,861657.305916958,861658.31169966
world,Fixation_Detector,Fixation_Detector,loop,30,0.008006393909454346,0.004039601480828657,0.0029799994081258774,0.016554025933146477,0.014581659343093632,79.76381457410753,861658.31169966,861659.317316332
world,Fixation_Detector,Fixation_Detector,loop,30,0.0068278866820037365,0.0036420199935529697,0.0025189947336912155,0.015513971447944641,0.013594346819445484,79.60916406009346,861659.317316332,861660.320314143
world,Fixation_Detector,Fixation_Detector,loop,30,0.007557608963300784,0.004416956060190732,0.002361019141972065,0.017909915186464787,0.014157034456729889,79.79499016655609,861660.320314143,861661.328153112
world,Fixation_Detector,Fixation_Detector,loop,30,0.008148389557997385,0.003876462379801821,0.003093038685619831,0.014028046280145645,0.013547966955229638,79.81302256618316,861661.328153112,861662.333642275
world,Fixation_Detector,Fixation_Detector,loop,24,0.006688986710893611,0.0033642616648175564,0.0030730152502655983,0.01398497261106968,0.013401190517470239,82.02173382354279,861662.333642275,861663.336419268
world,Fixation_Detector,Fixation_Detector,loop,30,0.008123197282354036,0.003738859850872968,0.0024440232664346695,0.015548081137239933,0.01425584778189659,80.05703273617353,861663.336419268,861664.344454756
world,Fixation_Detector,Fixation_Detector,loop,30,0.0068436066309611005,0.003862330775319419,0.0024640467017889023,0.01436891034245491,0.013327057240530849,79.94790090015158,861664.344454756,861665.348535512
world,Fixation_Detector,Fixation_Detector,loop,19,0.006941367725008412,0.0041550393640851285,0.002600019797682762,0.013896962627768517,0.013162498362362383,79.74793652905838,861665.348535512,861665.998535917
world,Pupil_Data_Relay,Pupil_Data_Relay,loop,30,0.24600622709840536,0.12072957347208571,0.07529300637543201,0.4992390749976039,0.4327486618421972,79.27393429369356,861648.256960696,861649.26398734
world,Pupil_Data_Relay,Pupil_Data_Relay,loop,30,0.21735158516094089,0.12322314166962402,0.07030600681900978,0.4569869488477707,0.4279270127881318,79.58195473377903,861649.26398734,861650.268612742
world,Pupil_Data_Relay,Pupil_Data_Relay,loop,30,0.24290226865559816,0.1465550818934549,0.05929800681769848,0.5104539450258017,0.4625865782145411,79.33457199639331,861650.268612742,861651.271718791
world,Pupil_Data_Relay,Pupil_Data_Relay,loop,30,0.2448408903243641,0.13144950900756827,0.07027701940387487,0.5462709814310074,0.488729093922302,79.7752161626704,861651.271718791,861652.279741191
world,Pupil_Data_Relay,Pupil_Data_Relay,loop,30,0.1922638116714855,0.09739633623809911,0.06194401066750288,0.48443605192005634,0.34406376653350884,79.36903390024479,861652.279741191,861653.28463415
world,Pupil_Data_Relay,Pupil_Data_Relay,loop,30,0.2770158539836605,0.1541470412553487,0.08927402086555958,0.7505849935114384,0.500869023380801,79.65527301421389,861653.28463415,861654.28781382
world,Pupil_Data_Relay,Pupil_Data_Relay,loop,30,0.2231364060814182,0.11923973792741405,0.08264102507382631,0.47514401376247406,0.43931842665188003,79.45952947096278,861654.28781382,861655.296489546
world,Pupil_Data_Relay,Pupil_Data_Relay,loop,30,0.2543036049852769,0.16111900195996187,0.09230501018464565,0.8277340093627572,0.48816849011927815,79.67184399409841,861655.296489546,861656.299816864
world,Pupil_Data_Relay,Pupil_Data_Relay,loop,30,0.2433079294860363,0.1419197376729891,0.03440398722887039,0.5084960721433163,0.4503506002947688,80.3610449268793,861656.299816864,861657.305530688
world,Pupil_Data_Relay,Pupil_Data_Relay,loop,30,0.20365124413122734,0.11414264926624926,0.06284599658101797,0.5236860597506166,0.4081296385265885,79.5419719341832,861657.305530688,861658.311625872
world,Pupil_Data_Relay,Pupil_Data_Relay,loop,30,0.26357444779326517,0.13720922735802116,0.08428201545029879,0.4593420308083296,0.45189905795268714,79.73137766045208,861658.311625872,861659.316865782
world,Pupil_Data_Relay,Pupil_Data_Relay,loop,30,0.21746900165453553,0.15165298548414036,0.06048707291483879,0.7242410210892558,0.50343950279057,79.59108575790499,861659.316865782,861660.320223849
world,Pupil_Data_Relay,Pupil_Data_Relay,loop,30,0.23174727878843746,0.13750926072290173,0.06300606764853,0.5009719170629978,0.4804199445061385,79.77258974375825,861660.320223849,861661.327985786
world,Pupil_Data_Relay,Pupil_Data_Relay,loop,30,0.24969910349075994,0.13370037818142558,0.07126701530069113,0.5116999382153153,0.45082987635396415,79.78132917002465,861661.327985786,861662.333202883
world,Pupil_Data_Relay,Pupil_Data_Relay,loop,24,0.21021235443186015,0.13263075767794483,0.06866606418043375,0.5250170361250639,0.44367845403030515,81.99785449930157,861662.333202883,861663.336196146
world,Pupil_Data_Relay,Pupil_Data_Relay,loop,30,0.2521453929754595,0.12145981053179919,0.05884596612304449,0.4664650186896324,0.4528691584710031,80.03259826606761,861663.336196146,861664.344242505
world,Pupil_Data_Relay,Pupil_Data_Relay,loop,30,0.1858149926799039,0.12903867519019113,0.05639903247356415,0.44588895980268717,0.430356542346999,79.931114668337,861664.344242505,861665.348461535
world,Pupil_Data_Relay,Pupil_Data_Relay,loop,19,0.1806155227026657,0.11462920857699316,0.06588397081941366,0.4197909729555249,0.38579439278692,79.73296805530002,861665.348461535,861665.99892407
world,NetworkApiPlugin,NetworkApiPlugin,loop,30,0.02154988857607047,0.009452956644984656,0.006532995030283928,0.03630900755524635,0.034713884815573685,79.01058446926375,861648.256192825,861649.263579853
world,NetworkApiPlugin,NetworkApiPlugin,loop,30,0.018831008734802406,0.010626618890600159,0.006114947609603405,0.048273010179400444,0.03395910607650876,79.34068910156687,861649.263579853,861650.267845005
world,NetworkApiPlugin,NetworkApiPlugin,loop,30,0.021237845066934824,0.010452721601227429,0.006760004907846451,0.034334021620452404,0.034077727468684316,79.07601876261954,861650.267845005,861651.271405456
world,NetworkApiPlugin,NetworkApiPlugin,loop,30,0.021861101655910414,0.009861791777297903,0.006629037670791149,0.03639794886112213,0.03507340443320572,79.51431647331144,861651.271405456,861652.279400239
world,NetworkApiPlugin,NetworkApiPlugin,loop,30,0.018528196960687637,0.009045693686703748,0.006977934390306473,0.03882788587361574,0.03440000000409782,79.157161898911,861652.279400239,861653.28403573
world,NetworkApiPlugin,NetworkApiPlugin,loop,30,0.02137506768728296,0.00983147409313078,0.008268048986792564,0.03688898868858814,0.03400307614356279,79.36111433664337,861653.28403573,861654.287427898
world,NetworkApiPlugin,NetworkApiPlugin,loop,30,0.01947699347510934,0.009620905174941656,0.008511007763445377,0.0349939800798893,0.03346511512063444,79.21607065557812,861654.287427898,861655.295690854
world,NetworkApiPlugin,NetworkApiPlugin,loop,30,0.021214263203243416,0.010389956726589078,0.007887952961027622,0.035517034120857716,0.03441142034716904,79.40257163330291,861655.295690854,861656.29950933
world,NetworkApiPlugin,NetworkApiPlugin,loop,30,0.02067120900998513,0.010308674555653352,0.006626942194998264,0.034678028896450996,0.033687346149235964,80.0860779127106,861656.29950933,861657.304427219
world,NetworkApiPlugin,NetworkApiPlugin,loop,30,0.017685559578239918,0.00841697152643921,0.006133923307061195,0.033349962905049324,0.03206230467185378,79.32808939755584,861657.304427219,861658.311475551
world,NetworkApiPlugin,NetworkApiPlugin,loop,30,0.021829265945901472,0.009502510113900232,0.007516937330365181,0.03898399882018566,0.03451634547673166,79.44303120020777,861658.311475551,861659.316166686
world,NetworkApiPlugin,NetworkApiPlugin,loop,30,0.01849782808373372,0.011562658605064377,0.0063070328906178474,0.05675398278981447,0.033982674358412616,79.35935259641458,861659.316166686,861660.319963064
world,NetworkApiPlugin,NetworkApiPlugin,loop,30,0.018017432497193415,0.00974102231112581,0.006492948159575462,0.037856982089579105,0.03342496929690242,79.52646082267165,861660.319963064,861661.327686073
world,NetworkApiPlugin,NetworkApiPlugin,loop,30,0.021510606165975332,0.010042991178996383,0.007450929842889309,0.03478699363768101,0.034102884819731116,79.50841350248083,861661.327686073,861662.332442584
world,NetworkApiPlugin,NetworkApiPlugin,loop,24,0.017036247299984097,0.009087489257036967,0.007678056135773659,0.03475695848464966,0.032563734566792846,81.77184254357901,861662.332442584,861663.335841085
world,NetworkApiPlugin,NetworkApiPlugin,loop,30,0.02165787930910786,0.01090381872884256,0.006424961611628532,0.052841962315142155,0.034741603303700686,79.76394065190107,861663.335841085,861664.343866411
world,NetworkApiPlugin,NetworkApiPlugin,loop,30,0.01950702474762996,0.013697655590402048,0.006402959115803242,0.05396001506596804,0.04691741778515278,79.73307839905222,861664.343866411,861665.348240166
world,NetworkApiPlugin,NetworkApiPlugin,loop,19,0.024478349491561715,0.03918880827049687,0.006051966920495033,0.18688489217311144,0.04752726526930895,79.54400210445256,861665.348240166,861666.099653925
world,UVC_Source,UVC_Source,loop,30,17.11661963102718,6.222821379088687,4.8319080378860235,27.38175296690315,25.741169403772798,78.96297589177266,861648.25514945,861649.263167634
world,UVC_Source,UVC_Source,loop,30,17.60458246571943,6.970579719874191,0.1552619505673647,30.210645054467022,26.697096799034618,79.28766510061298,861649.263167634,861650.267224799
world,UVC_Source,UVC_Source,loop,30,22.888575261458755,6.016368289268865,8.513143053278327,33.4546510130167,32.0574028592091,79.03278656303883,861650.267224799,861651.271141719
world,UVC_Source,UVC_Source,loop,30,17.768178938422352,5.954996606301041,0.1578789670020342,26.242037070915103,24.803706450620663,79.47041067527607,861651.271141719,861652.279117504
world,UVC_Source,UVC_Source,loop,30,18.139488471206278,5.379819773644831,6.77007099147886,26.22663404326886,25.668305618455634,79.10808503705387,861652.279117504,861653.283389667
world,UVC_Source,UVC_Source,loop,30,22.193848182602476,6.506223413674676,0.17302099149674177,30.38432204630226,30.305508885066956,79.31704269722104,861653.283389667,861654.287145579
world,UVC_Source,UVC_Source,loop,30,18.94412306525434,5.634484115428569,7.192708901129663,27.380403014831245,26.065826416015625,79.17070862216254,861654.287145579,861655.295244599
world,UVC_Source,UVC_Source,loop,30,18.138573959004134,6.621544911598043,3.8315459387376904,26.74465300515294,25.952964555472136,79.36020145813625,861655.295244599,861656.299262519
world,UVC_Source,UVC_Source,loop,30,20.64898716829096,8.028929285750255,0.06828398909419775,32.515962957404554,30.243872560095035,80.02430519554764,861656.299262519,861657.303534
world,UVC_Source,UVC_Source,loop,30,19.45033009784917,5.609632826541564,8.194199064746499,30.98496305756271,26.28230715054087,79.29428463491301,861657.303534,861658.311308526
world,UVC_Source,UVC_Source,loop,30,19.262169359717518,6.336077122926431,2.1642849314957857,27.409555041231215,25.700952589977533,79.38783133480077,861658.311308526,861659.315530106
world,UVC_Source,UVC_Source,loop,30,22.299083326167118,6.125272586814493,8.7254389654845,32.36267506144941,30.222954787313935,79.31515319505706,861659.315530106,861660.319511472
world,UVC_Source,UVC_Source,loop,30,18.359078257344663,6.243874554394234,7.342697004787624,29.7964159399271,28.74408921925351,79.48956209390114,861660.319511472,861661.327440671
world,UVC_Source,UVC_Source,loop,30,19.565126063146938,4.5852280288585785,7.042364915832877,28.19259511306882,26.167677878402166,79.45381430132936,861661.327440671,861662.331796287
world,UVC_Source,UVC_Source,loop,24,20.45725308319864,9.879012745736542,0.09038508869707584,31.6412829561159,31.08303853077814,81.73271229801078,861662.331796287,861663.335556492
world,UVC_Source,UVC_Source,loop,30,24.638889768781763,3.8845742251999194,13.092752080410719,31.43589396495372,29.937999066896733,79.71922712943827,861663.335556492,861664.343563061
world,UVC_Source,UVC_Source,loop,30,23.924443564222504,7.645852007442499,0.08735095616430044,32.99252805300057,32.015991443768144,79.68622256691258,861664.343563061,861665.347730186
world,UVC_Source,UVC_Source,loop,19,25.61834980243523,4.902202731950217,16.070686047896743,33.12170598655939,33.03712755441666,79.50828437031687,861665.347730186,861666.26744564
eye0,nnUNetDetector2DPlugin,2dcpp,loop,124,1.8527807654707782,0.9925010797749679,0.6891080411151052,4.109800094738603,3.863427863689139,17.94473569551032,861651.779673865,861652.78087465
eye0,nnUNetDetector2DPlugin,2dcpp,loop,125,1.630988302640617,0.8064063539286015,0.6535500288009644,4.258402972482145,3.455479792319238,17.555081697180867,861652.78087465,861653.787358544
eye0,nnUNetDetector2DPlugin,2dcpp,loop,125,1.6842057136818767,0.9214239176001844,0.715391943231225,4.26969095133245,4.016206040978432,17.652208860963583,861653.787358544,861654.796583884
eye0,nnUNetDetector2DPlugin,2dcpp,loop,124,1.88246518730246,1.0327486323530506,0.6735440110787749,5.113587016239762,3.92670773435384,18.054251917712993,861654.796583884,861655.80174964
eye0,nnUNetDetector2DPlugin,2dcpp,loop,118,1.8905111237318586,1.080109567422714,0.6750669563189149,5.278413067571819,4.095027525909244,18.547572639486674,861655.80174964,861656.807096927
eye0,nnUNetDetector2DPlugin,2dcpp,loop,124,1.4113781029253356,0.7037095983962598,0.6647970294579864,4.093959927558899,3.0417962814681223,17.550981086265715,861656.807096927,861657.808195734
eye0,nnUNetDetector2DPlugin,2dcpp,loop,124,1.6852882559291058,0.9467037083073065,0.6680709775537252,4.88973397295922,3.561378683662042,17.958813652982034,861657.808195734,861658.809035785
eye0,nnUNetDetector2DPlugin,2dcpp,loop,124,1.7338608665722273,1.2531733905074915,0.6660589715465903,8.50179698318243,4.005369480000808,17.99034589296958,861658.809035785,861659.811531765
eye0,nnUNetDetector2DPlugin,2dcpp,loop,125,1.7132395869120955,0.8963908264457524,0.675491988658905,4.9264359986409545,3.4333641873672605,17.96549672819674,861659.811531765,861660.81603248
eye0,nnUNetDetector2DPlugin,2dcpp,loop,124,1.8252208143577822,0.9661451726693392,0.6743159610778093,4.266698029823601,3.953382384497672,18.13129448959033,861660.81603248,861661.817212215
eye0,nnUNetDetector2DPlugin,2dcpp,loop,112,1.726355800721129,1.0076853926026657,0.6909009534865618,5.582871963270009,3.8592211902141553,18.670976593317132,861661.817212215,861662.819704644
eye0,nnUNetDetector2DPlugin,2dcpp,loop,125,1.390379068441689,0.7439757124016055,0.6642920197919011,5.112843005917966,2.9067369410768147,17.837909006513655,861662.819704644,861663.828298652
eye0,nnUNetDetector2DPlugin,2dcpp,loop,122,1.4798706111147022,0.7659509855227579,0.6699379300698638,4.467297927476466,3.2296093122567973,18.163104662786193,861663.828298652,861664.828819256
eye0,nnUNetDetector2DPlugin,2dcpp,loop,121,1.8660117119689248,1.1402550203945254,0.6576940650120378,5.219660000875592,4.132017958909273,18.659444502747256,861664.828819256,861665.829969095
eye0,nnUNetDetector2DPlugin,2dcpp,loop,51,1.7275718227941907,0.9351601924387285,0.6583359790965915,4.501134972088039,3.659552487079054,18.59333591681777,861665.829969095,861667.380031692
eye0,Roi,Roi,loop,125,0.006997983902692795,0.00444204311905206,0.002361019141972065,0.03148906398564577,0.014031236059963703,16.093586897477508,861651.706757973,861652.714359726
eye0,Roi,Roi,loop,124,0.006779564559579857,0.004950617159197244,0.002374988980591297,0.031525036320090294,0.015301647363230584,15.968263767013747,861652.714359726,861653.714996111
eye0,Roi,Roi,loop,125,0.006501464173197746,0.004355731350971391,0.00227498821914196,0.030008959583938122,0.01428017858415842,16.001955124549568,861653.714996111,861654.722561604
eye0,Roi,Roi,loop,124,0.007156552108485372,0.005379244656786015,0.002314918674528599,0.041844090446829796,0.01443598885089159,15.983364103557241,861654.722561604,861655.722847022
eye0,Roi,Roi,loop,117,0.007147563454241325,0.004545062118544274,0.002337968908250332,0.0257010105997324,0.01546172425150871,16.579275062251995,861655.722847022,861656.727258008
eye0,Roi,Roi,loop,125,0.005530698224902153,0.003161125662811208,0.0023239990696310997,0.013994984328746796,0.012394203804433346,16.204911534674466,861656.727258008,861657.73448502
eye0,Roi,Roi,loop,124,0.00646930833857867,0.003942934420663025,0.002294895239174366,0.019708997569978237,0.014669221127405761,16.282101107325644,861657.73448502,861658.734995212
eye0,Roi,Roi,loop,124,0.006516661209565016,0.004433290252406168,0.0024009495973587036,0.025762012228369713,0.015169830294325943,16.27499758145742,861658.734995212,861659.735361422
eye0,Roi,Roi,loop,125,0.0070023611187934875,0.004252743112029226,0.0023270258679986,0.016663921996951103,0.014874967746436596,16.305483324453235,861659.735361422,861660.742677373
eye0,Roi,Roi,loop,124,0.007139215613865564,0.004201916787276314,0.0022889580577611923,0.017525977455079556,0.014192797243595123,16.316789221168765,861660.742677373,861661.74335986
eye0,Roi,Roi,loop,117,0.006497700292712603,0.0037427425688779186,0.002756016328930855,0.015837955288589,0.013964623212814328,16.691182244521304,861661.74335986,861662.768883945
eye0,Roi,Roi,loop,122,0.0052598427187223904,0.0029939355080964743,0.0022050226107239723,0.01522805541753769,0.012315751519054173,16.468962560003227,861662.768883945,861663.770730076
eye0,Roi,Roi,loop,122,0.005797854220097671,0.0036111887176020355,0.0023669563233852386,0.017193960957229137,0.013518403284251686,16.69990985184816,861663.770730076,861664.770857366
eye0,Roi,Roi,loop,121,0.006922220518766356,0.004376253846643992,0.0022531021386384964,0.024138018488883972,0.014072982594370842,16.796365521717355,861664.770857366,861665.771187064
eye0,Roi,Roi,loop,58,0.006512865215411474,0.004026720033182647,0.002034008502960205,0.017312937416136265,0.014195148833096026,16.827608067301455,861665.771187064,861667.380495005
eye1,nnUNetDetector2DPlugin,2dcpp,loop,124,1.9808320418721246,0.972001479650869,0.7236340316012502,4.667271976359189,3.841863403795287,22.809509969984873,861651.488372413,861652.493092486
eye1,nnUNetDetector2DPlugin,2dcpp,loop,125,1.9872283646836877,1.132438921331799,0.7083279779180884,8.023033966310322,4.047698574140668,22.95532704796642,861652.493092486,861653.500178222
eye1,nnUNetDetector2DPlugin,2dcpp,loop,124,1.7654363689343295,0.9026673539184604,0.8024870185181499,6.625494104810059,3.7723176588769998,22.685388226114632,861653.500178222,861654.500424993
eye1,nnUNetDetector2DPlugin,2dcpp,loop,125,1.8198498813435435,0.9527541593757015,0.7330880034714937,4.40432399045676,3.8901527179405093,22.870769126340747,861654.500424993,861655.508820459
eye1,nnUNetDetector2DPlugin,2dcpp,loop,121,1.8603282495717373,0.9528070766074878,0.8092219941318035,5.091713974252343,4.095582058653235,22.84816856792366,861655.508820459,861656.520123946
eye1,nnUNetDetector2DPlugin,2dcpp,loop,122,1.8269532507086996,0.9647027586780836,0.7096630288287997,5.072578904218972,4.067873861640691,23.06933844935332,861656.520123946,861657.524535565
eye1,nnUNetDetector2DPlugin,2dcpp,loop,124,1.8055638037396655,0.9572146425635382,0.6637240294367075,5.56950899772346,3.8772292144130907,22.659472761593097,861657.524535565,861658.525055806
eye1,nnUNetDetector2DPlugin,2dcpp,loop,124,1.9203615825503104,1.1022735310193068,0.7875309092923999,8.28376307617873,3.8530451187398285,23.167868060315207,861658.525055806,861659.534767575
eye1,nnUNetDetector2DPlugin,2dcpp,loop,125,1.8332999162375927,0.8486762927075724,0.6435830146074295,4.714645096100867,3.471669624559581,23.01613987889141,861659.534767575,861660.537801585
eye1,nnUNetDetector2DPlugin,2dcpp,loop,124,2.0918224416222544,1.1108922202341498,0.636260025203228,6.022715009748936,4.375975509174167,23.39033444877714,861660.537801585,861661.539858754
eye1,nnUNetDetector2DPlugin,2dcpp,loop,125,2.0877561792731285,1.0780628838747535,0.7594499038532376,5.5166620295494795,4.002283397130668,23.30159980710596,861661.539858754,861662.545548652
eye1,nnUNetDetector2DPlugin,2dcpp,loop,109,1.5590729003925936,1.0501824501081403,0.7241109851747751,9.404829936102033,3.2855444122105832,23.20686338571917,861662.545548652,861663.556326856
eye1,nnUNetDetector2DPlugin,2dcpp,loop,125,1.6635593641549349,0.7700408080066293,0.6679031066596508,4.233630956150591,3.2052910653874274,22.8052490465343,861663.556326856,861664.562644201
eye1,nnUNetDetector2DPlugin,2dcpp,loop,116,1.7613688210860408,1.109910609349837,0.7068529957905412,5.323735065758228,4.556834668619558,23.204158837023865,861664.562644201,861665.566264116
eye1,nnUNetDetector2DPlugin,2dcpp,loop,85,2.2955000701853456,1.280884108322069,0.7342708995565772,5.730777978897095,4.832969442941248,24.130778750130798,861665.566264116,861667.388251011
eye1,Roi,Roi,loop,125,0.006238045170903206,0.0037369520115959646,0.002711080014705658,0.01588999293744564,0.013892818242311478,20.71320487651974,861651.44785521,861652.459298651
eye1,Roi,Roi,loop,124,0.006545145410082994,0.003995492153173378,0.002335989847779274,0.02702302299439907,0.013684830628335476,20.9550273768048,861652.459298651,861653.460567754
eye1,Roi,Roi,loop,125,0.006246883422136307,0.004352321495559951,0.002656015567481518,0.031356001272797585,0.014072516933083534,20.940116157755256,861653.460567754,861654.467974022
eye1,Roi,Roi,loop,125,0.006485680118203163,0.0038923990137681814,0.002435990609228611,0.019446946680545807,0.014009140431880951,21.046912900172174,861654.467974022,861655.476280427
eye1,Roi,Roi,loop,125,0.00622523482888937,0.0036455708892092474,0.002295011654496193,0.01573201734572649,0.01360783353447914,20.978738726116717,861655.476280427,861656.518627135
eye1,Roi,Roi,loop,122,0.005838893483713513,0.003828119812571115,0.002603977918624878,0.029064016416668892,0.013080291682854293,21.232522374255673,861656.518627135,861657.523476251
eye1,Roi,Roi,loop,124,0.006038671164142508,0.004257877939115402,0.002270098775625229,0.03092701081186533,0.014259450836107133,20.843707490712404,861657.523476251,861658.523764557
eye1,Roi,Roi,loop,124,0.006291590022644208,0.0037647805364279473,0.002763001248240471,0.016395002603530884,0.014203321188688276,21.233563082322718,861658.523764557,861659.530195731
eye1,Roi,Roi,loop,125,0.006107144057750702,0.003858513082044554,0.0022900057956576347,0.01869897823780775,0.014357408508658407,21.172764510847628,861659.530195731,861660.535587524
eye1,Roi,Roi,loop,124,0.0068159377758180905,0.003873501431503167,0.002377084456384182,0.018450082279741764,0.014386640395969152,21.287131291295914,861660.535587524,861661.536283369
eye1,Roi,Roi,loop,125,0.0064406730234622955,0.003966598336338099,0.00237906351685524,0.023273983970284462,0.01460839994251728,21.201514619402587,861661.536283369,861662.543880688
eye1,Roi,Roi,loop,109,0.005083219489988384,0.0028640818950969355,0.002510962076485157,0.015805941075086594,0.01296924892812967,21.635704782765803,861662.543880688,861663.552402337
eye1,Roi,Roi,loop,125,0.00592807587236166,0.0036416436664204266,0.0026350608095526695,0.02282403875142336,0.013496424071490765,21.13014488760382,861663.552402337,861664.560086513
eye1,Roi,Roi,loop,116,0.0063001724152729425,0.0038760239863657583,0.002422020770609379,0.01800095196813345,0.014256482245400548,21.43207466900188,861664.560086513,861665.564567074
eye1,Roi,Roi,loop,85,0.007315659347702475,0.004451250847004138,0.00306800939142704,0.024209963157773018,0.01428255345672369,21.825936753028895,861665.564567074,861667.388670964
