frame_id,process,model,phase,ingest_ms,roi_ms,preprocess_ms,inference_ms,ellipse_fit_ms,pye3d_ms,ipc_transport_ms,gaze_mapping_ms,render_ms,buffer_swap_ms,total_system_latency_ms,t_start,t_end
43,eye0,pmrnet,boot,219.8312469990924,0.02,1.3943309895694256,204.4335249811411,2.501618000678718,0.08,0.35,0.05,0.45,1.2,430.3107209704816,861401.420169443,861401.628499301
69,eye0,pmrnet,loop,19.604408997111022,0.02,0.45729405246675014,3.5790299298241735,0.34741905983537436,0.08,0.35,0.05,0.45,1.2,26.13815203923732,861401.633684569,861401.638068664
70,eye0,pmrnet,loop,15.820660977624357,0.02,0.39583491161465645,3.395339008420706,0.3460469888523221,0.08,0.35,0.05,0.45,1.2,22.10788188651204,861401.638217004,861401.64235452
71,eye0,pmrnet,loop,14.717152924276888,0.02,0.4414870636537671,3.433943958953023,0.4730159416794777,0.08,0.35,0.05,0.45,1.2,21.215599888563155,861401.644971102,861401.649319883
72,eye0,pmrnet,loop,21.109170047566295,0.02,0.5519130500033498,9.487303905189037,0.7186380680650473,0.08,0.35,0.05,0.45,1.2,34.01702507082373,861401.653022399,861401.663780772
73,eye0,pmrnet,loop,18.107619020156562,0.02,0.4567579599097371,4.18668903876096,0.22289296612143517,0.08,0.35,0.05,0.45,1.2,25.123958984948693,861401.663981615,861401.668848309
74,eye0,pmrnet,loop,24.404291063547134,0.02,0.4843620117753744,9.781800908967853,1.1525109875947237,0.08,0.35,0.05,0.45,1.2,37.972964971885084,861401.67179396,861401.683213275
75,eye0,pmrnet,loop,23.273332975804806,0.02,0.5649999948218465,5.456537939608097,0.7030699634924531,0.08,0.35,0.05,0.45,1.2,32.1479408737272,861401.683426935,861401.69015224
77,eye0,pmrnet,loop,21.011646022088826,0.02,0.5062479758635163,9.681664989329875,0.5041100084781647,0.08,0.35,0.05,0.45,1.2,33.85366899576038,861401.693335647,861401.704028195
78,eye0,pmrnet,loop,23.366800043731928,0.02,0.5020980024710298,9.38544690143317,0.3395059611648321,0.08,0.35,0.05,0.45,1.2,35.74385090880096,861401.704224583,861401.714452109
79,eye0,pmrnet,loop,25.190435932017863,0.02,0.6087339716032147,6.838637054897845,1.0170959867537022,0.08,0.35,0.05,0.45,1.2,35.80490294527262,861401.715880592,861401.724345422
80,eye0,pmrnet,loop,22.163201007060707,0.02,0.34897797740995884,3.465482033789158,1.1216619750484824,0.08,0.35,0.05,0.45,1.2,29.249322993308304,861401.724450649,861401.729387102
81,eye0,pmrnet,loop,17.817673040553927,0.02,0.3170330310240388,3.0875469092279673,0.21211407147347927,0.08,0.35,0.05,0.45,1.2,23.58436705227941,861401.729493719,861401.733110668
82,eye0,pmrnet,loop,18.359781010076404,0.02,0.4681829595938325,7.164687965996563,0.21253409795463085,0.08,0.35,0.05,0.45,1.2,28.35518603362143,861401.733875935,861401.741721756
83,eye0,pmrnet,loop,14.31843708269298,0.02,0.3320779651403427,3.1155720353126526,0.48113102093338966,0.08,0.35,0.05,0.45,1.2,20.397218104079364,861401.741820417,861401.745749423
84,eye0,pmrnet,loop,15.031707938760519,0.02,0.2774869790300727,3.3859970280900598,1.416894025169313,0.08,0.35,0.05,0.45,1.2,22.262085971049963,861401.749451183,861401.754531806
85,eye0,pmrnet,loop,14.529407024383545,0.02,0.3664210671558976,4.376406082883477,0.3288770094513893,0.08,0.35,0.05,0.45,1.2,21.751111183874308,861401.757026604,861401.762098522
86,eye0,pmrnet,loop,14.298642985522747,0.02,0.36069098860025406,3.7848399952054024,0.7467659888789058,0.08,0.35,0.05,0.45,1.2,21.340939958207308,861401.765044177,861401.769936763
87,eye0,pmrnet,loop,14.408237067982554,0.02,0.3499140730127692,3.8501910166814923,0.9119629394263029,0.08,0.35,0.05,0.45,1.2,21.670305097103117,861401.773002977,861401.778115339
88,eye0,pmrnet,loop,14.501047902740538,0.02,0.4334179684519768,4.146456019952893,0.6293690530583262,0.08,0.35,0.05,0.45,1.2,21.860290944203733,861401.781067725,861401.786277208
89,eye0,pmrnet,loop,14.114807941950858,0.02,0.3229479771107435,3.7747250171378255,0.9068079525604844,0.08,0.35,0.05,0.45,1.2,21.26928888875991,861401.788955222,861401.793959945
90,eye0,pmrnet,loop,14.052437036298215,0.02,0.33899792470037937,4.3236230267211795,0.33420498948544264,0.08,0.35,0.05,0.45,1.2,21.199262977205215,861401.796969452,861401.801966522
91,eye0,pmrnet,loop,16.808354062959552,0.02,0.46357198152691126,6.9166639586910605,0.3838780103251338,0.08,0.35,0.05,0.45,1.2,26.722468013502656,861401.805026906,861401.8127914
92,eye0,pmrnet,loop,13.717770925723016,0.02,0.34970499109476805,3.574491012841463,0.8560180431231856,0.08,0.35,0.05,0.45,1.2,20.64798497278243,861401.81298912,861401.817769619
93,eye0,pmrnet,loop,13.859819970093668,0.02,0.3227400593459606,3.861085046082735,0.8103430736809969,0.08,0.35,0.05,0.45,1.2,21.00398814920336,861401.820986255,861401.825980784
94,eye0,pmrnet,loop,14.518348965793848,0.02,0.32165797892957926,4.360016086138785,1.0437099263072014,0.08,0.35,0.05,0.45,1.2,22.393732957169412,861401.82898269,861401.834708271
95,eye0,pmrnet,loop,13.69853806681931,0.02,0.3048389917239547,4.341349005699158,0.3291569883003831,0.08,0.35,0.05,0.45,1.2,20.823883052542804,861401.836983046,861401.841958646
96,eye0,pmrnet,loop,13.524180045351386,0.02,0.3279320662841201,3.761762985959649,0.7821089820936322,0.08,0.35,0.05,0.45,1.2,20.545984079688786,861401.844981173,861401.849853167
97,eye0,pmrnet,loop,18.50357896182686,0.02,0.46745105646550655,9.03019797988236,0.3745949361473322,0.08,0.35,0.05,0.45,1.2,30.525822934322058,861401.853029106,861401.862901681
98,eye0,pmrnet,loop,14.791709021665156,0.02,0.37707400042563677,3.419931046664715,0.4519340582191944,0.08,0.35,0.05,0.45,1.2,21.1906481269747,861401.8630092,861401.867258428
99,eye0,pmrnet,loop,16.572520951740444,0.02,0.4938809433951974,7.020978024229407,0.41027297265827656,0.08,0.35,0.05,0.45,1.2,26.647652892023324,861401.869182769,861401.877108335
100,eye0,pmrnet,loop,16.032431973144412,0.02,0.3102649934589863,6.05445692781359,1.0352079989388585,0.08,0.35,0.05,0.45,1.2,25.582361893355845,861401.877237332,861401.88463751
101,eye0,pmrnet,loop,20.064559997990727,0.02,0.3937090514227748,9.348448948003352,0.3551460104063153,0.08,0.35,0.05,0.45,1.2,32.31186400782317,861401.886640471,861401.896738239
102,eye0,pmrnet,loop,22.402281989343464,0.02,0.49227604176849127,9.268466965295374,0.4837280139327049,0.08,0.35,0.05,0.45,1.2,34.79675301034003,861401.896899733,861401.907144714
103,eye0,pmrnet,loop,26.685412041842937,0.02,0.5407730350270867,9.797487989999354,1.0221319971606135,0.08,0.35,0.05,0.45,1.2,40.19580506402999,861401.908135978,861401.919496836
105,eye0,pmrnet,loop,19.239405053667724,0.02,2.5364509783685207,5.764068919233978,0.21668407134711742,0.08,0.35,0.05,0.45,1.2,29.90660902261734,861401.919671871,861401.928189418
106,eye0,pmrnet,loop,16.553039895370603,0.02,0.33334805630147457,3.676896099932492,0.7253419607877731,0.08,0.35,0.05,0.45,1.2,23.43862601239234,861401.928836374,861401.933572145
107,eye0,pmrnet,loop,12.395557016134262,0.02,0.32140593975782394,3.0566640198230743,0.4289218923076987,0.08,0.35,0.05,0.45,1.2,18.352548868022858,861401.93367642,861401.93748366
108,eye0,pmrnet,loop,18.20104895159602,0.02,0.3574120346456766,9.517205064184964,0.48542593140155077,0.08,0.35,0.05,0.45,1.2,30.71109198182821,861401.940996966,861401.951357354
109,eye0,pmrnet,loop,21.589623065665364,0.02,0.6328860763460398,9.378758957609534,0.4804410273209214,0.08,0.35,0.05,0.45,1.2,34.23170912694186,861401.952322619,861401.962815173
110,eye0,pmrnet,loop,23.153334041126072,0.02,0.4687180044129491,8.310135919600725,0.6925819907337427,0.08,0.35,0.05,0.45,1.2,34.77476995587349,861401.962976534,861401.972448331
111,eye0,pmrnet,loop,19.74770601373166,0.02,0.5202069878578186,3.2317390432581306,0.39325200486928225,0.08,0.35,0.05,0.45,1.2,26.04290404971689,861401.972966338,861401.977111891
112,eye0,pmrnet,loop,16.527788946405053,0.02,0.3438310232013464,3.2487750286236405,1.1529679177328944,0.08,0.35,0.05,0.45,1.2,23.423362915962933,861401.97721496,861401.981960826
113,eye0,pmrnet,loop,12.761779013089836,0.02,0.3364500589668751,3.460447071120143,0.39446400478482246,0.08,0.35,0.05,0.45,1.2,19.103140147961675,861401.982072206,861401.986263829
114,eye0,pmrnet,loop,11.48996502161026,0.02,0.34795503597706556,3.3353730104863644,0.3873970126733184,0.08,0.35,0.05,0.45,1.2,17.710690080747007,861401.988990078,861401.993061044
115,eye0,pmrnet,loop,17.85629289224744,0.02,0.46949798706918955,9.400031063705683,0.6075809942558408,0.08,0.35,0.05,0.45,1.2,30.48340293727815,861401.997018316,861402.007495918
116,eye0,pmrnet,loop,19.991179928183556,0.02,0.4748899955302477,9.18986601755023,0.36734098102897406,0.08,0.35,0.05,0.45,1.2,32.173276922293006,861402.007666813,861402.017699368
117,eye0,pmrnet,loop,18.71715602464974,0.02,1.5445780009031296,3.1722309067845345,0.2085230080410838,0.08,0.35,0.05,0.45,1.2,25.792487940378486,861402.019569702,861402.024495256
118,eye0,pmrnet,loop,15.55710204411298,0.02,0.34616095945239067,4.036127938888967,0.4159649834036827,0.08,0.35,0.05,0.45,1.2,22.50535592585802,861402.024605688,861402.029404204
119,eye0,pmrnet,loop,11.612706002779305,0.02,0.34346804022789,3.270043060183525,0.4119389923289418,0.08,0.35,0.05,0.45,1.2,17.78815609551966,861402.029503143,861402.033528812
43,eye1,pmrnet,boot,217.74528198875487,0.02,1.535085029900074,195.48465497791767,2.331683994270861,0.08,0.35,0.05,0.45,1.2,419.24670599084345,861401.452024436,861401.651376284
69,eye1,pmrnet,loop,14.720613951794803,0.02,0.4136690404266119,3.4879969898611307,0.5664279451593757,0.08,0.35,0.05,0.45,1.2,21.33870792724192,861401.653678546,861401.658146958
70,eye1,pmrnet,loop,15.142982942052186,0.02,0.4022150533273816,3.4860309679061174,1.729444949887693,0.08,0.35,0.05,0.45,1.2,22.910673913173376,861401.661020334,861401.666638347
71,eye1,pmrnet,loop,20.044069970026612,0.02,0.5080669652670622,9.602146921679378,0.4706640029326081,0.08,0.35,0.05,0.45,1.2,32.77494785990566,861401.669026464,861401.679608022
72,eye1,pmrnet,loop,23.151698987931013,0.02,0.49460004083812237,9.514620061963797,0.3748690942302346,0.08,0.35,0.05,0.45,1.2,35.685788184963165,861401.680399728,861401.690784494
73,eye1,pmrnet,loop,25.564515963196754,0.02,0.5196270067244768,9.312800946645439,0.4580139648169279,0.08,0.35,0.05,0.45,1.2,38.004957881383596,861401.690975313,861401.70126641
75,eye1,pmrnet,loop,21.21635095681995,0.02,0.5057300440967083,9.748626966029406,0.6038480205461383,0.08,0.35,0.05,0.45,1.2,34.2245559874922,861401.702197637,861401.713056468
76,eye1,pmrnet,loop,18.733071978203952,0.02,1.2469160137698054,3.665386000648141,0.5241150502115488,0.08,0.35,0.05,0.45,1.2,26.319489042833446,861401.713205159,861401.718641976
77,eye1,pmrnet,loop,16.439918079413474,0.02,0.33675890881568193,3.7273650523275137,0.4502229858189821,0.08,0.35,0.05,0.45,1.2,23.10426502637565,861401.719904043,861401.724418644
78,eye1,pmrnet,loop,13.41487793251872,0.02,0.3204660024493933,3.812281065620482,0.33901992719620466,0.08,0.35,0.05,0.45,1.2,20.0366449277848,861401.724990861,861401.729462871
79,eye1,pmrnet,loop,13.113972032442689,0.02,0.3138229949399829,3.3126049675047398,0.5727509269490838,0.08,0.35,0.05,0.45,1.2,19.463150921836494,861401.733031653,861401.73723108
80,eye1,pmrnet,loop,19.782118033617735,0.02,0.4736499395221472,9.865059982985258,0.619700993411243,0.08,0.35,0.05,0.45,1.2,32.89052894953638,861401.741010105,861401.751969073
81,eye1,pmrnet,loop,16.03138307109475,0.02,0.5340799689292908,3.1967030372470617,0.46983908396214247,0.08,0.35,0.05,0.45,1.2,22.382005161233245,861401.752086307,861401.75628721
82,eye1,pmrnet,loop,13.708886108361185,0.02,0.3741069231182337,3.9152419194579124,0.7614140631631017,0.08,0.35,0.05,0.45,1.2,20.90964901410043,861401.756982983,861401.762033986
83,eye1,pmrnet,loop,13.62151897046715,0.02,0.35950192250311375,4.332558019086719,0.3349230391904712,0.08,0.35,0.05,0.45,1.2,20.798501951247452,861401.764988281,861401.770015507
84,eye1,pmrnet,loop,13.758906978182495,0.02,0.27396809309720993,4.103488987311721,0.36615098360925913,0.08,0.35,0.05,0.45,1.2,20.652515042200683,861401.77347822,861401.778222059
85,eye1,pmrnet,loop,13.812783057801425,0.02,0.32995594665408134,4.683776991441846,0.3348949830979109,0.08,0.35,0.05,0.45,1.2,21.311410978995262,861401.780995991,861401.786344857
86,eye1,pmrnet,loop,13.43264407478273,0.02,0.35313202533870935,4.387905006296933,0.3336770460009575,0.08,0.35,0.05,0.45,1.2,20.657358152419327,861401.788958804,861401.794033744
87,eye1,pmrnet,loop,13.223937945440412,0.02,0.32644206658005714,3.818477038294077,0.7828209782019258,0.08,0.35,0.05,0.45,1.2,20.30167802851647,861401.796965994,861401.801894018
88,eye1,pmrnet,loop,19.614213961176574,0.02,0.4857010208070278,9.537325007840991,1.3169089797884226,0.08,0.35,0.05,0.45,1.2,33.104148969613014,861401.805012881,861401.816353153
89,eye1,pmrnet,loop,15.402719960547984,0.02,0.37399400025606155,3.1612179009243846,0.2159349387511611,0.08,0.35,0.05,0.45,1.2,21.30386680047959,861401.81645939,861401.820210759
90,eye1,pmrnet,loop,13.179710018448532,0.02,0.3341659903526306,4.405049025081098,0.3351400373503566,0.08,0.35,0.05,0.45,1.2,20.404065071232615,861401.820982158,861401.82605675
91,eye1,pmrnet,loop,13.835347024723887,0.02,0.3430190263316035,4.874733043834567,0.5886899307370186,0.08,0.35,0.05,0.45,1.2,21.791789025627075,861401.828974652,861401.834781362
92,eye1,pmrnet,loop,12.870298931375146,0.02,0.3595449961721897,3.8279719883576035,0.7126709679141641,0.08,0.35,0.05,0.45,1.2,19.920486883819102,861401.836984957,861401.841885371
93,eye1,pmrnet,loop,18.43923598062247,0.02,0.47963298857212067,9.349896106868982,0.65635796636343,0.08,0.35,0.05,0.45,1.2,31.075123042427002,861401.845036074,861401.855522394
94,eye1,pmrnet,loop,21.610149065963924,0.02,0.465419958345592,9.904113016091287,0.6984800565987825,0.08,0.35,0.05,0.45,1.2,34.828162096999584,861401.85569424,861401.866762693
95,eye1,pmrnet,loop,25.68073000293225,0.02,0.5317149916663766,9.538999991491437,0.5462960107252002,0.08,0.35,0.05,0.45,1.2,38.44774099681526,861401.868284551,861401.878902067
97,eye1,pmrnet,loop,15.34543395973742,0.02,0.5259010940790176,4.526045988313854,0.5741900531575084,0.08,0.35,0.05,0.45,1.2,23.1215710952878,861401.879078913,861401.884705381
98,eye1,pmrnet,loop,18.021323019638658,0.02,0.48567692283540964,8.049398078583181,0.412320950999856,0.08,0.35,0.05,0.45,1.2,29.118718972057103,861401.886502672,861401.895450398
99,eye1,pmrnet,loop,21.7621480114758,0.02,0.40700193494558334,9.305824059993029,0.5054490175098181,0.08,0.35,0.05,0.45,1.2,34.13042302392423,861401.897041485,861401.907260091
100,eye1,pmrnet,loop,22.08907390013337,0.02,0.5331860156729817,6.236680084839463,0.7344490149989724,0.08,0.35,0.05,0.45,1.2,31.743389015644787,861401.908151279,861401.915655922
101,eye1,pmrnet,loop,18.265950959175825,0.02,0.25098107289522886,3.201710991561413,0.23743393830955029,0.08,0.35,0.05,0.45,1.2,24.106076961942016,861401.916211355,861401.919901756
102,eye1,pmrnet,loop,15.603382955305278,0.02,0.34153403248637915,3.3288869308307767,0.6354249780997634,0.08,0.35,0.05,0.45,1.2,22.059228896722196,861401.921002231,861401.925308396
103,eye1,pmrnet,loop,21.460246993228793,0.02,0.485036987811327,9.32584994006902,0.40519202593714,0.08,0.35,0.05,0.45,1.2,33.82632594704628,861401.929017619,861401.939234214
104,eye1,pmrnet,loop,20.43237502221018,0.02,0.5063608987256885,5.972533021122217,0.43822498992085457,0.08,0.35,0.05,0.45,1.2,29.49949393197894,861401.939358016,861401.946275474
105,eye1,pmrnet,loop,23.877640953287482,0.02,0.4723599413409829,9.491134085692465,0.5145280156284571,0.08,0.35,0.05,0.45,1.2,36.505662995949386,861401.94731033,861401.957788798
106,eye1,pmrnet,loop,24.092332925647497,0.02,0.5829829024150968,6.369984010234475,1.1494309874251485,0.08,0.35,0.05,0.45,1.2,34.344730825722216,861401.957970566,861401.96607333
107,eye1,pmrnet,loop,27.249078964814544,0.02,0.4625279689207673,9.61716694291681,0.4510550061240792,0.08,0.35,0.05,0.45,1.2,39.9298288827762,861401.966767451,861401.977298632
109,eye1,pmrnet,loop,19.958821940235794,0.02,0.5031520267948508,7.436627987772226,0.7435419829562306,0.08,0.35,0.05,0.45,1.2,30.7921439377591,861401.977462955,861401.986146607
110,eye1,pmrnet,loop,22.82231696881354,0.02,0.48668996896594763,9.28900798317045,0.38374599535018206,0.08,0.35,0.05,0.45,1.2,35.13176091630012,861401.986919166,861401.997079089
111,eye1,pmrnet,loop,25.114229996688664,0.02,0.4883919609710574,9.339318028651178,0.4044430097565055,0.08,0.35,0.05,0.45,1.2,37.4963829960674,861401.997207409,861402.007440022
112,eye1,pmrnet,loop,22.157971980050206,0.02,0.3759909886866808,3.4803799353539944,0.4776690620929003,0.08,0.35,0.05,0.45,1.2,28.64201196618378,861402.008218805,861402.012553076
113,eye1,pmrnet,loop,18.75372009817511,0.02,0.36275899037718773,3.5101239336654544,0.6891110679134727,0.08,0.35,0.05,0.45,1.2,25.465714090131222,861402.012655137,861402.01721741
114,eye1,pmrnet,loop,14.671857003122568,0.02,0.3998430911451578,3.2533149933442473,0.21769804880023003,0.08,0.35,0.05,0.45,1.2,20.692713136412202,861402.017333554,861402.021204679
115,eye1,pmrnet,loop,20.50376497209072,0.02,0.5025890422984958,9.213475976139307,0.36770105361938477,0.08,0.35,0.05,0.45,1.2,32.73753104414791,861402.025021273,861402.035105568
116,eye1,pmrnet,loop,20.881782053038478,0.02,0.48675097059458494,6.887570954859257,0.21554401610046625,0.08,0.35,0.05,0.45,1.2,30.621647994592784,861402.035962536,861402.043552849
117,eye1,pmrnet,loop,18.182152998633683,0.02,0.3419979475438595,3.6182570038363338,1.2977320002391934,0.08,0.35,0.05,0.45,1.2,25.590139950253068,861402.043663719,861402.048921945
118,eye1,pmrnet,loop,14.072046964429319,0.02,0.33701397478580475,3.095672931522131,0.401686062105,0.08,0.35,0.05,0.45,1.2,20.056419932842253,861402.049046488,861402.052881089
119,eye1,pmrnet,loop,14.238983974792063,0.02,0.34840102307498455,3.3815508941188455,0.4037079634144902,0.08,0.35,0.05,0.45,1.2,20.522643855400382,861402.056983229,861402.061117122
120,eye1,pmrnet,loop,14.258902985602617,0.02,0.2727820537984371,3.149472991935909,0.3777389647439122,0.08,0.35,0.05,0.45,1.2,20.208896996080874,861402.065406712,861402.069207
120,eye0,pmrnet,loop,11.901448015123606,0.02,0.28318597469478846,3.711878089234233,0.45953993685543537,0.08,0.35,0.05,0.45,1.2,18.50605201590806,861402.037431635,861402.041886519
121,eye0,pmrnet,loop,17.20470900181681,0.02,0.5107659380882978,9.46695206221193,0.26415695901960135,0.08,0.35,0.05,0.45,1.2,29.596583961136638,861402.045016306,861402.05525863
122,eye0,pmrnet,loop,14.928710996173322,0.02,0.6447540363296866,3.8578290259465575,1.1758330510929227,0.08,0.35,0.05,0.45,1.2,22.757127109542488,861402.055372909,861402.061051576
123,eye0,pmrnet,loop,17.795141087844968,0.02,0.42373291216790676,9.190330980345607,0.48267096281051636,0.08,0.35,0.05,0.45,1.2,30.041875943168996,861402.061889503,861402.071986674
124,eye0,pmrnet,loop,21.424395963549614,0.02,0.6586549570783973,10.196874965913594,0.671862973831594,0.08,0.35,0.05,0.45,1.2,35.1017888603732,861402.072157245,861402.083685045
125,eye0,pmrnet,loop,19.336577970534563,0.02,1.4297760790213943,3.2968539744615555,0.2169199287891388,0.08,0.35,0.05,0.45,1.2,26.43012795280665,861402.084722639,861402.089666465
126,eye0,pmrnet,loop,15.623255050741136,0.02,0.3273870097473264,3.1521060736849904,0.5170439835637808,0.08,0.35,0.05,0.45,1.2,21.769792117737232,861402.090025682,861402.09402242
127,eye0,pmrnet,loop,15.830968040972948,0.02,0.34586398396641016,4.491073079407215,0.4646190209314227,0.08,0.35,0.05,0.45,1.2,23.282524125277995,861402.096996898,861402.102298726
128,eye0,pmrnet,loop,18.309729057364166,0.02,0.4700410645455122,6.404286017641425,0.9329069871455431,0.08,0.35,0.05,0.45,1.2,28.266963126696645,861402.105038873,861402.112846483
129,eye0,pmrnet,loop,14.934679958969355,0.02,0.3508420195430517,3.3571779495105147,0.848755007609725,0.08,0.35,0.05,0.45,1.2,21.641454935632645,861402.112983476,861402.117540492
130,eye0,pmrnet,loop,14.695463934913278,0.02,0.35097706131637096,3.398554981686175,0.5724200746044517,0.08,0.35,0.05,0.45,1.2,21.167416052520274,861402.121048245,861402.125370417
131,eye0,pmrnet,loop,15.069996006786823,0.02,0.3462739987298846,3.5444279201328754,0.8870590245351195,0.08,0.35,0.05,0.45,1.2,21.9977569501847,861402.129036088,861402.133814085
132,eye0,pmrnet,loop,14.420343097299337,0.02,0.35184097941964865,3.1499480828642845,0.7066009566187859,0.08,0.35,0.05,0.45,1.2,20.778733116202055,861402.137024755,861402.141233391
133,eye0,pmrnet,loop,14.524164958857,0.02,0.3354650689288974,3.5383800277486444,0.5516319070011377,0.08,0.35,0.05,0.45,1.2,21.099641962535678,861402.144980304,861402.149406059
134,eye0,pmrnet,loop,21.095019998028874,0.02,0.5021289689466357,9.646373917348683,0.8609750075265765,0.08,0.35,0.05,0.45,1.2,34.25449789185077,861402.153035335,861402.164045317
135,eye0,pmrnet,loop,17.88989396300167,0.02,1.2275250628590584,3.175486926920712,0.21389697212725878,0.08,0.35,0.05,0.45,1.2,24.656802924908696,861402.164292834,861402.168910087
136,eye0,pmrnet,loop,21.79266803432256,0.02,0.4764279583469033,9.435610962100327,0.3676799824461341,0.08,0.35,0.05,0.45,1.2,34.22238693721592,861402.170601967,861402.180882258
137,eye0,pmrnet,loop,22.626692079938948,0.02,1.127416966482997,7.163455011323094,0.4430480767041445,0.08,0.35,0.05,0.45,1.2,33.51061213444919,861402.181051308,861402.189785597
138,eye0,pmrnet,loop,24.681093986146152,0.02,0.48177491407841444,8.710715919733047,0.2202480100095272,0.08,0.35,0.05,0.45,1.2,36.24383282996714,861402.190495953,861402.199909047
139,eye0,pmrnet,loop,21.44363895058632,0.02,0.33411302138119936,3.839466953650117,0.5510159535333514,0.08,0.35,0.05,0.45,1.2,28.318234879150985,861402.200015024,861402.20474001
140,eye0,pmrnet,loop,24.817071040160954,0.02,0.37026999052613974,9.401063900440931,0.48915797378867865,0.08,0.35,0.05,0.45,1.2,37.2275629049167,861402.20592184,861402.216182753
142,eye0,pmrnet,loop,14.19126393739134,0.02,0.49877294804900885,3.319223993457854,0.6868001073598862,0.08,0.35,0.05,0.45,1.2,20.846060986258088,861402.217190177,861402.221695324
143,eye0,pmrnet,loop,20.65360697451979,0.02,0.6119570462033153,9.847812005318701,0.7692549843341112,0.08,0.35,0.05,0.45,1.2,34.032631010375916,861402.224996703,861402.236226198
144,eye0,pmrnet,loop,17.92156498413533,0.02,0.4723819438368082,3.746298956684768,0.25658297818154097,0.08,0.35,0.05,0.45,1.2,24.546828862838446,861402.237087743,861402.241563367
145,eye0,pmrnet,loop,19.912031013518572,0.02,0.3444720059633255,9.21311997808516,0.40015694685280323,0.08,0.35,0.05,0.45,1.2,32.01977994441986,861402.241664257,861402.251622326
146,eye0,pmrnet,loop,16.829083091579378,0.02,0.48877892550081015,3.3332559978589416,0.9986920049414039,0.08,0.35,0.05,0.45,1.2,23.799810019880532,861402.251787837,861402.25660889
147,eye0,pmrnet,loop,17.91707193478942,0.02,0.4750819643959403,7.03959190286696,0.8711629780009389,0.08,0.35,0.05,0.45,1.2,28.452908780053257,861402.257379993,861402.265766192
148,eye0,pmrnet,loop,14.0211220132187,0.02,0.32713403925299644,3.208787995390594,0.5391889717429876,0.08,0.35,0.05,0.45,1.2,20.246233019605278,861402.265863868,861402.269939223
149,eye0,pmrnet,loop,14.778650016523898,0.02,0.3294410416856408,4.998074029572308,0.4130700835958123,0.08,0.35,0.05,0.45,1.2,22.669235171377657,861402.273024898,861402.278765795
150,eye0,pmrnet,loop,19.41982703283429,0.02,0.4773379769176245,9.467908996157348,0.5021709948778152,0.08,0.35,0.05,0.45,1.2,32.01724500078708,861402.281027045,861402.291474942
151,eye0,pmrnet,loop,22.043804987333715,0.02,0.5351470317691565,9.4531619688496,0.5206980276852846,0.08,0.35,0.05,0.45,1.2,34.702812015637754,861402.291659245,861402.30216866
152,eye0,pmrnet,loop,25.853878003545105,0.02,1.068916986696422,9.430548991076648,0.3815069794654846,0.08,0.35,0.05,0.45,1.2,38.88485096078366,861402.303165574,861402.314046995
154,eye0,pmrnet,loop,20.174041972495615,0.02,0.607140944339335,9.279596037231386,0.367530039511621,0.08,0.35,0.05,0.45,1.2,32.578308993577956,861402.314250808,861402.324505534
155,eye0,pmrnet,loop,23.05436006281525,0.02,0.4984339466318488,9.27156105171889,0.4307370400056243,0.08,0.35,0.05,0.45,1.2,35.40509210117161,861402.32525372,861402.335454948
156,eye0,pmrnet,loop,22.243478917516768,0.02,0.45881594996899366,5.43451402336359,1.2080979067832232,0.08,0.35,0.05,0.45,1.2,31.494906797632574,861402.335611791,861402.342713567
157,eye0,pmrnet,loop,19.07868403941393,0.02,0.3156490856781602,3.398444037884474,0.6811370840296149,0.08,0.35,0.05,0.45,1.2,25.623914247006176,861402.343222302,861402.347617747
158,eye0,pmrnet,loop,14.990229974500835,0.02,0.30688499100506306,3.1838000286370516,0.38669200148433447,0.08,0.35,0.05,0.45,1.2,21.017606995627283,861402.347720784,861402.351598404
159,eye0,pmrnet,loop,13.631956069730222,0.02,0.32410805579274893,3.403182956390083,1.579327043145895,0.08,0.35,0.05,0.45,1.2,21.088574125058948,861402.353001924,861402.358308781
160,eye0,pmrnet,loop,12.045276933349669,0.02,0.3327379235997796,3.2017610501497984,0.21149497479200363,0.08,0.35,0.05,0.45,1.2,17.94127088189125,861402.36104502,861402.36479126
161,eye0,pmrnet,loop,18.10180500615388,0.02,0.3515529679134488,9.186514071188867,0.35985501017421484,0.08,0.35,0.05,0.45,1.2,30.14972705543041,861402.369018173,861402.378916468
162,eye0,pmrnet,loop,18.73026299290359,0.02,0.3709070151671767,6.908681010827422,0.21867500618100166,0.08,0.35,0.05,0.45,1.2,28.37852602507919,861402.380115362,861402.387613993
163,eye0,pmrnet,loop,23.29738298431039,0.02,0.48192101530730724,10.667938971892,0.7930719293653965,0.08,0.35,0.05,0.45,1.2,37.39031490087509,861402.388306717,861402.400250095
164,eye0,pmrnet,loop,23.591188015416265,0.02,0.46974699944257736,7.005245890468359,0.7297169649973512,0.08,0.35,0.05,0.45,1.2,33.94589787032455,861402.400407636,861402.408612838
166,eye0,pmrnet,loop,18.53303296957165,0.02,0.4619599785655737,9.408244048245251,0.5060769617557526,0.08,0.35,0.05,0.45,1.2,31.059313958138226,861402.409315733,861402.419692455
167,eye0,pmrnet,loop,18.675185041502118,0.02,0.48145593609660864,7.341183023527265,0.22216606885194778,0.08,0.35,0.05,0.45,1.2,28.869990069977938,861402.419859147,861402.42790431
168,eye0,pmrnet,loop,17.832197016105056,0.02,0.47752796672284603,4.589405027218163,1.3850419782102108,0.08,0.35,0.05,0.45,1.2,26.434171988256274,861402.428678046,861402.435130371
169,eye0,pmrnet,loop,15.20314789377153,0.02,0.3250730223953724,4.464722936972976,0.5467759910970926,0.08,0.35,0.05,0.45,1.2,22.68971984423697,861402.435233298,861402.440570119
170,eye0,pmrnet,loop,12.321454007178545,0.02,0.32687594648450613,4.0308620082214475,0.3933459520339966,0.08,0.35,0.05,0.45,1.2,19.222537913918494,861402.441006233,861402.445757534
171,eye0,pmrnet,loop,11.560605023987591,0.02,0.32351899426430464,3.504442051053047,0.22214907221496105,0.08,0.35,0.05,0.45,1.2,17.760715141519903,861402.449015408,861402.453065769
172,eye0,pmrnet,loop,11.213466990739107,0.02,0.3585630329325795,3.194667981006205,0.2113089431077242,0.08,0.35,0.05,0.45,1.2,17.128006947785614,861402.45702282,861402.460787616
121,eye1,pmrnet,loop,14.130493975244462,0.02,0.36710803396999836,3.196928999386728,0.5862970137968659,0.08,0.35,0.05,0.45,1.2,20.430828022398053,861402.072997075,861402.077147618
122,eye1,pmrnet,loop,14.033003011718392,0.02,0.33248402178287506,3.140454995445907,0.6572160637006164,0.08,0.35,0.05,0.45,1.2,20.31315809264779,861402.08098863,861402.085119026
123,eye1,pmrnet,loop,17.450609942898154,0.02,0.48523698933422565,6.857968983240426,0.19468192476779222,0.08,0.35,0.05,0.45,1.2,27.138497840240596,861402.089067504,861402.096605719
124,eye1,pmrnet,loop,20.45478392392397,0.02,0.46834605745971203,9.546405053697526,0.4234880907461047,0.08,0.35,0.05,0.45,1.2,33.04302312582731,861402.097240026,861402.107678679
125,eye1,pmrnet,loop,17.998156952671707,0.02,2.0454860059544444,3.2284309854730964,0.2147960476577282,0.08,0.35,0.05,0.45,1.2,25.636869991756974,861402.107801974,861402.113290966
126,eye1,pmrnet,loop,22.2100360551849,0.02,0.4740909207612276,9.393180022016168,0.46964501962065697,0.08,0.35,0.05,0.45,1.2,34.69695201758295,861402.115233572,861402.125570932
127,eye1,pmrnet,loop,22.453079000115395,0.02,0.5082929274067283,7.079866016283631,0.3316829679533839,0.08,0.35,0.05,0.45,1.2,32.52292091175914,861402.12596381,861402.133883994
128,eye1,pmrnet,loop,23.707824992015958,0.02,0.46231597661972046,7.647551014088094,0.22310996428132057,0.08,0.35,0.05,0.45,1.2,34.19080194700509,861402.134874527,861402.143207875
129,eye1,pmrnet,loop,20.996915991418064,0.02,0.3323960117995739,3.8842770736664534,1.0382259497419,0.08,0.35,0.05,0.45,1.2,28.40181502662599,861402.143310882,861402.148566054
130,eye1,pmrnet,loop,16.773996059782803,0.02,0.3383449511602521,3.2102359691634774,0.19401300232857466,0.08,0.35,0.05,0.45,1.2,22.666589982435106,861402.148669148,861402.152411967
131,eye1,pmrnet,loop,14.006413985043764,0.02,0.3192370058968663,3.7572570145130157,0.5857489304617047,0.08,0.35,0.05,0.45,1.2,20.81865693591535,861402.153050857,861402.157713385
132,eye1,pmrnet,loop,13.009117916226387,0.02,0.3449090290814638,3.1897040316835046,0.20087696611881256,0.08,0.35,0.05,0.45,1.2,18.894607943110167,861402.161049358,861402.164785126
133,eye1,pmrnet,loop,19.529848941601813,0.02,0.3537529846653342,9.527294081635773,0.4759979201480746,0.08,0.35,0.05,0.45,1.2,32.03689392805099,861402.169016936,861402.179374459
134,eye1,pmrnet,loop,21.698215045034885,0.02,0.5044880090281367,7.674749009311199,1.052068080753088,0.08,0.35,0.05,0.45,1.2,33.07952014412731,861402.180380024,861402.189611691
135,eye1,pmrnet,loop,18.166796071454883,0.02,0.35515998024493456,3.4669000888243318,0.5942089483141899,0.08,0.35,0.05,0.45,1.2,24.733065088838337,861402.18973292,861402.19414946
136,eye1,pmrnet,loop,14.1805000603199,0.02,0.3343570278957486,3.1993730226531625,0.43660099618136883,0.08,0.35,0.05,0.45,1.2,20.30083110705018,861402.194261803,861402.198232373
137,eye1,pmrnet,loop,19.15512199047953,0.02,0.46538806054741144,9.254463016986847,0.48240297473967075,0.08,0.35,0.05,0.45,1.2,31.507376042753457,861402.201072652,861402.211275405
138,eye1,pmrnet,loop,21.65068604517728,0.02,0.45597704593092203,9.32860595639795,0.6103659979999065,0.08,0.35,0.05,0.45,1.2,34.19563504550606,861402.211444632,861402.221840005
139,eye1,pmrnet,loop,20.38750797510147,0.02,0.49304997082799673,4.829335026443005,0.6422200240194798,0.08,0.35,0.05,0.45,1.2,28.50211299639195,861402.222681554,861402.228646511
140,eye1,pmrnet,loop,17.01482106000185,0.02,0.2773219021037221,3.4003049368038774,0.4840260371565819,0.08,0.35,0.05,0.45,1.2,23.32647393606603,861402.229180938,861402.233342857
141,eye1,pmrnet,loop,15.372656984254718,0.02,0.34142809454351664,4.443557001650333,1.5402639983221889,0.08,0.35,0.05,0.45,1.2,23.847906078770755,861402.233444039,861402.239769587
142,eye1,pmrnet,loop,18.949841964058578,0.02,0.4699459532275796,9.440645924769342,0.46838808339089155,0.08,0.35,0.05,0.45,1.2,31.47882192544639,861402.241035856,861402.25141527
143,eye1,pmrnet,loop,18.778198049403727,0.02,0.46806002501398325,6.6875379998236895,0.5569959757849574,0.08,0.35,0.05,0.45,1.2,28.640792050026356,861402.251600033,861402.259312985
144,eye1,pmrnet,loop,21.609470015391707,0.02,0.4671469796448946,9.314929018728435,0.32692006789147854,0.08,0.35,0.05,0.45,1.2,33.868466081656514,861402.260103504,861402.270212957
145,eye1,pmrnet,loop,23.99729599710554,0.02,0.8056600345298648,9.129791054874659,0.36224001087248325,0.08,0.35,0.05,0.45,1.2,36.444987097382544,861402.27037159,861402.280669738
147,eye1,pmrnet,loop,18.68841703981161,0.02,0.46710099559277296,9.294350049458444,0.4223569994792342,0.08,0.35,0.05,0.45,1.2,31.02222508434206,861402.281314192,861402.291498451
148,eye1,pmrnet,loop,21.12950896844268,0.02,0.5329300183802843,9.356844937428832,0.449351966381073,0.08,0.35,0.05,0.45,1.2,33.61863589063287,861402.291669035,861402.302008646
149,eye1,pmrnet,loop,24.8816009843722,0.02,0.5924149882048368,9.570273919962347,0.5007520085200667,0.08,0.35,0.05,0.45,1.2,37.69504190105945,861402.30316608,861402.313829973
151,eye1,pmrnet,loop,18.556960974819958,0.02,0.68426295183599,8.36890796199441,0.5744650261476636,0.08,0.35,0.05,0.45,1.2,30.33459691479802,861402.314016085,861402.323644046
152,eye1,pmrnet,loop,21.481812000274658,0.02,0.5005400162190199,9.362696902826428,0.341063947416842,0.08,0.35,0.05,0.45,1.2,33.83611286673695,861402.324433243,861402.334637922
154,eye1,pmrnet,loop,13.682118034921587,0.02,0.35764998756349087,3.263115999288857,0.19412802066653967,0.08,0.35,0.05,0.45,1.2,19.647012042440473,861402.33916086,861402.342976028
155,eye1,pmrnet,loop,18.479887978173792,0.02,0.47735299449414015,9.398075984790921,0.8292440325021744,0.08,0.35,0.05,0.45,1.2,31.334560989961027,861402.3451376,861402.35584261
156,eye1,pmrnet,loop,14.304716023616493,0.02,0.3704950213432312,3.2043730607256293,0.19807997159659863,0.08,0.35,0.05,0.45,1.2,20.22766407728195,861402.355963394,861402.359736546
157,eye1,pmrnet,loop,17.89528806693852,0.02,0.5252690752968192,5.243884981609881,0.5518919788300991,0.08,0.35,0.05,0.45,1.2,26.366334102675317,861402.365074927,861402.371396314
158,eye1,pmrnet,loop,15.327115077525377,0.02,0.32471888698637486,3.1909560784697533,0.402832985855639,0.08,0.35,0.05,0.45,1.2,21.395623028837143,861402.372978457,861402.37689719
159,eye1,pmrnet,loop,15.80734399612993,0.02,0.5761010106652975,3.2532750628888607,0.6309300661087036,0.08,0.35,0.05,0.45,1.2,22.41765013579279,861402.38098569,861402.385446227
160,eye1,pmrnet,loop,15.486888936720788,0.02,0.41239592246711254,3.420533030293882,0.367345055565238,0.08,0.35,0.05,0.45,1.2,21.83716294504702,861402.388995388,861402.39319589
161,eye1,pmrnet,loop,15.052946982905269,0.02,0.33786799758672714,3.1832619570195675,0.26228895876556635,0.08,0.35,0.05,0.45,1.2,20.98636589627713,861402.397047208,861402.400830883
162,eye1,pmrnet,loop,22.606158978305757,0.02,0.3888289211317897,9.460334898903966,0.4813369596377015,0.08,0.35,0.05,0.45,1.2,35.08665975797921,861402.406121497,861402.416452489
163,eye1,pmrnet,loop,24.890806060284376,0.02,0.4748519277200103,9.231374016962945,0.4733919631689787,0.08,0.35,0.05,0.45,1.2,37.22042396813631,861402.41662622,861402.426806267
164,eye1,pmrnet,loop,25.21805791184306,0.02,3.343067946843803,3.6641110200434923,0.39656099397689104,0.08,0.35,0.05,0.45,1.2,34.771797872707246,861402.427798924,861402.435202985
165,eye1,pmrnet,loop,22.228026995435357,0.02,0.3458199789747596,3.964180941693485,0.6599359912797809,0.08,0.35,0.05,0.45,1.2,29.34796390738338,861402.43531187,861402.440282056
167,eye1,pmrnet,loop,17.028942005708814,0.02,0.4812499973922968,3.4833799581974745,1.335105043835938,0.08,0.35,0.05,0.45,1.2,24.47867700513452,861402.445921106,861402.45122107
168,eye1,pmrnet,loop,14.587272889912128,0.02,0.3252610331401229,3.255249001085758,0.1932369777932763,0.08,0.35,0.05,0.45,1.2,20.511019901931284,861402.453074415,861402.456848388
169,eye1,pmrnet,loop,14.43417591508478,0.02,0.3466620109975338,3.1699780374765396,0.2135569229722023,0.08,0.35,0.05,0.45,1.2,20.314372886531054,861402.461033845,861402.464764281
170,eye1,pmrnet,loop,20.85064596030861,0.02,0.48396794591099024,9.284927044063807,0.3787099849432707,0.08,0.35,0.05,0.45,1.2,33.14825093522668,861402.469101556,861402.479249618
171,eye1,pmrnet,loop,20.903320983052254,0.02,3.80772992502898,3.989342018030584,0.2199099399149418,0.08,0.35,0.05,0.45,1.2,31.070302866026758,861402.47935397,861402.487371277
172,eye1,pmrnet,loop,23.782461998052895,0.02,0.4945180844515562,9.386364021338522,0.44708000496029854,0.08,0.35,0.05,0.45,1.2,36.26042410880327,861402.487990591,861402.498319092
173,eye1,pmrnet,loop,26.01221192162484,0.02,0.45838195364922285,9.169372031465173,0.510144978761673,0.08,0.35,0.05,0.45,1.2,38.30011088550091,861402.498479268,861402.508617617
175,eye1,pmrnet,loop,15.582118066959083,0.02,0.47075795009732246,4.04642999637872,0.49274193588644266,0.08,0.35,0.05,0.45,1.2,22.742047949321567,861402.509315934,861402.514326211
173,eye0,pmrnet,loop,11.19807199575007,0.02,0.3602610668167472,3.2466399716213346,0.21341792307794094,0.08,0.35,0.05,0.45,1.2,17.16839095726609,861402.465020644,861402.468841238
174,eye0,pmrnet,loop,11.227498995140195,0.02,0.31518901232630014,3.2081049866974354,0.3950389800593257,0.08,0.35,0.05,0.45,1.2,17.295831974223255,861402.473021094,861402.476939681
175,eye0,pmrnet,loop,12.244855985045433,0.02,0.32361201010644436,3.519698977470398,1.1727750534191728,0.08,0.35,0.05,0.45,1.2,19.410942026041447,861402.481010616,861402.486026971
176,eye0,pmrnet,loop,17.626087996177375,0.02,0.47345098573714495,9.467347990721464,0.46901602763682604,0.08,0.35,0.05,0.45,1.2,30.18590300027281,861402.489066395,861402.499476659
177,eye0,pmrnet,loop,16.615779022686183,0.02,0.4527150886133313,5.891369073651731,0.5475000943988562,0.08,0.35,0.05,0.45,1.2,25.6573632793501,861402.499643828,861402.506535746
178,eye0,pmrnet,loop,16.429750015959144,0.02,0.4583669360727072,6.198473973199725,0.33638905733823776,0.08,0.35,0.05,0.45,1.2,25.572979982569812,861402.507425141,861402.514418666
179,eye0,pmrnet,loop,13.82756291422993,0.02,0.30625099316239357,4.480562056414783,0.5581220611929893,0.08,0.35,0.05,0.45,1.2,21.322498025000094,861402.514540485,861402.519885662
180,eye0,pmrnet,loop,10.613063932396472,0.02,0.34899800084531307,3.1504379585385323,0.21221803035587072,0.08,0.35,0.05,0.45,1.2,16.474717922136186,861402.521027964,861402.524739843
181,eye0,pmrnet,loop,17.814091057516634,0.02,0.4724679747596383,9.802912943996489,0.6737960502505302,0.08,0.35,0.05,0.45,1.2,30.91326802652329,861402.529060092,861402.54000975
182,eye0,pmrnet,loop,20.429291995242238,0.02,0.4818369634449482,9.588937042281032,0.4515869077295065,0.08,0.35,0.05,0.45,1.2,33.10165290869772,861402.540171144,861402.550693985
183,eye0,pmrnet,loop,23.385206935927272,0.02,0.49165100790560246,9.30356397293508,0.36032788921147585,0.08,0.35,0.05,0.45,1.2,35.69074980597943,861402.551562521,861402.561718526
184,eye0,pmrnet,loop,25.341767934150994,0.02,0.4570099990814924,9.056846960447729,0.3494239645078778,0.08,0.35,0.05,0.45,1.2,37.35504885818809,861402.561880816,861402.571744572
185,eye0,pmrnet,loop,25.305720046162605,0.02,0.5258769961073995,6.515315966680646,0.2197349676862359,0.08,0.35,0.05,0.45,1.2,34.716647976636885,861402.572516557,861402.579777855
186,eye0,pmrnet,loop,21.702173980884254,0.02,0.35510596353560686,3.522959887050092,0.4898359766229987,0.08,0.35,0.05,0.45,1.2,28.22007580809295,861402.579875178,861402.584243327
187,eye0,pmrnet,loop,18.29855202231556,0.02,0.26507594157010317,3.1828810460865498,0.6619639461860061,0.08,0.35,0.05,0.45,1.2,24.55847295615822,861402.584798501,861402.588908626
188,eye0,pmrnet,loop,14.965413953177631,0.02,0.3359460970386863,3.3677349565550685,0.46872301027178764,0.08,0.35,0.05,0.45,1.2,21.287818017043172,861402.589471877,861402.593644497
189,eye0,pmrnet,loop,14.383377972990274,0.02,0.3724740818142891,3.311575041152537,0.38762600161135197,0.08,0.35,0.05,0.45,1.2,20.60505309756845,861402.597059505,861402.601131417
190,eye0,pmrnet,loop,14.558388036675751,0.02,0.3601629287004471,3.6241440102458,0.335135031491518,0.08,0.35,0.05,0.45,1.2,21.027830007113515,861402.605055833,861402.609375485
191,eye0,pmrnet,loop,14.963821042329073,0.02,0.3649479476734996,3.8163469871506095,0.6481669843196869,0.08,0.35,0.05,0.45,1.2,21.943282961472867,861402.613020277,861402.617849974
192,eye0,pmrnet,loop,14.007930993102491,0.02,0.3420549910515547,3.180613974109292,0.4406960215419531,0.08,0.35,0.05,0.45,1.2,20.12129597980529,861402.620999488,861402.624963098
193,eye0,pmrnet,loop,14.189456938765943,0.02,0.4036660538986325,3.3588199876248837,0.38394099101424217,0.08,0.35,0.05,0.45,1.2,20.4858839713037,861402.629066708,861402.633213384
194,eye0,pmrnet,loop,14.510325039736927,0.02,0.3244879189878702,3.7758100079372525,0.43807097245007753,0.08,0.35,0.05,0.45,1.2,21.198693939112125,861402.637064933,861402.641603507
195,eye0,pmrnet,loop,15.3890170622617,0.02,0.47566602006554604,4.56777005456388,0.46118302270770073,0.08,0.35,0.05,0.45,1.2,23.043636159598826,861402.645046099,861402.650551094
196,eye0,pmrnet,loop,20.253353053703904,0.02,0.46759704127907753,9.60771192330867,0.34566305112093687,0.08,0.35,0.05,0.45,1.2,32.82432506941259,861402.653063067,861402.663484444
197,eye0,pmrnet,loop,18.44920893199742,0.02,1.528535969555378,4.418298020027578,0.21472794469445944,0.08,0.35,0.05,0.45,1.2,26.760770866274832,861402.663587206,861402.669749007
198,eye0,pmrnet,loop,18.119307002052665,0.02,0.4689820343628526,5.797113990411162,0.4127129213884473,0.08,0.35,0.05,0.45,1.2,26.948115948215126,861402.67080928,861402.677488421
199,eye0,pmrnet,loop,14.549195999279618,0.02,0.3296489594504237,3.2821689965203404,0.7808019872754812,0.08,0.35,0.05,0.45,1.2,21.091815942525862,861402.677594407,861402.68198729
200,eye0,pmrnet,loop,13.82354402448982,0.02,0.3602949436753988,3.1852100510150194,0.7204059511423111,0.08,0.35,0.05,0.45,1.2,20.239454970322548,861402.685064383,861402.689330591
201,eye0,pmrnet,loop,13.579883961938322,0.02,0.3535739379003644,3.3537460258230567,0.39799592923372984,0.08,0.35,0.05,0.45,1.2,19.83519985489547,861402.693050226,861402.697155844
202,eye0,pmrnet,loop,13.88164993841201,0.02,0.37045194767415524,3.5175150260329247,0.5907650338485837,0.08,0.35,0.05,0.45,1.2,20.510381945967673,861402.701047684,861402.705526722
203,eye0,pmrnet,loop,14.309620950371027,0.02,0.3502839244902134,4.314591991715133,0.334752956405282,0.08,0.35,0.05,0.45,1.2,21.459249822981654,861402.70902385,861402.714023687
204,eye0,pmrnet,loop,16.2007890176028,0.02,0.4770399536937475,6.212220061570406,0.21647103130817413,0.08,0.35,0.05,0.45,1.2,25.256520064175128,861402.717077574,861402.723983683
205,eye0,pmrnet,loop,14.184709056280553,0.02,0.3502039471641183,4.3408399214968085,0.3332060296088457,0.08,0.35,0.05,0.45,1.2,21.358958954550324,861402.725012301,861402.730036773
206,eye0,pmrnet,loop,16.80311292875558,0.02,0.33541396260261536,6.993690971285105,0.3818110562860966,0.08,0.35,0.05,0.45,1.2,26.664028918929397,861402.73301297,861402.740724153
207,eye0,pmrnet,loop,20.194991026073694,0.02,0.4800389287993312,9.72337694838643,0.5568430060520768,0.08,0.35,0.05,0.45,1.2,33.10524990931153,861402.741423919,861402.752184612
208,eye0,pmrnet,loop,17.01665297150612,0.02,0.4852759884670377,4.027279908768833,0.2154080430045724,0.08,0.35,0.05,0.45,1.2,23.89461691174656,861402.752347117,861402.75707561
209,eye0,pmrnet,loop,13.462987029924989,0.02,0.3391329664736986,3.661739989183843,0.40790101047605276,0.08,0.35,0.05,0.45,1.2,20.021760996058582,861402.757181933,861402.761590948
210,eye0,pmrnet,loop,19.17040499392897,0.02,0.4625240107998252,9.395911009050906,0.4476499743759632,0.08,0.35,0.05,0.45,1.2,31.62648998815566,861402.765060375,861402.775366927
211,eye0,pmrnet,loop,21.633437951095402,0.02,0.46923698391765356,9.448027005419135,0.4422679776325822,0.08,0.35,0.05,0.45,1.2,34.14296991806477,861402.775539028,861402.785899056
212,eye0,pmrnet,loop,20.59682202525437,0.02,0.47442992217838764,4.746878985315561,0.7006980013102293,0.08,0.35,0.05,0.45,1.2,28.668828934058546,861402.787009353,861402.792931734
213,eye0,pmrnet,loop,16.913497005589306,0.02,0.3396649844944477,3.7074401043355465,0.21683902014046907,0.08,0.35,0.05,0.45,1.2,23.327441114559768,861402.793053133,861402.797317384
214,eye0,pmrnet,loop,13.757593114860356,0.02,0.24178193416446447,3.661146038211882,0.42897090315818787,0.08,0.35,0.05,0.45,1.2,20.23949199039489,861402.797898462,861402.802230608
215,eye0,pmrnet,loop,12.335795909166336,0.02,0.3474239492788911,3.3105069305747747,0.21161104086786509,0.08,0.35,0.05,0.45,1.2,18.355337829887866,861402.805009116,861402.808878941
216,eye0,pmrnet,loop,13.696671929210424,0.02,0.4684829618781805,4.32165595702827,0.4649889888241887,0.08,0.35,0.05,0.45,1.2,21.101799836941062,861402.813053201,861402.818308695
217,eye0,pmrnet,loop,12.531929998658597,0.02,0.35596999805420637,3.4308229805901647,0.4118529614061117,0.08,0.35,0.05,0.45,1.2,18.88057593870908,861402.821013966,861402.825212881
218,eye0,pmrnet,loop,12.686530011706054,0.02,0.3659999929368496,3.353697946295142,0.6613070145249367,0.08,0.35,0.05,0.45,1.2,19.21753496546298,861402.829055329,861402.833436604
219,eye0,pmrnet,loop,15.794378938153386,0.02,0.48185500781983137,6.684620981104672,0.39367901626974344,0.08,0.35,0.05,0.45,1.2,25.50453394334763,861402.837052833,861402.844613385
220,eye0,pmrnet,loop,12.323323986493051,0.02,0.34839799627661705,3.3698100596666336,0.47669000923633575,0.08,0.35,0.05,0.45,1.2,18.668222051672636,861402.845016062,861402.849211217
221,eye0,pmrnet,loop,12.767593027092516,0.02,0.416599097661674,3.527653985656798,0.7320159347727895,0.08,0.35,0.05,0.45,1.2,19.593862045183776,861402.853048115,861402.857724731
222,eye0,pmrnet,loop,18.945463001728058,0.02,0.4721480654552579,9.71606292296201,0.7404719945043325,0.08,0.35,0.05,0.45,1.2,32.02414598464966,861402.861041114,861402.871970239
176,eye1,pmrnet,loop,14.223388978280127,0.02,0.3576090093702078,3.1746410531923175,0.41555194184184074,0.08,0.35,0.05,0.45,1.2,20.32119098268449,861402.517088403,861402.521036458
177,eye1,pmrnet,loop,20.521876984275877,0.02,0.4861629568040371,9.351663989946246,0.41581899859011173,0.08,0.35,0.05,0.45,1.2,32.92552292961627,861402.525149216,861402.535403342
178,eye1,pmrnet,loop,21.703911013901234,0.02,0.48805808182805777,7.443710928782821,0.41645404417067766,0.08,0.35,0.05,0.45,1.2,32.20213406868279,861402.53630644,861402.544655009
179,eye1,pmrnet,loop,19.48183705098927,0.02,2.1261669462546706,3.2883170060813427,0.33217109739780426,0.08,0.35,0.05,0.45,1.2,27.378492100723086,861402.544754987,861402.550501854
180,eye1,pmrnet,loop,16.378788044676185,0.02,0.34301402047276497,3.7835199618712068,0.7411839906126261,0.08,0.35,0.05,0.45,1.2,23.39650601763278,861402.550599775,861402.555467756
181,eye1,pmrnet,loop,13.95591499749571,0.02,0.3238299395889044,3.27465299051255,0.44204702135175467,0.08,0.35,0.05,0.45,1.2,20.14644494894892,861402.557073376,861402.561114107
182,eye1,pmrnet,loop,13.637227937579155,0.02,0.32918795477598906,3.145697992295027,0.39357400964945555,0.08,0.35,0.05,0.45,1.2,19.655687894299625,861402.564995575,861402.568864256
183,eye1,pmrnet,loop,13.75520695000887,0.02,0.34447608049958944,3.1504720682278275,0.49103901255875826,0.08,0.35,0.05,0.45,1.2,19.891194111295043,861402.573064913,861402.577051118
184,eye1,pmrnet,loop,20.77943505719304,0.02,0.46270096208900213,9.913232061080635,0.7327980129048228,0.08,0.35,0.05,0.45,1.2,34.0381660932675,861402.581034612,861402.592143863
185,eye1,pmrnet,loop,22.786900051869452,0.02,0.47094200272113085,9.106654091738164,0.3236649790778756,0.08,0.35,0.05,0.45,1.2,34.83816112540662,861402.592318677,861402.602220425
186,eye1,pmrnet,loop,21.778244990855455,0.02,0.6007109768688679,4.5617789728567,0.9487760253250599,0.08,0.35,0.05,0.45,1.2,30.039510965906082,861402.60316959,861402.609281201
187,eye1,pmrnet,loop,19.659569021314383,0.02,0.3048049984499812,3.8140499964356422,1.3099740026518703,0.08,0.35,0.05,0.45,1.2,27.238398018851875,861402.60980234,861402.615231398
188,eye1,pmrnet,loop,21.280226996168494,0.02,0.31516700983047485,7.850034045986831,1.4011471066623926,0.08,0.35,0.05,0.45,1.2,32.99657515864819,861402.615353467,861402.624920231
189,eye1,pmrnet,loop,24.037188035435975,0.02,0.4899560008198023,9.254210977815092,0.32857293263077736,0.08,0.35,0.05,0.45,1.2,36.259927946701644,861402.625673487,861402.635746743
190,eye1,pmrnet,loop,21.644641063176095,0.02,0.38631597999483347,3.932724939659238,1.1993310181424022,0.08,0.35,0.05,0.45,1.2,29.313013000972568,861402.635905106,861402.641423715
191,eye1,pmrnet,loop,18.625339958816767,0.02,0.34008699003607035,4.113455070182681,0.4967279965057969,0.08,0.35,0.05,0.45,1.2,25.725610015541314,861402.641522927,861402.646473439
192,eye1,pmrnet,loop,22.001388017088175,0.02,0.46438502613455057,9.42173006478697,0.457882066257298,0.08,0.35,0.05,0.45,1.2,34.49538517426699,861402.647573342,861402.657917747
193,eye1,pmrnet,loop,24.281008052639663,0.02,0.5337669281288981,9.187566000036895,0.43191201984882355,0.08,0.35,0.05,0.45,1.2,36.58425300065428,861402.658112853,861402.66826653
194,eye1,pmrnet,loop,28.136359993368387,0.02,0.4677299875766039,9.981133975088596,0.6211090367287397,0.08,0.35,0.05,0.45,1.2,41.356332992762326,861402.669120396,861402.680190908
196,eye1,pmrnet,loop,22.27275795303285,0.02,0.4538849461823702,9.284614934585989,0.3760389517992735,0.08,0.35,0.05,0.45,1.2,34.53729678560048,861402.680349948,861402.690465129
197,eye1,pmrnet,loop,24.400901049375534,0.02,0.49329805187880993,8.680952014401555,0.18701597582548857,0.08,0.35,0.05,0.45,1.2,35.912167091481386,861402.691301515,861402.700663104
198,eye1,pmrnet,loop,24.101722985506058,0.02,0.34421507734805346,7.105304044671357,0.22082100622355938,0.08,0.35,0.05,0.45,1.2,33.922063113749026,861402.700762195,861402.708432793
199,eye1,pmrnet,loop,21.548039047047496,0.02,0.32080605160444975,3.513499046675861,1.1613060487434268,0.08,0.35,0.05,0.45,1.2,28.693650194071232,861402.708953285,861402.713949169
200,eye1,pmrnet,loop,17.342218896374106,0.02,0.34724397119134665,3.1928509706631303,0.21862494759261608,0.08,0.35,0.05,0.45,1.2,23.250938785821198,861402.71405318,861402.717812196
201,eye1,pmrnet,loop,14.307410921901464,0.02,0.3263739636167884,3.8020650390535593,0.8047689916566014,0.08,0.35,0.05,0.45,1.2,21.390618916228412,861402.717912989,861402.722846429
202,eye1,pmrnet,loop,13.357641058973968,0.02,0.38656999822705984,3.9038429968059063,0.5096840905025601,0.08,0.35,0.05,0.45,1.2,20.307738144509493,861402.72516526,861402.729965607
203,eye1,pmrnet,loop,17.29451701976359,0.02,0.4758759168908,8.193682064302266,0.23165007587522268,0.08,0.35,0.05,0.45,1.2,28.345725076831876,861402.733069958,861402.741971545
204,eye1,pmrnet,loop,13.397686998359859,0.02,0.3327110316604376,3.3589419908821583,0.37438992876559496,0.08,0.35,0.05,0.45,1.2,19.61372994966805,861402.742077322,861402.7461436
205,eye1,pmrnet,loop,12.08350493106991,0.02,0.3472970565780997,3.2595971133559942,0.23320200853049755,0.08,0.35,0.05,0.45,1.2,18.0736011095345,861402.749058117,861402.752898496
206,eye1,pmrnet,loop,18.87407503090799,0.02,0.4980569938197732,9.686255943961442,0.4869570257142186,0.08,0.35,0.05,0.45,1.2,31.69534499440342,861402.757085449,861402.76775716
207,eye1,pmrnet,loop,21.535912062972784,0.02,0.5137240514159203,9.348533931188285,0.6987190572544932,0.08,0.35,0.05,0.45,1.2,34.24688910283148,861402.767926933,861402.778488388
208,eye1,pmrnet,loop,25.155235081911087,0.02,0.5117499968037009,9.825680986978114,0.475288019515574,0.08,0.35,0.05,0.45,1.2,38.117954085208474,861402.779363334,861402.790176476
210,eye1,pmrnet,loop,15.781388967297971,0.02,0.47644099686294794,5.331898923031986,0.7838830351829529,0.08,0.35,0.05,0.45,1.2,24.523611922375856,861402.790348956,861402.796941521
211,eye1,pmrnet,loop,19.414248992688954,0.02,0.4781730240210891,9.662677999585867,0.6923589389771223,0.08,0.35,0.05,0.45,1.2,32.39745895527303,861402.797808964,861402.808642637
212,eye1,pmrnet,loop,21.525528049096465,0.02,0.4671310307458043,9.185125003568828,0.36303699016571045,0.08,0.35,0.05,0.45,1.2,33.690821073576814,861402.808807334,861402.81882304
213,eye1,pmrnet,loop,22.265717037953436,0.02,0.49651903100311756,7.297398056834936,0.3294069319963455,0.08,0.35,0.05,0.45,1.2,32.539041057787834,861402.819508441,861402.82763221
214,eye1,pmrnet,loop,23.04085297510028,0.02,0.36322197411209345,7.087743026204407,0.22081600036472082,0.08,0.35,0.05,0.45,1.2,32.8626339757815,861402.828804748,861402.836476824
215,eye1,pmrnet,loop,26.169268996454775,0.02,0.4633059725165367,9.39326104708016,0.7105169352144003,0.08,0.35,0.05,0.45,1.2,38.88635295126587,861402.837106791,861402.847674303
216,eye1,pmrnet,loop,23.632704047486186,0.02,0.6266210693866014,4.524907912127674,0.27966604102402925,0.08,0.35,0.05,0.45,1.2,31.21389907002449,861402.847775007,861402.853206606
217,eye1,pmrnet,loop,25.82302107475698,0.02,0.4830639809370041,8.386984001845121,0.6917520659044385,0.08,0.35,0.05,0.45,1.2,37.53482112344354,861402.853903899,861402.86346607
218,eye1,pmrnet,loop,23.38834200054407,0.02,1.8713019089773297,3.242457052692771,0.41727395728230476,0.08,0.35,0.05,0.45,1.2,31.069374919496475,861402.86356878,861402.869100094
219,eye1,pmrnet,loop,19.58723203279078,0.02,0.367600005120039,3.3582360483705997,0.4236659733578563,0.08,0.35,0.05,0.45,1.2,25.886734059639274,861402.869218371,861402.873368113
220,eye1,pmrnet,loop,21.078753052279353,0.02,0.48153800889849663,7.57634500041604,0.46053004916757345,0.08,0.35,0.05,0.45,1.2,31.747166110761462,861402.874410086,861402.882928824
221,eye1,pmrnet,loop,22.885587997734547,0.02,0.36656390875577927,8.488635998219252,0.9059259900823236,0.08,0.35,0.05,0.45,1.2,34.7967138947919,861402.883042466,861402.892803944
222,eye1,pmrnet,loop,20.224327105097473,0.02,0.5603480385616422,3.4581379732117057,0.3348609898239374,0.08,0.35,0.05,0.45,1.2,26.727674106694757,861402.893858762,861402.898212373
223,eye1,pmrnet,loop,17.513301922008395,0.02,0.3483420005068183,3.4752520732581615,1.4219010481610894,0.08,0.35,0.05,0.45,1.2,24.908797043934463,861402.898324572,861402.903570313
224,eye1,pmrnet,loop,14.774170937016606,0.02,0.346190994605422,3.2434860477223992,0.21596706937998533,0.08,0.35,0.05,0.45,1.2,20.72981504872441,861402.905094242,861402.908900178
225,eye1,pmrnet,loop,15.034709009341896,0.02,0.3568480024114251,3.408141899853945,0.33548101782798767,0.08,0.35,0.05,0.45,1.2,21.28517992943525,861402.913129047,861402.917229753
226,eye1,pmrnet,loop,16.666971030645072,0.02,0.48423302359879017,4.839573055505753,0.5140290595591068,0.08,0.35,0.05,0.45,1.2,24.65480616930872,861402.921092776,861402.926930935
227,eye1,pmrnet,loop,14.75271990057081,0.02,0.34476001746952534,3.2995090587064624,0.38254098035395145,0.08,0.35,0.05,0.45,1.2,20.929529957100748,861402.92905871,861402.933085782
223,eye0,pmrnet,loop,21.925586042925715,0.02,0.5628979997709394,9.288144996389747,0.3402678994461894,0.08,0.35,0.05,0.45,1.2,34.26689693853259,861402.872828913,861402.883020656
224,eye0,pmrnet,loop,19.619637983851135,0.02,0.4759069997817278,3.769473056308925,0.6266559939831495,0.08,0.35,0.05,0.45,1.2,26.641674033924936,861402.883911457,861402.888783797
225,eye0,pmrnet,loop,15.536663006059825,0.02,0.32751995604485273,3.226681030355394,0.33230800181627274,0.08,0.35,0.05,0.45,1.2,21.573171994276343,861402.888883146,861402.892769914
226,eye0,pmrnet,loop,12.83715502358973,0.02,0.34515594597905874,3.4905349602922797,1.2455630348995328,0.08,0.35,0.05,0.45,1.2,20.0684089647606,861402.893057853,861402.898139338
227,eye0,pmrnet,loop,11.569970054551959,0.02,0.3322300035506487,3.1756790122017264,0.3654359607025981,0.08,0.35,0.05,0.45,1.2,17.59331503100693,861402.901067599,861402.904941175
228,eye0,pmrnet,loop,15.722168958745897,0.02,0.4841740010306239,6.325701950117946,1.2937280116602778,0.08,0.35,0.05,0.45,1.2,25.975772921554743,861402.909058056,861402.917162017
229,eye0,pmrnet,loop,11.431474005803466,0.02,0.34346303436905146,3.1275179935619235,0.21120707970112562,0.08,0.35,0.05,0.45,1.2,17.263662113435565,861402.917258199,861402.920940618
230,eye0,pmrnet,loop,17.70928199402988,0.02,0.48298900946974754,9.333517984487116,0.3778040409088135,0.08,0.35,0.05,0.45,1.2,30.053593028895556,861402.925092006,861402.935286776
231,eye0,pmrnet,loop,22.461196989752352,0.02,2.0577360410243273,9.363544988445938,0.5519939586520195,0.08,0.35,0.05,0.45,1.2,36.584471977874635,861402.936134421,861402.94810811
232,eye0,pmrnet,loop,24.993736064061522,0.02,0.36520790308713913,9.666707017458975,0.457308953627944,0.08,0.35,0.05,0.45,1.2,37.63295993823558,861402.948219725,861402.958709309
234,eye0,pmrnet,loop,16.745068947784603,0.02,0.48897997476160526,5.630994099192321,0.9027739288285375,0.08,0.35,0.05,0.45,1.2,25.917816950567065,861402.959576067,861402.966599167
235,eye0,pmrnet,loop,12.64457602519542,0.02,0.347452936694026,3.131550969555974,0.3896129783242941,0.08,0.35,0.05,0.45,1.2,18.663192909769712,861402.966698709,861402.970567585
236,eye0,pmrnet,loop,11.433820007368922,0.02,0.33097597770392895,3.458500956185162,0.6323630223050714,0.08,0.35,0.05,0.45,1.2,18.005659963563083,861402.973003795,861402.97742594
237,eye0,pmrnet,loop,10.720012942329049,0.02,0.31015300191938877,3.240450983867049,0.21105294581502676,0.08,0.35,0.05,0.45,1.2,16.631669873930512,861402.981019191,861402.984781098
238,eye0,pmrnet,loop,10.900405934080482,0.02,0.3436249680817127,3.232794930227101,0.40683301631361246,0.08,0.35,0.05,0.45,1.2,17.033658848702906,861402.98904684,861402.993030348
239,eye0,pmrnet,loop,17.106077051721513,0.02,0.47813402488827705,9.352270048111677,0.41019800119102,0.08,0.35,0.05,0.45,1.2,29.496679125912486,861402.99706391,861403.007304976
240,eye0,pmrnet,loop,17.52678700722754,0.02,0.5011489847674966,6.9907569559291005,0.23419898934662342,0.08,0.35,0.05,0.45,1.2,27.40289193727076,861403.008068456,861403.015794928
241,eye0,pmrnet,loop,16.271808068268,0.02,0.35861192736774683,4.009693977423012,1.2121470645070076,0.08,0.35,0.05,0.45,1.2,24.002261037565766,861403.017027978,861403.022608721
242,eye0,pmrnet,loop,14.764446998015046,0.02,0.3543929196894169,3.2930460292845964,0.47827698290348053,0.08,0.35,0.05,0.45,1.2,21.04016292989254,861403.025044511,861403.029170459
243,eye0,pmrnet,loop,15.809725970029831,0.02,0.47686195466667414,4.142916994169354,0.6072629475966096,0.08,0.35,0.05,0.45,1.2,23.186767866462468,861403.033057367,861403.038284779
244,eye0,pmrnet,loop,16.567750019021332,0.02,0.37085101939737797,4.279106040485203,0.3677629865705967,0.08,0.35,0.05,0.45,1.2,23.73547006547451,861403.042093843,861403.047111883
245,eye0,pmrnet,loop,21.25397406052798,0.02,0.48076396342366934,9.663032018579543,0.6729019805788994,0.08,0.35,0.05,0.45,1.2,34.22067202311009,861403.049049746,861403.059866945
246,eye0,pmrnet,loop,19.552582991309464,0.02,2.111660083755851,3.4462809562683105,0.692188972607255,0.08,0.35,0.05,0.45,1.2,27.95271300394088,861403.05998421,861403.066234634
247,eye0,pmrnet,loop,22.655974025838077,0.02,0.495507032610476,8.669287082739174,0.33370405435562134,0.08,0.35,0.05,0.45,1.2,34.30447219554335,861403.067908298,861403.07740714
248,eye0,pmrnet,loop,18.46146595198661,0.02,0.3760450053960085,3.161357017233968,0.22346002515405416,0.08,0.35,0.05,0.45,1.2,24.37232799977064,861403.077520353,861403.081281445
249,eye0,pmrnet,loop,15.064686071127653,0.02,0.3843980375677347,3.6430510226637125,0.5215479759499431,0.08,0.35,0.05,0.45,1.2,21.763683107309042,861403.081404527,861403.085953821
250,eye0,pmrnet,loop,14.325694995932281,0.02,0.40434394031763077,3.331525018438697,0.4566549323499203,0.08,0.35,0.05,0.45,1.2,20.668218887038527,861403.089090919,861403.093283732
251,eye0,pmrnet,loop,15.036875964142382,0.02,0.3842751029878855,4.054379998706281,0.4205460427328944,0.08,0.35,0.05,0.45,1.2,22.046077108569442,861403.097204397,861403.102063952
252,eye0,pmrnet,loop,14.154864940792322,0.02,0.37755200173705816,3.3898240653797984,0.42577297426760197,0.08,0.35,0.05,0.45,1.2,20.49801398217678,861403.105057588,861403.109251013
253,eye0,pmrnet,loop,14.19162005186081,0.02,0.37998403422534466,3.2761349575594068,0.6347390590235591,0.08,0.35,0.05,0.45,1.2,20.63247810266912,861403.113065508,861403.117356613
254,eye0,pmrnet,loop,14.987430069595575,0.02,0.4209689795970917,4.396182019263506,0.3379270201548934,0.08,0.35,0.05,0.45,1.2,22.292508088611065,861403.121066245,861403.126221552
255,eye0,pmrnet,loop,15.428480110131204,0.02,0.3600169438868761,4.694941104389727,0.5871129687875509,0.08,0.35,0.05,0.45,1.2,23.220551127195357,861403.129090233,861403.134732574
256,eye0,pmrnet,loop,14.621116919443011,0.02,0.37101900670677423,4.216811968944967,0.3356439992785454,0.08,0.35,0.05,0.45,1.2,21.694591894373296,861403.13707043,861403.141994167
257,eye0,pmrnet,loop,15.049590030685067,0.02,0.37251110188663006,4.249594057910144,0.7898409385234118,0.08,0.35,0.05,0.45,1.2,22.611536129005252,861403.145079528,861403.150491708
258,eye0,pmrnet,loop,14.903887989930809,0.02,0.37211901508271694,4.0664010448381305,0.9065360063686967,0.08,0.35,0.05,0.45,1.2,22.39894405622035,861403.153069472,861403.158414794
259,eye0,pmrnet,loop,15.036611002869904,0.02,0.39282406214624643,3.7390609504655004,1.39010907150805,0.08,0.35,0.05,0.45,1.2,22.7086050869897,861403.161094441,861403.166616681
260,eye0,pmrnet,loop,14.390990952961147,0.02,0.39481406565755606,4.23838198184967,0.33999804873019457,0.08,0.35,0.05,0.45,1.2,21.514185049198566,861403.169066638,861403.174040068
261,eye0,pmrnet,loop,14.844010001979768,0.02,0.3909030929207802,4.552074940875173,0.550242024473846,0.08,0.35,0.05,0.45,1.2,22.487230060249566,861403.177068587,861403.182562074
262,eye0,pmrnet,loop,14.654078055173159,0.02,0.3714649938046932,4.664651001803577,0.3422889858484268,0.08,0.35,0.05,0.45,1.2,22.182483036629854,861403.185062452,861403.190441123
263,eye0,pmrnet,loop,14.221166027709842,0.02,0.40612102020531893,3.4825270995497704,1.0999580845236778,0.08,0.35,0.05,0.45,1.2,21.359772231988607,861403.193088413,861403.198077265
264,eye0,pmrnet,loop,14.237329945899546,0.02,0.37380692083388567,4.3792350916191936,0.3362910356372595,0.08,0.35,0.05,0.45,1.2,21.476662993989883,861403.201072874,861403.206162445
265,eye0,pmrnet,loop,13.627663953229785,0.02,0.39804994594305754,3.392187994904816,0.4906320245936513,0.08,0.35,0.05,0.45,1.2,20.05853391867131,861403.209340422,861403.213621569
266,eye0,pmrnet,loop,21.92301396280527,0.02,2.945585991255939,9.45176591631025,0.4754280671477318,0.08,0.35,0.05,0.45,1.2,36.94579393751919,861403.217112357,861403.229985562
267,eye0,pmrnet,loop,20.60004696249962,0.02,0.7349809166043997,3.766205976717174,1.5353780472651124,0.08,0.35,0.05,0.45,1.2,28.786611903086303,861403.230695518,861403.23673228
268,eye0,pmrnet,loop,21.55892306473106,0.02,0.34692499320954084,8.359767962247133,0.21718500647693872,0.08,0.35,0.05,0.45,1.2,32.63280102666467,861403.236835982,861403.245760106
269,eye0,pmrnet,loop,17.488307901658118,0.02,0.33207901287823915,3.3180940663442016,0.24649896658957005,0.08,0.35,0.05,0.45,1.2,23.534979947470127,861403.245861376,861403.249758338
270,eye0,pmrnet,loop,20.77291498426348,0.02,0.46268501318991184,9.493249002844095,0.4815499996766448,0.08,0.35,0.05,0.45,1.2,33.36039899997414,861403.250673425,861403.261111345
271,eye0,pmrnet,loop,23.180227959528565,0.02,0.4788050428032875,9.36942605767399,0.45341101940721273,0.08,0.35,0.05,0.45,1.2,35.631870079413055,861403.261285896,861403.271587987
272,eye0,pmrnet,loop,23.028690018691123,0.02,0.47545693814754486,6.4659720519557595,0.21094409748911858,0.08,0.35,0.05,0.45,1.2,32.331063106283544,861403.272353103,861403.279505794
273,eye0,pmrnet,loop,19.562327885068953,0.02,0.346375978551805,3.1588530400767922,0.9993999265134335,0.08,0.35,0.05,0.45,1.2,26.216956830210982,861403.279603559,861403.284108465
228,eye1,pmrnet,loop,15.16308996360749,0.02,0.3514430718496442,3.5971490433439612,0.5286720115691423,0.08,0.35,0.05,0.45,1.2,21.790354090370236,861402.937087777,861402.941565252
229,eye1,pmrnet,loop,14.71363299060613,0.02,0.3111239057034254,3.3941619331017137,0.39987906347960234,0.08,0.35,0.05,0.45,1.2,20.96879789289087,861402.945078871,861402.949184298
230,eye1,pmrnet,loop,20.083893090486526,0.02,0.48571405932307243,8.537466987036169,0.47200091648846865,0.08,0.35,0.05,0.45,1.2,31.729075053334235,861402.953128318,861402.962623864
231,eye1,pmrnet,loop,22.837172960862517,0.02,0.4671890055760741,9.249918977729976,0.3424310125410557,0.08,0.35,0.05,0.45,1.2,35.04671195670962,861402.963385786,861402.97344576
232,eye1,pmrnet,loop,25.342886918224394,0.02,0.45523198787122965,9.377731010317802,0.582045060582459,0.08,0.35,0.05,0.45,1.2,37.907894976995884,861402.973604962,861402.984020399
233,eye1,pmrnet,loop,28.844358981586993,0.02,0.6740550743415952,9.681486990302801,0.38016599137336016,0.08,0.35,0.05,0.45,1.2,41.73006703760475,861402.98485444,861402.995590669
235,eye1,pmrnet,loop,17.67738105263561,0.02,0.4808229859918356,3.7275970680639148,0.5912480410188437,0.08,0.35,0.05,0.45,1.2,24.627049147710203,861402.995762413,861403.000562423
236,eye1,pmrnet,loop,14.015956898219883,0.02,0.3147679381072521,3.2843099907040596,0.34636794589459896,0.08,0.35,0.05,0.45,1.2,20.111402772925793,861403.001024329,861403.004970021
237,eye1,pmrnet,loop,15.270736999809742,0.02,0.4815029678866267,4.3806289322674274,0.3857850097119808,0.08,0.35,0.05,0.45,1.2,22.668653909675776,861403.009045327,861403.01429362
238,eye1,pmrnet,loop,15.587029978632927,0.02,0.3453399986028671,4.753107903525233,0.5464099813252687,0.08,0.35,0.05,0.45,1.2,23.381887862086295,861403.01703379,861403.022678914
239,eye1,pmrnet,loop,21.094075054861605,0.02,0.4900809144601226,10.06767200306058,0.5851039895787835,0.08,0.35,0.05,0.45,1.2,34.38693196196109,861403.02511113,861403.036254412
240,eye1,pmrnet,loop,23.939969018101692,0.02,0.7577970391139388,9.655980044044554,0.3375359810888767,0.08,0.35,0.05,0.45,1.2,36.84128208234906,861403.036419359,861403.047171034
241,eye1,pmrnet,loop,21.684153005480766,0.02,0.3576480085030198,3.3960440196096897,0.47096703201532364,0.08,0.35,0.05,0.45,1.2,28.058812065608798,861403.04875922,861403.052984147
242,eye1,pmrnet,loop,17.69690599758178,0.02,0.3264949191361666,3.266843967139721,0.37730601616203785,0.08,0.35,0.05,0.45,1.2,23.817550900019704,861403.053095201,861403.057066077
243,eye1,pmrnet,loop,13.511043973267078,0.02,0.3311610780656338,3.2290670787915587,0.21279393695294857,0.08,0.35,0.05,0.45,1.2,19.434066067077218,861403.057175885,861403.060949137
244,eye1,pmrnet,loop,14.995984034612775,0.02,0.2594500547274947,3.77537589520216,0.797258922830224,0.08,0.35,0.05,0.45,1.2,21.978068907372652,861403.065670652,861403.070502986
245,eye1,pmrnet,loop,13.76475696451962,0.02,0.31870894599705935,3.2916150521486998,0.6373199867084622,0.08,0.35,0.05,0.45,1.2,20.16240094937384,861403.07309277,861403.07734064
246,eye1,pmrnet,loop,20.400190958753228,0.02,0.46797399409115314,9.907330968417227,0.6029630312696099,0.08,0.35,0.05,0.45,1.2,33.528458952531224,861403.081065689,861403.092044417
247,eye1,pmrnet,loop,24.667309946380556,0.02,3.462400985881686,7.584100007079542,0.37181295920163393,0.08,0.35,0.05,0.45,1.2,38.235623898543416,861403.092961919,861403.104380677
248,eye1,pmrnet,loop,28.06471404619515,0.02,0.6113600684329867,9.855569107457995,0.83126500248909,0.08,0.35,0.05,0.45,1.2,41.51290822457522,861403.104549012,861403.115847541
250,eye1,pmrnet,loop,16.440614010207355,0.02,0.31506409868597984,3.1877090223133564,0.21347601432353258,0.08,0.35,0.05,0.45,1.2,22.306863145530222,861403.116645079,861403.120361557
251,eye1,pmrnet,loop,14.168421970680356,0.02,0.3507370129227638,3.6982469027861953,0.9996070293709636,0.08,0.35,0.05,0.45,1.2,21.367012915760277,861403.121109444,861403.126158305
252,eye1,pmrnet,loop,14.351894031278789,0.02,0.3398359986022115,3.2213740050792694,1.8118140287697315,0.08,0.35,0.05,0.45,1.2,21.87491806373,861403.129037677,861403.134410901
253,eye1,pmrnet,loop,13.792272075079381,0.02,0.3354849759489298,3.2529759919270873,1.2798700481653214,0.08,0.35,0.05,0.45,1.2,20.81060309112072,861403.137051733,861403.141920289
254,eye1,pmrnet,loop,14.362682937644422,0.02,0.3619639901444316,4.525550990365446,0.5895759677514434,0.08,0.35,0.05,0.45,1.2,21.98977388590574,861403.145082491,861403.150559839
255,eye1,pmrnet,loop,14.221088960766792,0.02,0.3559200558811426,4.757590009830892,0.34987402614206076,0.08,0.35,0.05,0.45,1.2,21.834473052620886,861403.153023533,861403.158487128
256,eye1,pmrnet,loop,14.349609962664545,0.02,0.3761729458346963,4.391222959384322,0.7980959489941597,0.08,0.35,0.05,0.45,1.2,22.06510181687772,861403.161118883,861403.166684601
257,eye1,pmrnet,loop,13.564500026404858,0.02,0.37566595710814,3.25614504981786,1.2723769759759307,0.08,0.35,0.05,0.45,1.2,20.618688009306787,861403.169064004,861403.173968415
258,eye1,pmrnet,loop,13.807022012770176,0.02,0.3707789583131671,3.9221399929374456,0.9056390263140202,0.08,0.35,0.05,0.45,1.2,21.155579990334807,861403.177081163,861403.182279955
259,eye1,pmrnet,loop,13.835451914928854,0.02,0.3424759488552809,3.2245329348370433,1.7459829105064273,0.08,0.35,0.05,0.45,1.2,21.298443709127604,861403.185064056,861403.190377311
260,eye1,pmrnet,loop,13.529559946618974,0.02,0.3672409802675247,4.351809970103204,0.3411569632589817,0.08,0.35,0.05,0.45,1.2,20.739767860248683,861403.193080104,861403.198140512
261,eye1,pmrnet,loop,13.421974959783256,0.02,0.3700240049511194,3.2908469438552856,1.3718189438804984,0.08,0.35,0.05,0.45,1.2,20.604664852470158,861403.201069031,861403.206101949
262,eye1,pmrnet,loop,15.026741079054773,0.02,0.5737319588661194,5.597149021923542,0.4323669709265232,0.08,0.35,0.05,0.45,1.2,23.779989030770956,861403.209172327,861403.215775813
263,eye1,pmrnet,loop,22.2825639648363,0.02,4.005288006737828,9.628125000745058,0.2694799331948161,0.08,0.35,0.05,0.45,1.2,38.335456905514,861403.217197419,861403.231100639
264,eye1,pmrnet,loop,19.92510794661939,0.02,0.3435289254412055,4.146876046434045,0.4615979269146919,0.08,0.35,0.05,0.45,1.2,27.027110845409332,861403.231859867,861403.236812081
265,eye1,pmrnet,loop,16.15612197201699,0.02,0.38136495277285576,3.287389990873635,0.5119730485603213,0.08,0.35,0.05,0.45,1.2,22.4868499642238,861403.236930903,861403.241111908
266,eye1,pmrnet,loop,12.232408043928444,0.02,0.32436696346849203,3.3010259503498673,0.3949010279029608,0.08,0.35,0.05,0.45,1.2,18.402701985649763,861403.241236804,861403.245257369
267,eye1,pmrnet,loop,12.567580095492303,0.02,0.33995392732322216,3.5622379509732127,0.579431070946157,0.08,0.35,0.05,0.45,1.2,19.199203044734894,861403.249179949,861403.25366179
268,eye1,pmrnet,loop,18.2897609192878,0.02,0.4867040552198887,9.423839044757187,0.45284698717296124,0.08,0.35,0.05,0.45,1.2,30.803151006437837,861403.257088278,861403.267452137
269,eye1,pmrnet,loop,20.575108006596565,0.02,0.4889899864792824,9.224251029081643,0.4733119858428836,0.08,0.35,0.05,0.45,1.2,32.91166100800037,861403.267619627,861403.277806651
270,eye1,pmrnet,loop,24.2707880679518,0.02,1.0566379642114043,9.396128938533366,0.26404496748000383,0.08,0.35,0.05,0.45,1.2,37.13759993817657,861403.278854299,861403.289571477
272,eye1,pmrnet,loop,12.645554961636662,0.02,0.3966359654441476,3.5380780464038253,0.45345001854002476,0.08,0.35,0.05,0.45,1.2,19.18371899202466,861403.289695815,861403.294084242
273,eye1,pmrnet,loop,15.605475986376405,0.02,0.4058050690218806,3.3535429975017905,0.23229094222187996,0.08,0.35,0.05,0.45,1.2,21.747114995121954,861403.301120762,861403.305112698
274,eye1,pmrnet,loop,21.43863297533244,0.02,1.0923800291493535,8.549040998332202,0.22397702559828758,0.08,0.35,0.05,0.45,1.2,33.45403102841229,861403.309149785,861403.319015504
275,eye1,pmrnet,loop,17.905698041431606,0.02,0.3439290449023247,3.384188050404191,0.6808830657973886,0.08,0.35,0.05,0.45,1.2,24.46469820253551,861403.319142354,861403.323551577
276,eye1,pmrnet,loop,19.411017070524395,0.02,0.5974300438538194,7.047440041787922,0.36402198020368814,0.08,0.35,0.05,0.45,1.2,29.569909136369823,861403.325116677,861403.333125936
277,eye1,pmrnet,loop,15.747332014143467,0.02,0.2815451007336378,3.1363090965896845,0.46902999747544527,0.08,0.35,0.05,0.45,1.2,21.784216208942233,861403.333644229,861403.337531332
278,eye1,pmrnet,loop,15.498035005293787,0.02,0.35456696059554815,3.4266170114278793,0.46612194273620844,0.08,0.35,0.05,0.45,1.2,21.89534092005342,861403.341103493,861403.345351037
279,eye1,pmrnet,loop,18.37419904768467,0.02,0.4709949716925621,6.488350918516517,0.2005819696933031,0.08,0.35,0.05,0.45,1.2,27.68412690758705,861403.349135944,861403.35629622
280,eye1,pmrnet,loop,15.889681060798466,0.02,0.3718819934874773,3.9706160314381123,0.39585400372743607,0.08,0.35,0.05,0.45,1.2,22.77803308945149,861403.35714321,861403.3618818
274,eye0,pmrnet,loop,16.35592500679195,0.02,0.3420320572331548,3.4235689090564847,0.6069940282031894,0.08,0.35,0.05,0.45,1.2,22.878520001284777,861403.284598174,861403.288971079
275,eye0,pmrnet,loop,16.21700299438089,0.02,0.5335509777069092,6.382371066138148,0.21108693908900023,0.08,0.35,0.05,0.45,1.2,25.494011977314948,861403.289773862,861403.296901264
276,eye0,pmrnet,loop,11.979702045209706,0.02,0.32926001586019993,3.16218298394233,0.22328493651002645,0.08,0.35,0.05,0.45,1.2,17.84442998152226,861403.297017822,861403.300732835
277,eye0,pmrnet,loop,12.399287079460919,0.02,0.2810580190271139,3.211806993931532,0.21110207308083773,0.08,0.35,0.05,0.45,1.2,18.2532541655004,861403.305517277,861403.309221451
278,eye0,pmrnet,loop,12.845476972870529,0.02,0.47268206253647804,3.734924946911633,0.44180802069604397,0.08,0.35,0.05,0.45,1.2,19.644892003014682,861403.313086745,861403.31773652
279,eye0,pmrnet,loop,18.626480945385993,0.02,0.46975305303931236,9.551754919812083,0.46572601422667503,0.08,0.35,0.05,0.45,1.2,31.26371493246406,861403.321098317,861403.331586022
280,eye0,pmrnet,loop,22.35937595833093,0.02,0.4827579250559211,9.202015935443342,1.409637974575162,0.08,0.35,0.05,0.45,1.2,35.60378779340535,861403.332292951,861403.343387914
281,eye0,pmrnet,loop,24.584184982813895,0.02,0.4522650269791484,9.211061988025904,0.47190499026328325,0.08,0.35,0.05,0.45,1.2,36.86941698808223,861403.343546568,861403.353682203
283,eye0,pmrnet,loop,18.937341985292733,0.02,1.4524009311571717,7.85779906436801,0.2207229845225811,0.08,0.35,0.05,0.45,1.2,30.618264965340494,861403.354642113,861403.364173381
284,eye0,pmrnet,loop,15.495499013923109,0.02,0.33238495234400034,3.191611962392926,0.9911590022966266,0.08,0.35,0.05,0.45,1.2,22.16065493095666,861403.364285239,861403.36880063
285,eye0,pmrnet,loop,11.666279984638095,0.02,0.3454920370131731,3.3354059560224414,0.328548951074481,0.08,0.35,0.05,0.45,1.2,17.82572692874819,861403.36903073,861403.373040412
286,eye0,pmrnet,loop,17.820871085859835,0.02,0.4714280366897583,9.326259954832494,0.38268999196588993,0.08,0.35,0.05,0.45,1.2,30.151249069347976,861403.377082289,861403.387263192
287,eye0,pmrnet,loop,20.368642988614738,0.02,0.5023450357839465,9.474089019931853,0.4548740107566118,0.08,0.35,0.05,0.45,1.2,32.94995105508715,861403.387448317,861403.397880037
288,eye0,pmrnet,loop,23.711182991974056,0.02,0.5204429617151618,9.18001402169466,0.5399920046329498,0.08,0.35,0.05,0.45,1.2,36.101631980016826,861403.399051084,861403.409291875
290,eye0,pmrnet,loop,12.223069090396166,0.02,0.33997592981904745,3.8479489739984274,0.3387880278751254,0.08,0.35,0.05,0.45,1.2,18.899782022088765,861403.409415068,861403.413941993
291,eye0,pmrnet,loop,11.056652991101146,0.02,0.3319280222058296,3.2565599540248513,0.21334807388484478,0.08,0.35,0.05,0.45,1.2,17.00848904121667,861403.41704264,861403.420844726
292,eye0,pmrnet,loop,18.091024016030133,0.02,0.5160840228199959,9.475299972109497,0.8555979002267122,0.08,0.35,0.05,0.45,1.2,31.088005911186336,861403.425100251,861403.435947688
293,eye0,pmrnet,loop,21.26768894959241,0.02,0.5009949672967196,9.301078040152788,1.2609129771590233,0.08,0.35,0.05,0.45,1.2,34.48067493420094,861403.436129865,861403.447193271
294,eye0,pmrnet,loop,24.282761965878308,0.02,0.4895899910479784,9.354745969176292,0.4661710700020194,0.08,0.35,0.05,0.45,1.2,36.7432689961046,861403.447966663,861403.458277625
296,eye0,pmrnet,loop,14.303270960226655,0.02,0.5459770327433944,4.494845983572304,1.0066560935229063,0.08,0.35,0.05,0.45,1.2,22.50075007006526,861403.458389271,861403.464437167
297,eye0,pmrnet,loop,14.110705931670964,0.02,0.4835990257561207,5.8112419210374355,0.8101098937913775,0.08,0.35,0.05,0.45,1.2,23.365656772255896,861403.465208525,861403.47231384
298,eye0,pmrnet,loop,10.466119972988963,0.02,0.331353978253901,3.1537730246782303,0.21024502348154783,0.08,0.35,0.05,0.45,1.2,16.31149199940264,861403.473042675,861403.476738268
299,eye0,pmrnet,loop,16.552739078179002,0.02,0.3556010778993368,4.71507094334811,0.775675056502223,0.08,0.35,0.05,0.45,1.2,24.54908615592867,861403.485047179,861403.490893775
300,eye0,pmrnet,loop,22.071304032579064,0.02,0.5178869469091296,10.157678974792361,0.7384750060737133,0.08,0.35,0.05,0.45,1.2,35.63534496035427,861403.493066464,861403.504480957
301,eye0,pmrnet,loop,24.35408195015043,0.02,0.4676129901781678,9.261467959731817,0.4589470336213708,0.08,0.35,0.05,0.45,1.2,36.692109933681785,861403.504644305,861403.514832768
302,eye0,pmrnet,loop,27.8004469582811,0.02,0.598590006120503,9.496750077232718,0.4766460042446852,0.08,0.35,0.05,0.45,1.2,40.522433045879005,861403.515775316,861403.526347734
304,eye0,pmrnet,loop,22.792674019001424,0.02,0.6696470081806183,9.42739995662123,0.8581390138715506,0.08,0.35,0.05,0.45,1.2,35.89785999767482,861403.526522629,861403.537478297
305,eye0,pmrnet,loop,25.098801939748228,0.02,0.4739559954032302,8.788012899458408,0.3328579477965832,0.08,0.35,0.05,0.45,1.2,36.84362878240645,861403.538258779,861403.547853931
306,eye0,pmrnet,loop,21.724718972109258,0.02,0.34057802986353636,3.8397599710151553,0.40654302574694157,0.08,0.35,0.05,0.45,1.2,28.46159999873489,861403.547961506,861403.552548639
307,eye0,pmrnet,loop,18.298323033377528,0.02,0.3329539904370904,3.21585894562304,0.9853939991444349,0.08,0.35,0.05,0.45,1.2,24.982529968582092,861403.552656907,861403.557191361
308,eye0,pmrnet,loop,22.04618405085057,0.02,0.49817608669400215,9.703538031317294,0.8593950187787414,0.08,0.35,0.05,0.45,1.2,35.257293187640606,861403.557946097,861403.569007688
309,eye0,pmrnet,loop,24.12261301651597,0.02,0.5534070078283548,9.099949966184795,0.3330209292471409,0.08,0.35,0.05,0.45,1.2,36.25899091977626,861403.569166789,861403.579153642
310,eye0,pmrnet,loop,21.195997018367052,0.02,0.32869295682758093,3.6394279450178146,0.5445110145956278,0.08,0.35,0.05,0.45,1.2,27.858628934808074,861403.579783222,861403.584296118
311,eye0,pmrnet,loop,17.2313479706645,0.02,0.34303590655326843,3.2148200552910566,0.44640805572271347,0.08,0.35,0.05,0.45,1.2,23.38561198823154,861403.584395958,861403.588400456
312,eye0,pmrnet,loop,13.562198961153626,0.02,0.32085704151540995,3.216496901586652,0.2228900557383895,0.08,0.35,0.05,0.45,1.2,19.472442959994076,861403.589039671,861403.592800154
313,eye0,pmrnet,loop,14.201002079062164,0.02,0.28779590502381325,3.245891071856022,0.4550109151750803,0.08,0.35,0.05,0.45,1.2,20.339699971117078,861403.597519058,861403.601508108
314,eye0,pmrnet,loop,13.98357399739325,0.02,0.3326099831610918,3.5434210440143943,0.42278796900063753,0.08,0.35,0.05,0.45,1.2,20.432392993569373,861403.605060602,861403.609359671
315,eye0,pmrnet,loop,14.446079963818192,0.02,0.46413601376116276,3.9844639832153916,0.3318790113553405,0.08,0.35,0.05,0.45,1.2,21.376558972150086,861403.613110381,861403.617891231
316,eye0,pmrnet,loop,14.526981976814568,0.02,0.341185019351542,3.7676399806514382,0.8930061012506485,0.08,0.35,0.05,0.45,1.2,21.678813078068195,861403.621038741,861403.626040852
317,eye0,pmrnet,loop,20.16003697644919,0.02,0.4874219885095954,9.576471988111734,0.5700190085917711,0.08,0.35,0.05,0.45,1.2,32.94394996166229,861403.629108301,861403.639742654
318,eye0,pmrnet,loop,23.598662111908197,0.02,0.5156550323590636,9.404907003045082,1.4186219777911901,0.08,0.35,0.05,0.45,1.2,37.08784612510353,861403.63991088,861403.651250514
319,eye0,pmrnet,loop,22.34049595426768,0.02,0.6552640115842223,4.092880059033632,1.432002056390047,0.08,0.35,0.05,0.45,1.2,30.67064208127558,861403.651881087,861403.658061458
320,eye0,pmrnet,loop,18.668586970306933,0.02,0.41109288576990366,3.4263080451637506,0.45189703814685345,0.08,0.35,0.05,0.45,1.2,25.10788493938744,861403.658169094,861403.662458591
321,eye0,pmrnet,loop,14.923798968084157,0.02,0.3344910219311714,3.209768095985055,0.6752118933945894,0.08,0.35,0.05,0.45,1.2,21.29326997939497,861403.662563238,861403.666782977
322,eye0,pmrnet,loop,13.338532065972686,0.02,0.3297759685665369,3.3031270140782,0.536039937287569,0.08,0.35,0.05,0.45,1.2,19.65747498590499,861403.669097394,861403.673266614
323,eye0,pmrnet,loop,16.634300933219492,0.02,0.47237391117960215,6.845628027804196,0.21111697424203157,0.08,0.35,0.05,0.45,1.2,26.31341984644532,861403.677101957,861403.684631415
324,eye0,pmrnet,loop,14.122038963250816,0.02,0.34608703572303057,3.7498610327020288,1.0406209621578455,0.08,0.35,0.05,0.45,1.2,21.40860799383372,861403.68505144,861403.690188231
325,eye0,pmrnet,loop,19.85518599394709,0.02,0.49218395724892616,9.758843923918903,0.6548069650307298,0.08,0.35,0.05,0.45,1.2,32.911020840145646,861403.69308393,861403.703990195
326,eye0,pmrnet,loop,15.78471902757883,0.02,0.3373440122231841,3.3318049972876906,0.21986104547977448,0.08,0.35,0.05,0.45,1.2,21.82372908256948,861403.704099446,861403.707988742
327,eye0,pmrnet,loop,15.279852086678147,0.02,0.4831950645893812,5.5367209715768695,0.43966504745185375,0.08,0.35,0.05,0.45,1.2,23.88943317029625,861403.709092926,861403.715552854
281,eye1,pmrnet,loop,18.917592940852046,0.02,0.4758699797093868,6.5965160029008985,0.8303850190714002,0.08,0.35,0.05,0.45,1.2,28.97036394253373,861403.365075393,861403.372978512
282,eye1,pmrnet,loop,14.837590977549553,0.02,0.46910298988223076,3.193648997694254,0.21681596990674734,0.08,0.35,0.05,0.45,1.2,20.867158935032784,861403.373087832,861403.376967623
283,eye1,pmrnet,loop,14.924256014637649,0.02,0.33540709409862757,3.237833036109805,0.49662403762340546,0.08,0.35,0.05,0.45,1.2,21.144120182469486,861403.3810529,861403.385123029
284,eye1,pmrnet,loop,21.371216047555208,0.02,0.5344910314306617,9.686811012215912,0.2677440643310547,0.08,0.35,0.05,0.45,1.2,34.010262155532835,861403.389149422,861403.399639011
285,eye1,pmrnet,loop,18.675964092835784,0.02,1.386103918775916,3.379946108907461,0.48941897694021463,0.08,0.35,0.05,0.45,1.2,26.081433097459374,861403.399756497,861403.405012326
286,eye1,pmrnet,loop,19.46775894612074,0.02,0.4857000894844532,7.013969006948173,0.5197289865463972,0.08,0.35,0.05,0.45,1.2,29.63715702909976,861403.405854014,861403.413873791
287,eye1,pmrnet,loop,16.684180009178817,0.02,0.3707590512931347,3.538272110745311,1.2724859407171607,0.08,0.35,0.05,0.45,1.2,24.015697111934422,861403.413977329,861403.419159125
288,eye1,pmrnet,loop,14.402869972400367,0.02,0.5219979211688042,3.1284219585359097,0.22057490423321724,0.08,0.35,0.05,0.45,1.2,20.423864756338297,861403.421075642,861403.424946865
289,eye1,pmrnet,loop,17.274838988669217,0.02,0.4916590405628085,5.913149914704263,0.345954904332757,0.08,0.35,0.05,0.45,1.2,26.175602848269044,861403.429136824,861403.435887939
290,eye1,pmrnet,loop,15.89907193556428,0.02,1.4703490305691957,3.5459899809211493,0.4757129354402423,0.08,0.35,0.05,0.45,1.2,23.541123882494865,861403.437088858,861403.442581147
291,eye1,pmrnet,loop,14.816849026829004,0.02,0.3192740259692073,3.695274004712701,0.5234270356595516,0.08,0.35,0.05,0.45,1.2,21.504824093170463,861403.445029758,861403.449567973
292,eye1,pmrnet,loop,15.241167973726988,0.02,0.3462419845163822,3.518354962579906,1.1210329830646515,0.08,0.35,0.05,0.45,1.2,22.376797903887926,861403.453075116,861403.458061008
293,eye1,pmrnet,loop,14.368338044732809,0.02,0.3364710137248039,3.272859030403197,0.5815690383315086,0.08,0.35,0.05,0.45,1.2,20.709237127192317,861403.461066152,861403.465257269
294,eye1,pmrnet,loop,14.142558095045388,0.02,0.31898904126137495,3.260635072365403,0.44575799256563187,0.08,0.35,0.05,0.45,1.2,20.317940201237796,861403.469074943,861403.473100584
295,eye1,pmrnet,loop,13.713979977183044,0.02,0.3303620032966137,3.1531219137832522,0.20923791453242302,0.08,0.35,0.05,0.45,1.2,19.55670180879533,861403.477048148,861403.480741096
296,eye1,pmrnet,loop,15.29713801573962,0.02,0.34425396006554365,3.855767077766359,1.1489610187709332,0.08,0.35,0.05,0.45,1.2,22.796120072342454,861403.485043752,861403.490392986
297,eye1,pmrnet,loop,18.459163955412805,0.02,4.7351239481940866,3.4270499600097537,0.37261005491018295,0.08,0.35,0.05,0.45,1.2,29.143947918526827,861403.493089284,861403.501624303
298,eye1,pmrnet,loop,14.742098981514573,0.02,0.3289710730314255,3.3324469113722444,0.5890530301257968,0.08,0.35,0.05,0.45,1.2,21.14256999604404,861403.501725407,861403.505976125
299,eye1,pmrnet,loop,17.727440921589732,0.02,0.3469169605523348,7.180238026194274,0.40330097544938326,0.08,0.35,0.05,0.45,1.2,27.807896883785723,861403.509099718,861403.517030446
300,eye1,pmrnet,loop,22.10915193427354,0.02,1.7513249767944217,9.65806597378105,0.3906399942934513,0.08,0.35,0.05,0.45,1.2,36.05918287914246,861403.517680474,861403.529480956
301,eye1,pmrnet,loop,18.592364969663322,0.02,0.5310080014169216,3.457912942394614,0.44934696052223444,0.08,0.35,0.05,0.45,1.2,25.18063287399709,861403.52959494,861403.534033433
302,eye1,pmrnet,loop,15.100114047527313,0.02,0.318991020321846,3.2769949175417423,0.4375980934128165,0.08,0.35,0.05,0.45,1.2,21.283698078803717,861403.534576271,861403.53861009
303,eye1,pmrnet,loop,13.476643012836576,0.02,0.3327250014990568,3.1623999821022153,0.41122897528111935,0.08,0.35,0.05,0.45,1.2,19.532996971718966,861403.541149117,861403.545055692
304,eye1,pmrnet,loop,18.12275592237711,0.02,0.3498479491099715,7.787661044858396,0.5147970514371991,0.08,0.35,0.05,0.45,1.2,28.925061967782675,861403.549117249,861403.557769926
305,eye1,pmrnet,loop,15.908377943560481,0.02,1.1679470771923661,3.4070690162479877,0.3856769762933254,0.08,0.35,0.05,0.45,1.2,23.01907101329416,861403.558664425,861403.56362541
306,eye1,pmrnet,loop,13.162555056624115,0.02,0.3395529929548502,3.210054012015462,0.33179507590830326,0.08,0.35,0.05,0.45,1.2,19.19395713750273,861403.565066856,861403.568948523
307,eye1,pmrnet,loop,13.231109012849629,0.02,0.36123895552009344,3.270924906246364,0.38897490594536066,0.08,0.35,0.05,0.45,1.2,19.402247780561446,861403.573064764,861403.577086177
308,eye1,pmrnet,loop,19.996331888251007,0.02,0.4661810817196965,9.572771959938109,0.7765110349282622,0.08,0.35,0.05,0.45,1.2,32.96179596483707,861403.581103714,861403.591919698
309,eye1,pmrnet,loop,22.234783973544836,0.02,0.466815079562366,9.288618923164904,0.37311099004000425,0.08,0.35,0.05,0.45,1.2,34.51332896631211,861403.592098094,861403.60222708
310,eye1,pmrnet,loop,24.01439903769642,0.02,0.49937202129513025,8.370631956495345,0.21854694932699203,0.08,0.35,0.05,0.45,1.2,35.25294996481389,861403.602987598,861403.612076493
312,eye1,pmrnet,loop,17.384456004947424,0.02,0.3507459769025445,3.2007559202611446,0.22300099954009056,0.08,0.35,0.05,0.45,1.2,23.308958901651202,861403.617809689,861403.621584477
313,eye1,pmrnet,loop,21.45633101463318,0.02,0.3736610524356365,9.456475963816047,0.48700906336307526,0.08,0.35,0.05,0.45,1.2,33.923477094247936,861403.623406849,861403.633724424
314,eye1,pmrnet,loop,23.416272015310824,0.02,0.474613974802196,9.034710936248302,0.34727598540484905,0.08,0.35,0.05,0.45,1.2,35.42287291176617,861403.63389708,861403.643754115
315,eye1,pmrnet,loop,20.484270062297583,0.02,0.32395694870501757,3.663831972517073,0.6186290411278605,0.08,0.35,0.05,0.45,1.2,27.240688024647532,861403.644284704,861403.648891343
316,eye1,pmrnet,loop,16.271389089524746,0.02,0.3315419889986515,3.2080489909276366,0.21446391474455595,0.08,0.35,0.05,0.45,1.2,22.17544398419559,861403.648993035,861403.652747331
317,eye1,pmrnet,loop,13.568477937951684,0.02,0.3200810169801116,3.9654549909755588,0.7789250230416656,0.08,0.35,0.05,0.45,1.2,20.78293896894902,861403.653048878,861403.658113573
318,eye1,pmrnet,loop,19.2493760259822,0.02,0.48662698827683926,9.682195028290153,0.5838900106027722,0.08,0.35,0.05,0.45,1.2,32.152088053151964,861403.661110381,861403.671863483
319,eye1,pmrnet,loop,17.286733025684953,0.02,1.6960540087893605,3.2842200016602874,0.3503750776872039,0.08,0.35,0.05,0.45,1.2,24.767382113821803,861403.672638962,861403.677969902
320,eye1,pmrnet,loop,13.616248033940792,0.02,0.32131699845194817,3.1624099938198924,0.8072609780356288,0.08,0.35,0.05,0.45,1.2,20.05723600424826,861403.678078136,861403.682369369
321,eye1,pmrnet,loop,13.440001057460904,0.02,0.3547499654814601,4.364216001704335,0.40496105793863535,0.08,0.35,0.05,0.45,1.2,20.713928082585333,861403.685137839,861403.690262016
322,eye1,pmrnet,loop,12.835672008804977,0.02,0.35540596581995487,3.909693914465606,0.4008370451629162,0.08,0.35,0.05,0.45,1.2,19.651608934253453,861403.693060493,861403.697726698
325,eye1,pmrnet,loop,12.798920972272754,0.02,0.3432219382375479,3.8209690246731043,0.6815859815105796,0.08,0.35,0.05,0.45,1.2,19.794697916693984,861403.717050758,861403.721896771
326,eye1,pmrnet,loop,12.088662013411522,0.02,0.3486070781946182,3.4701951080933213,0.37941907066851854,0.08,0.35,0.05,0.45,1.2,18.43688327036798,861403.725057375,861403.7292558
327,eye1,pmrnet,loop,11.70134695712477,0.02,0.3195999888703227,3.1450429232791066,0.4248529439792037,0.08,0.35,0.05,0.45,1.2,17.7408428132534,861403.733047766,861403.736937535
328,eye1,pmrnet,loop,17.551211989484727,0.02,0.47214096412062645,8.796173962764442,0.43712707702070475,0.08,0.35,0.05,0.45,1.2,29.4066539933905,861403.74115056,861403.750856376
329,eye1,pmrnet,loop,13.644566992297769,0.02,0.3530129324644804,3.3209030516445637,0.3859950229525566,0.08,0.35,0.05,0.45,1.2,19.854477999359368,861403.750958416,861403.755018637
331,eye1,pmrnet,loop,21.206110948696733,0.02,0.48394897021353245,8.883371017873287,0.1969150034710765,0.08,0.35,0.05,0.45,1.2,32.92034594025463,861403.769153564,861403.778718161
332,eye1,pmrnet,loop,19.35275096911937,0.02,0.32334995921701193,3.8012040313333273,1.3812760589644313,0.08,0.35,0.05,0.45,1.2,27.00858101863414,861403.779427797,861403.784933891
334,eye1,pmrnet,loop,15.208313008770347,0.02,0.36011100746691227,3.219814971089363,0.22565096151083708,0.08,0.35,0.05,0.45,1.2,21.163889948837458,861403.79312143,861403.796927272
335,eye1,pmrnet,loop,17.113692010752857,0.02,0.49061106983572245,4.5738889602944255,0.7497540209442377,0.08,0.35,0.05,0.45,1.2,25.07794606182724,861403.801086971,861403.806901634
328,eye0,pmrnet,loop,14.706504996865988,0.02,0.3520309692248702,5.169100943021476,0.47418405301868916,0.08,0.35,0.05,0.45,1.2,22.851820962131022,861403.717052289,861403.723047922
329,eye0,pmrnet,loop,19.403952988795936,0.02,0.48917694948613644,9.658623021095991,0.5863489350304008,0.08,0.35,0.05,0.45,1.2,32.28810189440846,861403.725080321,861403.735814877
330,eye0,pmrnet,loop,22.196014993824065,0.02,0.4699750570580363,9.229017072357237,0.4505349788814783,0.08,0.35,0.05,0.45,1.2,34.495542102120815,861403.736525757,861403.746675795
331,eye0,pmrnet,loop,24.658360052853823,0.02,0.4624320426955819,9.40631004050374,0.5024840356782079,0.08,0.35,0.05,0.45,1.2,37.17958617173135,861403.746835,861403.757206665
333,eye0,pmrnet,loop,14.50183498673141,0.02,1.075293985195458,3.6647660890594125,0.3613999579101801,0.08,0.35,0.05,0.45,1.2,21.75329501889646,861403.758087276,861403.763188995
334,eye0,pmrnet,loop,12.05398899037391,0.02,0.3619330236688256,3.1513370340690017,0.2072639763355255,0.08,0.35,0.05,0.45,1.2,17.92452302444726,861403.765089466,861403.768810229
335,eye0,pmrnet,loop,12.241043034009635,0.02,0.36645401269197464,3.197670099325478,0.3947200020775199,0.08,0.35,0.05,0.45,1.2,18.349887148104607,861403.773107068,861403.777066164
336,eye0,pmrnet,loop,12.198984040878713,0.02,0.3445749171078205,3.265497973188758,0.40431099478155375,0.08,0.35,0.05,0.45,1.2,18.363367925956844,861403.781079571,861403.785094172
337,eye0,pmrnet,loop,12.152286944910884,0.02,0.3623629454523325,3.2164030708372593,0.4529410507529974,0.08,0.35,0.05,0.45,1.2,18.33399401195347,861403.789084368,861403.793116364
338,eye0,pmrnet,loop,11.799430940300226,0.02,0.34420203883200884,3.1698200618848205,0.22050493862479925,0.08,0.35,0.05,0.45,1.2,17.683957979641853,861403.797097824,861403.800832592
339,eye0,pmrnet,loop,14.542846009135246,0.02,0.48253301065415144,4.578275023959577,1.489119022153318,0.08,0.35,0.05,0.45,1.2,23.24277306590229,861403.805094521,861403.811644819
340,eye0,pmrnet,loop,11.645307997241616,0.02,0.3428399795666337,3.17317305598408,0.216161017306149,0.08,0.35,0.05,0.45,1.2,17.527482050098477,861403.813083701,861403.816816465
341,eye0,pmrnet,loop,12.00144097674638,0.02,0.32375496812164783,3.6179499002173543,0.2315969904884696,0.08,0.35,0.05,0.45,1.2,18.32474283557385,861403.821067804,861403.825241338
342,eye0,pmrnet,loop,12.244647950865328,0.02,0.49118499737232924,3.3997929422184825,0.537926098331809,0.08,0.35,0.05,0.45,1.2,18.823551988787948,861403.829124284,861403.833553552
343,eye0,pmrnet,loop,17.966013052500784,0.02,0.45249995309859514,9.447382064536214,0.35854498855769634,0.08,0.35,0.05,0.45,1.2,30.37444005869329,861403.837085048,861403.847343919
344,eye0,pmrnet,loop,21.768425009213388,0.02,0.47647696919739246,9.272877010516822,1.3618199154734612,0.08,0.35,0.05,0.45,1.2,35.02959890440106,861403.848103205,861403.859214839
345,eye0,pmrnet,loop,24.40300304442644,0.02,0.46584801748394966,9.577690972946584,0.4917288897559047,0.08,0.35,0.05,0.45,1.2,37.08827092461288,861403.859382162,861403.869917973
347,eye0,pmrnet,loop,19.4227600004524,0.02,0.5228830268606544,9.351679007522762,0.36404107231646776,0.08,0.35,0.05,0.45,1.2,31.81136310715228,861403.870837292,861403.881076385
348,eye0,pmrnet,loop,22.05002401024103,0.02,0.5492010386660695,9.524171939119697,0.4639740800485015,0.08,0.35,0.05,0.45,1.2,34.7373710680753,861403.881235032,861403.891772832
349,eye0,pmrnet,loop,22.307470091618598,0.02,0.5051830084994435,6.737538962624967,0.3512089606374502,0.08,0.35,0.05,0.45,1.2,32.05140102338046,861403.892505324,861403.900099617
350,eye0,pmrnet,loop,18.642751965671778,0.02,0.34043099731206894,3.4797709668055177,0.4845110233873129,0.08,0.35,0.05,0.45,1.2,25.097464953176676,861403.900198876,861403.904503813
351,eye0,pmrnet,loop,15.109385014511645,0.02,0.3524899948388338,3.564059967175126,0.5077599780634046,0.08,0.35,0.05,0.45,1.2,21.683694954589008,861403.904614976,861403.909039505
352,eye0,pmrnet,loop,12.11230899207294,0.02,0.23931602481752634,3.19023709744215,0.5617419956251979,0.08,0.35,0.05,0.45,1.2,18.253604109957813,861403.91011985,861403.91411138
353,eye0,pmrnet,loop,10.758385062217712,0.02,0.3488010261207819,3.186358022503555,0.20767399109899998,0.08,0.35,0.05,0.45,1.2,16.651218101941048,861403.917083505,861403.920826579
354,eye0,pmrnet,loop,12.174703064374626,0.02,0.4082809900864959,4.357469035312533,0.3988710232079029,0.08,0.35,0.05,0.45,1.2,19.489324112981556,861403.925146814,861403.930311774
355,eye0,pmrnet,loop,10.58930391445756,0.02,0.33433898352086544,3.1751440837979317,0.21371699403971434,0.08,0.35,0.05,0.45,1.2,16.46250397581607,861403.933071922,861403.936795409
356,eye0,pmrnet,loop,10.487420950084925,0.02,0.31228805892169476,3.1566519755870104,0.21265109535306692,0.08,0.35,0.05,0.45,1.2,16.319012079946695,861403.941080671,861403.944762523
357,eye0,pmrnet,loop,14.777878997847438,0.02,0.3835239913314581,3.1858510337769985,0.49783801659941673,0.08,0.35,0.05,0.45,1.2,20.99509203955531,861403.953054432,861403.957121911
358,eye0,pmrnet,loop,16.817386029288173,0.02,0.5013180198147893,5.061678937636316,0.5620220908895135,0.08,0.35,0.05,0.45,1.2,25.09240507762879,861403.961104953,861403.967230336
359,eye0,pmrnet,loop,15.378861920908093,0.02,0.3415551036596298,3.2514119520783424,1.1626130435615778,0.08,0.35,0.05,0.45,1.2,22.284442020207642,861403.969105088,861403.973860919
360,eye0,pmrnet,loop,16.45340700633824,0.02,0.46783697325736284,4.068106994964182,1.362684997729957,0.08,0.35,0.05,0.45,1.2,24.50203597228974,861403.977105476,861403.98300447
361,eye0,pmrnet,loop,15.783658949658275,0.02,0.3365019802004099,3.870168933644891,1.1164620518684387,0.08,0.35,0.05,0.45,1.2,23.256791915372013,861403.985080298,861403.990403737
362,eye0,pmrnet,loop,14.88139305729419,0.02,0.35660399589687586,3.7255228962749243,0.4120520316064358,0.08,0.35,0.05,0.45,1.2,21.525571981072424,861403.993076094,861403.997570488
363,eye0,pmrnet,loop,21.406210027635098,0.02,0.5121319554746151,9.695300017483532,0.8523180149495602,0.08,0.35,0.05,0.45,1.2,34.615960015542804,861404.001103378,861404.012163589
364,eye0,pmrnet,loop,17.712391912937164,0.02,0.46337698586285114,3.5283949691802263,0.21959200967103243,0.08,0.35,0.05,0.45,1.2,24.073755877651273,861404.012327682,861404.016539457
365,eye0,pmrnet,loop,20.76172293163836,0.02,0.4624800058081746,9.55128506757319,0.4480601055547595,0.08,0.35,0.05,0.45,1.2,33.37354811057449,861404.017195014,861404.027657306
366,eye0,pmrnet,loop,23.29721301794052,0.02,0.5917799426242709,9.37786907888949,0.4673500079661608,0.08,0.35,0.05,0.45,1.2,35.88421204742044,861404.027824421,861404.038261841
367,eye0,pmrnet,loop,20.326466066762805,0.02,0.4491789732128382,3.3713289303705096,0.6086379289627075,0.08,0.35,0.05,0.45,1.2,26.90561189930886,861404.03893111,861404.043360494
368,eye0,pmrnet,loop,16.309834900312126,0.02,0.31169503927230835,3.1879490707069635,0.44962798710912466,0.08,0.35,0.05,0.45,1.2,22.40910699740052,861404.043463289,861404.047412824
369,eye0,pmrnet,loop,15.124830999411643,0.02,0.3432279918342829,3.4461210016161203,1.375818974338472,0.08,0.35,0.05,0.45,1.2,22.439998967200516,861404.049131337,861404.054296757
370,eye0,pmrnet,loop,14.48874594643712,0.02,0.34457200672477484,3.5531269386410713,0.7247850298881531,0.08,0.35,0.05,0.45,1.2,21.26122992169112,861404.057107051,861404.061729792
371,eye0,pmrnet,loop,20.40656900499016,0.02,0.4882329376414418,9.641258046030998,0.4561810055747628,0.08,0.35,0.05,0.45,1.2,33.14224099423736,861404.065129869,861404.075716044
372,eye0,pmrnet,loop,22.75448408909142,0.02,0.4684240557253361,9.227309958077967,0.5516479723155499,0.08,0.35,0.05,0.45,1.2,35.15186607521027,861404.075885015,861404.086132866
373,eye0,pmrnet,loop,25.663829990662634,0.02,0.46760798431932926,9.348161052912474,0.38650096394121647,0.08,0.35,0.05,0.45,1.2,38.01609999183565,861404.086908489,861404.097111185
375,eye0,pmrnet,loop,21.177849965170026,0.02,0.5511019844561815,9.543962078168988,0.9397990070283413,0.08,0.35,0.05,0.45,1.2,34.362713034823535,861404.097729175,861404.108764515
376,eye0,pmrnet,loop,23.899044026620686,0.02,0.598483020439744,9.117748006246984,0.35185890737921,0.08,0.35,0.05,0.45,1.2,36.11713396068662,861404.109486292,861404.119554797
377,eye0,pmrnet,loop,25.924950023181736,0.02,0.45096001122146845,9.149292949587107,0.3421639557927847,0.08,0.35,0.05,0.45,1.2,38.017366939783095,861404.11970689,861404.129649746
379,eye0,pmrnet,loop,21.582779940217733,0.02,0.4816519794985652,9.483280940912664,0.9737990330904722,0.08,0.35,0.05,0.45,1.2,34.67151189371943,861404.130506753,861404.141445925
380,eye0,pmrnet,loop,19.668195047415793,0.02,1.1908760061487556,3.4278350649401546,1.4241809258237481,0.08,0.35,0.05,0.45,1.2,27.86108704432845,861404.141557217,861404.14760036
381,eye0,pmrnet,loop,15.829361043870449,0.02,0.3363901050761342,3.2330671092495322,0.20868598949164152,0.08,0.35,0.05,0.45,1.2,21.757504247687756,861404.148052007,861404.151830376
336,eye1,pmrnet,loop,14.944866998121142,0.02,0.322618056088686,3.200989100150764,0.19474804867058992,0.08,0.35,0.05,0.45,1.2,20.81322220303118,861403.809083446,861403.812802037
337,eye1,pmrnet,loop,14.89069196395576,0.02,0.3353389911353588,3.1737020472064614,0.19243895076215267,0.08,0.35,0.05,0.45,1.2,20.74217195305973,861403.817115093,861403.820816822
338,eye1,pmrnet,loop,21.32423606235534,0.02,0.5167380440980196,9.459978085942566,0.2122269943356514,0.08,0.35,0.05,0.45,1.2,33.66317918673158,861403.82512978,861403.835319133
339,eye1,pmrnet,loop,18.5748910298571,0.02,0.33775600604712963,4.11005096975714,0.7615729700773954,0.08,0.35,0.05,0.45,1.2,25.934270975738762,861403.835429447,861403.840639059
340,eye1,pmrnet,loop,19.321561907418072,0.02,0.4758270224556327,7.208743947558105,0.4724420141428709,0.08,0.35,0.05,0.45,1.2,29.62857489157468,861403.841297149,861403.849454513
341,eye1,pmrnet,loop,15.351632959209383,0.02,0.3460560692474246,3.2655870309099555,0.3815150121226907,0.08,0.35,0.05,0.45,1.2,21.494791071489452,861403.849560274,861403.853553645
342,eye1,pmrnet,loop,15.555092948488891,0.02,0.3255639458075166,3.389533027075231,1.049959915690124,0.08,0.35,0.05,0.45,1.2,22.47014983706176,861403.857060546,861403.861825879
343,eye1,pmrnet,loop,15.343745006248355,0.02,0.32296800054609776,3.8816219894215465,0.389533000998199,0.08,0.35,0.05,0.45,1.2,22.087867997214197,861403.865088671,861403.86968324
344,eye1,pmrnet,loop,14.827722101472318,0.02,0.39367598947137594,3.3310280414298177,0.37080503534525633,0.08,0.35,0.05,0.45,1.2,21.073231167718767,861403.873140924,861403.877236663
345,eye1,pmrnet,loop,14.833066961728036,0.02,0.3362790448591113,3.4640809753909707,0.41352701373398304,0.08,0.35,0.05,0.45,1.2,21.1969539957121,861403.881097018,861403.885311141
346,eye1,pmrnet,loop,21.574885002337396,0.02,0.48981804866343737,9.634914924390614,0.9130750549957156,0.08,0.35,0.05,0.45,1.2,34.76269303038716,861403.889082576,861403.900120837
347,eye1,pmrnet,loop,22.153418976813555,0.02,0.5414149491116405,6.622451008297503,1.2974010314792395,0.08,0.35,0.05,0.45,1.2,32.764685965701936,861403.900307701,861403.908769377
348,eye1,pmrnet,loop,25.367289083078504,0.02,0.5176599370315671,9.360875003039837,0.699291005730629,0.08,0.35,0.05,0.45,1.2,38.095115028880535,861403.909474025,861403.920052311
349,eye1,pmrnet,loop,22.20991998910904,0.02,1.241271966136992,3.1636409694328904,0.40275894571095705,0.08,0.35,0.05,0.45,1.2,29.167591870389877,861403.920156007,861403.92496398
350,eye1,pmrnet,loop,19.332292955368757,0.02,0.34917297307401896,4.15660603903234,0.577065977267921,0.08,0.35,0.05,0.45,1.2,26.565137944743036,861403.92507236,861403.930155465
351,eye1,pmrnet,loop,17.215789994224906,0.02,0.378286000341177,4.526257049292326,0.5378350615501404,0.08,0.35,0.05,0.45,1.2,24.808168105408548,861403.930665301,861403.936107898
352,eye1,pmrnet,loop,14.154933043755591,0.02,0.284765032120049,3.1346780015155673,0.1908839913085103,0.08,0.35,0.05,0.45,1.2,19.915260068699716,861403.937505391,861403.941115988
353,eye1,pmrnet,loop,13.741049100644886,0.02,0.3469960065558553,3.1500380719080567,0.1891979482024908,0.08,0.35,0.05,0.45,1.2,19.577281127311288,861403.945084639,861403.948771102
354,eye1,pmrnet,loop,24.327947990968823,0.02,4.183997050859034,9.63034201413393,0.4740869626402855,0.08,0.35,0.05,0.45,1.2,40.76637401860207,861403.95313734,861403.967426231
355,eye1,pmrnet,loop,22.73841993883252,0.02,0.6151720881462097,4.497661953791976,0.3719839733093977,0.08,0.35,0.05,0.45,1.2,30.373237954080103,861403.968421319,861403.973906513
356,eye1,pmrnet,loop,18.52800906635821,0.02,0.33544900361448526,3.201732994057238,0.21853495854884386,0.08,0.35,0.05,0.45,1.2,24.433726022578774,861403.974008938,861403.977764871
357,eye1,pmrnet,loop,15.747828059829772,0.02,0.3222160739824176,4.236342036165297,0.6088920636102557,0.08,0.35,0.05,0.45,1.2,23.06527823358774,861403.977886118,861403.983053838
358,eye1,pmrnet,loop,15.066664898768067,0.02,0.3567419480532408,4.40550094936043,0.5756979808211327,0.08,0.35,0.05,0.45,1.2,22.55460577700287,861403.985103434,861403.990441619
359,eye1,pmrnet,loop,16.584057011641562,0.02,0.4791530082002282,6.204796954989433,0.201917951926589,0.08,0.35,0.05,0.45,1.2,25.61992492675781,861403.993141823,861404.000028005
360,eye1,pmrnet,loop,13.763907016254961,0.02,0.3404041053727269,3.388631041161716,0.442662974819541,0.08,0.35,0.05,0.45,1.2,20.085605137608944,861404.001105821,861404.00527778
361,eye1,pmrnet,loop,13.30351596698165,0.02,0.3417539410293102,3.216646029613912,0.1928219571709633,0.08,0.35,0.05,0.45,1.2,19.204737894795834,861404.009135015,861404.012886539
362,eye1,pmrnet,loop,19.90805403329432,0.02,0.4853910068050027,9.536992060020566,0.4193730419501662,0.08,0.35,0.05,0.45,1.2,32.499810142070054,861404.017116896,861404.027559101
363,eye1,pmrnet,loop,22.534786956384778,0.02,0.5274399882182479,9.412768995389342,0.5794689059257507,0.08,0.35,0.05,0.45,1.2,35.20446484591812,861404.027735443,861404.038255591
364,eye1,pmrnet,loop,22.689700010232627,0.02,0.3954879939556122,6.317242048680782,0.8083049906417727,0.08,0.35,0.05,0.45,1.2,32.36073504351079,861404.038958301,861404.046479548
365,eye1,pmrnet,loop,19.978185067884624,0.02,0.3299700329080224,3.350330051034689,1.5738250222057104,0.08,0.35,0.05,0.45,1.2,27.382310174033044,861404.046582609,861404.051836972
367,eye1,pmrnet,loop,19.783969968557358,0.02,0.500321970321238,9.747956995852292,0.4273499362170696,0.08,0.35,0.05,0.45,1.2,32.609598870947956,861404.057104097,861404.067780157
368,eye1,pmrnet,loop,22.30401593260467,0.02,0.49195997416973114,9.389678947627544,0.5235529970377684,0.08,0.35,0.05,0.45,1.2,34.85920785143971,861404.067963857,861404.078369479
369,eye1,pmrnet,loop,25.73043096344918,0.02,0.49095600843429565,9.337392984889448,0.7159870583564043,0.08,0.35,0.05,0.45,1.2,38.424767015129326,861404.07931973,861404.089864757
371,eye1,pmrnet,loop,16.303329030051827,0.02,1.0858719469979405,4.986896994523704,0.45806390698999166,0.08,0.35,0.05,0.45,1.2,24.984161878563462,861404.090045311,861404.096576409
372,eye1,pmrnet,loop,13.363206991925836,0.02,0.3278430085629225,3.545450046658516,0.5495329387485981,0.08,0.35,0.05,0.45,1.2,19.93603298589587,861404.097282312,861404.101705343
373,eye1,pmrnet,loop,12.493083951994777,0.02,0.3296269569545984,3.269240027293563,0.19218609668314457,0.08,0.35,0.05,0.45,1.2,18.43413703292608,861404.105112848,861404.108904137
374,eye1,pmrnet,loop,12.421649065800011,0.02,0.3305970458313823,3.1570889987051487,0.36400300450623035,0.08,0.35,0.05,0.45,1.2,18.42333811484277,861404.113049648,861404.116901575
375,eye1,pmrnet,loop,12.710802024230361,0.02,0.3135199658572674,3.1347679905593395,0.6185430102050304,0.08,0.35,0.05,0.45,1.2,18.927632990851997,861404.12119253,861404.125259611
377,eye1,pmrnet,loop,12.816761969588697,0.02,0.323427957482636,3.3146949717774987,0.4257479449734092,0.08,0.35,0.05,0.45,1.2,19.03063284382224,861404.137439798,861404.141503911
378,eye1,pmrnet,loop,13.365056016482413,0.02,0.3432630328461528,3.272820031270385,1.3825430069118738,0.08,0.35,0.05,0.45,1.2,20.513682087510823,861404.145122341,861404.150121215
379,eye1,pmrnet,loop,13.515896047465503,0.02,0.3464700421318412,4.037776030600071,0.9048320353031158,0.08,0.35,0.05,0.45,1.2,20.95497415550053,861404.15305158,861404.15834091
380,eye1,pmrnet,loop,18.80165806505829,0.02,0.4950260045006871,9.383786004036665,0.6957110017538071,0.08,0.35,0.05,0.45,1.2,31.52618107534945,861404.161120076,861404.171695078
381,eye1,pmrnet,loop,21.432777983136475,0.02,0.4747940693050623,9.619512944482267,0.4268420161679387,0.08,0.35,0.05,0.45,1.2,34.10392701309175,861404.171873747,861404.182395295
382,eye1,pmrnet,loop,22.360070957802236,0.02,0.4641211125999689,7.528941030614078,0.21842902060598135,0.08,0.35,0.05,0.45,1.2,32.72156212162226,861404.183180065,861404.191391903
383,eye1,pmrnet,loop,18.97861296311021,0.02,0.40364102460443974,3.7325830198824406,0.4469800041988492,0.08,0.35,0.05,0.45,1.2,25.711817011795937,861404.191495839,861404.196079265
384,eye1,pmrnet,loop,15.129220089875162,0.02,0.3494969569146633,3.232054994441569,0.5298650357872248,0.08,0.35,0.05,0.45,1.2,21.390637077018617,861404.19618771,861404.200299344
385,eye1,pmrnet,loop,18.17874889820814,0.02,0.4686580505222082,9.330765926279128,0.517738051712513,0.08,0.35,0.05,0.45,1.2,30.64591092672199,861404.201099335,861404.211416922
386,eye1,pmrnet,loop,19.6800489211455,0.02,0.5156489787623286,8.539789938367903,0.33161300234496593,0.08,0.35,0.05,0.45,1.2,31.217100840620695,861404.211600821,861404.220988229
387,eye1,pmrnet,loop,24.572534952312708,0.02,2.291227923706174,9.345951024442911,0.3621910000219941,0.08,0.35,0.05,0.45,1.2,38.721904900483786,861404.221949074,861404.2339489
388,eye1,pmrnet,loop,28.54292804840952,0.02,2.0468400325626135,9.31728899013251,0.4879829939454794,0.08,0.35,0.05,0.45,1.2,42.545040065050124,861404.234135506,861404.24598806
382,eye0,pmrnet,loop,15.699808951467276,0.02,3.0152229592204094,3.429169999435544,0.22212602198123932,0.08,0.35,0.05,0.45,1.2,24.516327932104467,861404.1531031,861404.159769866
383,eye0,pmrnet,loop,16.329403035342693,0.02,0.3773849457502365,6.486458005383611,0.46902999747544527,0.08,0.35,0.05,0.45,1.2,25.812275983951984,861404.161134967,861404.168468191
384,eye0,pmrnet,loop,19.395616953261197,0.02,0.47946395352482796,9.234193013980985,0.4538249922916293,0.08,0.35,0.05,0.45,1.2,31.713098913058637,861404.169435362,861404.179603294
385,eye0,pmrnet,loop,20.964386989362538,0.02,0.4500140203163028,8.465975988656282,0.565233058296144,0.08,0.35,0.05,0.45,1.2,32.595610056631266,861404.179759876,861404.189241491
386,eye0,pmrnet,loop,24.733889033086598,0.02,1.3067569816485047,9.450349025428295,0.3727200673893094,0.08,0.35,0.05,0.45,1.2,38.013715107552706,861404.18994904,861404.201079347
388,eye0,pmrnet,loop,18.982658977620304,0.02,0.47917303163558245,9.304473060183227,0.4343820037320256,0.08,0.35,0.05,0.45,1.2,31.350687073171137,861404.20124795,861404.211466424
389,eye0,pmrnet,loop,20.378371002152562,0.02,0.4845079965889454,7.422190974466503,0.6361500127241015,0.08,0.35,0.05,0.45,1.2,31.07121998593211,861404.212388043,861404.220931254
390,eye0,pmrnet,loop,16.591469990089536,0.02,0.35509199369698763,3.284440957941115,0.510070938616991,0.08,0.35,0.05,0.45,1.2,22.891073880344628,861404.221063645,861404.225213517
391,eye0,pmrnet,loop,13.132988940924406,0.02,0.34292798954993486,3.4317170502617955,0.730379018932581,0.08,0.35,0.05,0.45,1.2,19.788012999668716,861404.225318726,861404.229824004
392,eye0,pmrnet,loop,19.879397004842758,0.02,0.47093501780182123,10.556221008300781,0.45990897342562675,0.08,0.35,0.05,0.45,1.2,33.51646200437099,861404.233151546,861404.24463908
393,eye0,pmrnet,loop,21.007235976867378,0.02,0.4933959571644664,7.705650990828872,0.837660045363009,0.08,0.35,0.05,0.45,1.2,32.19394297022372,861404.244799303,861404.253836347
394,eye0,pmrnet,loop,18.91822600737214,0.02,0.36554993130266666,4.261904978193343,0.45252195559442043,0.08,0.35,0.05,0.45,1.2,26.14820287246257,861404.254736089,861404.259816317
395,eye0,pmrnet,loop,16.928414930589497,0.02,0.2703650388866663,3.8241689326241612,1.4094730140641332,0.08,0.35,0.05,0.45,1.2,24.582421916164456,861404.260390931,861404.265895153
396,eye0,pmrnet,loop,12.780137010850012,0.02,0.36256504245102406,3.1887070508673787,0.25380298029631376,0.08,0.35,0.05,0.45,1.2,18.735212084464727,861404.266010656,861404.269816044
397,eye0,pmrnet,loop,12.033776962198317,0.02,0.3586709499359131,3.283887985162437,0.3688280703499913,0.08,0.35,0.05,0.45,1.2,18.195163967646657,861404.273127226,861404.277138874
398,eye0,pmrnet,loop,12.420464074239135,0.02,0.3703830298036337,3.312238957732916,0.7990440353751183,0.08,0.35,0.05,0.45,1.2,19.0521300971508,861404.281112582,861404.285594508
399,eye0,pmrnet,loop,12.029188103042543,0.02,0.36136992275714874,3.3627570373937488,0.410726061090827,0.08,0.35,0.05,0.45,1.2,18.314041124284266,861404.289137151,861404.293272249
400,eye0,pmrnet,loop,12.34376197680831,0.02,0.36944798193871975,3.634897992014885,0.5018740193918347,0.08,0.35,0.05,0.45,1.2,18.999981970153748,861404.297149088,861404.301655659
401,eye0,pmrnet,loop,18.684822949580848,0.02,0.5309469997882843,9.91720100864768,0.47272094525396824,0.08,0.35,0.05,0.45,1.2,31.75569190327078,861404.305144057,861404.316065428
402,eye0,pmrnet,loop,22.202313062734902,0.02,0.6727820727974176,10.11426409240812,0.6064620101824403,0.08,0.35,0.05,0.45,1.2,35.74582123812288,861404.316257951,861404.327651895
403,eye0,pmrnet,loop,19.618408055976033,0.02,0.47673098742961884,4.015835002064705,0.22330100182443857,0.08,0.35,0.05,0.45,1.2,26.484275047294794,861404.328420931,861404.333137145
404,eye0,pmrnet,loop,15.741629991680384,0.02,0.3581410273909569,3.2973530469462276,0.43581495992839336,0.08,0.35,0.05,0.45,1.2,21.98293902594596,861404.333238057,861404.337329606
405,eye0,pmrnet,loop,11.856288998387754,0.02,0.32954802736639977,3.345866105519235,0.4036460304632783,0.08,0.35,0.05,0.45,1.2,18.085349161736666,861404.337433938,861404.341513309
406,eye0,pmrnet,loop,17.44594401679933,0.02,0.3470799420028925,9.075423004105687,0.6459299474954605,0.08,0.35,0.05,0.45,1.2,29.66437691040337,861404.345102923,861404.35517168
407,eye0,pmrnet,loop,17.53988000564277,0.02,0.49526302609592676,6.361573003232479,0.34083204809576273,0.08,0.35,0.05,0.45,1.2,26.88754808306694,861404.356136868,861404.363334869
408,eye0,pmrnet,loop,16.318142996169627,0.02,0.34148909617215395,5.963664967566729,0.4394430434331298,0.08,0.35,0.05,0.45,1.2,25.212740103341638,861404.363437208,861404.370182128
409,eye0,pmrnet,loop,12.222021003253758,0.02,0.3153920406475663,3.2068609725683928,0.3447390627115965,0.08,0.35,0.05,0.45,1.2,18.239013079181312,861404.370287748,861404.374155014
410,eye0,pmrnet,loop,17.315931036137044,0.02,0.3256949130445719,9.51812497805804,0.36895705852657557,0.08,0.35,0.05,0.45,1.2,29.67870798576623,861404.377104888,861404.387318053
411,eye0,pmrnet,loop,17.844247980974615,0.02,0.4412640118971467,7.558663957752287,0.4956349730491638,0.08,0.35,0.05,0.45,1.2,28.48981092367321,861404.387418897,861404.395914817
412,eye0,pmrnet,loop,21.328157978132367,0.02,0.48390799202024937,9.638465940952301,0.45999500434845686,0.08,0.35,0.05,0.45,1.2,34.06052691545338,861404.396884935,861404.407467763
413,eye0,pmrnet,loop,19.273847923614085,0.02,0.4868779797106981,4.995872965082526,0.36264106165617704,0.08,0.35,0.05,0.45,1.2,27.269239930063485,861404.407637248,861404.413482981
414,eye0,pmrnet,loop,17.42404792457819,0.02,0.3120700130239129,4.8433400224894285,0.40150899440050125,0.08,0.35,0.05,0.45,1.2,25.13096695449203,861404.414144978,861404.419702111
415,eye0,pmrnet,loop,14.689157949760556,0.02,0.35033293534070253,3.2601180719211698,0.32448500860482454,0.08,0.35,0.05,0.45,1.2,20.77409396562725,861404.421102062,861404.425037242
416,eye0,pmrnet,loop,14.98469803482294,0.02,0.3418710548430681,3.4570330753922462,0.4813231062144041,0.08,0.35,0.05,0.45,1.2,21.414925271272658,861404.429121251,861404.433401767
417,eye0,pmrnet,loop,14.667442068457603,0.02,0.3206139663234353,3.226756933145225,0.5193580873310566,0.08,0.35,0.05,0.45,1.2,20.88417105525732,861404.437086419,861404.441153357
418,eye0,pmrnet,loop,15.322863939218223,0.02,0.32801402267068624,3.630929975770414,0.824678922072053,0.08,0.35,0.05,0.45,1.2,22.256486859731375,861404.445093926,861404.449877751
419,eye0,pmrnet,loop,14.59518598858267,0.02,0.32431306317448616,3.2820129999890924,0.5076619563624263,0.08,0.35,0.05,0.45,1.2,20.859174008108674,861404.453105015,861404.457219205
420,eye0,pmrnet,loop,21.52136794757098,0.02,0.5124170565977693,9.921440039761364,0.649375026114285,0.08,0.35,0.05,0.45,1.2,34.7546000700444,861404.461130435,861404.47221413
421,eye0,pmrnet,loop,25.416548014618456,0.02,1.653952058404684,9.777310071513057,0.3711748868227005,0.08,0.35,0.05,0.45,1.2,39.368985031358896,861404.472375245,861404.48417814
422,eye0,pmrnet,loop,23.711306042969227,0.02,1.9997770432382822,3.219216945581138,0.3919060109183192,0.08,0.35,0.05,0.45,1.2,31.472206042706965,861404.484931033,861404.490542262
423,eye0,pmrnet,loop,25.204867939464748,0.02,0.34066697116941214,8.584326016716659,0.5351050058379769,0.08,0.35,0.05,0.45,1.2,36.814965933188795,861404.490643922,861404.500104356
424,eye0,pmrnet,loop,22.485740017145872,0.02,1.6388099174946547,3.3140010200440884,0.22512907162308693,0.08,0.35,0.05,0.45,1.2,29.8136800263077,861404.500276496,861404.505454721
425,eye0,pmrnet,loop,19.706269027665257,0.02,0.371266040019691,3.4742429852485657,0.4680909914895892,0.08,0.35,0.05,0.45,1.2,26.169869044423102,861404.506430494,861404.510744351
426,eye0,pmrnet,loop,15.749609097838402,0.02,0.3457220736891031,3.2452669693157077,0.41858700569719076,0.08,0.35,0.05,0.45,1.2,21.909185146540402,861404.510846903,861404.514856717
427,eye0,pmrnet,loop,13.971674954518676,0.02,0.3363499417901039,3.2775449799373746,0.4361850442364812,0.08,0.35,0.05,0.45,1.2,20.171754920482634,861404.517097404,861404.521147722
428,eye0,pmrnet,loop,14.09931795205921,0.02,0.34028198570013046,3.44465603120625,0.4934349562972784,0.08,0.35,0.05,0.45,1.2,20.527690925262867,861404.525065374,861404.529343975
429,eye0,pmrnet,loop,14.187998021952808,0.02,0.33766706474125385,3.55112599208951,0.411159940995276,0.08,0.35,0.05,0.45,1.2,20.637951019778846,861404.533201989,861404.537502168
430,eye0,pmrnet,loop,14.761917060241103,0.02,0.35135692451149225,3.763037035241723,0.8979900740087032,0.08,0.35,0.05,0.45,1.2,21.92430109400302,861404.541132386,861404.546145005
431,eye0,pmrnet,loop,14.755736105144024,0.02,0.32103806734085083,3.404506016522646,1.3932089786976576,0.08,0.35,0.05,0.45,1.2,22.024489167705177,861404.549088766,861404.554207772
432,eye0,pmrnet,loop,14.652660000137985,0.02,0.3364230506122112,4.407500033266842,0.33624505158513784,0.08,0.35,0.05,0.45,1.2,21.882828135602175,861404.557093289,861404.562173704
390,eye1,pmrnet,loop,20.321703981608152,0.02,0.779367983341217,5.317662958987057,0.3296290524303913,0.08,0.35,0.05,0.45,1.2,28.898363976366817,861404.247478726,861404.253905724
391,eye1,pmrnet,loop,17.97559903934598,0.02,0.49203005619347095,4.3374329106882215,0.764337950386107,0.08,0.35,0.05,0.45,1.2,25.719399956613778,861404.254034645,861404.259628724
392,eye1,pmrnet,loop,16.35759905911982,0.02,0.3442199667915702,3.847575979307294,0.7585260318592191,0.08,0.35,0.05,0.45,1.2,23.457921037077902,861404.26112832,861404.266079055
393,eye1,pmrnet,loop,21.47282101213932,0.02,0.47119706869125366,9.26566799171269,0.36012998316437006,0.08,0.35,0.05,0.45,1.2,33.71981605570763,861404.269165882,861404.279263341
394,eye1,pmrnet,loop,19.804791896604,0.02,0.4888620460405946,5.428973003290594,0.3272540634498,0.08,0.35,0.05,0.45,1.2,28.19988100938499,861404.27941936,861404.285664772
395,eye1,pmrnet,loop,23.555050953291357,0.02,0.36501092836260796,9.27731895353645,0.3744630375877023,0.08,0.35,0.05,0.45,1.2,35.721843872778116,861404.287466291,861404.297483533
396,eye1,pmrnet,loop,26.35857998393476,0.02,0.46988995745778084,9.715863037854433,0.5127809708938003,0.08,0.35,0.05,0.45,1.2,39.20711395014077,861404.297655993,861404.308355105
398,eye1,pmrnet,loop,21.141101024113595,0.02,0.6343809654936194,8.772188914008439,0.4961220547556877,0.08,0.35,0.05,0.45,1.2,33.19379295837134,861404.309373978,861404.319277034
399,eye1,pmrnet,loop,17.46035600081086,0.02,0.5078850081190467,3.1013069674372673,0.6753610214218497,0.08,0.35,0.05,0.45,1.2,23.894908997789024,861404.319381546,861404.323666404
400,eye1,pmrnet,loop,14.737620018422604,0.02,0.38621004205197096,3.2890629954636097,0.22589403670281172,0.08,0.35,0.05,0.45,1.2,20.788787092640995,861404.325111137,861404.329012568
401,eye1,pmrnet,loop,20.945177995599806,0.02,0.4811319522559643,9.268126101233065,0.3604909870773554,0.08,0.35,0.05,0.45,1.2,33.2049270361662,861404.333178532,861404.343288703
402,eye1,pmrnet,loop,21.261735004372895,0.02,0.4487939877435565,7.380447001196444,0.3987939562648535,0.08,0.35,0.05,0.45,1.2,31.639769949577747,861404.343446404,861404.351674758
403,eye1,pmrnet,loop,24.911906919442117,0.02,0.46855409163981676,9.521906031295657,0.740666058845818,0.08,0.35,0.05,0.45,1.2,37.79303310122341,861404.352661674,861404.363393216
404,eye1,pmrnet,loop,27.652155957184732,0.02,0.47487998381257057,9.329885011538863,0.8340899366885424,0.08,0.35,0.05,0.45,1.2,40.44101088922471,861404.36356314,861404.374202439
406,eye1,pmrnet,loop,16.956864041276276,0.02,0.3271549940109253,3.9702008944004774,0.40684896521270275,0.08,0.35,0.05,0.45,1.2,23.81106889490038,861404.374941568,861404.379645983
407,eye1,pmrnet,loop,20.704984082840383,0.02,0.4887219984084368,9.337114985100925,0.45046210289001465,0.08,0.35,0.05,0.45,1.2,33.13128316923976,861404.381185816,861404.39146257
408,eye1,pmrnet,loop,23.97362294141203,0.02,0.4824360366910696,9.543445892632008,0.4820210160687566,0.08,0.35,0.05,0.45,1.2,36.631525886803864,861404.392291641,861404.402799979
409,eye1,pmrnet,loop,26.78085397928953,0.02,0.5005259299650788,9.732453036122024,0.4540790105238557,0.08,0.35,0.05,0.45,1.2,39.61791195590049,861404.402988953,861404.413676466
411,eye1,pmrnet,loop,22.208551061339676,0.02,0.6791860796511173,9.601905941963196,0.4575420171022415,0.08,0.35,0.05,0.45,1.2,35.09718510005623,861404.414503037,861404.425242128
412,eye1,pmrnet,loop,24.34666792396456,0.02,0.46670204028487206,9.208595962263644,0.3661949886009097,0.08,0.35,0.05,0.45,1.2,36.538160915113984,861404.425407215,861404.435449146
413,eye1,pmrnet,loop,28.06639496702701,0.02,0.4821689799427986,9.297311073169112,1.1862440733239055,0.08,0.35,0.05,0.45,1.2,41.18211909346282,861404.43627183,861404.447237989
415,eye1,pmrnet,loop,22.100631962530315,0.02,0.4555709892883897,9.11090790759772,0.44928397983312607,0.08,0.35,0.05,0.45,1.2,34.26639483924955,861404.447393989,861404.45741015
416,eye1,pmrnet,loop,25.5304150050506,0.02,0.6649619899690151,9.248349000699818,0.46852894593030214,0.08,0.35,0.05,0.45,1.2,38.062254941649734,861404.458526616,861404.468908881
417,eye1,pmrnet,loop,22.565193939954042,0.02,0.4608730087056756,4.034880083054304,0.32939703669399023,0.08,0.35,0.05,0.45,1.2,29.54034406840801,861404.469187188,861404.474012647
418,eye1,pmrnet,loop,23.781953961588442,0.02,0.4523070529103279,8.275989908725023,0.3933460684493184,0.08,0.35,0.05,0.45,1.2,35.05359699167311,861404.474177054,861404.483299026
419,eye1,pmrnet,loop,26.780421962030232,0.02,0.4878590116277337,9.391995961777866,0.4584538983181119,0.08,0.35,0.05,0.45,1.2,39.26873083375394,861404.484027159,861404.494365905
421,eye1,pmrnet,loop,21.721477969549596,0.02,0.4556699423119426,9.469449054449797,0.9903119644150138,0.08,0.35,0.05,0.45,1.2,34.78690893072635,861404.494528796,861404.50544474
422,eye1,pmrnet,loop,24.02513602282852,0.02,0.3673079190775752,8.585594943724573,0.3496879944577813,0.08,0.35,0.05,0.45,1.2,35.47772688008845,861404.506514608,861404.515817563
423,eye1,pmrnet,loop,27.167579042725265,0.02,0.4704430466517806,9.353629080578685,1.2204620288684964,0.08,0.35,0.05,0.45,1.2,40.362113198824225,861404.515983766,861404.527028816
425,eye1,pmrnet,loop,16.917287022806704,0.02,0.49460306763648987,3.963009105063975,0.5108240293338895,0.08,0.35,0.05,0.45,1.2,24.035723224841057,861404.527948405,861404.532917258
426,eye1,pmrnet,loop,16.021608957089484,0.02,0.4566879943013191,6.267282995395362,0.22448005620390177,0.08,0.35,0.05,0.45,1.2,25.120060002990066,861404.533141687,861404.54009048
427,eye1,pmrnet,loop,14.082208974286914,0.02,0.3425210015848279,4.405961954034865,0.33906404860317707,0.08,0.35,0.05,0.45,1.2,21.319755978509782,861404.541132322,861404.546220151
428,eye1,pmrnet,loop,14.075994957238436,0.02,0.3250859444960952,4.516683053225279,0.3446099581196904,0.08,0.35,0.05,0.45,1.2,21.4123739130795,861404.549096313,861404.554283015
429,eye1,pmrnet,loop,13.829555013217032,0.02,0.32941403333097696,3.875009948387742,0.8101490093395114,0.08,0.35,0.05,0.45,1.2,20.99412800427526,861404.557090722,861404.562105573
430,eye1,pmrnet,loop,13.786829891614616,0.02,0.3470230149105191,3.7885899655520916,0.9040770819410682,0.08,0.35,0.05,0.45,1.2,20.976519954018293,861404.565091946,861404.570131891
431,eye1,pmrnet,loop,18.998635932803154,0.02,0.469653052277863,9.332112967967987,0.42552605737000704,0.08,0.35,0.05,0.45,1.2,31.37592801041901,861404.573184931,861404.58341266
432,eye1,pmrnet,loop,19.137387978844345,0.02,0.5951069761067629,7.021691068075597,0.4875040613114834,0.08,0.35,0.05,0.45,1.2,29.391690084338187,861404.583515154,861404.591619816
433,eye1,pmrnet,loop,22.10295805707574,0.02,0.46868203207850456,9.23933694139123,0.393168069422245,0.08,0.35,0.05,0.45,1.2,34.35414509996772,861404.592552584,861404.602654224
434,eye1,pmrnet,loop,21.258457098156214,0.02,0.5097499815747142,6.180841010063887,0.3568539395928383,0.08,0.35,0.05,0.45,1.2,30.45590202938765,861404.602831013,861404.609878821
435,eye1,pmrnet,loop,24.092476000078022,0.02,0.47326995991170406,9.197924984619021,0.4676250973716378,0.08,0.35,0.05,0.45,1.2,36.381296041980384,861404.610642831,861404.620782091
436,eye1,pmrnet,loop,28.822585940361023,0.02,2.232953906059265,9.50647599529475,0.9025470353662968,0.08,0.35,0.05,0.45,1.2,43.61456287708133,861404.620938601,861404.633580999
438,eye1,pmrnet,loop,22.847534040920436,0.02,0.48633094411343336,8.550003985874355,0.21413201466202736,0.08,0.35,0.05,0.45,1.2,34.24800098557025,861404.634493424,861404.643744241
439,eye1,pmrnet,loop,20.769975963048637,0.02,0.3172949654981494,4.495718982070684,1.0546109406277537,0.08,0.35,0.05,0.45,1.2,28.787600851245223,861404.643868232,861404.649736097
440,eye1,pmrnet,loop,16.629477962851524,0.02,0.3213210729882121,3.1186819542199373,0.38908899296075106,0.08,0.35,0.05,0.45,1.2,22.608569983020423,861404.649836262,861404.653665606
441,eye1,pmrnet,loop,14.506303938105702,0.02,0.4599840613082051,4.2646960355341434,0.6475159898400307,0.08,0.35,0.05,0.45,1.2,22.02850002478808,861404.654238857,861404.659611406
442,eye1,pmrnet,loop,11.855956981889904,0.02,0.34685595892369747,3.1071450794115663,0.4003699868917465,0.08,0.35,0.05,0.45,1.2,17.860328007116912,861404.661175393,861404.665030016
443,eye1,pmrnet,loop,12.365891016088426,0.02,0.28624001424759626,3.376342006959021,0.41137600783258677,0.08,0.35,0.05,0.45,1.2,18.58984904512763,861404.669534711,861404.673608908
444,eye1,pmrnet,loop,18.707604962401092,0.02,0.4635540535673499,9.7884590504691,0.6590218981727958,0.08,0.35,0.05,0.45,1.2,31.768639964610337,861404.677107633,861404.688019099
445,eye1,pmrnet,loop,14.729389920830727,0.02,0.49477291759103537,3.213049960322678,0.21388300228863955,0.08,0.35,0.05,0.45,1.2,20.801095801033078,861404.688188412,861404.692110456
446,eye1,pmrnet,loop,18.06382101494819,0.02,0.46319107059389353,9.384044911712408,0.5076129455119371,0.08,0.35,0.05,0.45,1.2,30.568669942766427,861404.693157936,861404.703513203
433,eye0,pmrnet,loop,14.608951983973384,0.02,0.3563700011000037,4.41720406524837,0.33478601835668087,0.08,0.35,0.05,0.45,1.2,21.867312068678437,861404.565090378,861404.57019902
434,eye0,pmrnet,loop,19.797176006250083,0.02,0.4993029870092869,9.495229925960302,0.33061299473047256,0.08,0.35,0.05,0.45,1.2,32.272321913950144,861404.573130607,861404.583456248
435,eye0,pmrnet,loop,20.724133006297052,0.02,0.4102860111743212,8.107056026346982,0.3580370685085654,0.08,0.35,0.05,0.45,1.2,31.74951211232692,861404.583576112,861404.592451849
436,eye0,pmrnet,loop,18.391885911114514,0.02,0.3635779721662402,3.36207402870059,0.6305370479822159,0.08,0.35,0.05,0.45,1.2,24.89807495996356,861404.593832582,861404.598188985
437,eye0,pmrnet,loop,14.477700926363468,0.02,0.343729043379426,3.169322037138045,0.5330080166459084,0.08,0.35,0.05,0.45,1.2,20.673760023526846,861404.598297363,861404.602343658
438,eye0,pmrnet,loop,13.189706020057201,0.02,0.36447099409997463,3.2244109315797687,0.4364369669929147,0.08,0.35,0.05,0.45,1.2,19.365024912729858,861404.60509938,861404.609124927
439,eye0,pmrnet,loop,19.146086066029966,0.02,0.5784190725535154,9.150998084805906,0.3209520364180207,0.08,0.35,0.05,0.45,1.2,31.346455259807406,861404.613099149,861404.623150013
440,eye0,pmrnet,loop,16.313058091327548,0.02,0.4638059763237834,3.360229078680277,0.3772210329771042,0.08,0.35,0.05,0.45,1.2,22.66431417930871,861404.624184598,861404.628386126
441,eye0,pmrnet,loop,13.379729934968054,0.02,0.35547802690416574,3.7399750435724854,0.3360300324857235,0.08,0.35,0.05,0.45,1.2,19.961213037930428,861404.629090189,861404.633521894
442,eye0,pmrnet,loop,12.807004037313163,0.02,0.32005400862544775,3.2066040439531207,0.3931580577045679,0.08,0.35,0.05,0.45,1.2,18.8768201475963,861404.63709799,861404.641018036
443,eye0,pmrnet,loop,20.61625407077372,0.02,0.37107907701283693,9.637299925088882,0.7657919777557254,0.08,0.35,0.05,0.45,1.2,33.54042505063117,861404.646121149,861404.65689573
444,eye0,pmrnet,loop,22.759885992854834,0.02,0.5329259438440204,9.14901401847601,0.36205502692610025,0.08,0.35,0.05,0.45,1.2,34.95388098210096,861404.657063852,861404.667108281
445,eye0,pmrnet,loop,26.076437905430794,0.02,0.5858240183442831,9.429643047042191,0.3899880684912205,0.08,0.35,0.05,0.45,1.2,38.63189303930849,861404.668088531,861404.678494369
447,eye0,pmrnet,loop,15.241733053699136,0.02,1.1991390492767096,3.166169044561684,0.8173789829015732,0.08,0.35,0.05,0.45,1.2,22.5744201304391,861404.678614887,861404.68379784
448,eye0,pmrnet,loop,14.122035005129874,0.02,0.34809799399226904,3.858583979308605,1.3936139876022935,0.08,0.35,0.05,0.45,1.2,21.87233096603304,861404.685146525,861404.690747103
449,eye0,pmrnet,loop,18.796251039020717,0.02,0.47096097841858864,9.663148084655404,0.23615197278559208,0.08,0.35,0.05,0.45,1.2,31.3165120748803,861404.693119647,861404.703490291
450,eye0,pmrnet,loop,18.11130193527788,0.02,0.3569660475477576,6.529334932565689,0.3887780476361513,0.08,0.35,0.05,0.45,1.2,27.536380963027476,861404.703599016,861404.710874318
451,eye0,pmrnet,loop,15.177692985162139,0.02,0.3109540557488799,3.7198950303718448,0.6127669475972652,0.08,0.35,0.05,0.45,1.2,21.971309018880127,861404.711365745,861404.716009563
452,eye0,pmrnet,loop,12.319870060309768,0.02,0.3203360829502344,3.4097000025212765,0.4016769817098975,0.08,0.35,0.05,0.45,1.2,18.601583127491175,861404.717088854,861404.721220809
453,eye0,pmrnet,loop,12.014387059025466,0.02,0.3015610855072737,3.20265197660774,0.3871769877150655,0.08,0.35,0.05,0.45,1.2,18.055777108855544,861404.725092921,861404.728984552
454,eye0,pmrnet,loop,12.053265934810042,0.02,0.31928601674735546,3.3179050078615546,0.33727800473570824,0.08,0.35,0.05,0.45,1.2,18.17773496415466,861404.733117678,861404.737092376
455,eye0,pmrnet,loop,11.725635966286063,0.02,0.33440999686717987,3.1737819081172347,0.21114794071763754,0.08,0.35,0.05,0.45,1.2,17.594975811988114,861404.741115117,861404.74483468
456,eye0,pmrnet,loop,11.871963972225785,0.02,0.33642794005572796,3.4125669626519084,0.21327694412320852,0.08,0.35,0.05,0.45,1.2,17.98423581905663,861404.74908755,861404.753050071
457,eye0,pmrnet,loop,18.188304034993052,0.02,0.47877104952931404,9.472217061556876,0.34517201129347086,0.08,0.35,0.05,0.45,1.2,30.63446415737271,861404.757138573,861404.767435107
458,eye0,pmrnet,loop,14.289365033619106,0.02,0.3455559490248561,3.19076597224921,0.5208759102970362,0.08,0.35,0.05,0.45,1.2,20.496562865190207,861404.767547902,861404.771605345
459,eye0,pmrnet,loop,12.548381928354502,0.02,0.3465570043772459,4.1459230706095695,0.3295439528301358,0.08,0.35,0.05,0.45,1.2,19.52040595617145,861404.773111264,861404.777933538
460,eye0,pmrnet,loop,11.625609011389315,0.02,0.3068740479648113,3.264636965468526,0.3959439927712083,0.08,0.35,0.05,0.45,1.2,17.74306401759386,861404.781112087,861404.785079775
461,eye0,pmrnet,loop,17.97463104594499,0.02,0.46582508366554976,9.412180981598794,0.48915110528469086,0.08,0.35,0.05,0.45,1.2,30.491788216494022,861404.789129386,861404.799497073
462,eye0,pmrnet,loop,21.2166840210557,0.02,0.49350305926054716,9.484014008194208,0.436791917309165,0.08,0.35,0.05,0.45,1.2,33.78099300581962,861404.800393658,861404.81080844
463,eye0,pmrnet,loop,19.542108988389373,0.02,0.4686639877036214,5.2353329956531525,0.5252679111436009,0.08,0.35,0.05,0.45,1.2,27.921373882889746,861404.81097343,861404.817203034
464,eye0,pmrnet,loop,22.821316961199045,0.02,0.47158997040241957,9.443791001103818,0.7630640175193548,0.08,0.35,0.05,0.45,1.2,35.64976195022464,861404.817872231,861404.828551101
465,eye0,pmrnet,loop,24.051271961070597,0.02,0.38759398739784956,8.37666098959744,0.37328002508729696,0.08,0.35,0.05,0.45,1.2,35.33880696315318,861404.828711833,861404.837849718
467,eye0,pmrnet,loop,19.224315066821873,0.02,0.5094659281894565,9.489516960456967,0.5528329638764262,0.08,0.35,0.05,0.45,1.2,31.926130919344722,861404.838608689,861404.849160956
468,eye0,pmrnet,loop,21.627277950756252,0.02,0.46872906386852264,9.40400897525251,0.43158303014934063,0.08,0.35,0.05,0.45,1.2,34.08159902002663,861404.849328233,861404.859632994
469,eye0,pmrnet,loop,22.244969033636153,0.02,0.4940590588375926,6.853181985206902,0.459189061075449,0.08,0.35,0.05,0.45,1.2,32.201399138756095,861404.860512843,861404.868319632
470,eye0,pmrnet,loop,18.322499003261328,0.02,0.38585998117923737,3.3832290209829807,0.25170401204377413,0.08,0.35,0.05,0.45,1.2,24.49329201746732,861404.868445368,861404.872466381
471,eye0,pmrnet,loop,14.677984989248216,0.02,0.3621240612119436,3.5554280038923025,0.3941620234400034,0.08,0.35,0.05,0.45,1.2,21.139699077792464,861404.872579092,861404.876891031
472,eye0,pmrnet,loop,15.175582957454026,0.02,0.46901300083845854,5.6910759303718805,1.2821319978684187,0.08,0.35,0.05,0.45,1.2,24.767803886532782,861404.878015138,861404.885457727
473,eye0,pmrnet,loop,16.055156011134386,0.02,0.35218498669564724,4.463890916667879,0.4298440180718899,0.08,0.35,0.05,0.45,1.2,23.4510759325698,861404.88915959,861404.894405849
474,eye0,pmrnet,loop,21.212088991887867,0.02,0.503271003253758,9.400052018463612,0.4637259989976883,0.08,0.35,0.05,0.45,1.2,33.729138012602924,861404.897264304,861404.907631813
475,eye0,pmrnet,loop,17.50657905358821,0.02,0.43100002221763134,3.2857669284567237,0.46204496175050735,0.08,0.35,0.05,0.45,1.2,23.835390966013073,861404.907816464,861404.91199559
476,eye0,pmrnet,loop,15.137887094169855,0.02,0.46908401418477297,3.5472470335662365,0.5494520300999284,0.08,0.35,0.05,0.45,1.2,21.85367017202079,861404.913129646,861404.917695814
477,eye0,pmrnet,loop,14.524940983392298,0.02,0.37460902240127325,3.322209930047393,0.34386105835437775,0.08,0.35,0.05,0.45,1.2,20.71562099419534,861404.92111107,861404.925151973
478,eye0,pmrnet,loop,17.284150002524257,0.02,0.4101659869775176,6.260278052650392,0.21770503371953964,0.08,0.35,0.05,0.45,1.2,26.322299075871705,861404.929091748,861404.935980179
479,eye0,pmrnet,loop,17.787049058824778,0.02,0.39226398803293705,6.660055019892752,0.36206701770424843,0.08,0.35,0.05,0.45,1.2,27.351435084454714,861404.937136993,861404.944551716
480,eye0,pmrnet,loop,21.397087024524808,0.02,0.4736790433526039,9.688384016044438,0.9001960279420018,0.08,0.35,0.05,0.45,1.2,34.60934611186385,861404.945168461,861404.956231204
481,eye0,pmrnet,loop,21.53920498676598,0.02,2.3189160274341702,4.7853830037638545,0.5346400430426002,0.08,0.35,0.05,0.45,1.2,31.328144061006604,861404.956802641,861404.964441963
482,eye0,pmrnet,loop,18.21762800682336,0.02,0.49142097122967243,3.889137995429337,0.21194596774876118,0.08,0.35,0.05,0.45,1.2,24.96013294123113,861404.964596612,861404.969189479
483,eye0,pmrnet,loop,15.149023965932429,0.02,0.34811499062925577,4.128771019168198,0.41443598456680775,0.08,0.35,0.05,0.45,1.2,22.19034596029669,861404.969298307,861404.974189863
484,eye0,pmrnet,loop,14.10001702606678,0.02,0.31112798023968935,3.3865049481391907,0.40791905485093594,0.08,0.35,0.05,0.45,1.2,20.355569009296595,861404.977104347,861404.98121015
447,eye1,pmrnet,loop,22.698346991091967,0.02,0.4941869992762804,9.756959043443203,0.7426689844578505,0.08,0.35,0.05,0.45,1.2,35.8421620182693,861404.705222279,861404.716216547
448,eye1,pmrnet,loop,26.225467096082866,0.02,0.4745740443468094,9.562131017446518,0.7509879069402814,0.08,0.35,0.05,0.45,1.2,39.16316006481647,861404.717024827,861404.727813041
449,eye1,pmrnet,loop,27.373705990612507,0.02,0.4624449647963047,7.720552035607398,0.8779580239206553,0.08,0.35,0.05,0.45,1.2,38.58466101493686,861404.727969426,861404.737030727
451,eye1,pmrnet,loop,15.583388973027468,0.02,0.338877085596323,3.1348690390586853,0.23712904658168554,0.08,0.35,0.05,0.45,1.2,21.44426414426416,861404.737667269,861404.741378368
452,eye1,pmrnet,loop,14.919545035809278,0.02,0.34445500932633877,3.1329570338129997,0.20798796322196722,0.08,0.35,0.05,0.45,1.2,20.754945042170583,861404.745097997,861404.748783615
453,eye1,pmrnet,loop,14.850604929961264,0.02,0.35178300458937883,3.104700008407235,0.18573098350316286,0.08,0.35,0.05,0.45,1.2,20.64281892646104,861404.753141014,861404.756783449
454,eye1,pmrnet,loop,21.68100595008582,0.02,0.47934206668287516,9.621771052479744,0.44843193609267473,0.08,0.35,0.05,0.45,1.2,34.38055100534111,861404.761132418,861404.771682372
455,eye1,pmrnet,loop,19.81461700052023,0.02,1.3349149376153946,4.029289004392922,0.7274500094354153,0.08,0.35,0.05,0.45,1.2,28.05627095196396,861404.771793494,861404.777885393
456,eye1,pmrnet,loop,20.682013011537492,0.02,0.3395120147615671,7.769320975057781,0.21402293350547552,0.08,0.35,0.05,0.45,1.2,31.154868934862314,861404.778498866,861404.786822023
457,eye1,pmrnet,loop,16.94309909362346,0.02,0.34353998489677906,3.2482000533491373,0.635507982224226,0.08,0.35,0.05,0.45,1.2,23.3203471140936,861404.786924656,861404.791152169
458,eye1,pmrnet,loop,14.785557985305786,0.02,0.3236799966543913,3.2748141093179584,0.371329952031374,0.08,0.35,0.05,0.45,1.2,20.90538204330951,861404.793093576,861404.797063657
459,eye1,pmrnet,loop,21.10749902203679,0.02,0.4864879883825779,9.413787047378719,0.3584250807762146,0.08,0.35,0.05,0.45,1.2,33.51619913857431,861404.801194566,861404.811453797
460,eye1,pmrnet,loop,23.551300051622093,0.02,0.5582959856837988,9.327489999122918,0.4592050099745393,0.08,0.35,0.05,0.45,1.2,36.04629104640335,861404.811621276,861404.821966708
461,eye1,pmrnet,loop,22.011314053088427,0.02,0.4644820000976324,4.873825004324317,0.32530399039387703,0.08,0.35,0.05,0.45,1.2,29.82492504790425,861404.822832364,861404.828496348
462,eye1,pmrnet,loop,18.78884492907673,0.02,0.3221749793738127,3.2983010169118643,1.128430012613535,0.08,0.35,0.05,0.45,1.2,25.68775093797594,861404.828593732,861404.833342899
463,eye1,pmrnet,loop,14.97386593837291,0.02,0.3301550168544054,3.3374259946867824,0.4767869831994176,0.08,0.35,0.05,0.45,1.2,21.268233933113514,861404.833452322,861404.837596977
464,eye1,pmrnet,loop,14.44147399161011,0.02,0.33826695289462805,3.23089596349746,0.3956289729103446,0.08,0.35,0.05,0.45,1.2,20.55626588091254,861404.841168343,861404.845133433
465,eye1,pmrnet,loop,20.81880997866392,0.02,0.5073309876024723,9.397848974913359,0.46496803406625986,0.08,0.35,0.05,0.45,1.2,33.33895797524602,861404.849208767,861404.859579446
466,eye1,pmrnet,loop,24.23553611151874,0.02,0.4974129842594266,10.168345062993467,0.6546290824189782,0.08,0.35,0.05,0.45,1.2,37.70592324119061,861404.859743428,861404.871064236
467,eye1,pmrnet,loop,28.123663971200585,0.02,0.5156629486009479,9.504255023784935,0.9396940004080534,0.08,0.35,0.05,0.45,1.2,41.23327594399452,861404.872062049,861404.883022185
469,eye1,pmrnet,loop,16.330764046870172,0.02,0.48129307106137276,3.4867259673774242,0.20982197020202875,0.08,0.35,0.05,0.45,1.2,22.658605055510996,861404.88318954,861404.88736769
470,eye1,pmrnet,loop,15.125892008654773,0.02,0.36964204628020525,4.169686930254102,0.5311740096658468,0.08,0.35,0.05,0.45,1.2,22.346394994854926,861404.889161076,861404.894231835
471,eye1,pmrnet,loop,20.392006961628795,0.02,0.49153203144669533,9.308198001235723,0.5181890446692705,0.08,0.35,0.05,0.45,1.2,32.85992603898048,861404.897248068,861404.907566425
472,eye1,pmrnet,loop,22.17148302588612,0.02,0.48181903548538685,7.655694033019245,1.5359510434791446,0.08,0.35,0.05,0.45,1.2,33.99494713786989,861404.907741646,861404.917415482
473,eye1,pmrnet,loop,21.755623049102724,0.02,2.2060839692130685,3.941585076972842,1.0188689921051264,0.08,0.35,0.05,0.45,1.2,31.07216108739376,861404.917901881,861404.925068661
474,eye1,pmrnet,loop,17.48411008156836,0.02,0.32926304265856743,3.158950014039874,0.20893500186502934,0.08,0.35,0.05,0.45,1.2,23.33125814013183,861404.925168787,861404.928866168
475,eye1,pmrnet,loop,14.614343061111867,0.02,0.3223660169169307,3.553277929313481,1.0970510775223374,0.08,0.35,0.05,0.45,1.2,21.737038084864615,861404.929092443,861404.9340654
476,eye1,pmrnet,loop,16.333715990185738,0.02,0.3559109754860401,5.909678991883993,0.40034891571849585,0.08,0.35,0.05,0.45,1.2,25.149654873274265,861404.93718759,861404.943853878
477,eye1,pmrnet,loop,14.13016696460545,0.02,0.32131094485521317,3.3373069018125534,0.96073595341295,0.08,0.35,0.05,0.45,1.2,20.899520764686166,861404.945099609,861404.949719223
478,eye1,pmrnet,loop,13.679079012945294,0.02,0.3605399979278445,3.6603190237656236,0.21565891802310944,0.08,0.35,0.05,0.45,1.2,20.06559695266187,861404.953100277,861404.957337088
479,eye1,pmrnet,loop,14.222373021766543,0.02,0.31202391255646944,3.7046150537207723,0.7722800364717841,0.08,0.35,0.05,0.45,1.2,21.161292024515568,861404.961160324,861404.965949481
480,eye1,pmrnet,loop,20.101503934711218,0.02,0.4843279020860791,9.354977053590119,0.8326239185407758,0.08,0.35,0.05,0.45,1.2,32.92343280892819,861404.969225674,861404.979898121
481,eye1,pmrnet,loop,17.165726982057095,0.02,0.4410509718582034,4.311089986003935,0.21776999346911907,0.08,0.35,0.05,0.45,1.2,24.28563793338835,861404.980061441,861404.985031625
482,eye1,pmrnet,loop,14.452697010710835,0.02,0.3736800281330943,3.775842022150755,0.3336010267958045,0.08,0.35,0.05,0.45,1.2,21.085820087790488,861404.985904314,861404.990387694
483,eye1,pmrnet,loop,14.736833050847054,0.02,0.3608969273045659,4.6409249771386385,0.6325800204649568,0.08,0.35,0.05,0.45,1.2,22.521234975755213,861404.993106188,861404.99874087
484,eye1,pmrnet,loop,13.627584092319012,0.02,0.35146798472851515,3.5386160016059875,0.702357036061585,0.08,0.35,0.05,0.45,1.2,20.370025114715098,861405.00110726,861405.005699938
485,eye1,pmrnet,loop,14.634568011388183,0.02,0.47020602505654097,4.410853027366102,0.6892149103805423,0.08,0.35,0.05,0.45,1.2,22.354841974191366,861405.00920603,861405.014776639
486,eye1,pmrnet,loop,18.431109027005732,0.02,0.34252600744366646,8.651076932437718,0.479693990200758,0.08,0.35,0.05,0.45,1.2,30.054405957087873,861405.017168696,861405.026642212
487,eye1,pmrnet,loop,21.552023012191057,0.02,0.4738980205729604,9.41770791541785,0.6960020400583744,0.08,0.35,0.05,0.45,1.2,34.28963098824024,861405.027242926,861405.037830943
488,eye1,pmrnet,loop,24.03591002803296,0.02,0.6157170282676816,9.237215970642865,0.5240070167928934,0.08,0.35,0.05,0.45,1.2,36.5628500437364,861405.038006895,861405.048384289
490,eye1,pmrnet,loop,19.330112962052226,0.02,0.46633603051304817,9.567464934661984,0.5579659482464194,0.08,0.35,0.05,0.45,1.2,32.07187987547368,861405.049224358,861405.059816566
491,eye1,pmrnet,loop,21.704585989937186,0.02,0.4759459989145398,9.341477998532355,0.46765198931097984,0.08,0.35,0.05,0.45,1.2,34.13966197669506,861405.059974543,861405.070260028
492,eye1,pmrnet,loop,24.618591065518558,0.02,0.6635839818045497,9.114217944443226,0.35522005055099726,0.08,0.35,0.05,0.45,1.2,36.90161304231733,861405.07110965,861405.081243132
494,eye1,pmrnet,loop,18.572922912426293,0.02,0.5162919405847788,9.069790015928447,0.3488900838419795,0.08,0.35,0.05,0.45,1.2,30.657894952781497,861405.081400056,861405.091335474
495,eye1,pmrnet,loop,22.601292934268713,0.02,2.135945949703455,7.83993792720139,0.41674100793898106,0.08,0.35,0.05,0.45,1.2,35.14391781911254,861405.093040307,861405.103433277
496,eye1,pmrnet,loop,18.577145063318312,0.02,0.34233496990054846,3.2345000654459,0.361428945325315,0.08,0.35,0.05,0.45,1.2,24.665409043990074,861405.103539415,861405.107478078
497,eye1,pmrnet,loop,14.93511802982539,0.02,0.3286950523033738,3.6096390103921294,0.38481992669403553,0.08,0.35,0.05,0.45,1.2,21.408272019214927,861405.107581659,861405.111905035
498,eye1,pmrnet,loop,18.446392961777747,0.02,0.4714339738711715,9.443350019864738,0.4473950248211622,0.08,0.35,0.05,0.45,1.2,30.958571980334817,861405.11312226,861405.123484883
499,eye1,pmrnet,loop,22.335669957101345,0.02,0.8911410113796592,10.25677693542093,0.39695901796221733,0.08,0.35,0.05,0.45,1.2,36.03054692186415,861405.12389809,861405.135443382
502,eye1,pmrnet,loop,22.212703013792634,0.02,0.41997700463980436,9.555771946907043,0.4948339192196727,0.08,0.35,0.05,0.45,1.2,34.83328588455915,861405.149056047,861405.159527113
485,eye0,pmrnet,loop,15.134618035517633,0.02,0.35341503098607063,3.8199659902602434,1.026162994094193,0.08,0.35,0.05,0.45,1.2,22.48416205085814,861404.98511373,861404.99031352
486,eye0,pmrnet,loop,15.42582898400724,0.02,0.30922796577215195,4.272072925232351,0.9917799616232514,0.08,0.35,0.05,0.45,1.2,23.148909836634992,861404.993100525,861404.998673838
487,eye0,pmrnet,loop,20.980802946723998,0.02,0.5060429684817791,9.834017953835428,0.8224729681387544,0.08,0.35,0.05,0.45,1.2,34.29333683717996,861405.001134278,861405.012297237
488,eye0,pmrnet,loop,23.53978098835796,0.02,0.6697960197925568,9.34451399371028,0.43509097304195166,0.08,0.35,0.05,0.45,1.2,36.13918197490275,861405.012475749,861405.022925583
489,eye0,pmrnet,loop,26.997048989869654,0.02,0.4914189921692014,9.670060011558235,0.47460896894335747,0.08,0.35,0.05,0.45,1.2,39.783136962540446,861405.023814879,861405.034451428
491,eye0,pmrnet,loop,20.754375960677862,0.02,1.3961310032755136,7.9375209752470255,0.3948030062019825,0.08,0.35,0.05,0.45,1.2,32.63283094540238,861405.034618472,861405.044347287
492,eye0,pmrnet,loop,23.830521968193352,0.02,0.4712840309366584,9.579433943144977,0.4471070133149624,0.08,0.35,0.05,0.45,1.2,36.47834695558995,861405.044994013,861405.055492294
493,eye0,pmrnet,loop,21.37514704372734,0.02,0.4675349919125438,4.557981970719993,0.41665893513709307,0.08,0.35,0.05,0.45,1.2,28.967322941496967,861405.055663545,861405.061106095
494,eye0,pmrnet,loop,23.32098106853664,0.02,0.469747930765152,8.514048997312784,0.23202900774776936,0.08,0.35,0.05,0.45,1.2,34.68680700436234,861405.061904747,861405.07112093
495,eye0,pmrnet,loop,19.81264492496848,0.02,0.2852219622582197,3.124436945654452,0.545684015378356,0.08,0.35,0.05,0.45,1.2,25.917987848259507,861405.071727002,861405.075682616
496,eye0,pmrnet,loop,15.835867961868644,0.02,0.34812290687114,3.2389500411227345,0.3979789325967431,0.08,0.35,0.05,0.45,1.2,21.97091984245926,861405.075789711,861405.079775021
497,eye0,pmrnet,loop,18.911898019723594,0.02,0.46366406604647636,8.869985002093017,0.4540699301287532,0.08,0.35,0.05,0.45,1.2,30.84961701799184,861405.081131878,861405.090919995
498,eye0,pmrnet,loop,14.678443083539605,0.02,0.3474369877949357,3.1730610644444823,0.20721799228340387,0.08,0.35,0.05,0.45,1.2,20.556159128062426,861405.091027642,861405.094755573
499,eye0,pmrnet,loop,19.533812068402767,0.02,0.3450079821050167,9.725712006911635,0.46362204011529684,0.08,0.35,0.05,0.45,1.2,32.218154097534715,861405.097144515,861405.107679205
500,eye0,pmrnet,loop,23.342775995843112,0.02,0.49276999197900295,9.487451985478401,0.4284359747543931,0.08,0.35,0.05,0.45,1.2,35.90143394805491,861405.109148306,861405.119557485
501,eye0,pmrnet,loop,22.458318038843572,0.02,0.4653130890801549,5.9248399920761585,0.6351460469886661,0.08,0.35,0.05,0.45,1.2,31.63361716698855,861405.119716825,861405.126742466
502,eye0,pmrnet,loop,20.583310048095882,0.02,0.46052096877247095,4.016896011307836,0.730674946680665,0.08,0.35,0.05,0.45,1.2,27.941401974856852,861405.127727671,861405.132936087
503,eye0,pmrnet,loop,16.32004207931459,0.02,0.3568999236449599,3.1292380299419165,0.20659598521888256,0.08,0.35,0.05,0.45,1.2,22.162776018120347,861405.133048645,861405.136741608
504,eye0,pmrnet,loop,12.329454999417067,0.02,0.31236500944942236,3.1234740745276213,0.20584696903824806,0.08,0.35,0.05,0.45,1.2,18.121141052432357,861405.137178573,861405.140820473
505,eye0,pmrnet,loop,12.366721988655627,0.02,0.3462539752945304,3.118376014754176,0.3221080405637622,0.08,0.35,0.05,0.45,1.2,18.303460019268094,861405.145139836,861405.148926798
506,eye0,pmrnet,loop,18.80566298495978,0.02,0.49381598364561796,9.542390005663037,0.23939902894198895,0.08,0.35,0.05,0.45,1.2,31.231268003210424,861405.153158505,861405.163434489
507,eye0,pmrnet,loop,19.075114047154784,0.02,0.45537902042269707,7.407972007058561,0.3611129941418767,0.08,0.35,0.05,0.45,1.2,29.449578068777917,861405.163544577,861405.171771998
508,eye0,pmrnet,loop,23.7447110703215,0.02,0.483729992993176,10.798561968840659,0.6442449521273375,0.08,0.35,0.05,0.45,1.2,37.82124798428267,861405.172584717,861405.18451163
509,eye0,pmrnet,loop,19.574428908526897,0.02,0.34762697760015726,3.2360110199078918,0.21411001216620207,0.08,0.35,0.05,0.45,1.2,25.522176918201147,861405.184612468,861405.188410432
510,eye0,pmrnet,loop,16.5038580307737,0.02,0.33949397038668394,3.2383359503000975,1.3215939980000257,0.08,0.35,0.05,0.45,1.2,23.553281949460505,861405.188509144,861405.193408824
511,eye0,pmrnet,loop,14.593166066333652,0.02,0.3466919297352433,3.5183370346203446,1.611910993233323,0.08,0.35,0.05,0.45,1.2,22.22010602392256,861405.194090018,861405.199567224
512,eye0,pmrnet,loop,11.987828998826444,0.02,0.3646999830380082,3.3056989777833223,0.2130270004272461,0.08,0.35,0.05,0.45,1.2,18.02125496007502,861405.201147317,861405.205030974
513,eye0,pmrnet,loop,11.799583910033107,0.02,0.35409792326390743,3.1598600326105952,0.21047191694378853,0.08,0.35,0.05,0.45,1.2,17.674013782851397,861405.209187011,861405.212911689
514,eye0,pmrnet,loop,11.636222014203668,0.02,0.31966099049896,3.1676930375397205,0.2130400389432907,0.08,0.35,0.05,0.45,1.2,17.486616081185637,861405.21711672,861405.220817319
515,eye0,pmrnet,loop,11.578971054404974,0.02,0.367556931450963,3.1503159552812576,0.210894038900733,0.08,0.35,0.05,0.45,1.2,17.457737980037926,861405.225100175,861405.228829166
516,eye0,pmrnet,loop,16.80247508920729,0.02,3.6470319610089064,5.015721078962088,0.3477709833532572,0.08,0.35,0.05,0.45,1.2,27.96299911253154,861405.233110343,861405.242121252
517,eye0,pmrnet,loop,20.045888028107584,0.02,0.47965801786631346,9.67220589518547,0.42514794040471315,0.08,0.35,0.05,0.45,1.2,32.77289988156408,861405.242855059,861405.253432562
518,eye0,pmrnet,loop,22.976839914917946,0.02,0.5025089485570788,9.448152966797352,0.8527160389348865,0.08,0.35,0.05,0.45,1.2,35.93021786920726,861405.253629063,861405.264432905
520,eye0,pmrnet,loop,12.020113063044846,0.02,0.37573801819235086,3.328994964249432,0.23654696997255087,0.08,0.35,0.05,0.45,1.2,18.11139301545918,861405.26567365,861405.269615202
521,eye0,pmrnet,loop,11.261507053859532,0.02,0.37526595406234264,3.218483063392341,0.20450004376471043,0.08,0.35,0.05,0.45,1.2,17.209756115078925,861405.273127111,861405.2769256
522,eye0,pmrnet,loop,11.109690996818244,0.02,0.34798693377524614,3.149035037495196,0.20693300757557154,0.08,0.35,0.05,0.45,1.2,16.963645975664257,861405.281138684,861405.284842858
523,eye0,pmrnet,loop,10.996158001944423,0.02,0.3143390640616417,3.146869014017284,0.2064029686152935,0.08,0.35,0.05,0.45,1.2,16.81376904863864,861405.289130474,861405.292798304
524,eye0,pmrnet,loop,12.042724061757326,0.02,0.3127260133624077,3.370220074430108,1.1025909334421158,0.08,0.35,0.05,0.45,1.2,18.978261082991956,861405.297127252,861405.301913132
525,eye0,pmrnet,loop,11.441725073382258,0.02,0.403617974370718,3.376084961928427,0.46281004324555397,0.08,0.35,0.05,0.45,1.2,17.834238052926956,861405.305138989,861405.309381739
526,eye0,pmrnet,loop,11.106436024419963,0.02,0.35728595685213804,3.334148903377354,0.22287608589977026,0.08,0.35,0.05,0.45,1.2,17.170746970549224,861405.313200999,861405.317115538
527,eye0,pmrnet,loop,10.889373952522874,0.02,0.3551710397005081,3.201856976374984,0.2128389896824956,0.08,0.35,0.05,0.45,1.2,16.80924095828086,861405.321197258,861405.324967394
528,eye0,pmrnet,loop,10.978359030559659,0.02,0.3575549926608801,3.306513070128858,0.23145892191678286,0.08,0.35,0.05,0.45,1.2,17.02388601526618,861405.329229605,861405.33312546
529,eye0,pmrnet,loop,10.789658059366047,0.02,0.35929400473833084,3.2419050112366676,0.21578907035291195,0.08,0.35,0.05,0.45,1.2,16.756646145693956,861405.337188436,861405.341005692
530,eye0,pmrnet,loop,10.577543987892568,0.02,0.34799298737198114,3.1719199614599347,0.21496601402759552,0.08,0.35,0.05,0.45,1.2,16.462422950752078,861405.345127482,861405.348862614
531,eye0,pmrnet,loop,21.896007005125284,0.02,0.4211679333820939,9.700963972136378,0.889074057340622,0.08,0.35,0.05,0.45,1.2,35.05721296798438,861405.357238057,861405.368249694
532,eye0,pmrnet,loop,18.989178934134543,0.02,0.49195706378668547,3.656696993857622,0.22178096696734428,0.08,0.35,0.05,0.45,1.2,25.509613958746193,861405.36904135,861405.37341214
533,eye0,pmrnet,loop,15.236163046211004,0.02,0.3703320398926735,3.4142930526286364,0.40759099647402763,0.08,0.35,0.05,0.45,1.2,21.57837913520634,861405.373535816,861405.377728287
534,eye0,pmrnet,loop,15.948791056871414,0.02,0.31735701486468315,4.28999902214855,0.79356599599123,0.08,0.35,0.05,0.45,1.2,23.499713089875875,861405.381108544,861405.38650974
535,eye0,pmrnet,loop,22.148228948935866,0.02,0.47071906737983227,9.964043041691184,1.2045350158587098,0.08,0.35,0.05,0.45,1.2,35.93752607386559,861405.389137907,861405.40077767
536,eye0,pmrnet,loop,18.358242930844426,0.02,0.47398393508046865,3.4226569114252925,0.22076989989727736,0.08,0.35,0.05,0.45,1.2,24.625653677247463,861405.400940573,861405.405058372
504,eye1,pmrnet,loop,16.37097494676709,0.02,0.5679129390046,3.8978869561105967,0.3892699023708701,0.08,0.35,0.05,0.45,1.2,23.376044744253157,861405.164968246,861405.169823697
505,eye1,pmrnet,loop,15.763152041472495,0.02,0.37590297870337963,3.345277043990791,0.4221330164000392,0.08,0.35,0.05,0.45,1.2,22.056465080566703,861405.173141287,861405.177284891
506,eye1,pmrnet,loop,17.050245078280568,0.02,0.3127140225842595,3.573969006538391,1.2341529363766313,0.08,0.35,0.05,0.45,1.2,24.32108104377985,861405.181520161,861405.186641268
507,eye1,pmrnet,loop,15.826892922632396,0.02,0.3310540923848748,3.7149270065128803,0.34080701880156994,0.08,0.35,0.05,0.45,1.2,22.36368104033172,861405.18909997,861405.193486985
508,eye1,pmrnet,loop,15.415315981954336,0.02,0.34614093601703644,3.212873009033501,0.4717310657724738,0.08,0.35,0.05,0.45,1.2,21.596060992777346,861405.197113221,861405.201144214
509,eye1,pmrnet,loop,18.478597048670053,0.02,0.47623703721910715,5.983003997243941,0.6424390012398362,0.08,0.35,0.05,0.45,1.2,27.730277084372936,861405.205174389,861405.212276389
510,eye1,pmrnet,loop,15.003244974650443,0.02,0.33209705725312233,3.179068909958005,0.2190149389207363,0.08,0.35,0.05,0.45,1.2,20.883425880782305,861405.213139715,861405.216870165
511,eye1,pmrnet,loop,14.922525035217404,0.02,0.32822100911289454,3.2058650394901633,0.2182930475100875,0.08,0.35,0.05,0.45,1.2,20.82490413133055,861405.221105773,861405.224858407
512,eye1,pmrnet,loop,18.771357950754464,0.02,0.5011539906263351,6.897954037413001,0.23279106244444847,0.08,0.35,0.05,0.45,1.2,28.553257041238247,861405.229143942,861405.236776152
513,eye1,pmrnet,loop,15.96922695171088,0.02,0.3316490910947323,3.678090055473149,0.9264360414817929,0.08,0.35,0.05,0.45,1.2,23.055402139760552,861405.237106512,861405.242042972
514,eye1,pmrnet,loop,15.80309506971389,0.02,0.3334120847284794,3.7318109534680843,0.731018022634089,0.08,0.35,0.05,0.45,1.2,22.749336130544542,861405.245149233,861405.249945743
515,eye1,pmrnet,loop,15.289489063434303,0.02,0.39629999082535505,3.5406829556450248,0.4213489592075348,0.08,0.35,0.05,0.45,1.2,21.797820969112216,861405.253142871,861405.257501439
516,eye1,pmrnet,loop,15.060762991197407,0.02,0.3597328905016184,3.3274820307269692,0.5377460038289428,0.08,0.35,0.05,0.45,1.2,21.435723916254936,861405.261116196,861405.265341431
517,eye1,pmrnet,loop,17.19612895976752,0.02,0.5111349746584892,4.419306060299277,1.4450319577008486,0.08,0.35,0.05,0.45,1.2,25.721601952426134,861405.269170376,861405.27554618
518,eye1,pmrnet,loop,14.485148014500737,0.02,0.34973991569131613,3.1831510132178664,0.21227693650871515,0.08,0.35,0.05,0.45,1.2,20.380315879918633,861405.277158852,861405.280904232
519,eye1,pmrnet,loop,14.407093985937536,0.02,0.34670799504965544,3.1505589140579104,0.21136796567589045,0.08,0.35,0.05,0.45,1.2,20.26572886072099,861405.285186366,861405.288895231
520,eye1,pmrnet,loop,19.38621001318097,0.02,0.46268594451248646,7.6614030404016376,0.6326299626380205,0.08,0.35,0.05,0.45,1.2,30.292928960733114,861405.293186414,861405.301943564
521,eye1,pmrnet,loop,17.464044969528913,0.02,0.4814730491489172,4.753282992169261,0.7705680327489972,0.08,0.35,0.05,0.45,1.2,25.619369043596087,861405.302085043,861405.308090784
522,eye1,pmrnet,loop,14.203116996213794,0.02,0.319367041811347,3.238831995986402,0.21456799004226923,0.08,0.35,0.05,0.45,1.2,20.12588402405381,861405.309126286,861405.312899286
523,eye1,pmrnet,loop,14.172822004184127,0.02,0.35660003777593374,3.1758249970152974,0.21274597384035587,0.08,0.35,0.05,0.45,1.2,20.067993012815712,861405.31719247,861405.320937881
524,eye1,pmrnet,loop,14.006693032570183,0.02,0.338234007358551,3.1627259450033307,0.2110890345647931,0.08,0.35,0.05,0.45,1.2,19.868742019496857,861405.325128512,861405.328840825
525,eye1,pmrnet,loop,16.332514001987875,0.02,0.3514690324664116,4.366741981357336,1.3690709602087736,0.08,0.35,0.05,0.45,1.2,24.569795976020394,861405.333148098,861405.339235622
526,eye1,pmrnet,loop,14.059628010727465,0.02,0.34308992326259613,3.2306358916684985,0.22421195171773434,0.08,0.35,0.05,0.45,1.2,20.007565777376293,861405.341233518,861405.345031687
527,eye1,pmrnet,loop,13.915383024141192,0.02,0.3900020383298397,3.2164910808205605,0.21842995192855597,0.08,0.35,0.05,0.45,1.2,19.890306095220147,861405.349131285,861405.352956475
528,eye1,pmrnet,loop,14.386115013621747,0.02,0.42866403236985207,3.4119009505957365,0.4171889740973711,0.08,0.35,0.05,0.45,1.2,20.793868970684706,861405.357238099,861405.36149615
529,eye1,pmrnet,loop,14.311315026134253,0.02,0.40540890768170357,3.329928033053875,0.63826993573457,0.08,0.35,0.05,0.45,1.2,20.8349219026044,861405.365116483,861405.369490325
530,eye1,pmrnet,loop,16.75477100070566,0.02,0.36509602796286345,6.204882985912263,0.21774100605398417,0.08,0.35,0.05,0.45,1.2,25.69249102063477,861405.373211195,861405.379999195
531,eye1,pmrnet,loop,15.278319013305008,0.02,0.32349699176847935,4.816959029994905,0.3441979642957449,0.08,0.35,0.05,0.45,1.2,22.912972999364136,861405.381110303,861405.386595208
532,eye1,pmrnet,loop,16.082425019703805,0.02,0.3447610652074218,5.53295505233109,0.47518208157271147,0.08,0.35,0.05,0.45,1.2,24.585323218815027,861405.389114664,861405.395467899
533,eye1,pmrnet,loop,13.736083055846393,0.02,0.47161802649497986,3.316593007184565,0.24121592286974192,0.08,0.35,0.05,0.45,1.2,19.91551001239568,861405.397161242,861405.401190911
534,eye1,pmrnet,loop,20.809148903936148,0.02,0.49964303616434336,10.043403948657215,0.5970229394733906,0.08,0.35,0.05,0.45,1.2,34.0992188282311,861405.405192267,861405.416332747
535,eye1,pmrnet,loop,16.744942986406386,0.02,0.383961945772171,3.2568799797445536,0.21858606487512589,0.08,0.35,0.05,0.45,1.2,22.754370976798235,861405.416477951,861405.420337685
536,eye1,pmrnet,loop,21.15297701675445,0.02,0.46807294711470604,10.093533084727824,1.0998800862580538,0.08,0.35,0.05,0.45,1.2,34.96446313485503,861405.421152258,861405.432814151
537,eye1,pmrnet,loop,22.250529029406607,0.02,0.5007489817216992,8.269357029348612,0.2144010504707694,0.08,0.35,0.05,0.45,1.2,33.38503609094769,861405.43299678,861405.441981635
538,eye1,pmrnet,loop,18.821637029759586,0.02,0.3097079461440444,3.329703933559358,0.5014890339225531,0.08,0.35,0.05,0.45,1.2,25.11253794338554,861405.442480605,861405.446621725
539,eye1,pmrnet,loop,15.169985010288656,0.02,0.3318160306662321,3.5819229669868946,0.401928904466331,0.08,0.35,0.05,0.45,1.2,21.635652912408112,861405.446723032,861405.451038922
540,eye1,pmrnet,loop,13.099632924422622,0.02,0.388519954867661,3.1444369815289974,0.3270119195804,0.08,0.35,0.05,0.45,1.2,19.10960178039968,861405.453177213,861405.457037392
541,eye1,pmrnet,loop,18.843219964765012,0.02,0.3490889212116599,8.900744025595486,0.4741259617730975,0.08,0.35,0.05,0.45,1.2,30.717178873345254,861405.461125926,861405.470850172
542,eye1,pmrnet,loop,18.806935055181384,0.02,3.306897939182818,3.432934987358749,0.3212390001863241,0.08,0.35,0.05,0.45,1.2,28.018006981909274,861405.471821647,861405.478883
543,eye1,pmrnet,loop,15.397235983982682,0.02,0.33054803498089314,3.4941770136356354,0.7280450081452727,0.08,0.35,0.05,0.45,1.2,22.100006040744482,861405.478989282,861405.483542279
544,eye1,pmrnet,loop,13.452187995426357,0.02,0.35520701203495264,3.699473920278251,0.41147402953356504,0.08,0.35,0.05,0.45,1.2,20.068342957273124,861405.485199877,861405.489666291
545,eye1,pmrnet,loop,18.26267095748335,0.02,0.35286403726786375,8.8023969437927,0.20125904120504856,0.08,0.35,0.05,0.45,1.2,29.769190979748963,861405.493188537,861405.502545312
546,eye1,pmrnet,loop,15.566220972687006,0.02,0.3892120439559221,4.441254073753953,0.41754497215151787,0.08,0.35,0.05,0.45,1.2,22.964232062548398,861405.502669261,861405.507917591
547,eye1,pmrnet,loop,15.310922055505216,0.02,0.4801310133188963,5.095503060147166,0.9328449377790093,0.08,0.35,0.05,0.45,1.2,23.969401066750287,861405.509223203,861405.515732048
548,eye1,pmrnet,loop,12.604687013663352,0.02,0.34752802457660437,3.1427749199792743,0.3872249508276582,0.08,0.35,0.05,0.45,1.2,18.632214909046887,861405.517217024,861405.521094834
549,eye1,pmrnet,loop,12.685518944635987,0.02,0.33093406818807125,3.346548997797072,0.3929130034521222,0.08,0.35,0.05,0.45,1.2,18.90591501407325,861405.525173978,861405.529244624
550,eye1,pmrnet,loop,18.849781015887856,0.02,0.4756819689646363,9.337471099570394,0.43157103937119246,0.08,0.35,0.05,0.45,1.2,31.244505123794077,861405.533231986,861405.543477153
551,eye1,pmrnet,loop,21.062571089714766,0.02,0.5280189216136932,9.155047009699047,0.4257060354575515,0.08,0.35,0.05,0.45,1.2,33.32134305648506,861405.54364996,861405.553759132
552,eye1,pmrnet,loop,26.37591992970556,0.02,0.4071940202265978,9.983279975131154,1.1087760794907808,0.08,0.35,0.05,0.45,1.2,40.02517000455409,861405.555642265,861405.567141948
554,eye1,pmrnet,loop,15.801116940565407,0.02,1.5488279750570655,3.4641469828784466,0.4373179981485009,0.08,0.35,0.05,0.45,1.2,23.40140989664942,861405.567254581,861405.572705136
537,eye0,pmrnet,loop,21.48446801584214,0.02,0.4770079394802451,8.892435929737985,0.7259619887918234,0.08,0.35,0.05,0.45,1.2,33.72987387385219,861405.406157671,861405.416253414
538,eye0,pmrnet,loop,25.607154006138444,0.02,3.7764939479529858,7.867765030823648,0.4392110276967287,0.08,0.35,0.05,0.45,1.2,39.840624012611805,861405.416360959,861405.428444774
540,eye0,pmrnet,loop,14.77952697314322,0.02,0.5219570593908429,3.6942799342796206,0.2246600342914462,0.08,0.35,0.05,0.45,1.2,21.37042400110513,861405.42931417,861405.433755417
541,eye0,pmrnet,loop,14.099885942414403,0.02,0.37669006269425154,3.2358079915866256,0.39387401193380356,0.08,0.35,0.05,0.45,1.2,20.256258008629082,861405.437138403,861405.44114502
542,eye0,pmrnet,loop,21.085907006636262,0.02,0.4800559254363179,9.677001042291522,0.8547479519620538,0.08,0.35,0.05,0.45,1.2,34.247711926326154,861405.445187182,861405.456199443
543,eye0,pmrnet,loop,24.190757074393332,0.02,0.46397303231060505,9.353499975986779,0.46661205124109983,0.08,0.35,0.05,0.45,1.2,36.624842133931814,861405.457088724,861405.467373261
544,eye0,pmrnet,loop,22.716427105478942,0.02,0.4561630776152015,5.763338995166123,0.2191769890487194,0.08,0.35,0.05,0.45,1.2,31.305106167308985,861405.467529214,861405.473968255
545,eye0,pmrnet,loop,25.041364948265254,0.02,0.47853298019617796,8.111048024147749,0.21322397515177727,0.08,0.35,0.05,0.45,1.2,35.99416992776096,861405.475559217,861405.484362401
546,eye0,pmrnet,loop,22.22650102339685,0.02,0.33063103910535574,3.764261957257986,1.0502160293981433,0.08,0.35,0.05,0.45,1.2,29.521610049158333,861405.484471251,861405.489616599
547,eye0,pmrnet,loop,17.981627956032753,0.02,0.35527499858289957,3.132958081550896,0.2260309411212802,0.08,0.35,0.05,0.45,1.2,23.845891977287828,861405.489726104,861405.493440634
548,eye0,pmrnet,loop,18.865065067075193,0.02,0.31545397359877825,7.53534899558872,0.5429909797385335,0.08,0.35,0.05,0.45,1.2,29.408859016001223,861405.493998254,861405.502392404
549,eye0,pmrnet,loop,21.27569995354861,0.02,0.4957320634275675,9.32183803524822,0.4992779577150941,0.08,0.35,0.05,0.45,1.2,33.74254800993949,861405.502554896,861405.512872216
550,eye0,pmrnet,loop,24.640011019073427,0.02,0.666265026666224,9.244567016139627,0.36364595871418715,0.08,0.35,0.05,0.45,1.2,37.06448902059346,861405.514030769,861405.524305727
551,eye0,pmrnet,loop,26.86610899399966,0.02,0.45539706479758024,9.266120963729918,0.41590689215809107,0.08,0.35,0.05,0.45,1.2,39.15353391468525,861405.524463288,861405.534601174
553,eye0,pmrnet,loop,21.380788064561784,0.02,0.4188499879091978,7.929681101813912,0.4984430270269513,0.08,0.35,0.05,0.45,1.2,32.377762181311844,861405.536405918,861405.545253372
554,eye0,pmrnet,loop,23.499969975091517,0.02,0.45652699191123247,9.208017028868198,0.362665974535048,0.08,0.35,0.05,0.45,1.2,35.677179970405994,861405.545413829,861405.555441506
555,eye0,pmrnet,loop,22.84587500616908,0.02,2.3661679588258266,3.3269530395045877,0.37486793007701635,0.08,0.35,0.05,0.45,1.2,31.06386393457651,861405.556788657,861405.562856911
556,eye0,pmrnet,loop,19.020283012650907,0.02,0.3641890361905098,3.4361049765720963,0.33394398633390665,0.08,0.35,0.05,0.45,1.2,25.30452101174742,861405.562965899,861405.567100402
557,eye0,pmrnet,loop,16.482374048791826,0.02,0.3510260721668601,3.6988708889111876,1.3835630379617214,0.08,0.35,0.05,0.45,1.2,24.065834047831594,861405.56719777,861405.572631482
558,eye0,pmrnet,loop,20.258179982192814,0.02,0.6526239449158311,9.521206025965512,0.4454399459064007,0.08,0.35,0.05,0.45,1.2,33.02744989898056,861405.573855821,861405.584475508
559,eye0,pmrnet,loop,21.603561006486416,0.02,0.4908990813419223,8.330345968715847,0.4204560536891222,0.08,0.35,0.05,0.45,1.2,32.995262110233305,861405.584648459,861405.593890588
560,eye0,pmrnet,loop,25.153961032629013,0.02,0.47905801329761744,9.91397793404758,0.6201019277796149,0.08,0.35,0.05,0.45,1.2,38.317098907753824,861405.594495983,861405.605509545
562,eye0,pmrnet,loop,20.218222052790225,0.02,0.4984489642083645,9.940530988387764,0.5972670624032617,0.08,0.35,0.05,0.45,1.2,33.40446906778962,861405.605675269,861405.616711979
563,eye0,pmrnet,loop,23.305285954847932,0.02,0.48637110739946365,9.438807028345764,0.398766016587615,0.08,0.35,0.05,0.45,1.2,35.77923010718077,861405.617543974,861405.627868346
564,eye0,pmrnet,loop,19.83551401644945,0.02,0.4152669571340084,3.6265270318835974,0.4575500497594476,0.08,0.35,0.05,0.45,1.2,26.484858055226503,861405.627967763,861405.632467424
565,eye0,pmrnet,loop,16.322431969456375,0.02,0.32463809475302696,3.407903015613556,0.7171190809458494,0.08,0.35,0.05,0.45,1.2,22.922092160768806,861405.63257322,861405.637023127
566,eye0,pmrnet,loop,19.143184064887464,0.02,0.5016250070184469,9.34876303654164,0.3519929014146328,0.08,0.35,0.05,0.45,1.2,31.495565009862183,861405.637710068,861405.647912963
567,eye0,pmrnet,loop,18.66136898752302,0.02,0.6019070278853178,6.608895026147366,0.2150960499420762,0.08,0.35,0.05,0.45,1.2,28.237267091497777,861405.648074189,861405.65550045
568,eye0,pmrnet,loop,16.168133937753737,0.02,0.3317550290375948,3.670765901915729,1.1320279445499182,0.08,0.35,0.05,0.45,1.2,23.452682813256978,861405.655941492,861405.661076239
569,eye0,pmrnet,loop,11.848474037833512,0.02,0.3332799533382058,3.1063540372997522,0.2041519619524479,0.08,0.35,0.05,0.45,1.2,17.642259990423916,861405.661181626,861405.664825642
570,eye0,pmrnet,loop,14.981298008933663,0.02,1.9813610706478357,4.335928941145539,0.5770769203081727,0.08,0.35,0.05,0.45,1.2,24.02566494103521,861405.669132601,861405.676027188
571,eye0,pmrnet,loop,18.451895099133253,0.02,0.47083303797990084,9.44187690038234,0.4734240937978029,0.08,0.35,0.05,0.45,1.2,30.988029131293295,861405.677180167,861405.687566727
572,eye0,pmrnet,loop,17.067568958736956,0.02,1.2624070513993502,5.047457991167903,0.21650700364261866,0.08,0.35,0.05,0.45,1.2,25.743941004946826,861405.687724866,861405.694251598
573,eye0,pmrnet,loop,16.60704193636775,0.02,0.3243720857426524,6.247501936741173,0.6067570066079497,0.08,0.35,0.05,0.45,1.2,25.935672965459524,861405.694681324,861405.701860168
574,eye0,pmrnet,loop,12.646813062019646,0.02,0.37913897540420294,3.191665979102254,0.42516610119491816,0.08,0.35,0.05,0.45,1.2,18.79278411772102,861405.701972381,861405.705968623
575,eye0,pmrnet,loop,11.706196004524827,0.02,0.35668397322297096,3.170544980093837,0.40139094926416874,0.08,0.35,0.05,0.45,1.2,17.784815907105802,861405.709169453,861405.713098379
576,eye0,pmrnet,loop,16.42841997090727,0.02,0.47909305430948734,8.00795794930309,0.21951203234493732,0.08,0.35,0.05,0.45,1.2,27.284983006864785,861405.717182636,861405.72588954
577,eye0,pmrnet,loop,12.294171960093081,0.02,0.36381103564053774,3.2572430791333318,0.21294609177857637,0.08,0.35,0.05,0.45,1.2,18.278172166645525,861405.725990014,861405.729824217
578,eye0,pmrnet,loop,17.92696095071733,0.02,0.48658798914402723,9.417347959242761,0.4699330311268568,0.08,0.35,0.05,0.45,1.2,30.450829930230974,861405.733151129,861405.743525443
579,eye0,pmrnet,loop,18.734014010988176,0.02,0.5282160127535462,7.765906979329884,0.40987308602780104,0.08,0.35,0.05,0.45,1.2,29.588010089099406,861405.743697833,861405.752402157
580,eye0,pmrnet,loop,22.220156039111316,0.02,1.1218689614906907,9.283411083742976,0.33277401234954596,0.08,0.35,0.05,0.45,1.2,35.10821009669453,861405.753218343,861405.763956834
581,eye0,pmrnet,loop,24.64175794739276,0.02,1.0626930743455887,9.047781000845134,0.21816010121256113,0.08,0.35,0.05,0.45,1.2,37.120392123796044,861405.764118727,861405.774447679
583,eye0,pmrnet,loop,13.042452977970243,0.02,0.3442040178924799,3.2942959805950522,0.41892100125551224,0.08,0.35,0.05,0.45,1.2,19.249873977713285,861405.774929009,861405.778986627
584,eye0,pmrnet,loop,17.754484084434807,0.02,0.8934779325500131,9.345885016955435,0.35982299596071243,0.08,0.35,0.05,0.45,1.2,30.503670029900967,861405.781167537,861405.79176721
585,eye0,pmrnet,loop,21.682067890651524,0.02,0.4914769669994712,10.188046027906239,0.6485619815066457,0.08,0.35,0.05,0.45,1.2,35.16015286706388,861405.792435215,861405.803763749
586,eye0,pmrnet,loop,22.982614929787815,0.02,0.4639819962903857,7.93105608318001,0.813337042927742,0.08,0.35,0.05,0.45,1.2,34.34099005218595,861405.803924915,861405.813133675
588,eye0,pmrnet,loop,11.064329068176448,0.02,0.3502939362078905,3.1613929895684123,0.22802897728979588,0.08,0.35,0.05,0.45,1.2,16.954044971242546,861405.813613451,861405.817353391
589,eye0,pmrnet,loop,15.871472074650228,0.02,0.3609759733080864,4.386267042718828,0.33144804183393717,0.08,0.35,0.05,0.45,1.2,23.100163132511078,861405.825150623,861405.830229555
590,eye0,pmrnet,loop,21.100325975567102,0.02,0.49808004405349493,9.487964096479118,0.36530999932438135,0.08,0.35,0.05,0.45,1.2,33.6016801154241,861405.833175511,861405.843527278
591,eye0,pmrnet,loop,18.97990598808974,0.02,0.46205706894397736,4.901088075712323,0.47016399912536144,0.08,0.35,0.05,0.45,1.2,26.9632151318714,861405.843642329,861405.849475897
555,eye1,pmrnet,loop,19.56663397140801,0.02,0.5005120765417814,9.481246932409704,0.43959508184343576,0.08,0.35,0.05,0.45,1.2,32.13798806220293,861405.574117361,861405.584539151
556,eye1,pmrnet,loop,19.72579804714769,0.02,0.48857403453439474,7.191753014922142,0.3829720662906766,0.08,0.35,0.05,0.45,1.2,29.939097162894903,861405.584704254,861405.592767921
557,eye1,pmrnet,loop,20.9885579533875,0.02,0.49436301924288273,7.466259994544089,0.5602919263765216,0.08,0.35,0.05,0.45,1.2,31.65947289355099,861405.59357794,861405.602099214
558,eye1,pmrnet,loop,16.68700994923711,0.02,0.30920992139726877,3.1346019823104143,0.19790895748883486,0.08,0.35,0.05,0.45,1.2,22.478730810433625,861405.602224868,861405.605866796
559,eye1,pmrnet,loop,12.797657982446253,0.02,0.367402913980186,3.1654679914936423,0.519575085490942,0.08,0.35,0.05,0.45,1.2,19.000103973411022,861405.605993849,861405.610046567
560,eye1,pmrnet,loop,18.042952986434102,0.02,0.45820395462214947,9.410988073796034,0.3366830060258508,0.08,0.35,0.05,0.45,1.2,30.398828020878135,861405.613155627,861405.623361974
561,eye1,pmrnet,loop,17.534634098410606,0.02,0.3680440131574869,6.09165895730257,0.9933699620887637,0.08,0.35,0.05,0.45,1.2,27.137707030959426,861405.623469131,861405.630922486
562,eye1,pmrnet,loop,20.4453959595412,0.02,0.4661550046876073,9.378276066854596,0.4698829725384712,0.08,0.35,0.05,0.45,1.2,32.909710003621875,861405.631586795,861405.64190156
563,eye1,pmrnet,loop,17.115446040406823,0.02,0.4772139945998788,3.6976500414311886,0.3829479683190584,0.08,0.35,0.05,0.45,1.2,23.823258044756948,861405.642083292,861405.646641476
564,eye1,pmrnet,loop,15.634292969480157,0.02,0.3203010419383645,3.319266950711608,0.4062670050188899,0.08,0.35,0.05,0.45,1.2,21.830127967149018,861405.649183271,861405.653229344
565,eye1,pmrnet,loop,15.488636097870767,0.02,0.31480309553444386,3.3795899944379926,0.3376629902049899,0.08,0.35,0.05,0.45,1.2,21.670692178048192,861405.657120267,861405.661152694
566,eye1,pmrnet,loop,15.131250955164433,0.02,0.3296519862487912,3.1871889950707555,0.21406891755759716,0.08,0.35,0.05,0.45,1.2,21.012160854041575,861405.665133199,861405.668864304
567,eye1,pmrnet,loop,15.353398979641497,0.02,0.34340203274041414,3.4551650751382113,0.22211798932403326,0.08,0.35,0.05,0.45,1.2,21.524084076844154,861405.673134554,861405.677155504
568,eye1,pmrnet,loop,18.886181991547346,0.02,0.46730798203498125,6.896617007441819,0.1879920018836856,0.08,0.35,0.05,0.45,1.2,28.58809898290783,861405.68120488,861405.688757113
569,eye1,pmrnet,loop,16.00675703957677,0.02,0.3377649700269103,3.6520649446174502,0.7976300548762083,0.08,0.35,0.05,0.45,1.2,22.944217009097336,861405.689159144,861405.693946852
570,eye1,pmrnet,loop,21.27591602038592,0.02,0.4649120382964611,9.298179065808654,0.34960906486958265,0.08,0.35,0.05,0.45,1.2,33.538616189360624,861405.69717085,861405.707284018
571,eye1,pmrnet,loop,21.85546502005309,0.02,0.48700696788728237,7.452877005562186,0.5296299932524562,0.08,0.35,0.05,0.45,1.2,32.47497898675501,861405.70746348,861405.715933426
572,eye1,pmrnet,loop,18.78209598362446,0.02,0.31063391361385584,3.5092199686914682,0.42592198587954044,0.08,0.35,0.05,0.45,1.2,25.17787185180932,861405.716683185,861405.720929223
573,eye1,pmrnet,loop,15.151216997765005,0.02,0.32274704426527023,3.406494972296059,0.421290984377265,0.08,0.35,0.05,0.45,1.2,21.451749998703598,861405.721216597,861405.7253674
574,eye1,pmrnet,loop,15.183518989942968,0.02,0.3462160238996148,3.6349950823932886,0.2366689732298255,0.08,0.35,0.05,0.45,1.2,21.551399069465695,861405.729250297,861405.733468433
575,eye1,pmrnet,loop,20.6520949723199,0.02,0.49540901090949774,8.748185937292874,0.5280659534037113,0.08,0.35,0.05,0.45,1.2,32.57375587392598,861405.73723404,861405.74700607
576,eye1,pmrnet,loop,16.911025973968208,0.02,0.321374973282218,3.511265036650002,0.38814393337816,0.08,0.35,0.05,0.45,1.2,23.281809917278586,861405.747113021,861405.75133405
577,eye1,pmrnet,loop,20.917285000905395,0.02,0.47038006596267223,9.316439041867852,0.3766929730772972,0.08,0.35,0.05,0.45,1.2,33.23079708181322,861405.75324548,861405.763409363
578,eye1,pmrnet,loop,17.506828997284174,0.02,0.35779597237706184,3.5713850520551205,0.6252590101212263,0.08,0.35,0.05,0.45,1.2,24.21126903183758,861405.763513262,861405.768067937
579,eye1,pmrnet,loop,14.289661077782512,0.02,0.31361705623567104,3.2111050095409155,0.19045290537178516,0.08,0.35,0.05,0.45,1.2,20.154836048930882,861405.769204292,861405.772919684
580,eye1,pmrnet,loop,16.475820913910866,0.02,0.46126905363053083,4.647471010684967,0.8328809635713696,0.08,0.35,0.05,0.45,1.2,24.567441941797732,861405.777233034,861405.78317499
581,eye1,pmrnet,loop,14.359235996380448,0.02,0.3322119591757655,3.2649210188537836,0.3942860057577491,0.08,0.35,0.05,0.45,1.2,20.500654980167745,861405.785135536,861405.789127199
582,eye1,pmrnet,loop,17.644925974309444,0.02,0.4516469780355692,6.430065957829356,0.37419493310153484,0.08,0.35,0.05,0.45,1.2,27.050833843275903,861405.793225628,861405.80048187
583,eye1,pmrnet,loop,14.36905306763947,0.02,0.3355339867994189,3.2925839768722653,0.5139909917488694,0.08,0.35,0.05,0.45,1.2,20.661162023060022,861405.801132681,861405.805275082
584,eye1,pmrnet,loop,14.210634981282055,0.02,0.3393359947949648,3.302274039015174,0.3346360754221678,0.08,0.35,0.05,0.45,1.2,20.33688109051436,861405.809209171,861405.813185667
585,eye1,pmrnet,loop,13.861157931387424,0.02,0.3141809720546007,3.2334579154849052,0.21510303486138582,0.08,0.35,0.05,0.45,1.2,19.773899853788315,861405.817142085,861405.820905296
586,eye1,pmrnet,loop,15.048622037284076,0.02,0.3364640288054943,3.7604219978675246,0.9281759848818183,0.08,0.35,0.05,0.45,1.2,22.223684048838912,861405.825136454,861405.830161719
587,eye1,pmrnet,loop,23.998967022635043,0.02,4.027392948046327,9.526545065455139,0.4492780426517129,0.08,0.35,0.05,0.45,1.2,40.15218307878822,861405.83317623,861405.847179977
588,eye1,pmrnet,loop,28.441338101401925,0.02,1.2585889780893922,9.80375800281763,0.5964250303804874,0.08,0.35,0.05,0.45,1.2,42.250110112689434,861405.84803317,861405.859692331
590,eye1,pmrnet,loop,16.287448001094162,0.02,0.492617953568697,3.1750629423186183,0.21152303088456392,0.08,0.35,0.05,0.45,1.2,22.31665192786604,861405.859796883,861405.863676316
591,eye1,pmrnet,loop,16.68784103821963,0.02,0.3912770189344883,6.18214497808367,0.24720095098018646,0.08,0.35,0.05,0.45,1.2,25.658463986217974,861405.865324654,861405.872145535
592,eye1,pmrnet,loop,14.034705003723502,0.02,0.37838693242520094,3.5530889872461557,0.4283880116418004,0.08,0.35,0.05,0.45,1.2,20.544568935036658,861405.873201667,861405.877561777
593,eye1,pmrnet,loop,19.92044097278267,0.02,0.5421109963208437,8.358957944437861,1.3919720659032464,0.08,0.35,0.05,0.45,1.2,32.36348197944462,861405.881223034,861405.891516415
594,eye1,pmrnet,loop,16.406056005507708,0.02,0.3411590587347746,3.235943033359945,0.22809195797890425,0.08,0.35,0.05,0.45,1.2,22.36125005558133,861405.892265754,861405.896071167
595,eye1,pmrnet,loop,20.447788992896676,0.02,0.4869250115007162,9.951828978955746,0.5592299858108163,0.08,0.35,0.05,0.45,1.2,33.59577296916396,861405.897183385,861405.908181721
596,eye1,pmrnet,loop,16.35304605588317,0.02,0.3928079968318343,3.2392300199717283,0.22832700051367283,0.08,0.35,0.05,0.45,1.2,22.363411073200403,861405.908295362,861405.912155966
597,eye1,pmrnet,loop,15.01142408233136,0.02,0.38299604784697294,4.660209058783948,0.6242530653253198,0.08,0.35,0.05,0.45,1.2,22.8288822542876,861405.913215662,861405.918883368
598,eye1,pmrnet,loop,13.587913941591978,0.02,0.3607819089666009,3.521017963066697,0.43936900328844786,0.08,0.35,0.05,0.45,1.2,20.059082816913723,861405.921207475,861405.925528936
599,eye1,pmrnet,loop,13.42309103347361,0.02,0.368952052667737,3.262421931140125,0.666036969050765,0.08,0.35,0.05,0.45,1.2,19.870501986332236,861405.929136401,861405.933434043
600,eye1,pmrnet,loop,15.361828031018376,0.02,0.5390779115259647,5.436882027424872,0.22159202490001917,0.08,0.35,0.05,0.45,1.2,23.70937999486923,861405.937243888,861405.943441853
601,eye1,pmrnet,loop,14.025632990524173,0.02,0.3531880211085081,3.987714066170156,0.7057009497657418,0.08,0.35,0.05,0.45,1.2,21.222236027568577,861405.945127938,861405.950174772
602,eye1,pmrnet,loop,19.719951902516186,0.02,0.49736606888473034,9.430772974155843,0.7942250231280923,0.08,0.35,0.05,0.45,1.2,32.59231596868485,861405.953214591,861405.963937403
603,eye1,pmrnet,loop,21.12647902686149,0.02,1.4516620431095362,7.515541044995189,0.344053958542645,0.08,0.35,0.05,0.45,1.2,32.58773607350886,861405.964101687,861405.973413268
604,eye1,pmrnet,loop,18.62491702195257,0.02,0.34212006721645594,3.572602989152074,1.1788049014285207,0.08,0.35,0.05,0.45,1.2,25.86844497974962,861405.973887167,861405.97898094
605,eye1,pmrnet,loop,15.156736015342176,0.02,0.3530830144882202,3.4409069921821356,0.6961729377508163,0.08,0.35,0.05,0.45,1.2,21.796898959763347,861405.979091241,861405.98358166
592,eye0,pmrnet,loop,15.73930203448981,0.02,0.30887697357684374,3.270423971116543,0.3852350637316704,0.08,0.35,0.05,0.45,1.2,21.853838042914866,861405.850339253,861405.854303988
593,eye0,pmrnet,loop,15.612777089700103,0.02,0.3070450620725751,3.4664630657061934,1.3372109970077872,0.08,0.35,0.05,0.45,1.2,22.873496214486657,861405.857135946,861405.862246894
594,eye0,pmrnet,loop,15.329368994571269,0.02,0.3466139314696193,3.9353009779006243,0.5206740461289883,0.08,0.35,0.05,0.45,1.2,22.2819579500705,861405.865229094,861405.870031925
595,eye0,pmrnet,loop,18.66325899027288,0.02,0.5802779924124479,7.439886103384197,0.22894400171935558,0.08,0.35,0.05,0.45,1.2,29.06236708778888,861405.873185776,861405.881435278
596,eye0,pmrnet,loop,15.207821037620306,0.02,0.3672949969768524,3.5577280214056373,0.5642430623993278,0.08,0.35,0.05,0.45,1.2,21.847087118402122,861405.881559267,861405.886048836
597,eye0,pmrnet,loop,15.121323056519032,0.02,0.34333497751504183,3.272630972787738,1.2667069677263498,0.08,0.35,0.05,0.45,1.2,22.15399597454816,861405.889148465,861405.894031392
598,eye0,pmrnet,loop,14.948262018151581,0.02,0.3092320403084159,3.9818899240344763,0.4942819941788912,0.08,0.35,0.05,0.45,1.2,21.883665976673363,861405.897141708,861405.901927375
599,eye0,pmrnet,loop,15.164103941060603,0.02,0.34687004517763853,3.595425048843026,1.1351979337632656,0.08,0.35,0.05,0.45,1.2,22.39159696884453,861405.905134367,861405.910212184
600,eye0,pmrnet,loop,15.686118975281715,0.02,0.3467239439487457,4.0255580097436905,1.2675859034061432,0.08,0.35,0.05,0.45,1.2,23.475986832380293,861405.913163105,861405.918803233
601,eye0,pmrnet,loop,20.93122701626271,0.02,0.4868520190939307,9.494459023699164,0.9442969458177686,0.08,0.35,0.05,0.45,1.2,34.00683500487357,861405.921190721,861405.93211679
602,eye0,pmrnet,loop,23.431188077665865,0.02,0.4725799662992358,9.328967076726258,0.6099330494180322,0.08,0.35,0.05,0.45,1.2,35.99266817010939,861405.932273753,861405.942685622
603,eye0,pmrnet,loop,24.946566903963685,0.02,1.5660810749977827,6.827027071267366,0.21240301430225372,0.08,0.35,0.05,0.45,1.2,35.70207806453109,861405.943664698,861405.952270526
604,eye0,pmrnet,loop,21.295903017744422,0.02,0.3274790942668915,3.40798101387918,0.5824529798701406,0.08,0.35,0.05,0.45,1.2,27.763816105760633,861405.952370821,861405.95668898
605,eye0,pmrnet,loop,17.2141520306468,0.02,0.3600169438868761,3.1332550570368767,0.3893140237778425,0.08,0.35,0.05,0.45,1.2,23.246738055348395,861405.9567935,861405.96067632
606,eye0,pmrnet,loop,13.76759703271091,0.02,0.3077539149671793,3.41150991152972,0.4015580052509904,0.08,0.35,0.05,0.45,1.2,20.038418864458798,861405.961177424,861405.965298472
607,eye0,pmrnet,loop,13.733602012507617,0.02,0.352904899045825,3.192292992025614,0.6100749596953392,0.08,0.35,0.05,0.45,1.2,20.038874863274394,861405.969178226,861405.973333766
608,eye0,pmrnet,loop,14.953191974200308,0.02,0.32152002677321434,4.121987032704055,1.0165179846808314,0.08,0.35,0.05,0.45,1.2,22.563217018358408,861405.977162046,861405.982622316
609,eye0,pmrnet,loop,14.491350972093642,0.02,0.3131700213998556,4.272995050996542,0.5170219810679555,0.08,0.35,0.05,0.45,1.2,21.744538025557993,861405.985125886,861405.99022932
610,eye0,pmrnet,loop,14.319606008939445,0.02,0.3093560226261616,4.341491032391787,0.3302929690107703,0.08,0.35,0.05,0.45,1.2,21.450746032968162,861405.993145214,861405.998126598
611,eye0,pmrnet,loop,20.111983991228044,0.02,0.5386651027947664,9.487295988947153,0.7817760342732072,0.08,0.35,0.05,0.45,1.2,33.06972111724317,861406.001179328,861406.011987552
612,eye0,pmrnet,loop,22.951493971049786,0.02,0.4797239089384675,9.276001947000623,0.35960099194198847,0.08,0.35,0.05,0.45,1.2,35.21682081893086,861406.012780213,861406.022896006
613,eye0,pmrnet,loop,25.20106197334826,0.02,0.47887093387544155,9.163812035694718,0.49810996279120445,0.08,0.35,0.05,0.45,1.2,37.49185490570962,861406.023073568,861406.033214808
615,eye0,pmrnet,loop,17.07915705628693,0.02,1.2337890220806003,5.832444992847741,0.21686602849513292,0.08,0.35,0.05,0.45,1.2,26.512257099710403,861406.033948457,861406.041231896
616,eye0,pmrnet,loop,20.91599500272423,0.02,1.027774065732956,9.513230063021183,0.7651579799130559,0.08,0.35,0.05,0.45,1.2,34.372157111391424,861406.041830851,861406.053137495
617,eye0,pmrnet,loop,19.490081002004445,0.02,0.4768860526382923,3.963200026191771,1.360062975436449,0.08,0.35,0.05,0.45,1.2,27.440230056270956,861406.053980615,861406.059781117
618,eye0,pmrnet,loop,15.523632988333702,0.02,0.3305469872429967,3.4669999731704593,0.20607304759323597,0.08,0.35,0.05,0.45,1.2,21.677252996340393,861406.059879827,861406.063883739
619,eye0,pmrnet,loop,13.15663498826325,0.02,0.3194409655407071,3.6767239216715097,0.43709692545235157,0.08,0.35,0.05,0.45,1.2,19.739896800927816,861406.065152206,861406.069585713
620,eye0,pmrnet,loop,16.195720061659813,0.02,0.478769070468843,6.456498987972736,0.47227402683347464,0.08,0.35,0.05,0.45,1.2,25.753262146934865,861406.073285295,861406.080693332
621,eye0,pmrnet,loop,13.244996080175042,0.02,0.4826720105484128,3.3484220039099455,0.4139840602874756,0.08,0.35,0.05,0.45,1.2,19.640074154920875,861406.081566504,861406.085811928
622,eye0,pmrnet,loop,19.0561069175601,0.02,0.46127208042889833,9.489902993664145,0.4951690789312124,0.08,0.35,0.05,0.45,1.2,31.652451070584355,861406.089244969,861406.099691755
623,eye0,pmrnet,loop,19.790634978562593,0.02,0.48709602560848,7.253244053572416,0.3392789512872696,0.08,0.35,0.05,0.45,1.2,30.020254009030758,861406.100415552,861406.108495488
624,eye0,pmrnet,loop,16.260204021818936,0.02,0.3228039713576436,3.573470050469041,0.38940191734582186,0.08,0.35,0.05,0.45,1.2,22.69587996099144,861406.108748156,861406.113034081
625,eye0,pmrnet,loop,12.84322899300605,0.02,0.33569999504834414,3.6066160537302494,0.4331259988248348,0.08,0.35,0.05,0.45,1.2,19.368671040609478,861406.113310722,861406.117686428
626,eye0,pmrnet,loop,18.461214960552752,0.02,0.46053703408688307,9.359155897982419,0.35046692937612534,0.08,0.35,0.05,0.45,1.2,30.781374821998178,861406.121202328,861406.131372944
627,eye0,pmrnet,loop,21.247613010928035,0.02,0.6046999478712678,9.649476036429405,0.4428779939189553,0.08,0.35,0.05,0.45,1.2,34.09466698914767,861406.131530566,861406.14222814
628,eye0,pmrnet,loop,24.22639401629567,0.02,0.5827519344165921,9.38615994527936,0.3543960629031062,0.08,0.35,0.05,0.45,1.2,36.69970195889473,861406.142952687,861406.153276436
630,eye0,pmrnet,loop,11.907149106264114,0.02,0.36750698927789927,3.134589991532266,0.21377194207161665,0.08,0.35,0.05,0.45,1.2,17.773018029145895,861406.153378883,861406.157095009
631,eye0,pmrnet,loop,11.916753952391446,0.02,0.3422140143811703,3.1135299941524863,0.5281089106574655,0.08,0.35,0.05,0.45,1.2,18.050606871582566,861406.16118985,861406.165173907
632,eye0,pmrnet,loop,18.227157997898757,0.02,0.47982705291360617,9.445845033042133,0.42677694000303745,0.08,0.35,0.05,0.45,1.2,30.729607023857533,861406.169199742,861406.179552723
633,eye0,pmrnet,loop,21.659855032339692,0.02,1.9578429637476802,8.98666400462389,0.38582191336899996,0.08,0.35,0.05,0.45,1.2,35.14018391408026,861406.179724263,861406.191054998
634,eye0,pmrnet,loop,19.34791507665068,0.02,1.355619984678924,3.2464400865137577,0.2144230529665947,0.08,0.35,0.05,0.45,1.2,26.314398200809954,861406.191995324,861406.196812057
635,eye0,pmrnet,loop,16.052994993515313,0.02,0.3559800097718835,3.6660220939666033,0.6440849974751472,0.08,0.35,0.05,0.45,1.2,22.869082094728945,861406.196919644,861406.201585955
636,eye0,pmrnet,loop,14.997281017713249,0.02,0.33278693445026875,6.0242259642109275,0.5572809604927897,0.08,0.35,0.05,0.45,1.2,24.061574876867233,861406.201684368,861406.208598995
637,eye0,pmrnet,loop,17.768529010936618,0.02,0.46983209904283285,9.284439031034708,0.3601060016080737,0.08,0.35,0.05,0.45,1.2,30.03290614262223,861406.209324313,861406.219439148
638,eye0,pmrnet,loop,17.18544098548591,0.02,3.5504300612956285,3.218561061657965,0.562160974368453,0.08,0.35,0.05,0.45,1.2,26.666593082807957,861406.219593974,861406.22692543
639,eye0,pmrnet,loop,20.39387810509652,0.02,0.4636630183085799,9.581930004060268,0.6459619617089629,0.08,0.35,0.05,0.45,1.2,33.235433089174336,861406.227510484,861406.238202497
640,eye0,pmrnet,loop,23.166504921391606,0.02,0.4998019430786371,9.625745937228203,0.5479969549924135,0.08,0.35,0.05,0.45,1.2,35.99004975669086,861406.238370386,861406.249044379
642,eye0,pmrnet,loop,17.564118024893105,0.02,1.5771130565553904,7.953546941280365,0.41022105142474174,0.08,0.35,0.05,0.45,1.2,29.6549990741536,861406.249638912,861406.259580153
643,eye0,pmrnet,loop,13.57184408698231,0.02,0.34757598768919706,3.2038650242611766,0.4230730701237917,0.08,0.35,0.05,0.45,1.2,19.696358169056474,861406.259682179,861406.263656932
644,eye0,pmrnet,loop,10.86940593086183,0.02,0.32735406421124935,3.214948927052319,0.32973603811115026,0.08,0.35,0.05,0.45,1.2,16.891444960236548,861406.26515109,861406.269023385
606,eye1,pmrnet,loop,13.812871067784727,0.02,0.36320602521300316,4.435808048583567,0.3367100143805146,0.08,0.35,0.05,0.45,1.2,21.09859515596181,861405.985170727,861405.990306708
607,eye1,pmrnet,loop,13.496891944669187,0.02,0.33958989661186934,3.6245660157874227,0.8999020792543888,0.08,0.35,0.05,0.45,1.2,20.510949936322866,861405.993195551,861405.998059852
608,eye1,pmrnet,loop,13.230121927335858,0.02,0.333489035256207,3.5896020708605647,0.7656950037926435,0.08,0.35,0.05,0.45,1.2,20.068908037245272,861406.001173183,861406.005862197
609,eye1,pmrnet,loop,12.571368017233908,0.02,0.3658499335870147,3.461493062786758,0.23993488866835833,0.08,0.35,0.05,0.45,1.2,18.788645902276038,861406.009204703,861406.01327224
610,eye1,pmrnet,loop,12.425250024534762,0.02,0.40147698018699884,3.2498930813744664,0.40437001734972,0.08,0.35,0.05,0.45,1.2,18.630990103445946,861406.017139391,861406.02119538
611,eye1,pmrnet,loop,12.235964997671545,0.02,0.33770804293453693,3.150359960272908,0.3988479729741812,0.08,0.35,0.05,0.45,1.2,18.27288097385317,861406.025187924,861406.029075068
612,eye1,pmrnet,loop,12.988487957045436,0.02,0.3157299943268299,3.653060062788427,0.8019519736990333,0.08,0.35,0.05,0.45,1.2,19.909229987859725,861406.03312535,861406.037896373
613,eye1,pmrnet,loop,12.991762021556497,0.02,0.9383539436385036,3.3524080645292997,0.5046150181442499,0.08,0.35,0.05,0.45,1.2,19.93713904786855,861406.041172998,861406.045968633
614,eye1,pmrnet,loop,12.02422403730452,0.02,0.3088880330324173,3.245700034312904,0.3367919707670808,0.08,0.35,0.05,0.45,1.2,18.06560407541692,861406.049178771,861406.05307036
615,eye1,pmrnet,loop,13.621718040667474,0.02,0.26952498592436314,4.146041930653155,0.7472150027751923,0.08,0.35,0.05,0.45,1.2,20.934499960020183,861406.057573757,861406.062736803
616,eye1,pmrnet,loop,19.021102925762534,0.02,0.479771988466382,9.517537080682814,1.0183629347011447,0.08,0.35,0.05,0.45,1.2,32.186774929612874,861406.065188284,861406.076204398
617,eye1,pmrnet,loop,21.117802942171693,0.02,0.4673560615628958,9.161732043139637,0.36177702713757753,0.08,0.35,0.05,0.45,1.2,33.25866807401181,861406.076378685,861406.086369992
618,eye1,pmrnet,loop,24.323808029294014,0.02,0.6282089743763208,9.362209006212652,0.44803100172430277,0.08,0.35,0.05,0.45,1.2,36.91225701160729,861406.087206412,861406.097645295
620,eye1,pmrnet,loop,18.953738966956735,0.02,1.4793029986321926,8.488288964144886,0.6436309777200222,0.08,0.35,0.05,0.45,1.2,31.714961907453834,861406.097801807,861406.108413399
621,eye1,pmrnet,loop,21.862271009013057,0.02,0.48766296822577715,9.311227942816913,0.3313570050522685,0.08,0.35,0.05,0.45,1.2,34.142518925108014,861406.109260031,861406.119390739
622,eye1,pmrnet,loop,25.299969944171607,0.02,1.6573580214753747,9.237624006345868,0.45063195284456015,0.08,0.35,0.05,0.45,1.2,38.79558392483741,861406.119551475,861406.130897524
623,eye1,pmrnet,loop,24.291694979183376,0.02,0.48021692782640457,4.956114920787513,0.3936520079150796,0.08,0.35,0.05,0.45,1.2,32.27167883571237,861406.132128365,861406.137958708
624,eye1,pmrnet,loop,20.293346024118364,0.02,0.3629049751907587,3.2640269491821527,0.3369511105120182,0.08,0.35,0.05,0.45,1.2,26.407229059003292,861406.138065204,861406.142029304
625,eye1,pmrnet,loop,16.55420591123402,0.02,0.3271519672125578,3.3527719788253307,0.5515360971912742,0.08,0.35,0.05,0.45,1.2,22.935665954463182,861406.14212749,861406.146359191
626,eye1,pmrnet,loop,15.320942038670182,0.02,0.3483480541035533,3.1657289946451783,0.4695659736171365,0.08,0.35,0.05,0.45,1.2,21.45458506103605,861406.149211219,861406.153195079
627,eye1,pmrnet,loop,21.378581994213164,0.02,0.5029140738770366,9.364652913063765,0.21889398340135813,0.08,0.35,0.05,0.45,1.2,33.61504296455533,861406.157234608,861406.167321554
628,eye1,pmrnet,loop,18.220091005787253,0.02,0.47305598855018616,3.5976270446553826,0.6242480594664812,0.08,0.35,0.05,0.45,1.2,25.065022098459302,861406.167537011,861406.172232193
629,eye1,pmrnet,loop,21.794807980768383,0.02,0.46544999349862337,9.690245031379163,0.49057696014642715,0.08,0.35,0.05,0.45,1.2,34.591079965792595,861406.173228634,861406.1838753
630,eye1,pmrnet,loop,24.88893596455455,0.02,0.46725303400307894,9.26125596743077,1.2698969803750515,0.08,0.35,0.05,0.45,1.2,38.03734194636345,861406.18403959,861406.195038458
631,eye1,pmrnet,loop,27.21627103164792,0.02,0.6638389313593507,8.186103077605367,0.5055059446021914,0.08,0.35,0.05,0.45,1.2,38.72171898521483,861406.196079275,861406.205435082
633,eye1,pmrnet,loop,15.289828996174037,0.02,0.36502606235444546,3.31124197691679,0.4241450224071741,0.08,0.35,0.05,0.45,1.2,21.540242057852446,861406.205545762,861406.20964648
634,eye1,pmrnet,loop,15.021719969809055,0.02,0.34275511279702187,3.509426023811102,0.38042606320232153,0.08,0.35,0.05,0.45,1.2,21.4043271696195,861406.213214527,861406.217447345
635,eye1,pmrnet,loop,17.631002003327012,0.02,0.4793319385498762,6.155410083010793,0.21678803022950888,0.08,0.35,0.05,0.45,1.2,26.63253205511719,861406.221274194,861406.228126065
636,eye1,pmrnet,loop,20.434131962247193,0.02,0.4681090358644724,9.044727077707648,0.19652803894132376,0.08,0.35,0.05,0.45,1.2,32.293496114760636,861406.229288193,861406.238997958
637,eye1,pmrnet,loop,23.406176012940705,0.02,0.4964690888300538,9.198555955663323,0.5435870261862874,0.08,0.35,0.05,0.45,1.2,35.79478808362037,861406.239800084,861406.25003905
638,eye1,pmrnet,loop,22.876726929098368,0.02,0.3424449823796749,6.632960983552039,0.4566429415717721,0.08,0.35,0.05,0.45,1.2,32.45877583660185,861406.250145798,861406.257578186
639,eye1,pmrnet,loop,26.313100941479206,0.02,0.4674840020015836,9.302856051363051,0.8771349675953388,0.08,0.35,0.05,0.45,1.2,39.11057596243918,861406.258435614,861406.269083535
641,eye1,pmrnet,loop,20.494863972999156,0.02,0.4846269730478525,9.255941957235336,0.4193399799987674,0.08,0.35,0.05,0.45,1.2,32.80477288328111,861406.269244043,861406.279404407
642,eye1,pmrnet,loop,23.63142801914364,0.02,1.5885320026427507,8.745512110181153,0.18676102627068758,0.08,0.35,0.05,0.45,1.2,36.30223315823823,861406.28008945,861406.290610583
643,eye1,pmrnet,loop,20.821193931624293,0.02,0.32925198320299387,3.3462289720773697,1.4843919780105352,0.08,0.35,0.05,0.45,1.2,28.13106686491519,861406.290709309,861406.295869404
644,eye1,pmrnet,loop,17.06931903026998,0.02,0.33156201243400574,3.281906945630908,0.6010710494592786,0.08,0.35,0.05,0.45,1.2,23.43385903779417,861406.295971521,861406.300186277
645,eye1,pmrnet,loop,14.92368895560503,0.02,0.5178999854251742,3.6798109067603946,0.7457620231434703,0.08,0.35,0.05,0.45,1.2,22.017161870934068,861406.30116579,861406.306109539
646,eye1,pmrnet,loop,14.888689038343728,0.02,0.37502998020499945,4.299780004657805,0.3129789838567376,0.08,0.35,0.05,0.45,1.2,22.026478007063268,861406.309155621,861406.314143637
647,eye1,pmrnet,loop,14.85526910983026,0.02,0.3764079883694649,3.7343710428103805,0.904390006326139,0.08,0.35,0.05,0.45,1.2,22.020438147336243,861406.317163665,861406.322179028
648,eye1,pmrnet,loop,13.788561918772757,0.02,0.346828019246459,3.2660209108144045,0.4111380549147725,0.08,0.35,0.05,0.45,1.2,19.96254890374839,861406.325157524,861406.329181727
649,eye1,pmrnet,loop,13.373257941566408,0.02,0.3265310078859329,3.1768990447744727,0.18962007015943527,0.08,0.35,0.05,0.45,1.2,19.216308064386247,861406.333142056,861406.336835377
650,eye1,pmrnet,loop,13.985838973894715,0.02,0.36522606387734413,3.684920957311988,0.30680198688060045,0.08,0.35,0.05,0.45,1.2,20.492787981964646,861406.341159804,861406.345516971
651,eye1,pmrnet,loop,20.089894998818636,0.02,0.48274698201566935,9.495549951680005,0.45414408668875694,0.08,0.35,0.05,0.45,1.2,32.672336019203065,861406.34925656,861406.359689429
652,eye1,pmrnet,loop,22.841463913209736,0.02,0.4638530081138015,9.661851916462183,0.534036080352962,0.08,0.35,0.05,0.45,1.2,35.65120491813868,861406.359849845,861406.370510017
653,eye1,pmrnet,loop,25.840675923973322,0.02,0.7699939887970686,9.254903998225927,0.311773968860507,0.08,0.35,0.05,0.45,1.2,38.32734787985682,861406.371241018,861406.381578167
655,eye1,pmrnet,loop,20.011399989016354,0.02,0.46153098810464144,9.237037971615791,0.45052694622427225,0.08,0.35,0.05,0.45,1.2,32.31049589496106,861406.381737477,861406.391887017
656,eye1,pmrnet,loop,23.012134013697505,0.02,0.46945398207753897,9.375393041409552,0.4827739903703332,0.08,0.35,0.05,0.45,1.2,35.48975502755493,861406.392628426,861406.402956495
657,eye1,pmrnet,loop,25.498281931504607,0.02,0.4760549636557698,9.389113984070718,0.5219189915806055,0.08,0.35,0.05,0.45,1.2,38.0353698708117,861406.403124104,861406.413511617
659,eye1,pmrnet,loop,14.610814047046006,0.02,0.9419550187885761,3.1326350290328264,0.40641194209456444,0.08,0.35,0.05,0.45,1.2,21.24181603696197,861406.41428168,861406.418762967
660,eye1,pmrnet,loop,13.143112999387085,0.02,0.36439707037061453,3.3820660319179296,0.3682440146803856,0.08,0.35,0.05,0.45,1.2,19.407820116356014,861406.421249208,861406.42536412
645,eye0,pmrnet,loop,15.270591946318746,0.02,0.4804469645023346,7.545441971160471,0.2230729442089796,0.08,0.35,0.05,0.45,1.2,25.66955382619053,861406.273244149,861406.281493568
646,eye0,pmrnet,loop,11.55170297715813,0.02,0.33972004894167185,3.2066580606624484,0.6883799796923995,0.08,0.35,0.05,0.45,1.2,17.936461066454648,861406.281608753,861406.285843753
647,eye0,pmrnet,loop,16.080862027592957,0.02,0.3501949831843376,3.41182597912848,1.4165469910949469,0.08,0.35,0.05,0.45,1.2,23.40942998100072,861406.29326305,861406.298441905
648,eye0,pmrnet,loop,18.265166087076068,0.02,0.6318009691312909,6.550698075443506,0.24329498410224915,0.08,0.35,0.05,0.45,1.2,27.840960115753113,861406.301268485,861406.308694688
649,eye0,pmrnet,loop,15.608781948685646,0.02,0.33348402939736843,3.760803025215864,0.8698829915374517,0.08,0.35,0.05,0.45,1.2,22.72295199483633,861406.309143236,861406.314107666
650,eye0,pmrnet,loop,15.717027941718698,0.02,0.32698106952011585,4.453058005310595,0.3438760759308934,0.08,0.35,0.05,0.45,1.2,22.9909430924803,861406.317160885,861406.32228504
651,eye0,pmrnet,loop,21.257246029563248,0.02,0.3211069852113724,9.663378936238587,0.7537240162491798,0.08,0.35,0.05,0.45,1.2,34.145455967262386,861406.325155142,861406.335893658
652,eye0,pmrnet,loop,22.769474075175822,0.02,1.1210310040041804,7.738155894912779,0.5556209944188595,0.08,0.35,0.05,0.45,1.2,34.33428196851164,861406.336060197,861406.345475369
653,eye0,pmrnet,loop,25.179907912388444,0.02,0.4757640417665243,8.883788017556071,0.40251901373267174,0.08,0.35,0.05,0.45,1.2,37.09197898544371,861406.346192265,861406.355954704
654,eye0,pmrnet,loop,23.534920997917652,0.02,0.45967893674969673,5.12466998770833,0.7065110839903355,0.08,0.35,0.05,0.45,1.2,31.975781006366013,861406.356087817,861406.362378958
655,eye0,pmrnet,loop,20.47053398564458,0.02,0.3390529891476035,3.7096330197528005,0.37942605558782816,0.08,0.35,0.05,0.45,1.2,27.04864605013281,861406.362956154,861406.367384569
656,eye0,pmrnet,loop,16.650174977257848,0.02,0.30693900771439075,3.3041000133380294,0.533577986061573,0.08,0.35,0.05,0.45,1.2,22.94479198437184,861406.367488379,861406.371633233
657,eye0,pmrnet,loop,14.030545018613338,0.02,0.3154489677399397,3.1794720562174916,0.42857101652771235,0.08,0.35,0.05,0.45,1.2,20.10403705909848,861406.373158851,861406.377082542
658,eye0,pmrnet,loop,14.473401010036469,0.02,0.36210694815963507,3.6891798954457045,0.39680395275354385,0.08,0.35,0.05,0.45,1.2,21.07149180639535,861406.381146146,861406.385594478
659,eye0,pmrnet,loop,20.63437702599913,0.02,0.46600308269262314,9.53671510796994,0.6192909786477685,0.08,0.35,0.05,0.45,1.2,33.406386195309466,861406.389201686,861406.399824141
660,eye0,pmrnet,loop,21.981845027767122,0.02,0.4887449322268367,8.36719200015068,0.39848091546446085,0.08,0.35,0.05,0.45,1.2,33.386262875609106,861406.399985764,861406.409240539
661,eye0,pmrnet,loop,25.001430069096386,0.02,0.48476504161953926,9.376923087984324,0.3688620636239648,0.08,0.35,0.05,0.45,1.2,37.38198026232421,861406.410098047,861406.420329121
662,eye0,pmrnet,loop,24.973837891593575,0.02,0.5039890529587865,7.1667160373181105,0.20990404300391674,0.08,0.35,0.05,0.45,1.2,35.00444702487439,861406.420489906,861406.428370916
663,eye0,pmrnet,loop,25.085186935029924,0.02,0.46201201621443033,6.895103957504034,0.21473399829119444,0.08,0.35,0.05,0.45,1.2,34.80703690703958,861406.428979081,861406.436551257
664,eye0,pmrnet,loop,21.69320802204311,0.02,0.3673739265650511,3.7024880293756723,0.5074270302429795,0.08,0.35,0.05,0.45,1.2,28.42049700822681,861406.436650638,861406.441228161
665,eye0,pmrnet,loop,17.708603059872985,0.02,0.34054194111377,3.262185025960207,0.3774999640882015,0.08,0.35,0.05,0.45,1.2,23.838829991035162,861406.441332119,861406.44531258
666,eye0,pmrnet,loop,15.981049044057727,0.02,0.31499401666224003,4.579719970934093,0.9061889722943306,0.08,0.35,0.05,0.45,1.2,23.93195200394839,861406.445852982,861406.451654179
667,eye0,pmrnet,loop,13.714422937482595,0.02,0.3568639513105154,3.4756039967760444,0.4262900911271572,0.08,0.35,0.05,0.45,1.2,20.12318097669631,861406.453197524,861406.457456544
668,eye0,pmrnet,loop,15.898325014859438,0.02,1.911723054945469,3.6834459751844406,0.8210539817810059,0.08,0.35,0.05,0.45,1.2,24.464548026770352,861406.461292681,861406.467709125
669,eye0,pmrnet,loop,16.885202028788626,0.02,0.35396008752286434,7.00016797054559,0.21876697428524494,0.08,0.35,0.05,0.45,1.2,26.608097061142324,861406.469191927,861406.476765086
670,eye0,pmrnet,loop,15.507952077314258,0.02,0.47865603119134903,4.991500987671316,0.7572829490527511,0.08,0.35,0.05,0.45,1.2,23.885392045229672,861406.477229295,861406.483457104
671,eye0,pmrnet,loop,15.111524960957468,0.02,0.4555010236799717,4.150436958298087,1.3323399471119046,0.08,0.35,0.05,0.45,1.2,23.19980289004743,861406.485190967,861406.49112961
672,eye0,pmrnet,loop,19.59150901529938,0.02,0.46313495840877295,9.510783944278955,0.5205899942666292,0.08,0.35,0.05,0.45,1.2,32.236017912253736,861406.493182914,861406.503677865
673,eye0,pmrnet,loop,24.32776102796197,0.02,0.5602550227195024,11.014245916157961,1.0455480078235269,0.08,0.35,0.05,0.45,1.2,39.09780997466296,861406.503862462,861406.516482966
675,eye0,pmrnet,loop,19.637764082290232,0.02,0.5244540516287088,9.506196016445756,0.513058970682323,0.08,0.35,0.05,0.45,1.2,32.33147312104702,861406.517387145,861406.527931319
676,eye0,pmrnet,loop,18.99244694504887,0.02,0.4594250349327922,6.305009941570461,0.47828396782279015,0.08,0.35,0.05,0.45,1.2,28.38516588937491,861406.528112433,861406.53535551
677,eye0,pmrnet,loop,21.879110019654036,0.02,0.46664709225296974,9.364236961118877,0.4242620198056102,0.08,0.35,0.05,0.45,1.2,34.28425609283149,861406.536055578,861406.546311156
678,eye0,pmrnet,loop,21.22520504053682,0.02,2.4746600538492203,4.041024018079042,0.7958259666338563,0.08,0.35,0.05,0.45,1.2,30.68671507909894,861406.546414574,861406.553726322
679,eye0,pmrnet,loop,24.009757093153894,0.02,0.4700899589806795,9.340472053736448,0.36652199923992157,0.08,0.35,0.05,0.45,1.2,36.33684110511094,861406.554401941,861406.564579466
680,eye0,pmrnet,loop,26.403971947729588,0.02,0.49279199447482824,9.457912063226104,0.3524969797581434,0.08,0.35,0.05,0.45,1.2,38.85717298518866,861406.564739262,861406.575042819
682,eye0,pmrnet,loop,16.734702046960592,0.02,0.44149497989565134,4.699768964201212,0.6880670553073287,0.08,0.35,0.05,0.45,1.2,24.714033046364783,861406.575682016,861406.581511602
683,eye0,pmrnet,loop,12.501196004450321,0.02,0.331327086314559,3.1865129712969065,0.21563807968050241,0.08,0.35,0.05,0.45,1.2,18.384674141742288,861406.581613453,861406.585347144
684,eye0,pmrnet,loop,12.04681908711791,0.02,0.32737001311033964,3.1456180149689317,0.21113408729434013,0.08,0.35,0.05,0.45,1.2,17.88094120249152,861406.589277518,861406.592961873
685,eye0,pmrnet,loop,19.608851987868547,0.02,0.3736760700121522,9.48852498549968,0.5013579502701759,0.08,0.35,0.05,0.45,1.2,32.122410993650554,861406.598228465,861406.608592463
686,eye0,pmrnet,loop,22.088223951868713,0.02,0.49277907237410545,9.409580030478537,0.4671280039474368,0.08,0.35,0.05,0.45,1.2,34.60771105866879,861406.608771055,861406.619140999
687,eye0,pmrnet,loop,25.17741604242474,0.02,0.4683899460360408,9.28799295797944,0.6869810167700052,0.08,0.35,0.05,0.45,1.2,37.770779963210224,861406.619855593,861406.630299416
689,eye0,pmrnet,loop,14.521527918986976,0.02,0.5421680398285389,3.40950395911932,1.4278549933806062,0.08,0.35,0.05,0.45,1.2,22.05105491131544,861406.630401762,861406.635781555
690,eye0,pmrnet,loop,11.924942024052143,0.02,0.3764469875022769,3.2045249827206135,0.45323697850108147,0.08,0.35,0.05,0.45,1.2,18.109150972776114,861406.637219551,861406.641254018
691,eye0,pmrnet,loop,12.158346944488585,0.02,0.34895504359155893,3.3831270411610603,0.5758670158684254,0.08,0.35,0.05,0.45,1.2,18.616296045109628,861406.645248215,861406.649556446
692,eye0,pmrnet,loop,11.495021055452526,0.02,0.3409850178286433,3.2007519621402025,0.21085201296955347,0.08,0.35,0.05,0.45,1.2,17.397610048390924,861406.653209259,861406.656962107
693,eye0,pmrnet,loop,17.840535030700266,0.02,0.3493360709398985,9.577885968610644,0.22669800091534853,0.08,0.35,0.05,0.45,1.2,30.144455071166156,861406.661222384,861406.671376585
694,eye0,pmrnet,loop,15.484159928746521,0.02,0.5337090697139502,3.356328932568431,1.2189799454063177,0.08,0.35,0.05,0.45,1.2,22.74317787643522,861406.671980028,861406.677089265
695,eye0,pmrnet,loop,11.197226005606353,0.02,0.3223000094294548,3.13934707082808,0.2115890383720398,0.08,0.35,0.05,0.45,1.2,17.020462124235927,861406.677198815,861406.680872367
696,eye0,pmrnet,loop,11.18737505748868,0.02,0.3518390003591776,3.1481749610975385,0.2099319826811552,0.08,0.35,0.05,0.45,1.2,17.04732100162655,861406.685221207,861406.688931417
697,eye0,pmrnet,loop,11.111173080280423,0.02,0.3347770543769002,3.1427779467776418,0.20916201174259186,0.08,0.35,0.05,0.45,1.2,16.947890093177556,861406.693237367,861406.696924329
661,eye1,pmrnet,loop,13.766321004368365,0.02,0.42344105895608664,3.8610970368608832,0.5104260053485632,0.08,0.35,0.05,0.45,1.2,20.711285105533896,861406.429261204,861406.434056478
662,eye1,pmrnet,loop,19.894959987141192,0.02,0.37003192119300365,10.213837958872318,0.4462089855223894,0.08,0.35,0.05,0.45,1.2,33.0750388527289,861406.437223484,861406.448253951
663,eye1,pmrnet,loop,15.667881001718342,0.02,0.34177000634372234,3.166313050314784,0.2231260295957327,0.08,0.35,0.05,0.45,1.2,21.54909008797258,861406.448364257,861406.452095725
664,eye1,pmrnet,loop,18.786592059768736,0.02,0.48525503370910883,9.270181064493954,0.3317599184811115,0.08,0.35,0.05,0.45,1.2,31.02378807645291,861406.45319552,861406.463283157
665,eye1,pmrnet,loop,22.569902008399367,0.02,1.9008880481123924,9.343230980448425,0.43743301648646593,0.08,0.35,0.05,0.45,1.2,36.40145405344665,861406.463453439,861406.475135424
666,eye1,pmrnet,loop,26.099939015693963,0.02,1.0902489302679896,9.249184979125857,0.4709620261564851,0.08,0.35,0.05,0.45,1.2,39.06033495124429,861406.475923644,861406.486734455
668,eye1,pmrnet,loop,14.401301043108106,0.02,0.419244053773582,3.552103997208178,0.30830700416117907,0.08,0.35,0.05,0.45,1.2,20.830956098251043,861406.486894249,861406.491174182
669,eye1,pmrnet,loop,18.84222903754562,0.02,0.48088899347931147,9.57764801569283,0.43371901847422123,0.08,0.35,0.05,0.45,1.2,31.484485065191983,861406.493190709,861406.503683407
670,eye1,pmrnet,loop,20.128050004132092,0.02,0.5388630088418722,7.24523700773716,0.4550809971988201,0.08,0.35,0.05,0.45,1.2,30.517231017909943,861406.504799002,861406.513038545
671,eye1,pmrnet,loop,16.304100980050862,0.02,0.3662579692900181,3.380439942702651,0.3501089522615075,0.08,0.35,0.05,0.45,1.2,22.550907844305037,861406.513187105,861406.517284172
672,eye1,pmrnet,loop,12.581742950715125,0.02,0.3390450729057193,3.3400930697098374,0.554578029550612,0.08,0.35,0.05,0.45,1.2,18.965459122881292,861406.517396848,861406.521630754
673,eye1,pmrnet,loop,18.288822029717267,0.02,0.47735997941344976,9.417611989192665,0.315592042170465,0.08,0.35,0.05,0.45,1.2,30.649386040493845,861406.52519591,861406.535406833
674,eye1,pmrnet,loop,14.555117930285633,0.02,0.3546799998730421,3.2939589582383633,0.58312201872468,0.08,0.35,0.05,0.45,1.2,20.936878907121717,861406.535510082,861406.539742083
675,eye1,pmrnet,loop,17.075556912459433,0.02,0.48021902330219746,7.029166095890105,1.636937027797103,0.08,0.35,0.05,0.45,1.2,28.371879059448837,861406.541184861,861406.550331513
676,eye1,pmrnet,loop,12.93694693595171,0.02,0.3332250053063035,3.184083034284413,0.31043298076838255,0.08,0.35,0.05,0.45,1.2,18.914687956310807,861406.550433812,861406.554261805
677,eye1,pmrnet,loop,11.733071063645184,0.02,0.3434879472479224,3.169286996126175,0.3875599941238761,0.08,0.35,0.05,0.45,1.2,17.783406001143156,861406.55722651,861406.561127119
678,eye1,pmrnet,loop,20.354222040623426,0.02,0.5030219908803701,6.857641041278839,1.2077869614586234,0.08,0.35,0.05,0.45,1.2,31.072672034241258,861406.56924837,861406.577817273
679,eye1,pmrnet,loop,18.657990964129567,0.02,0.3386400640010834,3.578030038625002,1.8751440802589059,0.08,0.35,0.05,0.45,1.2,26.599805147014557,861406.578397929,861406.584189948
680,eye1,pmrnet,loop,15.295924968086183,0.02,0.3354049986228347,3.1299720285460353,0.18837698735296726,0.08,0.35,0.05,0.45,1.2,21.09967898260802,861406.585244057,861406.588898051
681,eye1,pmrnet,loop,15.290588024072349,0.02,0.329600996337831,3.2089330488815904,0.18835905939340591,0.08,0.35,0.05,0.45,1.2,21.167481128685175,861406.593234507,861406.596961615
682,eye1,pmrnet,loop,21.991847082972527,0.02,0.47083001118153334,9.601496043615043,0.46913197729736567,0.08,0.35,0.05,0.45,1.2,34.68330511506647,861406.601188959,861406.611730945
683,eye1,pmrnet,loop,22.63895410578698,0.02,0.654043979011476,7.6951360097154975,0.19146001432090998,0.08,0.35,0.05,0.45,1.2,33.32959410883487,861406.611907014,861406.620447998
684,eye1,pmrnet,loop,21.576312952674925,0.02,1.6364119946956635,3.30827699508518,0.34191098529845476,0.08,0.35,0.05,0.45,1.2,29.012912927754222,861406.622167554,861406.627454391
685,eye1,pmrnet,loop,19.24581895582378,0.02,0.3422059817239642,4.24094102345407,1.0527059203013778,0.08,0.35,0.05,0.45,1.2,27.03167188130319,861406.627556627,861406.633192729
687,eye1,pmrnet,loop,15.084428014233708,0.02,0.3657579654827714,3.2503699185326695,0.22095500025898218,0.08,0.35,0.05,0.45,1.2,21.07151089850813,861406.641331604,861406.645169058
688,eye1,pmrnet,loop,14.792384929023683,0.02,0.3400730201974511,3.183691995218396,0.1836919691413641,0.08,0.35,0.05,0.45,1.2,20.649841913580893,861406.649238768,861406.652946419
690,eye1,pmrnet,loop,14.820595970377326,0.02,0.3609469858929515,3.1089590629562736,0.41539291851222515,0.08,0.35,0.05,0.45,1.2,20.855894937738775,861406.665226915,861406.669112467
691,eye1,pmrnet,loop,14.995169010944664,0.02,0.3743009874597192,3.583181998692453,0.19749498460441828,0.08,0.35,0.05,0.45,1.2,21.300146981701253,861406.673200845,861406.677356176
692,eye1,pmrnet,loop,14.500510995276272,0.02,0.35943102557212114,3.166035981848836,0.2163810422644019,0.08,0.35,0.05,0.45,1.2,20.39235904496163,861406.681188542,861406.684930593
693,eye1,pmrnet,loop,14.46515996940434,0.02,0.36533805541694164,3.1808080384507775,0.20991498604416847,0.08,0.35,0.05,0.45,1.2,20.371221049316226,861406.689207986,861406.692964289
694,eye1,pmrnet,loop,14.649283955805004,0.02,0.41700503788888454,3.392408019863069,0.18844206351786852,0.08,0.35,0.05,0.45,1.2,20.797139077074824,861406.697219136,861406.701217207
695,eye1,pmrnet,loop,14.330429024994373,0.02,0.34735200461000204,3.226247034035623,0.1884070225059986,0.08,0.35,0.05,0.45,1.2,20.242435086145996,861406.705205377,861406.708967613
696,eye1,pmrnet,loop,14.298916095867753,0.02,0.3511989489197731,3.2311870018020272,0.1921119401231408,0.08,0.35,0.05,0.45,1.2,20.223413986712693,861406.713230275,861406.717004997
697,eye1,pmrnet,loop,14.375384896993637,0.02,0.32288196962326765,3.428095020353794,0.1882340293377638,0.08,0.35,0.05,0.45,1.2,20.46459591630846,861406.721211044,861406.725150501
698,eye1,pmrnet,loop,14.408956980332732,0.02,0.35424402449280024,3.510328009724617,0.18695800099521875,0.08,0.35,0.05,0.45,1.2,20.610487015545367,861406.729201398,861406.733253145
699,eye1,pmrnet,loop,14.232960995286703,0.02,0.36695192102342844,3.149119089357555,0.4207650199532509,0.08,0.35,0.05,0.45,1.2,20.319797025620936,861406.737208942,861406.741145986
700,eye1,pmrnet,loop,18.767568981274962,0.02,3.905444056726992,3.6123510217294097,1.013619010336697,0.08,0.35,0.05,0.45,1.2,29.44898307006806,861406.745217959,861406.753749681
701,eye1,pmrnet,loop,14.52171104028821,0.02,0.3363499417901039,3.196979989297688,0.1844509970396757,0.08,0.35,0.05,0.45,1.2,20.389491968415676,861406.753854779,861406.757572842
702,eye1,pmrnet,loop,14.50917893089354,0.02,0.4011759301647544,3.349461010657251,0.5898299859836698,0.08,0.35,0.05,0.45,1.2,20.999645857699214,861406.761288594,861406.765629303
703,eye1,pmrnet,loop,14.405558002181351,0.02,0.5258090095594525,3.4461909672245383,0.4539641086012125,0.08,0.35,0.05,0.45,1.2,20.981522087566553,861406.769168162,861406.773594403
704,eye1,pmrnet,loop,18.35888100322336,0.02,0.37442194297909737,7.716396939940751,0.3110109828412533,0.08,0.35,0.05,0.45,1.2,28.91071086898446,861406.777214262,861406.785616381
705,eye1,pmrnet,loop,22.505747037939727,0.02,1.4933929778635502,9.477054933086038,0.4222480347380042,0.08,0.35,0.05,0.45,1.2,36.04844298362732,861406.786439131,861406.79783226
706,eye1,pmrnet,loop,25.02915693912655,0.02,0.46527700033038855,9.516410995274782,0.45081297867000103,0.08,0.35,0.05,0.45,1.2,37.61165791340172,861406.797991636,861406.808424592
707,eye1,pmrnet,loop,25.376152014359832,0.02,0.48391707241535187,6.5993089228868484,0.6161479977890849,0.08,0.35,0.05,0.45,1.2,35.225526007451116,861406.80914141,861406.816841154
708,eye1,pmrnet,loop,28.65808503702283,0.02,0.3498720470815897,9.66633704956621,1.2290419545024633,0.08,0.35,0.05,0.45,1.2,42.05333608817309,861406.816945899,861406.828191499
710,eye1,pmrnet,loop,23.54563109111041,0.02,0.6384250009432435,9.221496991813183,0.3360230475664139,0.08,0.35,0.05,0.45,1.2,35.89157613143325,861406.8290206,861406.839216994
711,eye1,pmrnet,loop,27.941126958467066,0.02,1.6518750926479697,9.304799023084342,1.3400719035416842,0.08,0.35,0.05,0.45,1.2,42.38787297774106,861406.839384407,861406.851681602
713,eye1,pmrnet,loop,22.917489986866713,0.02,0.6427459884434938,9.257005993276834,0.3249240107834339,0.08,0.35,0.05,0.45,1.2,35.29216597937047,861406.852570932,861406.862796068
714,eye1,pmrnet,loop,25.72380506899208,0.02,1.1565040331333876,9.225493995472789,0.33239496406167746,0.08,0.35,0.05,0.45,1.2,38.58819806165993,861406.862956372,861406.873671127
716,eye1,pmrnet,loop,17.270372016355395,0.02,0.6796830566599965,5.873796064406633,0.21645892411470413,0.08,0.35,0.05,0.45,1.2,26.190310061536728,861406.874585983,861406.881356256
698,eye0,pmrnet,loop,11.293589952401817,0.02,0.32086099963635206,3.4172269515693188,0.21515099797397852,0.08,0.35,0.05,0.45,1.2,17.396828901581465,861406.701222205,861406.705175686
699,eye0,pmrnet,loop,11.557571939192712,0.02,0.36320905201137066,3.6513839149847627,0.2444540150463581,0.08,0.35,0.05,0.45,1.2,17.966618921235202,861406.709249307,861406.713508607
700,eye0,pmrnet,loop,13.2146580144763,0.02,0.48536702524870634,4.270385019481182,1.2463729362934828,0.08,0.35,0.05,0.45,1.2,21.36678299549967,861406.717232209,861406.723234752
701,eye0,pmrnet,loop,11.242856970056891,0.02,0.33736403565853834,3.56036308221519,0.20936597138643265,0.08,0.35,0.05,0.45,1.2,17.49995005931705,861406.72522436,861406.729331727
702,eye0,pmrnet,loop,10.99198404699564,0.02,0.30815904028713703,3.3971789525821805,0.21281710360199213,0.08,0.35,0.05,0.45,1.2,17.060139143466948,861406.733231718,861406.737150117
703,eye0,pmrnet,loop,10.857768007554114,0.02,0.3330239560455084,3.331172978505492,0.23741798941046,0.08,0.35,0.05,0.45,1.2,16.909382931515573,861406.741182613,861406.745084463
704,eye0,pmrnet,loop,11.554267024621367,0.02,0.35041896626353264,3.940221038646996,0.3398590488359332,0.08,0.35,0.05,0.45,1.2,18.334766078367828,861406.749219614,861406.753850372
705,eye0,pmrnet,loop,21.807349985465407,0.02,0.546882045455277,9.596504969522357,0.7169110467657447,0.08,0.35,0.05,0.45,1.2,34.817648047208785,861406.761311391,861406.772172137
706,eye0,pmrnet,loop,19.271719036623836,0.02,1.3142249081283808,3.333554952405393,0.23332901764661074,0.08,0.35,0.05,0.45,1.2,26.30282791480422,861406.772824355,861406.777705724
707,eye0,pmrnet,loop,16.42722892574966,0.02,0.37838693242520094,3.9819489466026425,0.7510229479521513,0.08,0.35,0.05,0.45,1.2,23.688587752729653,861406.777818692,861406.782930312
708,eye0,pmrnet,loop,14.857753994874656,0.02,0.3462139284238219,3.2956090290099382,0.5950829945504665,0.08,0.35,0.05,0.45,1.2,21.24465994685888,861406.78519278,861406.789429937
709,eye0,pmrnet,loop,20.960132009349763,0.02,0.4678691038861871,9.48289898224175,0.44224399607628584,0.08,0.35,0.05,0.45,1.2,33.50314409155399,861406.793207288,861406.803600745
710,eye0,pmrnet,loop,23.46749196294695,0.02,0.49337593372911215,9.463599999435246,0.4594289930537343,0.08,0.35,0.05,0.45,1.2,36.03389688916504,861406.803760076,861406.814176928
711,eye0,pmrnet,loop,27.067104005254805,0.02,0.6527670193463564,9.50033392291516,0.45175303239375353,0.08,0.35,0.05,0.45,1.2,39.821957979910074,861406.815240502,861406.825845805
713,eye0,pmrnet,loop,15.428446931764483,0.02,0.5435750354081392,3.3720009960234165,0.4016660386696458,0.08,0.35,0.05,0.45,1.2,21.895689001865684,861406.826028033,861406.830345505
714,eye0,pmrnet,loop,14.219523058272898,0.02,0.34510798286646605,3.2641260186210275,0.3720519598573446,0.08,0.35,0.05,0.45,1.2,20.350809019617735,861406.833224156,861406.837205685
715,eye0,pmrnet,loop,18.573460052721202,0.02,0.47606194857507944,7.203129003755748,0.7342200260609388,0.08,0.35,0.05,0.45,1.2,29.136871031112968,861406.841214524,861406.849628306
716,eye0,pmrnet,loop,14.883747906424105,0.02,0.3507299115881324,3.4827740164473653,0.4391949623823166,0.08,0.35,0.05,0.45,1.2,21.306446796841918,861406.849734647,861406.854007597
717,eye0,pmrnet,loop,14.442131971009076,0.02,0.4651029594242573,3.523763967677951,0.43623498640954494,0.08,0.35,0.05,0.45,1.2,21.017233884520827,861406.857209869,861406.861635294
718,eye0,pmrnet,loop,14.031855040229857,0.02,0.3333019558340311,3.3422050764784217,0.3842919832095504,0.08,0.35,0.05,0.45,1.2,20.24165405575186,861406.865233754,861406.869293828
719,eye0,pmrnet,loop,14.350975980050862,0.02,0.3790230257436633,3.5331289982423186,0.5742779467254877,0.08,0.35,0.05,0.45,1.2,20.98740595076233,861406.873195349,861406.877682011
720,eye0,pmrnet,loop,19.71861906349659,0.02,0.49411505460739136,8.967604022473097,0.41299499571323395,0.08,0.35,0.05,0.45,1.2,31.74333313629031,861406.881243754,861406.891118824
721,eye0,pmrnet,loop,15.59911493677646,0.02,0.36242406349629164,3.250479931011796,0.22460496984422207,0.08,0.35,0.05,0.45,1.2,21.586623901128767,861406.891230103,861406.895067925
722,eye0,pmrnet,loop,14.304696000181139,0.02,0.30933297239243984,3.5329590318724513,0.8164199534803629,0.08,0.35,0.05,0.45,1.2,21.11340795792639,861406.897183848,861406.901842829
723,eye0,pmrnet,loop,14.889935962855816,0.02,0.3182509681209922,4.224258009344339,0.7649359758943319,0.08,0.35,0.05,0.45,1.2,22.347380916215478,861406.905189153,861406.910496828
724,eye0,pmrnet,loop,15.359419048763812,0.02,0.3528209635987878,4.095728974789381,1.3351349625736475,0.08,0.35,0.05,0.45,1.2,23.293103949725626,861406.913251408,861406.91903533
725,eye0,pmrnet,loop,20.41012200061232,0.02,0.49882603343576193,9.488814044743776,0.9485488990321755,0.08,0.35,0.05,0.45,1.2,33.49631097782404,861406.92121814,861406.932154798
726,eye0,pmrnet,loop,17.965225968509912,0.02,0.5335089517757297,4.7115510096773505,0.21926290355622768,0.08,0.35,0.05,0.45,1.2,25.57954883351922,861406.932314558,861406.937779296
727,eye0,pmrnet,loop,17.55266694817692,0.02,0.4742819583043456,6.091647082939744,0.3841610159724951,0.08,0.35,0.05,0.45,1.2,26.652757005393504,861406.938485248,861406.945435646
728,eye0,pmrnet,loop,13.84683302603662,0.02,0.33927999902516603,3.3167280489578843,0.6063440814614296,0.08,0.35,0.05,0.45,1.2,20.2591851554811,861406.945536158,861406.949798785
729,eye0,pmrnet,loop,13.142661075107753,0.02,0.3549190005287528,3.207486937753856,0.40921696927398443,0.08,0.35,0.05,0.45,1.2,19.264283982664345,861406.953191947,861406.957163783
730,eye0,pmrnet,loop,19.76953598205,0.02,0.46452891547232866,9.596534888260067,0.5789049901068211,0.08,0.35,0.05,0.45,1.2,32.559504775889216,861406.961218755,861406.97185918
731,eye0,pmrnet,loop,21.25851099845022,0.02,0.4592509940266609,8.547385921701789,0.3829569322988391,0.08,0.35,0.05,0.45,1.2,32.79810484647751,861406.972027076,861406.981417057
732,eye0,pmrnet,loop,18.42031697742641,0.02,0.5702889757230878,3.3669130643829703,0.3341339761391282,0.08,0.35,0.05,0.45,1.2,24.841652993671595,861406.982376895,861406.986648442
733,eye0,pmrnet,loop,15.41920006275177,0.02,0.37824094761162996,3.562481957487762,1.0254840599372983,0.08,0.35,0.05,0.45,1.2,22.53540702778846,861406.986749924,861406.991716373
734,eye0,pmrnet,loop,14.04311996884644,0.02,0.37625094410032034,4.3310620822012424,0.47058193013072014,0.08,0.35,0.05,0.45,1.2,21.371014925278722,861406.993230996,861406.99840917
735,eye0,pmrnet,loop,19.325984991155565,0.02,0.4698979901149869,9.561202023178339,0.5176389822736382,0.08,0.35,0.05,0.45,1.2,32.02472398672253,861407.001211353,861407.011760544
736,eye0,pmrnet,loop,16.505350940860808,0.02,0.5267049418762326,3.7673480110242963,0.785678974352777,0.08,0.35,0.05,0.45,1.2,23.735082868114112,861407.011930485,861407.017010457
737,eye0,pmrnet,loop,15.312383999116719,0.02,0.4786689532920718,5.109017947688699,0.24219602346420288,0.08,0.35,0.05,0.45,1.2,23.29226692356169,861407.018056148,861407.023886388
738,eye0,pmrnet,loop,12.44988408870995,0.02,0.3286859719082713,3.1707650050520897,0.4031320568174124,0.08,0.35,0.05,0.45,1.2,18.502467122487722,861407.025190146,861407.029092947
739,eye0,pmrnet,loop,12.567153898999095,0.02,0.3200930077582598,3.2185710733756423,0.5491119809448719,0.08,0.35,0.05,0.45,1.2,18.804929961077868,861407.03319132,861407.037279315
740,eye0,pmrnet,loop,12.92701403144747,0.02,0.3948250086978078,3.400586894713342,0.7123770192265511,0.08,0.35,0.05,0.45,1.2,19.58480295408517,861407.041200026,861407.045708089
741,eye0,pmrnet,loop,12.481066980399191,0.02,0.36126701161265373,3.408303949981928,0.3889120416715741,0.08,0.35,0.05,0.45,1.2,18.789549983665346,861407.049172489,861407.053331197
742,eye0,pmrnet,loop,15.260069980286062,0.02,0.4835519939661026,5.675195017829537,0.7693429943174124,0.08,0.35,0.05,0.45,1.2,24.338159986399113,861407.057250456,861407.064178914
743,eye0,pmrnet,loop,18.85842008050531,0.02,0.4901851061731577,9.618086973205209,0.5195540143176913,0.08,0.35,0.05,0.45,1.2,31.636246174201368,861407.065217638,861407.075845953
744,eye0,pmrnet,loop,21.491940948180854,0.02,0.4844709765166044,9.578641038388014,0.47254504170268774,0.08,0.35,0.05,0.45,1.2,34.17759800478816,861407.076012523,861407.086548652
745,eye0,pmrnet,loop,21.94654894992709,0.02,1.9564590184018016,5.19921095110476,0.4888050025328994,0.08,0.35,0.05,0.45,1.2,31.74102392196655,861407.087427786,861407.095072632
746,eye0,pmrnet,loop,18.541702069342136,0.02,0.303292996250093,3.509734058752656,0.7303039310500026,0.08,0.35,0.05,0.45,1.2,25.235033055394887,861407.095193084,861407.099736642
747,eye0,pmrnet,loop,14.3830890301615,0.02,0.32116600777953863,3.254698938690126,0.2142739249393344,0.08,0.35,0.05,0.45,1.2,20.323227901570498,861407.099856725,861407.103647162
748,eye0,pmrnet,loop,19.334094948135316,0.02,0.4682060098275542,9.720299975015223,1.199099002406001,0.08,0.35,0.05,0.45,1.2,32.87169993538409,861407.105278483,861407.116666554
717,eye1,pmrnet,loop,21.382160019129515,0.02,0.48255000729113817,9.421223890967667,1.406957977451384,0.08,0.35,0.05,0.45,1.2,34.8428918948397,861406.882225623,861406.893536786
718,eye1,pmrnet,loop,21.666686050593853,0.02,0.4620100371539593,6.669223075732589,0.3138160100206733,0.08,0.35,0.05,0.45,1.2,31.261735173501073,861406.894445259,861406.901890667
719,eye1,pmrnet,loop,17.887766007333994,0.02,0.35687698982656,3.446941962465644,0.38592296186834574,0.08,0.35,0.05,0.45,1.2,24.227507921494542,861406.90199079,861406.906180799
720,eye1,pmrnet,loop,16.659550950862467,0.02,0.3217869671061635,6.215555011294782,0.20252098329365253,0.08,0.35,0.05,0.45,1.2,25.549413912557064,861406.906282249,861406.913022385
721,eye1,pmrnet,loop,14.638488995842636,0.02,0.48273801803588867,4.360098973847926,0.4276310792192817,0.08,0.35,0.05,0.45,1.2,22.05895706694573,861406.913799753,861406.91907057
722,eye1,pmrnet,loop,12.81416101846844,0.02,0.35578198730945587,3.3228029496967793,0.45384105760604143,0.08,0.35,0.05,0.45,1.2,19.096587013080715,861406.921182614,861406.925315293
723,eye1,pmrnet,loop,12.706535984762013,0.02,0.34999800845980644,3.297962946817279,0.4497759509831667,0.08,0.35,0.05,0.45,1.2,18.954272891022264,861406.929178553,861406.933276512
724,eye1,pmrnet,loop,19.637636956758797,0.02,0.4817279987037182,9.826995083130896,0.7520989747717977,0.08,0.35,0.05,0.45,1.2,32.84845901336521,861406.937214578,861406.948275848
725,eye1,pmrnet,loop,21.779330912977457,0.02,0.6040079751983285,9.104703087359667,0.32083503901958466,0.08,0.35,0.05,0.45,1.2,33.958877014555036,861406.948456812,861406.958486837
726,eye1,pmrnet,loop,24.94334301445633,0.02,0.6755900103598833,9.261631988920271,0.4193750210106373,0.08,0.35,0.05,0.45,1.2,37.44994003474712,861406.95936285,861406.969719855
728,eye1,pmrnet,loop,19.205131102353334,0.02,0.46050804667174816,9.26677300594747,0.513658975251019,0.08,0.35,0.05,0.45,1.2,31.59607113022357,861406.969878338,861406.980119713
729,eye1,pmrnet,loop,17.567981965839863,0.02,0.4990260349586606,4.2401570826768875,1.104883966036141,0.08,0.35,0.05,0.45,1.2,25.56204904951155,861406.980707794,861406.98655211
730,eye1,pmrnet,loop,14.713497017510235,0.02,0.3350930055603385,4.461060976609588,0.30681199859827757,0.08,0.35,0.05,0.45,1.2,21.966462998278438,861406.986663292,861406.991766564
731,eye1,pmrnet,loop,13.04454798810184,0.02,0.3410190111026168,3.879413940012455,0.6958720041438937,0.08,0.35,0.05,0.45,1.2,20.110852943360804,861406.993250018,861406.998166576
732,eye1,pmrnet,loop,18.744015018455684,0.02,0.9829149348661304,9.40744299441576,0.3473440883681178,0.08,0.35,0.05,0.45,1.2,31.63171703610569,861407.001196057,861407.011934219
733,eye1,pmrnet,loop,21.450804895721376,0.02,0.5499399267137051,9.605868952348828,0.43750309851020575,0.08,0.35,0.05,0.45,1.2,34.194116873294114,861407.012117044,861407.022710722
734,eye1,pmrnet,loop,24.173881975002587,0.02,0.47499395441263914,9.19924397021532,0.3175589954480529,0.08,0.35,0.05,0.45,1.2,36.3156788950786,861407.023510133,861407.033502358
735,eye1,pmrnet,loop,23.39529898017645,0.02,0.4589708987623453,6.461588083766401,0.21369801834225655,0.08,0.35,0.05,0.45,1.2,32.67955598104745,861407.033658796,861407.040793381
736,eye1,pmrnet,loop,26.622822042554617,0.02,0.47141697723418474,9.382201940752566,0.8148659253492951,0.08,0.35,0.05,0.45,1.2,39.44130688589066,861407.041420318,861407.052089238
737,eye1,pmrnet,loop,23.561395006254315,0.02,0.46360003761947155,4.185423953458667,0.19142404198646545,0.08,0.35,0.05,0.45,1.2,30.551843039318918,861407.052256589,861407.057097385
738,eye1,pmrnet,loop,19.61992692667991,0.02,0.32321095932275057,3.29554604832083,0.40964502841234207,0.08,0.35,0.05,0.45,1.2,25.79832896273583,861407.05719645,861407.061225098
739,eye1,pmrnet,loop,22.575916023924947,0.02,0.46169396955519915,9.386810008436441,0.41154795326292515,0.08,0.35,0.05,0.45,1.2,34.98596795517951,861407.061988926,861407.072249432
740,eye1,pmrnet,loop,25.339515064843,0.02,0.46080094762146473,9.653863962739706,0.5561140133067966,0.08,0.35,0.05,0.45,1.2,38.160293988510965,861407.072410606,861407.083081851
741,eye1,pmrnet,loop,23.269361001439393,0.02,0.49709295853972435,4.536343971267343,0.22388494107872248,0.08,0.35,0.05,0.45,1.2,30.67668287232518,861407.083823697,861407.089081356
742,eye1,pmrnet,loop,19.844762980937958,0.02,0.32979995012283325,3.6697409814223647,0.5420559318736196,0.08,0.35,0.05,0.45,1.2,26.536359844356774,861407.089183895,861407.093725769
743,eye1,pmrnet,loop,20.338717964477837,0.02,0.34524500370025635,6.696171942166984,1.4208509819582105,0.08,0.35,0.05,0.45,1.2,30.950985892303287,861407.093826251,861407.102288788
744,eye1,pmrnet,loop,23.234635940752923,0.02,0.4637540550902486,9.293980081565678,0.4478400805965066,0.08,0.35,0.05,0.45,1.2,35.590210158005355,861407.103047023,861407.113253041
745,eye1,pmrnet,loop,25.398369994945824,0.02,0.47270802315324545,9.137453977018595,0.45175000559538603,0.08,0.35,0.05,0.45,1.2,37.61028200071305,861407.113423549,861407.123485951
746,eye1,pmrnet,loop,22.102717077359557,0.02,0.49631495494395494,3.3258050680160522,0.1894299639388919,0.08,0.35,0.05,0.45,1.2,28.264267064258455,861407.124248128,861407.128259889
747,eye1,pmrnet,loop,19.05687793623656,0.02,0.3142590867355466,3.7524779327213764,0.8490660693496466,0.08,0.35,0.05,0.45,1.2,26.12268102504313,861407.128366942,861407.133283006
748,eye1,pmrnet,loop,15.235036960802972,0.02,0.3190160496160388,3.254818031564355,0.4232480423524976,0.08,0.35,0.05,0.45,1.2,21.382119084335862,861407.133532767,861407.137530118
749,eye1,pmrnet,loop,20.231249975040555,0.02,0.3548429813235998,7.477973005734384,1.542320940643549,0.08,0.35,0.05,0.45,1.2,31.756386902742086,861407.141219663,861407.150595046
750,eye1,pmrnet,loop,17.257056082598865,0.02,0.3387749893590808,3.6059869453310966,0.6482090102508664,0.08,0.35,0.05,0.45,1.2,24.000027027539907,861407.151096695,861407.155689902
751,eye1,pmrnet,loop,14.929072931408882,0.02,0.41501992382109165,3.403872950002551,0.34164602402597666,0.08,0.35,0.05,0.45,1.2,21.2396118292585,861407.157270329,861407.161431191
752,eye1,pmrnet,loop,14.594746986404061,0.02,0.35282003227621317,3.163979039527476,0.3821089630946517,0.08,0.35,0.05,0.45,1.2,20.6436550213024,861407.165266703,861407.169165817
753,eye1,pmrnet,loop,15.941577963531017,0.02,0.41809992399066687,3.905121935531497,1.0354219703003764,0.08,0.35,0.05,0.45,1.2,23.450221793353556,861407.173222687,861407.178581549
754,eye1,pmrnet,loop,15.107115032151341,0.02,0.36307796835899353,4.014626028947532,0.19825994968414307,0.08,0.35,0.05,0.45,1.2,21.83307897914201,861407.181239974,861407.185816227
755,eye1,pmrnet,loop,14.35075607150793,0.02,0.34381705336272717,3.309268970042467,0.18971203826367855,0.08,0.35,0.05,0.45,1.2,20.343554133176802,861407.189285734,861407.193128792
756,eye1,pmrnet,loop,14.038819004781544,0.02,0.31454209238290787,3.142465022392571,0.18748303409665823,0.08,0.35,0.05,0.45,1.2,19.83330915365368,861407.197241167,861407.200885891
757,eye1,pmrnet,loop,14.151350944302976,0.02,0.33071404322981834,3.2906089909374714,0.19660498946905136,0.08,0.35,0.05,0.45,1.2,20.119278967939316,861407.205249255,861407.20906741
758,eye1,pmrnet,loop,13.961383025161922,0.02,0.35649200435727835,3.1598260393366218,0.1884800149127841,0.08,0.35,0.05,0.45,1.2,19.816181083768605,861407.213241455,861407.216946456
759,eye1,pmrnet,loop,13.884615036658943,0.02,0.32418500632047653,3.1650320161134005,0.18862902652472258,0.08,0.35,0.05,0.45,1.2,19.71246108561754,861407.221260592,861407.224938691
760,eye1,pmrnet,loop,15.515446080826223,0.02,0.2639120211824775,3.3216120209544897,1.2752519687637687,0.08,0.35,0.05,0.45,1.2,22.526222091726957,861407.229778538,861407.234639594
761,eye1,pmrnet,loop,20.425022928975523,0.02,0.4690180066972971,9.418915957212448,0.47567998990416527,0.08,0.35,0.05,0.45,1.2,32.93863688278943,861407.237253481,861407.247617571
762,eye1,pmrnet,loop,22.854764945805073,0.02,0.5011779721826315,9.421969065442681,0.40621194057166576,0.08,0.35,0.05,0.45,1.2,35.33412392400205,861407.247786599,861407.258116395
763,eye1,pmrnet,loop,25.976484059356153,0.02,0.4932689480483532,9.27637005224824,0.43882697355002165,0.08,0.35,0.05,0.45,1.2,38.334950033202766,861407.259098136,861407.269307069
765,eye1,pmrnet,loop,20.16901900060475,0.02,0.48484804574400187,9.22822195570916,0.4568900913000107,0.08,0.35,0.05,0.45,1.2,32.48897909335792,861407.269467199,861407.279637568
766,eye1,pmrnet,loop,18.891045008786023,0.02,0.3787170862779021,4.837019951082766,0.5519620608538389,0.08,0.35,0.05,0.45,1.2,26.80874410700053,861407.280661115,861407.286429018
767,eye1,pmrnet,loop,16.06644201092422,0.02,0.346752000041306,4.488943959586322,0.3066890640184283,0.08,0.35,0.05,0.45,1.2,23.358827034570275,861407.286530868,861407.291673506
768,eye1,pmrnet,loop,14.505090075545013,0.02,0.33268705010414124,3.905009012669325,0.7105140248313546,0.08,0.35,0.05,0.45,1.2,21.603300163149832,861407.293232806,861407.298181222
749,eye0,pmrnet,loop,21.720209973864257,0.02,0.6206780672073364,7.052989909425378,1.5566759975627065,0.08,0.35,0.05,0.45,1.2,33.10055394805968,861407.117891437,861407.127122125
750,eye0,pmrnet,loop,19.76585201919079,0.02,0.4334159893915057,3.232903080061078,1.8945320043712854,0.08,0.35,0.05,0.45,1.2,27.476703093014656,861407.127675909,861407.133236964
751,eye0,pmrnet,loop,20.146702066995203,0.02,0.35110500175505877,7.765510003082454,0.22690196055918932,0.08,0.35,0.05,0.45,1.2,30.640219032391904,861407.133342976,861407.141686798
752,eye0,pmrnet,loop,16.57821307890117,0.02,0.3336200024932623,3.565893042832613,0.49453205429017544,0.08,0.35,0.05,0.45,1.2,23.12225817851722,861407.141792978,861407.146187301
753,eye0,pmrnet,loop,13.111762935295701,0.02,0.3183820517733693,3.2852250151336193,0.44028100091964006,0.08,0.35,0.05,0.45,1.2,19.30565100312233,861407.14674579,861407.15078992
754,eye0,pmrnet,loop,15.71247901301831,0.02,0.36224606446921825,7.2306799702346325,0.6277089705690742,0.08,0.35,0.05,0.45,1.2,26.083114018291234,861407.153238195,861407.161459193
755,eye0,pmrnet,loop,17.816044972278178,0.02,0.45424699783325195,9.205057052895427,0.35519408993422985,0.08,0.35,0.05,0.45,1.2,29.980543112941085,861407.161616756,861407.171631703
756,eye0,pmrnet,loop,16.764195985160768,0.02,1.4264490455389023,4.464839003048837,0.3339620307087898,0.08,0.35,0.05,0.45,1.2,25.139446064457296,861407.172423424,861407.178649081
757,eye0,pmrnet,loop,14.46682889945805,0.02,0.35569898318499327,4.884410998784006,0.42980501893907785,0.08,0.35,0.05,0.45,1.2,22.286743900366126,861407.17875078,861407.184420955
758,eye0,pmrnet,loop,14.01905994862318,0.02,0.4693889059126377,4.772632964886725,1.5440250281244516,0.08,0.35,0.05,0.45,1.2,22.955106847546993,861407.185255345,861407.192041718
759,eye0,pmrnet,loop,10.824447963386774,0.02,0.331545015797019,3.185920068062842,0.21447998005896807,0.08,0.35,0.05,0.45,1.2,16.7063930273056,861407.193184369,861407.19691658
760,eye0,pmrnet,loop,10.800948017276824,0.02,0.35816302988678217,3.219768055714667,0.21338695660233498,0.08,0.35,0.05,0.45,1.2,16.742266059480606,861407.201170366,861407.204961931
761,eye0,pmrnet,loop,11.137559078633785,0.02,0.27862004935741425,3.2404810190200806,0.21855602972209454,0.08,0.35,0.05,0.45,1.2,17.025216176733373,861407.209629563,861407.213367502
762,eye0,pmrnet,loop,10.675422963686287,0.02,0.3408819902688265,3.2152190105989575,0.2177580026909709,0.08,0.35,0.05,0.45,1.2,16.59928196724504,861407.217200398,861407.220974491
763,eye0,pmrnet,loop,16.369101940654218,0.02,0.3763920394703746,4.832630977034569,0.3374679945409298,0.08,0.35,0.05,0.45,1.2,24.06559295170009,861407.229190396,861407.234737114
764,eye0,pmrnet,loop,21.277882042340934,0.02,0.4844649229198694,9.570586029440165,0.4502799129113555,0.08,0.35,0.05,0.45,1.2,33.93321290761232,861407.237208462,861407.247714227
765,eye0,pmrnet,loop,23.64206500351429,0.02,0.5218270234763622,9.239083039574325,0.5070799961686134,0.08,0.35,0.05,0.45,1.2,36.06005506273359,861407.247879395,861407.258147884
766,eye0,pmrnet,loop,26.828777976334095,0.02,0.5368549609556794,9.534650947898626,0.44315296690911055,0.08,0.35,0.05,0.45,1.2,39.49343685209751,861407.258888432,861407.269403501
768,eye0,pmrnet,loop,21.020593005232513,0.02,0.48092601355165243,9.260848048143089,0.43303798884153366,0.08,0.35,0.05,0.45,1.2,33.34540505576879,861407.269557916,861407.279733174
769,eye0,pmrnet,loop,19.595899037085474,0.02,0.399651937186718,4.405757994391024,0.7703779265284538,0.08,0.35,0.05,0.45,1.2,27.321686895191668,861407.280801923,861407.286377962
770,eye0,pmrnet,loop,16.77367906086147,0.02,0.35135005600750446,4.286932060495019,0.5072590429335833,0.08,0.35,0.05,0.45,1.2,24.069220220297574,861407.286478784,861407.291624552
771,eye0,pmrnet,loop,15.35324496217072,0.02,0.3825200255960226,4.306335933506489,0.32714405097067356,0.08,0.35,0.05,0.45,1.2,22.519244972243904,861407.293257086,861407.298273348
772,eye0,pmrnet,loop,15.552585944533348,0.02,0.40679797530174255,4.504709038883448,0.3516220021992922,0.08,0.35,0.05,0.45,1.2,22.96571496091783,861407.301278064,861407.30654151
773,eye0,pmrnet,loop,15.44479699805379,0.02,0.37756701931357384,4.327879985794425,0.5326919490471482,0.08,0.35,0.05,0.45,1.2,22.832935952208935,861407.309264605,861407.314502958
774,eye0,pmrnet,loop,15.277559054084122,0.02,0.37525396328419447,4.448994994163513,0.3352781059220433,0.08,0.35,0.05,0.45,1.2,22.58708611745387,861407.317244914,861407.322404682
775,eye0,pmrnet,loop,15.045648906379938,0.02,0.3938019508495927,4.282827023416758,0.3348640166223049,0.08,0.35,0.05,0.45,1.2,22.207141897268592,861407.325231073,861407.330242779
776,eye0,pmrnet,loop,15.124856028705835,0.02,0.3924219636246562,4.349932074546814,0.4412060370668769,0.08,0.35,0.05,0.45,1.2,22.45841610394418,861407.333207058,861407.338390902
777,eye0,pmrnet,loop,14.93847300298512,0.02,0.3720730310305953,4.2024009162560105,0.5084190052002668,0.08,0.35,0.05,0.45,1.2,22.17136595547199,861407.341190401,861407.346273542
778,eye0,pmrnet,loop,13.937917072325945,0.02,0.3443859750404954,3.2568780006840825,0.5147730698809028,0.08,0.35,0.05,0.45,1.2,20.203954117931424,861407.349225774,861407.353342044
779,eye0,pmrnet,loop,13.852511998265982,0.02,0.35034504253417253,3.33830201998353,0.4262940492480993,0.08,0.35,0.05,0.45,1.2,20.117453110031782,861407.357210405,861407.361325626
780,eye0,pmrnet,loop,15.915008960291743,0.02,0.34330098424106836,5.13323291670531,0.7922990480437875,0.08,0.35,0.05,0.45,1.2,24.333841909281908,861407.365187974,861407.371457078
781,eye0,pmrnet,loop,20.970870042219758,0.02,0.4672049544751644,9.611163986846805,1.2750860769301653,0.08,0.35,0.05,0.45,1.2,34.47432506047189,861407.373227883,861407.384581728
782,eye0,pmrnet,loop,21.529456018470228,0.02,1.51863694190979,6.565460003912449,0.42836996726691723,0.08,0.35,0.05,0.45,1.2,32.19192293155938,861407.384696514,861407.393209371
783,eye0,pmrnet,loop,24.52169801108539,0.02,0.4703630693256855,9.479979984462261,0.5033919587731361,0.08,0.35,0.05,0.45,1.2,37.12543302364647,861407.39381608,861407.404270289
784,eye0,pmrnet,loop,24.65557598043233,0.02,0.6181231001392007,6.967326044104993,0.43906306382268667,0.08,0.35,0.05,0.45,1.2,34.83008818849921,861407.404448564,861407.412473535
785,eye0,pmrnet,loop,28.05157797411084,0.02,0.47792692203074694,9.652705048210919,0.6487079663202167,0.08,0.35,0.05,0.45,1.2,40.98091791067272,861407.413158964,861407.423938668
787,eye0,pmrnet,loop,17.586544039659202,0.02,0.34410692751407623,4.972171038389206,0.24312396999448538,0.08,0.35,0.05,0.45,1.2,25.295945975556968,861407.424051838,861407.429611592
788,eye0,pmrnet,loop,14.901149086654186,0.02,0.3342389827594161,4.209429956972599,0.3354559885337949,0.08,0.35,0.05,0.45,1.2,21.930274014919995,861407.43011587,861407.434995187
789,eye0,pmrnet,loop,13.24115099851042,0.02,0.3634949680417776,3.3949059434235096,0.46377500984817743,0.08,0.35,0.05,0.45,1.2,19.613326919823884,861407.43718189,861407.441404289
790,eye0,pmrnet,loop,13.626341009512544,0.02,0.3691520541906357,3.4539980115368962,0.8235150016844273,0.08,0.35,0.05,0.45,1.2,20.4230060769245,861407.445211414,861407.449858327
791,eye0,pmrnet,loop,19.617306999862194,0.02,0.47405692748725414,9.486049064435065,0.6716439966112375,0.08,0.35,0.05,0.45,1.2,32.39905698839575,861407.453286263,861407.463918432
792,eye0,pmrnet,loop,15.920240082778037,0.02,0.952963950112462,3.1054699793457985,0.21111499518156052,0.08,0.35,0.05,0.45,1.2,22.339789007417856,861407.464020663,861407.46829041
793,eye0,pmrnet,loop,19.20872798655182,0.02,0.47740701120346785,9.4669220270589,0.46524498611688614,0.08,0.35,0.05,0.45,1.2,31.768302010931073,861407.469237206,861407.479647249
794,eye0,pmrnet,loop,20.930428989231586,0.02,0.5318319890648127,8.040625019930303,1.0550370207056403,0.08,0.35,0.05,0.45,1.2,32.70792301893234,861407.479810689,861407.489438515
795,eye0,pmrnet,loop,17.10174896288663,0.02,0.32411003485322,3.17283405456692,0.27089810464531183,0.08,0.35,0.05,0.45,1.2,23.01959115695208,861407.489910422,861407.493678517
796,eye0,pmrnet,loop,14.578388072550297,0.02,0.4656800301745534,4.425092018209398,0.4976879572495818,0.08,0.35,0.05,0.45,1.2,22.11684807818383,861407.493835653,861407.499224521
797,eye0,pmrnet,loop,13.638189993798733,0.02,0.3489250084385276,3.7500689504668117,1.047115889377892,0.08,0.35,0.05,0.45,1.2,20.934299842081963,861407.501206686,861407.506353117
798,eye0,pmrnet,loop,12.295069987885654,0.02,0.3163738874718547,3.3194790594279766,0.2292729914188385,0.08,0.35,0.05,0.45,1.2,18.310195926204322,861407.509213742,861407.513079137
799,eye0,pmrnet,loop,12.132484000176191,0.02,0.32600900158286095,3.2228119671344757,0.21433806978166103,0.08,0.35,0.05,0.45,1.2,18.045643038675188,861407.517222161,861407.520985563
800,eye0,pmrnet,loop,18.21011898573488,0.02,0.4274320090189576,9.150303085334599,0.36426191218197346,0.08,0.35,0.05,0.45,1.2,30.30211599227041,861407.525189306,861407.53513178
769,eye1,pmrnet,loop,14.702473068609834,0.02,0.3909749211743474,3.915288019925356,0.8886909345164895,0.08,0.35,0.05,0.45,1.2,22.047426944226025,861407.301252255,861407.306447433
770,eye1,pmrnet,loop,14.729241956956685,0.02,0.35980099346488714,4.631677991710603,0.3143200883641839,0.08,0.35,0.05,0.45,1.2,22.185041030496357,861407.309237224,861407.314543263
771,eye1,pmrnet,loop,14.424943015910685,0.02,0.37651904858648777,3.7893829867243767,0.8864699630066752,0.08,0.35,0.05,0.45,1.2,21.627315014228223,861407.317255279,861407.322307852
772,eye1,pmrnet,loop,14.191522030159831,0.02,0.32279593870043755,3.793307929299772,0.8468410233035684,0.08,0.35,0.05,0.45,1.2,21.304466921463607,861407.325180356,861407.330143525
773,eye1,pmrnet,loop,14.165194006636739,0.02,0.34355896059423685,3.6485869204625487,1.0104980319738388,0.08,0.35,0.05,0.45,1.2,21.31783791966736,861407.333183057,861407.338185886
774,eye1,pmrnet,loop,15.275349956937134,0.02,0.3472220851108432,5.507689900696278,0.33103208988904953,0.08,0.35,0.05,0.45,1.2,23.611294032633303,861407.341178321,861407.347364622
775,eye1,pmrnet,loop,16.587345977313817,0.02,0.5088880425319076,6.739546079188585,0.21138996817171574,0.08,0.35,0.05,0.45,1.2,26.197170067206024,861407.34928622,861407.356746415
776,eye1,pmrnet,loop,19.527276046574116,0.02,0.4660099511966109,9.509033057838678,0.47008099500089884,0.08,0.35,0.05,0.45,1.2,32.1224000506103,861407.357309268,861407.36775483
777,eye1,pmrnet,loop,17.773222993128,0.02,0.4734230460599065,4.429081920534372,0.31060492619872093,0.08,0.35,0.05,0.45,1.2,25.136332885921,861407.368856763,861407.374070228
778,eye1,pmrnet,loop,14.186566113494337,0.02,0.3275880590081215,3.6454369546845555,0.40985899977386,0.08,0.35,0.05,0.45,1.2,20.719450126960872,861407.374169091,861407.378552188
779,eye1,pmrnet,loop,12.610166915692389,0.02,0.30920805875211954,3.3142550382763147,0.21887593902647495,0.08,0.35,0.05,0.45,1.2,18.602505951747297,861407.381202356,861407.385044929
780,eye1,pmrnet,loop,19.39922000747174,0.02,0.4689220804721117,9.434847976081073,0.7071889704093337,0.08,0.35,0.05,0.45,1.2,32.16017903443426,861407.389291243,861407.399902695
781,eye1,pmrnet,loop,21.79737004917115,0.02,0.4594259662553668,9.379395050927997,0.46236999332904816,0.08,0.35,0.05,0.45,1.2,34.24856105968356,861407.400068201,861407.410369812
782,eye1,pmrnet,loop,20.432437071576715,0.02,1.0474700247868896,4.139102064073086,0.810645055025816,0.08,0.35,0.05,0.45,1.2,28.579654215462504,861407.411077118,861407.417074554
783,eye1,pmrnet,loop,16.45685895346105,0.02,0.3565968945622444,3.2549750758334994,0.3674020990729332,0.08,0.35,0.05,0.45,1.2,22.585833022929727,861407.417188704,861407.421167948
784,eye1,pmrnet,loop,12.558255926705897,0.02,0.3221089718863368,3.2738629961386323,0.47370209358632565,0.08,0.35,0.05,0.45,1.2,18.77792998831719,861407.42126846,861407.425338341
785,eye1,pmrnet,loop,14.073060010559857,0.02,0.33796008210629225,3.8981150137260556,1.3584239641204476,0.08,0.35,0.05,0.45,1.2,21.81755907051265,861407.429327327,861407.434922064
786,eye1,pmrnet,loop,19.04026698321104,0.02,0.4792360123246908,9.51250409707427,0.7420870242640376,0.08,0.35,0.05,0.45,1.2,31.924094116874038,861407.437223309,861407.447957575
787,eye1,pmrnet,loop,16.074695042334497,0.02,0.47935103066265583,4.238140070810914,0.1945210387930274,0.08,0.35,0.05,0.45,1.2,23.136707182601093,861407.448149315,861407.453061682
788,eye1,pmrnet,loop,13.478534994646907,0.02,0.47319906298071146,3.8681570440530777,0.3997419262304902,0.08,0.35,0.05,0.45,1.2,20.369633027911185,861407.45379312,861407.458534602
789,eye1,pmrnet,loop,14.52760398387909,0.02,0.3511119866743684,4.782072035595775,1.2497729621827602,0.08,0.35,0.05,0.45,1.2,23.06056096833199,861407.461268467,861407.467651916
790,eye1,pmrnet,loop,18.351524020545185,0.02,0.4692729562520981,9.376417961902916,0.4612490301951766,0.08,0.35,0.05,0.45,1.2,30.808463968895374,861407.469237535,861407.479544914
791,eye1,pmrnet,loop,16.253893030807376,0.02,0.5556059768423438,3.932841937057674,0.4799329908564687,0.08,0.35,0.05,0.45,1.2,23.37227393556386,861407.480548373,861407.485517004
792,eye1,pmrnet,loop,12.152179959230125,0.02,0.33817102666944265,3.2153510255739093,0.30793994665145874,0.08,0.35,0.05,0.45,1.2,18.163641958124934,861407.48562253,861407.489484216
793,eye1,pmrnet,loop,12.53085897769779,0.02,0.3346569137647748,3.680752939544618,0.6640080828219652,0.08,0.35,0.05,0.45,1.2,19.360276913829146,861407.493252267,861407.497931916
794,eye1,pmrnet,loop,12.931769015267491,0.02,0.3372159553691745,4.373219911940396,0.4200250841677189,0.08,0.35,0.05,0.45,1.2,20.21222996674478,861407.501271125,861407.506401855
795,eye1,pmrnet,loop,15.571283060126007,0.02,0.3563759382814169,3.267413005232811,0.20023109391331673,0.08,0.35,0.05,0.45,1.2,21.54530309755355,861407.51328593,861407.51711023
796,eye1,pmrnet,loop,15.49580309074372,0.02,0.3515268908813596,3.2646890031173825,0.23559597320854664,0.08,0.35,0.05,0.45,1.2,21.497614957951008,861407.521251736,861407.525103849
797,eye1,pmrnet,loop,15.828614006750286,0.02,0.34772197250276804,3.1481379410251975,0.7556780474260449,0.08,0.35,0.05,0.45,1.2,22.230151967704295,861407.529253904,861407.533505663
798,eye1,pmrnet,loop,15.954455942846835,0.02,0.3442709567025304,3.7465860368683934,0.33564900513738394,0.08,0.35,0.05,0.45,1.2,22.53096194155514,861407.537273722,861407.54170047
799,eye1,pmrnet,loop,16.163005027920008,0.02,0.3244909457862377,3.666435950435698,0.7133500184863806,0.08,0.35,0.05,0.45,1.2,23.017281942628323,861407.545274246,861407.549978853
800,eye1,pmrnet,loop,15.319149009883404,0.02,0.34357502590864897,3.2536110375076532,0.33702095970511436,0.08,0.35,0.05,0.45,1.2,21.40335603300482,861407.553269709,861407.557204276
801,eye1,pmrnet,loop,15.317801968194544,0.02,0.3476790152490139,3.374733030796051,0.350187998265028,0.08,0.35,0.05,0.45,1.2,21.540402012504636,861407.56119829,861407.565271294
802,eye1,pmrnet,loop,20.378164015710354,0.02,0.4823280032724142,8.39791796170175,0.21628302056342363,0.08,0.35,0.05,0.45,1.2,31.62469300124794,861407.569304338,861407.578401183
803,eye1,pmrnet,loop,22.55188301205635,0.02,0.3474749391898513,9.345146012492478,0.4378369776532054,0.08,0.35,0.05,0.45,1.2,34.832340941391884,861407.578512407,861407.588643252
804,eye1,pmrnet,loop,24.960214970633388,0.02,0.4822929622605443,8.620390086434782,0.4010129487141967,0.08,0.35,0.05,0.45,1.2,36.61391096804291,861407.58961711,861407.599121148
805,eye1,pmrnet,loop,23.701120051555336,0.02,0.4650459159165621,5.535088013857603,0.7058079354465008,0.08,0.35,0.05,0.45,1.2,32.557061916776,861407.599224785,861407.605931098
806,eye1,pmrnet,loop,26.95425390265882,0.02,0.46240503434091806,9.540044004097581,0.7590209133923054,0.08,0.35,0.05,0.45,1.2,39.86572385448962,861407.606490674,861407.617252591
808,eye1,pmrnet,loop,21.54622005764395,0.02,0.49525604117661715,9.397423011250794,0.651051988825202,0.08,0.35,0.05,0.45,1.2,34.23995109889656,861407.617438562,861407.627982806
809,eye1,pmrnet,loop,21.912095020525157,0.02,2.435068949125707,4.935525939799845,0.3091550897806883,0.08,0.35,0.05,0.45,1.2,31.741844999231397,861407.628738048,861407.63641816
810,eye1,pmrnet,loop,18.894210923463106,0.02,0.33450406044721603,3.3109079813584685,1.306156045757234,0.08,0.35,0.05,0.45,1.2,25.995779011026023,861407.636517475,861407.641469314
811,eye1,pmrnet,loop,20.799094927497208,0.02,0.3372760256752372,9.158988948911428,0.3733609337359667,0.08,0.35,0.05,0.45,1.2,32.81872083581984,861407.6415723,861407.651442308
812,eye1,pmrnet,loop,25.518503040075302,0.02,3.5101549001410604,7.840928039513528,0.2011460019275546,0.08,0.35,0.05,0.45,1.2,39.220731981657444,861407.652679028,861407.664231634
813,eye1,pmrnet,loop,23.32403208129108,0.02,0.33178296871483326,5.0145130371674895,0.4263150040060282,0.08,0.35,0.05,0.45,1.2,31.24664309117943,861407.664332668,861407.670105583
814,eye1,pmrnet,loop,26.19217603933066,0.02,0.5064560100436211,9.240365936420858,0.4501770017668605,0.08,0.35,0.05,0.45,1.2,38.539174987562,861407.670844878,861407.681042311
815,eye1,pmrnet,loop,26.29844192415476,0.02,0.7478799670934677,5.717223975807428,1.3519449857994914,0.08,0.35,0.05,0.45,1.2,36.265490852855145,861407.681400419,861407.68921786
817,eye1,pmrnet,loop,20.212991978041828,0.02,0.4908459959551692,8.453937945887446,0.22111099679023027,0.08,0.35,0.05,0.45,1.2,31.528886916674672,861407.690104861,861407.699271162
818,eye1,pmrnet,loop,16.918856999836862,0.02,0.3012020606547594,4.066787892952561,0.3079950110986829,0.08,0.35,0.05,0.45,1.2,23.744841964542864,861407.699369742,861407.704045951
819,eye1,pmrnet,loop,21.627363981679082,0.02,0.4990319721400738,9.469504002481699,1.5322859399020672,0.08,0.35,0.05,0.45,1.2,35.27818589620292,861407.705321483,861407.716822812
820,eye1,pmrnet,loop,24.713051971048117,0.02,0.5234390264376998,9.456100990064442,0.41109102312475443,0.08,0.35,0.05,0.45,1.2,37.25368301067501,861407.717586428,861407.727977586
801,eye0,pmrnet,loop,16.63788501173258,0.02,0.32483600080013275,3.7370679201558232,0.9912890382111073,0.08,0.35,0.05,0.45,1.2,23.84107797089964,861407.536575522,861407.541628974
802,eye0,pmrnet,loop,18.472219933755696,0.02,0.3489259397611022,9.224609937518835,0.22227095905691385,0.08,0.35,0.05,0.45,1.2,30.418026770092546,861407.541736141,861407.55153223
803,eye0,pmrnet,loop,15.99885302130133,0.02,0.3532229457050562,4.036993021145463,1.101916073821485,0.08,0.35,0.05,0.45,1.2,23.640985061973332,861407.551635463,861407.557127848
804,eye0,pmrnet,loop,12.892607948742807,0.02,0.3331450279802084,3.1998830381780863,0.48805109690874815,0.08,0.35,0.05,0.45,1.2,19.06368711180985,861407.558069338,861407.562090686
805,eye0,pmrnet,loop,11.650025029666722,0.02,0.34169794525951147,3.1513560097664595,0.20723300985991955,0.08,0.35,0.05,0.45,1.2,17.50031199455261,861407.56521662,861407.568917145
806,eye0,pmrnet,loop,11.858982034027576,0.02,0.34497096203267574,3.2804450020194054,0.3666729899123311,0.08,0.35,0.05,0.45,1.2,18.001070987991987,861407.573202716,861407.577195099
807,eye0,pmrnet,loop,18.510479014366865,0.02,0.48423302359879017,9.468305972404778,0.7103320676833391,0.08,0.35,0.05,0.45,1.2,31.32335007805377,861407.581251089,861407.591914623
808,eye0,pmrnet,loop,20.757897989824414,0.02,0.46204100362956524,9.12899593822658,0.5513810319826007,0.08,0.35,0.05,0.45,1.2,33.05031596366316,861407.592088889,861407.602231755
809,eye0,pmrnet,loop,24.343971977941692,0.02,0.4640009719878435,9.707360994070768,0.6659079808741808,0.08,0.35,0.05,0.45,1.2,37.33124192487448,861407.603048708,861407.613886404
811,eye0,pmrnet,loop,19.356557982973754,0.02,1.1174289975315332,9.402395924553275,0.4510950529947877,0.08,0.35,0.05,0.45,1.2,32.47747795805335,861407.614065859,861407.625037272
812,eye0,pmrnet,loop,17.290321993641555,0.02,0.47296192497015,4.571686033159494,0.2395380288362503,0.08,0.35,0.05,0.45,1.2,24.72450798060745,861407.625755794,861407.63104034
813,eye0,pmrnet,loop,14.549123006872833,0.02,0.40376593824476004,3.232294926419854,1.5897490084171295,0.08,0.35,0.05,0.45,1.2,21.924932879954575,861407.63114212,861407.636368155
814,eye0,pmrnet,loop,11.67534408159554,0.02,0.3349239705130458,3.6922249710187316,0.33593294210731983,0.08,0.35,0.05,0.45,1.2,18.188425965234636,861407.637199975,861407.64156332
815,eye0,pmrnet,loop,11.529026087373495,0.02,0.3130990080535412,3.2654969254508615,0.6933660479262471,0.08,0.35,0.05,0.45,1.2,17.950988068804143,861407.645214831,861407.649487043
816,eye0,pmrnet,loop,17.543721944093704,0.02,0.46653696335852146,9.39672696404159,0.461529940366745,0.08,0.35,0.05,0.45,1.2,30.01851581186056,861407.653245237,861407.663570488
817,eye0,pmrnet,loop,20.039420924149454,0.02,0.7794189732521772,9.10622300580144,0.5224930355325341,0.08,0.35,0.05,0.45,1.2,32.5975559387356,861407.663726488,861407.674135128
818,eye0,pmrnet,loop,23.262441041879356,0.02,0.46842906158417463,9.422750095836818,0.4847379168495536,0.08,0.35,0.05,0.45,1.2,35.7883581161499,861407.675050661,861407.685427025
819,eye0,pmrnet,loop,27.729567023925483,0.02,2.6197360130026937,9.282288956455886,0.460305018350482,0.08,0.35,0.05,0.45,1.2,42.241897011734544,861407.685600587,861407.697963377
821,eye0,pmrnet,loop,17.6250790245831,0.02,0.351610011421144,4.05021000187844,0.8783179800957441,0.08,0.35,0.05,0.45,1.2,25.05521701797843,861407.698716639,861407.703997034
822,eye0,pmrnet,loop,15.337795950472355,0.02,0.37107698153704405,3.7409609649330378,0.3701340174302459,0.08,0.35,0.05,0.45,1.2,21.96996791437268,861407.705296448,861407.709778855
823,eye0,pmrnet,loop,15.074857976287603,0.02,0.34607399720698595,3.5287929931655526,0.42269506957381964,0.08,0.35,0.05,0.45,1.2,21.52242003623396,861407.713287098,861407.717584962
824,eye0,pmrnet,loop,22.001235047355294,0.02,0.47558906953781843,9.50221496168524,1.2476369738578796,0.08,0.35,0.05,0.45,1.2,35.37667605243623,861407.721353987,861407.732579882
825,eye0,pmrnet,loop,24.356446927413344,0.02,0.6011000368744135,9.22070408705622,0.43592904694378376,0.08,0.35,0.05,0.45,1.2,36.76418009828776,861407.732741277,861407.742999466
826,eye0,pmrnet,loop,24.317661998793483,0.02,0.484514981508255,6.499044015072286,0.2177489222958684,0.08,0.35,0.05,0.45,1.2,33.6689699176699,861407.743832954,861407.751034615
827,eye0,pmrnet,loop,22.621465963311493,0.02,0.3401560243219137,5.514835007488728,0.41879701893776655,0.08,0.35,0.05,0.45,1.2,31.0452540140599,861407.751133351,861407.757407411
828,eye0,pmrnet,loop,19.067438086494803,0.02,0.339584075845778,3.7477019941434264,0.327209010720253,0.08,0.35,0.05,0.45,1.2,25.63193316720426,861407.757507756,861407.761922501
829,eye0,pmrnet,loop,21.892069024033844,0.02,0.4729519132524729,9.30182496085763,0.35295006819069386,0.08,0.35,0.05,0.45,1.2,34.16979596633464,861407.762687424,861407.772815619
830,eye0,pmrnet,loop,25.059075909666717,0.02,4.181822994723916,6.423239014111459,0.46864000614732504,0.08,0.35,0.05,0.45,1.2,38.282777924649416,861407.772977535,861407.784051613
831,eye0,pmrnet,loop,28.196519007906318,0.02,0.4823369672521949,9.371108026243746,0.4745069891214371,0.08,0.35,0.05,0.45,1.2,40.674470990523695,861407.78492993,861407.795258291
833,eye0,pmrnet,loop,17.94370007701218,0.02,0.4447030369192362,4.6392170479521155,0.6477109855040908,0.08,0.35,0.05,0.45,1.2,25.825331147387622,861407.795411669,861407.801143632
834,eye0,pmrnet,loop,14.492549002170563,0.02,0.31621207017451525,3.1913149869069457,0.4904980305582285,0.08,0.35,0.05,0.45,1.2,20.64057408981025,861407.801763353,861407.80576161
835,eye0,pmrnet,loop,15.34360193181783,0.02,0.3635499160736799,4.078679950907826,1.0217840317636728,0.08,0.35,0.05,0.45,1.2,22.957615830563007,861407.80921725,861407.81468151
836,eye0,pmrnet,loop,14.086383976973593,0.02,0.35934301558882,3.3593440894037485,0.548299984075129,0.08,0.35,0.05,0.45,1.2,20.50337106604129,861407.81722615,861407.821493369
837,eye0,pmrnet,loop,14.01839207392186,0.02,0.3392270300537348,3.4305460285395384,0.48881699331104755,0.08,0.35,0.05,0.45,1.2,20.42698212582618,861407.825235639,861407.829494491
838,eye0,pmrnet,loop,14.49533796403557,0.02,0.4282090812921524,3.6570930387824774,0.7082880474627018,0.08,0.35,0.05,0.45,1.2,21.4389281315729,861407.833246522,861407.838040395
839,eye0,pmrnet,loop,14.820599928498268,0.02,0.3688780125230551,3.867243998683989,0.9393119253218174,0.08,0.35,0.05,0.45,1.2,22.14603386502713,861407.841258532,861407.846434237
840,eye0,pmrnet,loop,20.121113979257643,0.02,0.4960490623489022,9.40364704001695,0.6591730052605271,0.08,0.35,0.05,0.45,1.2,32.82998308688402,861407.84924436,861407.859803696
841,eye0,pmrnet,loop,17.704257974401116,0.02,0.459852977655828,4.3392060324549675,0.6894749822095037,0.08,0.35,0.05,0.45,1.2,25.342791966721414,861407.859967511,861407.865456398
842,eye0,pmrnet,loop,21.366839995607734,0.02,0.4842979833483696,9.596960037015378,0.5270279943943024,0.08,0.35,0.05,0.45,1.2,34.12512601036579,861407.866578951,861407.877187663
843,eye0,pmrnet,loop,18.302460899576545,0.02,0.5732260178774595,3.5959219094365835,0.7173089543357491,0.08,0.35,0.05,0.45,1.2,25.338917781226336,861407.877305703,861407.882192413
844,eye0,pmrnet,loop,15.252929995767772,0.02,0.36915496457368135,3.3177939476445317,0.382060999982059,0.08,0.35,0.05,0.45,1.2,21.471939907968043,861407.883142828,861407.887212094
845,eye0,pmrnet,loop,13.728694058954716,0.02,0.2861849498003721,3.299951902590692,0.4999410593882203,0.08,0.35,0.05,0.45,1.2,19.964771970734,861407.889670462,861407.893756765
846,eye0,pmrnet,loop,13.63187504466623,0.02,0.3582410281524062,3.364235977642238,0.7313750684261322,0.08,0.35,0.05,0.45,1.2,20.235727118887006,861407.897274969,861407.901729027
847,eye0,pmrnet,loop,21.437082905322313,0.02,0.46894000843167305,10.746479965746403,1.1283709900453687,0.08,0.35,0.05,0.45,1.2,35.930873869545756,861407.905258775,861407.917602974
848,eye0,pmrnet,loop,25.63436795026064,0.02,2.501430921256542,9.297601995058358,0.35703403409570456,0.08,0.35,0.05,0.45,1.2,39.94043490067124,861407.917712367,861407.929868916
850,eye0,pmrnet,loop,15.443174983374774,0.02,0.6079520098865032,4.074607044458389,0.3813561052083969,0.08,0.35,0.05,0.45,1.2,22.657090142928062,861407.930752041,861407.935816321
851,eye0,pmrnet,loop,14.961410081014037,0.02,0.34597294870764017,5.478619015775621,0.3354880027472973,0.08,0.35,0.05,0.45,1.2,23.271490048244594,861407.937243131,861407.943403448
852,eye0,pmrnet,loop,15.083467005752027,0.02,2.091409987770021,3.8289629155769944,0.4109339788556099,0.08,0.35,0.05,0.45,1.2,23.56477388795465,861407.945262805,861407.951594331
853,eye0,pmrnet,loop,18.501439946703613,0.02,0.47391303814947605,8.94350791350007,0.39971107617020607,0.08,0.35,0.05,0.45,1.2,30.468571974523364,861407.953264011,861407.963081517
854,eye0,pmrnet,loop,14.695463003590703,0.02,0.3715500934049487,3.4549380652606487,0.33513898961246014,0.08,0.35,0.05,0.45,1.2,21.00709015186876,861407.963182685,861407.967344529
821,eye1,pmrnet,loop,22.183444001711905,0.02,0.47233502846211195,3.7194769829511642,0.527934986166656,0.08,0.35,0.05,0.45,1.2,29.053190999291836,861407.728797402,861407.733517524
822,eye1,pmrnet,loop,18.272585002705455,0.02,0.3264560364186764,3.3714750315994024,0.36020693369209766,0.08,0.35,0.05,0.45,1.2,24.48072300441563,861407.733617294,861407.737675673
823,eye1,pmrnet,loop,22.679363028146327,0.02,0.45531592331826687,10.736598982475698,0.45846099965274334,0.08,0.35,0.05,0.45,1.2,36.47973893359303,861407.738500424,861407.75015121
824,eye1,pmrnet,loop,20.84941801149398,0.02,1.8361529801040888,3.419743967242539,0.865875044837594,0.08,0.35,0.05,0.45,1.2,29.1211900036782,861407.750267967,861407.756389971
825,eye1,pmrnet,loop,18.25161895249039,0.02,0.3267209976911545,3.3419569954276085,1.2449020287021995,0.08,0.35,0.05,0.45,1.2,25.31519897431135,861407.756947782,861407.761861589
827,eye1,pmrnet,loop,18.957208027131855,0.02,0.6451900117099285,4.755905014462769,1.171134994365275,0.08,0.35,0.05,0.45,1.2,27.679438047669827,861407.772132646,861407.77870524
828,eye1,pmrnet,loop,16.006431891582906,0.02,0.3214270109310746,3.3015559893101454,0.8413759060204029,0.08,0.35,0.05,0.45,1.2,22.620790797844528,861407.77935862,861407.78382323
829,eye1,pmrnet,loop,20.645014941692352,0.02,0.522896065376699,9.32062603533268,0.46988693065941334,0.08,0.35,0.05,0.45,1.2,33.10842397306114,861407.786216703,861407.796530554
830,eye1,pmrnet,loop,22.20224996563047,0.02,0.4687249893322587,8.11134499963373,0.22427900694310665,0.08,0.35,0.05,0.45,1.2,33.156598961539565,861407.797352561,861407.806157245
831,eye1,pmrnet,loop,19.33815807569772,0.02,0.32902497332543135,3.5105819115415215,1.2657060287892818,0.08,0.35,0.05,0.45,1.2,26.593470989353953,861407.806256744,861407.811362296
832,eye1,pmrnet,loop,15.405671088956296,0.02,0.32486498821526766,3.187752910889685,0.5220879102125764,0.08,0.35,0.05,0.45,1.2,21.590376898273824,861407.811463518,861407.815498489
833,eye1,pmrnet,loop,19.78372596204281,0.02,0.4845390794798732,9.45704197511077,0.7526339031755924,0.08,0.35,0.05,0.45,1.2,32.62794091980904,861407.817250591,861407.82794533
834,eye1,pmrnet,loop,17.0714269625023,0.02,0.47171697951853275,4.343576030805707,0.3785389708355069,0.08,0.35,0.05,0.45,1.2,24.415258943662046,861407.82810805,861407.833302244
835,eye1,pmrnet,loop,15.271287993527949,0.02,0.5726959789171815,4.853457910940051,0.19025697838515043,0.08,0.35,0.05,0.45,1.2,23.03769886177033,861407.833954582,861407.839571347
836,eye1,pmrnet,loop,13.963942998088896,0.02,0.34060096368193626,4.429679014720023,0.3062179312109947,0.08,0.35,0.05,0.45,1.2,21.19044090770185,861407.841256355,861407.846333085
837,eye1,pmrnet,loop,13.268460985273123,0.02,0.3454789984971285,3.7254139315336943,0.3623910015448928,0.08,0.35,0.05,0.45,1.2,19.851744916848837,861407.849273044,861407.853706617
838,eye1,pmrnet,loop,18.921896000392735,0.02,0.4674179945141077,9.34902101289481,0.3447650233283639,0.08,0.35,0.05,0.45,1.2,31.233100031130014,861407.857266227,861407.867427877
839,eye1,pmrnet,loop,23.48842704668641,0.02,1.5656619798392057,10.347234085202217,0.5315670277923346,0.08,0.35,0.05,0.45,1.2,38.08289013952017,861407.867618921,861407.880063983
840,eye1,pmrnet,loop,27.540292008779943,0.02,0.5325860111042857,10.041275061666965,0.6496970308944583,0.08,0.35,0.05,0.45,1.2,40.91385011244565,861407.880961721,861407.892185724
842,eye1,pmrnet,loop,21.002148976549506,0.02,0.4534539766609669,8.67106905207038,0.31443103216588497,0.08,0.35,0.05,0.45,1.2,32.591103037446736,861407.892346823,861407.901786132
843,eye1,pmrnet,loop,20.20722394809127,0.02,0.6877449341118336,5.0996619975194335,0.4464910598471761,0.08,0.35,0.05,0.45,1.2,28.59112193956971,861407.902825932,861407.909060267
844,eye1,pmrnet,loop,16.98721805587411,0.02,0.2628489164635539,3.456953912973404,0.6115259602665901,0.08,0.35,0.05,0.45,1.2,23.468546845577656,861407.909577628,861407.913909241
845,eye1,pmrnet,loop,12.970331008546054,0.02,0.3250009613111615,3.415664075873792,0.20808400586247444,0.08,0.35,0.05,0.45,1.2,19.06908005159348,861407.914012313,861407.917961292
846,eye1,pmrnet,loop,12.138791964389384,0.02,0.330620096065104,3.254836075939238,0.3942090552300215,0.08,0.35,0.05,0.45,1.2,18.268457191623746,861407.921218974,861407.925198883
847,eye1,pmrnet,loop,17.209541983902454,0.02,0.4610170144587755,8.193571004085243,0.4335299599915743,0.08,0.35,0.05,0.45,1.2,28.447659962438046,861407.929250121,861407.938338578
848,eye1,pmrnet,loop,13.622242026031017,0.02,0.33008307218551636,3.3034631051123142,0.744854100048542,0.08,0.35,0.05,0.45,1.2,20.15064230337739,861407.938441566,861407.942820179
849,eye1,pmrnet,loop,18.651571008376777,0.02,0.4747089697048068,9.678105008788407,0.4683559527620673,0.08,0.35,0.05,0.45,1.2,31.422740939632057,861407.945296096,861407.955917686
850,eye1,pmrnet,loop,22.026074002496898,0.02,0.5243310006335378,9.638929972425103,1.0757709387689829,0.08,0.35,0.05,0.45,1.2,35.41510591432452,861407.956122028,861407.967361487
851,eye1,pmrnet,loop,25.67675698082894,0.02,0.773564912378788,9.353294037282467,0.538296066224575,0.08,0.35,0.05,0.45,1.2,38.49191199671477,861407.968415748,861407.979081326
852,eye1,pmrnet,loop,28.083618031814694,0.02,0.4648930625990033,9.33927099686116,0.509559060446918,0.08,0.35,0.05,0.45,1.2,40.547341151721774,861407.979242816,861407.989556972
854,eye1,pmrnet,loop,22.748389979824424,0.02,0.494339969009161,9.195526014082134,0.3627670230343938,0.08,0.35,0.05,0.45,1.2,34.95102298595011,861407.990306872,861408.000359974
855,eye1,pmrnet,loop,21.89460291992873,0.02,0.45731302816420794,6.3886940479278564,0.21042302250862122,0.08,0.35,0.05,0.45,1.2,31.101033018529414,861408.000518913,861408.007575664
856,eye1,pmrnet,loop,18.58170097693801,0.02,0.3360050031915307,3.45970899797976,0.4508430138230324,0.08,0.35,0.05,0.45,1.2,24.97825799193233,861408.008084919,861408.012331698
857,eye1,pmrnet,loop,15.638698008842766,0.02,0.3717989893630147,3.508934983983636,0.36722503136843443,0.08,0.35,0.05,0.45,1.2,22.03665701355785,861408.013209558,861408.017457772
858,eye1,pmrnet,loop,15.850758994929492,0.02,0.37231401074677706,3.758808015845716,0.31245395075529814,0.08,0.35,0.05,0.45,1.2,22.444334972277282,861408.021294895,861408.025738703
859,eye1,pmrnet,loop,21.38833107892424,0.02,0.46862498857080936,9.289491921663284,0.32132898923009634,0.08,0.35,0.05,0.45,1.2,33.617776978388434,861408.029264889,861408.039344775
860,eye1,pmrnet,loop,23.932904936373234,0.02,0.4552688915282488,9.220132953487337,0.7766019552946091,0.08,0.35,0.05,0.45,1.2,36.53490873668343,861408.039505564,861408.049958084
861,eye1,pmrnet,loop,22.019866039045155,0.02,0.3343349089846015,4.556835046969354,0.39063103031367064,0.08,0.35,0.05,0.45,1.2,29.45166702531278,861408.050832948,861408.056115002
862,eye1,pmrnet,loop,17.91481499094516,0.02,0.32278092112392187,3.2229269854724407,0.3112480044364929,0.08,0.35,0.05,0.45,1.2,23.921770901978014,861408.056221649,861408.06007883
863,eye1,pmrnet,loop,16.751672024838626,0.02,0.3298131050541997,3.884203964844346,1.522938022390008,0.08,0.35,0.05,0.45,1.2,24.63862711712718,861408.061247672,861408.066984829
864,eye1,pmrnet,loop,21.045956993475556,0.02,0.47623005229979753,9.29905695375055,0.30923401936888695,0.08,0.35,0.05,0.45,1.2,33.2804780188948,861408.069262423,861408.079347428
865,eye1,pmrnet,loop,23.484110017307103,0.02,0.4666650202125311,9.412356070242822,0.46632601879537106,0.08,0.35,0.05,0.45,1.2,35.979457126557826,861408.079508661,861408.089854455
866,eye1,pmrnet,loop,24.63142096530646,0.02,0.47783192712813616,7.2498779045417905,0.7261310238391161,0.08,0.35,0.05,0.45,1.2,35.2352618208155,861408.090617191,861408.099071378
867,eye1,pmrnet,loop,20.51101706456393,0.02,0.34525489900261164,3.278816002421081,0.22175710182636976,0.08,0.35,0.05,0.45,1.2,26.50684506781399,861408.099173865,861408.103019937
868,eye1,pmrnet,loop,16.66466100141406,0.02,0.3678420325741172,3.1812620582059026,0.5718779284507036,0.08,0.35,0.05,0.45,1.2,22.935643020644783,861408.103121493,861408.107242688
869,eye1,pmrnet,loop,14.817048911936581,0.02,0.3387370379641652,3.4944979706779122,0.40384300518780947,0.08,0.35,0.05,0.45,1.2,21.204126925766467,861408.109226742,861408.113464046
870,eye1,pmrnet,loop,14.922842965461314,0.02,0.34780497662723064,3.718822030350566,0.3437489503994584,0.08,0.35,0.05,0.45,1.2,21.483218922838567,861408.117228218,861408.121638841
871,eye1,pmrnet,loop,21.00732096005231,0.02,0.4639049293473363,9.632038068957627,0.41961006354540586,0.08,0.35,0.05,0.45,1.2,33.672874021902686,861408.125275675,861408.135791708
872,eye1,pmrnet,loop,24.210846051573753,0.02,0.4852790152654052,9.417434106580913,0.4829500103369355,0.08,0.35,0.05,0.45,1.2,36.746509183757006,861408.136678391,861408.147064506
873,eye1,pmrnet,loop,25.334229925647378,0.02,0.46277802903205156,8.248297031968832,0.31973200384527445,0.08,0.35,0.05,0.45,1.2,36.515036990493535,861408.147225931,861408.156257127
855,eye0,pmrnet,loop,12.674026074819267,0.02,0.3503860207274556,3.238902078010142,0.5338710034266114,0.08,0.35,0.05,0.45,1.2,18.947185176983474,861407.969269771,861407.973393201
856,eye0,pmrnet,loop,19.047551089897752,0.02,0.4704969469457865,9.526254958473146,0.5962380673736334,0.08,0.35,0.05,0.45,1.2,31.790541062690316,861407.977241696,861407.987835112
857,eye0,pmrnet,loop,16.236707917414606,0.02,0.5295289447531104,4.142391961067915,0.41568500455468893,0.08,0.35,0.05,0.45,1.2,23.47431382779032,861407.988005662,861407.993093671
858,eye0,pmrnet,loop,12.739454978145659,0.02,0.3313160268589854,3.1408960931003094,0.3887589555233717,0.08,0.35,0.05,0.45,1.2,18.750426053628324,861407.993804393,861407.997665572
859,eye0,pmrnet,loop,12.459045043215156,0.02,0.3412719815969467,3.4482210176065564,0.43771800119429827,0.08,0.35,0.05,0.45,1.2,18.836256043612956,861408.001226639,861408.005454084
860,eye0,pmrnet,loop,18.38033099193126,0.02,0.5036080256104469,9.322021040134132,0.37398398853838444,0.08,0.35,0.05,0.45,1.2,30.72994404621422,861408.009243918,861408.019444015
861,eye0,pmrnet,loop,16.55520696658641,0.02,0.47685892786830664,4.019859014078975,0.850653974339366,0.08,0.35,0.05,0.45,1.2,24.052578882873057,861408.020340515,861408.025688263
862,eye0,pmrnet,loop,12.295647989958525,0.02,0.3312990302219987,3.1641710083931684,0.21553505212068558,0.08,0.35,0.05,0.45,1.2,18.156653080694376,861408.025786462,861408.029497699
863,eye0,pmrnet,loop,11.909696971997619,0.02,0.3285999409854412,3.279720898717642,0.3653749590739608,0.08,0.35,0.05,0.45,1.2,18.03339277077466,861408.033206775,861408.037180736
864,eye0,pmrnet,loop,11.805664049461484,0.02,0.33363502006977797,3.1808840576559305,0.4020130727440119,0.08,0.35,0.05,0.45,1.2,17.872196199931203,861408.041228904,861408.045145677
865,eye0,pmrnet,loop,18.678618012927473,0.02,0.49183994997292757,9.60362795740366,0.7173789199441671,0.08,0.35,0.05,0.45,1.2,31.641464840248226,861408.049274062,861408.060087279
866,eye0,pmrnet,loop,17.8434569388628,0.02,2.4549709632992744,3.5972980549558997,0.5718020256608725,0.08,0.35,0.05,0.45,1.2,26.617527982778846,861408.060697275,861408.067321572
867,eye0,pmrnet,loop,14.333421946503222,0.02,0.3343690186738968,3.305978956632316,0.8089899783954024,0.08,0.35,0.05,0.45,1.2,20.932759900204836,861408.067430935,861408.071880544
868,eye0,pmrnet,loop,11.48799597285688,0.02,0.33913692459464073,3.1111459247767925,0.3991960547864437,0.08,0.35,0.05,0.45,1.2,17.487474877014755,861408.073254302,861408.077104041
869,eye0,pmrnet,loop,18.15714209806174,0.02,0.48329902347177267,9.575034957379103,0.5087530007585883,0.08,0.35,0.05,0.45,1.2,30.874229079671203,861408.081274166,861408.09184172
870,eye0,pmrnet,loop,20.335248904302716,0.02,0.4654669901356101,8.985782973468304,0.6217570044100285,0.08,0.35,0.05,0.45,1.2,32.55825587231666,861408.092015738,861408.102089101
871,eye0,pmrnet,loop,23.840555921196938,0.02,0.4783039912581444,9.71586792729795,0.46231900341808796,0.08,0.35,0.05,0.45,1.2,36.64704684317112,861408.103006057,861408.113662994
873,eye0,pmrnet,loop,17.542015993967652,0.02,0.4698759876191616,8.98974307347089,0.216600950807333,0.08,0.35,0.05,0.45,1.2,29.368236005865036,861408.113826405,861408.12350299
874,eye0,pmrnet,loop,17.190879094414413,0.02,0.5304520018398762,6.014413898810744,0.46498700976371765,0.08,0.35,0.05,0.45,1.2,26.35073200482875,861408.124210367,861408.131220538
875,eye0,pmrnet,loop,13.532448909245431,0.02,0.45690499246120453,3.4137850161641836,0.3816499374806881,0.08,0.35,0.05,0.45,1.2,19.934788855351506,861408.131378796,861408.135631479
876,eye0,pmrnet,loop,12.03530898783356,0.02,0.3506600623950362,4.087337991222739,0.5048769526183605,0.08,0.35,0.05,0.45,1.2,19.128183994069694,861408.13725956,861408.142202852
877,eye0,pmrnet,loop,17.979952972382307,0.02,0.4863380454480648,9.925799095071852,0.5497499369084835,0.08,0.35,0.05,0.45,1.2,31.091840049810706,861408.145254571,861408.156216831
878,eye0,pmrnet,loop,14.53147700522095,0.02,0.5636690184473991,3.2657369738444686,0.6712590111419559,0.08,0.35,0.05,0.45,1.2,21.182142008654772,861408.156336376,861408.160837393
879,eye0,pmrnet,loop,21.23608998954296,0.02,0.4718800773844123,9.41313395742327,0.4681320860981941,0.08,0.35,0.05,0.45,1.2,33.739236110448836,861408.165257086,861408.175610695
880,eye0,pmrnet,loop,24.025816936045885,0.02,0.511788995936513,9.526894893497229,0.6596529856324196,0.08,0.35,0.05,0.45,1.2,36.874153811112045,861408.175770972,861408.186469733
881,eye0,pmrnet,loop,26.350685046054423,0.02,0.5354050081223249,8.733671042136848,0.3555659204721451,0.08,0.35,0.05,0.45,1.2,38.12532701678574,861408.187238411,861408.196863464
882,eye0,pmrnet,loop,24.158452986739576,0.02,0.3886630292981863,4.738398944027722,0.5702149355784059,0.08,0.35,0.05,0.45,1.2,32.00572989564389,861408.197042914,861408.202740458
883,eye0,pmrnet,loop,21.67126105632633,0.02,0.3533820854499936,4.330361029133201,0.7829449605196714,0.08,0.35,0.05,0.45,1.2,29.287949131429194,861408.202854866,861408.208321803
884,eye0,pmrnet,loop,21.294750971719623,0.02,0.4741570446640253,3.919346025213599,1.7938039964064956,0.08,0.35,0.05,0.45,1.2,29.63205803800374,861408.209827104,861408.216014742
885,eye0,pmrnet,loop,17.129982938058674,0.02,0.3625799436122179,3.2238030107691884,0.21615298464894295,0.08,0.35,0.05,0.45,1.2,23.082518877089022,861408.216116128,861408.219918924
886,eye0,pmrnet,loop,14.67341196257621,0.02,0.34401100128889084,3.5149779869243503,0.41868502739816904,0.08,0.35,0.05,0.45,1.2,21.10108597818762,861408.221253509,861408.225531431
887,eye0,pmrnet,loop,20.95240808557719,0.02,0.470162951387465,9.307474014349282,0.8417069911956787,0.08,0.35,0.05,0.45,1.2,33.721752042509614,861408.229259374,861408.239879174
888,eye0,pmrnet,loop,18.87779193930328,0.02,1.0671670315787196,4.540459951385856,0.22448599338531494,0.08,0.35,0.05,0.45,1.2,26.859904915653168,861408.240041355,861408.245873807
889,eye0,pmrnet,loop,21.041251020506024,0.02,0.4583480767905712,8.44877609051764,0.23010908626019955,0.08,0.35,0.05,0.45,1.2,32.328484274074434,861408.246968429,861408.256106056
890,eye0,pmrnet,loop,17.17301399912685,0.02,0.32261700835078955,3.328883904032409,0.44566101860255003,0.08,0.35,0.05,0.45,1.2,23.4201759301126,861408.256209466,861408.260306873
891,eye0,pmrnet,loop,14.163917978294194,0.02,0.32141804695129395,3.219247912056744,0.572846969589591,0.08,0.35,0.05,0.45,1.2,20.42743090689182,861408.261253317,861408.265367051
892,eye0,pmrnet,loop,17.42109504994005,0.02,0.47003792133182287,6.730241002514958,0.214841915294528,0.08,0.35,0.05,0.45,1.2,26.986215889081357,861408.269277682,861408.276693126
893,eye0,pmrnet,loop,15.394549001939595,0.02,0.3232849994674325,4.273369093425572,0.9188799886032939,0.08,0.35,0.05,0.45,1.2,23.06008308343589,861408.277219696,861408.282735484
894,eye0,pmrnet,loop,17.389899934642017,0.02,0.352240982465446,6.844609044492245,0.3680330701172352,0.08,0.35,0.05,0.45,1.2,27.10478303171694,861408.285234286,861408.292799505
895,eye0,pmrnet,loop,20.743194967508316,0.02,0.47188205644488335,9.606649982742965,0.8507829625159502,0.08,0.35,0.05,0.45,1.2,33.82250996921211,861408.293293178,861408.30422294
896,eye0,pmrnet,loop,20.31724900007248,0.02,0.3483069594949484,5.7593220844864845,0.6912329699844122,0.08,0.35,0.05,0.45,1.2,29.266111014038323,861408.305067199,861408.311866299
897,eye0,pmrnet,loop,16.443070955574512,0.02,0.35257101990282536,3.316696034744382,0.4086829721927643,0.08,0.35,0.05,0.45,1.2,22.671020982414483,861408.311982935,861408.31606113
898,eye0,pmrnet,loop,13.619800913147628,0.02,0.3540619509294629,3.326103091239929,0.3801959101110697,0.08,0.35,0.05,0.45,1.2,19.83016186542809,861408.317246262,861408.321306894
899,eye0,pmrnet,loop,13.480613008141518,0.02,0.31475198920816183,3.210238995961845,0.4148130537942052,0.08,0.35,0.05,0.45,1.2,19.570417047105728,861408.325296589,861408.329236596
900,eye0,pmrnet,loop,13.453630032017827,0.02,0.32741506583988667,3.2529380405321717,0.45267201494425535,0.08,0.35,0.05,0.45,1.2,19.63665515333414,861408.333245374,861408.337278679
901,eye0,pmrnet,loop,20.22857905831188,0.02,0.4796910798177123,9.62333893403411,0.7524850079789758,0.08,0.35,0.05,0.45,1.2,33.23409408014268,861408.341265844,861408.352121798
902,eye0,pmrnet,loop,21.14031300880015,0.02,0.5779881030321121,6.219462025910616,1.2738930527120829,0.08,0.35,0.05,0.45,1.2,31.36165619045496,861408.353031667,861408.361103352
903,eye0,pmrnet,loop,21.67244500014931,0.02,0.34157000482082367,7.766520953737199,0.39451709017157555,0.08,0.35,0.05,0.45,1.2,32.32505304887891,861408.36120169,861408.36970458
904,eye0,pmrnet,loop,18.054176005534828,0.02,0.308981048874557,3.192284028045833,0.2684850478544831,0.08,0.35,0.05,0.45,1.2,23.9739261303097,861408.370384887,861408.374154943
905,eye0,pmrnet,loop,21.100200014188886,0.02,0.45219692401587963,9.564468986354768,0.9388630278408527,0.08,0.35,0.05,0.45,1.2,34.205728952400385,861408.374313862,861408.38526985
875,eye1,pmrnet,loop,22.03872799873352,0.02,1.7400610959157348,9.454213897697628,0.4239609697833657,0.08,0.35,0.05,0.45,1.2,35.80696396213025,861408.157480492,861408.169099158
876,eye1,pmrnet,loop,22.022438002750278,0.02,0.4644090076908469,6.958237034268677,0.46608701813966036,0.08,0.35,0.05,0.45,1.2,32.06117106284946,861408.169263468,861408.177152512
877,eye1,pmrnet,loop,19.232847029343247,0.02,0.3141160123050213,3.3401650143787265,0.7519710343331099,0.08,0.35,0.05,0.45,1.2,25.789099090360104,861408.178025383,861408.18243189
878,eye1,pmrnet,loop,15.208262950181961,0.02,0.37966202944517136,3.25119704939425,0.30876905657351017,0.08,0.35,0.05,0.45,1.2,21.29789108559489,861408.182536432,861408.186476295
879,eye1,pmrnet,loop,13.930001994594932,0.02,0.3490620292723179,3.2165120355784893,0.3705399576574564,0.08,0.35,0.05,0.45,1.2,20.016116017103194,861408.189330596,861408.193266991
882,eye1,pmrnet,loop,16.070144018158317,0.02,0.31619006767868996,5.132421036250889,0.9234140161424875,0.08,0.35,0.05,0.45,1.2,24.592169138230382,861408.213242829,861408.219615113
887,eye1,pmrnet,loop,22.77885691728443,0.02,1.4985889429226518,9.348642081022263,0.32636895775794983,0.08,0.35,0.05,0.45,1.2,36.10245689898729,861408.255494236,861408.266668269
888,eye1,pmrnet,loop,19.492889987304807,0.02,0.34243694972246885,3.2526300055906177,0.7444960065186024,0.08,0.35,0.05,0.45,1.2,25.982452949136494,861408.267111756,861408.271451585
890,eye1,pmrnet,loop,13.971438049338758,0.02,0.33373001497238874,3.203685046173632,1.313425018452108,0.08,0.35,0.05,0.45,1.2,20.972278128936885,861408.277217455,861408.282068516
893,eye1,pmrnet,loop,13.16963299177587,0.02,0.34346594475209713,3.6376259522512555,0.21946209017187357,0.08,0.35,0.05,0.45,1.2,19.520186978951095,861408.301272767,861408.305473566
898,eye1,pmrnet,loop,13.602584949694574,0.02,0.9596339659765363,3.6658309400081635,0.38353295531123877,0.08,0.35,0.05,0.45,1.2,20.76158281099051,861408.341242255,861408.346251591
901,eye1,pmrnet,loop,16.787840984761715,0.02,0.48078398685902357,7.189295953139663,0.6885549519211054,0.08,0.35,0.05,0.45,1.2,27.296475876681505,861408.365284874,861408.373643914
902,eye1,pmrnet,loop,12.994593009352684,0.02,0.33218797761946917,3.350786049850285,0.4879609914496541,0.08,0.35,0.05,0.45,1.2,19.31552802827209,861408.373748288,861408.377919552
903,eye1,pmrnet,loop,12.600908055901527,0.02,0.31406397465616465,3.5315259592607617,0.19654398784041405,0.08,0.35,0.05,0.45,1.2,18.793041977658866,861408.38155253,861408.385594931
904,eye1,pmrnet,loop,13.745783013291657,0.02,0.35611807834357023,4.626818932592869,0.5353939486667514,0.08,0.35,0.05,0.45,1.2,21.414113972894846,861408.389290316,861408.39480889
905,eye1,pmrnet,loop,13.50199501030147,0.02,0.32154202926903963,3.582592005841434,0.49910007510334253,0.08,0.35,0.05,0.45,1.2,20.055229120515286,861408.398230516,861408.402634046
906,eye1,pmrnet,loop,12.108532013371587,0.02,0.338227953761816,3.2659010030329227,0.41711097583174706,0.08,0.35,0.05,0.45,1.2,18.27977194599807,861408.405288161,861408.409309645
907,eye1,pmrnet,loop,12.804741971194744,0.02,0.363781931810081,3.4875249257311225,0.9177731117233634,0.08,0.35,0.05,0.45,1.2,19.72382194045931,861408.413305407,861408.418074766
908,eye1,pmrnet,loop,18.38802103884518,0.02,0.4795599961653352,9.400295093655586,0.5022770492359996,0.08,0.35,0.05,0.45,1.2,30.9201531779021,861408.421343884,861408.43172649
909,eye1,pmrnet,loop,21.1194270523265,0.02,0.5823849933221936,9.415623033419251,0.6398969562724233,0.08,0.35,0.05,0.45,1.2,33.90733203534037,861408.431888614,861408.44252697
910,eye1,pmrnet,loop,22.853038972243667,0.02,0.4690339555963874,8.261627983301878,0.34817797131836414,0.08,0.35,0.05,0.45,1.2,34.0818788824603,861408.443249969,861408.45232916
911,eye1,pmrnet,loop,23.999857949092984,0.02,0.4696620162576437,8.103578933514655,0.4759610164910555,0.08,0.35,0.05,0.45,1.2,35.19905991535634,861408.452496345,861408.461545903
912,eye1,pmrnet,loop,27.071477030403912,0.02,0.5217039724811912,9.508874034509063,0.3296090289950371,0.08,0.35,0.05,0.45,1.2,39.5816640663892,861408.462325345,861408.472685961
913,eye1,pmrnet,loop,27.067171991802752,0.02,0.494422041811049,7.072487962432206,0.3396701067686081,0.08,0.35,0.05,0.45,1.2,37.12375210281461,861408.472844338,861408.480751245
915,eye1,pmrnet,loop,21.59710496198386,0.02,0.46872394159436226,9.245892986655235,0.23717305157333612,0.08,0.35,0.05,0.45,1.2,33.6988949418068,861408.48146691,861408.491419064
916,eye1,pmrnet,loop,18.839390948414803,0.02,0.36849500611424446,3.8578170351684093,0.9703780524432659,0.08,0.35,0.05,0.45,1.2,26.18608104214072,861408.491533648,861408.49673053
917,eye1,pmrnet,loop,15.044596046209335,0.02,0.35850307904183865,3.1599720241501927,0.19364396575838327,0.08,0.35,0.05,0.45,1.2,20.90671511515975,861408.49729225,861408.501004585
918,eye1,pmrnet,loop,17.21910003107041,0.02,0.3201609943062067,5.20010304171592,0.4470279673114419,0.08,0.35,0.05,0.45,1.2,25.33639203440398,861408.505279981,861408.511247627
919,eye1,pmrnet,loop,21.768742939457297,0.02,0.4664809675887227,9.635358001105487,0.48032402992248535,0.08,0.35,0.05,0.45,1.2,34.50090593807399,861408.513283849,861408.523866395
920,eye1,pmrnet,loop,18.64666596520692,0.02,0.33386400900781155,3.3985290210694075,0.5444929702207446,0.08,0.35,0.05,0.45,1.2,25.073551965504883,861408.524537434,861408.528814574
921,eye1,pmrnet,loop,15.448054065927863,0.02,0.33342395909130573,3.324102028273046,0.7159520173445344,0.08,0.35,0.05,0.45,1.2,21.971532070636748,861408.529311054,861408.533684755
922,eye1,pmrnet,loop,15.052553033456206,0.02,0.3177790204063058,3.3053719671443105,0.45447598677128553,0.08,0.35,0.05,0.45,1.2,21.280180007778107,861408.53728065,861408.541358499
923,eye1,pmrnet,loop,16.318005975335836,0.02,0.32519898377358913,3.9381729438900948,1.1253859847784042,0.08,0.35,0.05,0.45,1.2,23.856763887777923,861408.545303814,861408.550692782
924,eye1,pmrnet,loop,14.896307955496013,0.02,0.35037798807024956,3.466048976406455,0.22208201698958874,0.08,0.35,0.05,0.45,1.2,21.084816936962305,861408.553301473,861408.557340276
925,eye1,pmrnet,loop,15.16989094670862,0.02,0.353808980435133,3.28292406629771,0.7030180422589183,0.08,0.35,0.05,0.45,1.2,21.65964203570038,861408.561342872,861408.565682861
926,eye1,pmrnet,loop,18.55868799611926,0.02,0.46221306547522545,6.916058948263526,0.42404793202877045,0.08,0.35,0.05,0.45,1.2,28.51100794188678,861408.569338189,861408.577140854
927,eye1,pmrnet,loop,14.686512993648648,0.02,0.32799807377159595,3.3215630101040006,0.37185894325375557,0.08,0.35,0.05,0.45,1.2,20.857933020778,861408.577315937,861408.58133757
928,eye1,pmrnet,loop,14.79975797701627,0.02,0.34290505573153496,3.27677302993834,0.5930339684709907,0.08,0.35,0.05,0.45,1.2,21.162470031157135,861408.585306926,861408.58951987
929,eye1,pmrnet,loop,17.237358959391713,0.02,0.4726070910692215,5.315281916409731,0.9607539977878332,0.08,0.35,0.05,0.45,1.2,26.136001964658497,861408.593277468,861408.600026427
930,eye1,pmrnet,loop,14.382192981429398,0.02,0.3299480304121971,3.2630868954584002,0.3612400032579899,0.08,0.35,0.05,0.45,1.2,20.486467910557984,861408.601285542,861408.605240065
931,eye1,pmrnet,loop,14.101564069278538,0.02,0.34187594428658485,3.2014939934015274,0.19133707974106073,0.08,0.35,0.05,0.45,1.2,19.98627108670771,861408.609293603,861408.613028603
932,eye1,pmrnet,loop,14.230495900847018,0.02,0.3507209476083517,3.418654901906848,0.19312102813273668,0.08,0.35,0.05,0.45,1.2,20.342992778494953,861408.617263716,861408.621226446
933,eye1,pmrnet,loop,13.928361935541034,0.02,0.3386150347068906,3.22288298048079,0.1906669931486249,0.08,0.35,0.05,0.45,1.2,19.830526943877338,861408.625240821,861408.628993249
934,eye1,pmrnet,loop,20.58152703102678,0.02,0.3616620087996125,8.674305980093777,1.4293619897216558,0.08,0.35,0.05,0.45,1.2,33.196857009641825,861408.633249773,861408.643715489
935,eye1,pmrnet,loop,16.735611017793417,0.02,0.31978299375623465,3.2069480512291193,0.21802494302392006,0.08,0.35,0.05,0.45,1.2,22.63036700580269,861408.644193565,861408.647938577
936,eye1,pmrnet,loop,17.023054067976773,0.02,0.4566200077533722,5.723540089093149,0.21752691827714443,0.08,0.35,0.05,0.45,1.2,25.570741083100437,861408.649896995,861408.656295019
937,eye1,pmrnet,loop,14.91797692142427,0.02,0.3390200436115265,4.322130000218749,0.3186159301549196,0.08,0.35,0.05,0.45,1.2,22.047742895409463,861408.657278535,861408.662258546
938,eye1,pmrnet,loop,14.983949949964881,0.02,0.31895400024950504,4.5206809882074594,0.31465501524508,0.08,0.35,0.05,0.45,1.2,22.288239953666924,861408.665239338,861408.670393855
939,eye1,pmrnet,loop,14.82566597405821,0.02,0.3701030509546399,4.3896319111809134,0.31115394085645676,0.08,0.35,0.05,0.45,1.2,22.04655487705022,861408.67323339,861408.678304557
940,eye1,pmrnet,loop,20.381633075885475,0.02,0.36316493060439825,9.635151014663279,0.6979029858484864,0.08,0.35,0.05,0.45,1.2,33.227852007001644,861408.681232197,861408.691928798
906,eye0,pmrnet,loop,18.926151911728084,0.02,0.4175420617684722,3.5117670195177197,1.1746829841285944,0.08,0.35,0.05,0.45,1.2,26.18014397714287,861408.386061001,861408.391165241
907,eye0,pmrnet,loop,15.26046299841255,0.02,0.32490689773112535,3.139019012451172,0.20658201538026333,0.08,0.35,0.05,0.45,1.2,21.08097092397511,861408.391897921,861408.395568618
908,eye0,pmrnet,loop,19.675306975841522,0.02,0.4712850786745548,9.486597962677479,0.7858730386942625,0.08,0.35,0.05,0.45,1.2,32.56906305588782,861408.39730777,861408.408051983
909,eye0,pmrnet,loop,22.840459016151726,0.02,0.4821909824386239,9.500295971520245,0.39258599281311035,0.08,0.35,0.05,0.45,1.2,35.365531962923704,861408.408910838,861408.419286325
910,eye0,pmrnet,loop,24.498426006175578,0.02,0.5131659563630819,8.70308792218566,0.3956500440835953,0.08,0.35,0.05,0.45,1.2,36.26032992880791,861408.419401032,861408.429013354
912,eye0,pmrnet,loop,19.503768999129534,0.02,0.47651096247136593,9.543045074678957,0.4523929674178362,0.08,0.35,0.05,0.45,1.2,32.12571800369769,861408.42968382,861408.440156234
913,eye0,pmrnet,loop,21.927488036453724,0.02,0.4548380384221673,9.418456931598485,0.45954494271427393,0.08,0.35,0.05,0.45,1.2,34.41032794918865,861408.440315363,861408.450648653
914,eye0,pmrnet,loop,25.100675993598998,0.02,0.7884179940447211,9.345071041025221,0.35794894210994244,0.08,0.35,0.05,0.45,1.2,37.74211397077888,861408.451399412,861408.461891332
916,eye0,pmrnet,loop,19.547985983081162,0.02,0.48568996135145426,9.570036083459854,0.3665839321911335,0.08,0.35,0.05,0.45,1.2,32.1202959600836,861408.462054284,861408.472477041
917,eye0,pmrnet,loop,19.67667695134878,0.02,0.4883870715275407,5.877699004486203,0.8101370185613632,0.08,0.35,0.05,0.45,1.2,29.002900045923887,861408.473498233,861408.480674807
918,eye0,pmrnet,loop,16.583311022259295,0.02,0.4037879407405853,3.4868980292230844,0.9761370019987226,0.08,0.35,0.05,0.45,1.2,23.600133994221686,861408.480783252,861408.485650325
919,eye0,pmrnet,loop,12.58748909458518,0.02,0.3386379685252905,3.2251880038529634,0.39670709520578384,0.08,0.35,0.05,0.45,1.2,18.698022162169217,861408.485762652,861408.489723404
920,eye0,pmrnet,loop,11.861291946843266,0.02,0.31967402901500463,3.2662709709256887,0.22521894425153732,0.08,0.35,0.05,0.45,1.2,17.822455891035496,861408.493254914,861408.497066304
921,eye0,pmrnet,loop,11.734670959413052,0.02,0.3480770392343402,3.1882469775155187,0.21585100330412388,0.08,0.35,0.05,0.45,1.2,17.636845979467033,861408.501256313,861408.505008709
922,eye0,pmrnet,loop,12.353203957900405,0.02,0.338717014528811,3.8653089432045817,0.24418695829808712,0.08,0.35,0.05,0.45,1.2,18.951416873931883,861408.509247648,861408.513696166
923,eye0,pmrnet,loop,15.657661017030478,0.02,0.4710399080067873,6.964334985241294,0.23949798196554184,0.08,0.35,0.05,0.45,1.2,25.4825338922441,861408.517394312,861408.525069564
924,eye0,pmrnet,loop,18.011198961175978,0.02,0.46470295637845993,9.364678990095854,0.36540895234793425,0.08,0.35,0.05,0.45,1.2,30.355989859998225,861408.525296624,861408.535491896
925,eye0,pmrnet,loop,19.188695936463773,0.02,1.1887910077348351,6.710664019919932,0.20839401986449957,0.08,0.35,0.05,0.45,1.2,29.44654498398304,861408.536630441,861408.544738614
926,eye0,pmrnet,loop,17.029654001817107,0.02,0.32621994614601135,3.6749019054695964,1.8102870089933276,0.08,0.35,0.05,0.45,1.2,24.99106286242604,861408.544836816,861408.550648497
927,eye0,pmrnet,loop,14.339509070850909,0.02,0.3612720174714923,3.273461014032364,1.6337360721081495,0.08,0.35,0.05,0.45,1.2,21.757978174462913,861408.550758803,861408.556027499
928,eye0,pmrnet,loop,17.69663707818836,0.02,0.4688400076702237,9.357400005683303,0.35922194365411997,0.08,0.35,0.05,0.45,1.2,30.032099035196005,861408.55726739,861408.567453343
929,eye0,pmrnet,loop,17.27774692699313,0.02,0.6567829987034202,6.438700016587973,0.39373396430164576,0.08,0.35,0.05,0.45,1.2,26.91696390658617,861408.567614422,861408.57510401
930,eye0,pmrnet,loop,20.113816019147635,0.02,0.4615860525518656,9.266874054446816,0.37559494376182556,0.08,0.35,0.05,0.45,1.2,32.36787106990814,861408.575903847,861408.586008344
931,eye0,pmrnet,loop,22.718118969351053,0.02,0.4668700275942683,9.335407987236977,0.7041140925139189,0.08,0.35,0.05,0.45,1.2,35.374511076696216,861408.586174814,861408.596681638
933,eye0,pmrnet,loop,17.296936945058405,0.02,0.48176501877605915,9.211082011461258,0.21766696590930223,0.08,0.35,0.05,0.45,1.2,29.357450941205023,861408.597488124,861408.607399019
934,eye0,pmrnet,loop,14.50043695513159,0.02,0.32510992605239153,4.033158998936415,0.8169369539245963,0.08,0.35,0.05,0.45,1.2,21.82564283404499,861408.607496063,861408.612671518
935,eye0,pmrnet,loop,11.379331001080573,0.02,0.3371239872649312,3.3436520025134087,0.6618639454245567,0.08,0.35,0.05,0.45,1.2,17.871970936283468,861408.613276537,861408.617619445
936,eye0,pmrnet,loop,10.705415974371135,0.02,0.3231900045648217,3.1736009987071157,0.21322700195014477,0.08,0.35,0.05,0.45,1.2,16.565433979593216,861408.621305362,861408.62501558
937,eye0,pmrnet,loop,15.60098398476839,0.02,0.29762694612145424,3.4026370849460363,0.49132807180285454,0.08,0.35,0.05,0.45,1.2,21.942576087638734,861408.633788286,861408.63798013
938,eye0,pmrnet,loop,15.981512959115207,0.02,0.33551501110196114,3.4552610013633966,1.3361891033127904,0.08,0.35,0.05,0.45,1.2,23.258478074893354,861408.641302365,861408.646429575
939,eye0,pmrnet,loop,15.330253983847797,0.02,0.3522309707477689,3.5872120643034577,0.6185950478538871,0.08,0.35,0.05,0.45,1.2,22.03829206675291,861408.649289124,861408.653847403
940,eye0,pmrnet,loop,15.612896997481585,0.02,0.3832310903817415,3.25886404607445,1.2471879599615932,0.08,0.35,0.05,0.45,1.2,22.652180093899368,861408.65730952,861408.662199043
941,eye0,pmrnet,loop,15.684577054344118,0.02,0.3563300706446171,4.022717941552401,0.7133729523047805,0.08,0.35,0.05,0.45,1.2,22.926998018845914,861408.665247093,861408.670339767
942,eye0,pmrnet,loop,15.525428112596273,0.02,0.33994694240391254,3.796358942054212,0.8802680531516671,0.08,0.35,0.05,0.45,1.2,22.692002050206064,861408.673232743,861408.678249596
943,eye0,pmrnet,loop,14.988267910666764,0.02,0.35586999729275703,3.597395960241556,0.5959010450169444,0.08,0.35,0.05,0.45,1.2,21.68743491321802,861408.681231785,861408.685781196
944,eye0,pmrnet,loop,14.148985035717487,0.02,0.32277603168040514,3.2153240172192454,0.21937605924904346,0.08,0.35,0.05,0.45,1.2,20.05646114386618,861408.689253204,861408.693010934
945,eye0,pmrnet,loop,16.30306406877935,0.02,1.0177430231124163,3.830704023130238,1.122201094403863,0.08,0.35,0.05,0.45,1.2,24.423712209425865,861408.69726314,861408.703234047
946,eye0,pmrnet,loop,15.24800609331578,0.02,0.3166419919580221,4.342472995631397,0.3461429150775075,0.08,0.35,0.05,0.45,1.2,22.403263995982705,861408.705242458,861408.710247953
947,eye0,pmrnet,loop,15.950236935168505,0.02,0.33528206404298544,4.912106087431312,0.5361520452424884,0.08,0.35,0.05,0.45,1.2,23.88377713188529,861408.713235429,861408.719019177
948,eye0,pmrnet,loop,15.178197994828224,0.02,0.3540030447766185,3.867388004437089,0.8041870314627886,0.08,0.35,0.05,0.45,1.2,22.35377607550472,861408.721290588,861408.726316407
949,eye0,pmrnet,loop,15.772019047290087,0.02,0.34747400786727667,4.374437034130096,0.9435480460524559,0.08,0.35,0.05,0.45,1.2,23.587478135339914,861408.729313448,861408.734979151
950,eye0,pmrnet,loop,14.951499993912876,0.02,0.33588195219635963,3.834214061498642,0.7558648940175772,0.08,0.35,0.05,0.45,1.2,22.027460901625453,861408.737301482,861408.742227668
951,eye0,pmrnet,loop,15.501943998970091,0.02,0.34084205981343985,4.679937963373959,0.536128063686192,0.08,0.35,0.05,0.45,1.2,23.20885208584368,861408.745289907,861408.750847019
952,eye0,pmrnet,loop,14.939139946363866,0.02,0.36465004086494446,4.088787012733519,0.6283459952101111,0.08,0.35,0.05,0.45,1.2,22.17092299517244,861408.753271272,861408.758353298
953,eye0,pmrnet,loop,14.316729037091136,0.02,0.33081998117268085,3.342701937071979,0.8649809751659632,0.08,0.35,0.05,0.45,1.2,21.005231930501758,861408.761261063,861408.765799828
954,eye0,pmrnet,loop,16.135186073370278,0.02,1.9467369420453906,4.124683910049498,0.3390460042282939,0.08,0.35,0.05,0.45,1.2,24.69565292969346,861408.769276388,861408.775687238
955,eye0,pmrnet,loop,20.19953599665314,0.02,0.4883300280198455,9.516463964246213,0.5408849101513624,0.08,0.35,0.05,0.45,1.2,32.89521489907056,861408.777273922,861408.787820034
956,eye0,pmrnet,loop,23.096027900464833,0.02,0.9191939607262611,9.501419961452484,0.35556498914957047,0.08,0.35,0.05,0.45,1.2,36.02220681179315,861408.78800904,861408.798785681
957,eye0,pmrnet,loop,22.028614999726415,0.02,1.5393720241263509,3.3410360338166356,1.3447030214592814,0.08,0.35,0.05,0.45,1.2,30.40372607912868,861408.799562403,861408.805787734
958,eye0,pmrnet,loop,17.791758058592677,0.02,0.3468570066615939,3.142845002003014,0.23301097098737955,0.08,0.35,0.05,0.45,1.2,23.664471038244663,861408.805896885,861408.809619867
941,eye1,pmrnet,loop,18.523497972637415,0.02,0.5031439941376448,4.076113924384117,0.19298400729894638,0.08,0.35,0.05,0.45,1.2,25.445739898458122,861408.693367916,861408.698140525
942,eye1,pmrnet,loop,15.617172932252288,0.02,0.3328399034217,4.398674936965108,0.3318000817671418,0.08,0.35,0.05,0.45,1.2,22.830487854406236,861408.698239677,861408.703303265
943,eye1,pmrnet,loop,14.387123053893447,0.02,0.36743900272995234,3.479219041764736,1.0045720264315605,0.08,0.35,0.05,0.45,1.2,21.388353124819695,861408.705290844,861408.710142325
944,eye1,pmrnet,loop,14.897244051098824,0.02,0.35735603887587786,3.5565480357035995,1.5070069348439574,0.08,0.35,0.05,0.45,1.2,22.468155060522257,861408.713300093,861408.718721262
945,eye1,pmrnet,loop,14.500192017294466,0.02,0.3616680623963475,4.408746026456356,0.3317520022392273,0.08,0.35,0.05,0.45,1.2,21.752358108386396,861408.721290828,861408.726393253
946,eye1,pmrnet,loop,15.063536004163325,0.02,0.36661000922322273,4.906367044895887,0.4257609834894538,0.08,0.35,0.05,0.45,1.2,22.912274041771887,861408.729326731,861408.735025693
947,eye1,pmrnet,loop,14.269492006860673,0.02,0.3204540116712451,4.34799597132951,0.3294479101896286,0.08,0.35,0.05,0.45,1.2,21.417389900051056,861408.737302461,861408.742300581
948,eye1,pmrnet,loop,14.44996998179704,0.02,0.3288029693067074,3.684600000269711,1.2486469931900501,0.08,0.35,0.05,0.45,1.2,21.862019944563507,861408.745287831,861408.750550158
949,eye1,pmrnet,loop,14.22688306774944,0.02,0.35869807470589876,4.457633942365646,0.30975101981312037,0.08,0.35,0.05,0.45,1.2,21.502966104634105,861408.753269561,861408.758395878
950,eye1,pmrnet,loop,16.489220899529755,0.02,0.4874099977314472,6.759367999620736,0.18760107923299074,0.08,0.35,0.05,0.45,1.2,26.073599976114927,861408.761292543,861408.768727267
951,eye1,pmrnet,loop,15.281852916814387,0.02,0.3366429591551423,5.219641025178134,0.7516869809478521,0.08,0.35,0.05,0.45,1.2,23.739823882095514,861408.7692807,861408.775588924
952,eye1,pmrnet,loop,19.828945049084723,0.02,0.47931098379194736,9.832612005993724,0.6163389189168811,0.08,0.35,0.05,0.45,1.2,32.907206957787274,861408.777275633,861408.788204397
953,eye1,pmrnet,loop,16.090517048723996,0.02,0.4399640019983053,3.338934970088303,0.4019240150228143,0.08,0.35,0.05,0.45,1.2,22.421340035833417,861408.788354457,861408.792535563
954,eye1,pmrnet,loop,12.837813002988696,0.02,0.34363497979938984,3.262324957177043,0.3897970309481025,0.08,0.35,0.05,0.45,1.2,18.98356997091323,861408.793355847,861408.797351815
955,eye1,pmrnet,loop,13.248779927380383,0.02,0.3395429812371731,3.7359779234975576,0.4155599744990468,0.08,0.35,0.05,0.45,1.2,19.88986080661416,861408.80134049,861408.805831819
956,eye1,pmrnet,loop,13.732073013670743,0.02,0.3700109664350748,3.8284880574792624,0.8351210271939635,0.08,0.35,0.05,0.45,1.2,20.915693064779042,861408.809350378,861408.814384224
957,eye1,pmrnet,loop,14.127754024229944,0.02,0.38437009789049625,4.400028963573277,0.7411879487335682,0.08,0.35,0.05,0.45,1.2,21.803341034427284,861408.817322994,861408.822848793
958,eye1,pmrnet,loop,12.621806003153324,0.02,0.35366404335945845,3.3349490258842707,0.41266297921538353,0.08,0.35,0.05,0.45,1.2,18.873082051612435,861408.825310371,861408.829411905
959,eye1,pmrnet,loop,13.574616983532906,0.02,0.3658949863165617,4.346017027273774,0.41871098801493645,0.08,0.35,0.05,0.45,1.2,20.855239985138176,861408.833302818,861408.838433689
960,eye1,pmrnet,loop,18.937296932563186,0.02,0.4822640912607312,9.55937197431922,0.47721597366034985,0.08,0.35,0.05,0.45,1.2,31.606148971803485,861408.841346423,861408.851865693
961,eye1,pmrnet,loop,21.090387017466128,0.02,0.480452086776495,9.236773010343313,0.3365910379216075,0.08,0.35,0.05,0.45,1.2,33.29420315250755,861408.85203341,861408.862087706
962,eye1,pmrnet,loop,25.72085801512003,0.02,2.0078769885003567,9.373900014907122,0.4791870014742017,0.08,0.35,0.05,0.45,1.2,39.73182202000171,861408.862925734,861408.8747872
964,eye1,pmrnet,loop,21.088084904477,0.02,0.4711259389296174,9.886379935778677,0.9732529288157821,0.08,0.35,0.05,0.45,1.2,34.568843708001076,861408.874961312,861408.886292542
965,eye1,pmrnet,loop,24.944687029346824,0.02,0.507347984239459,9.470143006183207,0.47733692917972803,0.08,0.35,0.05,0.45,1.2,37.549514948949216,861408.887762871,861408.898218154
967,eye1,pmrnet,loop,15.425919089466333,0.02,2.785064047202468,3.2565949950367212,0.4190129693597555,0.08,0.35,0.05,0.45,1.2,24.036591101065277,861408.898376865,861408.904837874
968,eye1,pmrnet,loop,22.330409032292664,0.02,0.46691810712218285,9.490517084486783,0.5056899972259998,0.08,0.35,0.05,0.45,1.2,34.94353422112763,861408.909347079,861408.919810631
969,eye1,pmrnet,loop,24.512332980521023,0.02,0.48379693180322647,9.27800394129008,0.31478400342166424,0.08,0.35,0.05,0.45,1.2,36.73891785703599,861408.919984777,861408.93006178
970,eye1,pmrnet,loop,22.110424004495144,0.02,1.1121530551463366,3.250619978643954,0.4107510903850198,0.08,0.35,0.05,0.45,1.2,29.033948128670453,861408.930955452,861408.935729286
971,eye1,pmrnet,loop,18.325397046282887,0.02,0.3287290455773473,3.439606982283294,0.39249903056770563,0.08,0.35,0.05,0.45,1.2,24.636232104711233,861408.935852434,861408.940013494
972,eye1,pmrnet,loop,15.533411060459912,0.02,0.37228199653327465,3.1925010262057185,0.4172420594841242,0.08,0.35,0.05,0.45,1.2,21.665436142683028,861408.941308006,861408.945290265
973,eye1,pmrnet,loop,16.599732916802168,0.02,0.34239201340824366,3.931222017854452,0.8464960847049952,0.08,0.35,0.05,0.45,1.2,23.869843032769857,861408.94930506,861408.954425425
974,eye1,pmrnet,loop,20.05142194684595,0.02,0.750784995034337,6.761569995433092,1.0832339758053422,0.08,0.35,0.05,0.45,1.2,30.79701091311872,861408.957350542,861408.965946545
975,eye1,pmrnet,loop,16.01817295886576,0.02,0.35664206370711327,3.2257679849863052,0.3489790251478553,0.08,0.35,0.05,0.45,1.2,22.099562032707034,861408.966050077,861408.969981721
976,eye1,pmrnet,loop,18.859641975723207,0.02,0.4718109266832471,6.831523962318897,0.1940460642799735,0.08,0.35,0.05,0.45,1.2,28.507022929005323,861408.973394879,861408.980892622
977,eye1,pmrnet,loop,22.05976191908121,0.02,0.4811839899048209,9.578848024830222,0.4685820313170552,0.08,0.35,0.05,0.45,1.2,34.73837596513331,861408.98163209,861408.992161149
978,eye1,pmrnet,loop,24.399069952778518,0.02,0.47288904897868633,9.256338933482766,0.49999705515801907,0.08,0.35,0.05,0.45,1.2,36.77829499039799,861408.992339848,861409.002569508
979,eye1,pmrnet,loop,25.004646042361856,0.02,0.46806002501398325,6.874751998111606,0.565666938200593,0.08,0.35,0.05,0.45,1.2,35.063125003688036,861409.003335896,861409.01124473
980,eye1,pmrnet,loop,21.229068050161004,0.02,0.31992001459002495,3.1485080253332853,0.7238419493660331,0.08,0.35,0.05,0.45,1.2,27.571338039450346,861409.011345688,861409.015538203
981,eye1,pmrnet,loop,17.156165093183517,0.02,0.31964993104338646,3.1105350935831666,0.4649790935218334,0.08,0.35,0.05,0.45,1.2,23.201329211331903,861409.015638801,861409.019534204
982,eye1,pmrnet,loop,15.161190996877849,0.02,0.47997396904975176,3.3469611080363393,0.3624580567702651,0.08,0.35,0.05,0.45,1.2,21.500584130734204,861409.02141841,861409.025608152
983,eye1,pmrnet,loop,20.593137945979834,0.02,0.493561034090817,8.792025968432426,0.4496790934354067,0.08,0.35,0.05,0.45,1.2,32.47840404193848,861409.029373578,861409.039109223
984,eye1,pmrnet,loop,24.793353979475796,0.02,0.47859002370387316,9.327984065748751,0.350788002833724,0.08,0.35,0.05,0.45,1.2,37.10071607176214,861409.041219977,861409.051377786
985,eye1,pmrnet,loop,28.194290003739297,0.02,0.6349059985950589,9.451321908272803,1.2173160212114453,0.08,0.35,0.05,0.45,1.2,41.6478339318186,861409.051543781,861409.062847761
987,eye1,pmrnet,loop,22.749647963792086,0.02,0.4757440183311701,8.98616504855454,0.23701495956629515,0.08,0.35,0.05,0.45,1.2,34.59857199024409,861409.063842313,861409.073541646
988,eye1,pmrnet,loop,26.33128094021231,0.02,0.5065560108050704,10.140022030100226,0.8788639679551125,0.08,0.35,0.05,0.45,1.2,40.00672294907272,861409.073665885,861409.085191778
990,eye1,pmrnet,loop,20.029114093631506,0.02,0.482359086163342,8.162226062268019,0.22352102678269148,0.08,0.35,0.05,0.45,1.2,31.047220268845557,861409.086159651,861409.095028074
991,eye1,pmrnet,loop,16.319210990332067,0.02,0.3426040057092905,3.1712239142507315,0.7316609844565392,0.08,0.35,0.05,0.45,1.2,22.714699894748627,861409.095141448,861409.099387168
992,eye1,pmrnet,loop,14.320116024464369,0.02,0.31354697421193123,3.2957730581983924,0.5887920269742608,0.08,0.35,0.05,0.45,1.2,20.668228083848952,861409.101258942,861409.105457291
993,eye1,pmrnet,loop,21.09105105046183,0.02,0.997658004052937,9.552342002280056,0.41127600707113743,0.08,0.35,0.05,0.45,1.2,34.20232706386596,861409.109334796,861409.120296503
994,eye1,pmrnet,loop,23.447297979146242,0.02,0.4721230361610651,9.372461936436594,0.41117891669273376,0.08,0.35,0.05,0.45,1.2,35.85306186843663,861409.120465457,861409.130721701
959,eye0,pmrnet,loop,14.585294062271714,0.02,0.3522289916872978,3.6729120183736086,0.3312010085210204,0.08,0.35,0.05,0.45,1.2,21.09163608085364,861408.81012583,861408.814482401
960,eye0,pmrnet,loop,14.817270101048052,0.02,0.37121097557246685,3.918792004697025,1.2021560687571764,0.08,0.35,0.05,0.45,1.2,22.45942915007472,861408.817290868,861408.822783275
961,eye0,pmrnet,loop,17.08713499829173,0.02,0.5184849724173546,6.740521057508886,0.5573050584644079,0.08,0.35,0.05,0.45,1.2,27.053446086682378,861408.825305482,861408.833122167
962,eye0,pmrnet,loop,14.279076014645398,0.02,0.37402601446956396,3.7035219138488173,0.9357960661873221,0.08,0.35,0.05,0.45,1.2,21.4424200091511,861408.833369533,861408.838383101
963,eye0,pmrnet,loop,13.238389045000076,0.02,0.3531969850882888,3.3314680913463235,0.423274002969265,0.08,0.35,0.05,0.45,1.2,19.496328124403952,861408.841303332,861408.845411526
964,eye0,pmrnet,loop,19.52755404636264,0.02,0.4799490561708808,9.530829964205623,0.48143602907657623,0.08,0.35,0.05,0.45,1.2,32.16976909581572,861408.849276126,861408.859768821
965,eye0,pmrnet,loop,19.020334933884442,0.02,2.864366048015654,3.5660130670294166,0.9539219317957759,0.08,0.35,0.05,0.45,1.2,28.554635980725287,861408.85994662,861408.867331286
966,eye0,pmrnet,loop,22.121522924862802,0.02,0.4915889585390687,9.401018032804132,0.36770105361938477,0.08,0.35,0.05,0.45,1.2,34.531830969825386,861408.86824097,861408.878501645
967,eye0,pmrnet,loop,18.780688988044858,0.02,0.5338250193744898,3.536005038768053,0.5477750673890114,0.08,0.35,0.05,0.45,1.2,25.54829411357641,861408.878611872,861408.883229676
968,eye0,pmrnet,loop,14.814792084507644,0.02,0.402419944293797,3.3652099082246423,0.22764201276004314,0.08,0.35,0.05,0.45,1.2,20.960063949786125,861408.883337377,861408.887332894
969,eye0,pmrnet,loop,18.6927329050377,0.02,0.47133001498878,8.979251026175916,0.4639140097424388,0.08,0.35,0.05,0.45,1.2,30.757227955944835,861408.889365017,861408.899279864
970,eye0,pmrnet,loop,16.136460937559605,0.02,0.35020802170038223,3.8699209690093994,1.1847069254145026,0.08,0.35,0.05,0.45,1.2,23.691296853683887,861408.899387516,861408.904792612
971,eye0,pmrnet,loop,19.365762011148036,0.02,0.461351010017097,9.406911092810333,0.7483189692720771,0.08,0.35,0.05,0.45,1.2,32.13234308324754,861408.905473464,861408.916090489
972,eye0,pmrnet,loop,22.02391205355525,0.02,0.6239060312509537,9.482793044298887,0.46074704732745886,0.08,0.35,0.05,0.45,1.2,34.74135817643255,861408.916249577,861408.92681747
973,eye0,pmrnet,loop,25.74675204232335,0.02,2.247505006380379,8.11734504532069,0.7199370302259922,0.08,0.35,0.05,0.45,1.2,38.98153912425041,861408.92752415,861408.938609404
975,eye0,pmrnet,loop,19.72722797654569,0.02,0.4624250577762723,9.141906979493797,0.3517240984365344,0.08,0.35,0.05,0.45,1.2,31.833284112252294,861408.938772497,861408.94872899
976,eye0,pmrnet,loop,17.813610029406846,0.02,0.3621940268203616,4.065049928613007,0.7351440144702792,0.08,0.35,0.05,0.45,1.2,25.125997999310492,861408.949721921,861408.954884547
977,eye0,pmrnet,loop,13.980459072627127,0.02,0.3389620687812567,3.2463879324495792,0.5190320080146194,0.08,0.35,0.05,0.45,1.2,20.23484108187258,861408.955015882,861408.959120534
978,eye0,pmrnet,loop,13.04748805705458,0.02,0.3392590442672372,4.022808978334069,0.5826180567964911,0.08,0.35,0.05,0.45,1.2,20.142174136452375,861408.96131162,861408.966256549
979,eye0,pmrnet,loop,18.153470940887928,0.02,0.46417105477303267,9.190003969706595,0.46889297664165497,0.08,0.35,0.05,0.45,1.2,30.42653894200921,861408.969307693,861408.979431226
980,eye0,pmrnet,loop,16.14248496480286,0.02,1.4822419034317136,3.5049939760938287,0.9163719369098544,0.08,0.35,0.05,0.45,1.2,24.196092781238256,861408.979585666,861408.985489546
981,eye0,pmrnet,loop,18.73040501959622,0.02,0.4872209392488003,8.86148598510772,0.4111180314794183,0.08,0.35,0.05,0.45,1.2,30.640229975432156,861408.986386277,861408.996146472
982,eye0,pmrnet,loop,15.19087899941951,0.02,0.39012194611132145,3.5918320063501596,0.4392239497974515,0.08,0.35,0.05,0.45,1.2,21.76205690167844,861408.996254605,861409.000675994
983,eye0,pmrnet,loop,13.415424968115985,0.02,0.3247680142521858,4.864981980063021,0.5022060358896852,0.08,0.35,0.05,0.45,1.2,21.257380998320876,861409.001277274,861409.006969477
984,eye0,pmrnet,loop,18.130713957361877,0.02,0.46255195047706366,9.526222012937069,0.45506597962230444,0.08,0.35,0.05,0.45,1.2,30.724553900398313,861409.009309101,861409.0197534
985,eye0,pmrnet,loop,18.57127295807004,0.02,0.5721889901906252,7.557431003078818,0.2155679976567626,0.08,0.35,0.05,0.45,1.2,29.066460948996244,861409.019917851,861409.028263385
986,eye0,pmrnet,loop,21.52681304141879,0.02,0.4632730269804597,9.351351065561175,0.45817799400538206,0.08,0.35,0.05,0.45,1.2,33.94961512796581,861409.029014352,861409.039287605
987,eye0,pmrnet,loop,23.96435907576233,0.02,0.48588099889457226,9.321808000095189,0.5380340153351426,0.08,0.35,0.05,0.45,1.2,36.460082090087234,861409.039448057,861409.049794205
989,eye0,pmrnet,loop,18.32573802676052,0.02,0.4939220380038023,8.63039109390229,0.4147459985688329,0.08,0.35,0.05,0.45,1.2,30.014797157235442,861409.050754286,861409.060293691
990,eye0,pmrnet,loop,14.903740026056767,0.02,0.7997499778866768,3.3368560252711177,0.3960019676014781,0.08,0.35,0.05,0.45,1.2,21.586347996816038,861409.060407809,861409.064940649
991,eye0,pmrnet,loop,11.230398085899651,0.02,0.30958803836256266,3.2503089169040322,0.5234729032963514,0.08,0.35,0.05,0.45,1.2,17.463767944462596,861409.065252821,861409.069336462
992,eye0,pmrnet,loop,11.253182892687619,0.02,0.3352370113134384,3.2921229721978307,0.5141770234331489,0.08,0.35,0.05,0.45,1.2,17.544719899632035,861409.0732866,861409.077428377
993,eye0,pmrnet,loop,10.89228899218142,0.02,0.3103259950876236,3.223670064471662,0.3328899620100856,0.08,0.35,0.05,0.45,1.2,16.90917501375079,861409.081269326,861409.085136447
994,eye0,pmrnet,loop,11.256039957515895,0.02,0.3537590382620692,3.5617450485005975,0.38384890649467707,0.08,0.35,0.05,0.45,1.2,17.705392950773238,861409.08926938,861409.09356895
995,eye0,pmrnet,loop,21.346347057260573,0.02,0.4938750062137842,9.373561013489962,0.5270799156278372,0.08,0.35,0.05,0.45,1.2,33.890862992592155,861409.101333049,861409.111728046
996,eye0,pmrnet,loop,24.92272504605353,0.02,0.4948289133608341,9.472814039327204,0.7006099913269281,0.08,0.35,0.05,0.45,1.2,37.740977990068494,861409.112704405,861409.123373106
997,eye0,pmrnet,loop,26.329878019168973,0.02,0.6334789795801044,8.049441035836935,0.6251089507713914,0.08,0.35,0.05,0.45,1.2,37.7879069853574,861409.123541491,861409.132849876
999,eye0,pmrnet,loop,22.231454961001873,0.02,0.9475380647927523,9.216898935846984,0.677283969707787,0.08,0.35,0.05,0.45,1.2,35.223175931349395,861409.134046959,861409.144889173
1000,eye0,pmrnet,loop,24.540649028494954,0.02,0.45834400225430727,9.243291104212403,0.5148439668118954,0.08,0.35,0.05,0.45,1.2,36.90712810177356,861409.145050365,861409.155267302
1001,eye0,pmrnet,loop,28.170015895739198,0.02,0.515904976055026,9.46661806665361,0.48919604159891605,0.08,0.35,0.05,0.45,1.2,40.79173498004675,861409.156493436,861409.16696561
1003,eye0,pmrnet,loop,22.448568954132497,0.02,0.4552931059151888,9.447925025597215,0.34927099477499723,0.08,0.35,0.05,0.45,1.2,34.8510580804199,861409.167129844,861409.177382767
1004,eye0,pmrnet,loop,26.87602606602013,0.02,1.3686208985745907,9.908781968988478,0.4562479443848133,0.08,0.35,0.05,0.45,1.2,40.75967687796801,861409.1781446,861409.189878647
1006,eye0,pmrnet,loop,18.469869974069297,0.02,0.46012504026293755,6.8680590484291315,0.23458991199731827,0.08,0.35,0.05,0.45,1.2,28.182643974758683,861409.190047755,861409.197610891
1007,eye0,pmrnet,loop,15.816392027772963,0.02,0.31690800096839666,4.1057789931073785,0.3385109594091773,0.08,0.35,0.05,0.45,1.2,22.727589981257914,861409.19826505,861409.203026483
1008,eye0,pmrnet,loop,15.006236033514142,0.02,0.36923796869814396,4.029833944514394,0.48719707410782576,0.08,0.35,0.05,0.45,1.2,22.042505020834504,861409.205398728,861409.210285222
1009,eye0,pmrnet,loop,15.02084406092763,0.02,0.35788200329989195,4.124486004002392,0.487772049382329,0.08,0.35,0.05,0.45,1.2,22.14098411761224,861409.213398616,861409.218368985
1010,eye0,pmrnet,loop,20.82931192126125,0.02,0.4891840508207679,9.399169008247554,0.9556940058246255,0.08,0.35,0.05,0.45,1.2,33.8233589861542,861409.221401341,861409.232245835
1011,eye0,pmrnet,loop,18.50047695916146,0.02,0.8824859978631139,4.258528933860362,0.48353197053074837,0.08,0.35,0.05,0.45,1.2,26.275023861415683,861409.232361598,861409.237986407
1012,eye0,pmrnet,loop,22.435695049352944,0.02,0.5022400291636586,9.618951939046383,1.0454399744048715,0.08,0.35,0.05,0.45,1.2,35.752326991967855,861409.238823273,861409.249990328
1013,eye0,pmrnet,loop,20.185202010907233,0.02,0.5481669213622808,3.6085530882701278,1.4056370127946138,0.08,0.35,0.05,0.45,1.2,27.897559033334254,861409.250246675,861409.255809375
995,eye1,pmrnet,loop,22.054433939047158,0.02,0.7685510208830237,3.6987689090892673,0.4290350480005145,0.08,0.35,0.05,0.45,1.2,29.100788917019962,861409.132501652,861409.137398401
996,eye1,pmrnet,loop,18.05678999517113,0.02,0.29997702222317457,3.149281954392791,0.37662009708583355,0.08,0.35,0.05,0.45,1.2,24.032669068872927,861409.137643692,861409.141469771
997,eye1,pmrnet,loop,13.710755971260369,0.02,0.3277809591963887,3.072667052038014,0.21858408581465483,0.08,0.35,0.05,0.45,1.2,19.479788068309425,861409.141573531,861409.145192816
998,eye1,pmrnet,loop,18.235024996101856,0.02,0.4591579781845212,7.59015092626214,0.4246239550411701,0.08,0.35,0.05,0.45,1.2,28.858957855589686,861409.149311706,861409.157785993
999,eye1,pmrnet,loop,20.573190064169466,0.02,0.4752799868583679,8.648282964713871,0.3981540212407708,0.08,0.35,0.05,0.45,1.2,32.244907036982475,861409.158672277,861409.168194328
1000,eye1,pmrnet,loop,17.11013598833233,0.02,0.8034190395846963,3.302136086858809,0.3978241002187133,0.08,0.35,0.05,0.45,1.2,23.76351521499455,861409.168296572,861409.172800173
1001,eye1,pmrnet,loop,13.536602957174182,0.02,0.3311490872874856,3.184746950864792,0.42773305904120207,0.08,0.35,0.05,0.45,1.2,19.63023205436766,861409.173351669,861409.177295563
1002,eye1,pmrnet,loop,17.863761051557958,0.02,1.868046005256474,5.880751996301115,0.6345979636535048,0.08,0.35,0.05,0.45,1.2,28.39715701676905,861409.181307991,861409.189691823
1003,eye1,pmrnet,loop,14.067657059058547,0.02,0.3388290060684085,3.361204988323152,0.47179602552205324,0.08,0.35,0.05,0.45,1.2,20.38948707897216,861409.189792494,861409.193964599
1004,eye1,pmrnet,loop,14.960532076656818,0.02,0.334452954120934,4.0416320553049445,1.1770769488066435,0.08,0.35,0.05,0.45,1.2,22.66369403488934,861409.197373099,861409.202926502
1005,eye1,pmrnet,loop,14.414420002140105,0.02,0.3426959738135338,4.339591017924249,0.42189296800643206,0.08,0.35,0.05,0.45,1.2,21.66859996188432,861409.205344467,861409.210449021
1006,eye1,pmrnet,loop,17.268168972805142,0.02,0.46349293552339077,7.118187961168587,0.44305401388555765,0.08,0.35,0.05,0.45,1.2,27.442903883382677,861409.213346853,861409.221371921
1007,eye1,pmrnet,loop,20.45465400442481,0.02,0.4904669476673007,9.62452997919172,0.5420160014182329,0.08,0.35,0.05,0.45,1.2,33.26166693270207,861409.2219703,861409.232627703
1008,eye1,pmrnet,loop,17.523484071716666,0.02,0.46756898518651724,3.2451190054416656,1.3070140266790986,0.08,0.35,0.05,0.45,1.2,24.693186089023946,861409.232745558,861409.237765511
1009,eye1,pmrnet,loop,13.757603941485286,0.02,0.33334700856357813,3.316063084639609,0.5544829182326794,0.08,0.35,0.05,0.45,1.2,20.11149695292115,861409.237864454,861409.242068623
1010,eye1,pmrnet,loop,13.520561973564327,0.02,0.31831092201173306,3.6364609841257334,0.5834050243720412,0.08,0.35,0.05,0.45,1.2,20.208738904073833,861409.2453622,861409.249900652
1011,eye1,pmrnet,loop,12.865490978583694,0.02,0.3433210076764226,3.1926179071888328,0.4244470037519932,0.08,0.35,0.05,0.45,1.2,18.97587689720094,861409.25335388,861409.257314512
1012,eye1,pmrnet,loop,14.171121059916914,0.02,0.36168191581964493,3.7605349207296968,1.2151090195402503,0.08,0.35,0.05,0.45,1.2,21.658446916006504,861409.261351549,861409.26668911
1013,eye1,pmrnet,loop,19.26834404002875,0.02,0.48842106480151415,9.426654898561537,0.6493560504168272,0.08,0.35,0.05,0.45,1.2,31.982776053808628,861409.269289954,861409.279854806
1014,eye1,pmrnet,loop,22.12387800682336,0.02,0.4644120344892144,9.611702989786863,0.6797460373491049,0.08,0.35,0.05,0.45,1.2,35.02973906844854,861409.280023671,861409.29077989
1015,eye1,pmrnet,loop,18.615487031638622,0.02,0.3323029959574342,3.295340924523771,0.37498294841498137,0.08,0.35,0.05,0.45,1.2,24.768113900534807,861409.291337626,861409.295340498
1016,eye1,pmrnet,loop,18.19528196938336,0.02,0.3516640281304717,6.68282201513648,0.5057320231571794,0.08,0.35,0.05,0.45,1.2,27.88550003580749,861409.295447954,861409.302988506
1017,eye1,pmrnet,loop,17.850690986961126,0.02,0.47825498040765524,6.843547103926539,0.2170508960261941,0.08,0.35,0.05,0.45,1.2,27.539543967321514,861409.303174596,861409.310713801
1018,eye1,pmrnet,loop,21.06377389281988,0.02,0.4662700230255723,9.488657931797206,0.5607689963653684,0.08,0.35,0.05,0.45,1.2,33.72947084400803,861409.311479508,861409.321995576
1019,eye1,pmrnet,loop,18.21156300138682,0.02,1.0418709134683013,3.4046160290017724,0.6523519987240434,0.08,0.35,0.05,0.45,1.2,25.460401942580937,861409.322113366,861409.327212511
1020,eye1,pmrnet,loop,14.41545900888741,0.02,0.3556481096893549,3.4292700001969934,0.37367199547588825,0.08,0.35,0.05,0.45,1.2,20.724049114249645,861409.327326555,861409.331485447
1021,eye1,pmrnet,loop,18.304424011148512,0.02,0.3210479626432061,9.204567992128432,0.6332519697025418,0.08,0.35,0.05,0.45,1.2,30.61329193562269,861409.333283612,861409.343442825
1022,eye1,pmrnet,loop,20.320903044193983,0.02,0.4866189556196332,9.087463025934994,0.3326230216771364,0.08,0.35,0.05,0.45,1.2,32.377608047425745,861409.34362174,861409.353528901
1023,eye1,pmrnet,loop,23.99953396525234,0.02,0.49036392010748386,9.543392923660576,0.7130750454962254,0.08,0.35,0.05,0.45,1.2,36.896365854516624,861409.354528611,861409.365275898
1025,eye1,pmrnet,loop,13.736434048041701,0.02,0.549721997231245,4.670621012337506,0.4874250153079629,0.08,0.35,0.05,0.45,1.2,21.594202072918414,861409.365443159,861409.371151277
1026,eye1,pmrnet,loop,22.337035043165088,0.02,0.4760419251397252,9.439198998734355,0.5315050948411226,0.08,0.35,0.05,0.45,1.2,34.93378106188029,861409.377373234,861409.387820412
1027,eye1,pmrnet,loop,26.01413894444704,0.02,0.4757860442623496,9.572734939865768,0.8243529591709375,0.08,0.35,0.05,0.45,1.2,39.037012887746094,861409.388693333,861409.399566629
1028,eye1,pmrnet,loop,25.636692997068167,0.02,0.6622560322284698,6.362761021591723,0.4930320428684354,0.08,0.35,0.05,0.45,1.2,35.30474209375679,861409.399739984,861409.407258344
1029,eye1,pmrnet,loop,29.42670602351427,0.02,0.5006620194762945,9.968327009119093,0.6879020947962999,0.08,0.35,0.05,0.45,1.2,42.73359714690596,861409.40795971,861409.419117031
1031,eye1,pmrnet,loop,23.601750028319657,0.02,0.6455049151554704,9.175116079859436,0.32513204496353865,0.08,0.35,0.05,0.45,1.2,35.8975030682981,861409.41928397,861409.42943019
1032,eye1,pmrnet,loop,23.842043010517955,0.02,0.46743208076804876,6.9038779474794865,0.22892700508236885,0.08,0.35,0.05,0.45,1.2,33.592280043847865,861409.43013941,861409.437740016
1033,eye1,pmrnet,loop,19.84512701164931,0.02,0.3313280176371336,3.262195037677884,0.3766280133277178,0.08,0.35,0.05,0.45,1.2,25.965278080292045,861409.437841775,861409.441812159
1034,eye1,pmrnet,loop,15.994190005585551,0.02,0.3383189905434847,3.3063150476664305,0.4739979049190879,0.08,0.35,0.05,0.45,1.2,22.262821948714553,861409.441911376,861409.446030243
1035,eye1,pmrnet,loop,15.394531073980033,0.02,0.3347840392962098,3.554943948984146,0.31354499515146017,0.08,0.35,0.05,0.45,1.2,21.747804057411848,861409.449295841,861409.453499379
1036,eye1,pmrnet,loop,14.951645978726447,0.02,0.33484690356999636,3.2578930258750916,0.23197801783680916,0.08,0.35,0.05,0.45,1.2,20.926363926008342,861409.45730072,861409.461125671
1037,eye1,pmrnet,loop,15.139825991354883,0.02,0.25443604681640863,3.2071599271148443,0.1933259190991521,0.08,0.35,0.05,0.45,1.2,20.944747884385286,861409.465727714,861409.469382852
1038,eye1,pmrnet,loop,21.839604014530778,0.02,1.7431459855288267,8.509057923220098,0.5331399152055383,0.08,0.35,0.05,0.45,1.2,34.77494783848524,861409.473365359,861409.48415102
1039,eye1,pmrnet,loop,25.592126068659127,0.02,0.4866030067205429,9.734918014146388,0.6236479384824634,0.08,0.35,0.05,0.45,1.2,38.58729502800852,861409.485127614,861409.495973159
1040,eye1,pmrnet,loop,27.704164036549628,0.02,0.3280959790572524,9.274803916923702,0.4633700009435415,0.08,0.35,0.05,0.45,1.2,39.92043393347412,861409.496087967,861409.50615458
1042,eye1,pmrnet,loop,22.788894013501704,0.02,0.4811360267922282,9.425829979591072,0.3612020518630743,0.08,0.35,0.05,0.45,1.2,35.20706207174808,861409.50710883,861409.517377457
1043,eye1,pmrnet,loop,25.401924969628453,0.02,0.46603893861174583,9.278374956920743,0.770734972320497,0.08,0.35,0.05,0.45,1.2,38.06707383748144,861409.517543888,861409.528059472
1044,eye1,pmrnet,loop,22.382169030606747,0.02,0.4028460243716836,3.4524600487202406,0.3581159980967641,0.08,0.35,0.05,0.45,1.2,28.745591101795434,861409.528895528,861409.533109237
1045,eye1,pmrnet,loop,18.82841798942536,0.02,0.343722989782691,3.5632069921121,0.5058289971202612,0.08,0.35,0.05,0.45,1.2,25.391176968440412,861409.533211552,861409.537624547
1046,eye1,pmrnet,loop,14.816195936873555,0.02,0.3458209102973342,3.2472399761900306,0.3622479271143675,0.08,0.35,0.05,0.45,1.2,20.921504750475286,861409.537725656,861409.541681228
1047,eye1,pmrnet,loop,14.845937956124544,0.02,0.35049906000494957,3.6074959207326174,0.5179580766707659,0.08,0.35,0.05,0.45,1.2,21.471891013532876,861409.545303768,861409.549780001
1014,eye0,pmrnet,loop,16.99829800054431,0.02,0.36977301351726055,3.256020019762218,0.21231698337942362,0.08,0.35,0.05,0.45,1.2,22.98640801720321,861409.256852981,861409.260691342
1015,eye0,pmrnet,loop,15.267533948644996,0.02,0.3660009242594242,4.705072962678969,0.6037839921191335,0.08,0.35,0.05,0.45,1.2,23.09239182770252,861409.261355561,861409.267030699
1016,eye0,pmrnet,loop,14.57455800846219,0.02,0.33884006552398205,4.31372900493443,0.4028670955449343,0.08,0.35,0.05,0.45,1.2,21.779994174465536,861409.269350902,861409.274406627
1017,eye0,pmrnet,loop,20.047264057211578,0.02,0.4665380110964179,9.627945022657514,0.47052500303834677,0.08,0.35,0.05,0.45,1.2,32.762272094003855,861409.277382215,861409.287947712
1018,eye0,pmrnet,loop,22.37492799758911,0.02,0.46897795982658863,9.245557943359017,0.5110370693728328,0.08,0.35,0.05,0.45,1.2,34.75050097014755,861409.288118352,861409.298344403
1019,eye0,pmrnet,loop,25.621238979510963,0.02,0.5904959980398417,9.416879038326442,0.4218500107526779,0.08,0.35,0.05,0.45,1.2,38.20046402662992,861409.299230235,861409.309659871
1021,eye0,pmrnet,loop,15.152532956562936,0.02,1.3552000746130943,3.4149889834225178,0.7851059781387448,0.08,0.35,0.05,0.45,1.2,22.857827992737292,861409.309773601,861409.315329146
1022,eye0,pmrnet,loop,16.49177400395274,0.02,0.48194394912570715,6.347780930809677,0.6089899688959122,0.08,0.35,0.05,0.45,1.2,26.080488852784036,861409.317298655,861409.324737716
1023,eye0,pmrnet,loop,19.361242069862783,0.02,0.3492690157145262,9.442405076697469,0.5850630113855004,0.08,0.35,0.05,0.45,1.2,31.887979173660277,861409.325298471,861409.335675538
1024,eye0,pmrnet,loop,19.040270941331983,0.02,2.4862349964678288,3.892087028361857,0.3452330129221082,0.08,0.35,0.05,0.45,1.2,27.913825979083775,861409.336700186,861409.343424126
1025,eye0,pmrnet,loop,15.246200957335532,0.02,0.3395910607650876,3.363567986525595,0.4347859648987651,0.08,0.35,0.05,0.45,1.2,21.534145969524978,861409.343561094,861409.347699331
1026,eye0,pmrnet,loop,12.932518031448126,0.02,0.34685898572206497,3.31201299559325,0.5132659571245313,0.08,0.35,0.05,0.45,1.2,19.25465596988797,861409.349282175,861409.353454563
1027,eye0,pmrnet,loop,17.64548209030181,0.02,0.46693591866642237,7.9660030314698815,0.48833503387868404,0.08,0.35,0.05,0.45,1.2,28.716756074316798,861409.357314835,861409.366236569
1028,eye0,pmrnet,loop,14.418771956115961,0.02,0.3258640645071864,3.1257489463314414,1.2752669863402843,0.08,0.35,0.05,0.45,1.2,21.295651953294872,861409.366351605,861409.371078741
1029,eye0,pmrnet,loop,18.397214938886464,0.02,0.46402402222156525,8.533922024071217,0.7873630383983254,0.08,0.35,0.05,0.45,1.2,30.33252402357757,861409.373340629,861409.38312625
1030,eye0,pmrnet,loop,14.86093900166452,0.02,0.3871869994327426,3.477318095974624,0.5673749838024378,0.08,0.35,0.05,0.45,1.2,21.442819080874322,861409.383226964,861409.387659064
1031,eye0,pmrnet,loop,18.99756700731814,0.02,0.4764079349115491,9.630654007196426,0.3586390521377325,0.08,0.35,0.05,0.45,1.2,31.613268001563846,861409.389398045,861409.39986419
1032,eye0,pmrnet,loop,18.410938093438745,0.02,0.48029900062829256,5.7927139569073915,0.33513898961246014,0.08,0.35,0.05,0.45,1.2,27.169090040586887,861409.400738384,861409.407346878
1033,eye0,pmrnet,loop,19.451812957413495,0.02,0.3292240435257554,8.13645008020103,0.536459032446146,0.08,0.35,0.05,0.45,1.2,30.603946113586424,861409.407454242,861409.416456757
1034,eye0,pmrnet,loop,16.10417093615979,0.02,0.3611169522628188,3.456157981418073,0.7998049259185791,0.08,0.35,0.05,0.45,1.2,22.87125079575926,861409.416560595,861409.421177947
1035,eye0,pmrnet,loop,12.502770987339318,0.02,0.3134349826723337,3.3100269502028823,0.36820804234594107,0.08,0.35,0.05,0.45,1.2,18.644440962560473,861409.421653745,861409.425645694
1036,eye0,pmrnet,loop,13.006602064706385,0.02,0.3118349704891443,3.5457880003377795,1.0838480666279793,0.08,0.35,0.05,0.45,1.2,20.098073102161287,861409.429276746,861409.434218458
1037,eye0,pmrnet,loop,17.043048981577158,0.02,0.3224910469725728,8.372235926799476,0.3399989800527692,0.08,0.35,0.05,0.45,1.2,28.227774935401975,861409.437288616,861409.446323688
1038,eye0,pmrnet,loop,16.10395696479827,0.02,0.40737795643508434,3.5377059830352664,1.3871790142729878,0.08,0.35,0.05,0.45,1.2,23.58621991854161,861409.448121572,861409.453454075
1039,eye0,pmrnet,loop,12.325749034062028,0.02,0.32023596577346325,3.419493092224002,0.4278309643268585,0.08,0.35,0.05,0.45,1.2,18.64330905638635,861409.453576948,861409.457744814
1040,eye0,pmrnet,loop,11.97750004939735,0.02,0.32549991738051176,3.5108720185235143,0.34663896076381207,0.08,0.35,0.05,0.45,1.2,18.310510946065186,861409.46128213,861409.465465339
1041,eye0,pmrnet,loop,11.391690000891685,0.02,0.3205789253115654,3.144507994875312,0.21150894463062286,0.08,0.35,0.05,0.45,1.2,17.218285865709184,861409.469271876,861409.472948696
1042,eye0,pmrnet,loop,13.55996890924871,0.02,0.3427829360589385,5.00609097070992,0.5107760662212968,0.08,0.35,0.05,0.45,1.2,21.569618882238863,861409.477326147,861409.483186086
1043,eye0,pmrnet,loop,12.907232041470706,0.02,0.34202798269689083,4.5233359560370445,0.44860399793833494,0.08,0.35,0.05,0.45,1.2,20.371199978142975,861409.485287988,861409.490602188
1044,eye0,pmrnet,loop,13.281365972943604,0.02,0.34655805211514235,4.464615019969642,0.9202919900417328,0.08,0.35,0.05,0.45,1.2,21.16283103507012,861409.493313226,861409.49904503
1045,eye0,pmrnet,loop,12.112891068682075,0.02,0.46342494897544384,3.651684965007007,0.5037470255047083,0.08,0.35,0.05,0.45,1.2,18.881748008169232,861409.501326571,861409.505945812
1046,eye0,pmrnet,loop,13.00904096569866,0.02,0.468746991828084,4.721792996861041,0.38773706182837486,0.08,0.35,0.05,0.45,1.2,20.737318016216157,861409.509332533,861409.514911153
1047,eye0,pmrnet,loop,11.884827981702983,0.02,0.33423304557800293,3.467518021352589,0.7739899447187781,0.08,0.35,0.05,0.45,1.2,18.610568993352352,861409.517279742,861409.521855739
1048,eye0,pmrnet,loop,11.254939949139953,0.02,0.3188350237905979,3.2133959466591477,0.4592600744217634,0.08,0.35,0.05,0.45,1.2,17.39643099401146,861409.52530316,861409.529294937
1049,eye0,pmrnet,loop,17.39808905404061,0.02,0.47485099639743567,9.329622029326856,0.36203605122864246,0.08,0.35,0.05,0.45,1.2,29.714598130993544,861409.533339771,861409.543506797
1050,eye0,pmrnet,loop,15.549083007499576,0.02,0.4636520752683282,4.495883942581713,1.1029900051653385,0.08,0.35,0.05,0.45,1.2,23.761609030514954,861409.543664348,861409.549727206
1051,eye0,pmrnet,loop,18.462774925865233,0.02,0.46432006638497114,9.33767796959728,0.465641962364316,0.08,0.35,0.05,0.45,1.2,30.8804149242118,861409.550441102,861409.560709164
1052,eye0,pmrnet,loop,21.967845037579536,0.02,0.4780529998242855,9.256080957129598,1.1264769127592444,0.08,0.35,0.05,0.45,1.2,34.97845590729266,861409.561422718,861409.572283738
1053,eye0,pmrnet,loop,25.40939301252365,0.02,0.6645179819315672,9.25252994056791,0.3574599977582693,0.08,0.35,0.05,0.45,1.2,37.8339009327814,861409.57351918,861409.583794119
1054,eye0,pmrnet,loop,27.224877034313977,0.02,0.5890179891139269,8.887848001904786,0.25183195248246193,0.08,0.35,0.05,0.45,1.2,39.10357497781515,861409.583949691,861409.593678794
1056,eye0,pmrnet,loop,15.686779981479049,0.02,0.3323479322716594,3.2567139714956284,0.4494769964367151,0.08,0.35,0.05,0.45,1.2,21.87531888168305,861409.594240823,861409.598279679
1057,eye0,pmrnet,loop,15.906295971944928,0.02,0.3503540065139532,3.489296999759972,1.416675979271531,0.08,0.35,0.05,0.45,1.2,23.312622957490383,861409.601311758,861409.606568318
1058,eye0,pmrnet,loop,21.366663044318557,0.02,0.3271830501034856,9.686506004072726,0.7799280574545264,0.08,0.35,0.05,0.45,1.2,34.31028015594929,861409.609303327,861409.620097285
1059,eye0,pmrnet,loop,24.441474000923336,0.02,0.5830519367009401,9.346378035843372,0.3671390004456043,0.08,0.35,0.05,0.45,1.2,36.88804297391325,861409.620944035,861409.631241071
1060,eye0,pmrnet,loop,26.407995959743857,0.02,0.4629609175026417,9.160715038888156,0.2455820795148611,0.08,0.35,0.05,0.45,1.2,38.427253995649515,861409.631407362,861409.641276936
1062,eye0,pmrnet,loop,22.81463099643588,0.02,2.156947972252965,9.284285013563931,0.3540689358487725,0.08,0.35,0.05,0.45,1.2,36.75993291810155,861409.642025211,861409.653820987
1063,eye0,pmrnet,loop,25.0520360423252,0.02,0.4939250648021698,9.230094030499458,0.42106397449970245,0.08,0.35,0.05,0.45,1.2,37.34711911212653,861409.653982395,861409.66412794
1064,eye0,pmrnet,loop,23.08646310120821,0.02,0.3332690102979541,3.997483989223838,0.8608780335634947,0.08,0.35,0.05,0.45,1.2,30.428094134293495,861409.665039687,861409.670231545
1065,eye0,pmrnet,loop,18.858309951610863,0.02,0.3654090687632561,3.1576250912621617,0.21067203488200903,0.08,0.35,0.05,0.45,1.2,24.74201614651829,861409.670338494,861409.674072449
1066,eye0,pmrnet,loop,20.66166396252811,0.02,0.34290109761059284,9.076807997189462,0.35569898318499327,0.08,0.35,0.05,0.45,1.2,32.587072040513156,861409.674168456,861409.683944225
1048,eye1,pmrnet,loop,19.144595018588006,0.02,0.4623649874702096,8.141356986016035,0.21472200751304626,0.08,0.35,0.05,0.45,1.2,30.113038999587296,861409.553328552,861409.56214739
1049,eye1,pmrnet,loop,16.13595604430884,0.02,0.336766941472888,3.926915000192821,0.684869010001421,0.08,0.35,0.05,0.45,1.2,23.23450699597597,861409.562258845,861409.567207657
1050,eye1,pmrnet,loop,15.005078981630504,0.02,0.474574975669384,4.072326002642512,0.19681802950799465,0.08,0.35,0.05,0.45,1.2,21.898797989450394,861409.569402014,861409.574146121
1051,eye1,pmrnet,loop,14.039364992640913,0.02,0.3082120092585683,3.2915699994191527,0.36466901656240225,0.08,0.35,0.05,0.45,1.2,20.153816017881034,861409.577284778,861409.581249483
1052,eye1,pmrnet,loop,14.128713053651154,0.02,0.34070597030222416,3.4066149964928627,0.37286896258592606,0.08,0.35,0.05,0.45,1.2,20.398902983032166,861409.585286951,861409.589407412
1053,eye1,pmrnet,loop,20.550430053845048,0.02,0.32767001539468765,9.684157092124224,0.5922459531575441,0.08,0.35,0.05,0.45,1.2,33.30450311452151,861409.593293908,861409.603898315
1054,eye1,pmrnet,loop,16.36453194078058,0.02,0.4641220439225435,3.119864035397768,0.1882319338619709,0.08,0.35,0.05,0.45,1.2,22.28674995396286,861409.604009052,861409.607781515
1055,eye1,pmrnet,loop,14.081788947805762,0.02,0.3778820391744375,3.369093989022076,0.42983691673725843,0.08,0.35,0.05,0.45,1.2,20.408601892739533,861409.609390861,861409.613567906
1056,eye1,pmrnet,loop,13.821074040606618,0.02,0.33341802190989256,3.2990199979394674,0.4429080290719867,0.08,0.35,0.05,0.45,1.2,20.046420089527963,861409.617300504,861409.621376102
1057,eye1,pmrnet,loop,13.67866201326251,0.02,0.34524593502283096,3.2719449372962117,0.39025500882416964,0.08,0.35,0.05,0.45,1.2,19.83610789440572,861409.625295063,861409.629302748
1058,eye1,pmrnet,loop,13.729444006457925,0.02,0.3445609472692013,3.328395076096058,0.39745401591062546,0.08,0.35,0.05,0.45,1.2,19.949854045733808,861409.633351852,861409.637422538
1059,eye1,pmrnet,loop,13.793049962259829,0.02,0.33899908885359764,3.412836929783225,0.4946650005877018,0.08,0.35,0.05,0.45,1.2,20.189550981484352,861409.641308324,861409.64555505
1060,eye1,pmrnet,loop,13.490178971551359,0.02,0.3418030682951212,3.229888970963657,0.4585429560393095,0.08,0.35,0.05,0.45,1.2,19.670413966849445,861409.649290657,861409.653321096
1061,eye1,pmrnet,loop,13.75985296908766,0.02,0.47672202344983816,3.451840952038765,0.3648999845609069,0.08,0.35,0.05,0.45,1.2,20.20331592913717,861409.65736605,861409.661659874
1062,eye1,pmrnet,loop,14.486656058579683,0.02,0.3684519324451685,4.305401002056897,0.48141798470169306,0.08,0.35,0.05,0.45,1.2,21.79192697778344,861409.665299298,861409.670454926
1063,eye1,pmrnet,loop,19.597873906604946,0.02,0.45922305434942245,9.251021081581712,0.5501230480149388,0.08,0.35,0.05,0.45,1.2,32.00824109055102,861409.673374682,861409.683635473
1064,eye1,pmrnet,loop,16.34771702811122,0.02,0.4826240474358201,3.335947054438293,0.8410050068050623,0.08,0.35,0.05,0.45,1.2,23.157293136790393,861409.683794912,861409.688454845
1065,eye1,pmrnet,loop,17.229971010237932,0.02,0.4817480221390724,7.359159993939102,0.21916197147220373,0.08,0.35,0.05,0.45,1.2,27.44004099778831,861409.68934554,861409.69740597
1066,eye1,pmrnet,loop,13.89757206197828,0.02,0.32297696452587843,3.1941100023686886,1.1181349400430918,0.08,0.35,0.05,0.45,1.2,20.682793968915938,861409.697507064,861409.70214251
1067,eye1,pmrnet,loop,12.85185304004699,0.02,0.3100930480286479,3.269347012974322,0.22031296975910664,0.08,0.35,0.05,0.45,1.2,18.801606070809065,861409.705365817,861409.709165856
1068,eye1,pmrnet,loop,19.425679929554462,0.02,0.47164398711174726,9.474918944761157,0.46684208791702986,0.08,0.35,0.05,0.45,1.2,31.989084949344395,861409.713394236,861409.723808111
1069,eye1,pmrnet,loop,17.801948939450085,0.02,0.4728849744424224,5.586397019214928,0.2205660566687584,0.08,0.35,0.05,0.45,1.2,26.231796989776193,861409.723973798,861409.730254041
1070,eye1,pmrnet,loop,21.162483957596123,0.02,0.47069601714611053,9.509057039394975,0.7138729561120272,0.08,0.35,0.05,0.45,1.2,34.006109970249234,861409.730988946,861409.741682983
1071,eye1,pmrnet,loop,23.168776999227703,0.02,0.48042810522019863,9.108464000746608,0.32678700517863035,0.08,0.35,0.05,0.45,1.2,35.23445611037314,861409.741842202,861409.751758334
1072,eye1,pmrnet,loop,27.229903964325786,0.02,0.5679801106452942,10.248807026073337,0.6108740344643593,0.08,0.35,0.05,0.45,1.2,40.807565135508774,861409.75246009,861409.763888249
1074,eye1,pmrnet,loop,19.878354971297085,0.02,0.46829495113343,7.283141021616757,0.8600229630246758,0.08,0.35,0.05,0.45,1.2,30.639813907071947,861409.76406358,861409.772675406
1075,eye1,pmrnet,loop,16.06019400060177,0.02,0.34241192042827606,3.192923031747341,0.18770003225654364,0.08,0.35,0.05,0.45,1.2,21.933228985033928,861409.773203115,861409.77692638
1076,eye1,pmrnet,loop,13.745753094553947,0.02,0.3588749095797539,4.092991002835333,0.9540130849927664,0.08,0.35,0.05,0.45,1.2,21.3016320919618,861409.777274757,861409.782680914
1077,eye1,pmrnet,loop,13.543286942876875,0.02,0.3360859118402004,3.256106050685048,1.670271041803062,0.08,0.35,0.05,0.45,1.2,20.955749947205184,861409.785284646,861409.790547352
1078,eye1,pmrnet,loop,13.121139956638217,0.02,0.35452900920063257,3.937204019166529,0.6101729813963175,0.08,0.35,0.05,0.45,1.2,20.173045966401695,861409.793291975,861409.798194144
1079,eye1,pmrnet,loop,13.42738897074014,0.02,0.3667720593512058,4.501880030147731,0.3336200024932623,0.08,0.35,0.05,0.45,1.2,20.779661062732337,861409.801366924,861409.806569427
1080,eye1,pmrnet,loop,13.123071985319257,0.02,0.3731120377779007,4.317578976042569,0.3323740093037486,0.08,0.35,0.05,0.45,1.2,20.296137008443473,861409.809311813,861409.814335146
1081,eye1,pmrnet,loop,13.191327103413641,0.02,0.3426809562370181,4.365773987956345,0.4439429612830281,0.08,0.35,0.05,0.45,1.2,20.49372500889003,861409.817319717,861409.82247234
1082,eye1,pmrnet,loop,12.986087938770652,0.02,0.38333400152623653,3.677643951959908,0.9267700370401144,0.08,0.35,0.05,0.45,1.2,20.12383592929691,861409.825348156,861409.830336145
1083,eye1,pmrnet,loop,13.00469704438001,0.02,0.391816021874547,4.229331039823592,0.4410629626363516,0.08,0.35,0.05,0.45,1.2,20.216907068714498,861409.833361241,861409.838423691
1084,eye1,pmrnet,loop,15.941112069413066,0.02,0.3772600321099162,3.23398201726377,0.47127390280365944,0.08,0.35,0.05,0.45,1.2,22.17362802159041,861409.845346121,861409.849428954
1085,eye1,pmrnet,loop,15.568722039461136,0.02,0.33821596298366785,3.2337030861526728,0.22769707720726728,0.08,0.35,0.05,0.45,1.2,21.518338165804742,861409.853325713,861409.857125552
1086,eye1,pmrnet,loop,16.362522961571813,0.02,0.3623110242187977,3.738629980944097,0.5756159080192447,0.08,0.35,0.05,0.45,1.2,23.18907987475395,861409.861311001,861409.865987805
1087,eye1,pmrnet,loop,19.722005003131926,0.02,0.5240640603005886,7.013564929366112,0.4213040228933096,0.08,0.35,0.05,0.45,1.2,29.830938015691935,861409.869457655,861409.8774169
1088,eye1,pmrnet,loop,22.771253949031234,0.02,0.472795101813972,9.415513020940125,0.44254702515900135,0.08,0.35,0.05,0.45,1.2,35.25210909694433,861409.878203432,861409.888534797
1089,eye1,pmrnet,loop,26.95900504477322,0.02,0.5519699770957232,10.638671927154064,0.9069070219993591,0.08,0.35,0.05,0.45,1.2,41.206553971022366,861409.888693876,861409.900791786
1091,eye1,pmrnet,loop,22.034721914678812,0.02,0.5046669393777847,9.52009903267026,0.4546369891613722,0.08,0.35,0.05,0.45,1.2,34.66412487588823,861409.901525302,861409.912005236
1092,eye1,pmrnet,loop,24.374880944378674,0.02,0.45940896961838007,9.381001931615174,0.4068090347573161,0.08,0.35,0.05,0.45,1.2,36.77210088036954,861409.912166708,861409.922414361
1093,eye1,pmrnet,loop,28.02091697230935,0.02,1.9880050094798207,8.553010993637145,0.39512699004262686,0.08,0.35,0.05,0.45,1.2,41.10705996546894,861409.923193329,861409.934129819
1095,eye1,pmrnet,loop,16.077819978818297,0.02,0.3362289862707257,3.2670929795131087,0.4841249901801348,0.08,0.35,0.05,0.45,1.2,22.315266934782265,861409.934237017,861409.938324683
1096,eye1,pmrnet,loop,14.930721023119986,0.02,0.33294595777988434,3.2144750002771616,0.40740601252764463,0.08,0.35,0.05,0.45,1.2,21.035547993704675,861409.941291522,861409.945246586
1097,eye1,pmrnet,loop,21.61814400460571,0.02,0.47221698332577944,9.52209997922182,0.6540260510519147,0.08,0.35,0.05,0.45,1.2,34.416487018205224,861409.949349454,861409.959998233
1098,eye1,pmrnet,loop,20.860769087448716,0.02,2.972639980725944,3.73572192620486,0.4302110755816102,0.08,0.35,0.05,0.45,1.2,30.14934206996113,861409.960175827,861409.967314676
1099,eye1,pmrnet,loop,23.804815020412207,0.02,0.49149792175740004,9.381273994222283,0.40787807665765285,0.08,0.35,0.05,0.45,1.2,36.23546501304954,861409.968046255,861409.978327346
1100,eye1,pmrnet,loop,26.16115496493876,0.02,0.450104009360075,9.087012964300811,0.7025030208751559,0.08,0.35,0.05,0.45,1.2,38.5507749594748,861409.978512706,861409.988752794
1067,eye0,pmrnet,loop,24.963716976344585,0.02,0.6907490314915776,9.593775030225515,0.4748380742967129,0.08,0.35,0.05,0.45,1.2,37.87307911235839,861409.685555596,861409.696315416
1068,eye0,pmrnet,loop,28.462092042900622,0.02,0.6775269284844398,10.183410020545125,0.5400050431489944,0.08,0.35,0.05,0.45,1.2,42.01303403507918,861409.696481521,861409.707882863
1070,eye0,pmrnet,loop,23.401109967380762,0.02,0.49301295075565577,9.392345091328025,0.4483319353312254,0.08,0.35,0.05,0.45,1.2,35.88479994479567,861409.708625526,861409.718959673
1071,eye0,pmrnet,loop,26.273743947967887,0.02,0.671614077873528,9.535274002701044,0.5689989775419235,0.08,0.35,0.05,0.45,1.2,39.19963100608438,861409.71912492,861409.729901264
1073,eye0,pmrnet,loop,19.07393103465438,0.02,0.5067200399935246,7.13955401442945,0.4048510454595089,0.08,0.35,0.05,0.45,1.2,29.27505613453686,861409.7307885,861409.738840023
1074,eye0,pmrnet,loop,15.34508599434048,0.02,0.34095998853445053,3.4148580161854625,0.47609000466763973,0.08,0.35,0.05,0.45,1.2,21.72699400372803,861409.738948097,861409.743180237
1075,eye0,pmrnet,loop,13.365559047088027,0.02,0.34914491698145866,3.140741027891636,0.492656952701509,0.08,0.35,0.05,0.45,1.2,19.49810194466263,861409.745286746,861409.74926953
1076,eye0,pmrnet,loop,16.41788298729807,0.02,2.081674989312887,4.624451976269484,0.35161792766302824,0.08,0.35,0.05,0.45,1.2,25.62562788054347,861409.753332965,861409.76039101
1077,eye0,pmrnet,loop,13.856073026545346,0.02,0.33573294058442116,3.3016189699992537,0.9353139903396368,0.08,0.35,0.05,0.45,1.2,20.578738927468656,861409.761325174,861409.76589813
1078,eye0,pmrnet,loop,13.082140940241516,0.02,0.3570449771359563,3.1547610415145755,0.3403500886633992,0.08,0.35,0.05,0.45,1.2,19.084297047555445,861409.769340909,861409.773193335
1079,eye0,pmrnet,loop,14.823000994510949,0.02,0.40683895349502563,4.702273989096284,0.5936910165473819,0.08,0.35,0.05,0.45,1.2,22.67580495364964,861409.777300085,861409.783003142
1080,eye0,pmrnet,loop,14.360064989887178,0.02,0.3576829330995679,4.581874934956431,0.3332060296088457,0.08,0.35,0.05,0.45,1.2,21.78282888755202,861409.785336093,861409.790609092
1081,eye0,pmrnet,loop,13.968783081509173,0.02,0.3318130038678646,4.337175982072949,0.3331450279802084,0.08,0.35,0.05,0.45,1.2,21.120917095430194,861409.793284581,861409.798286929
1082,eye0,pmrnet,loop,14.107408002018929,0.02,0.3620089264586568,3.8206930039450526,0.9649429703131318,0.08,0.35,0.05,0.45,1.2,21.40505290273577,861409.801346668,861409.80649459
1083,eye0,pmrnet,loop,13.802354922518134,0.02,0.384605024009943,3.325848956592381,1.1677599977701902,0.08,0.35,0.05,0.45,1.2,20.830568900890647,861409.809380066,861409.814258509
1084,eye0,pmrnet,loop,13.876697048544884,0.02,0.35278499126434326,3.7619919748976827,0.9618459735065699,0.08,0.35,0.05,0.45,1.2,21.103319988213478,861409.817324971,861409.822401845
1085,eye0,pmrnet,loop,13.807120965793729,0.02,0.36334898322820663,4.3435669504106045,0.3333840286359191,0.08,0.35,0.05,0.45,1.2,20.997420928068458,861409.825360748,861409.830401274
1086,eye0,pmrnet,loop,13.68948898743838,0.02,0.3474400145933032,3.225338994525373,1.415812992490828,0.08,0.35,0.05,0.45,1.2,20.828080989047884,861409.833363915,861409.838352745
1087,eye0,pmrnet,loop,12.37665896769613,0.02,0.3375159576535225,3.179082996211946,0.21568802185356617,0.08,0.35,0.05,0.45,1.2,18.258945943415164,861409.841376293,861409.845108842
1088,eye0,pmrnet,loop,12.319772969931364,0.02,0.3381730057299137,3.1982960645109415,0.22228900343179703,0.08,0.35,0.05,0.45,1.2,18.228531043604015,861409.849361835,861409.85312082
1089,eye0,pmrnet,loop,12.368538998998702,0.02,0.36581302992999554,3.300794051028788,0.2409500302746892,0.08,0.35,0.05,0.45,1.2,18.426096110232173,861409.857330707,861409.861238603
1090,eye0,pmrnet,loop,12.226284015923738,0.02,0.32816699240356684,3.285542014054954,0.25205209385603666,0.08,0.35,0.05,0.45,1.2,18.242045116238295,861409.865298815,861409.869164832
1091,eye0,pmrnet,loop,17.828965093940496,0.02,0.5028630839660764,8.238855050876737,0.7345299236476421,0.08,0.35,0.05,0.45,1.2,29.45521315243095,861409.873360343,861409.882836966
1092,eye0,pmrnet,loop,18.183881998993456,0.02,0.5680639296770096,6.465737940743566,0.6944619817659259,0.08,0.35,0.05,0.45,1.2,28.062145851179956,861409.883532178,861409.891260795
1093,eye0,pmrnet,loop,14.622580958530307,0.02,0.7278090342879295,3.2151839695870876,0.4617819795385003,0.08,0.35,0.05,0.45,1.2,21.177355941943823,861409.891363464,861409.895768524
1094,eye0,pmrnet,loop,11.969601968303323,0.02,0.40072202682495117,3.1818869756534696,0.22390903905034065,0.08,0.35,0.05,0.45,1.2,17.926120009832083,861409.897377629,861409.901184492
1095,eye0,pmrnet,loop,18.921455019153655,0.02,0.46226801350712776,9.533643024042249,0.8579409914091229,0.08,0.35,0.05,0.45,1.2,31.925307048112153,861409.905351604,861409.916205941
1096,eye0,pmrnet,loop,21.910090930759907,0.02,0.8077600505203009,9.627695078961551,0.4594640340656042,0.08,0.35,0.05,0.45,1.2,34.95501009430736,861409.91636818,861409.927263557
1097,eye0,pmrnet,loop,25.090893963351846,0.02,0.4985199775546789,9.54346195794642,0.45044999569654465,0.08,0.35,0.05,0.45,1.2,37.73332589454949,861409.928020816,861409.938513696
1099,eye0,pmrnet,loop,17.071067006327212,0.02,0.5584040191024542,7.008734974078834,0.3973629791289568,0.08,0.35,0.05,0.45,1.2,27.185568978637455,861409.938667344,861409.946632201
1100,eye0,pmrnet,loop,19.969995017163455,0.02,0.466196914203465,9.259296930395067,0.6538470042869449,0.08,0.35,0.05,0.45,1.2,32.49933586604893,861409.947219851,861409.957599643
1101,eye0,pmrnet,loop,21.562334964983165,0.02,0.47058798372745514,8.173590060323477,0.8566179312765598,0.08,0.35,0.05,0.45,1.2,33.21313094031066,861409.957760102,861409.967261222
1102,eye0,pmrnet,loop,24.272951995953918,0.02,0.4857899621129036,9.015160030685365,0.5059940740466118,0.08,0.35,0.05,0.45,1.2,36.4298960627988,861409.968033539,861409.97804087
1104,eye0,pmrnet,loop,13.11085605993867,0.02,0.3840470453724265,3.6281299544498324,0.8403810206800699,0.08,0.35,0.05,0.45,1.2,20.113414080440997,861409.978164026,861409.983016855
1105,eye0,pmrnet,loop,11.066745966672897,0.02,0.31806505285203457,3.191601950675249,0.21662900689989328,0.08,0.35,0.05,0.45,1.2,16.943041977100073,861409.98531521,861409.989041766
1106,eye0,pmrnet,loop,16.520678997039795,0.02,0.4931569565087557,8.503015036694705,0.21984195336699486,0.08,0.35,0.05,0.45,1.2,27.88669294361025,861409.993348311,861410.002564676
1107,eye0,pmrnet,loop,14.427613001316786,0.02,0.35042595118284225,4.705425933934748,0.8088389877229929,0.08,0.35,0.05,0.45,1.2,22.442303874157368,861410.002675693,861410.00854064
1108,eye0,pmrnet,loop,10.962248081341386,0.02,0.41620200499892235,3.174122073687613,0.22349506616592407,0.08,0.35,0.05,0.45,1.2,16.926067226193844,861410.009330132,861410.01314416
1109,eye0,pmrnet,loop,11.148735065944493,0.02,0.30662305653095245,3.3973020035773516,0.38798293098807335,0.08,0.35,0.05,0.45,1.2,17.39064305704087,861410.017307487,861410.021399646
1110,eye0,pmrnet,loop,16.69383200351149,0.02,0.3498949808999896,3.8797029992565513,1.3925590319558978,0.08,0.35,0.05,0.45,1.2,24.465989015623926,861410.029391315,861410.035013727
1111,eye0,pmrnet,loop,18.950724974274635,0.02,0.3291670000180602,7.45653104968369,0.21859700791537762,0.08,0.35,0.05,0.45,1.2,29.105020031891762,861410.037335235,861410.045339782
1112,eye0,pmrnet,loop,16.379325068555772,0.02,0.40853803511708975,4.654502961784601,0.3350520273670554,0.08,0.35,0.05,0.45,1.2,23.927418092824517,861410.045439161,861410.050837446
1113,eye0,pmrnet,loop,21.67659206315875,0.02,0.5942409625276923,9.396133944392204,0.8306920062750578,0.08,0.35,0.05,0.45,1.2,34.6476589763537,861410.05338148,861410.064203094
1114,eye0,pmrnet,loop,24.06399289611727,0.02,0.5170509684830904,8.627968025393784,0.3284469712525606,0.08,0.35,0.05,0.45,1.2,35.687458861246704,861410.065186106,861410.074659962
1115,eye0,pmrnet,loop,20.21056995727122,0.02,0.34187210258096457,3.248919965699315,0.5176259437575936,0.08,0.35,0.05,0.45,1.2,26.46898796930909,861410.074766905,861410.078875584
1116,eye0,pmrnet,loop,16.64182497188449,0.02,0.3506880020722747,3.247302956879139,0.7969880243763328,0.08,0.35,0.05,0.45,1.2,23.186803955212234,861410.078980655,861410.083375868
1117,eye0,pmrnet,loop,14.81896999757737,0.02,0.8213759865611792,3.279270022176206,0.21476997062563896,0.08,0.35,0.05,0.45,1.2,21.284385976940392,861410.085306509,861410.089622176
1118,eye0,pmrnet,loop,14.586921082809567,0.02,0.3709509037435055,3.3854780485853553,0.38327102083712816,0.08,0.35,0.05,0.45,1.2,20.876621055975555,861410.093319058,861410.097458989
1119,eye0,pmrnet,loop,19.82177491299808,0.02,0.5471839103847742,8.12490505632013,0.7700709393247962,0.08,0.35,0.05,0.45,1.2,31.41393481902778,861410.101320204,861410.110762754
1120,eye0,pmrnet,loop,17.728636041283607,0.02,0.34775701351463795,4.5301689533516765,0.5795579636469483,0.08,0.35,0.05,0.45,1.2,25.33611997179687,861410.111280951,861410.116738672
1102,eye1,pmrnet,loop,18.339639995247126,0.02,0.3409110940992832,6.159648997709155,0.5196270067244768,0.08,0.35,0.05,0.45,1.2,27.50982709378004,861409.990049171,861409.997069622
1103,eye1,pmrnet,loop,14.91323800291866,0.02,0.3578360192477703,3.62262106500566,0.4170570755377412,0.08,0.35,0.05,0.45,1.2,21.46075216270983,861409.997314622,861410.001712374
1104,eye1,pmrnet,loop,14.231143984943628,0.02,0.30526204500347376,3.1241390388458967,0.3604050725698471,0.08,0.35,0.05,0.45,1.2,20.170950141362844,861410.00530916,861410.009099213
1105,eye1,pmrnet,loop,20.51279495935887,0.02,0.4765290068462491,9.199100080877542,0.36637706216424704,0.08,0.35,0.05,0.45,1.2,32.70480110924691,861410.013406829,861410.023449313
1106,eye1,pmrnet,loop,17.546307062730193,0.02,1.5273449243977666,3.1899759778752923,0.21874706726521254,0.08,0.35,0.05,0.45,1.2,24.632375032268463,861410.023615927,861410.028552248
1107,eye1,pmrnet,loop,16.00179902743548,0.02,0.37331110797822475,4.7218280378729105,0.5854270420968533,0.08,0.35,0.05,0.45,1.2,23.83236521538347,861410.029395867,861410.035076687
1108,eye1,pmrnet,loop,14.296693028882146,0.02,0.3457630518823862,3.1294170767068863,0.5548709305003285,0.08,0.35,0.05,0.45,1.2,20.476744087971746,861410.03741053,861410.04144081
1109,eye1,pmrnet,loop,15.548600000329316,0.02,0.33844204153865576,4.1514309123158455,0.9223849046975374,0.08,0.35,0.05,0.45,1.2,23.110857858881353,861410.045349231,861410.050761701
1110,eye1,pmrnet,loop,14.647912001237273,0.02,0.3193099983036518,3.8778239395469427,0.43919694144278765,0.08,0.35,0.05,0.45,1.2,21.434242880530654,861410.053293341,861410.057929926
1111,eye1,pmrnet,loop,14.147825073450804,0.02,0.34478597808629274,3.2893839525058866,0.562243047170341,0.08,0.35,0.05,0.45,1.2,20.494238051213323,861410.061301935,861410.06549862
1112,eye1,pmrnet,loop,14.684447087347507,0.02,0.35056599881500006,3.846868989057839,0.5163729656487703,0.08,0.35,0.05,0.45,1.2,21.548255040869115,861410.069389917,861410.074103993
1113,eye1,pmrnet,loop,21.10434090718627,0.02,0.4634360084310174,9.887526044622064,0.8461320539936423,0.08,0.35,0.05,0.45,1.2,34.45143501423299,861410.077395463,861410.088592987
1114,eye1,pmrnet,loop,24.250290007330477,0.02,1.3499819906428456,9.164359071291983,0.4466250538825989,0.08,0.35,0.05,0.45,1.2,37.3612561231479,861410.08884609,861410.099807541
1115,eye1,pmrnet,loop,23.381673963740468,0.02,0.35498104989528656,5.451030097901821,0.4189109895378351,0.08,0.35,0.05,0.45,1.2,31.75659610107541,861410.100783477,861410.107008667
1116,eye1,pmrnet,loop,19.316542078740895,0.02,0.3364699659869075,3.366118995472789,0.19465701188892126,0.08,0.35,0.05,0.45,1.2,25.36378805208951,861410.107114927,861410.111012407
1117,eye1,pmrnet,loop,16.657819971442223,0.02,0.336244935169816,3.9576999843120575,0.9907149942591786,0.08,0.35,0.05,0.45,1.2,24.092479885183273,861410.111137996,861410.116422861
1118,eye1,pmrnet,loop,16.900604008696973,0.02,0.474950997158885,6.676081917248666,0.22040202748030424,0.08,0.35,0.05,0.45,1.2,26.422038950584827,861410.117362873,861410.124734663
1119,eye1,pmrnet,loop,20.211166003718972,0.02,0.4756429698318243,9.452769998461008,0.7982370443642139,0.08,0.35,0.05,0.45,1.2,33.08781601637602,861410.125386534,861410.136113596
1120,eye1,pmrnet,loop,16.429016017355025,0.02,0.4591600736603141,3.4744790755212307,0.1915469765663147,0.08,0.35,0.05,0.45,1.2,22.704202143102883,861410.136276534,861410.140402093
1121,eye1,pmrnet,loop,16.022555995732546,0.02,0.33835996873676777,5.921375006437302,0.3684869734570384,0.08,0.35,0.05,0.45,1.2,24.800777944363652,861410.141435539,861410.148064132
1122,eye1,pmrnet,loop,19.760186900384724,0.02,0.4755050176754594,9.333117050118744,0.6876660045236349,0.08,0.35,0.05,0.45,1.2,32.40647497270256,861410.149373572,861410.159870376
1123,eye1,pmrnet,loop,21.04590996168554,0.02,0.487996032461524,8.312675985507667,0.36197889130562544,0.08,0.35,0.05,0.45,1.2,32.35856087096035,861410.160062635,861410.169225663
1124,eye1,pmrnet,loop,18.85874103754759,0.02,0.4826539661735296,4.348235088400543,0.42387901339679956,0.08,0.35,0.05,0.45,1.2,26.26350910551846,861410.169852704,861410.175107828
1125,eye1,pmrnet,loop,14.625027077272534,0.02,0.3204350359737873,3.2037169439718127,0.21255796309560537,0.08,0.35,0.05,0.45,1.2,20.51173702031374,861410.175206027,861410.178942987
1126,eye1,pmrnet,loop,13.102876022458076,0.02,0.29866595286875963,3.5150700714439154,0.384011073037982,0.08,0.35,0.05,0.45,1.2,19.450623119808732,861410.181291897,861410.185489897
1127,eye1,pmrnet,loop,12.919734930619597,0.02,0.31190691515803337,3.2508610747754574,0.5215290002524853,0.08,0.35,0.05,0.45,1.2,19.154031920805572,861410.189291316,861410.193375819
1128,eye1,pmrnet,loop,14.91503999568522,0.02,0.4654889926314354,4.98846999835223,0.6216480396687984,0.08,0.35,0.05,0.45,1.2,23.140647026337682,861410.197364111,861410.203440065
1129,eye1,pmrnet,loop,13.05372396018356,0.02,0.3379599656909704,3.554939990863204,0.4023689543828368,0.08,0.35,0.05,0.45,1.2,19.49899287112057,861410.205352234,861410.209647778
1130,eye1,pmrnet,loop,13.0738370353356,0.02,0.34387793857604265,3.6217999877408147,0.4324140027165413,0.08,0.35,0.05,0.45,1.2,19.621928964368998,861410.21333861,861410.217736932
1131,eye1,pmrnet,loop,13.130931998603046,0.02,0.32408908009529114,3.4842840395867825,0.7307789055630565,0.08,0.35,0.05,0.45,1.2,19.820084023848175,861410.221323641,861410.22586303
1132,eye1,pmrnet,loop,13.028771965764463,0.02,0.354478950612247,3.279021941125393,0.880628009326756,0.08,0.35,0.05,0.45,1.2,19.692900866828857,861410.229315546,861410.23382991
1133,eye1,pmrnet,loop,13.613909017294645,0.02,0.35498698707669973,4.004429909400642,0.7533610332757235,0.08,0.35,0.05,0.45,1.2,20.87668694704771,861410.237370754,861410.242483804
1134,eye1,pmrnet,loop,13.952280976809561,0.02,0.32349000684916973,4.66665904968977,0.5841299425810575,0.08,0.35,0.05,0.45,1.2,21.676559975929557,861410.245316738,861410.250891247
1135,eye1,pmrnet,loop,13.232913101091981,0.02,0.3389479825273156,3.1718160025775433,1.4200829900801182,0.08,0.35,0.05,0.45,1.2,20.313760076276957,861410.25330979,861410.258240893
1136,eye1,pmrnet,loop,13.778399908915162,0.02,0.3570170374587178,3.5288010258227587,1.5939839649945498,0.08,0.35,0.05,0.45,1.2,21.408201937191187,861410.261375412,861410.266855476
1137,eye1,pmrnet,loop,22.508020978420973,0.02,3.964486066251993,9.789105970412493,0.4958359058946371,0.08,0.35,0.05,0.45,1.2,38.907448920980094,861410.269403482,861410.283653352
1138,eye1,pmrnet,loop,26.607100968249142,0.02,0.48024009447544813,9.245328954420984,1.2866880279034376,0.08,0.35,0.05,0.45,1.2,39.76935804504901,861410.284808389,861410.295821119
1140,eye1,pmrnet,loop,22.962792892940342,0.02,2.191963023506105,9.646809077821672,0.4839240573346615,0.08,0.35,0.05,0.45,1.2,37.43548905160278,861410.295991203,861410.308314334
1141,eye1,pmrnet,loop,26.721742004156113,0.02,0.5451400065794587,9.723542956635356,0.7448639953508973,0.08,0.35,0.05,0.45,1.2,39.88528896272182,861410.309129671,861410.320143662
1142,eye1,pmrnet,loop,22.52065995708108,0.02,0.3585589583963156,3.182995948009193,0.21468906197696924,0.08,0.35,0.05,0.45,1.2,28.426903925463556,861410.320255232,861410.324011747
1143,eye1,pmrnet,loop,19.732602988369763,0.02,0.3268939908593893,3.452354925684631,1.3988300925120711,0.08,0.35,0.05,0.45,1.2,27.060681997425853,861410.324114203,861410.329292522
1144,eye1,pmrnet,loop,17.743931035511196,0.02,0.4247160395607352,3.738143015652895,1.2149940012022853,0.08,0.35,0.05,0.45,1.2,25.27178409192711,861410.32999492,861410.335373031
1145,eye1,pmrnet,loop,19.935415009967983,0.02,0.4688999615609646,6.791826919652522,0.9885169565677643,0.08,0.35,0.05,0.45,1.2,30.334658847749232,861410.337383715,861410.345633299
1146,eye1,pmrnet,loop,19.598665996454656,0.02,0.35200396087020636,6.412366987206042,0.8646040223538876,0.08,0.35,0.05,0.45,1.2,29.37764096688479,861410.345736196,861410.353365457
1147,eye1,pmrnet,loop,22.94081205036491,0.02,0.474720960482955,9.470158023759723,0.45773398596793413,0.08,0.35,0.05,0.45,1.2,35.49342502057552,861410.354373029,861410.364776164
1148,eye1,pmrnet,loop,26.447384036146104,0.02,0.40528608951717615,9.285587002523243,0.36256504245102406,0.08,0.35,0.05,0.45,1.2,38.65082217063755,861410.366298439,861410.376352316
1150,eye1,pmrnet,loop,17.178257927298546,0.02,0.6797339301556349,4.028234048746526,0.7721129804849625,0.08,0.35,0.05,0.45,1.2,24.808338886685668,861410.377740683,861410.3832212
1151,eye1,pmrnet,loop,15.297058038413525,0.02,0.3363529685884714,3.2682589953765273,0.3779289545491338,0.08,0.35,0.05,0.45,1.2,21.429598956927656,861410.385426217,861410.389409018
1152,eye1,pmrnet,loop,15.639718971215189,0.02,0.34908601082861423,3.285062965005636,0.7414401043206453,0.08,0.35,0.05,0.45,1.2,22.165308051370083,861410.393444879,861410.397820702
1153,eye1,pmrnet,loop,21.14192908629775,0.02,0.46080106403678656,9.275402990169823,0.22997497580945492,0.08,0.35,0.05,0.45,1.2,33.25810811631382,861410.401425441,861410.411391962
1121,eye0,pmrnet,loop,14.697785023599863,0.02,0.3440099535509944,3.642866970039904,0.46050106175243855,0.08,0.35,0.05,0.45,1.2,21.2951630089432,861410.117329134,861410.121776751
1122,eye0,pmrnet,loop,14.314574073068798,0.02,0.3507640212774277,3.3383360132575035,0.4343820037320256,0.08,0.35,0.05,0.45,1.2,20.588056111335753,861410.125339133,861410.129462837
1123,eye0,pmrnet,loop,14.079145970754325,0.02,0.3208169946447015,3.252687049098313,0.39048504550009966,0.08,0.35,0.05,0.45,1.2,20.193135059997438,861410.133332106,861410.137296332
1124,eye0,pmrnet,loop,14.676488004624844,0.02,0.3082701005041599,3.7142359651625156,0.5306139355525374,0.08,0.35,0.05,0.45,1.2,21.379608005844055,861410.141409177,861410.145962616
1125,eye0,pmrnet,loop,14.462516992352903,0.02,0.36088807974010706,3.7282250123098493,0.3998919855803251,0.08,0.35,0.05,0.45,1.2,21.101522069983183,861410.149328254,861410.153817506
1126,eye0,pmrnet,loop,20.41552506852895,0.02,0.4746268969029188,9.557935991324484,0.4761719610542059,0.08,0.35,0.05,0.45,1.2,33.07425991781056,861410.157329864,861410.167839049
1127,eye0,pmrnet,loop,23.252155049704015,0.02,0.6659169448539615,9.442246984690428,0.6241819355636835,0.08,0.35,0.05,0.45,1.2,36.13450091481209,861410.168012082,861410.178744903
1128,eye0,pmrnet,loop,26.020893012173474,0.02,0.4704210441559553,9.18407493736595,0.35421899519860744,0.08,0.35,0.05,0.45,1.2,38.179607988893984,861410.179573121,861410.189582292
1130,eye0,pmrnet,loop,20.667387056164443,0.02,0.46306406147778034,9.242238942533731,0.9211900178343058,0.08,0.35,0.05,0.45,1.2,33.44388007801027,861410.189740064,861410.200366982
1131,eye0,pmrnet,loop,23.69665098376572,0.02,0.5074089858680964,9.200687054544687,0.3586009843274951,0.08,0.35,0.05,0.45,1.2,35.913348008506,861410.201398183,861410.211465344
1132,eye0,pmrnet,loop,25.88357194326818,0.02,0.590844894759357,9.162625996395946,0.3362769493833184,0.08,0.35,0.05,0.45,1.2,38.1233197838068,861410.211631047,861410.221721242
1134,eye0,pmrnet,loop,21.9274100381881,0.02,1.606827019713819,9.3925358960405,0.33971096854656935,0.08,0.35,0.05,0.45,1.2,35.416483922488986,861410.222563873,861410.23390328
1135,eye0,pmrnet,loop,17.711616004817188,0.02,0.3390429774299264,3.1696840887889266,0.23598491679877043,0.08,0.35,0.05,0.45,1.2,23.60632798783481,861410.234011563,861410.237756589
1136,eye0,pmrnet,loop,14.430470997467637,0.02,0.3178520128130913,4.043770022690296,0.32642402220517397,0.08,0.35,0.05,0.45,1.2,21.268517055176197,861410.237857126,861410.242545373
1137,eye0,pmrnet,loop,14.630802907049656,0.02,0.3566369414329529,4.041045904159546,1.0657861130312085,0.08,0.35,0.05,0.45,1.2,22.244271865673362,861410.245351273,861410.250814937
1138,eye0,pmrnet,loop,14.051005942746997,0.02,0.3725959686562419,4.249696969054639,0.3311779582872987,0.08,0.35,0.05,0.45,1.2,21.154476838745175,861410.253350414,861410.258304138
1139,eye0,pmrnet,loop,14.845247962512076,0.02,0.9177509928122163,4.2970990762114525,0.584646943025291,0.08,0.35,0.05,0.45,1.2,22.794744974561034,861410.261367617,861410.267167417
1140,eye0,pmrnet,loop,12.72459898609668,0.02,0.3542390186339617,3.163916990160942,0.21578790619969368,0.08,0.35,0.05,0.45,1.2,18.608542901091276,861410.269381485,861410.27311566
1141,eye0,pmrnet,loop,17.788112978450954,0.02,3.7833750247955322,4.566023009829223,0.5122460424900055,0.08,0.35,0.05,0.45,1.2,28.799757055565713,861410.277386144,861410.286248081
1142,eye0,pmrnet,loop,14.26203001756221,0.02,0.3232019953429699,3.246632986702025,0.3771160263568163,0.08,0.35,0.05,0.45,1.2,20.35898102596402,861410.286843852,861410.290791059
1143,eye0,pmrnet,loop,12.634151033125818,0.02,0.36453106440603733,3.2511039171367884,0.21593808196485043,0.08,0.35,0.05,0.45,1.2,18.615724096633492,861410.293400404,861410.29723221
1144,eye0,pmrnet,loop,15.453257015906274,0.02,0.40006800554692745,5.962772993370891,0.41166297160089016,0.08,0.35,0.05,0.45,1.2,24.37776098642498,861410.301345498,861410.308120315
1145,eye0,pmrnet,loop,12.894443003460765,0.02,0.38766604848206043,3.3905929885804653,0.43158105108886957,0.08,0.35,0.05,0.45,1.2,19.25428309161216,861410.309420444,861410.31363055
1146,eye0,pmrnet,loop,13.66006291937083,0.02,0.38150709588080645,3.2292210962623358,1.4919869136065245,0.08,0.35,0.05,0.45,1.2,20.912778025120495,861410.317362258,861410.322465214
1147,eye0,pmrnet,loop,12.769317021593451,0.02,0.31122902873903513,3.3954449463635683,0.6206050748005509,0.08,0.35,0.05,0.45,1.2,19.246596071496604,861410.325315808,861410.329643317
1148,eye0,pmrnet,loop,12.164011015556753,0.02,0.3260999219492078,3.230719012208283,0.21933193784207106,0.08,0.35,0.05,0.45,1.2,18.090161887556313,861410.333330717,861410.337107091
1149,eye0,pmrnet,loop,12.685302062891424,0.02,0.2581269945949316,3.336203983053565,0.3307040315121412,0.08,0.35,0.05,0.45,1.2,18.76033707205206,861410.341772012,861410.345697334
1150,eye0,pmrnet,loop,12.35181000083685,0.02,0.3204760141670704,3.4398100106045604,0.3303650300949812,0.08,0.35,0.05,0.45,1.2,18.59246105570346,861410.349342034,861410.353432948
1151,eye0,pmrnet,loop,12.439182959496975,0.02,0.36278495099395514,3.3262730576097965,0.5699550965800881,0.08,0.35,0.05,0.45,1.2,18.848196064680813,861410.357330002,861410.361589272
1152,eye0,pmrnet,loop,12.46093597728759,0.02,0.38133806083351374,3.2998640090227127,0.6016899133101106,0.08,0.35,0.05,0.45,1.2,18.893827960453926,861410.365396825,861410.369679982
1153,eye0,pmrnet,loop,12.912539066746831,0.02,0.35296299029141665,4.077228019014001,0.45255699660629034,0.08,0.35,0.05,0.45,1.2,19.945287072658537,861410.373317431,861410.378200461
1154,eye0,pmrnet,loop,18.027128069661558,0.02,0.468192039988935,9.186354000121355,0.36205106880515814,0.08,0.35,0.05,0.45,1.2,30.193725178577004,861410.381366729,861410.391383777
1155,eye0,pmrnet,loop,16.46203699056059,0.02,0.46267604921013117,5.546186002902687,0.3341180272400379,0.08,0.35,0.05,0.45,1.2,24.955017069913445,861410.391544759,861410.397888058
1156,eye0,pmrnet,loop,15.156912035308778,0.02,0.4747309722006321,4.659842001274228,0.6140469340607524,0.08,0.35,0.05,0.45,1.2,23.05553194284439,861410.398902909,861410.404651879
1157,eye0,pmrnet,loop,11.793366982601583,0.02,0.34327502362430096,3.267702995799482,0.38114492781460285,0.08,0.35,0.05,0.45,1.2,17.935489929839967,861410.405365097,861410.40935746
1158,eye0,pmrnet,loop,15.04574401769787,0.02,0.46599400229752064,6.37791003100574,0.4783559124916792,0.08,0.35,0.05,0.45,1.2,24.51800396349281,861410.413356131,861410.420678739
1159,eye0,pmrnet,loop,17.836503917351365,0.02,0.46398595441132784,9.338814998045564,0.36528101190924644,0.08,0.35,0.05,0.45,1.2,30.1545858817175,861410.421369508,861410.43153806
1160,eye0,pmrnet,loop,17.432503984309733,0.02,0.47078996431082487,6.816921988502145,0.2127758925780654,0.08,0.35,0.05,0.45,1.2,27.082991829700767,861410.431702878,861410.439203693
1161,eye0,pmrnet,loop,15.813402947969735,0.02,0.4745650803670287,4.503487958572805,0.4105840343981981,0.08,0.35,0.05,0.45,1.2,23.352040021307765,861410.440264505,861410.44565349
1162,eye0,pmrnet,loop,12.212135014124215,0.02,0.3459959989413619,3.5476420307531953,0.4751600790768862,0.08,0.35,0.05,0.45,1.2,18.730933122895657,861410.445752126,861410.45012119
1163,eye0,pmrnet,loop,17.760233022272587,0.02,0.45698799658566713,9.395871078595519,0.4818689776584506,0.08,0.35,0.05,0.45,1.2,30.244961075112222,861410.453402432,861410.46373765
1164,eye0,pmrnet,loop,21.00146294105798,0.02,0.4973779432475567,9.440734051167965,0.46987493988126516,0.08,0.35,0.05,0.45,1.2,33.55944987535477,861410.464639699,861410.475048134
1165,eye0,pmrnet,loop,21.7541930032894,0.02,0.65730104688555,7.545802975073457,0.4611370386555791,0.08,0.35,0.05,0.45,1.2,32.568434063903986,861410.475205674,861410.483870232
1166,eye0,pmrnet,loop,24.575693998485804,0.02,0.4752089735120535,9.395104018040001,0.37084706127643585,0.08,0.35,0.05,0.45,1.2,36.96685405131429,861410.484518549,861410.494760146
1167,eye0,pmrnet,loop,26.982621056959033,0.02,0.4915189929306507,9.359519928693771,0.4549940349534154,0.08,0.35,0.05,0.45,1.2,39.43865401353687,861410.494929873,861410.505236363
1169,eye0,pmrnet,loop,20.936702960170805,0.02,0.6006119074299932,8.271149941720068,0.5240729078650475,0.08,0.35,0.05,0.45,1.2,32.48253771718591,861410.505932653,861410.515328868
1170,eye0,pmrnet,loop,16.80886500980705,0.02,0.3459069412201643,3.1605809926986694,0.32828201074153185,0.08,0.35,0.05,0.45,1.2,22.793634954467414,861410.515435038,861410.519270043
1171,eye0,pmrnet,loop,15.086885076016188,0.02,0.34776690881699324,3.484688000753522,0.4480950301513076,0.08,0.35,0.05,0.45,1.2,21.51743501573801,861410.521336088,861410.52561686
1172,eye0,pmrnet,loop,19.200064009055495,0.02,0.4844039212912321,7.091966923326254,0.8471719920635223,0.08,0.35,0.05,0.45,1.2,29.773606845736502,861410.529374929,861410.53779887
1173,eye0,pmrnet,loop,15.530504984781146,0.02,0.35539199598133564,3.5420519998297095,0.3918120637536049,0.08,0.35,0.05,0.45,1.2,21.969761044345795,861410.537908928,861410.542198371
1154,eye1,pmrnet,loop,18.70287593919784,0.02,0.3620539791882038,3.915676032193005,0.8569130441173911,0.08,0.35,0.05,0.45,1.2,25.987518994696437,861410.411886697,861410.417021568
1155,eye1,pmrnet,loop,18.91460199840367,0.02,0.4657090175896883,6.512142950668931,0.48005697317421436,0.08,0.35,0.05,0.45,1.2,28.5225109398365,861410.417844426,861410.425302675
1156,eye1,pmrnet,loop,15.168130048550665,0.02,0.330531969666481,3.2792309066280723,0.6081389728933573,0.08,0.35,0.05,0.45,1.2,21.536031897738575,861410.425407025,861410.429625158
1157,eye1,pmrnet,loop,14.79978405404836,0.02,0.3517309669405222,3.1876839930191636,0.4100640071555972,0.08,0.35,0.05,0.45,1.2,20.89926302116364,861410.433376137,861410.437325826
1158,eye1,pmrnet,loop,20.15611599199474,0.02,0.4643829306587577,8.648449089378119,0.2176080597564578,0.08,0.35,0.05,0.45,1.2,31.63655607178807,861410.441420377,861410.450751172
1159,eye1,pmrnet,loop,16.42956701107323,0.02,0.34109107218682766,3.343758056871593,0.5564920138567686,0.08,0.35,0.05,0.45,1.2,22.82090815398842,861410.450852039,861410.45509362
1160,eye1,pmrnet,loop,21.186031051911414,0.02,0.47919596545398235,9.546345914714038,0.4939660429954529,0.08,0.35,0.05,0.45,1.2,33.855538975074886,861410.457399489,861410.467919464
1161,eye1,pmrnet,loop,21.92669897340238,0.02,0.48226199578493834,7.670702994801104,0.45754597522318363,0.08,0.35,0.05,0.45,1.2,32.687209939211606,861410.468118932,861410.476729805
1162,eye1,pmrnet,loop,22.96556707005948,0.02,0.4663231084123254,7.477059960365295,0.455962959676981,0.08,0.35,0.05,0.45,1.2,33.514913098514086,861410.477437876,861410.485837642
1163,eye1,pmrnet,loop,19.002145971171558,0.02,0.3225610125809908,3.2971890177577734,0.3867699997499585,0.08,0.35,0.05,0.45,1.2,25.15866600126028,861410.485936582,861410.489943348
1164,eye1,pmrnet,loop,15.45493002049625,0.02,0.32419199123978615,3.2529440941289067,0.8426499553024769,0.08,0.35,0.05,0.45,1.2,22.024716061167418,861410.490044913,861410.494464922
1165,eye1,pmrnet,loop,20.80289402510971,0.02,0.47157006338238716,9.53810999635607,0.5120619898661971,0.08,0.35,0.05,0.45,1.2,33.47463607471437,861410.497359159,861410.507881403
1166,eye1,pmrnet,loop,24.180472013540566,0.02,0.4620039835572243,9.439606918022037,1.3756699627265334,0.08,0.35,0.05,0.45,1.2,37.60775287784636,861410.50805032,861410.519328045
1167,eye1,pmrnet,loop,30.104349949397147,0.02,3.040074952878058,9.317970019765198,0.7906649261713028,0.08,0.35,0.05,0.45,1.2,45.403059848211704,861410.520171858,861410.533321005
1169,eye1,pmrnet,loop,18.51821201853454,0.02,0.346725108101964,3.634063992649317,0.4553609760478139,0.08,0.35,0.05,0.45,1.2,25.104362095333634,861410.533436673,861410.537873128
1170,eye1,pmrnet,loop,21.735234069637954,0.02,0.4642399726435542,9.234831086359918,0.9275180054828525,0.08,0.35,0.05,0.45,1.2,34.51182313412428,861410.538531694,861410.549158705
1171,eye1,pmrnet,loop,23.120850091800094,0.02,0.4532119492068887,8.440853096544743,0.3987590316683054,0.08,0.35,0.05,0.45,1.2,34.56367416922003,861410.549320752,861410.55861393
1172,eye1,pmrnet,loop,24.25804897211492,0.02,0.48295699525624514,7.48442905023694,0.217283028177917,0.08,0.35,0.05,0.45,1.2,34.59271804578602,861410.559634875,861410.567819913
1173,eye1,pmrnet,loop,20.50275297369808,0.02,0.35304203629493713,3.1344499439001083,0.716928974725306,0.08,0.35,0.05,0.45,1.2,26.85717392861843,861410.567929155,861410.572133827
1174,eye1,pmrnet,loop,16.497137024998665,0.02,0.32401992939412594,3.229947993531823,0.4046470858156681,0.08,0.35,0.05,0.45,1.2,22.60575203374028,861410.572238386,861410.576197267
1175,eye1,pmrnet,loop,19.832447986118495,0.02,0.45982596930116415,9.2988460091874,0.43296092189848423,0.08,0.35,0.05,0.45,1.2,32.17408088650554,861410.577408808,861410.587600897
1176,eye1,pmrnet,loop,23.126318934373558,0.02,1.4168090419843793,9.39342996571213,0.37547899410128593,0.08,0.35,0.05,0.45,1.2,36.46203693617135,861410.587777564,861410.59896371
1177,eye1,pmrnet,loop,21.352099953219295,0.02,0.3444780595600605,3.85278498288244,1.3628939632326365,0.08,0.35,0.05,0.45,1.2,29.06225695889443,861410.599698463,861410.605258896
1178,eye1,pmrnet,loop,17.10636296775192,0.02,0.319067039526999,3.171922988258302,0.1921270741149783,0.08,0.35,0.05,0.45,1.2,22.9394800696522,861410.605399036,861410.609082384
1179,eye1,pmrnet,loop,13.623118051327765,0.02,0.36031100898981094,3.4962070640176535,0.44113805051892996,0.08,0.35,0.05,0.45,1.2,20.070774174854158,861410.609370283,861410.613668177
1180,eye1,pmrnet,loop,13.264498091302812,0.02,0.33354898914694786,3.281277953647077,0.39191998075693846,0.08,0.35,0.05,0.45,1.2,19.421245014853774,861410.617371594,861410.621378544
1181,eye1,pmrnet,loop,20.567150902934372,0.02,0.46656292397528887,10.342931025661528,0.5550349596887827,0.08,0.35,0.05,0.45,1.2,34.08167981225998,861410.625384561,861410.63674953
1182,eye1,pmrnet,loop,22.785382927395403,0.02,0.6586930248886347,9.120394941419363,0.33346295822411776,0.08,0.35,0.05,0.45,1.2,35.04793385192752,861410.636923985,861410.647037018
1183,eye1,pmrnet,loop,25.73706302791834,0.02,0.5199459847062826,9.345866041257977,0.3261350793763995,0.08,0.35,0.05,0.45,1.2,38.079010133259,861410.647865191,861410.6580576
1185,eye1,pmrnet,loop,20.765977911651134,0.02,0.5041440017521381,9.85012506134808,0.6529360543936491,0.08,0.35,0.05,0.45,1.2,33.923183029145,861410.658216958,861410.669224589
1186,eye1,pmrnet,loop,17.159902956336737,0.02,0.4856140585616231,3.169414005242288,0.24270603898912668,0.08,0.35,0.05,0.45,1.2,23.207637059129773,861410.669789882,861410.67368787
1187,eye1,pmrnet,loop,13.787321047857404,0.02,0.345851993188262,3.1536309979856014,1.0873100254684687,0.08,0.35,0.05,0.45,1.2,20.524114064499734,861410.673797343,861410.678384382
1188,eye1,pmrnet,loop,14.03090707026422,0.02,0.385605962947011,4.316924954764545,0.6707360735163093,0.08,0.35,0.05,0.45,1.2,21.554174061492084,861410.681323476,861410.686696963
1189,eye1,pmrnet,loop,18.663502065464854,0.02,4.590666037984192,4.378649056889117,1.0596790816634893,0.08,0.35,0.05,0.45,1.2,30.84249624200165,861410.689369126,861410.699398515
1190,eye1,pmrnet,loop,15.007682959549129,0.02,0.37596304900944233,3.4313059877604246,0.49649097491055727,0.08,0.35,0.05,0.45,1.2,21.461442971229552,861410.699507637,861410.703811604
1191,eye1,pmrnet,loop,12.54948100540787,0.02,0.34909392707049847,3.2385210506618023,0.3885230980813503,0.08,0.35,0.05,0.45,1.2,18.67561908122152,861410.705446206,861410.709422584
1192,eye1,pmrnet,loop,12.860564980655909,0.02,0.3379050176590681,3.665556898340583,0.363972969353199,0.08,0.35,0.05,0.45,1.2,19.377999866008757,861410.713435036,861410.717802699
1193,eye1,pmrnet,loop,13.1454550428316,0.02,0.37365604657679796,4.093617084436119,0.34067302476614714,0.08,0.35,0.05,0.45,1.2,20.103401198610662,861410.721348153,861410.726156353
1194,eye1,pmrnet,loop,19.029120914638042,0.02,0.6136209703981876,9.622432989999652,0.4867779789492488,0.08,0.35,0.05,0.45,1.2,31.90195285398513,861410.729385232,861410.740108502
1195,eye1,pmrnet,loop,21.212175022810698,0.02,0.4695469979196787,9.295333991758525,0.3129949327558279,0.08,0.35,0.05,0.45,1.2,33.440050945244735,861410.740282416,861410.750360751
1196,eye1,pmrnet,loop,23.94062594976276,0.02,0.47159905079752207,9.199463995173573,0.33251894637942314,0.08,0.35,0.05,0.45,1.2,36.09420794211328,861410.751154183,861410.761158183
1197,eye1,pmrnet,loop,23.370275041088462,0.02,0.47065294347703457,6.6805180395022035,0.1908900449052453,0.08,0.35,0.05,0.45,1.2,32.862336068972944,861410.76131478,861410.768657188
1199,eye1,pmrnet,loop,21.28400991205126,0.02,2.7814359636977315,9.870545007288456,0.6318190135061741,0.08,0.35,0.05,0.45,1.2,36.71780989654362,861410.769425164,861410.782709406
1200,eye1,pmrnet,loop,22.418520995415747,0.02,0.5697840824723244,8.271828992292285,0.1992230536416173,0.08,0.35,0.05,0.45,1.2,33.60935712382198,861410.782872364,861410.791913589
1201,eye1,pmrnet,loop,25.337034021504223,0.02,0.46530202962458134,9.288721019402146,0.48980198334902525,0.08,0.35,0.05,0.45,1.2,37.730859053879975,861410.792656198,861410.80290046
1202,eye1,pmrnet,loop,27.82940200995654,0.02,0.5018709925934672,9.398060967214406,0.48840895760804415,0.08,0.35,0.05,0.45,1.2,40.367742927372454,861410.803073108,861410.813461915
1204,eye1,pmrnet,loop,22.087545949034393,0.02,0.5478390958160162,8.6608009878546,0.3135199658572674,0.08,0.35,0.05,0.45,1.2,33.759705998562275,861410.814336073,861410.823858573
1205,eye1,pmrnet,loop,23.761196993291378,0.02,0.47583295963704586,8.687270921655,0.4712879890576005,0.08,0.35,0.05,0.45,1.2,35.54558886364102,861410.823965406,861410.833600304
1206,eye1,pmrnet,loop,27.621070039458573,0.02,0.5321319913491607,9.409624966792762,0.46508596278727055,0.08,0.35,0.05,0.45,1.2,40.177912960387765,861410.835121815,861410.845529104
1208,eye1,pmrnet,loop,21.815349929966033,0.02,0.5038299132138491,9.201033040881157,0.44357101432979107,0.08,0.35,0.05,0.45,1.2,34.113783898390835,861410.845712795,861410.85586167
1174,eye0,pmrnet,loop,20.9294690284878,0.02,0.46278396621346474,9.368623956106603,0.4702999722212553,0.08,0.35,0.05,0.45,1.2,33.38117692302913,861410.54536408,861410.555666221
1175,eye0,pmrnet,loop,23.668993031606078,0.02,0.4601690452545881,9.466761024668813,0.7263099541887641,0.08,0.35,0.05,0.45,1.2,36.47223305571824,861410.555821718,861410.56647539
1176,eye0,pmrnet,loop,26.84917498845607,0.02,0.735093024559319,9.292433969676495,0.34333497751504183,0.08,0.35,0.05,0.45,1.2,39.370036960206924,861410.567353501,861410.577724848
1178,eye0,pmrnet,loop,21.147009916603565,0.02,0.6143659120425582,9.295567986555398,0.3653049934655428,0.08,0.35,0.05,0.45,1.2,33.57224880866707,861410.577884747,861410.588160434
1179,eye0,pmrnet,loop,18.07235600426793,0.02,0.4291370278224349,3.438643994741142,0.4308560164645314,0.08,0.35,0.05,0.45,1.2,24.520993043296038,861410.588856377,861410.593155348
1180,eye0,pmrnet,loop,14.148300047963858,0.02,0.3283850383013487,3.218763042241335,0.4263769369572401,0.08,0.35,0.05,0.45,1.2,20.27182506546378,861410.593326586,861410.597300411
1181,eye0,pmrnet,loop,14.223157078959048,0.02,0.3471809905022383,3.3017219975590706,0.44774299021810293,0.08,0.35,0.05,0.45,1.2,20.469803057238458,861410.601347086,861410.605443957
1182,eye0,pmrnet,loop,20.902172895148396,0.02,0.5021418910473585,9.52295702882111,0.8055580547079444,0.08,0.35,0.05,0.45,1.2,33.88282986972481,861410.609360762,861410.620191868
1183,eye0,pmrnet,loop,19.452495966106653,0.02,0.4512849263846874,5.5096440482884645,0.500172027386725,0.08,0.35,0.05,0.45,1.2,28.06359696816653,861410.620349988,861410.626811513
1184,eye0,pmrnet,loop,18.67796096485108,0.02,0.47620804980397224,5.4787719855085015,0.5084180738776922,0.08,0.35,0.05,0.45,1.2,27.291359074041246,861410.627642219,861410.63410596
1185,eye0,pmrnet,loop,14.595770044252276,0.02,0.3372039645910263,3.1742219580337405,0.3749110037460923,0.08,0.35,0.05,0.45,1.2,20.632106970623134,861410.63420635,861410.638092928
1186,eye0,pmrnet,loop,13.761003036051989,0.02,0.32773998100310564,3.248901921324432,0.37460296880453825,0.08,0.35,0.05,0.45,1.2,19.862247907184063,861410.641375592,861410.645327088
1187,eye0,pmrnet,loop,18.07698095217347,0.02,0.468485988676548,7.373036001808941,0.4876670427620411,0.08,0.35,0.05,0.45,1.2,28.556169985421,861410.649382444,861410.657711989
1188,eye0,pmrnet,loop,14.550279942341149,0.02,0.33995695412158966,3.2907320419326425,0.8137309923768044,0.08,0.35,0.05,0.45,1.2,21.144699930772184,861410.65780966,861410.662254293
1189,eye0,pmrnet,loop,14.562173979356885,0.02,0.4687879700213671,4.079603939317167,0.428732018917799,0.08,0.35,0.05,0.45,1.2,21.689297907613216,861410.665357659,861410.670335177
1190,eye0,pmrnet,loop,14.63758700992912,0.02,0.34797308035194874,4.411622998304665,0.3319790121167898,0.08,0.35,0.05,0.45,1.2,21.879162100702523,861410.673387896,861410.678479751
1191,eye0,pmrnet,loop,14.882711926475167,0.02,0.3828100161626935,4.702528938651085,0.33480499405413866,0.08,0.35,0.05,0.45,1.2,22.452855875343083,861410.681373521,861410.686793905
1192,eye0,pmrnet,loop,19.953276962041855,0.02,0.48908405005931854,9.670835104770958,0.4021640634164214,0.08,0.35,0.05,0.45,1.2,32.66536018028855,861410.689370302,861410.699932837
1193,eye0,pmrnet,loop,22.707566968165338,0.02,1.0740120196714997,9.210051968693733,0.36191893741488457,0.08,0.35,0.05,0.45,1.2,35.503549893945454,861410.700109819,861410.710756296
1194,eye0,pmrnet,loop,24.801728082820773,0.02,0.5744040245190263,8.519695955328643,0.37866795901209116,0.08,0.35,0.05,0.45,1.2,36.42449602168053,861410.711446742,861410.720919887
1195,eye0,pmrnet,loop,21.889680065214634,0.02,0.3263360122218728,4.199728951789439,0.5292959976941347,0.08,0.35,0.05,0.45,1.2,29.09504102692008,861410.72102119,861410.726076766
1196,eye0,pmrnet,loop,17.584824934601784,0.02,0.3237229539081454,3.105968004092574,0.2372870221734047,0.08,0.35,0.05,0.45,1.2,23.401802914775907,861410.726173691,861410.729840926
1197,eye0,pmrnet,loop,21.11487602815032,0.02,0.6880969740450382,9.7765940008685,0.41898898780345917,0.08,0.35,0.05,0.45,1.2,34.148555990867315,861410.730555812,861410.741439915
1198,eye0,pmrnet,loop,17.149840015918016,0.02,0.42222696356475353,3.132013021968305,0.44206203892827034,0.08,0.35,0.05,0.45,1.2,23.296142040379344,861410.741547434,861410.745543985
1199,eye0,pmrnet,loop,13.650676002725959,0.02,0.35401596687734127,3.4016428980976343,0.7144570117816329,0.08,0.35,0.05,0.45,1.2,20.270791879482566,861410.745643491,861410.75011386
1200,eye0,pmrnet,loop,13.120902003720403,0.02,0.4708770429715514,3.4074420109391212,0.38887199480086565,0.08,0.35,0.05,0.45,1.2,19.53809305243194,861410.753385195,861410.757652746
1201,eye0,pmrnet,loop,13.674592948518693,0.02,0.3366050077602267,3.5016840556636453,1.080868998542428,0.08,0.35,0.05,0.45,1.2,20.743751010484992,861410.761356167,861410.766275584
1202,eye0,pmrnet,loop,12.945360038429499,0.02,0.3951240796595812,3.3425820292904973,0.5299759795889258,0.08,0.35,0.05,0.45,1.2,19.3630421269685,861410.769347318,861410.773615317
1203,eye0,pmrnet,loop,17.093522008508444,0.02,0.4701779689639807,7.400100934319198,0.6018650019541383,0.08,0.35,0.05,0.45,1.2,27.71566591374576,861410.777359774,861410.785832353
1204,eye0,pmrnet,loop,13.120986055582762,0.02,0.3353999927639961,3.2976879738271236,0.3636829787865281,0.08,0.35,0.05,0.45,1.2,19.267757000960408,861410.785931995,861410.789929006
1205,eye0,pmrnet,loop,18.876297981478274,0.02,0.4658049438148737,9.55352105665952,0.3581009805202484,0.08,0.35,0.05,0.45,1.2,31.403724962472914,861410.793374919,861410.803752823
1206,eye0,pmrnet,loop,21.21316804550588,0.02,0.6166050443425775,8.542584022507071,0.3465069457888603,0.08,0.35,0.05,0.45,1.2,32.86886405814439,861410.804653128,861410.814159201
1207,eye0,pmrnet,loop,22.80172798782587,0.02,0.3622090443968773,8.587606018409133,0.5965320160612464,0.08,0.35,0.05,0.45,1.2,34.498075066693126,861410.814270138,861410.823816711
1208,eye0,pmrnet,loop,25.749805034138262,0.02,0.4820280009880662,9.434839012101293,0.3882480086758733,0.08,0.35,0.05,0.45,1.2,38.20492005590349,861410.824527779,861410.834833337
1210,eye0,pmrnet,loop,20.273913978599012,0.02,0.5076549714431167,9.404644020833075,0.5710310069844127,0.08,0.35,0.05,0.45,1.2,32.907243977859615,861410.835011643,861410.845495403
1211,eye0,pmrnet,loop,18.147555994801223,0.02,0.6312680197879672,3.5738139413297176,0.7327849743887782,0.08,0.35,0.05,0.45,1.2,25.235422930307685,861410.84650063,861410.851438732
1212,eye0,pmrnet,loop,14.312379993498325,0.02,0.3500960301607847,3.2757259905338287,0.5019840318709612,0.08,0.35,0.05,0.45,1.2,20.5901860460639,861410.851544359,861410.855672459
1213,eye0,pmrnet,loop,12.202592100948095,0.02,0.3732650075107813,3.297723946161568,0.5068589234724641,0.08,0.35,0.05,0.45,1.2,18.530439978092907,861410.857453683,861410.861631742
1214,eye0,pmrnet,loop,12.00578291900456,0.02,0.3807519096881151,3.3942669397220016,0.34887902438640594,0.08,0.35,0.05,0.45,1.2,18.27968079280108,861410.865379231,861410.869503369
1215,eye0,pmrnet,loop,17.861739033833146,0.02,0.4925699904561043,9.307218948379159,0.23041502572596073,0.08,0.35,0.05,0.45,1.2,30.04194299839437,861410.873399224,861410.883429828
1216,eye0,pmrnet,loop,14.349563978612423,0.02,0.3382910508662462,3.33803694229573,0.7806170033290982,0.08,0.35,0.05,0.45,1.2,20.956508975103496,861410.883529443,861410.887986633
1217,eye0,pmrnet,loop,11.683147051371634,0.02,0.3064339980483055,3.40538308955729,0.3313440829515457,0.08,0.35,0.05,0.45,1.2,17.876308221928774,861410.889345847,861410.893389301
1218,eye0,pmrnet,loop,11.908128974027932,0.02,0.3531909314915538,3.4900399623438716,0.4917070036754012,0.08,0.35,0.05,0.45,1.2,18.393066871538757,861410.897347992,861410.901683209
1219,eye0,pmrnet,loop,11.631038971245289,0.02,0.3500160528346896,3.3546120394021273,0.40473206900060177,0.08,0.35,0.05,0.45,1.2,17.890399132482706,861410.905365548,861410.909475167
1220,eye0,pmrnet,loop,12.56723701953888,0.02,0.4742260789498687,4.086825996637344,0.5209270166233182,0.08,0.35,0.05,0.45,1.2,19.79921611174941,861410.913398097,861410.918480307
1221,eye0,pmrnet,loop,11.318581993691623,0.02,0.33394491765648127,3.246329026296735,0.39660593029111624,0.08,0.35,0.05,0.45,1.2,17.445461867935954,861410.921323543,861410.925300663
1222,eye0,pmrnet,loop,11.83499803300947,0.02,0.3808559849858284,3.63204104360193,0.468492042273283,0.08,0.35,0.05,0.45,1.2,18.46638710387051,861410.929404446,861410.933886069
1223,eye0,pmrnet,loop,11.90062693785876,0.02,0.31778099946677685,3.891324973665178,0.48105698078870773,0.08,0.35,0.05,0.45,1.2,18.74078989177942,861410.937330362,861410.942020732
1224,eye0,pmrnet,loop,11.719970963895321,0.02,0.34989393316209316,3.576154005713761,0.631178030744195,0.08,0.35,0.05,0.45,1.2,18.42719693351537,861410.945351616,861410.949909104
1225,eye0,pmrnet,loop,10.97846298944205,0.02,0.33735891338437796,3.1330870697274804,0.417026923969388,0.08,0.35,0.05,0.45,1.2,17.015935896523295,861410.953348964,861410.957236646
1209,eye1,pmrnet,loop,27.3235299391672,0.02,0.4800900351256132,10.011304984800518,1.1710550170391798,0.08,0.35,0.05,0.45,1.2,41.13597997613251,861410.857775693,861410.869438514
1211,eye1,pmrnet,loop,15.459001995623112,0.02,0.5686349468305707,3.308819024823606,0.25243894197046757,0.08,0.35,0.05,0.45,1.2,21.738894909247755,861410.869582142,861410.873712388
1212,eye1,pmrnet,loop,15.060431091114879,0.02,0.3534369170665741,3.2595229567959905,0.37085090298205614,0.08,0.35,0.05,0.45,1.2,21.194241867959498,861410.87739944,861410.881383466
1213,eye1,pmrnet,loop,18.91518896445632,0.02,0.47563097905367613,6.662298925220966,0.7421650225296617,0.08,0.35,0.05,0.45,1.2,28.945283891260623,861410.885426611,861410.89330704
1214,eye1,pmrnet,loop,21.999567048624158,0.02,0.47048600390553474,9.38477402087301,0.331386923789978,0.08,0.35,0.05,0.45,1.2,34.33621399719268,861410.894273054,861410.904460124
1215,eye1,pmrnet,loop,25.695280986838043,0.02,0.5960339913144708,10.158412042073905,0.8462510304525495,0.08,0.35,0.05,0.45,1.2,39.44597805067897,861410.904623459,861410.916224572
1216,eye1,pmrnet,loop,28.292142087593675,0.02,0.4902969812974334,9.16284800041467,0.29763299971818924,0.08,0.35,0.05,0.45,1.2,40.392920069023965,861410.916939518,861410.926890761
1218,eye1,pmrnet,loop,22.251483984291553,0.02,0.453618005849421,9.114330052398145,0.36494003143161535,0.08,0.35,0.05,0.45,1.2,34.334372073970734,861410.927054507,861410.936987957
1219,eye1,pmrnet,loop,27.35627698712051,0.02,2.326357993297279,9.28949099034071,0.7606260478496552,0.08,0.35,0.05,0.45,1.2,41.88275201860815,861410.937785169,861410.950161968
1221,eye1,pmrnet,loop,21.650931099429727,0.02,0.8186269551515579,9.149005054496229,0.33264700323343277,0.08,0.35,0.05,0.45,1.2,34.10121011231095,861410.95029378,861410.96059442
1222,eye1,pmrnet,loop,21.874187979847193,0.02,0.4790150560438633,5.899306037463248,1.1478490196168423,0.08,0.35,0.05,0.45,1.2,31.550358092971145,861410.961360337,861410.968886942
1223,eye1,pmrnet,loop,17.58929993957281,0.02,0.3391099162399769,3.1421289313584566,0.19395106937736273,0.08,0.35,0.05,0.45,1.2,23.414489856548606,861410.96899568,861410.972671124
1224,eye1,pmrnet,loop,15.265210065990686,0.02,0.3596569877117872,4.369175992906094,0.30947697814553976,0.08,0.35,0.05,0.45,1.2,22.453520024754106,861410.973377763,861410.9784163
1225,eye1,pmrnet,loop,20.42058401275426,0.02,0.46855490654706955,9.304880048148334,0.4713749513030052,0.08,0.35,0.05,0.45,1.2,32.81539391875267,861410.981394795,861410.991640048
1226,eye1,pmrnet,loop,23.111952003091574,0.02,0.6522730691358447,9.470526012592018,0.45674899592995644,0.08,0.35,0.05,0.45,1.2,35.84150008074939,861410.991820274,861411.002400242
1227,eye1,pmrnet,loop,26.235537021420896,0.02,0.5181770538911223,9.295879979617894,0.34172297455370426,0.08,0.35,0.05,0.45,1.2,38.541317029483615,861411.003436477,861411.013592937
1229,eye1,pmrnet,loop,21.318059996701777,0.02,0.5985519383102655,9.650316089391708,0.8062899578362703,0.08,0.35,0.05,0.45,1.2,34.52321798224002,861411.013758013,861411.024813599
1230,eye1,pmrnet,loop,23.918829043395817,0.02,0.47575903590768576,9.148208075203001,0.3582460340112448,0.08,0.35,0.05,0.45,1.2,36.05104218851775,861411.025500684,861411.035483342
1231,eye1,pmrnet,loop,25.764902005903423,0.02,0.4637109814211726,9.069849038496614,0.21629792172461748,0.08,0.35,0.05,0.45,1.2,37.664759947545825,861411.035648789,861411.045399003
1233,eye1,pmrnet,loop,20.566166029311717,0.02,0.5802210653200746,9.209317970089614,0.34113903529942036,0.08,0.35,0.05,0.45,1.2,32.846844100020824,861411.046206612,861411.056337747
1234,eye1,pmrnet,loop,21.946147084236145,0.02,0.4526320844888687,7.9832300543785095,0.8554010419175029,0.08,0.35,0.05,0.45,1.2,33.38741026502103,861411.056495329,861411.06578693
1235,eye1,pmrnet,loop,23.42964697163552,0.02,0.5308989202603698,7.989338017068803,0.39021798875182867,0.08,0.35,0.05,0.45,1.2,34.49010189771652,861411.066428852,861411.075339742
1236,eye1,pmrnet,loop,19.212813931517303,0.02,0.3414200618863106,3.1964080408215523,0.21451094653457403,0.08,0.35,0.05,0.45,1.2,25.11515298075974,861411.075439218,861411.079191814
1237,eye1,pmrnet,loop,16.1880049854517,0.02,0.3223350504413247,3.9508420741185546,0.6723440019413829,0.08,0.35,0.05,0.45,1.2,23.28352611195296,861411.079290289,861411.084236081
1238,eye1,pmrnet,loop,19.67853505630046,0.02,0.46380492858588696,9.461143985390663,0.45644002966582775,0.08,0.35,0.05,0.45,1.2,32.20992399994284,861411.085413025,861411.095794871
1239,eye1,pmrnet,loop,22.956824046559632,0.02,0.5167069612070918,9.295240975916386,1.3569500297307968,0.08,0.35,0.05,0.45,1.2,36.275722013413905,861411.095972799,861411.107142145
1240,eye1,pmrnet,loop,26.489955955184996,0.02,0.478056026622653,9.694659966044128,0.5290069384500384,0.08,0.35,0.05,0.45,1.2,39.341678886301814,861411.108042736,861411.118744912
1242,eye1,pmrnet,loop,21.141767967492342,0.02,0.8386709960177541,9.333246038295329,0.43316103983670473,0.08,0.35,0.05,0.45,1.2,33.89684604164213,861411.118929769,861411.129535286
1243,eye1,pmrnet,loop,20.909672020934522,0.02,0.6601850036531687,4.913276992738247,1.268215011805296,0.08,0.35,0.05,0.45,1.2,29.901349029131232,861411.130530682,861411.137372701
1244,eye1,pmrnet,loop,16.669123899191618,0.02,0.3413090016692877,3.168847062624991,0.21215993911027908,0.08,0.35,0.05,0.45,1.2,22.541439902596174,861411.137478565,861411.141201078
1245,eye1,pmrnet,loop,13.795397942885756,0.02,0.334235024638474,3.37891501840204,1.1326950043439865,0.08,0.35,0.05,0.45,1.2,20.791242990270256,861411.141550381,861411.146396453
1246,eye1,pmrnet,loop,19.441611948423088,0.02,0.47341000754386187,9.48997400701046,0.7533530006185174,0.08,0.35,0.05,0.45,1.2,32.308348963595925,861411.149393776,861411.160110957
1247,eye1,pmrnet,loop,21.694740979000926,0.02,0.4933960735797882,9.301922051236033,0.365573912858963,0.08,0.35,0.05,0.45,1.2,34.00563301667571,861411.160271742,861411.170433066
1248,eye1,pmrnet,loop,24.86130502074957,0.02,0.5056809168308973,9.154364001005888,0.35219802521169186,0.08,0.35,0.05,0.45,1.2,37.023547963798045,861411.17165607,861411.181668775
1250,eye1,pmrnet,loop,19.641265040263534,0.02,0.7324549369513988,9.184629074297845,0.6198890041559935,0.08,0.35,0.05,0.45,1.2,32.32823805566877,861411.182049422,861411.192586852
1251,eye1,pmrnet,loop,21.147508989088237,0.02,0.5115579115226865,7.923363009467721,0.3445419715717435,0.08,0.35,0.05,0.45,1.2,32.07697188165039,861411.193382662,861411.20216248
1252,eye1,pmrnet,loop,18.248497042804956,0.02,0.364870997145772,3.537883050739765,1.1587480548769236,0.08,0.35,0.05,0.45,1.2,25.459999145567416,861411.202270861,861411.207332612
1253,eye1,pmrnet,loop,15.90556197334081,0.02,0.36475900560617447,4.9157519824802876,0.34133601002395153,0.08,0.35,0.05,0.45,1.2,23.67740897145122,861411.207435754,861411.213057948
1254,eye1,pmrnet,loop,13.846113928593695,0.02,0.3555050352588296,4.324587993323803,0.5510849878191948,0.08,0.35,0.05,0.45,1.2,21.22729194499552,861411.213836677,861411.219068094
1255,eye1,pmrnet,loop,13.15683894790709,0.02,0.3573349677026272,4.400004982016981,0.3286399878561497,0.08,0.35,0.05,0.45,1.2,20.392818885482846,861411.221361717,861411.226447909
1256,eye1,pmrnet,loop,13.746933080255985,0.02,0.3817570395767689,4.789034021086991,0.5403980612754822,0.08,0.35,0.05,0.45,1.2,21.608122202195226,861411.229395528,861411.235106967
1257,eye1,pmrnet,loop,13.363890000618994,0.02,0.3439909778535366,4.658443969674408,0.3681200323626399,0.08,0.35,0.05,0.45,1.2,20.884444980509578,861411.23742105,861411.242791967
1258,eye1,pmrnet,loop,23.49878696259111,0.02,0.701160985045135,10.455336072482169,0.25517691392451525,0.08,0.35,0.05,0.45,1.2,37.06046093404293,861411.249583243,861411.26099554
1259,eye1,pmrnet,loop,28.68314494844526,0.02,0.5933709908276796,10.479943011887372,0.49757002852857113,0.08,0.35,0.05,0.45,1.2,42.40402897968888,861411.262676798,861411.274248161
1261,eye1,pmrnet,loop,23.899673018604517,0.02,0.6112259579822421,10.012715007178485,0.4664139123633504,0.08,0.35,0.05,0.45,1.2,37.14002789612859,861411.274512142,861411.285603017
1262,eye1,pmrnet,loop,28.32903095986694,0.02,0.5821030354127288,10.259647038765252,0.6944729248061776,0.08,0.35,0.05,0.45,1.2,42.0152539588511,861411.286564464,861411.298101128
1264,eye1,pmrnet,loop,24.79514596052468,0.02,1.801451900973916,10.113444994203746,0.4600089741870761,0.08,0.35,0.05,0.45,1.2,39.320051829889415,861411.298329514,861411.310705088
1265,eye1,pmrnet,loop,28.90734001994133,0.02,0.586412032134831,9.750850964337587,0.4833199782297015,0.08,0.35,0.05,0.45,1.2,41.87792299464345,861411.312066738,861411.322887725
1267,eye1,pmrnet,loop,19.41979897674173,0.02,0.3760239342227578,4.646941903047264,1.4363150112330914,0.08,0.35,0.05,0.45,1.2,28.029079825244843,861411.323078436,861411.329538073
1268,eye1,pmrnet,loop,18.84861895814538,0.02,0.5101299611851573,5.535317934118211,0.4865239607170224,0.08,0.35,0.05,0.45,1.2,27.53059081416577,861411.33050442,861411.337036709
1226,eye0,pmrnet,loop,15.162891009822488,0.02,0.4546910058706999,3.372177015990019,0.234427978284657,0.08,0.35,0.05,0.45,1.2,21.374187009967862,861410.965428161,861410.969489877
1227,eye0,pmrnet,loop,15.976362978108227,0.02,0.35079196095466614,3.8268399657681584,0.8456310024484992,0.08,0.35,0.05,0.45,1.2,23.14962590727955,861410.973348869,861410.97837239
1228,eye0,pmrnet,loop,22.81289198435843,0.02,1.8691410077735782,9.476792998611927,0.5348649574443698,0.08,0.35,0.05,0.45,1.2,36.8436909481883,861410.981396208,861410.993277433
1229,eye0,pmrnet,loop,25.39557998534292,0.02,0.48523792065680027,9.611379005946219,0.386810046620667,0.08,0.35,0.05,0.45,1.2,38.029006958566605,861410.993445168,861411.003929017
1230,eye0,pmrnet,loop,26.342230034060776,0.02,0.5566359031945467,7.081007934175432,0.4205940058454871,0.08,0.35,0.05,0.45,1.2,36.55046787727624,861411.004886673,861411.012945256
1231,eye0,pmrnet,loop,23.1554820202291,0.02,0.3479759907349944,3.84247291367501,0.5891270702704787,0.08,0.35,0.05,0.45,1.2,30.085057994909583,861411.013047726,861411.017827525
1232,eye0,pmrnet,loop,19.17328091803938,0.02,0.3579739714041352,3.257108968682587,0.3712850157171488,0.08,0.35,0.05,0.45,1.2,25.30964887384325,861411.017927609,861411.021914202
1233,eye0,pmrnet,loop,16.160715953446925,0.02,0.3164279041811824,3.518827026709914,0.5081970011815429,0.08,0.35,0.05,0.45,1.2,22.654167885519563,861411.022627015,861411.026970754
1234,eye0,pmrnet,loop,14.852568972855806,0.02,0.34129898995161057,3.2628619810566306,0.7823930354788899,0.08,0.35,0.05,0.45,1.2,21.389122979342936,861411.029344776,861411.033731577
1235,eye0,pmrnet,loop,14.358701067976654,0.02,0.35759003367275,3.1854300759732723,0.3993069985881448,0.08,0.35,0.05,0.45,1.2,20.45102817621082,861411.037364213,861411.041306798
1236,eye0,pmrnet,loop,20.693795988336205,0.02,0.4643539432436228,9.401962044648826,0.47225295566022396,0.08,0.35,0.05,0.45,1.2,33.18236493188888,861411.045371358,861411.055710444
1237,eye0,pmrnet,loop,22.922714008018374,0.02,0.465450924821198,9.210995049215853,0.46049803495407104,0.08,0.35,0.05,0.45,1.2,35.209658017009495,861411.05587095,861411.066008356
1238,eye0,pmrnet,loop,27.173027978278697,0.02,1.211566966958344,9.355003014206886,0.791054917499423,0.08,0.35,0.05,0.45,1.2,40.68065287694335,861411.06696974,861411.07832784
1240,eye0,pmrnet,loop,21.685995045118034,0.02,0.6513471016660333,9.350386913865805,0.49360806588083506,0.08,0.35,0.05,0.45,1.2,34.331337126530705,861411.078482903,861411.088978676
1241,eye0,pmrnet,loop,24.81434599030763,0.02,0.4776250571012497,9.588691056706011,0.458106049336493,0.08,0.35,0.05,0.45,1.2,37.48876815345138,861411.089651464,861411.100176341
1242,eye0,pmrnet,loop,21.451006992720068,0.02,0.8153109811246395,3.3304099924862385,0.4448499530553818,0.08,0.35,0.05,0.45,1.2,28.191577919386326,861411.100291112,861411.104881938
1243,eye0,pmrnet,loop,18.731646006926894,0.02,0.338647048920393,4.130754037760198,0.7779470179229975,0.08,0.35,0.05,0.45,1.2,26.12899411153048,861411.104984002,861411.110231625
1244,eye0,pmrnet,loop,19.784223986789584,0.02,0.4840390756726265,7.691444014199078,0.2536219544708729,0.08,0.35,0.05,0.45,1.2,30.36332903113216,861411.110923539,861411.119353018
1245,eye0,pmrnet,loop,16.15743897855282,0.02,0.5157500272616744,3.246176056563854,0.5736409220844507,0.08,0.35,0.05,0.45,1.2,22.643005984462796,861411.119459427,861411.123795245
1246,eye0,pmrnet,loop,13.647852931171656,0.02,0.3507080255076289,3.166217007674277,0.4498179769143462,0.08,0.35,0.05,0.45,1.2,19.764595941267906,861411.125387937,861411.129354919
1247,eye0,pmrnet,loop,13.660131953656673,0.02,0.3398050321266055,3.401060006581247,0.33656007144600153,0.08,0.35,0.05,0.45,1.2,19.887557063810526,861411.133358407,861411.137436058
1248,eye0,pmrnet,loop,14.622968039475381,0.02,0.32163504511117935,4.348922986537218,0.3310099709779024,0.08,0.35,0.05,0.45,1.2,21.77453604210168,861411.141466304,861411.146468116
1249,eye0,pmrnet,loop,13.807540060952306,0.02,0.3233839524909854,3.1862580217421055,0.8460099343210459,0.08,0.35,0.05,0.45,1.2,20.31319196950644,861411.14936578,861411.153721659
1250,eye0,pmrnet,loop,13.497908017598093,0.02,0.35317603033035994,3.388982964679599,0.40831801015883684,0.08,0.35,0.05,0.45,1.2,19.798385022766887,861411.157330288,861411.161481015
1251,eye0,pmrnet,loop,13.349691987968981,0.02,0.3469070652499795,3.2642079750075936,0.4227350000292063,0.08,0.35,0.05,0.45,1.2,19.53354202825576,861411.165367705,861411.169401794
1252,eye0,pmrnet,loop,13.201948022469878,0.02,0.3599489573389292,3.1978769693523645,0.4021769855171442,0.08,0.35,0.05,0.45,1.2,19.311950934678315,861411.173362683,861411.177322943
1253,eye0,pmrnet,loop,13.580988044850528,0.02,0.35217206459492445,3.436836996115744,0.6063909968361259,0.08,0.35,0.05,0.45,1.2,20.12638810239732,861411.181375265,861411.185770953
1254,eye0,pmrnet,loop,12.938291998580098,0.02,0.3880920121446252,3.110382938757539,0.3396649844944477,0.08,0.35,0.05,0.45,1.2,18.92643193397671,861411.189358834,861411.193197323
1255,eye0,pmrnet,loop,13.767972006462514,0.02,0.37494394928216934,3.4911310067400336,0.8666249923408031,0.08,0.35,0.05,0.45,1.2,20.65067195482552,861411.197364068,861411.202097032
1256,eye0,pmrnet,loop,14.196241041645408,0.02,0.3623170778155327,4.19896503444761,0.6724749691784382,0.08,0.35,0.05,0.45,1.2,21.579998123086988,861411.205360302,861411.210594311
1257,eye0,pmrnet,loop,14.552453067153692,0.02,0.32240303698927164,4.291340010240674,1.039064023643732,0.08,0.35,0.05,0.45,1.2,22.35526013802737,861411.2133665,861411.219019548
1258,eye0,pmrnet,loop,13.83988803718239,0.02,0.34241797402501106,3.912309999577701,0.7561090169474483,0.08,0.35,0.05,0.45,1.2,21.00072502773255,861411.221364893,861411.226376011
1259,eye0,pmrnet,loop,14.434256008826196,0.02,0.3590179840102792,4.309210926294327,1.031016930937767,0.08,0.35,0.05,0.45,1.2,22.283501850068568,861411.229339738,861411.235039186
1260,eye0,pmrnet,loop,13.55721103027463,0.02,0.3239070065319538,4.105989937670529,0.4448830150067806,0.08,0.35,0.05,0.45,1.2,20.58199098948389,861411.237356066,861411.242231118
1261,eye0,pmrnet,loop,13.651913031935692,0.02,0.4487420665100217,4.186407080851495,0.3588719991967082,0.08,0.35,0.05,0.45,1.2,20.795934178493916,861411.245398904,861411.25039332
1262,eye0,pmrnet,loop,13.882089988328516,0.02,0.5521329585462809,4.265616997145116,0.4389690002426505,0.08,0.35,0.05,0.45,1.2,21.288808944262563,861411.253435458,861411.258692719
1263,eye0,pmrnet,loop,20.922699011862278,0.02,0.6197699112817645,10.599021916277707,1.1686669895425439,0.08,0.35,0.05,0.45,1.2,35.46015782896429,861411.261413553,861411.273801596
1264,eye0,pmrnet,loop,24.525773944333196,0.02,0.6229790160432458,10.152384056709707,0.6094729760661721,0.08,0.35,0.05,0.45,1.2,38.06060999315232,861411.274088643,861411.285474011
1266,eye0,pmrnet,loop,13.929210021160543,0.02,0.456938985735178,3.6585560301318765,0.46308909077197313,0.08,0.35,0.05,0.45,1.2,20.65779412779957,861411.286438192,861411.291017106
1267,eye0,pmrnet,loop,12.76296901050955,0.02,0.4272980149835348,3.5381410270929337,0.5812289891764522,0.08,0.35,0.05,0.45,1.2,19.45963704176247,861411.293372206,861411.297919346
1268,eye0,pmrnet,loop,20.16801293939352,0.02,0.6338820094242692,10.3246500948444,0.9600860066711903,0.08,0.35,0.05,0.45,1.2,34.23663105033338,861411.301473527,861411.31339277
1269,eye0,pmrnet,loop,24.889952037483454,0.02,0.638280063867569,10.14909497462213,1.15058699157089,0.08,0.35,0.05,0.45,1.2,38.97791406754404,861411.314245564,861411.326184039
1271,eye0,pmrnet,loop,19.79739498347044,0.02,0.6345449946820736,9.727374068461359,0.47710398212075233,0.08,0.35,0.05,0.45,1.2,32.78641802873462,861411.32639019,861411.337229654
1272,eye0,pmrnet,loop,17.467811005190015,0.02,0.3013130044564605,3.2179600093513727,0.32693904358893633,0.08,0.35,0.05,0.45,1.2,23.464023062586783,861411.339123541,861411.342969949
1273,eye0,pmrnet,loop,14.654119964689016,0.02,0.3398120170459151,3.2289280788972974,1.571025000885129,0.08,0.35,0.05,0.45,1.2,21.943885061517356,861411.343085217,861411.34822523
1274,eye0,pmrnet,loop,17.976008006371558,0.02,0.47812098637223244,9.360059979371727,0.36057503893971443,0.08,0.35,0.05,0.45,1.2,30.32476401105523,861411.349416565,861411.359615779
1275,eye0,pmrnet,loop,21.11246297135949,0.02,0.47705997712910175,9.537019999697804,0.4729978973045945,0.08,0.35,0.05,0.45,1.2,33.74954084549099,861411.360333291,861411.370820829
1276,eye0,pmrnet,loop,17.09853403735906,0.02,0.4686900647357106,3.21087590418756,0.2096130046993494,0.08,0.35,0.05,0.45,1.2,23.137713010981678,861411.370987228,861411.374876671
1277,eye0,pmrnet,loop,13.280401937663555,0.02,0.33313094172626734,3.4243420232087374,0.3955930005759001,0.08,0.35,0.05,0.45,1.2,19.58346790317446,861411.374974198,861411.379127506
1278,eye0,pmrnet,loop,15.176982968114316,0.02,0.465348013676703,6.780420080758631,0.45420299284160137,0.08,0.35,0.05,0.45,1.2,25.02695405539125,861411.381392753,861411.389093057
1269,eye1,pmrnet,loop,16.647972050122917,0.02,0.35104097332805395,3.8932329043745995,1.1294319992884994,0.08,0.35,0.05,0.45,1.2,24.171677927114068,861411.337531126,861411.34290508
1270,eye1,pmrnet,loop,15.236203093081713,0.02,0.3452409291639924,3.222982049919665,0.5322260549291968,0.08,0.35,0.05,0.45,1.2,21.486652127094565,861411.345461567,861411.349562239
1271,eye1,pmrnet,loop,16.987631912343204,0.02,0.3827939508482814,4.036623053252697,0.5356449401006103,0.08,0.35,0.05,0.45,1.2,24.09269385654479,861411.354427152,861411.359382645
1272,eye1,pmrnet,loop,21.092648967169225,0.02,0.34709705505520105,9.46554506663233,0.3433650126680732,0.08,0.35,0.05,0.45,1.2,33.398656101524836,861411.361399817,861411.37155623
1273,eye1,pmrnet,loop,26.570115005597472,0.02,2.8354389360174537,9.443419054150581,0.4751649685204029,0.08,0.35,0.05,0.45,1.2,41.47413796428591,861411.372347993,861411.385102549
1274,eye1,pmrnet,loop,28.070049011148512,0.02,0.5589789943769574,8.635255973786116,0.21348893642425537,0.08,0.35,0.05,0.45,1.2,39.62777291573584,861411.385264015,861411.394672083
1276,eye1,pmrnet,loop,18.665986019186676,0.02,0.3371249185875058,4.562647081911564,1.1929420288652182,0.08,0.35,0.05,0.45,1.2,26.908700048550962,861411.39531273,861411.401405692
1277,eye1,pmrnet,loop,17.788414959795773,0.02,0.3435370745137334,6.260448950342834,0.45733910519629717,0.08,0.35,0.05,0.45,1.2,26.999740089848636,861411.401533939,861411.408595744
12857,eye1,pmrnet,loop,28.546615969389677,0.02,1.4003610704094172,4.494038061238825,0.26856502518057823,0.08,0.35,0.05,0.45,1.2,36.859580126218496,861504.85250176,861504.858665111
12859,eye1,pmrnet,loop,25.595020037144423,0.02,0.9426199831068516,7.344418088905513,1.2971500400453806,0.08,0.35,0.05,0.45,1.2,37.32920814920217,861504.86226737,861504.87185208
12860,eye1,pmrnet,loop,22.22072600852698,0.02,0.29996398370712996,3.392512910068035,0.7827830268070102,0.08,0.35,0.05,0.45,1.2,28.845985929109155,861504.872071079,861504.876546603
12861,eye1,pmrnet,loop,22.033393033780158,0.02,0.40733395144343376,5.734497914090753,0.7343280594795942,0.08,0.35,0.05,0.45,1.2,31.059552958793937,861504.877551769,861504.884428304
12862,eye1,pmrnet,loop,19.24510591197759,0.02,0.2790620783343911,3.422693000175059,0.7800710154697299,0.08,0.35,0.05,0.45,1.2,25.876932005956768,861504.885227241,861504.889709309
12863,eye1,pmrnet,loop,19.062145962379873,0.02,0.3071608953177929,3.4841829910874367,0.5560460267588496,0.08,0.35,0.05,0.45,1.2,25.55953587554395,861504.893247491,861504.897595111
12864,eye1,pmrnet,loop,18.853554967790842,0.02,0.2822590759024024,3.3687949180603027,0.535483006387949,0.08,0.35,0.05,0.45,1.2,25.190091968141495,861504.901268763,861504.905455513
12865,eye1,pmrnet,loop,18.821052042767406,0.02,0.29479898512363434,3.353213076479733,0.5467550363391638,0.08,0.35,0.05,0.45,1.2,25.165819140709935,861504.909297011,861504.913492072
12866,eye1,pmrnet,loop,24.003713973797858,0.02,0.3840720746666193,8.154637995176017,0.876553007401526,0.08,0.35,0.05,0.45,1.2,35.56897705104202,861504.91732796,861504.926743553
12867,eye1,pmrnet,loop,28.18716794718057,0.02,0.38865196984261274,10.096142068505287,0.6016549887135625,0.08,0.35,0.05,0.45,1.2,41.42361697424203,861504.927908642,861504.938995518
12868,eye1,pmrnet,loop,26.507872040383518,0.02,0.3863510210067034,5.476554972119629,0.2152770757675171,0.08,0.35,0.05,0.45,1.2,34.736055109277366,861504.939307453,861504.945385996
12869,eye1,pmrnet,loop,29.75978807080537,0.02,0.36755402106791735,9.469517972320318,0.41601096745580435,0.08,0.35,0.05,0.45,1.2,42.16287103164941,861504.946452633,861504.956706177
12870,eye1,pmrnet,loop,32.74911199696362,0.02,0.3633560845628381,9.395075030624866,0.9982689516618848,0.08,0.35,0.05,0.45,1.2,45.655812063813215,861504.957007117,861504.967764254
12872,eye1,pmrnet,loop,28.633084963075817,0.02,1.51003897190094,9.243068983778358,0.35383598878979683,0.08,0.35,0.05,0.45,1.2,41.89002890754491,861504.968679247,861504.979786612
12873,eye1,pmrnet,loop,31.107170041650534,0.02,0.35983603447675705,9.286922053433955,0.6006930489093065,0.08,0.35,0.05,0.45,1.2,43.50462117847055,861504.980081869,861504.990329743
12875,eye1,pmrnet,loop,25.86077491287142,0.02,0.3725800197571516,9.097093949094415,0.5194660043343902,0.08,0.35,0.05,0.45,1.2,37.999914886057375,861504.991231376,861505.001221003
12876,eye1,pmrnet,loop,25.306136929430068,0.02,0.3731639590114355,6.622781977057457,0.21411897614598274,0.08,0.35,0.05,0.45,1.2,34.66620184164494,861505.0015257,861505.008736189
12877,eye1,pmrnet,loop,28.34874694235623,0.02,0.37750310730189085,9.418591973371804,0.445761950686574,0.08,0.35,0.05,0.45,1.2,40.740603973716496,861505.009605057,861505.019847318
12878,eye1,pmrnet,loop,30.67335404921323,0.02,0.3668220015242696,9.268391993828118,0.4556260537356138,0.08,0.35,0.05,0.45,1.2,42.91419409830123,861505.020149463,861505.030240739
12880,eye1,pmrnet,loop,26.641836971975863,0.02,1.1174629908055067,9.335519047454,0.6620490457862616,0.08,0.35,0.05,0.45,1.2,39.90686805602163,861505.0312327,861505.042348179
12881,eye1,pmrnet,loop,29.82352499384433,0.02,0.3939199959859252,9.89653600845486,0.6544479401782155,0.08,0.35,0.05,0.45,1.2,42.91842893846333,861505.042653741,861505.053599146
12883,eye1,pmrnet,loop,18.63977499306202,0.02,0.6297449581325054,3.202236955985427,0.20649901125580072,0.08,0.35,0.05,0.45,1.2,24.82825591843575,861505.054515154,861505.058553944
12884,eye1,pmrnet,loop,17.070555011741817,0.02,0.26841205544769764,3.3311210572719574,0.21549907978624105,0.08,0.35,0.05,0.45,1.2,23.03558720424771,861505.061238276,861505.065053581
12885,eye1,pmrnet,loop,17.038166988641024,0.02,0.24523900356143713,3.1606749398633838,0.4136050119996071,0.08,0.35,0.05,0.45,1.2,23.00768594406545,861505.069270367,861505.07309015
12886,eye1,pmrnet,loop,21.16006799042225,0.02,0.3797819372266531,7.241462008096278,0.3417179686948657,0.08,0.35,0.05,0.45,1.2,31.273029904440044,861505.077317689,861505.085280994
12887,eye1,pmrnet,loop,18.593001062981784,0.02,0.27226004749536514,3.830788074992597,1.1936050141230226,0.08,0.35,0.05,0.45,1.2,26.039654199592768,861505.085486111,861505.09078298
12888,eye1,pmrnet,loop,23.048873990774155,0.02,0.3785069566220045,9.258593083359301,0.35908399149775505,0.08,0.35,0.05,0.45,1.2,35.195058022253214,861505.093310361,861505.103307038
12889,eye1,pmrnet,loop,25.124675943516195,0.02,0.42455701623111963,9.057449060492218,0.35334599670022726,0.08,0.35,0.05,0.45,1.2,37.11002801693976,861505.10361658,861505.113452373
12890,eye1,pmrnet,loop,27.74753700941801,0.02,5.677156033925712,3.763396991416812,0.2144710160791874,0.08,0.35,0.05,0.45,1.2,39.55256105083972,861505.114489118,861505.124144581
12891,eye1,pmrnet,loop,25.093483040109277,0.02,0.233184895478189,3.836864954791963,1.1260990286245942,0.08,0.35,0.05,0.45,1.2,32.43963191900402,861505.124363238,861505.129559633
12892,eye1,pmrnet,loop,23.109388072043657,0.02,0.27097901329398155,5.020041950047016,0.5923969438299537,0.08,0.35,0.05,0.45,1.2,31.142805979214607,861505.12976053,861505.135644158
12893,eye1,pmrnet,loop,21.194547996856272,0.02,0.393429072573781,4.491452011279762,0.6243000971153378,0.08,0.35,0.05,0.45,1.2,28.85372917782515,861505.136289234,861505.141798665
12894,eye1,pmrnet,loop,17.053406918421388,0.02,0.26903406251221895,3.2477329950779676,0.21271791774779558,0.08,0.35,0.05,0.45,1.2,22.93289189375937,861505.141996712,861505.145726468
12895,eye1,pmrnet,loop,16.463689971715212,0.02,0.28012203983962536,3.1812150264158845,0.4281499423086643,0.08,0.35,0.05,0.45,1.2,22.503176980279385,861505.149315838,861505.153205592
12896,eye1,pmrnet,loop,23.998165037482977,0.02,0.3803040599450469,10.580205009318888,0.5215350538492203,0.08,0.35,0.05,0.45,1.2,37.63020916059613,861505.157326599,861505.168809043
12897,eye1,pmrnet,loop,23.991861031390727,0.02,3.0981330201029778,4.383396008051932,0.36129006184637547,0.08,0.35,0.05,0.45,1.2,33.98468012139201,861505.169028622,861505.176871782
12898,eye1,pmrnet,loop,26.9268179545179,0.02,0.3895940026268363,9.418072062544525,0.4231829661875963,0.08,0.35,0.05,0.45,1.2,39.30766698587686,861505.177644087,861505.187875372
12899,eye1,pmrnet,loop,23.87396094854921,0.02,0.5250240210443735,3.636428969912231,0.4962369566783309,0.08,0.35,0.05,0.45,1.2,30.681650896184145,861505.188234059,861505.192892047
12900,eye1,pmrnet,loop,19.7370620444417,0.02,0.2575699472799897,3.1189899891614914,0.3597679315134883,0.08,0.35,0.05,0.45,1.2,25.623389912396668,861505.193087534,861505.196824112
12901,eye1,pmrnet,loop,16.533132060430944,0.02,0.2888909075409174,3.2361079938709736,0.20576897077262402,0.08,0.35,0.05,0.45,1.2,22.413899932615458,861505.197957974,861505.201689027
12902,eye1,pmrnet,loop,21.411366062238812,0.02,0.6561119807884097,4.146613995544612,0.5879739765077829,0.08,0.35,0.05,0.45,1.2,28.952066015079616,861505.209245581,861505.214636499
12903,eye1,pmrnet,loop,21.839575958438218,0.02,0.3911498934030533,4.8527439357712865,0.5292389541864395,0.08,0.35,0.05,0.45,1.2,29.762708741798996,861505.217359949,861505.223133432
1279,eye0,pmrnet,loop,11.572428978979588,0.02,0.3495530690997839,3.2332829432561994,0.3929540980607271,0.08,0.35,0.05,0.45,1.2,17.698219089396297,861411.389581513,861411.393557499
1280,eye0,pmrnet,loop,11.60378404892981,0.02,0.3301670076325536,3.4010830568149686,0.5276700248941779,0.08,0.35,0.05,0.45,1.2,18.01270413827151,861411.397398644,861411.401657793
4040,eye0,pmrnet,loop,20.25824598968029,0.02,0.37473998963832855,4.656820907257497,0.7300269789993763,0.08,0.35,0.05,0.45,1.2,28.16983386557549,861504.852465924,861504.858227741
4041,eye0,pmrnet,loop,26.31617698352784,0.02,0.2761289943009615,12.366522918455303,0.5240690661594272,0.08,0.35,0.05,0.45,1.2,41.63289796244353,861504.85918675,861504.872353901
4042,eye0,pmrnet,loop,30.542930006049573,0.02,1.491284929215908,9.96745703741908,0.48817298375070095,0.08,0.35,0.05,0.45,1.2,44.63984495643526,861504.872702676,861504.884650057
4044,eye0,pmrnet,loop,27.405272936448455,0.02,0.41142990812659264,9.67257097363472,1.1536350939422846,0.08,0.35,0.05,0.45,1.2,40.79290891215205,861504.886411784,861504.897649851
4045,eye0,pmrnet,loop,29.729434987530112,0.02,0.4265860188752413,9.251720970496535,0.3629369894042611,0.08,0.35,0.05,0.45,1.2,41.92067896630615,861504.897987463,861504.908029176
4047,eye0,pmrnet,loop,21.975479903630912,0.02,1.2440849095582962,5.759441992267966,0.35198009572923183,0.08,0.35,0.05,0.45,1.2,31.480986901186405,861504.909072797,861504.916428621
4048,eye0,pmrnet,loop,18.201980972662568,0.02,0.2745710080489516,3.224035957828164,0.6037330022081733,0.08,0.35,0.05,0.45,1.2,24.454320940747856,861504.916621564,861504.920724139
4049,eye0,pmrnet,loop,16.208937973715365,0.02,0.27858593966811895,3.2792181009426713,0.33045397140085697,0.08,0.35,0.05,0.45,1.2,22.24719598572701,861504.922911557,861504.926800094
4050,eye0,pmrnet,loop,23.074929020367563,0.02,0.3901039017364383,9.900555945932865,0.48500706907361746,0.08,0.35,0.05,0.45,1.2,36.00059593711048,861504.930958352,861504.941734472
4051,eye0,pmrnet,loop,22.67525310162455,0.02,3.1158510828390718,3.425204078666866,0.8261780021712184,0.08,0.35,0.05,0.45,1.2,32.1924862653017,861504.942036677,861504.94940423
4052,eye0,pmrnet,loop,24.261639919131994,0.02,0.37578900810331106,7.63845699839294,0.7698189001530409,0.08,0.35,0.05,0.45,1.2,35.195704825781284,861504.950275376,861504.959059774
4053,eye0,pmrnet,loop,20.15358698554337,0.02,0.2387729473412037,3.1027209479361773,0.4029640695080161,0.08,0.35,0.05,0.45,1.2,26.048044950328766,861504.959275908,861504.963020605
4054,eye0,pmrnet,loop,16.76935306750238,0.02,0.2323270309716463,3.898728988133371,0.33598009031265974,0.08,0.35,0.05,0.45,1.2,23.386389176920055,861504.963238221,861504.967705458
4055,eye0,pmrnet,loop,20.498831057921052,0.02,0.3831519279628992,7.6448130421340466,0.5081320414319634,0.08,0.35,0.05,0.45,1.2,31.18492806944996,861504.970967515,861504.979503939
4056,eye0,pmrnet,loop,17.339129000902176,0.02,0.23441610392183065,3.847604035399854,0.6415459793061018,0.08,0.35,0.05,0.45,1.2,24.21269511952996,861504.979689429,861504.984413243
4057,eye0,pmrnet,loop,16.96541893761605,0.02,0.3709089942276478,4.43460897076875,0.3656180342659354,0.08,0.35,0.05,0.45,1.2,24.28655493687838,861504.986936885,861504.9921084
4058,eye0,pmrnet,loop,15.590860042721033,0.02,0.2582959132269025,3.1979669583961368,0.44320395682007074,0.08,0.35,0.05,0.45,1.2,21.64032687116414,861504.994903248,861504.998802957
4059,eye0,pmrnet,loop,15.583827043883502,0.02,0.28298795223236084,3.226027940399945,0.41880400385707617,0.08,0.35,0.05,0.45,1.2,21.661646940372883,861505.002936925,861505.00686498
4060,eye0,pmrnet,loop,22.161715081892908,0.02,0.3794669173657894,9.650605963543057,0.511499005369842,0.08,0.35,0.05,0.45,1.2,34.853286968171595,861505.010969289,861505.021511261
4061,eye0,pmrnet,loop,24.418827961198986,0.02,0.38801401387900114,9.304856997914612,0.3355009248480201,0.08,0.35,0.05,0.45,1.2,36.59719989784062,861505.021808626,861505.031837415
4062,eye0,pmrnet,loop,25.71106399409473,0.02,1.3691199710592628,6.56922091729939,0.4365519853308797,0.08,0.35,0.05,0.45,1.2,36.23595686778426,861505.032823871,861505.041199081
4063,eye0,pmrnet,loop,22.094113053753972,0.02,0.2512179780751467,3.4831450320780277,0.5187089554965496,0.08,0.35,0.05,0.45,1.2,28.497185019403695,861505.041397779,861505.045651085
4064,eye0,pmrnet,loop,18.596853013150394,0.02,0.2653229748830199,3.4280690597370267,0.6834199884906411,0.08,0.35,0.05,0.45,1.2,25.12366503626108,861505.045845877,861505.050222938
4065,eye0,pmrnet,loop,15.188176999799907,0.02,0.24409499019384384,3.332362975925207,0.23503100965172052,0.08,0.35,0.05,0.45,1.2,21.149665975570677,861505.051071185,861505.054882949
4066,eye0,pmrnet,loop,16.159096965566278,0.02,0.25312299840152264,3.249670029617846,1.548800035379827,0.08,0.35,0.05,0.45,1.2,23.36069002896547,861505.058871302,861505.063923108
4067,eye0,pmrnet,loop,16.200136044062674,0.02,0.25237700901925564,3.267733962275088,1.6463239444419742,0.08,0.35,0.05,0.45,1.2,23.51657095979899,861505.066866524,861505.072033162
4068,eye0,pmrnet,loop,21.397641045041382,0.02,0.390463974326849,9.343202924355865,0.607816968113184,0.08,0.35,0.05,0.45,1.2,33.88912491183728,861505.074957698,861505.085299636
4069,eye0,pmrnet,loop,20.91400499921292,0.02,3.655864973552525,3.5125999711453915,0.20981405396014452,0.08,0.35,0.05,0.45,1.2,30.44228399787098,861505.085506303,861505.092884982
4070,eye0,pmrnet,loop,18.289994914084673,0.02,0.2482599811628461,3.5953170154243708,0.6234099855646491,0.08,0.35,0.05,0.45,1.2,24.906981896236537,861505.093862587,861505.098329789
4071,eye0,pmrnet,loop,14.914127998054028,0.02,0.2522669965401292,3.385207033716142,0.4699459532275796,0.08,0.35,0.05,0.45,1.2,21.171547981537877,861505.098915577,861505.103023245
4072,eye0,pmrnet,loop,14.848844963125885,0.02,0.29033597093075514,3.4403579775243998,0.38321304600685835,0.08,0.35,0.05,0.45,1.2,21.112751957587896,861505.106912786,861505.111026937
4073,eye0,pmrnet,loop,18.46085803117603,0.02,3.192021045833826,3.682997077703476,0.9174690349027514,0.08,0.35,0.05,0.45,1.2,28.403345189616083,861505.114916365,861505.122709093
4074,eye0,pmrnet,loop,17.314912984147668,0.02,3.179576015099883,3.190553979948163,0.3318409435451031,0.08,0.35,0.05,0.45,1.2,26.166883922740816,861505.122929934,861505.129632133
4075,eye0,pmrnet,loop,15.193054918199778,0.02,0.2767570549622178,3.220675978809595,1.187470043078065,0.08,0.35,0.05,0.45,1.2,22.027957995049654,861505.130893632,861505.135578796
4076,eye0,pmrnet,loop,15.446981997229159,0.02,0.25879801250994205,3.5916860215365887,1.1476819636300206,0.08,0.35,0.05,0.45,1.2,22.59514799490571,861505.138903556,861505.143901916
4077,eye0,pmrnet,loop,16.879298025742173,0.02,0.2542829606682062,5.795800941996276,0.45891397166997194,0.08,0.35,0.05,0.45,1.2,25.538295900076626,861505.146893608,861505.153402918
4078,eye0,pmrnet,loop,14.523454010486603,0.02,0.2761669456958771,3.405330004170537,0.5330690182745457,0.08,0.35,0.05,0.45,1.2,20.88801997862756,861505.154901648,861505.159116474
4079,eye0,pmrnet,loop,16.989066964015365,0.02,3.1917570158839226,3.2911079470068216,0.22559298668056726,0.08,0.35,0.05,0.45,1.2,25.847524913586675,861505.162942252,861505.169650957
4080,eye0,pmrnet,loop,16.04674698319286,0.02,1.1521319393068552,4.01816691737622,0.6572660058736801,0.08,0.35,0.05,0.45,1.2,24.024311845749615,861505.170949953,861505.176777754
4081,eye0,pmrnet,loop,20.291396998800337,0.02,0.3821239806711674,9.4116689870134,0.3488569054752588,0.08,0.35,0.05,0.45,1.2,32.58404687196016,861505.178948003,861505.189091106
4082,eye0,pmrnet,loop,24.40246008336544,0.02,0.36759895738214254,10.055159917101264,1.4684860361739993,0.08,0.35,0.05,0.45,1.2,38.443704994022845,861505.189379282,861505.20127095
4083,eye0,pmrnet,loop,24.924805969931185,0.02,0.39586995262652636,6.957071949727833,0.21785194985568523,0.08,0.35,0.05,0.45,1.2,34.64559982214123,861505.202291595,861505.209862769
4084,eye0,pmrnet,loop,21.69619791675359,0.02,0.24109403602778912,4.045707988552749,0.33180497121065855,0.08,0.35,0.05,0.45,1.2,28.464804912544786,861505.210084303,861505.214703112
4085,eye0,pmrnet,loop,18.186226952821016,0.02,0.2509180922061205,3.5042359959334135,0.5872199544683099,0.08,0.35,0.05,0.45,1.2,24.67860099542886,861505.21491939,861505.219262003
4086,eye0,pmrnet,loop,21.03724901098758,0.02,0.37216092459857464,9.384257020428777,0.38211396895349026,0.08,0.35,0.05,0.45,1.2,33.32578092496843,861505.220042792,861505.230181789
4087,eye0,pmrnet,loop,17.579937004484236,0.02,0.3762999549508095,3.397450898773968,0.5377830239012837,0.08,0.35,0.05,0.45,1.2,24.041470882110296,861505.230481967,861505.234793885
4088,eye0,pmrnet,loop,14.19486291706562,0.02,0.2526841126382351,3.1657969811931252,1.0638129897415638,0.08,0.35,0.05,0.45,1.2,20.827157000638543,861505.234995265,861505.239477781
4089,eye0,pmrnet,loop,13.326608925126493,0.02,0.25116000324487686,3.282582969404757,0.21693308372050524,0.08,0.35,0.05,0.45,1.2,19.22728498149663,861505.242927706,861505.246678614
12904,eye1,pmrnet,loop,19.845742965117097,0.02,0.2547410549595952,3.251882968470454,0.4074650350958109,0.08,0.35,0.05,0.45,1.2,25.909832023642956,861505.225294503,861505.22920883
12905,eye1,pmrnet,loop,22.129380027763546,0.02,0.394799979403615,5.334915942512453,0.45497308019548655,0.08,0.35,0.05,0.45,1.2,30.4640690298751,861505.233376271,861505.239561364
12906,eye1,pmrnet,loop,20.87241900153458,0.02,0.25941396597772837,3.8446979597210884,1.0221439879387617,0.08,0.35,0.05,0.45,1.2,28.14867491517216,861505.241246969,861505.246373508
12907,eye1,pmrnet,loop,20.76298196334392,0.02,0.2642099279910326,3.9440590189769864,0.8701899787411094,0.08,0.35,0.05,0.45,1.2,27.991440889053045,861505.2492542,861505.254332882
12908,eye1,pmrnet,loop,20.64412902109325,0.02,0.2679070457816124,3.9734599413350224,0.768655096180737,0.08,0.35,0.05,0.45,1.2,27.80415110439062,861505.257272904,861505.2622832
12909,eye1,pmrnet,loop,20.572753972373903,0.02,0.2601100131869316,3.959359019063413,0.7921350188553333,0.08,0.35,0.05,0.45,1.2,27.73435802347958,861505.265268933,861505.270280786
12910,eye1,pmrnet,loop,22.478190017864108,0.02,0.281921005807817,6.227010046131909,0.4596780054271221,0.08,0.35,0.05,0.45,1.2,31.596799075230955,861505.273285706,861505.280254644
12911,eye1,pmrnet,loop,20.01508604735136,0.02,0.38018706254661083,3.674785024486482,0.4720250144600868,0.08,0.35,0.05,0.45,1.2,26.69208314884454,861505.281333645,861505.285860991
12913,eye1,pmrnet,loop,19.688389962539077,0.02,0.25605596601963043,3.3640830079093575,0.7927609840407968,0.08,0.35,0.05,0.45,1.2,26.25128992050886,861505.297259003,861505.30167213
12914,eye1,pmrnet,loop,20.261612022295594,0.02,0.4552020691335201,4.159127012826502,0.3103800117969513,0.08,0.35,0.05,0.45,1.2,27.336321116052567,861505.305389533,861505.310314608
12915,eye1,pmrnet,loop,19.661196041852236,0.02,0.27014000806957483,3.6853159544989467,0.562650035135448,0.08,0.35,0.05,0.45,1.2,26.329302039556204,861505.313264986,861505.317783345
12916,eye1,pmrnet,loop,18.998614978045225,0.02,0.272141071036458,3.4681929973885417,0.18470501527190208,0.08,0.35,0.05,0.45,1.2,25.073654061742126,861505.321264243,861505.325189526
12917,eye1,pmrnet,loop,25.501466006971896,0.02,0.37059898022562265,9.637566050514579,0.4210429033264518,0.08,0.35,0.05,0.45,1.2,38.08067394103855,861505.329331114,861505.339760799
12918,eye1,pmrnet,loop,28.54242199100554,0.02,0.9596160380169749,9.277287987060845,0.5449929740279913,0.08,0.35,0.05,0.45,1.2,41.47431899011135,861505.340089187,861505.350871505
12919,eye1,pmrnet,loop,31.01008606608957,0.02,2.666650922037661,6.824197014793754,0.4546180134639144,0.08,0.35,0.05,0.45,1.2,43.1055520163849,861505.351461842,861505.361407624
12921,eye1,pmrnet,loop,23.738337913528085,0.02,0.5653360858559608,7.78588792309165,0.2135660033673048,0.08,0.35,0.05,0.45,1.2,34.453127925843,861505.361710233,861505.370275367
12922,eye1,pmrnet,loop,25.527682970277965,0.02,0.25798799470067024,8.766744984313846,0.2053159987553954,0.08,0.35,0.05,0.45,1.2,36.907731948047875,861505.370903243,861505.380133656
12923,eye1,pmrnet,loop,26.173284044489264,0.02,0.28530904091894627,7.8024870017543435,0.42354397010058165,0.08,0.35,0.05,0.45,1.2,36.834624057263134,861505.380336179,861505.388847837
12924,eye1,pmrnet,loop,29.33091309387237,0.02,0.3860009601339698,9.513115044683218,0.5063180578872561,0.08,0.35,0.05,0.45,1.2,41.88634715657681,861505.389669004,861505.400074871
12925,eye1,pmrnet,loop,25.653008953668177,0.02,0.34391903318464756,3.494116012006998,0.34918903838843107,0.08,0.35,0.05,0.45,1.2,31.990233037248252,861505.400278507,861505.404466007
12926,eye1,pmrnet,loop,21.77111792843789,0.02,0.2591019729152322,3.229473950341344,0.49578899051994085,0.08,0.35,0.05,0.45,1.2,27.905482842214404,861505.404668593,861505.408653216
12927,eye1,pmrnet,loop,24.59911094047129,0.02,0.3774199867621064,9.423136012628675,0.31494395807385445,0.08,0.35,0.05,0.45,1.2,36.864610897935925,861505.409434321,861505.419550175
12928,eye1,pmrnet,loop,22.031250991858542,0.02,1.1524709407240152,3.815187024883926,0.34009607043117285,0.08,0.35,0.05,0.45,1.2,29.489005027897655,861505.419743334,861505.425051357
12929,eye1,pmrnet,loop,19.234706996940076,0.02,0.24578790180385113,3.6182079929858446,0.3074660198763013,0.08,0.35,0.05,0.45,1.2,25.556168911606072,861505.426151954,861505.430323701
12930,eye1,pmrnet,loop,24.57009698264301,0.02,0.37908798549324274,9.520638966932893,0.4766379715874791,0.08,0.35,0.05,0.45,1.2,37.09646190665662,861505.43335067,861505.443727455
12931,eye1,pmrnet,loop,27.11647399701178,0.02,0.6897139828652143,9.211129043251276,0.4063369706273079,0.08,0.35,0.05,0.45,1.2,39.57365399375558,861505.444035425,861505.454343057
12932,eye1,pmrnet,loop,29.780192067846656,0.02,0.3656339831650257,9.075812995433807,0.34794502425938845,0.08,0.35,0.05,0.45,1.2,41.719584070704876,861505.455286564,861505.465076304
12934,eye1,pmrnet,loop,19.089564913883805,0.02,0.27441990096122026,4.379795980639756,0.5898280069231987,0.08,0.35,0.05,0.45,1.2,26.48360880240798,861505.46527928,861505.470523573
12935,eye1,pmrnet,loop,17.807571915909648,0.02,0.27831702027469873,3.4270439064130187,0.3366559976711869,0.08,0.35,0.05,0.45,1.2,23.99958884026855,861505.473268432,861505.477310694
12936,eye1,pmrnet,loop,24.11411702632904,0.02,0.41841098573058844,9.534451994113624,0.37080200854688883,0.08,0.35,0.05,0.45,1.2,36.58778201472014,861505.481361111,861505.491685244
12937,eye1,pmrnet,loop,23.911971016786993,0.02,0.5389989819377661,6.464665988460183,0.46340504195541143,0.08,0.35,0.05,0.45,1.2,33.52904102914036,861505.492085243,861505.499552799
12938,eye1,pmrnet,loop,22.13198004756123,0.02,0.3109679091721773,4.510886035859585,0.7769690128043294,0.08,0.35,0.05,0.45,1.2,29.88080300539732,861505.500242865,861505.505841938
12939,eye1,pmrnet,loop,17.95254892203957,0.02,0.2928209723904729,3.200519015081227,0.18687895499169827,0.08,0.35,0.05,0.45,1.2,23.782767864502965,861505.50605123,861505.509731718
12940,eye1,pmrnet,loop,17.62825099285692,0.02,0.2726759994402528,3.424698021262884,0.5137170664966106,0.08,0.35,0.05,0.45,1.2,23.989342080056666,861505.513264785,861505.517476125
12941,eye1,pmrnet,loop,17.009567003697157,0.02,0.2657140139490366,3.214642987586558,0.19102997612208128,0.08,0.35,0.05,0.45,1.2,22.83095398135483,861505.52125495,861505.524926548
12942,eye1,pmrnet,loop,17.427877988666296,0.02,0.28375291731208563,3.4743439173325896,0.3952599363401532,0.08,0.35,0.05,0.45,1.2,23.731234759651123,861505.529260267,861505.533413898
12943,eye1,pmrnet,loop,16.982803004793823,0.02,0.2566289622336626,3.3124260371550918,0.18964195623993874,0.08,0.35,0.05,0.45,1.2,22.891499960422514,861505.537278752,861505.541037743
12944,eye1,pmrnet,loop,17.567000933922827,0.02,0.28801208827644587,3.3971460070461035,0.6859829882159829,0.08,0.35,0.05,0.45,1.2,24.088142017461358,861505.545319594,861505.549691028
12945,eye1,pmrnet,loop,16.93421695381403,0.02,0.26704592164605856,3.255483927205205,0.3546220250427723,0.08,0.35,0.05,0.45,1.2,22.961368827708064,861505.55324985,861505.557127291
12946,eye1,pmrnet,loop,17.83222798258066,0.02,0.27533306274563074,3.187444992363453,1.3177810469642282,0.08,0.35,0.05,0.45,1.2,24.762787084653972,861505.561313469,861505.56609424
12947,eye1,pmrnet,loop,16.645435011014342,0.02,0.2864300040528178,3.2407629769295454,0.18891901709139347,0.08,0.35,0.05,0.45,1.2,22.511547009088098,861505.569259952,861505.572976432
12948,eye1,pmrnet,loop,16.55032893177122,0.02,0.2738339826464653,3.1927230302244425,0.19254698418080807,0.08,0.35,0.05,0.45,1.2,22.359432928822933,861505.577291017,861505.580950392
12949,eye1,pmrnet,loop,16.63684193044901,0.02,0.24888000916689634,3.1912290723994374,0.4040360217913985,0.08,0.35,0.05,0.45,1.2,22.63098703380674,861505.585261565,861505.589105977
12950,eye1,pmrnet,loop,22.850017994642258,0.02,0.3731990000233054,9.443877963349223,0.2485249424353242,0.08,0.35,0.05,0.45,1.2,35.06561990045011,861505.593322009,861505.603388016
12951,eye1,pmrnet,loop,19.04374605510384,0.02,0.3728220472112298,3.242923063226044,0.43943000491708517,0.08,0.35,0.05,0.45,1.2,25.248921170458196,861505.60359521,861505.607650642
12952,eye1,pmrnet,loop,22.70594099536538,0.02,0.3703460097312927,9.230477036908269,0.44537801295518875,0.08,0.35,0.05,0.45,1.2,34.90214205496013,861505.609334746,861505.619381442
12953,eye1,pmrnet,loop,24.947382975369692,0.02,0.3612630534917116,9.23217402305454,0.4275779938325286,0.08,0.35,0.05,0.45,1.2,37.11839804574847,861505.619670428,861505.629691854
12954,eye1,pmrnet,loop,29.473877977579832,0.02,1.5257630730047822,9.501287015154958,0.57180505245924,0.08,0.35,0.05,0.45,1.2,43.22273311819881,861505.63068793,861505.642287231
12956,eye1,pmrnet,loop,23.43956707045436,0.02,0.3725670976564288,9.108677972108126,0.3194150049239397,0.08,0.35,0.05,0.45,1.2,35.39022714514285,861505.642590093,861505.652391152
12957,eye1,pmrnet,loop,26.70176699757576,0.02,0.3979939501732588,9.448700002394617,0.40479691233485937,0.08,0.35,0.05,0.45,1.2,39.10325786247849,861505.653470445,861505.663722336
4090,eye0,pmrnet,loop,13.274483033455908,0.02,0.28187199495732784,3.2509330194443464,0.21760002709925175,0.08,0.35,0.05,0.45,1.2,19.174888074956833,861505.250944868,861505.254695505
4091,eye0,pmrnet,loop,13.359025004319847,0.02,0.26128499303013086,3.296328941360116,0.349442008882761,0.08,0.35,0.05,0.45,1.2,19.416080947592853,861505.25894182,861505.262849159
4092,eye0,pmrnet,loop,13.892054907046258,0.02,0.286850961856544,4.01343300472945,0.21639291662722826,0.08,0.35,0.05,0.45,1.2,20.55873179025948,861505.266934262,861505.271451265
4093,eye0,pmrnet,loop,14.436541008763015,0.02,0.2856440842151642,4.463499062694609,0.3616319736465812,0.08,0.35,0.05,0.45,1.2,21.69731612931937,861505.274953532,861505.280064598
4094,eye0,pmrnet,loop,19.61451896931976,0.02,0.3843330778181553,9.277250966988504,0.6542690098285675,0.08,0.35,0.05,0.45,1.2,32.080372023954986,861505.282994777,861505.293311064
4095,eye0,pmrnet,loop,15.789060038514435,0.02,0.5468119634315372,3.142168978229165,0.2657239092513919,0.08,0.35,0.05,0.45,1.2,21.893764889426528,861505.29359964,861505.297554625
4096,eye0,pmrnet,loop,20.725433016195893,0.02,0.43707399163395166,10.501808021217585,0.4929410060867667,0.08,0.35,0.05,0.45,1.2,34.307256035134195,861505.29912766,861505.310559908
4097,eye0,pmrnet,loop,18.989439005963504,0.02,0.5045149009674788,4.038600949570537,1.392795005813241,0.08,0.35,0.05,0.45,1.2,27.07534986231476,861505.310957229,861505.316893366
4098,eye0,pmrnet,loop,18.12439295463264,0.02,0.3090539248660207,3.9062199648469687,0.9633020963519812,0.08,0.35,0.05,0.45,1.2,25.45296894069761,861505.318918449,861505.324097258
4099,eye0,pmrnet,loop,17.023114021867514,0.02,0.28320192359387875,3.380431910045445,0.5135979736223817,0.08,0.35,0.05,0.45,1.2,23.350345829129218,861505.326887729,861505.331065162
4100,eye0,pmrnet,loop,24.409522069618106,0.02,1.4564370503649116,9.586381958797574,0.43195101898163557,0.08,0.35,0.05,0.45,1.2,38.034292097762226,861505.335044937,861505.346520199
4101,eye0,pmrnet,loop,27.970973984338343,0.02,0.37793093360960484,9.235918056219816,0.43567700777202845,0.08,0.35,0.05,0.45,1.2,40.17049998193979,861505.348100621,861505.358150597
4102,eye0,pmrnet,loop,30.413336004130542,0.02,0.7330109365284443,9.114961023442447,0.3716179635375738,0.08,0.35,0.05,0.45,1.2,42.782925927639006,861505.358442278,861505.368662231
4104,eye0,pmrnet,loop,25.554595980793238,0.02,0.6197129841893911,9.28558292798698,0.45336096081882715,0.08,0.35,0.05,0.45,1.2,38.063252853788434,861505.369582041,861505.379941126
4105,eye0,pmrnet,loop,24.26881401333958,0.02,2.7834390057250857,3.268562024459243,0.38309197407215834,0.08,0.35,0.05,0.45,1.2,32.853907017596065,861505.380289672,861505.386725007
4106,eye0,pmrnet,loop,27.860255911946297,0.02,0.3769439645111561,9.525584988296032,0.4674820229411125,0.08,0.35,0.05,0.45,1.2,40.380266887694596,861505.388014512,861505.39838493
4107,eye0,pmrnet,loop,30.292722978629172,0.02,0.3784899599850178,9.359724936075509,0.46772800851613283,0.08,0.35,0.05,0.45,1.2,42.64866588320583,861505.398679532,861505.408885947
4109,eye0,pmrnet,loop,24.77003203239292,0.02,0.4003749927505851,7.044124067761004,0.5154829705134034,0.08,0.35,0.05,0.45,1.2,34.88001406341791,861505.41154175,861505.419502059
4110,eye0,pmrnet,loop,22.179708001203835,0.02,0.2883600536733866,3.9804449770599604,1.012571039609611,0.08,0.35,0.05,0.45,1.2,29.61108407154679,861505.419699086,861505.424980735
4111,eye0,pmrnet,loop,19.40739993005991,0.02,0.25623198598623276,3.877952927723527,0.9381039999425411,0.08,0.35,0.05,0.45,1.2,26.62968884371221,861505.425204928,861505.430277474
4112,eye0,pmrnet,loop,23.077714955434203,0.02,0.3768679453060031,9.572532027959824,0.4902919754385948,0.08,0.35,0.05,0.45,1.2,35.66740690413862,861505.43157606,861505.442016187
4113,eye0,pmrnet,loop,20.548761007376015,0.02,0.3753160126507282,4.276386112906039,0.5832910537719727,0.08,0.35,0.05,0.45,1.2,27.933754186704753,861505.442322314,861505.44755764
4114,eye0,pmrnet,loop,23.89164303895086,0.02,0.4234110238030553,9.416157961823046,0.47047901898622513,0.08,0.35,0.05,0.45,1.2,36.351691043563186,861505.448658789,861505.45896928
4115,eye0,pmrnet,loop,21.848055999726057,0.02,0.8034680504351854,4.289663978852332,0.5774589953944087,0.08,0.35,0.05,0.45,1.2,29.66864702440798,861505.45932434,861505.464995165
4116,eye0,pmrnet,loop,20.74966300278902,0.02,0.3836490213871002,4.79063403327018,0.22184895351529121,0.08,0.35,0.05,0.45,1.2,28.29579501096159,861505.466568831,861505.47196532
4117,eye0,pmrnet,loop,17.956736031919718,0.02,0.2639829181134701,3.669005003757775,1.116584986448288,0.08,0.35,0.05,0.45,1.2,25.15630894023925,861505.472191756,861505.47724158
4118,eye0,pmrnet,loop,16.743516083806753,0.02,0.2583599416539073,3.923867945559323,0.9670238941907883,0.08,0.35,0.05,0.45,1.2,24.04276786521077,861505.478948085,861505.48409757
4119,eye0,pmrnet,loop,15.569078037515283,0.02,0.27759699150919914,3.3806279534474015,0.4334129625931382,0.08,0.35,0.05,0.45,1.2,21.81071594506502,861505.486900307,861505.490992153
4120,eye0,pmrnet,loop,16.01715595461428,0.02,0.2864269772544503,3.552751033566892,0.7894430309534073,0.08,0.35,0.05,0.45,1.2,22.79577699638903,861505.494880273,861505.499509183
4121,eye0,pmrnet,loop,16.518507967703044,0.02,0.2752690343186259,3.6979049909859896,1.2001959839835763,0.08,0.35,0.05,0.45,1.2,23.841877976991235,861505.50290592,861505.508079514
4122,eye0,pmrnet,loop,16.961407964117825,0.02,0.25577296037226915,4.41595003940165,1.0230029001832008,0.08,0.35,0.05,0.45,1.2,24.806133864074944,861505.510896346,861505.516591252
4123,eye0,pmrnet,loop,16.511740046553314,0.02,0.2543299924582243,4.286495037376881,0.7652259664610028,0.08,0.35,0.05,0.45,1.2,23.96779104284942,861505.518904565,861505.524210815
4124,eye0,pmrnet,loop,16.366338008083403,0.02,0.2566020702943206,3.2255479600280523,1.7618699930608273,0.08,0.35,0.05,0.45,1.2,23.760358031466602,861505.526890085,861505.53213434
4125,eye0,pmrnet,loop,16.84517494868487,0.02,0.4042040091007948,4.409397020936012,0.88492501527071,0.08,0.35,0.05,0.45,1.2,24.693700993992387,861505.534983259,861505.540682086
4126,eye0,pmrnet,loop,17.152099986560643,0.02,0.25110598653554916,5.20207395311445,0.7199849933385849,0.08,0.35,0.05,0.45,1.2,25.475264919549225,861505.542884414,861505.549057925
4127,eye0,pmrnet,loop,20.998704014346004,0.02,0.37738692481070757,9.248441085219383,0.36373198963701725,0.08,0.35,0.05,0.45,1.2,33.13826401401311,861505.55098335,861505.560973356
4128,eye0,pmrnet,loop,18.301556003279984,0.02,0.9058010764420033,3.683298942632973,0.49273495096713305,0.08,0.35,0.05,0.45,1.2,25.533390973322092,861505.561263449,861505.566345589
4129,eye0,pmrnet,loop,16.34363702032715,0.02,0.2473290078341961,4.139430937357247,0.9028901113197207,0.08,0.35,0.05,0.45,1.2,23.783287076838313,861505.567166554,861505.572456503
4130,eye0,pmrnet,loop,15.753239043988287,0.02,0.24403701536357403,3.266241052187979,1.513677998445928,0.08,0.35,0.05,0.45,1.2,22.927195109985767,861505.574910891,861505.579935129
4131,eye0,pmrnet,loop,15.85448207333684,0.02,0.24595693685114384,4.423088044859469,0.5627019563689828,0.08,0.35,0.05,0.45,1.2,23.236229011416434,861505.582873237,861505.588105261
4132,eye0,pmrnet,loop,16.05294004548341,0.02,0.3770970506593585,4.49170102365315,0.5432370817288756,0.08,0.35,0.05,0.45,1.2,23.614975201524793,861505.590960623,861505.596373014
4133,eye0,pmrnet,loop,14.774604933336377,0.02,0.26046799030154943,3.4387559862807393,0.589443021453917,0.08,0.35,0.05,0.45,1.2,21.21327193137258,861505.598874763,861505.60316364
4134,eye0,pmrnet,loop,14.625673997215927,0.02,0.25481905322521925,3.391903010196984,0.52278907969594,0.08,0.35,0.05,0.45,1.2,20.94518514033407,861505.606913893,861505.611083682
4135,eye0,pmrnet,loop,20.670910947956145,0.02,0.37801102735102177,9.394544060342014,0.4764230689033866,0.08,0.35,0.05,0.45,1.2,33.069889104552566,861505.614948473,861505.62519785
4136,eye0,pmrnet,loop,16.93425897974521,0.02,0.31520798802375793,3.3138060243800282,0.48608798533678055,0.08,0.35,0.05,0.45,1.2,23.199360977485775,861505.625414839,861505.62953017
4137,eye0,pmrnet,loop,18.397229025140405,0.02,0.3738719969987869,7.310132961720228,0.4065149696543813,0.08,0.35,0.05,0.45,1.2,28.6377489535138,861505.630971171,861505.63906204
4138,eye0,pmrnet,loop,14.2456159228459,0.02,0.24104001931846142,3.221428021788597,0.235249986872077,0.08,0.35,0.05,0.45,1.2,20.093333950825034,861505.639281495,861505.642979485
4139,eye0,pmrnet,loop,14.052835991606116,0.02,0.2662269398570061,3.279697964899242,0.40125695522874594,0.08,0.35,0.05,0.45,1.2,20.15001785159111,861505.646908309,861505.650855763
4140,eye0,pmrnet,loop,20.211021066643298,0.02,0.3729460295289755,9.332841960713267,0.4056260222569108,0.08,0.35,0.05,0.45,1.2,32.47243507914245,861505.654970733,861505.66508257
4141,eye0,pmrnet,loop,22.515521035529673,0.02,0.38457801565527916,9.321024059318006,0.37004996556788683,0.08,0.35,0.05,0.45,1.2,34.741173076070844,861505.665380117,861505.675456151
4142,eye0,pmrnet,loop,28.21788494475186,0.02,0.4415190778672695,9.818362072110176,0.6190169369801879,0.08,0.35,0.05,0.45,1.2,41.24678303170949,861505.678348447,861505.689227755
4144,eye0,pmrnet,loop,15.966793056577444,0.02,0.2590699587017298,3.1965899979695678,0.22794795222580433,0.08,0.35,0.05,0.45,1.2,21.800400965474545,861505.68943095,861505.693114763
4145,eye0,pmrnet,loop,16.4415460312739,0.02,0.3763199783861637,5.817488068714738,0.49949903041124344,0.08,0.35,0.05,0.45,1.2,25.284853108786045,861505.694964526,861505.701658174
4146,eye0,pmrnet,loop,13.519704109057784,0.02,0.2634830307215452,3.167375107295811,0.452163047157228,0.08,0.35,0.05,0.45,1.2,19.552725294232367,861505.702922375,861505.706805611
4147,eye0,pmrnet,loop,13.730063918046653,0.02,0.2655519638210535,3.4465360222384334,0.4688040353357792,0.08,0.35,0.05,0.45,1.2,20.060955939441918,861505.710903923,861505.715085124
4148,eye0,pmrnet,loop,15.270338975824416,0.02,0.36814401391893625,4.586657974869013,0.753512023948133,0.08,0.35,0.05,0.45,1.2,23.128652988560496,861505.718985206,861505.724694057
4149,eye0,pmrnet,loop,15.930472989566624,0.02,0.3703099209815264,5.737135070376098,0.34008792135864496,0.08,0.35,0.05,0.45,1.2,24.528005902282892,861505.726975632,861505.733423502
4150,eye0,pmrnet,loop,13.601410086266696,0.02,0.259542022831738,3.410744946449995,0.5782090593129396,0.08,0.35,0.05,0.45,1.2,19.999906114861368,861505.734914706,861505.739163437
4151,eye0,pmrnet,loop,13.363753911107779,0.02,0.26870204601436853,3.3196660224348307,0.5141460569575429,0.08,0.35,0.05,0.45,1.2,19.61626803651452,861505.742892098,861505.746994856
4152,eye0,pmrnet,loop,13.266828958876431,0.02,0.26459700893610716,3.3422159031033516,0.4524720134213567,0.08,0.35,0.05,0.45,1.2,19.476113884337245,861505.75090727,861505.754966811
4153,eye0,pmrnet,loop,13.065216946415603,0.02,0.24412001948803663,3.296714974567294,0.3895820118486881,0.08,0.35,0.05,0.45,1.2,19.14563395231962,861505.758904659,861505.762835318
4154,eye0,pmrnet,loop,14.585467986762524,0.02,0.2598679857328534,4.537247004918754,0.6904109613969922,0.08,0.35,0.05,0.45,1.2,22.222993938811122,861505.76693631,861505.772424056
4155,eye0,pmrnet,loop,19.461981020867825,0.02,0.38818002212792635,9.505811962299049,0.48961001448333263,0.08,0.35,0.05,0.45,1.2,31.99558301977813,861505.774985627,861505.785369695
4156,eye0,pmrnet,loop,22.009984008036554,0.02,0.3698359942063689,8.117381948977709,0.4553069593384862,0.08,0.35,0.05,0.45,1.2,33.102508910559116,861505.787043826,861505.795986797
4157,eye0,pmrnet,loop,22.08001201506704,0.02,2.5698409881442785,3.4776480169966817,0.8030590834096074,0.08,0.35,0.05,0.45,1.2,31.080560103617607,861505.797275109,861505.804125949
4158,eye0,pmrnet,loop,18.100750050507486,0.02,0.2696320880204439,3.203572006896138,0.41395099833607674,0.08,0.35,0.05,0.45,1.2,24.137905143760143,861505.804328167,861505.808215569
4159,eye0,pmrnet,loop,16.82723208796233,0.02,0.320928986184299,3.118715947493911,0.5658210720866919,0.08,0.35,0.05,0.45,1.2,22.98269809372723,861505.811005553,861505.815011307
4160,eye0,pmrnet,loop,22.96879596542567,0.02,0.3848859341815114,9.489121031947434,0.3748660674318671,0.08,0.35,0.05,0.45,1.2,35.36766899898648,861505.818971947,861505.829221287
4161,eye0,pmrnet,loop,27.326914947479963,0.02,1.6696020029485226,10.006012977100909,0.45846798457205296,0.08,0.35,0.05,0.45,1.2,41.610997912101446,861505.829513618,861505.841648106
4162,eye0,pmrnet,loop,31.66647395119071,0.02,0.43304404243826866,10.171912959776819,0.45771803706884384,0.08,0.35,0.05,0.45,1.2,44.87914899047464,861505.842994033,861505.854057146
4164,eye0,pmrnet,loop,25.56523005478084,0.02,0.593814067542553,8.50844499655068,0.40579400956630707,0.08,0.35,0.05,0.45,1.2,37.22328312844038,861505.854585752,861505.864094218
4165,eye0,pmrnet,loop,29.09251896198839,0.02,0.39850908797234297,9.521567961201072,0.4712659865617752,0.08,0.35,0.05,0.45,1.2,41.63386199772358,861505.865298305,861505.875690116
4167,eye0,pmrnet,loop,19.657570053823292,0.02,0.37453602999448776,4.910378018394113,1.1175440158694983,0.08,0.35,0.05,0.45,1.2,28.21002811808139,861505.875990813,861505.882393602
4168,eye0,pmrnet,loop,17.519885092042387,0.02,0.24027505423873663,4.332619020715356,0.5960609996691346,0.08,0.35,0.05,0.45,1.2,24.838840166665612,861505.883155798,861505.888324988
4169,eye0,pmrnet,loop,18.634239910170436,0.02,0.2622170140966773,5.956070031970739,0.36913296207785606,0.08,0.35,0.05,0.45,1.2,27.371659918315707,861505.890920677,861505.897508375
4170,eye0,pmrnet,loop,16.309128026477993,0.02,0.27254398446530104,3.529720939695835,0.5506769521161914,0.08,0.35,0.05,0.45,1.2,22.81206990275532,861505.898898897,861505.903252056
4171,eye0,pmrnet,loop,18.127519986592233,0.02,0.4052270669490099,5.08443801663816,0.6686749402433634,0.08,0.35,0.05,0.45,1.2,26.435860010422765,861505.906980924,861505.913139598
4172,eye0,pmrnet,loop,20.77610802371055,0.02,0.24007202591747046,8.444466046057642,0.22457994055002928,0.08,0.35,0.05,0.45,1.2,31.83522603623569,861505.914947757,861505.923857129
4173,eye0,pmrnet,loop,24.773968034423888,0.02,0.4995869239792228,9.960611001588404,0.8124149171635509,0.08,0.35,0.05,0.45,1.2,38.196580877155064,861505.924650373,861505.935923404
4174,eye0,pmrnet,loop,24.628882994875312,0.02,0.38582400884479284,5.715526989661157,1.5142440097406507,0.08,0.35,0.05,0.45,1.2,34.39447800312191,861505.936231681,861505.943847644
4175,eye0,pmrnet,loop,20.772699965164065,0.02,0.24519104044884443,3.185701905749738,0.21758908405900002,0.08,0.35,0.05,0.45,1.2,26.571181995421647,861505.944411968,861505.948060677
4176,eye0,pmrnet,loop,18.46876204945147,0.02,0.2809689613059163,4.380379104986787,0.9063690667971969,0.08,0.35,0.05,0.45,1.2,26.18647918254137,861505.948257855,861505.953825826
4177,eye0,pmrnet,loop,16.518631018698215,0.02,0.26985700242221355,3.2099439995363355,1.5417180256918073,0.08,0.35,0.05,0.45,1.2,23.69015004634857,861505.954922882,861505.959944639
4178,eye0,pmrnet,loop,18.529973924160004,0.02,0.243430957198143,5.356789915822446,1.5243170782923698,0.08,0.35,0.05,0.45,1.2,27.80451187547296,861505.962899687,861505.970024444
4179,eye0,pmrnet,loop,16.680281958542764,0.02,0.26338198222219944,4.545891075395048,0.5081670824438334,0.08,0.35,0.05,0.45,1.2,24.147722098603843,861505.970926285,861505.976243949
4180,eye0,pmrnet,loop,15.837525948882103,0.02,0.27054199017584324,3.272667061537504,0.975164002738893,0.08,0.35,0.05,0.45,1.2,22.505899003334342,861505.978951936,861505.983470563
4181,eye0,pmrnet,loop,14.969872077926993,0.02,0.31659496016800404,3.227634937502444,0.21545495837926865,0.08,0.35,0.05,0.45,1.2,20.87955693397671,861505.986912042,861505.990671966
4182,eye0,pmrnet,loop,15.266592032276094,0.02,0.24512200616300106,3.3609519014135003,0.5134880775585771,0.08,0.35,0.05,0.45,1.2,21.53615401741117,861505.994917747,861505.999037562
4183,eye0,pmrnet,loop,21.62906900048256,0.02,0.37416594568639994,9.608144988305867,0.47698302660137415,0.08,0.35,0.05,0.45,1.2,34.2383629610762,861506.003008829,861506.013468547
4184,eye0,pmrnet,loop,19.93625599425286,0.02,0.5095800152048469,4.0932559641078115,0.5783319938927889,0.08,0.35,0.05,0.45,1.2,27.267423967458306,861506.014663827,861506.019845201
4185,eye0,pmrnet,loop,17.21262896899134,0.02,0.2972810762003064,3.4656430361792445,1.3476500753313303,0.08,0.35,0.05,0.45,1.2,24.47320315670222,861506.020079956,861506.025190789
4186,eye0,pmrnet,loop,16.195378033444285,0.02,0.25755795650184155,4.440203076228499,0.5685898941010237,0.08,0.35,0.05,0.45,1.2,23.61172896027565,861506.026975946,861506.032242521
4187,eye0,pmrnet,loop,16.244318918325007,0.02,0.2551809884607792,4.390644025988877,0.8045620052143931,0.08,0.35,0.05,0.45,1.2,23.844705937989055,861506.034909596,861506.040360202
4188,eye0,pmrnet,loop,16.06196991633624,0.02,0.2740769414231181,4.410771885886788,0.6276300409808755,0.08,0.35,0.05,0.45,1.2,23.52444878462702,861506.042934246,861506.04824702
4189,eye0,pmrnet,loop,15.845651971176267,0.02,0.2573329256847501,3.279675031080842,1.6553991008549929,0.08,0.35,0.05,0.45,1.2,23.18805902879685,861506.050906989,861506.056099671
4190,eye0,pmrnet,loop,15.66419203300029,0.02,0.2464590361341834,3.276075003668666,1.5316230710595846,0.08,0.35,0.05,0.45,1.2,22.868349143862723,861506.058932886,861506.063987281
4191,eye0,pmrnet,loop,15.854699071496725,0.02,0.2735189627856016,4.195705987513065,0.8723119972273707,0.08,0.35,0.05,0.45,1.2,23.34623601902276,861506.066904769,861506.072246562
4192,eye0,pmrnet,loop,15.729271923191845,0.02,0.2774740569293499,4.333905060775578,0.6398289697244763,0.08,0.35,0.05,0.45,1.2,23.13048001062125,861506.07493951,861506.08019095
4193,eye0,pmrnet,loop,18.738555954769254,0.02,0.37634698674082756,7.678804104216397,0.22052403073757887,0.08,0.35,0.05,0.45,1.2,29.164231076464056,861506.082993641,861506.091269616
4194,eye0,pmrnet,loop,16.07314497232437,0.02,0.24723494425415993,4.0236049098894,0.9128439705818892,0.08,0.35,0.05,0.45,1.2,23.40682879704982,861506.091489226,861506.09667316
12958,eye1,pmrnet,loop,29.767820960842073,0.02,0.40622090455144644,9.374796063639224,0.43492799159139395,0.08,0.35,0.05,0.45,1.2,42.133765920624136,861505.664640818,861505.674857209
12961,eye1,pmrnet,loop,19.966048072092235,0.02,0.2751980209723115,3.334861947223544,0.3376719541847706,0.08,0.35,0.05,0.45,1.2,26.06377999447286,861505.685316151,861505.689264118
12962,eye1,pmrnet,loop,20.395728992298245,0.02,0.45185303315520287,3.5349309910088778,0.4768510116264224,0.08,0.35,0.05,0.45,1.2,27.009364028088747,861505.69329871,861505.697762622
12963,eye1,pmrnet,loop,25.942001957446337,0.02,0.39877998642623425,9.299933910369873,0.303223030641675,0.08,0.35,0.05,0.45,1.2,38.09393888488412,861505.701375056,861505.711377437
12965,eye1,pmrnet,loop,31.870465027168393,0.02,0.3774820361286402,9.153012069873512,1.2831350322812796,0.08,0.35,0.05,0.45,1.2,44.83409416545182,861505.722629903,861505.73344399
12967,eye1,pmrnet,loop,27.022575959563255,0.02,0.38244493771344423,9.42843803204596,1.1898099910467863,0.08,0.35,0.05,0.45,1.2,40.173268920369445,861505.733732805,861505.744733925
12968,eye1,pmrnet,loop,29.746451997198164,0.02,0.4383379127830267,9.097408968955278,0.4190419567748904,0.08,0.35,0.05,0.45,1.2,41.85124083571136,861505.74557186,861505.75552706
12969,eye1,pmrnet,loop,30.215576058253646,0.02,0.3639409551396966,7.697438006289303,0.19025802612304688,0.08,0.35,0.05,0.45,1.2,40.61721304580569,861505.755813687,861505.764065667
12971,eye1,pmrnet,loop,23.766974918544292,0.02,0.2519680419936776,3.207671921700239,0.18982996698468924,0.08,0.35,0.05,0.45,1.2,29.566444849222897,861505.770105164,861505.773754898
12972,eye1,pmrnet,loop,19.94674396701157,0.02,0.2635850105434656,3.3212369307875633,0.4673139192163944,0.08,0.35,0.05,0.45,1.2,26.148879827558993,861505.773951466,861505.778003878
12973,eye1,pmrnet,loop,21.042909007519484,0.02,0.2665049396455288,5.39982202462852,0.22672500927001238,0.08,0.35,0.05,0.45,1.2,29.085960981063543,861505.781275678,861505.787168976
12974,eye1,pmrnet,loop,25.354636018164456,0.02,0.3614929737523198,9.338496951386333,0.46213308814913034,0.08,0.35,0.05,0.45,1.2,37.66675903145224,861505.789386552,861505.799549106
12975,eye1,pmrnet,loop,27.615059982053936,0.02,0.39075000677257776,9.300817037001252,0.3286020364612341,0.08,0.35,0.05,0.45,1.2,39.785229062289,861505.799857963,861505.80987855
12976,eye1,pmrnet,loop,28.12489098869264,0.02,0.411459943279624,6.927069975063205,0.34926505759358406,0.08,0.35,0.05,0.45,1.2,37.96268596462905,861505.810769896,861505.818458048
12977,eye1,pmrnet,loop,29.466066043823957,0.02,0.271943979896605,8.525942103005946,0.4210009938105941,0.08,0.35,0.05,0.45,1.2,40.8349531205371,861505.818648382,861505.82786762
12978,eye1,pmrnet,loop,28.053321060724556,0.02,0.40941499173641205,4.562300979159772,0.7244870066642761,0.08,0.35,0.05,0.45,1.2,35.899524038285016,861505.828827923,861505.834524492
12979,eye1,pmrnet,loop,31.113876961171627,0.02,0.2556659746915102,10.213977075181901,0.46359188854694366,0.08,0.35,0.05,0.45,1.2,44.19711189959198,861505.834719624,861505.845653222
12981,eye1,pmrnet,loop,27.458247961476445,0.02,1.7828000709414482,9.2998769832775,0.5352929001674056,0.08,0.35,0.05,0.45,1.2,41.2262179158628,861505.846517369,861505.858135777
12982,eye1,pmrnet,loop,30.624416074715555,0.02,0.37451006937772036,9.621888981200755,0.7121789967641234,0.08,0.35,0.05,0.45,1.2,43.48299412205815,861505.858661702,861505.86937073
12984,eye1,pmrnet,loop,23.430392961017787,0.02,0.2656240249052644,6.925658090040088,0.6546929944306612,0.08,0.35,0.05,0.45,1.2,33.426368070393806,861505.870469139,861505.878315353
12985,eye1,pmrnet,loop,19.476664951071143,0.02,0.291639007627964,3.322864999063313,0.3013740060850978,0.08,0.35,0.05,0.45,1.2,25.542542963847517,861505.878514593,861505.882430714
12986,eye1,pmrnet,loop,17.954095033928752,0.02,0.28942106291651726,3.209016053006053,0.18153898417949677,0.08,0.35,0.05,0.45,1.2,23.784071134030818,861505.885297036,861505.888977292
12987,eye1,pmrnet,loop,24.392291088588536,0.02,0.380384037271142,9.398847934789956,0.3439399879425764,0.08,0.35,0.05,0.45,1.2,36.66546304859221,861505.893360111,861505.903483688
12988,eye1,pmrnet,loop,26.006909902207553,0.02,0.3968209493905306,8.65772902034223,0.3141548950225115,0.08,0.35,0.05,0.45,1.2,37.525614766962825,861505.903798852,861505.91316791
12989,eye1,pmrnet,loop,23.668930982239544,0.02,0.46158500481396914,3.3686329843476415,0.9963840711861849,0.08,0.35,0.05,0.45,1.2,30.64553304258734,861505.914071911,861505.918898866
12990,eye1,pmrnet,loop,19.69111303333193,0.02,0.28574804309755564,3.2399490009993315,0.3676509950309992,0.08,0.35,0.05,0.45,1.2,25.734461072459816,861505.919096541,861505.922990104
12991,eye1,pmrnet,loop,18.008865066803992,0.02,0.28125604148954153,3.3749890280887485,0.3884279867634177,0.08,0.35,0.05,0.45,1.2,24.203538123145698,861505.925332062,861505.929376973
12992,eye1,pmrnet,loop,18.43072404153645,0.02,0.30029797926545143,3.3918590052053332,0.8523010183125734,0.08,0.35,0.05,0.45,1.2,25.125182044319807,861505.933322867,861505.937867568
12993,eye1,pmrnet,loop,19.000167958438396,0.02,0.3037150017917156,3.5765169886872172,1.2778410455211997,0.08,0.35,0.05,0.45,1.2,26.308240994438528,861505.941347889,861505.946506174
12994,eye1,pmrnet,loop,18.29350192565471,0.02,0.4239060217514634,3.8627239409834146,0.3047280479222536,0.08,0.35,0.05,0.45,1.2,25.03485993631184,861505.949277039,861505.953868635
12995,eye1,pmrnet,loop,17.20934803597629,0.02,0.26472797617316246,3.1372320372611284,0.18410698976367712,0.08,0.35,0.05,0.45,1.2,22.945415039174257,861505.957267146,861505.960853442
12996,eye1,pmrnet,loop,18.34499300457537,0.02,0.2683569910004735,3.829244989901781,0.6983550265431404,0.08,0.35,0.05,0.45,1.2,25.290950012020765,861505.965261874,861505.970058048
12997,eye1,pmrnet,loop,17.267584917135537,0.02,0.30659104231745005,3.203311003744602,0.19360589794814587,0.08,0.35,0.05,0.45,1.2,23.121092861145733,861505.973345772,861505.977049548
12998,eye1,pmrnet,loop,18.877364927902818,0.02,0.2895949874073267,4.945791093632579,0.19070098642259836,0.08,0.35,0.05,0.45,1.2,26.45345199536532,861505.981302069,861505.986728461
12999,eye1,pmrnet,loop,24.028596002608538,0.02,3.8444730453193188,6.5492530120536685,0.18681096844375134,0.08,0.35,0.05,0.45,1.2,36.759133028425275,861505.989368713,861505.999949645
13000,eye1,pmrnet,loop,20.519361016340554,0.02,0.26124995201826096,3.3642029156908393,0.7093619788065553,0.08,0.35,0.05,0.45,1.2,27.004175862856208,861506.000174353,861506.004509408
13001,eye1,pmrnet,loop,21.89912006724626,0.02,0.2757150214165449,8.204815909266472,0.1998839434236288,0.08,0.35,0.05,0.45,1.2,32.7295349413529,861506.005277516,861506.01395818
13002,eye1,pmrnet,loop,19.408566993661225,0.02,0.27709093410521746,3.2544219866394997,1.8194010481238365,0.08,0.35,0.05,0.45,1.2,26.909480962529777,861506.014185157,861506.019536357
13003,eye1,pmrnet,loop,17.039499012753367,0.02,0.24876196403056383,3.264026017859578,0.3148880787193775,0.08,0.35,0.05,0.45,1.2,23.017175073362885,861506.021408533,861506.025236438
13004,eye1,pmrnet,loop,17.024199943989515,0.02,0.25075196754187346,3.3923120936378837,0.2190209925174713,0.08,0.35,0.05,0.45,1.2,23.036284997686742,861506.029427967,861506.033290255
13005,eye1,pmrnet,loop,16.629480058327317,0.02,0.2704040380194783,3.2091160537675023,0.19006698857992887,0.08,0.35,0.05,0.45,1.2,22.449067138694225,861506.037294675,861506.040964519
13006,eye1,pmrnet,loop,16.774961026385427,0.02,0.2567210467532277,3.181719919666648,0.3893779357895255,0.08,0.35,0.05,0.45,1.2,22.752779928594826,861506.045351038,861506.049179078
13007,eye1,pmrnet,loop,16.691647935658693,0.02,0.2908409805968404,3.3471930073574185,0.1912029692903161,0.08,0.35,0.05,0.45,1.2,22.670884892903267,861506.053335204,861506.057164709
13008,eye1,pmrnet,loop,16.411554999649525,0.02,0.2790269209071994,3.1647899886593223,0.18715602345764637,0.08,0.35,0.05,0.45,1.2,22.19252793267369,861506.061322491,861506.064953695
13009,eye1,pmrnet,loop,16.42763800919056,0.02,0.26986608281731606,3.2397760078310966,0.21885696332901716,0.08,0.35,0.05,0.45,1.2,22.306137063167988,861506.069309648,861506.073038385
13010,eye1,pmrnet,loop,16.497353091835976,0.02,0.274257967248559,3.237774013541639,0.3898030845448375,0.08,0.35,0.05,0.45,1.2,22.54918815717101,861506.077275244,861506.081177341
13011,eye1,pmrnet,loop,16.604449949227273,0.02,0.25770801585167646,3.4018580336123705,0.36930397618561983,0.08,0.35,0.05,0.45,1.2,22.78331997487694,861506.085324365,861506.089353489
13012,eye1,pmrnet,loop,16.144130029715598,0.02,0.2473229542374611,3.2182129798457026,0.18846301827579737,0.08,0.35,0.05,0.45,1.2,21.948128982074557,861506.093308047,861506.096962259
13013,eye1,pmrnet,loop,22.231973009184003,0.02,0.3993819700554013,9.023253922350705,0.31835504341870546,0.08,0.35,0.05,0.45,1.2,34.12296394500882,861506.101377371,861506.11111871
13014,eye1,pmrnet,loop,18.026306992396712,0.02,0.2551260404288769,3.1759910052642226,0.19125896506011486,0.08,0.35,0.05,0.45,1.2,23.798683003149925,861506.111359515,861506.114982157
4195,eye0,pmrnet,loop,15.129915089346468,0.02,0.24975300766527653,3.9327999111264944,0.7100569782778621,0.08,0.35,0.05,0.45,1.2,22.1725249864161,861506.098906152,861506.103799008
4196,eye0,pmrnet,loop,14.334223000332713,0.02,0.2610330702736974,3.2934260088950396,0.5700599867850542,0.08,0.35,0.05,0.45,1.2,20.608742066286503,861506.106947565,861506.111072331
4197,eye0,pmrnet,loop,14.300878974609077,0.02,0.27345900889486074,3.286983002908528,0.6033299723640084,0.08,0.35,0.05,0.45,1.2,20.614650958776473,861506.114943958,861506.119107979
4198,eye0,pmrnet,loop,13.755192048847675,0.02,0.24592701811343431,3.247407963499427,0.2187560312449932,0.08,0.35,0.05,0.45,1.2,19.61728306170553,861506.122918989,861506.126631345
4199,eye0,pmrnet,loop,14.201823971234262,0.02,0.25678600650280714,3.22717591188848,0.7337229326367378,0.08,0.35,0.05,0.45,1.2,20.569508822262286,861506.130928958,861506.135146885
4200,eye0,pmrnet,loop,14.058969100005925,0.02,0.26985700242221355,3.2970330212265253,0.5754099693149328,0.08,0.35,0.05,0.45,1.2,20.351269092969595,861506.138930544,861506.143073078
4201,eye0,pmrnet,loop,19.801721908152103,0.02,0.3731760662049055,9.25945001654327,0.24515495169907808,0.08,0.35,0.05,0.45,1.2,31.829502942599355,861506.147006539,861506.15688474
4202,eye0,pmrnet,loop,22.369376965798438,0.02,0.6271339952945709,9.425551979802549,0.3806001041084528,0.08,0.35,0.05,0.45,1.2,34.95266304500401,861506.157087181,861506.167520947
4203,eye0,pmrnet,loop,24.066695012152195,0.02,0.4315159749239683,8.149987901560962,0.22792699746787548,0.08,0.35,0.05,0.45,1.2,35.026125886105,861506.168477957,861506.177287752
4204,eye0,pmrnet,loop,20.2008270425722,0.02,0.2645020140334964,3.364266944117844,0.3850039793178439,0.08,0.35,0.05,0.45,1.2,26.364599980041383,861506.177476915,861506.181490936
4205,eye0,pmrnet,loop,16.61607390269637,0.02,0.2781309885904193,3.3573440741747618,0.6565350340679288,0.08,0.35,0.05,0.45,1.2,23.05808399952948,861506.181683002,861506.185975259
4206,eye0,pmrnet,loop,13.922542915679514,0.02,0.2781889634206891,3.6636650329455733,0.4347290378063917,0.08,0.35,0.05,0.45,1.2,20.449125949852167,861506.186973877,861506.191350669
4207,eye0,pmrnet,loop,13.924781000241637,0.02,0.48693001735955477,3.3779609948396683,0.6265430711209774,0.08,0.35,0.05,0.45,1.2,20.566215083561836,861506.194930196,861506.199421857
4208,eye0,pmrnet,loop,15.85142605472356,0.02,0.29878399800509214,5.926294019445777,0.22910500410944223,0.08,0.35,0.05,0.45,1.2,24.45560907628387,861506.202962936,861506.209417378
4209,eye0,pmrnet,loop,13.439720030874014,0.02,0.5056340014562011,3.222145955078304,0.40820997674018145,0.08,0.35,0.05,0.45,1.2,19.7257099641487,861506.210938482,861506.215074723
4210,eye0,pmrnet,loop,18.510104971937835,0.02,0.279269996099174,8.447239990346134,0.5163929890841246,0.08,0.35,0.05,0.45,1.2,29.903007947467266,861506.218970933,861506.228214119
4211,eye0,pmrnet,loop,15.522463945671916,0.02,0.2702439669519663,3.1818749848753214,0.194113003090024,0.08,0.35,0.05,0.45,1.2,21.318695900589226,861506.229649064,861506.233295481
4212,eye0,pmrnet,loop,13.720907038077712,0.02,0.3070299280807376,3.540125908330083,0.7641570409759879,0.08,0.35,0.05,0.45,1.2,20.48221991546452,861506.234951358,861506.239562924
4213,eye0,pmrnet,loop,13.134098029695451,0.02,0.30891504138708115,3.3041629940271378,0.43765699956566095,0.08,0.35,0.05,0.45,1.2,19.33483306467533,861506.242994132,861506.247045172
4214,eye0,pmrnet,loop,17.159491893835366,0.02,0.4806859651580453,3.3519240096211433,0.39243896026164293,0.08,0.35,0.05,0.45,1.2,23.534540828876196,861506.254914257,861506.259139558
4215,eye0,pmrnet,loop,16.892745974473655,0.02,0.29159500263631344,3.3187150256708264,0.39715401362627745,0.08,0.35,0.05,0.45,1.2,23.05021001640707,861506.262934164,861506.26694188
4216,eye0,pmrnet,loop,18.1726609589532,0.02,0.28607796411961317,4.394257091917098,0.6869339849799871,0.08,0.35,0.05,0.45,1.2,25.6899299999699,861506.270923157,861506.276290648
4217,eye0,pmrnet,loop,17.049486050382257,0.02,0.2997110132128,3.2629360212013125,0.7496270118281245,0.08,0.35,0.05,0.45,1.2,23.511760096624492,861506.278923752,861506.283236416
4218,eye0,pmrnet,loop,16.577402013354003,0.02,0.2729060361161828,3.232483984902501,0.3885379992425442,0.08,0.35,0.05,0.45,1.2,22.62133003361523,861506.286939289,861506.290833397
4219,eye0,pmrnet,loop,16.531786997802556,0.02,0.2704429207369685,3.2863749656826258,0.3914560656994581,0.08,0.35,0.05,0.45,1.2,22.630060949921607,861506.294908382,861506.298856865
4220,eye0,pmrnet,loop,17.235490027815104,0.02,0.30728301499038935,3.8546499563381076,0.5376990884542465,0.08,0.35,0.05,0.45,1.2,24.085122087597846,861506.302929207,861506.307629066
4221,eye0,pmrnet,loop,16.32209203671664,0.02,0.27908990159630775,3.225682070478797,0.3402929287403822,0.08,0.35,0.05,0.45,1.2,22.317156937532125,861506.310939786,861506.31478504
4222,eye0,pmrnet,loop,17.38495600875467,0.02,0.34086196683347225,3.6409670719876885,0.9588749380782247,0.08,0.35,0.05,0.45,1.2,24.475659985654055,861506.318976059,861506.323917037
4223,eye0,pmrnet,loop,17.61798793449998,0.02,0.27522898744791746,4.3676471104845405,0.6217150948941708,0.08,0.35,0.05,0.45,1.2,25.032579127326606,861506.326954311,861506.332219121
4224,eye0,pmrnet,loop,17.436319962143898,0.02,0.2773840678855777,3.303525038063526,1.6166559653356671,0.08,0.35,0.05,0.45,1.2,24.783885033428668,861506.334908522,861506.340106301
4225,eye0,pmrnet,loop,17.15191698167473,0.02,0.2918810350820422,3.25701292604208,1.4332139398902655,0.08,0.35,0.05,0.45,1.2,24.284024882689117,861506.342908596,861506.347890924
4226,eye0,pmrnet,loop,15.8316990127787,0.02,0.26896107010543346,3.2108810264617205,0.21996395662426949,0.08,0.35,0.05,0.45,1.2,21.68150506597012,861506.350939577,861506.354639675
4227,eye0,pmrnet,loop,22.462383029051125,0.02,0.36518904380500317,9.481940069235861,0.48337108455598354,0.08,0.35,0.05,0.45,1.2,34.94288322664797,861506.35900816,861506.369339087
4228,eye0,pmrnet,loop,25.322861969470978,0.02,0.7363880285993218,9.434196981601417,0.4619850078597665,0.08,0.35,0.05,0.45,1.2,38.10543198753148,861506.369635375,861506.380268375
4229,eye0,pmrnet,loop,28.69683993048966,0.02,0.5101870046928525,9.25664498936385,0.36035897210240364,0.08,0.35,0.05,0.45,1.2,40.97403089664876,861506.381583808,861506.391711451
4231,eye0,pmrnet,loop,23.17975601181388,0.02,0.36333396565169096,9.541245992295444,0.42864098213613033,0.08,0.35,0.05,0.45,1.2,35.66297695189714,861506.391998819,861506.402332449
4232,eye0,pmrnet,loop,26.323575992137194,0.02,0.42756705079227686,9.375550085678697,0.4606120055541396,0.08,0.35,0.05,0.45,1.2,38.737305134162305,861506.40328097,861506.413545153
4233,eye0,pmrnet,loop,29.049036907963455,0.02,0.41817803867161274,9.194988990202546,0.852492987178266,0.08,0.35,0.05,0.45,1.2,41.66469692401588,861506.413874295,861506.424340426
4235,eye0,pmrnet,loop,26.267973007634282,0.02,0.3850290086120367,9.052947978489101,2.709008986130357,0.08,0.35,0.05,0.45,1.2,40.564958980865775,861506.425549461,861506.437696884
4236,eye0,pmrnet,loop,23.668845067732036,0.02,0.3338629612699151,3.388166078366339,1.4697019942104816,0.08,0.35,0.05,0.45,1.2,31.01057610157877,861506.437975377,861506.443167349
4237,eye0,pmrnet,loop,29.425074928440154,0.02,0.4097479395568371,10.451862937770784,1.1656469432637095,0.08,0.35,0.05,0.45,1.2,43.60233274903148,861506.444965005,861506.456992733
4239,eye0,pmrnet,loop,23.773654946126044,0.02,0.3823009319603443,9.193907026201487,0.6082890322431922,0.08,0.35,0.05,0.45,1.2,36.108151936531065,861506.457294185,861506.467479125
4240,eye0,pmrnet,loop,24.226670037023723,0.02,0.43791800271719694,5.1961420103907585,1.5515009872615337,0.08,0.35,0.05,0.45,1.2,33.56223103739322,861506.468813788,861506.475999683
4241,eye0,pmrnet,loop,20.048547070473433,0.02,0.2683380153030157,3.2171769998967648,0.21190696861594915,0.08,0.35,0.05,0.45,1.2,25.89596905428916,861506.476194847,861506.479892512
4242,eye0,pmrnet,loop,17.207233933731914,0.02,0.2711500274017453,4.055946948938072,0.7041050121188164,0.08,0.35,0.05,0.45,1.2,24.388435922190546,861506.480088504,861506.48511995
4243,eye0,pmrnet,loop,14.895561966113746,0.02,0.26652589440345764,3.219294943846762,0.4622560227289796,0.08,0.35,0.05,0.45,1.2,20.993638827092944,861506.486929409,861506.490877712
4244,eye0,pmrnet,loop,15.273676021024585,0.02,0.26356696616858244,3.386580036021769,0.731472042389214,0.08,0.35,0.05,0.45,1.2,21.80529506560415,861506.494943056,861506.499324906
4245,eye0,pmrnet,loop,16.08536404091865,0.02,0.2758160699158907,4.2436589719727635,0.7478119805455208,0.08,0.35,0.05,0.45,1.2,23.502651063352822,861506.502937743,861506.508205277
4246,eye0,pmrnet,loop,20.96443099435419,0.02,0.37400401197373867,9.302668971940875,0.42949302587658167,0.08,0.35,0.05,0.45,1.2,33.22059700414539,861506.511046819,861506.521153428
4247,eye0,pmrnet,loop,17.758487025275826,0.02,0.8718700846657157,3.3516130642965436,0.4138089716434479,0.08,0.35,0.05,0.45,1.2,24.545779145881532,861506.52137869,861506.52601622
13015,eye1,pmrnet,loop,20.547394058667123,0.02,0.37860695738345385,6.210476974956691,1.6106250695884228,0.08,0.35,0.05,0.45,1.2,30.89710306059569,861506.117371752,861506.125571839
13016,eye1,pmrnet,loop,22.737761959433556,0.02,0.5088109755888581,9.132945910096169,0.32194796949625015,0.08,0.35,0.05,0.45,1.2,34.85146681461483,861506.125867021,861506.13583136
13017,eye1,pmrnet,loop,22.914662957191467,0.02,0.4140030359849334,6.466016988269985,0.3983039641752839,0.08,0.35,0.05,0.45,1.2,32.34298694562167,861506.136798973,861506.144077661
13018,eye1,pmrnet,loop,26.424222975037992,0.02,0.36635599099099636,9.483286994509399,0.4160639364272356,0.08,0.35,0.05,0.45,1.2,38.83992989696562,861506.145389404,861506.155655555
13019,eye1,pmrnet,loop,29.46084109134972,0.02,0.6977210287004709,9.127127937972546,0.4326410125941038,0.08,0.35,0.05,0.45,1.2,41.86833107061684,861506.156503293,861506.166761199
13020,eye1,pmrnet,loop,30.28756391722709,0.02,0.9899940341711044,7.222465006634593,0.37422007881104946,0.08,0.35,0.05,0.45,1.2,41.024243036843835,861506.167070437,861506.175657456
13021,eye1,pmrnet,loop,33.330259029753506,0.02,0.3793060313910246,9.19695501215756,0.365483108907938,0.08,0.35,0.05,0.45,1.2,45.422003182210034,861506.176826618,861506.186768847
13023,eye1,pmrnet,loop,24.096938082948327,0.02,0.3751659533008933,6.0223100008443,0.19308796618133783,0.08,0.35,0.05,0.45,1.2,32.83750200327486,861506.187082936,861506.193673841
13024,eye1,pmrnet,loop,21.38240309432149,0.02,0.27093198150396347,3.20933701004833,1.3646760489791632,0.08,0.35,0.05,0.45,1.2,28.377348134852944,861506.194183164,861506.199028351
13025,eye1,pmrnet,loop,20.587682956829667,0.02,0.418715993873775,3.6035600351169705,0.9447459597140551,0.08,0.35,0.05,0.45,1.2,27.704704945534466,861506.201334964,861506.206302247
13026,eye1,pmrnet,loop,23.038910934701562,0.02,0.2925749868154526,6.803879048675299,0.32393401488661766,0.08,0.35,0.05,0.45,1.2,32.60929898507893,861506.209401658,861506.216822397
13027,eye1,pmrnet,loop,20.887886988930404,0.02,0.3823930164799094,3.887508064508438,0.39084802847355604,0.08,0.35,0.05,0.45,1.2,27.698636098392306,861506.21807985,861506.222740947
13028,eye1,pmrnet,loop,18.93513009417802,0.02,0.239885994233191,3.1430149683728814,0.18258998170495033,0.08,0.35,0.05,0.45,1.2,24.650621038489042,861506.225291544,861506.228857242
13029,eye1,pmrnet,loop,23.766969912685454,0.02,1.4714360004290938,6.7294680047780275,0.19048096146434546,0.08,0.35,0.05,0.45,1.2,34.30835487935692,861506.23336605,861506.241757783
13030,eye1,pmrnet,loop,26.16411296185106,0.02,0.2563229063525796,8.957171929068863,0.3343319986015558,0.08,0.35,0.05,0.45,1.2,37.86193979587406,861506.242675433,861506.25222358
13031,eye1,pmrnet,loop,26.23820200096816,0.02,0.3741870168596506,7.275584968738258,0.18790294416248798,0.08,0.35,0.05,0.45,1.2,36.22587693072855,861506.252529253,861506.260367255
13032,eye1,pmrnet,loop,28.417691006325185,0.02,0.26528595481067896,9.076309972442687,0.3306110156700015,0.08,0.35,0.05,0.45,1.2,40.23989794924855,861506.260942592,861506.27061516
13033,eye1,pmrnet,loop,26.33969101589173,0.02,0.3885170444846153,5.110039957799017,0.19272195640951395,0.08,0.35,0.05,0.45,1.2,34.180969974584876,861506.270915084,861506.276606719
13034,eye1,pmrnet,loop,23.633962962776423,0.02,0.27452502399683,4.226944991387427,0.6570970872417092,0.08,0.35,0.05,0.45,1.2,30.942530065402387,861506.276811122,861506.281969964
13035,eye1,pmrnet,loop,26.163407950662076,0.02,0.37461600732058287,9.195373975671828,0.32015203032642603,0.08,0.35,0.05,0.45,1.2,38.20354996398091,861506.282677339,861506.292567931
13036,eye1,pmrnet,loop,28.32396002486348,0.02,0.368684995919466,9.190245997160673,0.37678296212106943,0.08,0.35,0.05,0.45,1.2,40.40967398006469,861506.292861281,861506.302797465
13037,eye1,pmrnet,loop,32.2700320975855,0.02,0.5852750036865473,9.622090961784124,0.7538039935752749,0.08,0.35,0.05,0.45,1.2,45.38120205663145,861506.303850912,861506.314812507
13039,eye1,pmrnet,loop,20.55841393303126,0.02,0.36583899054676294,3.478053957223892,0.27431396301835775,0.08,0.35,0.05,0.45,1.2,26.826620843820272,861506.315120776,861506.319239371
13040,eye1,pmrnet,loop,19.32362897787243,0.02,0.2784880343824625,4.209726001136005,0.19063602667301893,0.08,0.35,0.05,0.45,1.2,26.152479040063916,861506.321395455,861506.32607466
13041,eye1,pmrnet,loop,18.375789979472756,0.02,0.2488020109012723,3.195015015080571,0.4027059767395258,0.08,0.35,0.05,0.45,1.2,24.372312982194124,861506.329349134,861506.333195894
13042,eye1,pmrnet,loop,18.223451101221144,0.02,0.27732690796256065,3.2591080525889993,0.20072492770850658,0.08,0.35,0.05,0.45,1.2,24.11061098948121,861506.337375044,861506.341112435
13043,eye1,pmrnet,loop,22.078556939959526,0.02,0.270828022621572,6.099398946389556,1.3150930171832442,0.08,0.35,0.05,0.45,1.2,31.913876926153897,861506.345350542,861506.353036168
13044,eye1,pmrnet,loop,25.13458300381899,0.02,0.37436396814882755,9.21354303136468,0.4810940008610487,0.08,0.35,0.05,0.45,1.2,37.35358400419354,861506.35409172,861506.364161157
13045,eye1,pmrnet,loop,26.862706057727337,0.02,0.36405399441719055,8.693397045135498,0.4447989631444216,0.08,0.35,0.05,0.45,1.2,38.514956060424446,861506.364455428,861506.373958127
13046,eye1,pmrnet,loop,24.87978700082749,0.02,1.7610189970582724,3.1588419806212187,0.43581100180745125,0.08,0.35,0.05,0.45,1.2,32.38545898031443,861506.374688842,861506.380044776
13047,eye1,pmrnet,loop,21.433133981190622,0.02,0.2776680048555136,3.223528969101608,0.9221539366990328,0.08,0.35,0.05,0.45,1.2,28.006484891846775,861506.38024354,861506.384667116
13048,eye1,pmrnet,loop,17.898241989314556,0.02,0.29520003590732813,3.2685899641364813,0.3535000141710043,0.08,0.35,0.05,0.45,1.2,23.96553200352937,861506.385283815,861506.389201352
13049,eye1,pmrnet,loop,22.770212031900883,0.02,0.3687229473143816,8.017734973691404,0.3692419268190861,0.08,0.35,0.05,0.45,1.2,33.67591187972576,861506.393386167,861506.402142245
13050,eye1,pmrnet,loop,26.027724030427635,0.02,0.39581290911883116,9.501195047050714,0.4864269867539406,0.08,0.35,0.05,0.45,1.2,38.56115897335112,861506.403084867,861506.413468738
13051,eye1,pmrnet,loop,23.943105014041066,0.02,1.3239090330898762,3.6801720270887017,0.7469119736924767,0.08,0.35,0.05,0.45,1.2,31.84409804791212,861506.413701735,861506.419452983
13052,eye1,pmrnet,loop,20.68169298581779,0.02,0.2500830451026559,3.233307972550392,0.32441201619803905,0.08,0.35,0.05,0.45,1.2,26.639496019668876,861506.420452612,861506.424260657
13053,eye1,pmrnet,loop,17.77014194522053,0.02,0.2765849931165576,3.315466921776533,0.48994296230375767,0.08,0.35,0.05,0.45,1.2,24.002136822417377,861506.425335925,861506.429418197
13054,eye1,pmrnet,loop,22.23797596525401,0.02,0.4844249924644828,4.569962969981134,3.4102469217032194,0.08,0.35,0.05,0.45,1.2,32.85261084940284,861506.433489762,861506.441954793
13055,eye1,pmrnet,loop,23.559840046800673,0.02,0.27783296536654234,3.4099100157618523,3.0712709994986653,0.08,0.35,0.05,0.45,1.2,32.46885402742773,861506.444586491,861506.451345757
13056,eye1,pmrnet,loop,21.037593949586153,0.02,0.27711992152035236,4.537886939942837,0.5130750359967351,0.08,0.35,0.05,0.45,1.2,28.515675847046076,861506.451564394,861506.456892705
13057,eye1,pmrnet,loop,17.67454296350479,0.02,0.3007369814440608,3.6166879581287503,0.38147997111082077,0.08,0.35,0.05,0.45,1.2,24.12344787418842,861506.457299517,861506.461598674
13058,eye1,pmrnet,loop,18.589698942378163,0.02,0.3923960030078888,4.349622060544789,0.47247507609426975,0.08,0.35,0.05,0.45,1.2,25.95419208202511,861506.465367795,861506.470582643
13059,eye1,pmrnet,loop,18.40303302742541,0.02,0.2915520453825593,3.4549430711194873,1.379388035275042,0.08,0.35,0.05,0.45,1.2,25.678916179202496,861506.473339092,861506.478465222
13060,eye1,pmrnet,loop,23.493727087043226,0.02,0.4110380541533232,9.471205063164234,0.3352659987285733,0.08,0.35,0.05,0.45,1.2,35.861236203089355,861506.481406183,861506.491624173
13061,eye1,pmrnet,loop,23.47239200025797,0.02,0.5063980352133512,7.037528092041612,0.18414901569485664,0.08,0.35,0.05,0.45,1.2,33.350467143207794,861506.491944102,861506.499672537
13062,eye1,pmrnet,loop,21.103570936247706,0.02,0.23838598281145096,3.3139860024675727,1.4813230372965336,0.08,0.35,0.05,0.45,1.2,28.287265958823262,861506.500338494,861506.505372411
13063,eye1,pmrnet,loop,16.978590050712228,0.02,0.27699500788003206,3.0930349603295326,0.3752639750018716,0.08,0.35,0.05,0.45,1.2,22.873883993923663,861506.505571115,861506.509316669
13064,eye1,pmrnet,loop,16.997858067043126,0.02,0.2627789508551359,3.43413301743567,0.4061679355800152,0.08,0.35,0.05,0.45,1.2,23.250937970913945,861506.513301358,861506.517404754
13065,eye1,pmrnet,loop,22.81291293911636,0.02,0.3798550460487604,8.841322967782617,0.6582089699804783,0.08,0.35,0.05,0.45,1.2,34.84229992292821,861506.521408982,861506.531288721
13066,eye1,pmrnet,loop,19.004171947017312,0.02,0.39804703556001186,3.320832969620824,0.3368710167706013,0.08,0.35,0.05,0.45,1.2,25.209922968968748,861506.531493194,861506.535549195
4248,eye0,pmrnet,loop,15.287954011000693,0.02,0.497890985570848,3.2685190672054887,0.2208621008321643,0.08,0.35,0.05,0.45,1.2,21.425226164609192,861506.527627601,861506.531615094
4249,eye0,pmrnet,loop,16.73133100848645,0.02,0.26991101913154125,5.220368970185518,0.585068017244339,0.08,0.35,0.05,0.45,1.2,24.956679015047847,861506.535050858,861506.541126593
4250,eye0,pmrnet,loop,21.11572108697146,0.02,0.3948409575968981,9.665830992162228,0.4498519701883197,0.08,0.35,0.05,0.45,1.2,33.776245006918906,861506.543069363,861506.553580327
4251,eye0,pmrnet,loop,18.83487799204886,0.02,1.0971080046147108,3.3139699371531606,0.22197409998625517,0.08,0.35,0.05,0.45,1.2,25.617930033802985,861506.554735802,861506.559369125
4252,eye0,pmrnet,loop,15.178296947851777,0.02,0.2878230297937989,3.503068001009524,0.4217990208417177,0.08,0.35,0.05,0.45,1.2,21.540986999496816,861506.559568398,861506.563781372
4253,eye0,pmrnet,loop,14.061109046451747,0.02,0.25387294590473175,3.167763934470713,0.33479800913482904,0.08,0.35,0.05,0.45,1.2,19.96754393596202,861506.566976496,861506.570733157
4254,eye0,pmrnet,loop,14.168853056617081,0.02,0.280392006970942,3.2684420002624393,0.3890619846060872,0.08,0.35,0.05,0.45,1.2,20.256749048456548,861506.574971809,861506.578909962
4255,eye0,pmrnet,loop,14.50529193971306,0.02,0.2674000570550561,3.359575057402253,0.6921449676156044,0.08,0.35,0.05,0.45,1.2,20.974412021785973,861506.582996072,861506.587315431
4256,eye0,pmrnet,loop,15.384848928079009,0.02,0.267760013230145,4.4194289948791265,0.5789879942312837,0.08,0.35,0.05,0.45,1.2,22.801025930419563,861506.590997511,861506.596263935
4257,eye0,pmrnet,loop,20.663773990236223,0.02,0.3919909941032529,9.80929599609226,0.3872199449688196,0.08,0.35,0.05,0.45,1.2,33.40228092540056,861506.599021779,861506.609610816
4258,eye0,pmrnet,loop,22.895043017342687,0.02,0.3972069825977087,9.215014986693859,0.3597619943320751,0.08,0.35,0.05,0.45,1.2,35.01702698096633,861506.609939191,861506.619911677
4259,eye0,pmrnet,loop,21.38514199759811,0.02,0.37188304122537374,4.566547926515341,0.3437199629843235,0.08,0.35,0.05,0.45,1.2,28.81729292832315,861506.621188611,861506.626471102
4260,eye0,pmrnet,loop,19.871697993949056,0.02,0.27045898605138063,4.911910044029355,1.1769389966502786,0.08,0.35,0.05,0.45,1.2,28.38100602068007,861506.626667184,861506.633026793
4261,eye0,pmrnet,loop,15.617526019923389,0.02,0.2563090529292822,3.127617994323373,0.2114939270541072,0.08,0.35,0.05,0.45,1.2,21.36294699423015,861506.633246018,861506.636841686
4262,eye0,pmrnet,loop,16.160833998583257,0.02,0.3784309374168515,5.49885502550751,0.23397791665047407,0.08,0.35,0.05,0.45,1.2,24.42209787815809,861506.639342294,861506.645453887
4263,eye0,pmrnet,loop,13.700770097784698,0.02,0.2542369766160846,3.4870560048148036,0.3420360153540969,0.08,0.35,0.05,0.45,1.2,19.93409909456968,861506.646979299,861506.651062923
4264,eye0,pmrnet,loop,13.410678948275745,0.02,0.274155056104064,3.1517029274255037,0.43440202716737986,0.08,0.35,0.05,0.45,1.2,19.42093895897269,861506.654981331,861506.658841845
4265,eye0,pmrnet,loop,20.134791964665055,0.02,0.3672789316624403,9.574627038091421,0.6803339347243309,0.08,0.35,0.05,0.45,1.2,32.907031869143246,861506.663011317,861506.673634077
4266,eye0,pmrnet,loop,22.660135990008712,0.02,0.42113999370485544,9.384294971823692,0.4666839959099889,0.08,0.35,0.05,0.45,1.2,35.08225495144725,861506.673956155,861506.684228741
4267,eye0,pmrnet,loop,26.32881503086537,0.02,0.6059720180928707,9.646675898693502,0.45432301703840494,0.08,0.35,0.05,0.45,1.2,39.18578596469015,861506.685259138,861506.69596655
4269,eye0,pmrnet,loop,22.010819986462593,0.02,0.5192990647628903,10.141007951460779,0.8433089824393392,0.08,0.35,0.05,0.45,1.2,35.6644359851256,861506.696282127,861506.707786131
4270,eye0,pmrnet,loop,24.10125103779137,0.02,0.4462089855223894,8.465253980830312,0.22721895948052406,0.08,0.35,0.05,0.45,1.2,35.389932963624595,861506.708807345,861506.71794636
4271,eye0,pmrnet,loop,20.781076978892088,0.02,0.39255002047866583,3.703164984472096,0.45328098349273205,0.08,0.35,0.05,0.45,1.2,27.48007296733558,861506.718145863,861506.722695239
4272,eye0,pmrnet,loop,21.554780076257885,0.02,0.27256400790065527,7.8589069889858365,0.4426449304446578,0.08,0.35,0.05,0.45,1.2,32.27889600358903,861506.722963091,861506.731537559
4273,eye0,pmrnet,loop,24.884913000278175,0.02,0.5626659840345383,9.351875050924718,0.47209602780640125,0.08,0.35,0.05,0.45,1.2,37.42155006304383,861506.732550059,861506.742937125
4274,eye0,pmrnet,loop,26.004243991337717,0.02,0.5101639544591308,7.972636958584189,0.3988780081272125,0.08,0.35,0.05,0.45,1.2,37.03592291250825,861506.74324432,861506.75212632
4275,eye0,pmrnet,loop,29.18449300341308,0.02,0.3792480565607548,9.505426045507193,0.44760003220289946,0.08,0.35,0.05,0.45,1.2,41.66676713768393,861506.75304244,861506.763375155
4277,eye0,pmrnet,loop,23.947565001435578,0.02,0.5118829431012273,9.475192986428738,0.6181909702718258,0.08,0.35,0.05,0.45,1.2,36.70283190123737,861506.763670108,861506.774275822
4278,eye0,pmrnet,loop,27.323254966177046,0.02,0.5470979958772659,9.597817086614668,0.45578391291201115,0.08,0.35,0.05,0.45,1.2,40.07395396158099,861506.775119764,861506.785720903
4279,eye0,pmrnet,loop,28.866045991890132,0.02,0.5188430659472942,8.410766953602433,0.3826790489256382,0.08,0.35,0.05,0.45,1.2,40.3283350603655,861506.78602044,861506.795333051
4281,eye0,pmrnet,loop,20.834541996009648,0.02,1.0006519732996821,5.120382993482053,1.2096429709345102,0.08,0.35,0.05,0.45,1.2,30.315219933725892,861506.79610865,861506.803439552
4282,eye0,pmrnet,loop,16.754283918999135,0.02,0.24018192198127508,3.209457965567708,0.33492501825094223,0.08,0.35,0.05,0.45,1.2,22.68884882479906,861506.803643589,861506.80742839
4283,eye0,pmrnet,loop,17.672795918770134,0.02,0.31053496059030294,3.234570031054318,1.8765699351206422,0.08,0.35,0.05,0.45,1.2,25.244470845535396,861506.810993842,861506.816415836
4284,eye0,pmrnet,loop,17.46532297693193,0.02,0.2794569591060281,4.037084989249706,0.8789480198174715,0.08,0.35,0.05,0.45,1.2,24.810812945105134,861506.819081729,861506.824277422
4285,eye0,pmrnet,loop,17.455475055612624,0.02,0.29580399859696627,4.366101929917932,0.654343981295824,0.08,0.35,0.05,0.45,1.2,24.921724965423344,861506.827020064,861506.832336563
4286,eye0,pmrnet,loop,20.88403608649969,0.02,0.2848319709300995,8.23563092853874,0.38058601785451174,0.08,0.35,0.05,0.45,1.2,31.93508500382304,861506.834931806,861506.843833213
4287,eye0,pmrnet,loop,22.48914400115609,0.02,0.39867195300757885,7.942144991829991,0.38821296766400337,0.08,0.35,0.05,0.45,1.2,33.36817391365767,861506.844778859,861506.853508247
4288,eye0,pmrnet,loop,18.221492995508015,0.02,0.24278496857732534,3.128687967546284,0.22137491032481194,0.08,0.35,0.05,0.45,1.2,23.964340841956435,861506.853716505,861506.857309587
4289,eye0,pmrnet,loop,15.713487984612584,0.02,0.23864908143877983,3.1218749936670065,0.3923220792785287,0.08,0.35,0.05,0.45,1.2,21.616334138996898,861506.859117481,861506.862870597
4290,eye0,pmrnet,loop,22.006859071552753,0.02,0.3800089471042156,9.473093901760876,0.36108901258558035,0.08,0.35,0.05,0.45,1.2,34.371050933003424,861506.867017787,861506.877232386
4291,eye0,pmrnet,loop,24.78289499413222,0.02,0.41249103378504515,9.379151044413447,0.5148840136826038,0.08,0.35,0.05,0.45,1.2,37.239421086013316,861506.877770595,861506.888077524
4292,eye0,pmrnet,loop,28.853639028966427,0.02,0.5497150123119354,9.914634982123971,0.7627230370417237,0.08,0.35,0.05,0.45,1.2,42.230712060444056,861506.88898984,861506.900217422
4294,eye0,pmrnet,loop,23.544335970655084,0.02,0.3713390324264765,9.66863299254328,0.49856200348585844,0.08,0.35,0.05,0.45,1.2,36.2328699991107,861506.900506246,861506.911045272
4295,eye0,pmrnet,loop,26.8650040961802,0.02,0.3850869834423065,9.56348900217563,0.5677000153809786,0.08,0.35,0.05,0.45,1.2,39.53128009717911,861506.911919044,861506.922435748
4296,eye0,pmrnet,loop,26.431925012730062,0.02,0.45392708852887154,6.674337899312377,0.2200920134782791,0.08,0.35,0.05,0.45,1.2,35.93028201404959,861506.922723191,861506.930071912
4298,eye0,pmrnet,loop,21.70813095290214,0.02,0.36466598976403475,9.390055085532367,0.681350938975811,0.08,0.35,0.05,0.45,1.2,34.29420296717435,861506.931048972,861506.941485469
4299,eye0,pmrnet,loop,24.984693038277328,0.02,0.4157930379733443,9.677156922407448,0.9442140581086278,0.08,0.35,0.05,0.45,1.2,38.17185705676675,861506.941793515,861506.952831077
4300,eye0,pmrnet,loop,26.415164000354707,0.02,0.4241920541971922,7.03982706181705,0.9910690132528543,0.08,0.35,0.05,0.45,1.2,37.0202521296218,861506.953875708,861506.962331139
4301,eye0,pmrnet,loop,24.804633925668895,0.02,0.5715129664167762,4.4961689272895455,1.1739650508388877,0.08,0.35,0.05,0.45,1.2,33.1962808702141,861506.9625477,861506.968789579
4302,eye0,pmrnet,loop,21.115993964485824,0.02,0.23776001762598753,3.7138540064916015,0.22613001056015491,0.08,0.35,0.05,0.45,1.2,27.443737999163567,861506.968991987,861506.973169955
13067,eye1,pmrnet,loop,23.376976023428142,0.02,0.405561993829906,9.75555891636759,0.44340104795992374,0.08,0.35,0.05,0.45,1.2,36.13149798158556,861506.537385234,861506.547990178
13068,eye1,pmrnet,loop,25.93456907197833,0.02,0.3808339824900031,9.317102958448231,0.6040920270606875,0.08,0.35,0.05,0.45,1.2,38.38659803997725,861506.548314645,861506.558617139
13069,eye1,pmrnet,loop,30.001740087755024,0.02,0.41906104888767004,9.868439985439181,0.8782109944149852,0.08,0.35,0.05,0.45,1.2,43.31745211649686,861506.559587079,861506.57075325
13071,eye1,pmrnet,loop,24.166491930373013,0.02,0.46022795140743256,9.191032033413649,0.3458299906924367,0.08,0.35,0.05,0.45,1.2,36.31358190588653,861506.571058571,861506.581056115
13072,eye1,pmrnet,loop,28.101440984755754,0.02,0.40138198528438807,9.292268892750144,1.2761229882016778,0.08,0.35,0.05,0.45,1.2,41.22121485099196,861506.582089883,861506.593060053
13073,eye1,pmrnet,loop,24.31744697969407,0.02,0.37218607030808926,3.2112899934872985,0.4007579991593957,0.08,0.35,0.05,0.45,1.2,30.45168104264885,861506.593360908,861506.597345491
13074,eye1,pmrnet,loop,26.942591997794807,0.02,0.37955993320792913,9.679861017502844,0.43901195749640465,0.08,0.35,0.05,0.45,1.2,39.591024906001984,861506.597539906,861506.608038784
13075,eye1,pmrnet,loop,24.12195992656052,0.02,0.36784796975553036,3.415917046368122,0.5085059674456716,0.08,0.35,0.05,0.45,1.2,30.564230910129844,861506.608995363,861506.613287892
13076,eye1,pmrnet,loop,20.115172024816275,0.02,0.2786980476230383,3.176649915985763,0.40640297811478376,0.08,0.35,0.05,0.45,1.2,26.12692296653986,861506.613488258,861506.617350255
13077,eye1,pmrnet,loop,21.05844405014068,0.02,0.2901969710364938,4.01524209883064,0.6062430329620838,0.08,0.35,0.05,0.45,1.2,28.120126152969895,861506.621450616,861506.626362593
13078,eye1,pmrnet,loop,19.92740307468921,0.02,0.24377997033298016,3.5246110055595636,0.18916698172688484,0.08,0.35,0.05,0.45,1.2,26.034961032308637,861506.629342605,861506.633300418
13079,eye1,pmrnet,loop,20.585557911545038,0.02,0.2942340215668082,3.348939004354179,0.9687159908935428,0.08,0.35,0.05,0.45,1.2,27.347446928359567,861506.63741553,861506.642027661
13080,eye1,pmrnet,loop,21.44424302969128,0.02,0.29891100712120533,3.9320479845628142,1.363647053949535,0.08,0.35,0.05,0.45,1.2,29.188849075324832,861506.645361567,861506.650956396
13081,eye1,pmrnet,loop,23.80314003676176,0.02,0.39858801756054163,7.403542986139655,0.19451999105513096,0.08,0.35,0.05,0.45,1.2,33.94979103151709,861506.653387304,861506.661384317
13082,eye1,pmrnet,loop,20.12576104607433,0.02,0.2746660029515624,3.494963049888611,0.42829103767871857,0.08,0.35,0.05,0.45,1.2,26.47368113659322,861506.661577647,861506.66577584
13083,eye1,pmrnet,loop,19.469256047159433,0.02,0.2703689970076084,3.1565260142087936,0.4111198941245675,0.08,0.35,0.05,0.45,1.2,25.4572709525004,861506.669350061,861506.673188321
13084,eye1,pmrnet,loop,26.366525911726058,0.02,0.37848600186407566,9.83237405307591,0.5464870482683182,0.08,0.35,0.05,0.45,1.2,39.27387301493436,861506.677396533,861506.688154296
13085,eye1,pmrnet,loop,22.44947594590485,0.02,0.2796490443870425,3.314614063128829,0.34750497434288263,0.08,0.35,0.05,0.45,1.2,28.541244027763604,861506.688364516,861506.692306565
13086,eye1,pmrnet,loop,25.636816979385912,0.02,0.3680309746414423,9.397819987498224,0.4014339065179229,0.08,0.35,0.05,0.45,1.2,37.9541018480435,861506.693394489,861506.703562212
13089,eye1,pmrnet,loop,23.34610593970865,0.02,0.3591330023482442,7.309341104701161,0.40959997568279505,0.08,0.35,0.05,0.45,1.2,33.574180022440856,861506.717400701,861506.725479115
13090,eye1,pmrnet,loop,24.013067013584077,0.02,0.26779400650411844,7.757827057503164,0.5094099324196577,0.08,0.35,0.05,0.45,1.2,34.698098010011016,861506.725679282,861506.734214686
13091,eye1,pmrnet,loop,27.227272046729922,0.02,0.37285895086824894,9.466083953157067,0.6336469668895006,0.08,0.35,0.05,0.45,1.2,39.84986191764474,861506.735024704,861506.745497706
13092,eye1,pmrnet,loop,29.73798511084169,0.02,0.5707929376512766,9.226175025105476,0.4825090290978551,0.08,0.35,0.05,0.45,1.2,42.1674621026963,861506.745797608,861506.756077546
13093,eye1,pmrnet,loop,32.95927995350212,0.02,0.3829910419881344,9.411914041265845,0.7749320939183235,0.08,0.35,0.05,0.45,1.2,45.67911713067443,861506.75679748,861506.767367762
13095,eye1,pmrnet,loop,27.373576071113348,0.02,0.5140269640833139,9.276185068301857,0.46916096471250057,0.08,0.35,0.05,0.45,1.2,39.78294906821102,861506.767660272,861506.777920078
13098,eye1,pmrnet,loop,24.99354793690145,0.02,0.3623570082709193,9.134132997132838,0.6934930570423603,0.08,0.35,0.05,0.45,1.2,37.333530999347566,861506.78955672,861506.79974713
13099,eye1,pmrnet,loop,24.508620030246675,0.02,1.7227169591933489,3.976364969275892,1.2217049952596426,0.08,0.35,0.05,0.45,1.2,33.579406953975564,861506.80041065,861506.807331686
13100,eye1,pmrnet,loop,20.28908603824675,0.02,0.2659630263224244,3.182222950272262,0.20802498329430819,0.08,0.35,0.05,0.45,1.2,26.095296998135744,861506.807524522,861506.811180986
13101,eye1,pmrnet,loop,18.815486109815538,0.02,0.2663619816303253,3.6406199214980006,0.4836799344047904,0.08,0.35,0.05,0.45,1.2,25.356147947348653,861506.813385655,861506.817776597
13102,eye1,pmrnet,loop,17.832709942013025,0.02,0.24240498896688223,3.135790000669658,0.188011908903718,0.08,0.35,0.05,0.45,1.2,23.548916840553282,861506.821296432,861506.82486289
13105,eye1,pmrnet,loop,25.278671993874013,0.02,0.380932935513556,9.80360503308475,0.9086640784516931,0.08,0.35,0.05,0.45,1.2,38.52187404092401,861506.845421433,861506.856515052
13106,eye1,pmrnet,loop,26.405225973576307,0.02,1.331136911176145,7.204911904409528,0.36166608333587646,0.08,0.35,0.05,0.45,1.2,37.452940872497855,861506.85681259,861506.865710666
13107,eye1,pmrnet,loop,29.70882796216756,0.02,0.38736697752028704,9.407280944287777,0.5064329598098993,0.08,0.35,0.05,0.45,1.2,42.15990884378552,861506.866781723,861506.87708324
13109,eye1,pmrnet,loop,22.069378988817334,0.02,0.4092790186405182,7.202486041933298,0.37197000347077847,0.08,0.35,0.05,0.45,1.2,32.20311405286193,861506.877598349,861506.885582434
13110,eye1,pmrnet,loop,25.13223804999143,0.02,0.37216395139694214,9.213426033966243,0.4224779549986124,0.08,0.35,0.05,0.45,1.2,37.290305990353225,861506.886705336,861506.896713825
13111,eye1,pmrnet,loop,27.42915996350348,0.02,0.4002649802714586,9.226955939084291,0.44733297545462847,0.08,0.35,0.05,0.45,1.2,39.65371385831386,861506.897004514,861506.907079506
13112,eye1,pmrnet,loop,30.89828894007951,0.02,0.3836969844996929,9.53863700851798,0.6101669277995825,0.08,0.35,0.05,0.45,1.2,43.580789860896765,861506.90808484,861506.918617787
13114,eye1,pmrnet,loop,25.035272003151476,0.02,0.3689230652526021,9.170712088234723,0.4348119255155325,0.08,0.35,0.05,0.45,1.2,37.15971908215433,861506.918918398,861506.928893287
13115,eye1,pmrnet,loop,22.77043100912124,0.02,0.4071820294484496,3.8468430284410715,0.8403270039707422,0.08,0.35,0.05,0.45,1.2,30.0147830709815,861506.929602867,861506.934697485
13116,eye1,pmrnet,loop,24.03343201149255,0.02,0.2877569058910012,8.1364749930799,0.7094350876286626,0.08,0.35,0.05,0.45,1.2,35.31709899809211,861506.934895166,861506.944029174
13117,eye1,pmrnet,loop,20.056294975802302,0.02,0.2762540243566036,3.233883995562792,0.37664896808564663,0.08,0.35,0.05,0.45,1.2,26.093081963807343,861506.944234263,861506.948121354
13118,eye1,pmrnet,loop,16.95416308939457,0.02,0.2906880108639598,3.234372939914465,0.19711395725607872,0.08,0.35,0.05,0.45,1.2,22.82633799742907,861506.949365793,861506.953088212
13119,eye1,pmrnet,loop,18.17563292570412,0.02,1.4028119621798396,3.2781610498204827,0.30935590621083975,0.08,0.35,0.05,0.45,1.2,25.315961843915282,861506.957388038,861506.962378635
13120,eye1,pmrnet,loop,16.930846963077784,0.02,0.29360095504671335,3.3673510188236833,0.21570397075265646,0.08,0.35,0.05,0.45,1.2,22.957502907700835,861506.965327046,861506.969203905
13121,eye1,pmrnet,loop,24.010788998566568,0.02,0.39499904960393906,8.77966289408505,1.746875001117587,0.08,0.35,0.05,0.45,1.2,37.08232594337314,861506.973430507,861506.984352421
13122,eye1,pmrnet,loop,21.683483966626227,0.02,0.3028350183740258,4.485878976993263,0.7354620611295104,0.08,0.35,0.05,0.45,1.2,29.357660023123024,861506.984569916,861506.990094347
13124,eye1,pmrnet,loop,17.076735966838896,0.02,0.2879250096157193,3.642345080152154,0.36374502815306187,0.08,0.35,0.05,0.45,1.2,23.52075108475983,861506.997331526,861507.001625785
13125,eye1,pmrnet,loop,16.920460970140994,0.02,0.2923819702118635,3.3721720101311803,0.5104630254209042,0.08,0.35,0.05,0.45,1.2,23.24547797590494,861507.005363292,861507.009538518
13126,eye1,pmrnet,loop,23.626297945156693,0.02,0.5165319889783859,9.531209012493491,0.8387619163841009,0.08,0.35,0.05,0.45,1.2,36.66280086301267,861507.01342614,861507.024313069
13128,eye1,pmrnet,loop,17.74667203426361,0.02,0.2834650222212076,4.368526046164334,0.5503429565578699,0.08,0.35,0.05,0.45,1.2,25.09900605920702,861507.029369052,861507.034571643
4303,eye0,pmrnet,loop,20.207694033160806,0.02,0.390394008718431,4.569144919514656,0.389341963455081,0.08,0.35,0.05,0.45,1.2,27.706574924848972,861506.974981506,861506.980330727
4304,eye0,pmrnet,loop,16.49347599595785,0.02,0.2385720144957304,3.3137310529127717,0.5836019990965724,0.08,0.35,0.05,0.45,1.2,22.779381062462924,861506.980549389,861506.984685504
4305,eye0,pmrnet,loop,14.479961944743991,0.02,0.291752046905458,3.146873088553548,0.344621017575264,0.08,0.35,0.05,0.45,1.2,20.41320809777826,861506.986957482,861506.990740953
4306,eye0,pmrnet,loop,19.61680897511542,0.02,0.3847540356218815,8.320791996084154,0.21945498883724213,0.08,0.35,0.05,0.45,1.2,30.691809995658694,861506.995021499,861507.003946839
4307,eye0,pmrnet,loop,17.099707038141787,0.02,0.3048209473490715,3.777859965339303,1.2708880240097642,0.08,0.35,0.05,0.45,1.2,24.603275974839924,861507.004144462,861507.009498267
4308,eye0,pmrnet,loop,20.895031047984958,0.02,0.40236208587884903,9.474752005189657,0.45679695904254913,0.08,0.35,0.05,0.45,1.2,33.37894209809602,861507.01102836,861507.021362733
4309,eye0,pmrnet,loop,19.322991953231394,0.02,0.3658439964056015,5.130354897119105,0.7045449456200004,0.08,0.35,0.05,0.45,1.2,27.6737357923761,861507.021658966,861507.027860055
4310,eye0,pmrnet,loop,17.921144026331604,0.02,0.2958340337499976,4.515371052548289,0.7867080857977271,0.08,0.35,0.05,0.45,1.2,25.669057198427616,861507.028928942,861507.034527093
4311,eye0,pmrnet,loop,19.12101497873664,0.02,0.26575999800115824,8.212122018449008,0.37130096461623907,0.08,0.35,0.05,0.45,1.2,30.120197959803043,861507.034945775,861507.043795333
4312,eye0,pmrnet,loop,20.183608983643353,0.02,0.36926905158907175,8.233863045461476,0.22047199308872223,0.08,0.35,0.05,0.45,1.2,31.15721307378262,861507.044103458,861507.052927406
4313,eye0,pmrnet,loop,18.472430994734168,0.02,0.39631302934139967,3.9732320001348853,0.41298195719718933,0.08,0.35,0.05,0.45,1.2,25.40495798140764,861507.0545036,861507.059286483
4314,eye0,pmrnet,loop,15.658378950320184,0.02,0.23869809228926897,3.4528699470683932,1.3459980254992843,0.08,0.35,0.05,0.45,1.2,22.84594501517713,861507.059503702,861507.064541508
4315,eye0,pmrnet,loop,14.234403963200748,0.02,0.27703994419425726,3.4158919006586075,0.5392959574237466,0.08,0.35,0.05,0.45,1.2,20.616631765477358,861507.066953927,861507.07118644
4316,eye0,pmrnet,loop,20.58493799995631,0.02,0.37831394001841545,9.434913052245975,0.7183930138126016,0.08,0.35,0.05,0.45,1.2,33.26655800603331,861507.075073188,861507.085605261
4317,eye0,pmrnet,loop,23.04820902645588,0.02,0.5866489373147488,9.273063973523676,0.36398100201040506,0.08,0.35,0.05,0.45,1.2,35.42190293930471,861507.085913632,861507.096137799
4318,eye0,pmrnet,loop,26.97984001133591,0.02,0.38093002513051033,9.338004980236292,0.8375359466299415,0.08,0.35,0.05,0.45,1.2,39.68631096333265,861507.097581566,861507.108138467
4320,eye0,pmrnet,loop,21.35710301809013,0.02,0.38196996320039034,9.330961969681084,0.49386697355657816,0.08,0.35,0.05,0.45,1.2,33.71390192452818,861507.108446254,861507.118653478
4321,eye0,pmrnet,loop,24.931024061515927,0.02,0.5696919979527593,9.28726908750832,0.47495600301772356,0.08,0.35,0.05,0.45,1.2,37.41294114999473,861507.11996434,861507.130296705
4322,eye0,pmrnet,loop,27.407419052906334,0.02,0.3862029407173395,9.390255087055266,0.47973496839404106,0.08,0.35,0.05,0.45,1.2,39.81361204907298,861507.130585135,861507.140841735
4324,eye0,pmrnet,loop,21.115837967954576,0.02,0.511223915964365,7.243652013130486,0.956889009103179,0.08,0.35,0.05,0.45,1.2,31.977602906152605,861507.141976856,861507.150688995
4325,eye0,pmrnet,loop,22.430325974710286,0.02,0.2671260153874755,8.454011054709554,0.4391409456729889,0.08,0.35,0.05,0.45,1.2,33.7406039904803,861507.150911219,861507.160071838
4326,eye0,pmrnet,loop,20.43760707601905,0.02,0.9451340883970261,3.148218966089189,0.8840099908411503,0.08,0.35,0.05,0.45,1.2,27.564970121346413,861507.161171073,861507.16614876
4327,eye0,pmrnet,loop,23.02713005337864,0.02,0.28323906008154154,9.556349948979914,0.6249650614336133,0.08,0.35,0.05,0.45,1.2,35.64168412387371,861507.166341678,861507.176806563
4328,eye0,pmrnet,loop,27.058777981437743,0.02,0.4805109929293394,9.523618966341019,0.6780080730095506,0.08,0.35,0.05,0.45,1.2,39.89091601371765,861507.178224747,861507.188907352
4329,eye0,pmrnet,loop,26.06554504018277,0.02,0.36576297134160995,6.184717989526689,0.21470000501722097,0.08,0.35,0.05,0.45,1.2,34.98072600606829,861507.189218133,861507.19598366
4330,eye0,pmrnet,loop,23.431462002918124,0.02,0.24447694886475801,3.4795230021700263,0.8462350815534592,0.08,0.35,0.05,0.45,1.2,30.151697035506366,861507.196848114,861507.201418585
4331,eye0,pmrnet,loop,19.675089046359062,0.02,0.23782695643603802,3.3983989851549268,0.45804702676832676,0.08,0.35,0.05,0.45,1.2,25.919362014718352,861507.201636318,861507.205731268
4332,eye0,pmrnet,loop,17.23078393843025,0.02,0.2521580317988992,3.3825200516730547,0.7657449459657073,0.08,0.35,0.05,0.45,1.2,23.78120696786791,861507.206954605,861507.211355365
4333,eye0,pmrnet,loop,23.050272022373974,0.02,0.3790810005739331,9.373281034640968,0.4664519801735878,0.08,0.35,0.05,0.45,1.2,35.41908603776246,861507.215024996,861507.225244212
4334,eye0,pmrnet,loop,26.681720046326518,0.02,0.3828739281743765,9.394182940013707,0.5205010529607534,0.08,0.35,0.05,0.45,1.2,39.12927796747535,861507.226646439,861507.236944435
4335,eye0,pmrnet,loop,29.248093022033572,0.02,0.5039670504629612,9.19591193087399,0.6409250199794769,0.08,0.35,0.05,0.45,1.2,41.73889702335,861507.237238486,861507.24757971
4337,eye0,pmrnet,loop,18.808254972100258,0.02,0.7523550884798169,3.660920076072216,0.3355200169607997,0.08,0.35,0.05,0.45,1.2,25.70705015361309,861507.248529284,861507.253278299
4338,eye0,pmrnet,loop,16.52670104522258,0.02,0.24919898714870214,3.4739080583676696,0.33947406336665154,0.08,0.35,0.05,0.45,1.2,22.739282154105602,861507.255002953,861507.259065793
4339,eye0,pmrnet,loop,17.78651401400566,0.02,0.2679580356925726,3.3210229594260454,1.8285189289599657,0.08,0.35,0.05,0.45,1.2,25.354013938084243,861507.26297677,861507.26839454
4340,eye0,pmrnet,loop,21.940917009487748,0.02,0.37429691292345524,8.991089998744428,0.22726808674633503,0.08,0.35,0.05,0.45,1.2,33.68357200790197,861507.271024613,861507.280617621
4341,eye0,pmrnet,loop,18.89868197031319,0.02,0.29225891921669245,4.073463962413371,0.45526307076215744,0.08,0.35,0.05,0.45,1.2,25.86966792270541,861507.280823368,861507.285644592
4342,eye0,pmrnet,loop,22.220475948415697,0.02,0.37563894875347614,9.239861974492669,0.3837929107248783,0.08,0.35,0.05,0.45,1.2,34.36976978238672,861507.287035579,861507.297035359
4343,eye0,pmrnet,loop,24.952876032330096,0.02,0.8626619819551706,9.353370987810194,0.36931305658072233,0.08,0.35,0.05,0.45,1.2,37.68822205867618,861507.297250277,861507.307836049
4344,eye0,pmrnet,loop,23.45404401421547,0.02,1.7656800337135792,3.26051888987422,0.4141320241615176,0.08,0.35,0.05,0.45,1.2,31.044374961964785,861507.308966359,861507.31440697
4345,eye0,pmrnet,loop,19.78357892949134,0.02,0.28045999351888895,3.5778279416263103,0.3382009454071522,0.08,0.35,0.05,0.45,1.2,26.13006781004369,861507.314608964,861507.318805725
4346,eye0,pmrnet,loop,16.825680970214307,0.02,0.2582129091024399,3.8134868955239654,0.806909054517746,0.08,0.35,0.05,0.45,1.2,23.854289829358457,861507.319037907,861507.323916767
4347,eye0,pmrnet,loop,15.72212704923004,0.02,0.2839619992300868,3.2638689735904336,0.33451500348746777,0.08,0.35,0.05,0.45,1.2,21.754473025538026,861507.32699962,861507.330882247
4348,eye0,pmrnet,loop,20.66055906470865,0.02,0.27872505597770214,8.162482059560716,0.37265499122440815,0.08,0.35,0.05,0.45,1.2,31.624421171471475,861507.335074783,861507.343889016
4349,eye0,pmrnet,loop,24.069711100310087,0.02,0.37216697819530964,9.463111986406147,1.3386349892243743,0.08,0.35,0.05,0.45,1.2,37.39362505413592,861507.344193259,861507.355367604
4350,eye0,pmrnet,loop,20.844746963120997,0.02,0.4525940166786313,3.2134149223566055,0.22471998818218708,0.08,0.35,0.05,0.45,1.2,26.88547589033842,861507.356320947,861507.360211864
4351,eye0,pmrnet,loop,17.09087996277958,0.02,0.2556650433689356,3.296260954812169,0.5410719895735383,0.08,0.35,0.05,0.45,1.2,23.333877950534223,861507.360433766,861507.364527012
4352,eye0,pmrnet,loop,15.476190019398928,0.02,0.2734679728746414,3.287136903963983,0.4719409625977278,0.08,0.35,0.05,0.45,1.2,21.65873585883528,861507.366948435,861507.370981265
4353,eye0,pmrnet,loop,15.389867010526359,0.02,0.29256008565425873,3.2644770108163357,0.40795502718538046,0.08,0.35,0.05,0.45,1.2,21.504859134182333,861507.374999819,861507.378965026
4354,eye0,pmrnet,loop,15.802761074155569,0.02,0.27602200862020254,3.584089921787381,0.56828698143363,0.08,0.35,0.05,0.45,1.2,22.38115998599678,861507.383018144,861507.387446795
4355,eye0,pmrnet,loop,16.266872989945114,0.02,0.2737980103120208,3.8959430530667305,0.759302987717092,0.08,0.35,0.05,0.45,1.2,23.345917041040956,861507.391050725,861507.395979978
13129,eye1,pmrnet,loop,16.668119002133608,0.02,0.42525900062173605,3.3849739702418447,0.39434898644685745,0.08,0.35,0.05,0.45,1.2,23.022700959444045,861507.037357319,861507.041562128
13130,eye1,pmrnet,loop,16.631708946079016,0.02,0.281214015558362,3.338300040923059,0.5806520348414779,0.08,0.35,0.05,0.45,1.2,22.981875037401913,861507.045394124,861507.049594557
13131,eye1,pmrnet,loop,21.082047023810446,0.02,0.47419604379683733,6.666016997769475,1.5508830547332764,0.08,0.35,0.05,0.45,1.2,31.923143120110034,861507.053422296,861507.062113767
13132,eye1,pmrnet,loop,17.201754031702876,0.02,0.23927900474518538,3.3156329300254583,0.39814598858356476,0.08,0.35,0.05,0.45,1.2,23.304811955057083,861507.062349509,861507.066302766
13133,eye1,pmrnet,loop,22.47635496314615,0.02,0.3712099278345704,9.381065960042179,0.471367035061121,0.08,0.35,0.05,0.45,1.2,34.84999788608402,861507.069421376,861507.079645439
13134,eye1,pmrnet,loop,21.89123595599085,0.02,0.3874549875035882,4.836753010749817,0.3861319273710251,0.08,0.35,0.05,0.45,1.2,29.65157588161528,861507.08151919,861507.087129921
13135,eye1,pmrnet,loop,19.956414005719125,0.02,0.25105406530201435,3.290860913693905,0.3724839771166444,0.08,0.35,0.05,0.45,1.2,26.020812961831687,861507.089349798,861507.093264458
13136,eye1,pmrnet,loop,20.60418704058975,0.02,0.27256994508206844,3.376553999260068,0.953605049289763,0.08,0.35,0.05,0.45,1.2,27.356916034221648,861507.097378408,861507.101981395
13137,eye1,pmrnet,loop,20.31430311035365,0.02,0.25645492132753134,3.5078910877928138,0.6625440437346697,0.08,0.35,0.05,0.45,1.2,26.891193163208662,861507.105333272,861507.109760392
13138,eye1,pmrnet,loop,25.16007295344025,0.02,0.37754001095891,8.443883969448507,0.44068892020732164,0.08,0.35,0.05,0.45,1.2,36.572185854054986,861507.113412134,861507.122674692
13139,eye1,pmrnet,loop,25.774175999686122,0.02,0.3651039442047477,7.71462800912559,0.3116450970992446,0.08,0.35,0.05,0.45,1.2,36.3155530501157,861507.122966426,861507.13135816
13140,eye1,pmrnet,loop,28.72606902383268,0.02,0.3671039594337344,9.546889923512936,0.26873801834881306,0.08,0.35,0.05,0.45,1.2,41.05880092512816,861507.132195635,861507.142378828
13141,eye1,pmrnet,loop,29.045497067272663,0.02,3.6357679637148976,4.106182954274118,0.43820205610245466,0.08,0.35,0.05,0.45,1.2,39.37565004136413,861507.142586594,861507.150767058
13142,eye1,pmrnet,loop,25.84626991301775,0.02,0.276240985840559,3.2652619993314147,0.5139160202816129,0.08,0.35,0.05,0.45,1.2,32.051688918471335,861507.151581681,861507.155637306
13143,eye1,pmrnet,loop,22.006651968695223,0.02,0.28947799000889063,3.432614030316472,0.3061490133404732,0.08,0.35,0.05,0.45,1.2,28.184893002361058,861507.155838056,861507.159866618
13144,eye1,pmrnet,loop,25.531413033604622,0.02,0.4346900386735797,9.102188982069492,0.4959589568898082,0.08,0.35,0.05,0.45,1.2,37.7142510112375,861507.161426553,861507.171459878
13145,eye1,pmrnet,loop,22.740925080142915,0.02,0.2682739868760109,3.4122240031138062,0.3153850557282567,0.08,0.35,0.05,0.45,1.2,28.886808125860988,861507.172742823,861507.176738946
13146,eye1,pmrnet,loop,19.78668908122927,0.02,0.28879393357783556,3.6203990457579494,0.4849740071222186,0.08,0.35,0.05,0.45,1.2,26.33085606768727,861507.177458742,861507.181853281
13147,eye1,pmrnet,loop,25.476258946582675,0.02,0.37093297578394413,9.276384022086859,0.5355969769880176,0.08,0.35,0.05,0.45,1.2,37.809172921441494,861507.185428839,861507.195612104
13148,eye1,pmrnet,loop,27.99194201361388,0.02,0.35761308390647173,9.13684198167175,0.33640896435827017,0.08,0.35,0.05,0.45,1.2,39.97280604355037,861507.196365005,861507.206196339
13150,eye1,pmrnet,loop,30.296371085569263,0.02,0.38092397153377533,9.394934982992709,0.4468979313969612,0.08,0.35,0.05,0.45,1.2,42.669127971492706,861507.21441564,861507.224638818
13153,eye1,pmrnet,loop,27.16359600890428,0.02,0.37539005279541016,9.353638044558465,0.43349701445549726,0.08,0.35,0.05,0.45,1.2,39.47612112071365,861507.235550128,861507.245713076
13154,eye1,pmrnet,loop,26.599879027344286,0.02,0.4241610877215862,5.972575978375971,0.7940049981698394,0.08,0.35,0.05,0.45,1.2,35.94062109161168,861507.2460276,861507.253218713
13155,eye1,pmrnet,loop,24.276533047668636,0.02,0.2483429852873087,3.4715660149231553,1.2170699192211032,0.08,0.35,0.05,0.45,1.2,31.3635119671002,861507.254027409,861507.258964635
13156,eye1,pmrnet,loop,20.004263962619007,0.02,0.2684100763872266,3.1284900614991784,0.19116001203656197,0.08,0.35,0.05,0.45,1.2,25.742324112541972,861507.25917291,861507.262761238
13158,eye1,pmrnet,loop,18.394713988527656,0.02,0.2798539353534579,3.2644340535625815,0.3627290716394782,0.08,0.35,0.05,0.45,1.2,24.451731049083172,861507.273382583,861507.277289864
13159,eye1,pmrnet,loop,24.686568067409098,0.02,0.3778469981625676,9.523884044028819,0.32728398218750954,0.08,0.35,0.05,0.45,1.2,37.06558309178799,861507.281421818,861507.291651196
13160,eye1,pmrnet,loop,20.73649689555168,0.02,0.2703970531001687,3.217533929273486,0.40690996684134007,0.08,0.35,0.05,0.45,1.2,26.781337844766675,861507.291875391,861507.295770427
13161,eye1,pmrnet,loop,24.621351971291006,0.02,0.377018004655838,9.36585699673742,0.5880800308659673,0.08,0.35,0.05,0.45,1.2,37.10230700355023,861507.297392046,861507.307723523
13162,eye1,pmrnet,loop,27.802514960058033,0.02,0.43966597877442837,10.05426305346191,0.4284160677343607,0.08,0.35,0.05,0.45,1.2,40.87486006002873,861507.308051012,861507.318973863
13163,eye1,pmrnet,loop,26.182731962762773,0.02,1.0493509471416473,4.124231054447591,0.18732494208961725,0.08,0.35,0.05,0.45,1.2,33.693638906441635,861507.320062626,861507.325423791
13164,eye1,pmrnet,loop,23.476266069337726,0.02,0.24992204271256924,3.8803369970992208,1.0274079395458102,0.08,0.35,0.05,0.45,1.2,30.783933048695324,861507.32562834,861507.330786287
13165,eye1,pmrnet,loop,19.326004898175597,0.02,0.26542507112026215,3.266211017034948,0.19010191317647696,0.08,0.35,0.05,0.45,1.2,25.197742899507283,861507.330983081,861507.334705093
13166,eye1,pmrnet,loop,17.813332960940897,0.02,0.24858606047928333,3.300434094853699,0.34210202284157276,0.08,0.35,0.05,0.45,1.2,23.85445513911545,861507.337370068,861507.341261431
13167,eye1,pmrnet,loop,18.134998041205108,0.02,0.27978105936199427,3.2771349651739,0.7626339793205261,0.08,0.35,0.05,0.45,1.2,24.604548045061527,861507.345332303,861507.34965209
13168,eye1,pmrnet,loop,18.644071999005973,0.02,0.26442890521138906,3.4784129820764065,1.1323100188747048,0.08,0.35,0.05,0.45,1.2,25.669223905168472,861507.353354573,861507.358229941
13169,eye1,pmrnet,loop,23.79052189644426,0.02,0.37849508225917816,9.27793001756072,0.36554899998009205,0.08,0.35,0.05,0.45,1.2,35.96249599624425,861507.36142267,861507.371445136
13170,eye1,pmrnet,loop,25.93584591522813,0.02,0.40076905861496925,9.18353907763958,0.3340039402246475,0.08,0.35,0.05,0.45,1.2,38.004157991707324,861507.371740567,861507.381659318
13171,eye1,pmrnet,loop,26.782033033668995,0.02,0.5974770756438375,7.1955290623009205,0.19091798458248377,0.08,0.35,0.05,0.45,1.2,36.915957156196235,861507.382590891,861507.390575117
13172,eye1,pmrnet,loop,24.16205604095012,0.02,0.40004204493016005,4.538782988674939,0.31274091452360153,0.08,0.35,0.05,0.45,1.2,31.56362198907882,861507.390772185,861507.396024079
13173,eye1,pmrnet,loop,20.485237007960677,0.02,0.2630550879985094,3.2366770319640636,0.6950129754841328,0.08,0.35,0.05,0.45,1.2,26.82998210340738,861507.396221234,861507.400416247
13174,eye1,pmrnet,loop,17.370395944453776,0.02,0.2454329514876008,3.305262071080506,0.4676990211009979,0.08,0.35,0.05,0.45,1.2,23.53878998812288,861507.401351798,861507.405370426
13175,eye1,pmrnet,loop,17.43672403972596,0.02,0.25024591013789177,3.4288540482521057,0.4780960734933615,0.08,0.35,0.05,0.45,1.2,23.743920071609317,861507.409348294,861507.413505736
13177,eye1,pmrnet,loop,23.254760075360537,0.02,0.3748460439965129,9.328734944574535,0.3288040170446038,0.08,0.35,0.05,0.45,1.2,35.43714508097619,861507.425428357,861507.435461191
13179,eye1,pmrnet,loop,29.095971025526524,0.02,0.38934696931391954,10.186686995439231,0.5336729809641838,0.08,0.35,0.05,0.45,1.2,42.35567797124386,861507.44633037,861507.457440507
13181,eye1,pmrnet,loop,23.563230060972273,0.02,0.3675880143418908,9.202610002830625,0.7404070347547531,0.08,0.35,0.05,0.45,1.2,36.02383511289954,861507.45773461,861507.46804562
13182,eye1,pmrnet,loop,27.367211994715035,0.02,1.251620939001441,9.244287968613207,0.4465690581128001,0.08,0.35,0.05,0.45,1.2,40.45968996044248,861507.468975733,861507.479918658
13183,eye1,pmrnet,loop,29.547723941504955,0.02,0.38238102570176125,9.210470947436988,0.3409970086067915,0.08,0.35,0.05,0.45,1.2,41.631572923250495,861507.480233683,861507.490167953
13185,eye1,pmrnet,loop,24.443367030471563,0.02,0.43470796663314104,9.326342027634382,0.33583701588213444,0.08,0.35,0.05,0.45,1.2,36.69025404062122,861507.491104679,861507.501201989
13186,eye1,pmrnet,loop,26.672590989619493,0.02,0.36898197140544653,9.22767398878932,0.4127130378037691,0.08,0.35,0.05,0.45,1.2,38.83195998761803,861507.501490183,861507.511500037
4356,eye0,pmrnet,loop,21.670780959539115,0.02,0.3881520824506879,9.595039999112487,0.385866966098547,0.08,0.35,0.05,0.45,1.2,34.189840007200836,861507.399082505,861507.409451976
4357,eye0,pmrnet,loop,24.71044205594808,0.02,0.5932899657636881,9.584913961589336,0.6189669948071241,0.08,0.35,0.05,0.45,1.2,37.657612978108226,861507.409763386,861507.420560985
4358,eye0,pmrnet,loop,21.72375109512359,0.02,0.29472995083779097,3.231924958527088,0.24153501726686954,0.08,0.35,0.05,0.45,1.2,27.641941021755336,861507.421875265,861507.425643672
4359,eye0,pmrnet,loop,17.953907954506576,0.02,0.25828799698501825,3.408599062822759,0.4210909828543663,0.08,0.35,0.05,0.45,1.2,24.19188599716872,861507.425854715,861507.429942978
4360,eye0,pmrnet,loop,15.203073970042169,0.02,0.26772695127874613,3.3685590606182814,0.63245405908674,0.08,0.35,0.05,0.45,1.2,21.621814041025935,861507.43099215,861507.435261146
4361,eye0,pmrnet,loop,14.829691033810377,0.02,0.2903370186686516,3.3003879943862557,0.3883539466187358,0.08,0.35,0.05,0.45,1.2,20.95876999348402,861507.438977419,861507.44295679
4362,eye0,pmrnet,loop,15.516564017161727,0.02,0.28497795574367046,3.5433979937806726,0.9079619776457548,0.08,0.35,0.05,0.45,1.2,22.402901944331823,861507.446975958,861507.451712511
4363,eye0,pmrnet,loop,15.770044061355293,0.02,0.24579500313848257,4.385842010378838,0.3937280271202326,0.08,0.35,0.05,0.45,1.2,22.945409101992844,861507.455009349,861507.460035095
4364,eye0,pmrnet,loop,15.514654922299087,0.02,0.3774890210479498,3.657244029454887,0.7575330091640353,0.08,0.35,0.05,0.45,1.2,22.456920981965958,861507.463056121,861507.467848759
4365,eye0,pmrnet,loop,14.67563200276345,0.02,0.27311104349792004,3.4359480487182736,0.4027059767395258,0.08,0.35,0.05,0.45,1.2,20.937397071719168,861507.470966599,861507.475078641
4366,eye0,pmrnet,loop,19.894420984201133,0.02,0.27730001602321863,8.627202943898737,0.48946007154881954,0.08,0.35,0.05,0.45,1.2,31.438384015671907,861507.478971177,861507.488365479
4367,eye0,pmrnet,loop,24.46944103576243,0.02,0.45409402810037136,9.578973054885864,0.8091420168057084,0.08,0.35,0.05,0.45,1.2,37.46165013555437,861507.490167175,861507.501009847
4368,eye0,pmrnet,loop,26.987444958649576,0.02,0.38211001083254814,9.430380072444677,0.44485798571258783,0.08,0.35,0.05,0.45,1.2,39.39479302763939,861507.501339118,861507.511596861
4370,eye0,pmrnet,loop,22.590743959881365,0.02,0.4380190512165427,9.515502955764532,0.3929799422621727,0.08,0.35,0.05,0.45,1.2,35.08724590912461,861507.512991859,861507.523338771
4371,eye0,pmrnet,loop,19.16824607178569,0.02,0.28010609094053507,3.5516261123120785,0.5952650681138039,0.08,0.35,0.05,0.45,1.2,25.745243343152104,861507.523558009,861507.527985268
4372,eye0,pmrnet,loop,15.084398095495999,0.02,0.26493100449442863,3.1395970145240426,0.3816490061581135,0.08,0.35,0.05,0.45,1.2,21.020575120672582,861507.528184051,861507.531970468
4373,eye0,pmrnet,loop,14.327362994663417,0.02,0.24340697564184666,3.6332369782030582,0.42101205326616764,0.08,0.35,0.05,0.45,1.2,20.77501900177449,861507.534984642,861507.539282531
4374,eye0,pmrnet,loop,18.237298005260527,0.02,0.3729300806298852,7.208168040961027,0.6381659768521786,0.08,0.35,0.05,0.45,1.2,28.606562103703617,861507.543041642,861507.551261247
4375,eye0,pmrnet,loop,14.960755011998117,0.02,0.2496789675205946,3.2985929865390062,0.4428939428180456,0.08,0.35,0.05,0.45,1.2,21.101920908875762,861507.55206231,861507.556053716
4376,eye0,pmrnet,loop,13.503669993951917,0.02,0.26467302814126015,3.195130964741111,0.23423507809638977,0.08,0.35,0.05,0.45,1.2,19.347709064930676,861507.558971352,861507.562665728
4377,eye0,pmrnet,loop,14.38972691539675,0.02,0.26577897369861603,4.041721927933395,0.34249399323016405,0.08,0.35,0.05,0.45,1.2,21.189721810258924,861507.56697057,861507.571620819
4378,eye0,pmrnet,loop,19.17024701833725,0.02,0.3775060176849365,7.048518978990614,1.9794519757851958,0.08,0.35,0.05,0.45,1.2,30.725723990797995,861507.575064229,861507.584470068
4379,eye0,pmrnet,loop,17.81959703657776,0.02,1.0791330132633448,4.323291941545904,1.1038939701393247,0.08,0.35,0.05,0.45,1.2,26.475915961526333,861507.584681743,861507.59118831
4380,eye0,pmrnet,loop,14.180746977217495,0.02,0.25195395573973656,3.2257360871881247,0.22019504103809595,0.08,0.35,0.05,0.45,1.2,20.02863206118345,861507.591920675,861507.595618736
4381,eye0,pmrnet,loop,13.366280007176101,0.02,0.2530360361561179,3.193301963619888,0.4622440319508314,0.08,0.35,0.05,0.45,1.2,19.424862038902937,861507.598964545,861507.602873366
4382,eye0,pmrnet,loop,14.563038013875484,0.02,0.2533990191295743,3.5828909603878856,1.3161690440028906,0.08,0.35,0.05,0.45,1.2,21.865497037395834,861507.606986368,861507.612139147
4383,eye0,pmrnet,loop,13.828116934746504,0.02,0.26185507886111736,3.8869959535077214,0.34284789580851793,0.08,0.35,0.05,0.45,1.2,20.46981586292386,861507.614981006,861507.619473022
4384,eye0,pmrnet,loop,13.408047030679882,0.02,0.276023056358099,3.4461700124666095,0.42257492896169424,0.08,0.35,0.05,0.45,1.2,19.702815028466283,861507.622977135,861507.627122131
4385,eye0,pmrnet,loop,13.398310984484851,0.02,0.28634106274694204,3.5683560417965055,0.3463240573182702,0.08,0.35,0.05,0.45,1.2,19.749332146346568,861507.630980126,861507.635181432
4386,eye0,pmrnet,loop,12.893028906546533,0.02,0.2514120424166322,3.306939033791423,0.22022298071533442,0.08,0.35,0.05,0.45,1.2,18.82160296346992,861507.638966304,861507.642745108
4387,eye0,pmrnet,loop,18.851198023185134,0.02,0.4457120085135102,4.315998055972159,1.014848006889224,0.08,0.35,0.05,0.45,1.2,26.777756094560026,861507.650995269,861507.656772103
4388,eye0,pmrnet,loop,18.246890045702457,0.02,0.2514299703761935,4.440763033926487,0.5487180314958096,0.08,0.35,0.05,0.45,1.2,25.637801081500946,861507.658995818,861507.664236961
4389,eye0,pmrnet,loop,17.102305078879,0.02,0.2728239633142948,3.4076860174536705,0.49883394967764616,0.08,0.35,0.05,0.45,1.2,23.43164900932461,861507.666981789,861507.671161387
4390,eye0,pmrnet,loop,17.08515000063926,0.02,0.2519700210541487,3.318932023830712,0.6335200741887093,0.08,0.35,0.05,0.45,1.2,23.439572119712828,861507.675008584,861507.679213208
4391,eye0,pmrnet,loop,17.90364901535213,0.02,0.2557040425017476,3.4959380282089114,1.3700349954888225,0.08,0.35,0.05,0.45,1.2,25.17532608155161,861507.682978723,861507.688100649
4392,eye0,pmrnet,loop,17.576414975337684,0.02,0.26678794529289007,3.2484630355611444,1.3516449835151434,0.08,0.35,0.05,0.45,1.2,24.59331093970686,861507.690976306,861507.695843459
4393,eye0,pmrnet,loop,16.840921016409993,0.02,0.25163195095956326,3.410436096601188,0.5155469989404082,0.08,0.35,0.05,0.45,1.2,23.16853606291115,861507.69899918,861507.703177031
4394,eye0,pmrnet,loop,16.53981301933527,0.02,0.24603703059256077,3.2914920011535287,0.454688910394907,0.08,0.35,0.05,0.45,1.2,22.682030961476265,861507.706952426,861507.710944888
4395,eye0,pmrnet,loop,16.608582925982773,0.02,0.28627505525946617,3.3036370296031237,0.49739296082407236,0.08,0.35,0.05,0.45,1.2,22.845887971669434,861507.71499504,861507.719082619
4396,eye0,pmrnet,loop,16.386582981795073,0.02,0.2818489447236061,3.3330749720335007,0.3403370501473546,0.08,0.35,0.05,0.45,1.2,22.491843948699533,861507.722974106,861507.726929623
4397,eye0,pmrnet,loop,22.52558304462582,0.02,0.3723209956660867,9.306650958023965,0.37547305691987276,0.08,0.35,0.05,0.45,1.2,34.73002805523574,861507.731082843,861507.741137719
4398,eye0,pmrnet,loop,20.348086021840572,0.02,1.7639589495956898,3.580124001018703,0.34756993409246206,0.08,0.35,0.05,0.45,1.2,28.189738906547426,861507.741337165,861507.747029076
4399,eye0,pmrnet,loop,18.561233999207616,0.02,0.30038191471248865,3.713754005730152,0.5909920437261462,0.08,0.35,0.05,0.45,1.2,25.3163619633764,861507.748705815,861507.753311167
4400,eye0,pmrnet,loop,16.285704914480448,0.02,0.2533870283514261,3.315902082249522,0.5147290648892522,0.08,0.35,0.05,0.45,1.2,22.519723089970647,861507.755020449,861507.759104702
4401,eye0,pmrnet,loop,16.132439021021128,0.02,0.29844697564840317,3.3126930939033628,0.376418000087142,0.08,0.35,0.05,0.45,1.2,22.269997090660034,861507.763032708,861507.767020507
4402,eye0,pmrnet,loop,21.743215969763696,0.02,0.8564949966967106,8.60776100307703,0.22569694556295872,0.08,0.35,0.05,0.45,1.2,33.5831689151004,861507.771009734,861507.780699912
4403,eye0,pmrnet,loop,24.926492013037205,0.02,0.3037309506908059,10.109127033501863,0.6248410791158676,0.08,0.35,0.05,0.45,1.2,38.11419107634574,861507.780913762,861507.791951786
4404,eye0,pmrnet,loop,25.674430886283517,0.02,0.39595901034772396,6.200270028784871,1.0710469214245677,0.08,0.35,0.05,0.45,1.2,35.49170684684068,861507.793101564,861507.800769246
4405,eye0,pmrnet,loop,26.58991701900959,0.02,0.370507943443954,7.980945985764265,0.34041109029203653,0.08,0.35,0.05,0.45,1.2,37.431782038509844,861507.801061636,861507.809753849
4406,eye0,pmrnet,loop,30.022711027413607,0.02,0.3958719316869974,9.568791021592915,0.46474195551127195,0.08,0.35,0.05,0.45,1.2,42.60211593620479,861507.810825873,861507.821255708
13187,eye1,pmrnet,loop,30.405279947444797,0.02,0.44602900743484497,9.458775050006807,0.42036606464535,0.08,0.35,0.05,0.45,1.2,42.8804500695318,861507.512976184,861507.5233018
13189,eye1,pmrnet,loop,25.58411401696503,0.02,1.5619409969076514,9.123842930421233,0.32240990549325943,0.08,0.35,0.05,0.45,1.2,38.742307849787174,861507.52361001,861507.53461873
13190,eye1,pmrnet,loop,28.499121079221368,0.02,0.36925298627465963,9.326463914476335,0.43333997018635273,0.08,0.35,0.05,0.45,1.2,40.778177950158714,861507.535472679,861507.545602145
13191,eye1,pmrnet,loop,31.06414503417909,0.02,0.3651099978014827,9.511427953839302,0.45541301369667053,0.08,0.35,0.05,0.45,1.2,43.546095999516545,861507.545904674,861507.55623711
13192,eye1,pmrnet,loop,28.840162907727063,0.02,0.2558929845690727,4.20690409373492,0.6942390464246273,0.08,0.35,0.05,0.45,1.2,36.14719903245568,861507.556924954,861507.562082262
13193,eye1,pmrnet,loop,24.858898017555475,0.02,0.26114494539797306,3.4414699766784906,0.18996908329427242,0.08,0.35,0.05,0.45,1.2,30.90148202292621,861507.562277134,861507.566169947
13194,eye1,pmrnet,loop,22.1459090244025,0.02,0.2659430028870702,4.10670496057719,0.7916010217741132,0.08,0.35,0.05,0.45,1.2,29.46015800964087,861507.566361435,861507.571525956
13195,eye1,pmrnet,loop,22.27149799000472,0.02,0.37248595617711544,5.543400999158621,0.3932820400223136,0.08,0.35,0.05,0.45,1.2,30.730666985362767,861507.573410788,861507.579720316
13196,eye1,pmrnet,loop,19.923709915019572,0.02,0.26179500855505466,3.2840409548953176,0.5048909224569798,0.08,0.35,0.05,0.45,1.2,26.124436800926922,861507.581390784,861507.585441832
13197,eye1,pmrnet,loop,20.96132200676948,0.02,0.2716659801080823,3.2820930937305093,1.5868169721215963,0.08,0.35,0.05,0.45,1.2,28.251898052729665,861507.589407003,861507.594547863
13198,eye1,pmrnet,loop,25.644885026849806,0.02,0.3647319972515106,9.211175027303398,0.30600198078900576,0.08,0.35,0.05,0.45,1.2,37.67679403219372,861507.597418132,861507.607300475
13199,eye1,pmrnet,loop,22.447639028541744,0.02,0.41779596358537674,3.2577109523117542,0.3082489129155874,0.08,0.35,0.05,0.45,1.2,28.58139485735446,861507.608189243,861507.612173265
13200,eye1,pmrnet,loop,21.603271015919745,0.02,0.28485595248639584,4.664718057028949,1.0906750103458762,0.08,0.35,0.05,0.45,1.2,29.793520035780965,861507.613357794,861507.619398282
13201,eye1,pmrnet,loop,20.378896966576576,0.02,0.2696129959076643,3.9111810037866235,0.7275349926203489,0.08,0.35,0.05,0.45,1.2,27.43722595889121,861507.621334221,861507.626242908
13202,eye1,pmrnet,loop,21.146336919628084,0.02,0.26064994744956493,3.968207980506122,1.5033470699563622,0.08,0.35,0.05,0.45,1.2,29.02854191754013,861507.629346966,861507.635079415
13203,eye1,pmrnet,loop,20.442822948098183,0.02,0.27787708677351475,3.88031592592597,0.9260729420930147,0.08,0.35,0.05,0.45,1.2,27.67708890289068,861507.637360338,861507.642444916
13204,eye1,pmrnet,loop,19.112157984636724,0.02,0.28356898110359907,3.1452049734070897,0.38582796696573496,0.08,0.35,0.05,0.45,1.2,25.076759906113146,861507.645368403,861507.649183223
13205,eye1,pmrnet,loop,19.11648001987487,0.02,0.41888596024364233,3.176343976520002,0.31538703478872776,0.08,0.35,0.05,0.45,1.2,25.17709699142724,861507.653345577,861507.657256442
13206,eye1,pmrnet,loop,18.7141930218786,0.02,0.2604000037536025,3.1377000268548727,0.1863929210230708,0.08,0.35,0.05,0.45,1.2,24.448685973510145,861507.66133851,861507.664923252
13207,eye1,pmrnet,loop,25.003904942423105,0.02,0.3750389441847801,9.129134006798267,0.3437830600887537,0.08,0.35,0.05,0.45,1.2,37.001860953494905,861507.669433521,861507.679281819
13208,eye1,pmrnet,loop,23.22561596520245,0.02,0.3588179824873805,3.412183024920523,1.685800962150097,0.08,0.35,0.05,0.45,1.2,30.83241793476045,861507.680115627,861507.685572638
13209,eye1,pmrnet,loop,19.04423499945551,0.02,0.29048905707895756,3.199618076905608,0.19226991571485996,0.08,0.35,0.05,0.45,1.2,24.876612049154936,861507.685777548,861507.689460167
13210,eye1,pmrnet,loop,18.779205973260105,0.02,0.29220792930573225,3.4168330021202564,0.2125870669260621,0.08,0.35,0.05,0.45,1.2,24.850833971612154,861507.6933424,861507.697264284
13211,eye1,pmrnet,loop,24.799808976240456,0.02,0.3781470004469156,9.22301399987191,0.32593298237770796,0.08,0.35,0.05,0.45,1.2,36.87690295893699,861507.701425895,861507.711353431
13212,eye1,pmrnet,loop,26.083873002789915,0.02,0.3616830799728632,8.509667008183897,0.19088201224803925,0.08,0.35,0.05,0.45,1.2,37.29610510319471,861507.711644234,861507.720706785
13213,eye1,pmrnet,loop,24.135088082402945,0.02,0.703735975548625,3.8362499326467514,1.037003006786108,0.08,0.35,0.05,0.45,1.2,31.862076997384428,861507.721249707,861507.726826932
13214,eye1,pmrnet,loop,19.85131308902055,0.02,0.2674829447641969,3.1305699376389384,0.18727709539234638,0.08,0.35,0.05,0.45,1.2,25.58664306681603,861507.72702668,861507.730612289
13215,eye1,pmrnet,loop,18.470636918209493,0.02,0.3153859870508313,3.276412026025355,0.3616099711507559,0.08,0.35,0.05,0.45,1.2,24.574044902436434,861507.733347012,861507.737300701
13216,eye1,pmrnet,loop,20.02340496983379,0.02,0.2867899602279067,3.9214249700307846,1.3192238984629512,0.08,0.35,0.05,0.45,1.2,27.700843798555432,861507.741394575,861507.746922324
13217,eye1,pmrnet,loop,24.30142101366073,0.02,0.2702659694477916,9.174967999570072,0.4094709875062108,0.08,0.35,0.05,0.45,1.2,36.3061259701848,861507.749413976,861507.759269012
13218,eye1,pmrnet,loop,26.28546708729118,0.02,0.3761700354516506,9.015980991534889,0.35956897772848606,0.08,0.35,0.05,0.45,1.2,38.187187092006205,861507.759569918,861507.769322053
13219,eye1,pmrnet,loop,23.64717796444893,0.02,0.40049897506833076,3.538569901138544,0.4675870295614004,0.08,0.35,0.05,0.45,1.2,30.203833870217203,861507.770346125,861507.774753091
13220,eye1,pmrnet,loop,20.606525009498,0.02,0.2720799529924989,4.150489927269518,0.4088680725544691,0.08,0.35,0.05,0.45,1.2,27.587962962314485,861507.774949753,861507.77978145
13221,eye1,pmrnet,loop,18.945957999676466,0.02,0.26687001809477806,3.713264944963157,0.7927319966256618,0.08,0.35,0.05,0.45,1.2,25.86882495936006,861507.781417041,861507.786190129
13222,eye1,pmrnet,loop,17.685535014607012,0.02,0.2746250247582793,3.1260830583050847,0.1830100081861019,0.08,0.35,0.05,0.45,1.2,23.419253105856477,861507.789414741,861507.792998733
13223,eye1,pmrnet,loop,17.638719058595598,0.02,0.2728130202740431,3.1490870751440525,0.1890730345621705,0.08,0.35,0.05,0.45,1.2,23.399692188575862,861507.797409549,861507.801020819
13224,eye1,pmrnet,loop,18.20244698319584,0.02,0.2799381036311388,3.4634050680324435,0.48735307063907385,0.08,0.35,0.05,0.45,1.2,24.583143225498496,861507.805422475,861507.80965346
13225,eye1,pmrnet,loop,25.282146991230547,0.02,0.4055330064147711,10.249393060803413,0.683925929479301,0.08,0.35,0.05,0.45,1.2,38.77099898792803,861507.813462289,861507.824801627
13226,eye1,pmrnet,loop,27.54753001499921,0.02,0.4754990804940462,9.104375028982759,0.4487039986997843,0.08,0.35,0.05,0.45,1.2,39.7261081231758,861507.825107095,861507.835136134
13227,eye1,pmrnet,loop,26.80891309864819,0.02,0.4235520027577877,5.937298992648721,0.1955259358510375,0.08,0.35,0.05,0.45,1.2,35.515290029905735,861507.835910018,861507.842466831
13228,eye1,pmrnet,loop,23.312835954129696,0.02,0.2537849359214306,3.5826610401272774,0.5351739237084985,0.08,0.35,0.05,0.45,1.2,29.8344558538869,861507.842667798,861507.847039638
13229,eye1,pmrnet,loop,19.849378033541143,0.02,0.27808407321572304,3.452796023339033,0.6719159428030252,0.08,0.35,0.05,0.45,1.2,26.402174072898923,861507.8472421,861507.851645186
13230,eye1,pmrnet,loop,18.658902030438185,0.02,0.2709788968786597,4.082330968230963,0.7533589377999306,0.08,0.35,0.05,0.45,1.2,25.915570833347736,861507.853417046,861507.858523967
13231,eye1,pmrnet,loop,17.051059985533357,0.02,0.24354702327400446,3.2022150699049234,0.18970808014273643,0.08,0.35,0.05,0.45,1.2,22.83653015885502,861507.861349425,861507.864985125
13232,eye1,pmrnet,loop,17.3958670347929,0.02,0.25302194990217686,3.4120859345421195,0.19140192307531834,0.08,0.35,0.05,0.45,1.2,23.402376842312513,861507.869542002,861507.873398913
13233,eye1,pmrnet,loop,22.978859022259712,0.02,0.7711240323260427,8.495453977957368,0.4349580267444253,0.08,0.35,0.05,0.45,1.2,34.83039505928755,861507.87734834,861507.887050239
13234,eye1,pmrnet,loop,26.491904049180448,0.02,0.39623305201530457,9.247298003174365,0.3223220119252801,0.08,0.35,0.05,0.45,1.2,38.607757116295396,861507.888666166,861507.898632469
13235,eye1,pmrnet,loop,24.30197806097567,0.02,0.3703760448843241,5.030837957747281,0.18824997823685408,0.08,0.35,0.05,0.45,1.2,32.04144204184413,861507.898922141,861507.90451194
13236,eye1,pmrnet,loop,25.204115081578493,0.02,0.37098804023116827,7.6151639223098755,0.1939539797604084,0.08,0.35,0.05,0.45,1.2,35.534221023879944,861507.905302426,861507.913482893
13237,eye1,pmrnet,loop,27.074313955381513,0.02,0.27396902441978455,9.153330000117421,0.3090159734711051,0.08,0.35,0.05,0.45,1.2,38.96062895338982,861507.913684874,861507.923421579
4408,eye0,pmrnet,loop,18.7262250110507,0.02,0.6415699608623981,3.2244970789179206,0.36652199923992157,0.08,0.35,0.05,0.45,1.2,25.10881405007094,861507.821864348,861507.826097266
4409,eye0,pmrnet,loop,15.47739200759679,0.02,0.2777830231934786,3.179255989380181,0.39029994513839483,0.08,0.35,0.05,0.45,1.2,21.474730965308844,861507.827069979,861507.830917549
4410,eye0,pmrnet,loop,15.901232953183353,0.02,0.2937960671260953,3.342446987517178,0.6927810609340668,0.08,0.35,0.05,0.45,1.2,22.38025706876069,861507.835080937,861507.839410212
4411,eye0,pmrnet,loop,21.71490201726556,0.02,0.3905829507857561,9.37262095976621,0.4053610609844327,0.08,0.35,0.05,0.45,1.2,34.033466988801955,861507.843123816,861507.853292856
4412,eye0,pmrnet,loop,18.97538802586496,0.02,0.25392009411007166,4.050152027048171,0.33954798709601164,0.08,0.35,0.05,0.45,1.2,25.76900813411921,861507.853978543,861507.85862238
4413,eye0,pmrnet,loop,16.566278995014727,0.02,0.24881900753825903,4.284057999029756,0.6133989663794637,0.08,0.35,0.05,0.45,1.2,23.862554967962204,861507.859135888,861507.864282393
4414,eye0,pmrnet,loop,16.37074991595,0.02,0.27251197025179863,3.21598001755774,1.6411369433626533,0.08,0.35,0.05,0.45,1.2,23.65037884712219,861507.867025844,861507.87215576
4415,eye0,pmrnet,loop,17.509707948192954,0.02,0.37135800812393427,5.3327459609135985,0.6283350521698594,0.08,0.35,0.05,0.45,1.2,25.992146969400345,861507.875030854,861507.881363632
4416,eye0,pmrnet,loop,14.95715498458594,0.02,0.24999806191772223,3.141390043310821,0.5300670163705945,0.08,0.35,0.05,0.45,1.2,21.028610106185077,861507.882958482,861507.886880161
4417,eye0,pmrnet,loop,14.92167601827532,0.02,0.2681910991668701,3.280631033703685,0.37229200825095177,0.08,0.35,0.05,0.45,1.2,20.992790159396826,861507.890992363,861507.894913716
4418,eye0,pmrnet,loop,15.831260941922665,0.02,0.2666360232979059,3.650423022918403,0.9951989632099867,0.08,0.35,0.05,0.45,1.2,22.89351895134896,861507.898979898,861507.903892393
4419,eye0,pmrnet,loop,14.723691972903907,0.02,0.27152104303240776,3.1823429744690657,0.41470699943602085,0.08,0.35,0.05,0.45,1.2,20.7422629898414,861507.906984838,861507.910853763
4420,eye0,pmrnet,loop,15.168012003414333,0.02,0.28153706807643175,3.542714985087514,0.5324580706655979,0.08,0.35,0.05,0.45,1.2,21.674722127243875,861507.915009819,861507.919366772
4421,eye0,pmrnet,loop,21.15233801305294,0.02,0.38083805702626705,9.638654999434948,0.3286119317635894,0.08,0.35,0.05,0.45,1.2,33.65044300127775,861507.923071711,861507.933420201
4422,eye0,pmrnet,loop,24.21084395609796,0.02,0.5949989426881075,9.59099701140076,0.7460330380126834,0.08,0.35,0.05,0.45,1.2,37.29287294819951,861507.933614683,861507.944547164
4423,eye0,pmrnet,loop,22.837057011201978,0.02,0.2868970623239875,3.4145930549129844,1.4063069829717278,0.08,0.35,0.05,0.45,1.2,30.094854111410676,861507.946134593,861507.951242792
4424,eye0,pmrnet,loop,25.20188596099615,0.02,0.38869993295520544,9.411032078787684,0.33620698377490044,0.08,0.35,0.05,0.45,1.2,37.48782495651394,861507.951540101,861507.961676511
4425,eye0,pmrnet,loop,28.727704077027738,0.02,0.5668019875884056,9.292888920754194,0.3930119564756751,0.08,0.35,0.05,0.45,1.2,41.13040694184601,861507.963018589,861507.973271729
4427,eye0,pmrnet,loop,19.4592229090631,0.02,2.6541679399088025,3.4262760309502482,0.5875979550182819,0.08,0.35,0.05,0.45,1.2,28.277264834940432,861507.973472743,861507.980141106
4428,eye0,pmrnet,loop,16.27468003425747,0.02,0.2547020558267832,3.180157975293696,0.6489220540970564,0.08,0.35,0.05,0.45,1.2,22.508462119475006,861507.980941748,861507.985025748
4429,eye0,pmrnet,loop,14.187783002853394,0.02,0.24208903778344393,3.361912094987929,0.37945108488202095,0.08,0.35,0.05,0.45,1.2,20.321235220506786,861507.987024126,861507.991007845
4430,eye0,pmrnet,loop,14.523993013426661,0.02,0.2455470385029912,3.4760149428620934,0.6837559631094337,0.08,0.35,0.05,0.45,1.2,21.07931095790118,861507.995007482,861507.999413045
4431,eye0,pmrnet,loop,21.074226940982044,0.02,0.3679069923236966,9.317623917013407,1.190454000607133,0.08,0.35,0.05,0.45,1.2,34.100211850926286,861508.003154966,861508.014031379
4432,eye0,pmrnet,loop,22.757105994969606,0.02,0.8477299707010388,8.358354098163545,0.24111196398735046,0.08,0.35,0.05,0.45,1.2,34.35430202782154,861508.014336656,861508.023784222
4433,eye0,pmrnet,loop,22.751881973817945,0.02,0.7119629299268126,5.3043540101498365,0.3723349655047059,0.08,0.35,0.05,0.45,1.2,31.290533879399298,861508.025459917,861508.031848948
4434,eye0,pmrnet,loop,21.218048059381545,0.02,0.2511140191927552,5.6222089333459735,0.43329200707376003,0.08,0.35,0.05,0.45,1.2,29.674663018994032,861508.032077079,861508.038383993
4435,eye0,pmrnet,loop,17.44656008668244,0.02,0.25940302293747663,3.379366942681372,0.43867703061550856,0.08,0.35,0.05,0.45,1.2,23.674007082916795,861508.038603608,861508.04268146
4436,eye0,pmrnet,loop,14.590378967113793,0.02,0.27073093224316835,3.4083749633282423,0.5271959817036986,0.08,0.35,0.05,0.45,1.2,20.9466808443889,861508.043687762,861508.047894312
4437,eye0,pmrnet,loop,13.549503986723721,0.02,0.2694058930501342,3.2848709961399436,0.3447550116106868,0.08,0.35,0.05,0.45,1.2,19.598535887524484,861508.051023262,861508.054922522
4438,eye0,pmrnet,loop,13.57923203613609,0.02,0.2823970280587673,3.3143371110782027,0.38595404475927353,0.08,0.35,0.05,0.45,1.2,19.711920220032333,861508.059038353,861508.063021269
4439,eye0,pmrnet,loop,14.55830899067223,0.02,0.2806109841912985,4.352304968051612,0.44446007814258337,0.08,0.35,0.05,0.45,1.2,21.785685021057724,861508.066991759,861508.072069367
4440,eye0,pmrnet,loop,13.233708101324737,0.02,0.2792190061882138,3.295307978987694,0.2215139102190733,0.08,0.35,0.05,0.45,1.2,19.179748996719717,861508.075017553,861508.07881385
4441,eye0,pmrnet,loop,13.303771964274347,0.02,0.2962070284411311,3.3360659144818783,0.3348949830979109,0.08,0.35,0.05,0.45,1.2,19.420939890295266,861508.082985494,861508.086952903
4442,eye0,pmrnet,loop,20.349891972728074,0.02,0.3902759635820985,9.949965053237975,0.6321469554677606,0.08,0.35,0.05,0.45,1.2,33.47227994501591,861508.091094231,861508.102067075
4443,eye0,pmrnet,loop,22.6568829966709,0.02,0.36563200410455465,9.243351989425719,0.4652950447052717,0.08,0.35,0.05,0.45,1.2,34.881162034906446,861508.102368881,861508.112443611
4444,eye0,pmrnet,loop,26.442680042237043,0.02,0.47266099136322737,9.549643960781395,0.48910907935351133,0.08,0.35,0.05,0.45,1.2,39.104094073735176,861508.113786394,861508.12429823
4445,eye0,pmrnet,loop,28.834436903707683,0.02,0.3710150485858321,9.344992926344275,0.4452969878911972,0.08,0.35,0.05,0.45,1.2,41.14574186652899,861508.124597347,861508.134759141
4447,eye0,pmrnet,loop,23.879918036982417,0.02,1.0255699744448066,8.725887979380786,0.3465600311756134,0.08,0.35,0.05,0.45,1.2,36.12793602198362,861508.135844453,861508.14594281
4448,eye0,pmrnet,loop,21.819481044076383,0.02,0.26025099214166403,4.368776921182871,1.1412149760872126,0.08,0.35,0.05,0.45,1.2,29.73972393348813,861508.14618086,861508.151951348
4449,eye0,pmrnet,loop,25.14505200088024,0.02,0.3952750703319907,9.463921072892845,0.5088651087135077,0.08,0.35,0.05,0.45,1.2,37.66311325281858,861508.152977344,861508.163345796
4450,eye0,pmrnet,loop,27.38208696246147,0.02,0.3942099865525961,9.252074058167636,0.35013502929359674,0.08,0.35,0.05,0.45,1.2,39.5285060364753,861508.163654959,861508.17365181
4451,eye0,pmrnet,loop,30.524609028361738,0.02,0.5484609864652157,9.361364995129406,0.37364393938332796,0.08,0.35,0.05,0.45,1.2,42.958078949339686,861508.174579063,861508.184862996
4453,eye0,pmrnet,loop,25.019304011948407,0.02,0.7957179332152009,9.151155943982303,0.37893198896199465,0.08,0.35,0.05,0.45,1.2,37.495109878107904,861508.185169659,861508.195495914
4454,eye0,pmrnet,loop,27.232722961343825,0.02,0.5052470369264483,7.479356019757688,1.055623055435717,0.08,0.35,0.05,0.45,1.2,38.42294907346368,861508.196738297,861508.205778862
4455,eye0,pmrnet,loop,22.979503963142633,0.02,0.2606830094009638,3.107892000116408,0.24127098731696606,0.08,0.35,0.05,0.45,1.2,28.73934995997697,861508.205984238,861508.209594378
4456,eye0,pmrnet,loop,20.068982033990324,0.02,0.2766969846561551,4.338263999670744,0.3399250563234091,0.08,0.35,0.05,0.45,1.2,27.17386807464063,861508.209797864,861508.214752984
4457,eye0,pmrnet,loop,20.268019987270236,0.02,0.25804596953094006,6.756238988600671,0.3694460028782487,0.08,0.35,0.05,0.45,1.2,29.801750948280095,861508.215636576,861508.223020623
4458,eye0,pmrnet,loop,19.176438101567328,0.02,0.3635260509327054,5.9740160359069705,0.3419850254431367,0.08,0.35,0.05,0.45,1.2,28.00596521385014,861508.223318559,861508.22999842
4459,eye0,pmrnet,loop,17.75025692768395,0.02,0.25613908655941486,4.313112003728747,1.0130410082638264,0.08,0.35,0.05,0.45,1.2,25.482549026235937,861508.231058766,861508.236641278
4460,eye0,pmrnet,loop,22.559434990398586,0.02,0.3774830838665366,9.35867300722748,0.6935589481145144,0.08,0.35,0.05,0.45,1.2,35.139150029607116,861508.239088378,861508.249518537
13238,eye1,pmrnet,loop,29.748728964477777,0.02,0.40272902697324753,8.5569869261235,0.26717199943959713,0.08,0.35,0.05,0.45,1.2,41.12561691701412,861507.924938618,861507.934165864
13240,eye1,pmrnet,loop,17.86226499825716,0.02,0.2774939639493823,3.3999249571934342,0.3776430385187268,0.08,0.35,0.05,0.45,1.2,24.067326957918702,861507.934363043,861507.938418385
13241,eye1,pmrnet,loop,16.645079012960196,0.02,0.2478329697623849,3.190579009242356,0.49214798491448164,0.08,0.35,0.05,0.45,1.2,22.725638976879416,861507.941339226,861507.945270066
13242,eye1,pmrnet,loop,17.0982409035787,0.02,0.2697790041565895,3.482755972072482,0.669547007419169,0.08,0.35,0.05,0.45,1.2,23.670322887226938,861507.94936973,861507.953792056
13243,eye1,pmrnet,loop,16.64986601099372,0.02,0.266052084043622,3.2880579819902778,0.4803600022569299,0.08,0.35,0.05,0.45,1.2,22.834336079284547,861507.957377949,861507.961412689
13244,eye1,pmrnet,loop,16.54984604101628,0.02,0.3218760248273611,3.3412419725209475,0.3555439179763198,0.08,0.35,0.05,0.45,1.2,22.718507956340908,861507.965362561,861507.96938153
13245,eye1,pmrnet,loop,24.30384501349181,0.02,0.3843309823423624,10.64891496207565,0.7218900136649609,0.08,0.35,0.05,0.45,1.2,38.20898097157478,861507.973448033,861507.985203625
13246,eye1,pmrnet,loop,26.452951948158443,0.02,0.38931495510041714,9.1745899990201,0.33779407385736704,0.08,0.35,0.05,0.45,1.2,38.504650976136325,861507.98552028,861507.995422485
13247,eye1,pmrnet,loop,29.11577292252332,0.02,0.3796149976551533,8.880874025635421,0.43962697964161634,0.08,0.35,0.05,0.45,1.2,40.96588892545551,861507.99645429,861508.006154773
13248,eye1,pmrnet,loop,25.188682950101793,0.02,0.2784689422696829,3.306693979538977,0.3610140411183238,0.08,0.35,0.05,0.45,1.2,31.284859913028775,861508.006350184,861508.01029666
13249,eye1,pmrnet,loop,20.97416401375085,0.02,0.2713259309530258,3.1941740307956934,0.19455899018794298,0.08,0.35,0.05,0.45,1.2,26.784222965687512,861508.010490914,861508.014151214
13250,eye1,pmrnet,loop,20.04513202700764,0.02,0.24853693321347237,3.3018330577760935,0.36921293940395117,0.08,0.35,0.05,0.45,1.2,26.114714957401155,861508.017371502,861508.02129132
13251,eye1,pmrnet,loop,22.66947994939983,0.02,0.2808020217344165,5.8812740026041865,0.4147019935771823,0.08,0.35,0.05,0.45,1.2,31.396257967315613,861508.025406965,861508.031984086
13252,eye1,pmrnet,loop,26.545220986008644,0.02,0.37731591146439314,9.70419601071626,0.3683200338855386,0.08,0.35,0.05,0.45,1.2,39.145052942074834,861508.033477552,861508.043927817
13253,eye1,pmrnet,loop,29.629998956806958,0.02,0.427386024966836,9.934180998243392,0.4313939716666937,0.08,0.35,0.05,0.45,1.2,42.57295995168388,861508.044288312,861508.055081762
13254,eye1,pmrnet,loop,32.75023598689586,0.02,0.5486260633915663,9.582199971191585,0.250208075158298,0.08,0.35,0.05,0.45,1.2,45.281270096637314,861508.055890862,861508.066272272
13256,eye1,pmrnet,loop,22.205043002031744,0.02,0.44494401663541794,3.385875024832785,1.5642349608242512,0.08,0.35,0.05,0.45,1.2,29.750097004324196,861508.066469549,861508.07186484
13258,eye1,pmrnet,loop,21.08783507719636,0.02,0.29905897099524736,3.390965983271599,1.8111929530277848,0.08,0.35,0.05,0.45,1.2,28.73905298449099,861508.081384399,861508.086885838
13259,eye1,pmrnet,loop,19.95750004425645,0.02,0.288418959826231,3.700033063068986,0.46490400563925505,0.08,0.35,0.05,0.45,1.2,26.56085607279092,861508.089370312,861508.093824061
13260,eye1,pmrnet,loop,19.73673899192363,0.02,0.3796420060098171,3.4348720218986273,0.4316900158300996,0.08,0.35,0.05,0.45,1.2,26.132943035662173,861508.097426226,861508.101672772
13261,eye1,pmrnet,loop,24.070195970125496,0.02,0.25113706942647696,8.221730939112604,0.2259609755128622,0.08,0.35,0.05,0.45,1.2,34.91902495417744,861508.105375993,861508.114075075
13262,eye1,pmrnet,loop,27.133331983350217,0.02,0.3871459048241377,9.340823045931756,0.3636470064520836,0.08,0.35,0.05,0.45,1.2,39.374947940558194,861508.115114772,861508.125206816
13263,eye1,pmrnet,loop,30.564487096853554,0.02,1.6717449761927128,9.227545000612736,0.3044980112463236,0.08,0.35,0.05,0.45,1.2,43.918275084905325,861508.125502783,861508.136707022
13265,eye1,pmrnet,loop,23.553813924081624,0.02,0.3662860253825784,7.271877024322748,0.6078870501369238,0.08,0.35,0.05,0.45,1.2,33.94986402392387,861508.137588415,861508.145834818
13266,eye1,pmrnet,loop,21.659791003912687,0.02,0.24774193298071623,4.986205021850765,0.7438540924340487,0.08,0.35,0.05,0.45,1.2,29.787592051178216,861508.146031662,861508.152009741
13267,eye1,pmrnet,loop,24.680381058715284,0.02,0.39854191709309816,8.750000037252903,0.4631170304492116,0.08,0.35,0.05,0.45,1.2,36.442040043510495,861508.15348746,861508.163099459
13269,eye1,pmrnet,loop,18.851886969059706,0.02,0.2744809025898576,3.2698260620236397,0.5064859287813306,0.08,0.35,0.05,0.45,1.2,25.052679862454532,861508.169357895,861508.17340893
13270,eye1,pmrnet,loop,18.710943986661732,0.02,0.27031300123780966,3.329539089463651,0.36963203456252813,0.08,0.35,0.05,0.45,1.2,24.83042811192572,861508.177367323,861508.181337066
13271,eye1,pmrnet,loop,24.302302044816315,0.02,0.4199559334665537,8.661648025736213,0.444430042989552,0.08,0.35,0.05,0.45,1.2,35.97833604700863,861508.185470814,861508.194997217
13272,eye1,pmrnet,loop,20.930806058458984,0.02,0.27166493237018585,3.543836995959282,0.6528440862894058,0.08,0.35,0.05,0.45,1.2,27.549152073077856,861508.195225927,861508.199694509
13273,eye1,pmrnet,loop,19.009413896128535,0.02,0.3786690067499876,3.4853159449994564,0.4601689288392663,0.08,0.35,0.05,0.45,1.2,25.483567776717244,861508.201517679,861508.205842244
13274,eye1,pmrnet,loop,19.75619501899928,0.02,0.26047707069665194,3.9220290491357446,1.1296470183879137,0.08,0.35,0.05,0.45,1.2,27.218348157219587,861508.209345432,861508.21465788
13275,eye1,pmrnet,loop,18.307278980500996,0.02,0.2956710522994399,3.2301770988851786,0.3824279410764575,0.08,0.35,0.05,0.45,1.2,24.36555507276207,861508.217369712,861508.22127825
13276,eye1,pmrnet,loop,18.85469607077539,0.02,0.31320599373430014,3.2532119657844305,0.9342019911855459,0.08,0.35,0.05,0.45,1.2,25.505316021479665,861508.225393936,861508.229894807
13277,eye1,pmrnet,loop,18.07549607474357,0.02,0.24566496722400188,3.348647034727037,0.19380589947104454,0.08,0.35,0.05,0.45,1.2,24.01361397616565,861508.233396139,861508.237184507
13278,eye1,pmrnet,loop,18.099408014677465,0.02,0.25802396703511477,3.2664049649611115,0.36693201400339603,0.08,0.35,0.05,0.45,1.2,24.140768960677086,861508.241385881,861508.245277522
13279,eye1,pmrnet,loop,24.613240035250783,0.02,0.3819010453298688,9.549392038024962,0.4763919860124588,0.08,0.35,0.05,0.45,1.2,37.17092510461807,861508.249451505,861508.259859625
13280,eye1,pmrnet,loop,22.81017997302115,0.02,0.472904066555202,4.431023029610515,0.9149919496849179,0.08,0.35,0.05,0.45,1.2,30.779099018871783,861508.260308031,861508.266127217
13281,eye1,pmrnet,loop,20.26059606578201,0.02,0.24485797621309757,4.342125961557031,0.3345869481563568,0.08,0.35,0.05,0.45,1.2,27.332166951708494,861508.266724722,861508.271646575
13282,eye1,pmrnet,loop,17.651149886660278,0.02,0.2590109361335635,3.1485320068895817,0.31182204838842154,0.08,0.35,0.05,0.45,1.2,23.520514878071843,861508.273386483,861508.277106144
13283,eye1,pmrnet,loop,18.08120298665017,0.02,0.27288100682199,3.5910169826820493,0.3491831012070179,0.08,0.35,0.05,0.45,1.2,24.444284077361225,861508.281391734,861508.285605116
13284,eye1,pmrnet,loop,19.88371496554464,0.02,0.386588042601943,4.765919991768897,0.7988510187715292,0.08,0.35,0.05,0.45,1.2,27.98507401868701,861508.289525119,861508.29547684
13285,eye1,pmrnet,loop,25.320040993392467,0.02,1.4810439897701144,9.660791023634374,0.3808969631791115,0.08,0.35,0.05,0.45,1.2,38.992772969976066,861508.297458159,861508.308981337
13286,eye1,pmrnet,loop,28.805791051127017,0.02,0.559362000785768,9.523957967758179,0.44164201244711876,0.08,0.35,0.05,0.45,1.2,41.48075303211808,861508.310010659,861508.32053605
13287,eye1,pmrnet,loop,26.44690894521773,0.02,0.3823500592261553,4.639527993276715,0.3759240498766303,0.08,0.35,0.05,0.45,1.2,33.99471104759723,861508.320848652,861508.326246819
13288,eye1,pmrnet,loop,25.97263699863106,0.02,0.37666503340005875,5.784481996670365,0.6214019376784563,0.08,0.35,0.05,0.45,1.2,34.90518596637994,861508.327058569,861508.333841504
13289,eye1,pmrnet,loop,28.137110988609493,0.02,0.3714740741997957,9.124272968620062,0.470029073767364,0.08,0.35,0.05,0.45,1.2,40.25288710519671,861508.334108702,861508.344074934
13290,eye1,pmrnet,loop,31.56882803887129,0.02,0.37971301935613155,9.400053997524083,0.6106781074777246,0.08,0.35,0.05,0.45,1.2,44.109273163229226,861508.345184306,861508.355575217
13292,eye1,pmrnet,loop,20.91041998937726,0.02,0.3310450119897723,3.7401189329102635,1.089617027901113,0.08,0.35,0.05,0.45,1.2,28.221200962178408,861508.355894484,861508.36105555
13293,eye1,pmrnet,loop,22.674239007756114,0.02,0.39595901034772396,6.371367955580354,1.54884101357311,0.08,0.35,0.05,0.45,1.2,33.1404069872573,861508.362571572,861508.370888103
4461,eye0,pmrnet,loop,25.481914053671062,0.02,0.3906800411641598,9.389599086716771,0.2584399189800024,0.08,0.35,0.05,0.45,1.2,37.670633100531994,861508.250471751,861508.260510866
4462,eye0,pmrnet,loop,23.425283026881516,0.02,0.2556949621066451,4.054891993291676,0.6343639688566327,0.08,0.35,0.05,0.45,1.2,30.52023395113647,861508.26157828,861508.266523439
4463,eye0,pmrnet,loop,20.408937940374017,0.02,0.280875014141202,3.2202929724007845,1.328752958215773,0.08,0.35,0.05,0.45,1.2,27.388858885131775,861508.26674595,861508.271576128
4464,eye0,pmrnet,loop,17.820948036387563,0.02,0.24040101561695337,3.9334279717877507,1.0907829273492098,0.08,0.35,0.05,0.45,1.2,25.235559951141475,861508.271792246,861508.277057058
4465,eye0,pmrnet,loop,17.633773968555033,0.02,0.3009659703820944,3.324743011035025,2.3072289768606424,0.08,0.35,0.05,0.45,1.2,25.716711926832794,861508.279005608,861508.28493876
4466,eye0,pmrnet,loop,20.206550019793212,0.02,0.4030620912089944,7.688952959142625,0.3450650256127119,0.08,0.35,0.05,0.45,1.2,30.793630095757543,861508.287143091,861508.295580473
4467,eye0,pmrnet,loop,16.64675702340901,0.02,0.2460199175402522,3.44646698795259,0.5732069257646799,0.08,0.35,0.05,0.45,1.2,23.06245085466653,861508.295823834,861508.300089752
4468,eye0,pmrnet,loop,15.641720965504646,0.02,0.30696403700858355,3.385037067346275,0.4000440239906311,0.08,0.35,0.05,0.45,1.2,21.883766093850134,861508.303061528,861508.307153766
4469,eye0,pmrnet,loop,21.914339042268693,0.02,0.38953195326030254,9.665793040767312,0.371037982404232,0.08,0.35,0.05,0.45,1.2,34.49070201870054,861508.311067888,861508.321494755
4470,eye0,pmrnet,loop,24.552489980123937,0.02,0.39314699824899435,9.475111030042171,0.5245049251243472,0.08,0.35,0.05,0.45,1.2,37.09525293353945,861508.321809311,861508.332202534
4471,eye0,pmrnet,loop,29.37618107534945,0.02,1.6662200214341283,9.449333068914711,0.37864502519369125,0.08,0.35,0.05,0.45,1.2,43.02037919089198,861508.333600099,861508.345094722
4473,eye0,pmrnet,loop,23.70150899514556,0.02,0.45202800538390875,9.366953978314996,0.3481890307739377,0.08,0.35,0.05,0.45,1.2,36.0186800096184,861508.345391807,861508.355559302
4474,eye0,pmrnet,loop,21.198545000515878,0.02,0.5090150516480207,3.4229030134156346,0.3431749064475298,0.08,0.35,0.05,0.45,1.2,27.623637972027062,861508.356850178,861508.361125537
4475,eye0,pmrnet,loop,17.542048008181155,0.02,0.30380499083548784,3.4089459804818034,0.5031160544604063,0.08,0.35,0.05,0.45,1.2,23.90791503395885,861508.361322011,861508.365538112
4476,eye0,pmrnet,loop,14.922789065167308,0.02,0.29904802795499563,3.345655044540763,0.33845799043774605,0.08,0.35,0.05,0.45,1.2,21.05595012810081,861508.367004445,861508.370987873
4477,eye0,pmrnet,loop,15.095219016075134,0.02,0.2655960852280259,3.4228540025651455,0.5250499816611409,0.08,0.35,0.05,0.45,1.2,21.458719085529445,861508.375015603,861508.379229322
4478,eye0,pmrnet,loop,21.03001403156668,0.02,0.3878020215779543,9.425670956261456,0.32178196124732494,0.08,0.35,0.05,0.45,1.2,33.31526897065342,861508.383096842,861508.393232572
4479,eye0,pmrnet,loop,23.885610979050398,0.02,0.6587159587070346,9.261867962777615,0.7775899721309543,0.08,0.35,0.05,0.45,1.2,36.733784872666,861508.39345851,861508.404157024
4480,eye0,pmrnet,loop,28.65139301866293,0.02,0.38698106072843075,9.619907010346651,0.851693912409246,0.08,0.35,0.05,0.45,1.2,41.659975002147256,861508.40613275,861508.416991795
4482,eye0,pmrnet,loop,23.02980492822826,0.02,0.38179708644747734,9.133348008617759,0.696722068823874,0.08,0.35,0.05,0.45,1.2,35.39167209211737,861508.417296174,861508.427508461
4483,eye0,pmrnet,loop,22.307986044324934,0.02,0.3913219552487135,3.822833998128772,0.8848479483276606,0.08,0.35,0.05,0.45,1.2,29.55698994603008,861508.429756724,861508.43485607
4484,eye0,pmrnet,loop,18.590616062283516,0.02,0.27455994859337807,3.532328992150724,0.3403379814699292,0.08,0.35,0.05,0.45,1.2,24.887842984497546,861508.435060231,861508.439207684
4485,eye0,pmrnet,loop,14.76412802003324,0.02,0.2702389610931277,3.352703060954809,0.4263890441507101,0.08,0.35,0.05,0.45,1.2,20.963459086231886,861508.439400696,861508.443450305
4486,eye0,pmrnet,loop,14.374758931808174,0.02,0.26798597536981106,3.242088947445154,0.5765090463683009,0.08,0.35,0.05,0.45,1.2,20.61134290099144,861508.447042878,861508.451129739
4487,eye0,pmrnet,loop,19.334635930135846,0.02,0.3866839688271284,7.103003095835447,1.5172959538176656,0.08,0.35,0.05,0.45,1.2,30.491618948616086,861508.455151443,861508.464158749
4488,eye0,pmrnet,loop,17.246437957510352,0.02,0.25911699049174786,4.626085981726646,0.8936580270528793,0.08,0.35,0.05,0.45,1.2,25.175298956781624,861508.464360445,861508.470139581
4489,eye0,pmrnet,loop,13.766332995146513,0.02,0.29982300475239754,3.177564009092748,0.2153890673071146,0.08,0.35,0.05,0.45,1.2,19.609109076298772,861508.471035367,861508.474728401
4490,eye0,pmrnet,loop,15.32758492976427,0.02,0.27058704290539026,4.250298021361232,0.8237009169533849,0.08,0.35,0.05,0.45,1.2,22.822170910984276,861508.479013502,861508.484358382
4491,eye0,pmrnet,loop,13.940518023446202,0.02,0.29840797651559114,3.273639944382012,0.4499630304053426,0.08,0.35,0.05,0.45,1.2,20.112528974749146,861508.487018207,861508.491040474
4492,eye0,pmrnet,loop,15.276791993528605,0.02,0.2604569308459759,4.3872479582205415,0.7779119769111276,0.08,0.35,0.05,0.45,1.2,22.852408859506248,861508.495019597,861508.500445438
4493,eye0,pmrnet,loop,17.816873034462333,0.02,0.3919509472325444,7.044738973490894,0.4769759252667427,0.08,0.35,0.05,0.45,1.2,27.880538880452512,861508.503141039,861508.511055026
4494,eye0,pmrnet,loop,21.560496068559587,0.02,0.3719970118254423,9.663325035944581,0.4998359363526106,0.08,0.35,0.05,0.45,1.2,34.24565405268222,861508.512331154,861508.52286672
4495,eye0,pmrnet,loop,23.628856986761093,0.02,0.5638229195028543,8.97939398419112,0.22481405176222324,0.08,0.35,0.05,0.45,1.2,35.54688794221729,861508.523236455,861508.533004855
4496,eye0,pmrnet,loop,21.286731003783643,0.02,0.31156500335782766,3.2690949738025665,0.5569159984588623,0.08,0.35,0.05,0.45,1.2,27.5743069794029,861508.534594095,861508.538731905
4497,eye0,pmrnet,loop,24.596997071057558,0.02,0.290293013677001,9.48990706820041,1.4012299943715334,0.08,0.35,0.05,0.45,1.2,37.9284271473065,861508.53892863,861508.550110395
4499,eye0,pmrnet,loop,21.832633996382356,0.02,1.864262972958386,9.660643059760332,0.6048569921404123,0.08,0.35,0.05,0.45,1.2,36.112397021241485,861508.551353963,861508.563484181
4500,eye0,pmrnet,loop,23.939713020808995,0.02,0.3792389761656523,9.148094919510186,0.3453369718044996,0.08,0.35,0.05,0.45,1.2,35.96238388828933,861508.563787245,861508.573660368
4502,eye0,pmrnet,loop,15.696882968768477,0.02,0.7800109451636672,3.2040480291470885,0.23008196149021387,0.08,0.35,0.05,0.45,1.2,22.061023904569446,861508.577341515,861508.581555921
4503,eye0,pmrnet,loop,23.646690067835152,0.02,1.0796149726957083,9.231518022716045,0.25011005345731974,0.08,0.35,0.05,0.45,1.2,36.357933116704224,861508.587012782,861508.597574422
4504,eye0,pmrnet,loop,23.527386016212404,0.02,0.4456000169739127,6.130738998763263,0.2390509471297264,0.08,0.35,0.05,0.45,1.2,32.492775979079305,861508.59870837,861508.605524109
4505,eye0,pmrnet,loop,26.515517965890467,0.02,0.3779199905693531,9.774062084034085,0.6164259975776076,0.08,0.35,0.05,0.45,1.2,39.43392603807151,861508.605812337,861508.616581176
4506,eye0,pmrnet,loop,24.174683960154653,0.02,0.2980040153488517,3.4776240354403853,0.3509250236675143,0.08,0.35,0.05,0.45,1.2,30.451237034611403,861508.618182978,861508.6223098
4507,eye0,pmrnet,loop,20.81986202392727,0.02,0.263578025624156,3.5658020060509443,0.6518039153888822,0.08,0.35,0.05,0.45,1.2,27.451045970991252,861508.62254253,861508.627023932
4508,eye0,pmrnet,loop,18.13544996548444,0.02,0.26277604047209024,4.228856996633112,0.6717090727761388,0.08,0.35,0.05,0.45,1.2,25.44879207536578,861508.627245084,861508.632408641
4509,eye0,pmrnet,loop,18.16869096364826,0.02,0.2776109613478184,4.548829980194569,0.6221500225365162,0.08,0.35,0.05,0.45,1.2,25.76728192772716,861508.635061946,861508.640510784
4510,eye0,pmrnet,loop,17.808567034080625,0.02,0.266192015260458,4.254812025465071,0.6886529736220837,0.08,0.35,0.05,0.45,1.2,25.168224048428236,861508.643009767,861508.648219676
4511,eye0,pmrnet,loop,18.051597056910396,0.02,0.273626996204257,4.503553966060281,0.737316906452179,0.08,0.35,0.05,0.45,1.2,25.71609492562711,861508.651016884,861508.656531637
4512,eye0,pmrnet,loop,17.72432599682361,0.02,0.2656129654496908,4.244989948347211,0.7404800271615386,0.08,0.35,0.05,0.45,1.2,25.125408937782048,861508.659022116,861508.664273447
4513,eye0,pmrnet,loop,25.236980989575386,0.02,2.273012069053948,9.885235107503831,0.6084520136937499,0.08,0.35,0.05,0.45,1.2,40.153680179826914,861508.667088942,861508.679855979
4514,eye0,pmrnet,loop,28.616620926186442,0.02,1.4653339749202132,9.37990506645292,0.37596793845295906,0.08,0.35,0.05,0.45,1.2,41.987827906012534,861508.680082202,861508.691303893
13294,eye1,pmrnet,loop,20.735668018460274,0.02,0.7256240351125598,3.562033991329372,1.2531019747257233,0.08,0.35,0.05,0.45,1.2,28.426428019627927,861508.371476995,861508.377018104
13295,eye1,pmrnet,loop,23.40938209090382,0.02,0.3734120400622487,9.39239701256156,0.5025109276175499,0.08,0.35,0.05,0.45,1.2,35.827702071145175,861508.377491625,861508.387760442
13297,eye1,pmrnet,loop,17.170425038784742,0.02,0.316670979373157,3.4312669886276126,0.41511794552206993,0.08,0.35,0.05,0.45,1.2,23.48348095230758,861508.393497058,861508.397660438
13298,eye1,pmrnet,loop,16.538199968636036,0.02,0.2883239649236202,3.1966620590537786,0.19351497758179903,0.08,0.35,0.05,0.45,1.2,22.366700970195232,861508.401418362,861508.405097167
13300,eye1,pmrnet,loop,23.00866798032075,0.02,0.37749402690678835,6.9450659211725,0.22906798403710127,0.08,0.35,0.05,0.45,1.2,32.71029591243714,861508.420153685,861508.427705673
13301,eye1,pmrnet,loop,26.462874026037753,0.02,0.4330739611759782,9.34708898421377,0.7162420079112053,0.08,0.35,0.05,0.45,1.2,39.109278979338704,861508.428731437,861508.439228379
13302,eye1,pmrnet,loop,29.47755204513669,0.02,0.3697240026667714,9.135382948443294,1.2805500300601125,0.08,0.35,0.05,0.45,1.2,42.413209026306866,861508.439526009,861508.450312088
13304,eye1,pmrnet,loop,24.030271102674305,0.02,0.3910419763997197,8.950612973421812,0.3734129713848233,0.08,0.35,0.05,0.45,1.2,35.89533902388066,861508.451283921,861508.460999372
13305,eye1,pmrnet,loop,21.60558896139264,0.02,0.6234099855646491,3.443216090090573,1.3783390168100595,0.08,0.35,0.05,0.45,1.2,29.20055405385792,861508.461202367,861508.466647573
13306,eye1,pmrnet,loop,17.529960023239255,0.02,0.26112899649888277,3.1970780109986663,0.3389950143173337,0.08,0.35,0.05,0.45,1.2,23.477162045054136,861508.466843539,861508.470641032
13307,eye1,pmrnet,loop,28.632343979552388,0.02,1.5212559374049306,9.920013952068985,0.90965093113482,0.08,0.35,0.05,0.45,1.2,43.13326480016112,861508.477459649,861508.489811178
13308,eye1,pmrnet,loop,25.74211999308318,0.02,0.3060039598494768,3.7342460127547383,0.2194639528170228,0.08,0.35,0.05,0.45,1.2,32.151833918504416,861508.490731186,861508.494991206
13309,eye1,pmrnet,loop,22.583341924473643,0.02,0.32753904815763235,3.240128979086876,1.0977541096508503,0.08,0.35,0.05,0.45,1.2,29.398764061369,861508.495235763,861508.499901429
13310,eye1,pmrnet,loop,26.054076966829598,0.02,0.37526199594140053,9.240988991223276,0.3240270307287574,0.08,0.35,0.05,0.45,1.2,38.14435498472303,861508.50149981,861508.511440526
13311,eye1,pmrnet,loop,29.171440051868558,0.02,0.3692450700327754,9.6135149942711,0.37371693179011345,0.08,0.35,0.05,0.45,1.2,41.677917047962545,861508.512270437,861508.522627285
13312,eye1,pmrnet,loop,25.483824079856277,0.02,0.33208809327334166,3.28725203871727,0.5294600268825889,0.08,0.35,0.05,0.45,1.2,31.782624238729476,861508.522859499,861508.527008572
13313,eye1,pmrnet,loop,21.39390108641237,0.02,0.26498199440538883,3.1183919636532664,0.3883540630340576,0.08,0.35,0.05,0.45,1.2,27.31562910750508,861508.527215682,861508.530987642
13314,eye1,pmrnet,loop,26.124940952286124,0.02,0.38217799738049507,9.412523009814322,0.4616150399670005,0.08,0.35,0.05,0.45,1.2,38.53125699944794,861508.5335305,861508.543787252
13315,eye1,pmrnet,loop,24.307554005645216,0.02,1.9680829718708992,3.226074972189963,0.6218970520421863,0.08,0.35,0.05,0.45,1.2,32.27360900174826,861508.544223356,861508.550039645
13316,eye1,pmrnet,loop,26.38536796439439,0.02,0.472591957077384,8.523831027559936,0.3842000151053071,0.08,0.35,0.05,0.45,1.2,37.915990964137016,861508.550805335,861508.560186313
13317,eye1,pmrnet,loop,22.100481088273227,0.02,0.24924299214035273,3.128779004327953,0.20281493198126554,0.08,0.35,0.05,0.45,1.2,27.831318016722797,861508.560389273,861508.56397036
13318,eye1,pmrnet,loop,19.669242901727557,0.02,0.2637209836393595,3.5951100289821625,0.36235200241208076,0.08,0.35,0.05,0.45,1.2,26.04042591676116,861508.565386603,861508.569608037
13319,eye1,pmrnet,loop,21.080062026157975,0.02,0.2410040469840169,4.21831093262881,1.2514230329543352,0.08,0.35,0.05,0.45,1.2,28.940800038725136,861508.573377019,861508.579088008
13320,eye1,pmrnet,loop,18.949646037071943,0.02,0.2793290186673403,3.130994038656354,0.22382591851055622,0.08,0.35,0.05,0.45,1.2,24.733795012906192,861508.58139306,861508.585027466
13321,eye1,pmrnet,loop,19.257131032645702,0.02,0.270419055595994,3.3417489612475038,0.3787609748542309,0.08,0.35,0.05,0.45,1.2,25.39806002434343,861508.589413005,861508.593404238
13322,eye1,pmrnet,loop,19.981043064035475,0.02,0.24536903947591782,3.8590850308537483,0.7113750325515866,0.08,0.35,0.05,0.45,1.2,26.946872166916727,861508.597380967,861508.602197039
13323,eye1,pmrnet,loop,19.173723994754255,0.02,0.25230704341083765,3.299021045677364,0.5112149519845843,0.08,0.35,0.05,0.45,1.2,25.38626703582704,861508.60539581,861508.609458672
13324,eye1,pmrnet,loop,19.35127901379019,0.02,0.25546608958393335,3.5391520941630006,0.510937999933958,0.08,0.35,0.05,0.45,1.2,25.80683519747108,861508.613399286,861508.617705121
13325,eye1,pmrnet,loop,21.094548981636763,0.02,0.3910349914804101,5.398037028498948,0.24613295681774616,0.08,0.35,0.05,0.45,1.2,29.279753958433865,861508.621481969,861508.62751752
13326,eye1,pmrnet,loop,19.396726042032242,0.02,0.2595830010250211,3.7004119949415326,0.5146090406924486,0.08,0.35,0.05,0.45,1.2,26.021330078691243,861508.629413775,861508.633888667
13327,eye1,pmrnet,loop,18.55197607073933,0.02,0.262404908426106,3.1267220620065928,0.32653799280524254,0.08,0.35,0.05,0.45,1.2,24.41764103397727,861508.63739683,861508.641112756
13328,eye1,pmrnet,loop,19.366630003787577,0.02,0.3693259786814451,3.632419044151902,0.5302479257807136,0.08,0.35,0.05,0.45,1.2,26.048622952401637,861508.645464433,861508.649996758
13329,eye1,pmrnet,loop,18.379591987468302,0.02,0.24737906642258167,3.2232051016762853,0.22187596186995506,0.08,0.35,0.05,0.45,1.2,24.222052117437123,861508.65338585,861508.65707859
13330,eye1,pmrnet,loop,18.57617706991732,0.02,0.25501998607069254,3.4498809836804867,0.21489406935870647,0.08,0.35,0.05,0.45,1.2,24.645972109027205,861508.66142426,861508.665344284
13331,eye1,pmrnet,loop,22.177295060828328,0.02,0.36197295412421227,6.773698958568275,0.3936940338462591,0.08,0.35,0.05,0.45,1.2,31.856661007367073,861508.669484401,861508.67701411
13332,eye1,pmrnet,loop,18.27870192937553,0.02,0.22784806787967682,3.3582289470359683,0.21690805442631245,0.08,0.35,0.05,0.45,1.2,24.231686998717485,861508.677381589,861508.681184828
13333,eye1,pmrnet,loop,18.50439002737403,0.02,0.28205104172229767,3.3890450140461326,0.40023005567491055,0.08,0.35,0.05,0.45,1.2,24.72571613881737,861508.685407664,861508.689479253
13334,eye1,pmrnet,loop,18.4455260168761,0.02,0.2838759683072567,3.3698189072310925,0.44036097824573517,0.08,0.35,0.05,0.45,1.2,24.689581870660184,861508.69339523,861508.69748953
13335,eye1,pmrnet,loop,18.58207699842751,0.02,0.2511100610718131,3.4164200769737363,0.6185900419950485,0.08,0.35,0.05,0.45,1.2,25.018197178468107,861508.701408628,861508.705694998
13336,eye1,pmrnet,loop,19.406983046792448,0.02,0.3167490940541029,4.4234630186110735,0.381908961571753,0.08,0.35,0.05,0.45,1.2,26.679104121029376,861508.709466569,861508.714589013
13337,eye1,pmrnet,loop,18.047728925012052,0.02,0.25729602202773094,3.302611061371863,0.3157459432259202,0.08,0.35,0.05,0.45,1.2,24.073381951637565,861508.717422982,861508.721298854
13338,eye1,pmrnet,loop,24.84469604678452,0.02,0.2681879559531808,9.84844600316137,0.6105270003899932,0.08,0.35,0.05,0.45,1.2,37.72185700628906,861508.725437107,861508.73616459
13339,eye1,pmrnet,loop,23.865620023570955,0.02,1.8215089803561568,4.366241977550089,0.31382101587951183,0.08,0.35,0.05,0.45,1.2,32.51719199735671,861508.736752784,861508.743254612
13340,eye1,pmrnet,loop,19.78203107137233,0.02,0.28789800126105547,3.280122997239232,0.21537102293223143,0.08,0.35,0.05,0.45,1.2,25.715423092804848,861508.743456261,861508.747239899
13341,eye1,pmrnet,loop,23.901477921754122,0.02,0.2817439381033182,9.358718059957027,0.3461220767349005,0.08,0.35,0.05,0.45,1.2,36.03806199654937,861508.749441568,861508.759428431
13342,eye1,pmrnet,loop,23.467710008844733,0.02,0.9994709398597479,4.381434991955757,1.493027899414301,0.08,0.35,0.05,0.45,1.2,32.49164384007454,861508.760189361,861508.767063545
13343,eye1,pmrnet,loop,19.273887970484793,0.02,0.296266982331872,3.1764559680595994,0.19369798246771097,0.08,0.35,0.05,0.45,1.2,25.090308903343974,861508.767272251,861508.770938896
13344,eye1,pmrnet,loop,17.697398085147142,0.02,0.4195449873805046,3.299023024737835,0.2187240170314908,0.08,0.35,0.05,0.45,1.2,23.78469011429697,861508.773493817,861508.777431378
13345,eye1,pmrnet,loop,18.288485007360578,0.02,0.2832990139722824,3.955189953558147,0.4423409700393677,0.08,0.35,0.05,0.45,1.2,25.119314944930373,861508.781410295,861508.786091388
13346,eye1,pmrnet,loop,17.702674958854914,0.02,0.29186601750552654,3.3683639485388994,0.48527796752750874,0.08,0.35,0.05,0.45,1.2,23.998182892426847,861508.789428859,861508.793574611
4516,eye0,pmrnet,loop,25.241481023840606,0.02,0.4070450086146593,9.46355692576617,0.8167090127244592,0.08,0.35,0.05,0.45,1.2,38.07879197094589,861508.693379346,861508.704067088
4517,eye0,pmrnet,loop,23.00616097636521,0.02,0.3670490114018321,4.8759200144559145,0.2972149522975087,0.08,0.35,0.05,0.45,1.2,30.696344954520463,861508.704360296,861508.709900882
4518,eye0,pmrnet,loop,26.425097952596843,0.02,0.2738379407674074,8.854781975969672,0.8358899503946304,0.08,0.35,0.05,0.45,1.2,38.53960781972855,861508.711423502,861508.721388498
4519,eye0,pmrnet,loop,25.970485992729664,0.02,0.39545795880258083,6.400182959623635,0.5046629812568426,0.08,0.35,0.05,0.45,1.2,35.42078989241272,861508.721699385,861508.72900004
4520,eye0,pmrnet,loop,22.876269067637622,0.02,0.23906899150460958,3.2172680366784334,0.7785019697621465,0.08,0.35,0.05,0.45,1.2,29.26110806558281,861508.729743333,861508.733978387
4521,eye0,pmrnet,loop,18.933071056380868,0.02,0.26473694015294313,3.4468810772523284,0.21776696667075157,0.08,0.35,0.05,0.45,1.2,25.01245604045689,861508.734174328,861508.738103946
4522,eye0,pmrnet,loop,15.963736921548843,0.02,0.23790996056050062,3.357440000399947,0.5955769447609782,0.08,0.35,0.05,0.45,1.2,22.304663827270268,861508.739012633,861508.743203776
4523,eye0,pmrnet,loop,16.41848194412887,0.02,0.24143990594893694,3.45238100271672,1.0247209575027227,0.08,0.35,0.05,0.45,1.2,23.28702381029725,861508.747008853,861508.751727605
4524,eye0,pmrnet,loop,19.584001041948795,0.02,0.39526692125946283,6.1960360035300255,1.2880431022495031,0.08,0.35,0.05,0.45,1.2,29.613347068987785,861508.755082156,861508.762961838
4525,eye0,pmrnet,loop,15.93640900682658,0.02,0.2615349367260933,3.3599830931052566,0.5715030711144209,0.08,0.35,0.05,0.45,1.2,22.27943010777235,861508.763190102,861508.76738334
4526,eye0,pmrnet,loop,16.64813992101699,0.02,0.2845299895852804,3.266899031586945,1.53881695587188,0.08,0.35,0.05,0.45,1.2,23.888385898061095,861508.77107376,861508.776164236
4527,eye0,pmrnet,loop,21.737352944910526,0.02,0.3772319760173559,9.469580953009427,0.3757459344342351,0.08,0.35,0.05,0.45,1.2,34.10991180837155,861508.779098541,861508.789321539
4528,eye0,pmrnet,loop,24.50425596907735,0.02,0.379262026399374,9.434473002329469,0.713160028681159,0.08,0.35,0.05,0.45,1.2,37.18115102648735,861508.789630869,861508.80015815
4529,eye0,pmrnet,loop,20.987046998925507,0.02,0.27023698203265667,3.1738970428705215,0.21540001034736633,0.08,0.35,0.05,0.45,1.2,26.79658103417605,861508.801050186,861508.804709933
4530,eye0,pmrnet,loop,19.259576103650033,0.02,0.25309203192591667,5.624074023216963,0.21643098443746567,0.08,0.35,0.05,0.45,1.2,27.503173143230377,861508.804957912,861508.81105175
4531,eye0,pmrnet,loop,16.468260902911425,0.02,0.2327540423721075,3.3457550453022122,1.1253959964960814,0.08,0.35,0.05,0.45,1.2,23.322165987081824,861508.811624552,861508.816328719
4532,eye0,pmrnet,loop,18.645677017048,0.02,0.38706802297383547,6.8042619386687875,0.22068002726882696,0.08,0.35,0.05,0.45,1.2,28.20768700595945,861508.819163178,861508.826575545
4533,eye0,pmrnet,loop,16.866357997059822,0.02,0.23944198619574308,4.336492973379791,1.0741469450294971,0.08,0.35,0.05,0.45,1.2,24.66643990166485,861508.827214906,861508.832865246
4534,eye0,pmrnet,loop,15.856052981689572,0.02,0.2366530243307352,3.2513149781152606,1.4025219716131687,0.08,0.35,0.05,0.45,1.2,22.896542955748735,861508.835033534,861508.839924245
4535,eye0,pmrnet,loop,15.960989985615015,0.02,0.24285807739943266,3.248291090130806,1.55588798224926,0.08,0.35,0.05,0.45,1.2,23.158027135394512,861508.843050885,861508.848098114
4536,eye0,pmrnet,loop,21.18806797079742,0.02,0.37091400008648634,9.466515970416367,0.44623296707868576,0.08,0.35,0.05,0.45,1.2,33.621730908378964,861508.851109688,861508.861393787
4537,eye0,pmrnet,loop,24.1478499956429,0.02,0.5693819839507341,9.446497075259686,0.48360798973590136,0.08,0.35,0.05,0.45,1.2,36.79733704458922,861508.861922404,861508.872422387
4538,eye0,pmrnet,loop,22.956912987865508,0.02,0.38174691144376993,5.057280068285763,0.5055209621787071,0.08,0.35,0.05,0.45,1.2,31.051460929773746,861508.873356104,861508.87930097
4539,eye0,pmrnet,loop,19.846844021230936,0.02,0.23868295829743147,3.8745340425521135,0.6213029846549034,0.08,0.35,0.05,0.45,1.2,26.731364006735383,861508.879524322,861508.884259211
4540,eye0,pmrnet,loop,22.62483397498727,0.02,0.38832100108265877,9.445276926271617,0.4824610659852624,0.08,0.35,0.05,0.45,1.2,35.090892968326806,861508.884789748,861508.895106235
4541,eye0,pmrnet,loop,26.49528393521905,0.02,0.7071109721437097,9.754930040799081,0.4629290197044611,0.08,0.35,0.05,0.45,1.2,39.5702539678663,861508.896120542,861508.907045898
4543,eye0,pmrnet,loop,16.22328406665474,0.02,0.36006001755595207,4.300282918848097,0.913355965167284,0.08,0.35,0.05,0.45,1.2,23.946982968226074,861508.907338368,861508.912912361
4544,eye0,pmrnet,loop,21.146068000234663,0.02,1.122926943935454,9.32018004823476,0.36974402610212564,0.08,0.35,0.05,0.45,1.2,34.10891901850701,861508.915089901,861508.925903246
4545,eye0,pmrnet,loop,18.66837195120752,0.02,0.37876598071306944,4.67806204687804,0.21324004046618938,0.08,0.35,0.05,0.45,1.2,26.088440019264816,861508.926224848,861508.931495259
4546,eye0,pmrnet,loop,22.160641034133732,0.02,0.3828619373962283,9.44375095423311,0.5002340767532587,0.08,0.35,0.05,0.45,1.2,34.63748800251633,861508.932729076,861508.9430564
4547,eye0,pmrnet,loop,19.68006999231875,0.02,0.4982419777661562,4.077769932337105,0.7166130235418677,0.08,0.35,0.05,0.45,1.2,27.122694925963877,861508.943351888,861508.948644828
4548,eye0,pmrnet,loop,19.07011808361858,0.02,0.3861470613628626,5.2120600594207644,0.5205590277910233,0.08,0.35,0.05,0.45,1.2,27.33888423219323,861508.949985032,861508.956104137
4549,eye0,pmrnet,loop,19.94669798295945,0.02,0.24438707623630762,7.936454028822482,0.5411229794844985,0.08,0.35,0.05,0.45,1.2,30.818662067502736,861508.956327095,861508.965049443
4550,eye0,pmrnet,loop,21.24084997922182,0.02,0.35867607221007347,8.01880401559174,0.6903200410306454,0.08,0.35,0.05,0.45,1.2,32.45865010805428,861508.965344746,861508.974412888
4551,eye0,pmrnet,loop,18.526677042245865,0.02,0.6690999725833535,3.361230017617345,0.5881550023332238,0.08,0.35,0.05,0.45,1.2,25.295162034779786,861508.975148972,861508.97976768
4552,eye0,pmrnet,loop,15.906318090856075,0.02,0.290662981569767,4.216672969050705,0.741697964258492,0.08,0.35,0.05,0.45,1.2,23.30535200573504,861508.979966798,861508.985216177
4553,eye0,pmrnet,loop,13.787673087790608,0.02,0.2728520194068551,3.2606199383735657,0.5267240339890122,0.08,0.35,0.05,0.45,1.2,19.99786907956004,861508.987107382,861508.99116778
4554,eye0,pmrnet,loop,13.542742934077978,0.02,0.26056100614368916,3.2991040498018265,0.39166200440376997,0.08,0.35,0.05,0.45,1.2,19.644069994427262,861508.995040185,861508.998991742
4555,eye0,pmrnet,loop,13.903697952628136,0.02,0.3002519952133298,3.468425013124943,0.49483205657452345,0.08,0.35,0.05,0.45,1.2,20.31720701754093,861509.003157877,861509.007421675
4556,eye0,pmrnet,loop,13.850260060280561,0.02,0.2615820849314332,3.6709250416606665,0.4829330136999488,0.08,0.35,0.05,0.45,1.2,20.41570020057261,861509.011021577,861509.015437265
4557,eye0,pmrnet,loop,13.963041012175381,0.02,0.27774006593972445,3.2592270290479064,1.0196330258622766,0.08,0.35,0.05,0.45,1.2,20.669641133025287,861509.019062129,861509.023618977
4558,eye0,pmrnet,loop,19.84948490280658,0.02,0.3986989613622427,9.563550935126841,0.4838330205529928,0.08,0.35,0.05,0.45,1.2,32.445567819848655,861509.027127585,861509.037574097
4559,eye0,pmrnet,loop,19.02940298896283,0.02,0.4231940256431699,5.32020500395447,0.3392089856788516,0.08,0.35,0.05,0.45,1.2,27.26201100423932,861509.038740598,861509.044823541
4560,eye0,pmrnet,loop,15.664431964978576,0.02,0.2677890006452799,3.4597920021042228,0.7771169766783714,0.08,0.35,0.05,0.45,1.2,22.31912994440645,861509.045022553,861509.049527493
4561,eye0,pmrnet,loop,18.30215402878821,0.02,0.4375179996713996,4.379829973913729,0.34200004301965237,0.08,0.35,0.05,0.45,1.2,25.61150204539299,861509.055074572,861509.060234179
4562,eye0,pmrnet,loop,23.20405503269285,0.02,0.3822339931502938,9.387740050442517,0.3376590320840478,0.08,0.35,0.05,0.45,1.2,35.46168810836971,861509.063097165,861509.073205253
4563,eye0,pmrnet,loop,20.251696929335594,0.02,0.25808997452259064,3.676786902360618,0.9739450179040432,0.08,0.35,0.05,0.45,1.2,27.310518824122845,861509.073412553,861509.078321651
4564,eye0,pmrnet,loop,19.420103984884918,0.02,0.28161995578557253,4.438308998942375,1.6714769881218672,0.08,0.35,0.05,0.45,1.2,27.96150992773473,861509.079167144,861509.085558787
4565,eye0,pmrnet,loop,17.072192043997347,0.02,0.2624309854581952,3.439128980971873,0.5170389777049422,0.08,0.35,0.05,0.45,1.2,23.440790988132356,861509.087061286,861509.091280109
4566,eye0,pmrnet,loop,16.79003401659429,0.02,0.25025103241205215,3.2634050585329533,0.4665859742090106,0.08,0.35,0.05,0.45,1.2,22.920276081748305,861509.095086551,861509.099066989
13347,eye1,pmrnet,loop,18.942823982797563,0.02,0.32180699054151773,3.6388359731063247,1.4438299695029855,0.08,0.35,0.05,0.45,1.2,26.49729691594839,861508.797478933,861508.802883789
13348,eye1,pmrnet,loop,17.45185104664415,0.02,0.2735030138865113,3.301094053313136,0.4246099852025509,0.08,0.35,0.05,0.45,1.2,23.601058099046348,861508.80546247,861508.809461902
13349,eye1,pmrnet,loop,19.05926107428968,0.02,0.3940340830013156,5.02836995292455,0.20605092868208885,0.08,0.35,0.05,0.45,1.2,26.837716038897632,861508.813509478,861508.819138299
13350,eye1,pmrnet,loop,17.242369009181857,0.02,0.28863304760307074,3.1924359500408173,0.465208082459867,0.08,0.35,0.05,0.45,1.2,23.33864608928561,861508.821443683,861508.825390235
13351,eye1,pmrnet,loop,17.186056938953698,0.02,0.26616209652274847,3.490554983727634,0.22098200861364603,0.08,0.35,0.05,0.45,1.2,23.313756027817725,861508.829425055,861508.833402956
13352,eye1,pmrnet,loop,17.258430016227067,0.02,0.2612629905343056,3.7019209703430533,0.191766070201993,0.08,0.35,0.05,0.45,1.2,23.563380047306417,861508.837389267,861508.841544479
13353,eye1,pmrnet,loop,16.612261068075895,0.02,0.25074800942093134,3.1272469786927104,0.1889960840344429,0.08,0.35,0.05,0.45,1.2,22.32925214022398,861508.845400043,861508.848967261
13354,eye1,pmrnet,loop,23.44970207195729,0.02,0.38219301495701075,9.486383059993386,0.5236919969320297,0.08,0.35,0.05,0.45,1.2,35.991970143839715,861508.853480631,861508.863873333
13355,eye1,pmrnet,loop,27.45622198563069,0.02,1.8138480372726917,9.489388903602958,0.45157293789088726,0.08,0.35,0.05,0.45,1.2,41.361031864397226,861508.864193488,861508.875948751
13356,eye1,pmrnet,loop,31.552321976050735,0.02,0.7988770958036184,9.682078030891716,0.4863280337303877,0.08,0.35,0.05,0.45,1.2,44.669605136476456,861508.877145916,861508.888113637
13358,eye1,pmrnet,loop,25.449715089052916,0.02,1.6632480546832085,7.374586071819067,0.4644979489967227,0.08,0.35,0.05,0.45,1.2,37.10204716455191,861508.888647042,861508.898149728
13359,eye1,pmrnet,loop,22.047883947379887,0.02,0.25011494290083647,3.200512961484492,0.4656519740819931,0.08,0.35,0.05,0.45,1.2,28.114163825847207,861508.89890138,861508.90281794
13360,eye1,pmrnet,loop,18.002550932578743,0.02,0.2592649543657899,3.201155923306942,0.36089797504246235,0.08,0.35,0.05,0.45,1.2,23.973869785293935,861508.903020141,861508.906841657
13361,eye1,pmrnet,loop,16.264808014966547,0.02,0.2749469131231308,3.2414699671790004,0.21033489610999823,0.08,0.35,0.05,0.45,1.2,22.141559791378675,861508.909445931,861508.913172958
13362,eye1,pmrnet,loop,16.399463987909257,0.02,0.2526399912312627,3.2605379819869995,0.4007960669696331,0.08,0.35,0.05,0.45,1.2,22.46343802809715,861508.917462302,861508.921376514
13363,eye1,pmrnet,loop,16.791791073046625,0.02,0.2498280955478549,3.4404000034555793,0.714984955266118,0.08,0.35,0.05,0.45,1.2,23.347004127316175,861508.925432266,861508.929837698
13364,eye1,pmrnet,loop,22.478498984128237,0.02,0.6809718906879425,9.200653992593288,0.27662108186632395,0.08,0.35,0.05,0.45,1.2,34.78674594927579,861508.933434613,861508.94359318
13365,eye1,pmrnet,loop,27.01169194187969,0.02,0.9940479649230838,9.349659085273743,0.3602210199460387,0.08,0.35,0.05,0.45,1.2,39.86562001202255,861508.945491271,861508.956195598
13366,eye1,pmrnet,loop,23.317632032558322,0.02,0.29226497281342745,3.4050369868054986,0.4556619096547365,0.08,0.35,0.05,0.45,1.2,29.620595901831983,861508.956417472,861508.960570738
13367,eye1,pmrnet,loop,26.432665064930916,0.02,0.3752009943127632,9.425011929124594,0.4623050335794687,0.08,0.35,0.05,0.45,1.2,38.84518302194774,861508.961491294,861508.971754231
13368,eye1,pmrnet,loop,26.41986298840493,0.02,0.3620339557528496,7.085773977451026,0.3103760536760092,0.08,0.35,0.05,0.45,1.2,36.32804697528481,861508.972052386,861508.979810909
13369,eye1,pmrnet,loop,29.97893700376153,0.02,0.3755700308829546,9.873794042505324,0.32673298846930265,0.08,0.35,0.05,0.45,1.2,42.70503406561911,861508.980861012,861508.991437629
13370,eye1,pmrnet,loop,32.53914101514965,0.02,0.5029290914535522,9.475127910263836,0.33531803637742996,0.08,0.35,0.05,0.45,1.2,45.00251605324448,861508.991753951,861509.002067756
13372,eye1,pmrnet,loop,25.28752910438925,0.02,0.3769880859181285,6.750261993147433,0.19040401093661785,0.08,0.35,0.05,0.45,1.2,34.75518319439143,861509.003636289,861509.010954296
13373,eye1,pmrnet,loop,24.55478091724217,0.02,0.2551800571382046,6.520185968838632,0.31724292784929276,0.08,0.35,0.05,0.45,1.2,33.7973898710683,861509.011197258,861509.018290206
13374,eye1,pmrnet,loop,25.342904031276703,0.02,0.36134792026132345,7.991984020918608,0.20561099518090487,0.08,0.35,0.05,0.45,1.2,36.05184696763754,861509.018588496,861509.027147798
13375,eye1,pmrnet,loop,28.558757971040905,0.02,0.4549699369817972,9.35284304432571,0.37266802974045277,0.08,0.35,0.05,0.45,1.2,40.88923898208886,861509.028251313,861509.03843223
13376,eye1,pmrnet,loop,26.78273501805961,0.02,0.4053480224683881,4.870628006756306,0.7200459949672222,0.08,0.35,0.05,0.45,1.2,34.928757042251526,861509.038729377,861509.044725775
13377,eye1,pmrnet,loop,29.622276895679533,0.02,0.36956300027668476,9.43977595306933,0.22212497424334288,0.08,0.35,0.05,0.45,1.2,41.80374082326889,861509.045602171,861509.055634015
13378,eye1,pmrnet,loop,26.053663925267756,0.02,0.2832459285855293,3.4963629441335797,0.5166910123080015,0.08,0.35,0.05,0.45,1.2,32.499963810294865,861509.05583819,861509.06013476
13379,eye1,pmrnet,loop,22.29423203971237,0.02,0.2746660029515624,3.27478488907218,0.5597779527306557,0.08,0.35,0.05,0.45,1.2,28.553460884466766,861509.060334052,861509.064443729
13380,eye1,pmrnet,loop,19.47955507785082,0.02,0.44575706124305725,3.34379100240767,0.404809950850904,0.08,0.35,0.05,0.45,1.2,25.82391309235245,861509.065503783,861509.069698505
13381,eye1,pmrnet,loop,20.073589053936303,0.02,0.31789299100637436,4.314174992032349,0.3063509939238429,0.08,0.35,0.05,0.45,1.2,27.162008030898868,861509.07342311,861509.078361765
13382,eye1,pmrnet,loop,19.257167004980147,0.02,0.26029301807284355,3.1916690059006214,0.7539680227637291,0.08,0.35,0.05,0.45,1.2,25.61309705171734,861509.081407867,861509.085614032
13383,eye1,pmrnet,loop,25.596729014068842,0.02,0.38582703564316034,9.634251007810235,0.5142410518601537,0.08,0.35,0.05,0.45,1.2,38.28104810938239,861509.089487303,861509.100022036
13384,eye1,pmrnet,loop,27.874032966792583,0.02,0.5575689719989896,9.134228923358023,0.35081792157143354,0.08,0.35,0.05,0.45,1.2,40.06664878372103,861509.100325549,861509.110368672
13385,eye1,pmrnet,loop,25.83584003150463,0.02,0.2896400401368737,4.1008139960467815,0.7769559742882848,0.08,0.35,0.05,0.45,1.2,33.15325004197657,861509.111231933,861509.11639961
13386,eye1,pmrnet,loop,23.080719984136522,0.02,0.2680920297279954,3.3316980116069317,1.5146370278671384,0.08,0.35,0.05,0.45,1.2,30.345147053338586,861509.116598839,861509.121713544
13387,eye1,pmrnet,loop,24.6186739532277,0.02,0.24991703685373068,8.805655990727246,0.3334169741719961,0.08,0.35,0.05,0.45,1.2,36.15766395498067,861509.121931258,861509.131320497
13388,eye1,pmrnet,loop,22.117750952020288,0.02,0.2614459954202175,3.5580090479925275,1.1533640790730715,0.08,0.35,0.05,0.45,1.2,29.240570074506103,861509.131915757,861509.13688887
13389,eye1,pmrnet,loop,18.351693055592477,0.02,0.2676621079444885,3.1453470000997186,0.33041799906641245,0.08,0.35,0.05,0.45,1.2,24.245120162703095,861509.137448113,861509.141191761
13390,eye1,pmrnet,loop,18.60601908992976,0.02,0.3964169882237911,3.3438450191169977,0.35258301068097353,0.08,0.35,0.05,0.45,1.2,24.84886410795152,861509.145421807,861509.149514886
13391,eye1,pmrnet,loop,25.03148897085339,0.02,0.38782693445682526,9.553739102557302,0.5403509130701423,0.08,0.35,0.05,0.45,1.2,37.663405920937656,861509.153526687,861509.16400902
13392,eye1,pmrnet,loop,27.72833197377622,0.02,0.8523890282958746,9.064986021257937,0.5320230266079307,0.08,0.35,0.05,0.45,1.2,40.32773004993796,861509.164325075,861509.174774909
13393,eye1,pmrnet,loop,27.89912698790431,0.02,0.3742401022464037,6.638602004386485,0.21811295300722122,0.08,0.35,0.05,0.45,1.2,37.28008204754442,861509.175783813,861509.183015101
13394,eye1,pmrnet,loop,24.655901012010872,0.02,0.2826739801093936,3.5470189759507775,0.7837419398128986,0.08,0.35,0.05,0.45,1.2,31.41933590788394,861509.183227189,861509.187840935
13395,eye1,pmrnet,loop,20.68254689220339,0.02,0.27124700136482716,3.211489995010197,0.40869589429348707,0.08,0.35,0.05,0.45,1.2,26.7239797828719,861509.188044823,861509.19193654
13396,eye1,pmrnet,loop,19.621178973466158,0.02,0.37467991933226585,4.641860956326127,0.42354001197963953,0.08,0.35,0.05,0.45,1.2,27.21125986110419,861509.193503916,861509.198944306
13397,eye1,pmrnet,loop,17.938444041647017,0.02,0.2694600261747837,3.2138139940798283,0.4363739863038063,0.08,0.35,0.05,0.45,1.2,24.008092048205434,861509.201410582,861509.205330499
13398,eye1,pmrnet,loop,22.861241013742983,0.02,0.25605596601963043,7.688067038543522,0.9143090574070811,0.08,0.35,0.05,0.45,1.2,33.869673075713216,861509.209463631,861509.218322359
4567,eye0,pmrnet,loop,19.23309499397874,0.02,0.25943503715097904,5.825642962008715,0.4532380262389779,0.08,0.35,0.05,0.45,1.2,27.92141101937741,861509.103040637,861509.109579171
4568,eye0,pmrnet,loop,17.913113930262625,0.02,0.25510299019515514,3.177223028615117,1.797693083062768,0.08,0.35,0.05,0.45,1.2,25.293133032135664,861509.111097873,861509.116328199
4569,eye0,pmrnet,loop,16.70992001891136,0.02,0.2753030275925994,3.2506909919902682,0.5319650517776608,0.08,0.35,0.05,0.45,1.2,22.91787909027189,861509.119135819,861509.123194035
4570,eye0,pmrnet,loop,16.70328399632126,0.02,0.27761596720665693,3.268543048761785,0.6087300134822726,0.08,0.35,0.05,0.45,1.2,23.008173025771974,861509.127101243,861509.131256392
4571,eye0,pmrnet,loop,17.936308053322136,0.02,0.2754509914666414,4.573510028421879,0.6326810689643025,0.08,0.35,0.05,0.45,1.2,25.567950142174958,861509.135076475,861509.14055838
4572,eye0,pmrnet,loop,17.72857492323965,0.02,0.2522889990359545,4.554483923129737,0.547743053175509,0.08,0.35,0.05,0.45,1.2,25.233090898580848,861509.143064969,861509.148419706
4573,eye0,pmrnet,loop,22.478673025034368,0.02,0.28854398988187313,9.390152990818024,0.48649695236235857,0.08,0.35,0.05,0.45,1.2,34.79386695809662,861509.151072725,861509.16123826
4574,eye0,pmrnet,loop,23.39036704506725,0.02,0.38736697752028704,6.748704006895423,0.4866670351475477,0.08,0.35,0.05,0.45,1.2,33.16310506463051,861509.162596007,861509.170219158
4575,eye0,pmrnet,loop,21.86381909996271,0.02,0.36148796789348125,5.49773802049458,0.39036094676703215,0.08,0.35,0.05,0.45,1.2,30.263406035117804,861509.170511907,861509.1767618
4576,eye0,pmrnet,loop,17.94255990535021,0.02,0.2580540021881461,3.243730985559523,0.4277440020814538,0.08,0.35,0.05,0.45,1.2,24.02208889517933,861509.176979791,861509.180909513
4577,eye0,pmrnet,loop,22.321010939776897,0.02,0.3711070166900754,9.509533061645925,0.38018100894987583,0.08,0.35,0.05,0.45,1.2,34.73183202706277,861509.183094923,861509.193356188
4578,eye0,pmrnet,loop,25.068777962587774,0.02,0.4113969625905156,9.32671397458762,0.7719109999015927,0.08,0.35,0.05,0.45,1.2,37.7287998996675,861509.193662969,861509.204173414
4579,eye0,pmrnet,loop,28.22492504492402,0.02,0.5312599241733551,9.347208077087998,0.4644879372790456,0.08,0.35,0.05,0.45,1.2,40.71788098346442,861509.205055261,861509.215398631
4581,eye0,pmrnet,loop,22.60448900051415,0.02,0.3605640958994627,9.38646704889834,0.47665403690189123,0.08,0.35,0.05,0.45,1.2,34.97817418221384,861509.21569174,861509.225915843
4582,eye0,pmrnet,loop,25.607318035326898,0.02,0.40570704732090235,9.379934053868055,0.35856408067047596,0.08,0.35,0.05,0.45,1.2,37.90152321718633,861509.226843136,861509.236987779
4583,eye0,pmrnet,loop,27.69033401273191,0.02,0.3725000424310565,9.11626499146223,0.3596900496631861,0.08,0.35,0.05,0.45,1.2,39.68878909628838,861509.237291273,861509.247140193
4585,eye0,pmrnet,loop,24.009230895899236,0.02,0.3829660126939416,9.460782050155103,0.6177020259201527,0.08,0.35,0.05,0.45,1.2,36.62068098466843,861509.249134586,861509.259596481
4586,eye0,pmrnet,loop,26.674111024476588,0.02,0.41078298818320036,9.318948024883866,0.6869839271530509,0.08,0.35,0.05,0.45,1.2,39.240825964696704,861509.259913741,861509.27033087
4588,eye0,pmrnet,loop,21.558393025770783,0.02,0.3751750336959958,9.310047957114875,0.45048899482935667,0.08,0.35,0.05,0.45,1.2,33.84410501141101,861509.271216892,861509.281353038
4589,eye0,pmrnet,loop,24.05079803429544,0.02,0.3676770720630884,9.450341924093664,0.4490840947255492,0.08,0.35,0.05,0.45,1.2,36.46790112517774,861509.281646591,861509.291914112
4590,eye0,pmrnet,loop,25.130845955573022,0.02,0.39027503225952387,6.793893990106881,0.8978749392554164,0.08,0.35,0.05,0.45,1.2,35.36288991719484,861509.292981207,861509.30106359
4591,eye0,pmrnet,loop,21.43712795805186,0.02,0.28880208265036345,3.4099069889634848,0.4517070483416319,0.08,0.35,0.05,0.45,1.2,27.73754407800734,861509.30128838,861509.305439046
4592,eye0,pmrnet,loop,24.17229802813381,0.02,0.41190709453076124,9.255158016458154,0.8463759440928698,0.08,0.35,0.05,0.45,1.2,36.83573908321559,861509.305730266,861509.31624411
4593,eye0,pmrnet,loop,26.35763108264655,0.02,1.7897459911182523,6.475202972069383,0.34726003650575876,0.08,0.35,0.05,0.45,1.2,37.11984008233994,861509.317886138,861509.326498692
4594,eye0,pmrnet,loop,23.60758592840284,0.02,0.2624848857522011,3.420526976697147,1.4036529464647174,0.08,0.35,0.05,0.45,1.2,30.844250737316905,861509.326730719,861509.331817654
4595,eye0,pmrnet,loop,19.60152096580714,0.02,0.24147704243659973,3.2665120670571923,0.33497903496026993,0.08,0.35,0.05,0.45,1.2,25.5944891102612,861509.332037321,861509.335880517
4596,eye0,pmrnet,loop,19.183631986379623,0.02,0.24633097928017378,6.406155065633357,0.22488099057227373,0.08,0.35,0.05,0.45,1.2,28.210999021865426,861509.33665409,861509.343531707
4597,eye0,pmrnet,loop,15.532972989603877,0.02,0.25344896130263805,3.2216329127550125,0.721647054888308,0.08,0.35,0.05,0.45,1.2,21.879701918549834,861509.343753013,861509.347950013
4598,eye0,pmrnet,loop,14.628025004640222,0.02,0.2790930448099971,3.3105940092355013,0.4714661044999957,0.08,0.35,0.05,0.45,1.2,20.839178163185714,861509.351052669,861509.355114071
4599,eye0,pmrnet,loop,19.53174395021051,0.02,0.3919600276276469,8.29334300942719,0.25269004981964827,0.08,0.35,0.05,0.45,1.2,30.619737037084995,861509.359148414,861509.368086748
4600,eye0,pmrnet,loop,15.811635996215045,0.02,0.27135596610605717,3.344701020978391,0.5288809770718217,0.08,0.35,0.05,0.45,1.2,22.106573960371314,861509.36829051,861509.37243568
4601,eye0,pmrnet,loop,14.060952002182603,0.02,0.24099007714539766,3.2637249678373337,0.21559291053563356,0.08,0.35,0.05,0.45,1.2,19.931259957700966,861509.375033618,861509.378754144
4602,eye0,pmrnet,loop,14.02544998563826,0.02,0.2529759658500552,3.2210589852184057,0.24498393759131432,0.08,0.35,0.05,0.45,1.2,19.894468874298035,861509.383068234,861509.386787487
4603,eye0,pmrnet,loop,15.565293957479298,0.02,0.2735400339588523,4.422729020006955,0.6040929583832622,0.08,0.35,0.05,0.45,1.2,23.015655969828366,861509.391095704,861509.396396327
4604,eye0,pmrnet,loop,14.384399983100593,0.02,0.2755719469860196,3.3669829135760665,0.5301949568092823,0.08,0.35,0.05,0.45,1.2,20.70714980047196,861509.399111501,861509.403284485
4605,eye0,pmrnet,loop,15.681436052545905,0.02,0.38229499477893114,4.897575010545552,0.2228460507467389,0.08,0.35,0.05,0.45,1.2,23.334152108617126,861509.407147429,861509.412650541
4606,eye0,pmrnet,loop,14.074716018512845,0.02,0.2557019470259547,3.372590057551861,0.4032199503853917,0.08,0.35,0.05,0.45,1.2,20.25622797347605,861509.415081023,861509.419112779
4607,eye0,pmrnet,loop,14.968805015087128,0.02,0.2865500282496214,4.409369081258774,0.34396699629724026,0.08,0.35,0.05,0.45,1.2,22.15869112089276,861509.423035553,861509.428075657
4608,eye0,pmrnet,loop,14.424361987039447,0.02,0.28161006048321724,3.8498640060424805,0.4030560376122594,0.08,0.35,0.05,0.45,1.2,21.108892091177403,861509.431065504,861509.435600253
4609,eye0,pmrnet,loop,14.154811971820891,0.02,0.26440504007041454,3.724309033714235,0.33716997131705284,0.08,0.35,0.05,0.45,1.2,20.63069601692259,861509.439073808,861509.443399975
4610,eye0,pmrnet,loop,18.887120997533202,0.02,0.3807039465755224,8.34031100384891,0.34620193764567375,0.08,0.35,0.05,0.45,1.2,30.104337885603307,861509.44713339,861509.45620096
4611,eye0,pmrnet,loop,17.505257041193545,0.02,2.7304290561005473,3.5137529484927654,0.2403829712420702,0.08,0.35,0.05,0.45,1.2,26.139822017028926,861509.456403026,861509.462887938
4612,eye0,pmrnet,loop,17.70256191957742,0.02,0.3869989886879921,6.322341039776802,0.3482580650597811,0.08,0.35,0.05,0.45,1.2,26.910160013101994,861509.464096703,861509.471154658
4613,eye0,pmrnet,loop,14.758187928237021,0.02,0.25830697268247604,4.294435027986765,0.33780501689761877,0.08,0.35,0.05,0.45,1.2,21.79873494580388,861509.471388534,861509.476279336
4614,eye0,pmrnet,loop,13.365020044147968,0.02,0.24551397655159235,3.2648579217493534,0.37477107252925634,0.08,0.35,0.05,0.45,1.2,19.40016301497817,861509.479069522,861509.482954922
4615,eye0,pmrnet,loop,16.68823999352753,0.02,0.41802297346293926,6.354131968691945,0.4364399937912822,0.08,0.35,0.05,0.45,1.2,26.046834929473697,861509.48713831,861509.494347257
4616,eye0,pmrnet,loop,14.873363077640533,0.02,0.3760299878194928,3.9996779523789883,1.061917981132865,0.08,0.35,0.05,0.45,1.2,22.460988998971878,861509.495163315,861509.500601303
4617,eye0,pmrnet,loop,14.380846987478435,0.02,0.2563738962635398,3.330589970573783,1.5398530522361398,0.08,0.35,0.05,0.45,1.2,21.657663906551896,861509.503050883,861509.508177928
4618,eye0,pmrnet,loop,16.083413967862725,0.02,0.36748393904417753,6.217283080331981,0.22414105478674173,0.08,0.35,0.05,0.45,1.2,25.042322042025624,861509.511140171,861509.517949427
4619,eye0,pmrnet,loop,18.405587994493544,0.02,0.280392006970942,4.295088001526892,0.6838369881734252,0.08,0.35,0.05,0.45,1.2,25.814904991164802,861509.523080876,861509.528340448
13399,eye1,pmrnet,loop,26.543461019173265,0.02,0.38785894867032766,9.519918006844819,0.43162505608052015,0.08,0.35,0.05,0.45,1.2,39.03286303076893,861509.219734641,861509.230074413
13400,eye1,pmrnet,loop,24.46296694688499,0.02,1.8099279841408134,3.479858976788819,0.4783080657944083,0.08,0.35,0.05,0.45,1.2,32.38106197360903,861509.230294666,861509.23606297
13401,eye1,pmrnet,loop,21.452269982546568,0.02,0.279937987215817,3.6108429776504636,0.3585440572351217,0.08,0.35,0.05,0.45,1.2,27.85159500464797,861509.236871793,861509.241121361
13402,eye1,pmrnet,loop,17.516445950604975,0.02,0.23115496151149273,3.245087922550738,0.3705050330609083,0.08,0.35,0.05,0.45,1.2,23.513193867728113,861509.241407242,861509.245254223
13403,eye1,pmrnet,loop,17.858626088127494,0.02,0.2718030009418726,3.343447926454246,0.5987669574096799,0.08,0.35,0.05,0.45,1.2,24.22264397293329,861509.249451362,861509.253665575
13404,eye1,pmrnet,loop,23.982172016985714,0.02,0.37746597081422806,9.54418396577239,0.42574608232825994,0.08,0.35,0.05,0.45,1.2,36.47956803590059,861509.257509817,861509.267857652
13405,eye1,pmrnet,loop,22.202592925168574,0.02,0.36568602081388235,5.133909988217056,0.4875840386375785,0.08,0.35,0.05,0.45,1.2,30.33977297283709,861509.268159907,861509.274147461
13406,eye1,pmrnet,loop,25.321122957393527,0.02,0.3690259763970971,9.560917038470507,0.46238198410719633,0.08,0.35,0.05,0.45,1.2,37.863447956368326,861509.274941927,861509.285334696
13407,eye1,pmrnet,loop,27.765754028223455,0.02,0.3730700118467212,9.371116990223527,0.4651889903470874,0.08,0.35,0.05,0.45,1.2,40.12513002064079,861509.285638234,861509.295848078
13408,eye1,pmrnet,loop,29.121435014531016,0.02,0.3866610350087285,7.255167001858354,0.9090659441426396,0.08,0.35,0.05,0.45,1.2,39.82232899554074,861509.296721163,861509.305272431
13410,eye1,pmrnet,loop,17.359158024191856,0.02,0.2882179105654359,3.3679649932309985,0.49068103544414043,0.08,0.35,0.05,0.45,1.2,23.65602196343243,861509.30550157,861509.30964874
13411,eye1,pmrnet,loop,17.133312998339534,0.02,0.25147804990410805,3.212495008483529,0.6084940396249294,0.08,0.35,0.05,0.45,1.2,23.3557800963521,861509.313419639,861509.317492353
13412,eye1,pmrnet,loop,18.01658107433468,0.02,0.26261096354573965,3.937717992812395,0.7956729969009757,0.08,0.35,0.05,0.45,1.2,25.16258302759379,861509.321448333,861509.326444637
13413,eye1,pmrnet,loop,19.286719034425914,0.02,0.2819119254127145,4.414046066813171,1.620314083993435,0.08,0.35,0.05,0.45,1.2,27.752991110645233,861509.329467224,861509.335783745
13414,eye1,pmrnet,loop,16.853553941473365,0.02,0.28166198171675205,3.2917300704866648,0.3638679627329111,0.08,0.35,0.05,0.45,1.2,22.94081395640969,861509.337482062,861509.341419611
13415,eye1,pmrnet,loop,22.958714049309492,0.02,0.37135195452719927,9.368652943521738,0.3465850604698062,0.08,0.35,0.05,0.45,1.2,35.195304007828234,861509.345505802,861509.355592892
13416,eye1,pmrnet,loop,26.647799066267908,0.02,0.4315529949963093,9.417325025424361,0.8019329980015755,0.08,0.35,0.05,0.45,1.2,39.44861008469015,861509.356699985,861509.367351229
13417,eye1,pmrnet,loop,29.375081066973507,0.02,0.3733040066435933,9.520476101897657,0.5984139861539006,0.08,0.35,0.05,0.45,1.2,42.01727516166866,861509.367655058,861509.37814772
13419,eye1,pmrnet,loop,21.480377996340394,0.02,2.1507350029423833,4.226422985084355,1.2069940567016602,0.08,0.35,0.05,0.45,1.2,31.21453004106879,861509.378807034,861509.38639143
13420,eye1,pmrnet,loop,17.28664303664118,0.02,0.2624850021675229,3.2021539518609643,0.21639105398207903,0.08,0.35,0.05,0.45,1.2,23.117673044651745,861509.386585364,861509.390266614
13421,eye1,pmrnet,loop,16.3584069814533,0.02,0.29702403116971254,3.244625055231154,0.38922298699617386,0.08,0.35,0.05,0.45,1.2,22.43927905485034,861509.393476375,861509.397407469
13422,eye1,pmrnet,loop,22.7905479259789,0.02,0.37643301766365767,9.46215190924704,0.5880499957129359,0.08,0.35,0.05,0.45,1.2,35.36718284860253,861509.401481042,861509.41190811
13423,eye1,pmrnet,loop,25.14911792241037,0.02,0.43155206367373466,8.067902061156929,0.3360679838806391,0.08,0.35,0.05,0.45,1.2,36.13464003112167,861509.413500102,861509.422335984
13424,eye1,pmrnet,loop,22.75179699063301,0.02,0.28695794753730297,3.769378992728889,0.9295259369537234,0.08,0.35,0.05,0.45,1.2,29.887659867852925,861509.423021727,861509.428007819
13425,eye1,pmrnet,loop,24.71156499814242,0.02,0.2925720764324069,8.113967021927238,0.19716890528798103,0.08,0.35,0.05,0.45,1.2,35.465273001790045,861509.42943263,861509.438036589
13426,eye1,pmrnet,loop,21.908492082729936,0.02,0.5022229161113501,3.257910953834653,1.2821020791307092,0.08,0.35,0.05,0.45,1.2,29.100728031806646,861509.43825987,861509.443302341
13427,eye1,pmrnet,loop,26.657703914679587,0.02,0.3711709287017584,9.538264013826847,0.6958210142329335,0.08,0.35,0.05,0.45,1.2,39.412959871441124,861509.445515071,861509.45612065
13428,eye1,pmrnet,loop,24.21276899985969,0.02,0.3186779795214534,4.23481606412679,0.8373180171474814,0.08,0.35,0.05,0.45,1.2,31.753581060655414,861509.456353733,861509.461744799
13429,eye1,pmrnet,loop,25.455608032643795,0.02,0.38325705099850893,7.291716989129782,0.9073721012100577,0.08,0.35,0.05,0.45,1.2,36.18795417398214,861509.462473932,861509.471056672
13430,eye1,pmrnet,loop,22.523447056300938,0.02,0.3024049801751971,3.321083029732108,1.313354936428368,0.08,0.35,0.05,0.45,1.2,29.61029000263661,861509.471256334,861509.476193424
13431,eye1,pmrnet,loop,20.63860697671771,0.02,0.2652930561453104,3.76796699129045,0.935116084292531,0.08,0.35,0.05,0.45,1.2,27.756983108446,861509.477408892,861509.482377505
13432,eye1,pmrnet,loop,25.965353939682245,0.02,0.41365495417267084,9.501826018095016,0.36290299613028765,0.08,0.35,0.05,0.45,1.2,38.39373790808022,861509.485494044,861509.495772903
13433,eye1,pmrnet,loop,27.10223593749106,0.02,0.3700879169628024,7.314494112506509,1.1864460539072752,0.08,0.35,0.05,0.45,1.2,38.123264020867644,861509.496108007,861509.504979284
13434,eye1,pmrnet,loop,23.38306896854192,0.02,0.24918594863265753,3.1845230842009187,0.20961894188076258,0.08,0.35,0.05,0.45,1.2,29.176396943256258,861509.505685526,861509.509329058
13435,eye1,pmrnet,loop,19.852321012876928,0.02,0.27315900661051273,3.642559051513672,0.424435012973845,0.08,0.35,0.05,0.45,1.2,26.342474083974956,861509.50952692,861509.513867341
13436,eye1,pmrnet,loop,19.130734959617257,0.02,0.27952692471444607,3.3122849417850375,0.19496993627399206,0.08,0.35,0.05,0.45,1.2,25.06751676239073,861509.517427797,861509.521214837
13437,eye1,pmrnet,loop,19.044972956180573,0.02,0.2776819746941328,3.306739963591099,0.19180402159690857,0.08,0.35,0.05,0.45,1.2,24.97119891606271,861509.525421477,861509.529197976
13438,eye1,pmrnet,loop,19.28161201067269,0.02,0.2789989812299609,3.529081935994327,0.22110098507255316,0.08,0.35,0.05,0.45,1.2,25.460793912969528,861509.53347423,861509.537503666
13439,eye1,pmrnet,loop,18.890892039053142,0.02,0.27655705343931913,3.2605520682409406,0.20567001774907112,0.08,0.35,0.05,0.45,1.2,24.78367117848247,861509.541438807,861509.545181887
13440,eye1,pmrnet,loop,20.38534206803888,0.02,1.6880120383575559,3.291844972409308,0.35363994538784027,0.08,0.35,0.05,0.45,1.2,27.868839024193583,861509.549412564,861509.554746297
13441,eye1,pmrnet,loop,19.188532955013216,0.02,0.26941101532429457,3.456040984019637,0.4682849394157529,0.08,0.35,0.05,0.45,1.2,25.5322698937729,861509.557424631,861509.561618599
13442,eye1,pmrnet,loop,18.816735013388097,0.02,0.2710600383579731,3.3756030024960637,0.24469196796417236,0.08,0.35,0.05,0.45,1.2,24.858090022206305,861509.565424221,861509.569315817
13443,eye1,pmrnet,loop,19.188117003068328,0.02,0.27001998387277126,3.6993810208514333,0.33389998134225607,0.08,0.35,0.05,0.45,1.2,25.641417989134787,861509.573452617,861509.577756162
13444,eye1,pmrnet,loop,25.511896004900336,0.02,0.37765002343803644,9.441272006370127,0.79767603892833,0.08,0.35,0.05,0.45,1.2,38.27849407363683,861509.58153167,861509.59214871
13445,eye1,pmrnet,loop,27.74738392326981,0.02,0.5214030388742685,9.25448804628104,0.32038299832493067,0.08,0.35,0.05,0.45,1.2,39.993658006750046,861509.592356557,861509.602453264
13446,eye1,pmrnet,loop,24.13380693178624,0.02,0.24946604389697313,3.1876240391284227,0.4136110655963421,0.08,0.35,0.05,0.45,1.2,30.134508080407976,861509.603057779,861509.606908733
13447,eye1,pmrnet,loop,20.368007943034172,0.02,0.2701800549402833,3.4494790015742183,0.3695909399539232,0.08,0.35,0.05,0.45,1.2,26.607257939502595,861509.60712258,861509.611212121
13448,eye1,pmrnet,loop,18.654783023521304,0.02,0.2549099735915661,3.2308560330420732,0.6333439378067851,0.08,0.35,0.05,0.45,1.2,24.923892967961727,861509.613448281,861509.617567668
13449,eye1,pmrnet,loop,18.29154707957059,0.02,0.2570489887148142,3.371056984178722,0.20752206910401583,0.08,0.35,0.05,0.45,1.2,24.277175121568142,861509.621437744,861509.625273616
13450,eye1,pmrnet,loop,24.644554941914976,0.02,0.38095901254564524,9.337486932054162,0.4394750576466322,0.08,0.35,0.05,0.45,1.2,36.952475944161414,861509.629536659,861509.639695027
13451,eye1,pmrnet,loop,27.863965020515025,0.02,0.3736700164154172,9.420353919267654,0.5690059624612331,0.08,0.35,0.05,0.45,1.2,40.37699491865933,861509.640620123,861509.650983589
13452,eye1,pmrnet,loop,31.0396560234949,0.02,0.3680409863591194,9.449054021388292,0.35313598345965147,0.08,0.35,0.05,0.45,1.2,43.35988701470196,861509.652058084,861509.662228687
13454,eye1,pmrnet,loop,20.984189002774656,0.02,0.44891401194036007,3.364949021488428,2.0588109036907554,0.08,0.35,0.05,0.45,1.2,29.006862939894198,861509.662438257,861509.668311192
13455,eye1,pmrnet,loop,24.111122940666974,0.02,0.38112106267362833,9.256514953449368,0.3625409444794059,0.08,0.35,0.05,0.45,1.2,36.261299901269375,861509.669505806,861509.679506524
13456,eye1,pmrnet,loop,26.5973029891029,0.02,0.37023902405053377,9.283939027227461,0.6051540840417147,0.08,0.35,0.05,0.45,1.2,39.00663512442261,861509.679801908,861509.690061673
13457,eye1,pmrnet,loop,30.70576407480985,0.02,0.4019389161840081,9.535769000649452,1.1132759973406792,0.08,0.35,0.05,0.45,1.2,43.90674798898399,861509.691187899,861509.702239305
13459,eye1,pmrnet,loop,24.680500966496766,0.02,0.3683940740302205,9.088562917895615,0.3573549911379814,0.08,0.35,0.05,0.45,1.2,36.64481294956058,861509.702537352,861509.71235213
13460,eye1,pmrnet,loop,27.595620951615274,0.02,0.36977999843657017,9.209885029122233,0.314394012093544,0.08,0.35,0.05,0.45,1.2,39.63967999126762,861509.713441501,861509.723336017
13461,eye1,pmrnet,loop,30.588043970055878,0.02,0.36442698910832405,9.096357971429825,1.3026848901063204,0.08,0.35,0.05,0.45,1.2,43.501513820700346,861509.723633654,861509.734397605
13463,eye1,pmrnet,loop,24.76379892323166,0.02,0.283789006061852,8.790784981101751,0.3565349616110325,0.08,0.35,0.05,0.45,1.2,36.344907872006296,861509.735279844,861509.744711309
13464,eye1,pmrnet,loop,27.118041994981468,0.02,0.36777101922780275,9.329493972472847,0.4220319679006934,0.08,0.35,0.05,0.45,1.2,39.38733895458281,861509.745014884,861509.755134595
13465,eye1,pmrnet,loop,30.753912054933608,0.02,0.2824859693646431,9.231960983015597,1.2721949024125934,0.08,0.35,0.05,0.45,1.2,43.69055390972644,861509.756052911,861509.766839915
13467,eye1,pmrnet,loop,18.893334083259106,0.02,0.6650309078395367,3.2052419846877456,0.19647099543362856,0.08,0.35,0.05,0.45,1.2,25.110077971220015,861509.767050338,861509.771117316
13468,eye1,pmrnet,loop,18.45890993718058,0.02,0.3656490007415414,4.6645409893244505,0.19078701734542847,0.08,0.35,0.05,0.45,1.2,25.829886944591998,861509.773530597,861509.778751901
13469,eye1,pmrnet,loop,24.49612901546061,0.02,1.6589309088885784,9.299707016907632,0.37783500738441944,0.08,0.35,0.05,0.45,1.2,37.98260194864124,861509.781520311,861509.792857237
13470,eye1,pmrnet,loop,26.74392203334719,0.02,0.38927490822970867,9.157503955066204,0.4481850191950798,0.08,0.35,0.05,0.45,1.2,38.88888591583818,861509.793179322,861509.803174695
13471,eye1,pmrnet,loop,24.604931008070707,0.02,0.36912295036017895,4.476179019547999,0.2135309623554349,0.08,0.35,0.05,0.45,1.2,31.81376394033432,861509.804045617,861509.809104836
13472,eye1,pmrnet,loop,26.61639591678977,0.02,0.24130090605467558,9.32250905316323,0.2647100482136011,0.08,0.35,0.05,0.45,1.2,38.594915924221276,861509.809356383,861509.819185246
13473,eye1,pmrnet,loop,23.86777102947235,0.02,1.4252850087359548,3.338992944918573,0.3298049559816718,0.08,0.35,0.05,0.45,1.2,31.11185393910855,861509.819411529,861509.824505867
13474,eye1,pmrnet,loop,26.89581096637994,0.02,0.3796039381995797,9.432862978428602,0.42056397069245577,0.08,0.35,0.05,0.45,1.2,39.27884185370058,861509.825368855,861509.835602312
13475,eye1,pmrnet,loop,24.167848052456975,0.02,0.4713950911536813,4.347761976532638,0.22126000840216875,0.08,0.35,0.05,0.45,1.2,31.35826512854546,861509.835903074,861509.840943918
13476,eye1,pmrnet,loop,19.91039200220257,0.02,0.2658290322870016,3.1591550214216113,0.18329895101487637,0.08,0.35,0.05,0.45,1.2,25.66867500692606,861509.841146826,861509.844755364
13477,eye1,pmrnet,loop,16.611906932666898,0.02,0.35496207419782877,3.4242700785398483,0.21380698308348656,0.08,0.35,0.05,0.45,1.2,22.75494606848806,861509.845532509,861509.849525862
13478,eye1,pmrnet,loop,16.203964012674987,0.02,0.2786190016195178,3.2728560036048293,0.19582395907491446,0.08,0.35,0.05,0.45,1.2,22.101262976974247,861509.85343921,861509.857186802
13479,eye1,pmrnet,loop,15.988691011443734,0.02,0.2500650007277727,3.148383926600218,0.18836604431271553,0.08,0.35,0.05,0.45,1.2,21.72550598308444,861509.861453598,861509.865040682
13480,eye1,pmrnet,loop,15.97614900674671,0.02,0.24046003818511963,3.2159159891307354,0.19491894636303186,0.08,0.35,0.05,0.45,1.2,21.777443980425595,861509.869446561,861509.873098115
13481,eye1,pmrnet,loop,20.136250997893512,0.02,0.2657100558280945,3.1800150172784925,0.1917569898068905,0.08,0.35,0.05,0.45,1.2,25.92373306080699,861509.881689536,861509.885327212
13482,eye1,pmrnet,loop,19.82776098884642,0.02,0.24860596749931574,3.2051890157163143,0.1951520098373294,0.08,0.35,0.05,0.45,1.2,25.62670798189938,861509.889438602,861509.89308779
13483,eye1,pmrnet,loop,19.726619007997215,0.02,0.23806595709174871,3.177669015713036,0.19457994494587183,0.08,0.35,0.05,0.45,1.2,25.48693392574787,861509.897445082,861509.901055631
13484,eye1,pmrnet,loop,19.700646051205695,0.02,0.2625490305945277,3.1714430078864098,0.191977946087718,0.08,0.35,0.05,0.45,1.2,25.47661603577435,861509.905472488,861509.909098735
13485,eye1,pmrnet,loop,19.808112061582506,0.02,0.24237600155174732,3.367286059074104,0.18948595970869064,0.08,0.35,0.05,0.45,1.2,25.757260081917046,861509.913475729,861509.917275122
13486,eye1,pmrnet,loop,19.563163979910314,0.02,0.24440698325634003,3.203522996045649,0.23239804431796074,0.08,0.35,0.05,0.45,1.2,25.393492003530262,861509.92141837,861509.925098969
13487,eye1,pmrnet,loop,20.04543598741293,0.02,0.27202197816222906,3.7398479180410504,0.18969899974763393,0.08,0.35,0.05,0.45,1.2,26.39700488336384,861509.929448648,861509.933650486
13488,eye1,pmrnet,loop,20.50487801898271,0.02,0.36159693263471127,4.050308023579419,0.22523303050547838,0.08,0.35,0.05,0.45,1.2,27.292016005702315,861509.937541468,861509.942178964
13489,eye1,pmrnet,loop,19.570664037019014,0.02,0.2629400696605444,3.4360321005806327,0.1872240100055933,0.08,0.35,0.05,0.45,1.2,25.606860217265783,861509.945427413,861509.949313845
13490,eye1,pmrnet,loop,19.526427960954607,0.02,0.25517295580357313,3.427307936362922,0.22490404080599546,0.08,0.35,0.05,0.45,1.2,25.583812893927096,861509.953430882,861509.957338518
13491,eye1,pmrnet,loop,19.205739023163915,0.02,0.24309603031724691,3.2192040234804153,0.20017498172819614,0.08,0.35,0.05,0.45,1.2,25.01821405868977,861509.961424013,861509.965086752
13492,eye1,pmrnet,loop,19.189225044101477,0.02,0.2651889808475971,3.2009410206228495,0.19712001085281372,0.08,0.35,0.05,0.45,1.2,25.002475056424736,861509.969475741,861509.973139227
13493,eye1,pmrnet,loop,19.060985068790615,0.02,0.24420104455202818,3.201844054274261,0.1966760028153658,0.08,0.35,0.05,0.45,1.2,24.853706170432268,861509.977437004,861509.981079956
13494,eye1,pmrnet,loop,19.34145705308765,0.02,0.24096807464957237,3.552597016096115,0.19569694995880127,0.08,0.35,0.05,0.45,1.2,25.48071909379214,861509.985440044,861509.989429556
13495,eye1,pmrnet,loop,18.962359987199306,0.02,0.26614300440996885,3.2058240612968802,0.19389798399060965,0.08,0.35,0.05,0.45,1.2,24.778225036896764,861509.993453228,861509.99711936
13496,eye1,pmrnet,loop,18.924331991001964,0.02,0.2630559029057622,3.194327000528574,0.23650703951716423,0.08,0.35,0.05,0.45,1.2,24.768221933953463,861510.001456204,861510.005150366
13497,eye1,pmrnet,loop,18.87206605169922,0.02,0.23865490220487118,3.2620050478726625,0.21960504818707705,0.08,0.35,0.05,0.45,1.2,24.74233104996383,861510.009446678,861510.013167198
13498,eye1,pmrnet,loop,18.761460087262094,0.02,0.23871602024883032,3.2231780933216214,0.2201329916715622,0.08,0.35,0.05,0.45,1.2,24.593487192504107,861510.017443287,861510.021125586
13499,eye1,pmrnet,loop,18.75338889658451,0.02,0.24835404474288225,3.2438950147479773,0.23145298473536968,0.08,0.35,0.05,0.45,1.2,24.62709094081074,861510.025462177,861510.029186149
13500,eye1,pmrnet,loop,18.62106192857027,0.02,0.2468320308253169,3.238231991417706,0.19468809477984905,0.08,0.35,0.05,0.45,1.2,24.45081404559314,861510.033442989,861510.037122991
13501,eye1,pmrnet,loop,18.52847693953663,0.02,0.2639100421220064,3.1998949125409126,0.1958920620381832,0.08,0.35,0.05,0.45,1.2,24.338173956237732,861510.041439481,861510.045099574
13502,eye1,pmrnet,loop,18.561467062681913,0.02,0.26491598691791296,3.297014976851642,0.1937949564307928,0.08,0.35,0.05,0.45,1.2,24.46719298288226,861510.049445446,861510.053201476
13503,eye1,pmrnet,loop,18.387741991318762,0.02,0.24713703896850348,3.2113720662891865,0.198149005882442,0.08,0.35,0.05,0.45,1.2,24.194400102458893,861510.05743998,861510.061096868
13504,eye1,pmrnet,loop,18.301952979527414,0.02,0.2404059050604701,3.1609139405190945,0.22754899691790342,0.08,0.35,0.05,0.45,1.2,24.08082182202488,861510.06545087,861510.069080038
4620,eye0,pmrnet,loop,18.38575699366629,0.02,0.27299090288579464,4.457745002582669,0.5589460488408804,0.08,0.35,0.05,0.45,1.2,25.825438947975634,861509.53109961,861509.53638952
4621,eye0,pmrnet,loop,18.212016904726624,0.02,0.25081296917051077,4.2510280618444085,0.7355499546974897,0.08,0.35,0.05,0.45,1.2,25.599407890439032,861509.539047361,861509.544284957
4622,eye0,pmrnet,loop,22.884923964738846,0.02,0.26977702509611845,9.455510997213423,0.2351769944652915,0.08,0.35,0.05,0.45,1.2,34.99538898151368,861509.54706589,861509.557026631
4623,eye0,pmrnet,loop,26.593054994009435,0.02,0.40331005584448576,8.43864493072033,2.010514959692955,0.08,0.35,0.05,0.45,1.2,39.595524940267204,861509.557951297,861509.568804121
4624,eye0,pmrnet,loop,22.389707970432937,0.02,0.2700010081753135,3.1550589483231306,0.21523504983633757,0.08,0.35,0.05,0.45,1.2,28.180002976767717,861509.569029202,861509.572669768
4625,eye0,pmrnet,loop,19.339527003467083,0.02,0.2375290496274829,3.228432033210993,1.3423219788819551,0.08,0.35,0.05,0.45,1.2,26.297810065187512,861509.572880157,861509.577688635
4626,eye0,pmrnet,loop,22.869021981023252,0.02,0.3815549425780773,9.063826990313828,0.704188016243279,0.08,0.35,0.05,0.45,1.2,35.168591930158435,861509.579137117,861509.589287024
4627,eye0,pmrnet,loop,19.14361899252981,0.02,0.25460508186370134,3.4520389745011926,0.4185140132904053,0.08,0.35,0.05,0.45,1.2,25.418777062185107,861509.589505129,861509.593630515
4628,eye0,pmrnet,loop,23.258744040504098,0.02,0.2719940384849906,9.635435068048537,0.8455628994852304,0.08,0.35,0.05,0.45,1.2,36.161736046522854,861509.595060988,861509.605814333
4629,eye0,pmrnet,loop,27.15271699707955,0.02,0.54016406647861,10.11815294623375,0.45081693679094315,0.08,0.35,0.05,0.45,1.2,40.41185094658285,861509.606667525,861509.617777132
4630,eye0,pmrnet,loop,26.30986098665744,0.02,0.40764501318335533,5.38149697240442,1.14045396912843,0.08,0.35,0.05,0.45,1.2,35.389456941373645,861509.618073875,861509.625003785
4631,eye0,pmrnet,loop,28.334527974948287,0.02,0.4600469255819917,8.484815014526248,0.4078190540894866,0.08,0.35,0.05,0.45,1.2,39.83720896914601,861509.625744504,861509.635097517
4633,eye0,pmrnet,loop,16.593259992077947,0.02,0.24991098325699568,3.414268954657018,0.5161169683560729,0.08,0.35,0.05,0.45,1.2,22.923556898348032,861509.635314837,861509.639495353
4634,eye0,pmrnet,loop,22.102207061834633,0.02,0.23922999389469624,9.356681955978274,0.40454405825585127,0.08,0.35,0.05,0.45,1.2,34.252663069963454,861509.643072581,861509.653073356
4635,eye0,pmrnet,loop,26.474637910723686,0.02,3.183643100783229,7.683078991249204,0.6161020137369633,0.08,0.35,0.05,0.45,1.2,40.10746201649308,861509.654031239,861509.665514397
4636,eye0,pmrnet,loop,22.47308799996972,0.02,0.2706139348447323,3.3479640260338783,0.22231589537113905,0.08,0.35,0.05,0.45,1.2,28.46398185621947,861509.665740884,861509.669582028
4637,eye0,pmrnet,loop,18.91513098962605,0.02,0.26992103084921837,3.6199960159137845,0.3763519925996661,0.08,0.35,0.05,0.45,1.2,25.331400028988718,861509.669826587,861509.674093126
4638,eye0,pmrnet,loop,15.868448070250452,0.02,0.24826405569911003,3.3107990166172385,0.4699429264292121,0.08,0.35,0.05,0.45,1.2,22.04745406899601,861509.675086331,861509.679115583
4639,eye0,pmrnet,loop,18.956361105665565,0.02,0.36572793032974005,6.5313950181007385,0.23115798830986023,0.08,0.35,0.05,0.45,1.2,28.234642042405902,861509.683143804,861509.69027245
4640,eye0,pmrnet,loop,15.839183004572988,0.02,0.28075301088392735,3.3569299848750234,0.41877501644194126,0.08,0.35,0.05,0.45,1.2,22.045641016773878,861509.691167609,861509.695224332
4641,eye0,pmrnet,loop,15.419862000271678,0.02,0.26829703710973263,3.1964570516720414,0.2476039808243513,0.08,0.35,0.05,0.45,1.2,21.282220069877802,861509.699161326,861509.702873937
4642,eye0,pmrnet,loop,15.464112046174705,0.02,0.24378206580877304,3.222319995984435,0.4370339447632432,0.08,0.35,0.05,0.45,1.2,21.517248052731155,861509.707083646,861509.710987013
4643,eye0,pmrnet,loop,15.554942074231803,0.02,0.2462619449943304,3.251528018154204,0.551053904928267,0.08,0.35,0.05,0.45,1.2,21.753785942308603,861509.715097964,861509.71914706
4644,eye0,pmrnet,loop,15.594718977808952,0.02,0.2530299825593829,3.456773003563285,0.46274298802018166,0.08,0.35,0.05,0.45,1.2,21.9172649519518,861509.723082737,861509.727255507
4645,eye0,pmrnet,loop,15.367383952252567,0.02,0.2453590277582407,3.4233330516144633,0.35231898073107004,0.08,0.35,0.05,0.45,1.2,21.53839501235634,861509.731075984,861509.735097247
4646,eye0,pmrnet,loop,15.189694007858634,0.02,0.26135402731597424,3.2395259477198124,0.4125229315832257,0.08,0.35,0.05,0.45,1.2,21.253096914477645,861509.739075102,861509.742988759
4647,eye0,pmrnet,loop,19.10941198002547,0.02,0.3762040287256241,7.009364082477987,0.429362989962101,0.08,0.35,0.05,0.45,1.2,29.07434308119118,861509.747162122,861509.754977417
4648,eye0,pmrnet,loop,15.65587695222348,0.02,0.27310801669955254,3.605570993386209,0.5392179591581225,0.08,0.35,0.05,0.45,1.2,22.223773921467362,861509.75517466,861509.75959284
4649,eye0,pmrnet,loop,15.171609004028141,0.02,0.2674049464985728,3.2281720777973533,0.6001600995659828,0.08,0.35,0.05,0.45,1.2,21.41734612789005,861509.763081414,861509.767177395
4650,eye0,pmrnet,loop,15.829041949473321,0.02,0.38539606612175703,3.6942199803888798,0.6883809110149741,0.08,0.35,0.05,0.45,1.2,22.74703890699893,861509.771135733,861509.775904113
4651,eye0,pmrnet,loop,14.849792001768947,0.02,0.2441739197820425,3.464962006546557,0.214171945117414,0.08,0.35,0.05,0.45,1.2,20.92309987321496,861509.779070354,861509.782993892
4652,eye0,pmrnet,loop,14.994333032518625,0.02,0.29362901113927364,3.2741359900683165,0.4950260045006871,0.08,0.35,0.05,0.45,1.2,21.2071240382269,861509.787144291,861509.79120733
4653,eye0,pmrnet,loop,14.814501977525651,0.02,0.25771104265004396,3.341123927384615,0.4008449614048004,0.08,0.35,0.05,0.45,1.2,20.96418190896511,861509.795096689,861509.799096581
4654,eye0,pmrnet,loop,15.607032924890518,0.02,0.24792400654405355,3.7657020147889853,0.7887479150667787,0.08,0.35,0.05,0.45,1.2,22.559406861290334,861509.8031555,861509.807958102
4655,eye0,pmrnet,loop,16.32903201971203,0.02,0.3661989467218518,4.638866987079382,0.598335056565702,0.08,0.35,0.05,0.45,1.2,24.082433010078965,861509.811145386,861509.816749101
4656,eye0,pmrnet,loop,15.957909054122865,0.02,0.2368789864704013,4.037017934024334,1.0899249464273453,0.08,0.35,0.05,0.45,1.2,23.471730921044944,861509.819083008,861509.824447057
4657,eye0,pmrnet,loop,20.844184909947217,0.02,0.3912471001967788,9.480617009103298,0.379434903152287,0.08,0.35,0.05,0.45,1.2,33.245483922399586,861509.827150703,861509.837402341
2,eye0,pmrnet,loop,60.79441600013524,0.02,1.230600057169795,38.41652593109757,1.0244159493595362,0.08,0.35,0.05,0.45,1.2,103.61595793776215,861510.098081502,861510.138753449
7,eye0,pmrnet,loop,30.566596891731024,0.02,0.4934819880872965,6.8392890971153975,2.5619639782235026,0.08,0.35,0.05,0.45,1.2,42.61133195515722,861510.14029603,861510.150191035
8,eye0,pmrnet,loop,29.938348103314638,0.02,0.45316293835639954,6.135880947113037,0.7040010532364249,0.08,0.35,0.05,0.45,1.2,39.3813930420205,861510.150602717,861510.157895984
9,eye0,pmrnet,loop,32.99683809746057,0.02,0.658640987239778,7.821293082088232,1.050262013450265,0.08,0.35,0.05,0.45,1.2,44.67703418023885,861510.159757241,861510.169287831
10,eye0,pmrnet,loop,34.26257707178593,0.02,0.44784601777791977,7.8497829381376505,0.8829639991745353,0.08,0.35,0.05,0.45,1.2,45.59317002687604,861510.169705603,861510.178886398
11,eye0,pmrnet,loop,37.16805507428944,0.02,0.40732091292738914,8.89741606079042,0.7254580268636346,0.08,0.35,0.05,0.45,1.2,49.34825007487089,861510.180094451,861510.190124894
13,eye0,pmrnet,loop,30.894757015630603,0.02,0.44867093674838543,8.58222204260528,0.9499100269749761,0.08,0.35,0.05,0.45,1.2,43.025560021959244,861510.190536219,861510.200517213
14,eye0,pmrnet,loop,36.72154597006738,0.02,0.6089200032874942,9.678547969087958,1.935534062795341,0.08,0.35,0.05,0.45,1.2,51.09454800523818,861510.202453844,861510.214677338
16,eye0,pmrnet,loop,31.787685002200305,0.02,1.7287300433963537,8.394167991355062,0.8269520476460457,0.08,0.35,0.05,0.45,1.2,44.887535084597765,861510.215459155,861510.226409401
17,eye0,pmrnet,loop,36.45601705648005,0.02,0.6027270574122667,9.802396059967577,0.7215869845822453,0.08,0.35,0.05,0.45,1.2,49.732727158442145,861510.228283717,861510.239410864
19,eye0,pmrnet,loop,29.3019040254876,0.02,0.4732710076496005,6.437245989218354,2.2090079728513956,0.08,0.35,0.05,0.45,1.2,40.57142899520695,861510.239802236,861510.248922265
20,eye0,pmrnet,loop,32.67582901753485,0.02,0.6700379308313131,8.569751982577145,0.6255420157685876,0.08,0.35,0.05,0.45,1.2,44.6911609467119,861510.250763827,861510.260629534
21,eye0,pmrnet,loop,35.458332975395024,0.02,1.56675698235631,8.098109974525869,1.0233179200440645,0.08,0.35,0.05,0.45,1.2,48.29651785232127,861510.261055656,861510.271744118
13505,eye1,pmrnet,loop,18.25372304301709,0.02,0.2533470978960395,3.207964007742703,0.1990479649975896,0.08,0.35,0.05,0.45,1.2,24.06408211365342,861510.073440021,861510.077100676
13506,eye1,pmrnet,loop,18.163094064220786,0.02,0.23938599042594433,3.1921640038490295,0.19906298257410526,0.08,0.35,0.05,0.45,1.2,23.943707041069864,861510.081448325,861510.085079197
13507,eye1,pmrnet,loop,18.19021999835968,0.02,0.2685070503503084,3.2683589961379766,0.20189897622913122,0.08,0.35,0.05,0.45,1.2,24.078985021077095,861510.089436241,861510.09317527
13508,eye1,pmrnet,loop,18.787615932524204,0.02,0.27158798184245825,3.353053005412221,0.7402529008686543,0.08,0.35,0.05,0.45,1.2,25.302509820647536,861510.097476329,861510.101841491
13509,eye1,pmrnet,loop,18.173533957451582,0.02,0.2920950064435601,3.3374630147591233,0.21123199257999659,0.08,0.35,0.05,0.45,1.2,24.16432397123426,861510.105455427,861510.109296466
13510,eye1,pmrnet,loop,18.45112000592053,0.02,0.5021609831601381,3.4999249037355185,0.19292894285172224,0.08,0.35,0.05,0.45,1.2,24.796134835667907,861510.11344785,861510.117643105
13511,eye1,pmrnet,loop,18.998190062120557,0.02,0.2948710462078452,4.128097905777395,0.3190611023455858,0.08,0.35,0.05,0.45,1.2,25.89022011645138,861510.121516865,861510.126259166
13512,eye1,pmrnet,loop,18.61425000242889,0.02,0.2996179973706603,3.4141819924116135,0.692462082952261,0.08,0.35,0.05,0.45,1.2,25.170512075163423,861510.12953776,861510.133944264
13513,eye1,pmrnet,loop,22.68741000443697,0.02,0.2875489881262183,5.844426923431456,2.439663978293538,0.08,0.35,0.05,0.45,1.2,33.40904989428819,861510.137514404,861510.146086257
13514,eye1,pmrnet,loop,19.107836997136474,0.02,0.25859102606773376,3.460110048763454,0.19704701844602823,0.08,0.35,0.05,0.45,1.2,25.173585090413688,861510.146659707,861510.15057572
13515,eye1,pmrnet,loop,29.710907954722643,0.02,3.713982063345611,11.293652933090925,0.7470089476555586,0.08,0.35,0.05,0.45,1.2,47.615551898814736,861510.153491704,861510.16924677
13517,eye1,pmrnet,loop,24.985356954857707,0.02,0.4182250704616308,9.265140048228204,0.35432795993983746,0.08,0.35,0.05,0.45,1.2,37.17305003348738,861510.17062158,861510.180659751
13518,eye1,pmrnet,loop,25.898722931742668,0.02,0.37642603274434805,6.276071071624756,2.026967005804181,0.08,0.35,0.05,0.45,1.2,36.72818704191595,861510.180962921,861510.189642752
13519,eye1,pmrnet,loop,28.00289203878492,0.02,0.40717795491218567,6.655846023932099,2.013840014114976,0.08,0.35,0.05,0.45,1.2,39.22975603174418,861510.19073867,861510.199815919
13520,eye1,pmrnet,loop,26.184707996435463,0.02,0.28231204487383366,3.32012795843184,2.4371190229430795,0.08,0.35,0.05,0.45,1.2,34.374267022684215,861510.200027813,861510.206067604
13521,eye1,pmrnet,loop,23.25334004126489,0.02,0.25671999901533127,3.714188002049923,0.9611030109226704,0.08,0.35,0.05,0.45,1.2,30.335351053252815,861510.206273033,861510.21120527
13522,eye1,pmrnet,loop,19.595224992372096,0.02,0.25116896722465754,3.2257960410788655,0.20326906815171242,0.08,0.35,0.05,0.45,1.2,25.42545906882733,861510.211935664,861510.215616174
13523,eye1,pmrnet,loop,19.79342696722597,0.02,0.4575289785861969,3.5573140485212207,2.4079110007733107,0.08,0.35,0.05,0.45,1.2,28.366180995106696,861510.217460519,861510.223883535
13524,eye1,pmrnet,loop,19.626565044745803,0.02,0.2775440225377679,3.576204995624721,2.450736006721854,0.08,0.35,0.05,0.45,1.2,28.081050069630145,861510.225480695,861510.231785458
13525,eye1,pmrnet,loop,18.037758069112897,0.02,0.2559559652581811,3.7077199667692184,0.8441800018772483,0.08,0.35,0.05,0.45,1.2,24.995614003017543,861510.233457629,861510.238265687
13526,eye1,pmrnet,loop,21.45088405814022,0.02,4.644474945962429,3.303764038719237,0.3350269980728626,0.08,0.35,0.05,0.45,1.2,31.884150040894745,861510.241464353,861510.249747849
13527,eye1,pmrnet,loop,23.92234990838915,0.02,0.4048199625685811,7.780965999700129,1.5421799616888165,0.08,0.35,0.05,0.45,1.2,35.800315832346676,861510.25056003,861510.260288349
13528,eye1,pmrnet,loop,24.40157299861312,0.02,0.27940492145717144,5.170903983525932,2.8831609524786472,0.08,0.35,0.05,0.45,1.2,34.88504285607487,861510.26050287,861510.268836543
13529,eye1,pmrnet,loop,26.36105101555586,0.02,0.3885299665853381,6.299745058640838,2.5099320337176323,0.08,0.35,0.05,0.45,1.2,37.709258074499665,861510.26966596,861510.278864645
13530,eye1,pmrnet,loop,30.122420052066445,0.02,0.3567179664969444,10.743567952886224,0.4292239900678396,0.08,0.35,0.05,0.45,1.2,43.80192996151745,861510.279165505,861510.290695415
13532,eye1,pmrnet,loop,23.100800928659737,0.02,0.9851600043475628,4.171489970758557,2.6463449466973543,0.08,0.35,0.05,0.45,1.2,33.05379585046321,861510.292008362,861510.299811677
13533,eye1,pmrnet,loop,19.71476001199335,0.02,0.2983270678669214,3.5448840353637934,0.6081419996917248,0.08,0.35,0.05,0.45,1.2,26.316113114915787,861510.300042867,861510.304494491
13534,eye1,pmrnet,loop,19.527603057213128,0.02,0.3151110140606761,4.094487987458706,2.4108849465847015,0.08,0.35,0.05,0.45,1.2,28.49808700531721,861510.305555927,861510.312376653
13535,eye1,pmrnet,loop,16.554457019083202,0.02,0.27013407088816166,3.4275990910828114,0.20645791664719582,0.08,0.35,0.05,0.45,1.2,22.60864809770137,861510.313568044,861510.317472462
13536,eye1,pmrnet,loop,23.791813990101218,0.02,0.2873869379982352,9.822678985074162,1.1678519658744335,0.08,0.35,0.05,0.45,1.2,37.21973187904805,861510.321499867,861510.332778206
13537,eye1,pmrnet,loop,27.996317949146032,0.02,0.4420159384608269,8.780525997281075,1.9826849456876516,0.08,0.35,0.05,0.45,1.2,41.351544830575584,861510.333846515,861510.345052082
13538,eye1,pmrnet,loop,27.631609002128243,0.02,0.2680830657482147,4.39678190741688,2.805160009302199,0.08,0.35,0.05,0.45,1.2,37.251633984595536,861510.345285947,861510.35275626
13539,eye1,pmrnet,loop,29.922640067525208,0.02,0.37435791455209255,6.869208998978138,2.4161720648407936,0.08,0.35,0.05,0.45,1.2,41.73237904589623,861510.353456554,861510.363116675
13540,eye1,pmrnet,loop,26.81041997857392,0.02,0.2962009748443961,3.442351007834077,1.0090520372614264,0.08,0.35,0.05,0.45,1.2,33.708023998513816,861510.363325697,861510.368073513
13541,eye1,pmrnet,loop,26.316024945117533,0.02,0.2847809810191393,4.439090029336512,2.645639004185796,0.08,0.35,0.05,0.45,1.2,35.83553495965898,861510.368277832,861510.375647607
13542,eye1,pmrnet,loop,30.563942971639335,0.02,0.3776869270950556,10.597913060337305,0.4347070353105664,0.08,0.35,0.05,0.45,1.2,44.12424999438226,861510.37655362,861510.387964366
13543,eye1,pmrnet,loop,32.41919807624072,0.02,0.4076530458405614,8.863252005539834,0.32928993459790945,0.08,0.35,0.05,0.45,1.2,44.16939306221903,861510.388288766,861510.397889287
13545,eye1,pmrnet,loop,24.509817943908274,0.02,0.30937499832361937,4.8031199257820845,2.407875028438866,0.08,0.35,0.05,0.45,1.2,34.18018789645284,861510.39859732,861510.406117897
13546,eye1,pmrnet,loop,20.532727940008044,0.02,0.25970302522182465,3.2652239315211773,0.3589770058169961,0.08,0.35,0.05,0.45,1.2,26.56663190256804,861510.406325603,861510.41020974
13547,eye1,pmrnet,loop,22.255777032114565,0.02,0.2510050544515252,3.6473380168899894,2.589666983112693,0.08,0.35,0.05,0.45,1.2,30.89378708656877,861510.413513496,861510.420001782
13548,eye1,pmrnet,loop,21.746144047938287,0.02,0.2642279723659158,3.3053619554266334,2.489267964847386,0.08,0.35,0.05,0.45,1.2,29.95500194057822,861510.421501982,861510.427561082
13549,eye1,pmrnet,loop,20.44268895406276,0.02,0.25694200303405523,3.66699299775064,0.5114329978823662,0.08,0.35,0.05,0.45,1.2,27.02805695272982,861510.429891128,861510.434326738
13550,eye1,pmrnet,loop,21.32744702976197,0.02,0.28978707268834114,5.144053953699768,0.3477489808574319,0.08,0.35,0.05,0.45,1.2,29.25903703700751,861510.43749858,861510.443280419
13551,eye1,pmrnet,loop,23.758686962537467,0.02,0.2459649695083499,5.463966983370483,2.578972023911774,0.08,0.35,0.05,0.45,1.2,34.19759093932807,861510.445491363,861510.453780525
13552,eye1,pmrnet,loop,23.83846405427903,0.02,0.26338198222219944,5.213830037973821,2.43344996124506,0.08,0.35,0.05,0.45,1.2,33.89912603572011,861510.454018553,861510.461929431
13553,eye1,pmrnet,loop,21.451778942719102,0.02,0.27219904586672783,3.8051559822633862,0.8646410424262285,0.08,0.35,0.05,0.45,1.2,28.543775013275443,861510.462669638,861510.467611884
13554,eye1,pmrnet,loop,21.719784010201693,0.02,0.2815700136125088,3.6542509915307164,2.5069790426641703,0.08,0.35,0.05,0.45,1.2,30.312584058009087,861510.469505677,861510.475948742
13555,eye1,pmrnet,loop,22.595845046453178,0.02,0.2869840245693922,4.451778018847108,2.6083369739353657,0.08,0.35,0.05,0.45,1.2,32.09294406380504,861510.477545911,861510.48489342
13556,eye1,pmrnet,loop,19.577707978896797,0.02,0.30004396103322506,3.4027170622721314,0.2191800158470869,0.08,0.35,0.05,0.45,1.2,25.64964901804924,861510.486022449,861510.489944673
13557,eye1,pmrnet,loop,20.59169509448111,0.02,0.27356401551514864,4.889370989985764,0.32737699802964926,0.08,0.35,0.05,0.45,1.2,28.23200709801167,861510.493537291,861510.499027846
13558,eye1,pmrnet,loop,22.345438948832452,0.02,0.28512696735560894,4.849937977269292,2.1721660159528255,0.08,0.35,0.05,0.45,1.2,31.802669909410177,861510.501543071,861510.508850545
13559,eye1,pmrnet,loop,25.687729939818382,0.02,0.38756499998271465,9.675955050624907,0.3263360122218728,0.08,0.35,0.05,0.45,1.2,38.227586002647875,861510.509872355,861510.52026257
13560,eye1,pmrnet,loop,25.153586990199983,0.02,0.27423608116805553,4.625255009159446,2.4043689481914043,0.08,0.35,0.05,0.45,1.2,34.60744702871889,861510.520493488,861510.527797624
13561,eye1,pmrnet,loop,28.99832499679178,0.02,0.40035799611359835,10.236894013360143,0.47501898370683193,0.08,0.35,0.05,0.45,1.2,42.26059598997235,861510.528597771,861510.53971052
13562,eye1,pmrnet,loop,25.5620350362733,0.02,0.3935738932341337,3.547901986166835,0.3454639809206128,0.08,0.35,0.05,0.45,1.2,31.99897489659488,861510.540056763,861510.544344037
13563,eye1,pmrnet,loop,25.040923967026174,0.02,0.25065604131668806,4.69865498598665,2.4023200385272503,0.08,0.35,0.05,0.45,1.2,34.54255503285676,861510.544540078,861510.551891988
13564,eye1,pmrnet,loop,21.683695958927274,0.02,0.25943899527192116,3.1988139962777495,0.21595798898488283,0.08,0.35,0.05,0.45,1.2,27.507906939461826,861510.552929262,861510.556603748
13565,eye1,pmrnet,loop,22.206705063581467,0.02,0.37437607534229755,4.525310010649264,2.747533959336579,0.08,0.35,0.05,0.45,1.2,32.003925108909606,861510.557548069,861510.565195619
13566,eye1,pmrnet,loop,18.85913999285549,0.02,0.25355699472129345,3.6438530078157783,0.4893009318038821,0.08,0.35,0.05,0.45,1.2,25.39585092719644,861510.565530158,861510.569917089
13567,eye1,pmrnet,loop,26.147477910853922,0.02,0.2486550947651267,8.667484973557293,2.802181988954544,0.08,0.35,0.05,0.45,1.2,40.015799968130885,861510.573555275,861510.58527393
13568,eye1,pmrnet,loop,30.75619402807206,0.02,1.3148670550435781,10.73058694601059,0.3324029967188835,0.08,0.35,0.05,0.45,1.2,45.28405102584511,861510.58557394,861510.597952211
13570,eye1,pmrnet,loop,23.7211340572685,0.02,0.4816839937120676,4.81299206148833,2.713453024625778,0.08,0.35,0.05,0.45,1.2,33.879263137094675,861510.599046676,861510.607055055
13571,eye1,pmrnet,loop,19.8125900933519,0.02,0.30202302150428295,3.331144922412932,0.31969102565199137,0.08,0.35,0.05,0.45,1.2,25.915449062921105,861510.607262392,861510.611215526
13572,eye1,pmrnet,loop,21.64491591975093,0.02,0.27780397795140743,5.234508076682687,2.0769790280610323,0.08,0.35,0.05,0.45,1.2,31.384207002446054,861510.613527288,861510.621116853
13573,eye1,pmrnet,loop,23.65400898270309,0.02,0.2498989924788475,6.853824947029352,2.358830999583006,0.08,0.35,0.05,0.45,1.2,35.266563921794294,861510.621732002,861510.631194825
13574,eye1,pmrnet,loop,23.699232027865946,0.02,0.2818549983203411,4.9611220601946115,2.658657031133771,0.08,0.35,0.05,0.45,1.2,33.75086611751467,861510.631407056,861510.639309034
13575,eye1,pmrnet,loop,20.174561068415642,0.02,0.25946099776774645,3.2965990249067545,0.3368949983268976,0.08,0.35,0.05,0.45,1.2,26.21751608941704,861510.639960491,861510.643853677
13576,eye1,pmrnet,loop,20.311862928792834,0.02,0.2863500267267227,3.500388003885746,2.7343520196154714,0.08,0.35,0.05,0.45,1.2,28.982952979020773,861510.64553861,861510.652059929
13577,eye1,pmrnet,loop,21.94949402473867,0.02,0.27798896189779043,5.54727204144001,2.4132479447871447,0.08,0.35,0.05,0.45,1.2,32.33800297286361,861510.653527475,861510.661766258
13578,eye1,pmrnet,loop,24.349736981093884,0.02,0.39412896148860455,6.200131960213184,2.6350989937782288,0.08,0.35,0.05,0.45,1.2,35.7290968965739,861510.663005827,861510.672235563
13579,eye1,pmrnet,loop,20.8755909698084,0.02,0.2647669753059745,3.805606975220144,0.3220320213586092,0.08,0.35,0.05,0.45,1.2,27.417996941693126,861510.672437842,861510.676830493
13581,eye1,pmrnet,loop,17.829929944127798,0.02,0.31385698821395636,3.225296037271619,0.41717500425875187,0.08,0.35,0.05,0.45,1.2,23.936257973872124,861510.685966289,861510.68992292
13582,eye1,pmrnet,loop,18.805506988428533,0.02,0.2829600125551224,4.858396947383881,0.32321701291948557,0.08,0.35,0.05,0.45,1.2,26.42008096128702,861510.693502483,861510.6989673
13583,eye1,pmrnet,loop,20.273359958082438,0.02,0.2654870040714741,4.596271901391447,2.1550649544224143,0.08,0.35,0.05,0.45,1.2,29.44018381796777,861510.701487412,861510.708504444
13584,eye1,pmrnet,loop,20.236924989148974,0.02,0.3332339692860842,4.2880160035565495,2.4315209593623877,0.08,0.35,0.05,0.45,1.2,29.439695921353994,861510.70948398,861510.716536977
13585,eye1,pmrnet,loop,16.869925893843174,0.02,0.28794107493013144,3.1672859331592917,0.21360500250011683,0.08,0.35,0.05,0.45,1.2,22.688757904432713,861510.717569785,861510.721238828
13586,eye1,pmrnet,loop,17.899393918924034,0.02,0.6255189655348659,3.955918946303427,0.1985318958759308,0.08,0.35,0.05,0.45,1.2,24.829363726638256,861510.725557359,861510.73033756
13587,eye1,pmrnet,loop,20.277370000258088,0.02,0.5852649919688702,4.5537929981946945,2.1275500766932964,0.08,0.35,0.05,0.45,1.2,29.693978067114948,861510.733517465,861510.740784303
13588,eye1,pmrnet,loop,19.860823056660593,0.02,0.3459199797362089,4.158043069764972,2.400798024609685,0.08,0.35,0.05,0.45,1.2,28.915584130771457,861510.741531948,861510.748436915
13589,eye1,pmrnet,loop,24.57404008600861,0.02,0.5627169739454985,10.615485021844506,0.4719129065051675,0.08,0.35,0.05,0.45,1.2,38.37415498830378,861510.749567495,861510.761218036
13590,eye1,pmrnet,loop,26.877232012338936,0.02,0.41065493132919073,9.072662913240492,0.5740629276260734,0.08,0.35,0.05,0.45,1.2,39.08461278453469,861510.761533481,861510.771591169
13591,eye1,pmrnet,loop,27.036922983825207,0.02,0.2677220618352294,4.842302994802594,2.5521949864923954,0.08,0.35,0.05,0.45,1.2,36.849143026955424,861510.772156762,861510.779819333
13592,eye1,pmrnet,loop,28.015563962981105,0.02,0.270458054728806,6.04486302472651,2.387691056355834,0.08,0.35,0.05,0.45,1.2,38.86857609879225,861510.780164377,861510.788867644
13593,eye1,pmrnet,loop,25.192760047502816,0.02,0.2645730273798108,3.4280240070074797,0.9658599738031626,0.08,0.35,0.05,0.45,1.2,32.00121705569327,861510.789455073,861510.794113754
13594,eye1,pmrnet,loop,28.545615961775184,0.02,0.2862799447029829,8.45921109430492,2.440224983729422,0.08,0.35,0.05,0.45,1.2,41.88133198451251,861510.794349448,861510.805535415
13596,eye1,pmrnet,loop,20.402712048962712,0.02,0.9755690116435289,3.9682650240138173,2.427509054541588,0.08,0.35,0.05,0.45,1.2,29.924055139161645,861510.806159111,861510.81353066
13597,eye1,pmrnet,loop,30.289747985079885,0.02,0.5662690382450819,10.508539038710296,2.855828031897545,0.08,0.35,0.05,0.45,1.2,46.370384093932806,861510.817554993,861510.831486101
13598,eye1,pmrnet,loop,33.785553998313844,0.02,0.4885910311713815,9.293771930970252,0.41668303310871124,0.08,0.35,0.05,0.45,1.2,46.134599993564194,861510.832851925,861510.843051351
13600,eye1,pmrnet,loop,21.72534493729472,0.02,0.4166750004515052,3.138342988677323,0.3151629352942109,0.08,0.35,0.05,0.45,1.2,27.74552586171776,861510.843259413,861510.847129819
13601,eye1,pmrnet,loop,26.34847001172602,0.02,0.5542680155485868,9.392790962010622,0.2460189862176776,0.08,0.35,0.05,0.45,1.2,38.69154797550291,861510.849629102,861510.85982254
13602,eye1,pmrnet,loop,29.70153803471476,0.02,0.41182897984981537,9.518706006929278,0.37252099718898535,0.08,0.35,0.05,0.45,1.2,42.154594018682836,861510.860940537,861510.871244068
13603,eye1,pmrnet,loop,31.26183699350804,0.02,0.4074210301041603,8.722844067960978,0.20103598944842815,0.08,0.35,0.05,0.45,1.2,42.743138081021606,861510.871542248,861510.880873921
13605,eye1,pmrnet,loop,23.730529937893152,0.02,0.3047400387004018,4.794143023900688,2.65250401571393,0.08,0.35,0.05,0.45,1.2,33.63191701620818,861510.881728999,861510.889480621
13606,eye1,pmrnet,loop,19.782838062383235,0.02,0.2975519746541977,3.2935600029304624,0.32413401640951633,0.08,0.35,0.05,0.45,1.2,25.84808405637741,861510.889686179,861510.893601665
13607,eye1,pmrnet,loop,29.904302093200386,0.02,0.26343297213315964,11.691375053487718,2.2886700462549925,0.08,0.35,0.05,0.45,1.2,46.297780165076254,861510.897548623,861510.91179236
13608,eye1,pmrnet,loop,32.08307491149753,0.02,1.2945350026711822,5.536257987841964,2.406034036539495,0.08,0.35,0.05,0.45,1.2,43.46990193855018,861510.912803015,861510.922040098
13610,eye1,pmrnet,loop,28.9722450543195,0.02,0.27445692103356123,10.064649977721274,2.481269999407232,0.08,0.35,0.05,0.45,1.2,43.942621952481566,861510.922245611,861510.935066332
13611,eye1,pmrnet,loop,32.21529501024634,0.02,0.42084301821887493,9.488692972809076,0.3257050411775708,0.08,0.35,0.05,0.45,1.2,44.600536042451864,861510.936143699,861510.946379313
13613,eye1,pmrnet,loop,24.82869999948889,0.02,0.42252603452652693,5.599304917268455,2.521871938370168,0.08,0.35,0.05,0.45,1.2,35.52240288965404,861510.94658657,861510.955130528
13614,eye1,pmrnet,loop,30.84681194741279,0.02,0.3898459253832698,10.461886995472014,2.5008509401232004,0.08,0.35,0.05,0.45,1.2,46.34939580839127,861510.955864866,861510.969217881
23,eye0,pmrnet,loop,28.431007987819612,0.02,0.5375840701162815,6.425491068512201,1.0553819593042135,0.08,0.35,0.05,0.45,1.2,38.59946508575231,861510.273364414,861510.281383107
24,eye0,pmrnet,loop,29.60989996790886,0.02,0.4222790012136102,7.8484900295734406,0.8656990248709917,0.08,0.35,0.05,0.45,1.2,40.8963680235669,861510.281758251,861510.290894994
25,eye0,pmrnet,loop,35.116022918373346,0.02,0.40204706601798534,9.085108991712332,2.885520923882723,0.08,0.35,0.05,0.45,1.2,49.63869989998639,861510.29236023,861510.304733204
26,eye0,pmrnet,loop,37.6626179786399,0.02,0.5002499092370272,8.299405919387937,1.6536540351808071,0.08,0.35,0.05,0.45,1.2,50.26592784244568,861510.305159396,861510.315612981
28,eye0,pmrnet,loop,30.649921973235905,0.02,0.4411749541759491,6.151890032924712,1.6773019451647997,0.08,0.35,0.05,0.45,1.2,41.070288905501364,861510.316995828,861510.32526657
29,eye0,pmrnet,loop,31.817560899071395,0.02,0.4281640285626054,7.727204007096589,0.9623869555070996,0.08,0.35,0.05,0.45,1.2,43.08531589023769,861510.325649327,861510.334767381
30,eye0,pmrnet,loop,34.14068999700248,0.02,0.42529997881501913,7.707692915573716,0.6213639862835407,0.08,0.35,0.05,0.45,1.2,45.045046877674764,861510.336668859,861510.345423521
34,eye0,pmrnet,loop,33.26126909814775,0.02,0.5427829455584288,8.096309029497206,0.7668329635635018,0.08,0.35,0.05,0.45,1.2,44.81719403676689,861510.368469935,861510.377876121
35,eye0,pmrnet,loop,35.077951033599675,0.02,0.44475600589066744,7.780151907354593,0.8452520705759525,0.08,0.35,0.05,0.45,1.2,46.298111017420894,861510.378955495,861510.38802592
36,eye0,pmrnet,loop,36.78615007083863,0.02,0.5248399684205651,8.003343944437802,1.0837499285116792,0.08,0.35,0.05,0.45,1.2,48.54808391220868,861510.388454689,861510.398066944
38,eye0,pmrnet,loop,32.52219199202955,0.02,0.436282018199563,8.084011962637305,2.657787990756333,0.08,0.35,0.05,0.45,1.2,45.850273963622755,861510.39929059,861510.410469012
41,eye0,pmrnet,loop,30.92475002631545,0.02,0.47719001304358244,6.250269012525678,2.680407022126019,0.08,0.35,0.05,0.45,1.2,42.48261607401073,861510.424461319,861510.433869414
43,eye0,pmrnet,loop,34.58892705384642,0.02,0.4163219127804041,8.861178066581488,0.6619779160246253,0.08,0.35,0.05,0.45,1.2,46.67840494923294,861510.444259892,861510.454199579
46,eye0,pmrnet,loop,33.42140500899404,0.02,0.6321340333670378,8.408977999351919,0.4701460711658001,0.08,0.35,0.05,0.45,1.2,45.082663112878805,861510.468519721,861510.478031254
47,eye0,pmrnet,loop,35.7162170112133,0.02,0.4222600255161524,7.881760015152395,1.9070779671892524,0.08,0.35,0.05,0.45,1.2,48.07731501907111,861510.478447375,861510.488658735
48,eye0,pmrnet,loop,37.939255009405315,0.02,0.6343830609694123,7.84172210842371,1.1561110150068998,0.08,0.35,0.05,0.45,1.2,49.72147119380534,861510.489582342,861510.499214806
50,eye0,pmrnet,loop,31.202983926050365,0.02,0.46972197014838457,8.457637974061072,0.5743249785155058,0.08,0.35,0.05,0.45,1.2,42.854668848775326,861510.499642848,861510.509144755
54,eye0,pmrnet,loop,33.495401963591576,0.02,0.6073489785194397,11.178765911608934,1.538523007184267,0.08,0.35,0.05,0.45,1.2,48.97003986090422,861510.531443791,861510.544768915
55,eye0,pmrnet,loop,35.618679015897214,0.02,0.5595700349658728,7.517265970818698,1.82876898907125,0.08,0.35,0.05,0.45,1.2,47.67428401075304,861510.545319032,861510.555225021
58,eye0,pmrnet,loop,33.956904080696404,0.02,0.4451089771464467,7.55645299796015,0.9147269884124398,0.08,0.35,0.05,0.45,1.2,45.023193044215446,861510.569646123,861510.578562728
60,eye0,pmrnet,loop,36.874216981232166,0.02,1.8459920538589358,7.466807030141354,0.8282570634037256,0.08,0.35,0.05,0.45,1.2,49.16527312863619,861510.588004815,861510.59814616
63,eye0,pmrnet,loop,35.49947903957218,0.02,0.6261969683691859,8.677100064232945,0.889444025233388,0.08,0.35,0.05,0.45,1.2,47.842220097407704,861510.611576526,861510.621769508
80,eye0,pmrnet,loop,33.339234068989754,0.02,0.8576520485803485,7.271441048942506,0.7959289941936731,0.08,0.35,0.05,0.45,1.2,44.41425616070629,861510.752344923,861510.761270155
84,eye0,pmrnet,loop,33.4252140019089,0.02,0.4789140075445175,9.92243189830333,0.8162920130416751,0.08,0.35,0.05,0.45,1.2,46.79285192079843,861510.783468239,861510.794686312
96,eye0,pmrnet,loop,32.53761399537325,0.02,0.5927279125899076,8.714969968423247,2.5642759865149856,0.08,0.35,0.05,0.45,1.2,46.559587862901395,861510.881923314,861510.893795601
97,eye0,pmrnet,loop,35.292865009978414,0.02,2.010970958508551,7.787122973240912,0.8900589309632778,0.08,0.35,0.05,0.45,1.2,48.13101787269116,861510.8941954,861510.904883747
99,eye0,pmrnet,loop,29.495068010874093,0.02,0.5944200092926621,7.487260969355702,1.5159560134634376,0.08,0.35,0.05,0.45,1.2,41.24270500298589,861510.906154082,861510.91575209
100,eye0,pmrnet,loop,30.44946293812245,0.02,0.516579020768404,6.706073065288365,1.293929060921073,0.08,0.35,0.05,0.45,1.2,41.11604408510029,861510.916522635,861510.925039437
101,eye0,pmrnet,loop,32.886919914744794,0.02,0.45141903683543205,7.7252419432625175,1.120881992392242,0.08,0.35,0.05,0.45,1.2,44.33446288723499,861510.926510344,861510.935808248
107,eye0,pmrnet,loop,26.887846062891185,0.02,0.9950710227712989,7.102806004695594,0.8648070506751537,0.08,0.35,0.05,0.45,1.2,38.00053014103323,861510.970844879,861510.979807839
108,eye0,pmrnet,loop,32.74102008435875,0.02,0.5796749610453844,9.001727914437652,2.567115006968379,0.08,0.35,0.05,0.45,1.2,47.03953796681017,861510.981845037,861510.993993829
109,eye0,pmrnet,loop,37.476767087355256,0.02,1.1553580407053232,8.064244990237057,2.729722997173667,0.08,0.35,0.05,0.45,1.2,51.57609311547131,861510.995112871,861511.007062418
111,eye0,pmrnet,loop,31.109682051464915,0.02,0.4314510151743889,8.335215970873833,1.1388480197638273,0.08,0.35,0.05,0.45,1.2,43.16519705727696,861511.007455813,861511.017361559
112,eye0,pmrnet,loop,33.99401600472629,0.02,0.4677179967984557,7.644735975190997,2.0460900850594044,0.08,0.35,0.05,0.45,1.2,46.302560061775154,861511.018419789,861511.028578622
119,eye0,pmrnet,loop,28.577595949172974,0.02,0.44462596997618675,8.319709915667772,0.44924800749868155,0.08,0.35,0.05,0.45,1.2,39.94117984231561,861511.072279696,861511.08149351
121,eye0,pmrnet,loop,32.847733004018664,0.02,0.44451397843658924,8.084335015155375,1.2469830689951777,0.08,0.35,0.05,0.45,1.2,44.77356506660581,861511.092652502,861511.102428614
123,eye0,pmrnet,loop,39.57341692876071,0.02,0.45778497587889433,9.057961055077612,2.673927927389741,0.08,0.35,0.05,0.45,1.2,53.91309088710696,861511.113630473,861511.12582042
127,eye0,pmrnet,loop,27.381746913306415,0.02,0.5123669980093837,7.011002046056092,0.9917800780385733,0.08,0.35,0.05,0.45,1.2,38.04689603541046,861511.138445085,861511.146960478
128,eye0,pmrnet,loop,30.800605076365173,0.02,0.4189099417999387,9.103424032218754,1.133324927650392,0.08,0.35,0.05,0.45,1.2,43.60626397803426,861511.148056703,861511.158712628
129,eye0,pmrnet,loop,32.27169800084084,0.02,0.43459702283143997,7.4410379165783525,1.5239199856296182,0.08,0.35,0.05,0.45,1.2,43.82125292588026,861511.159116832,861511.168516617
130,eye0,pmrnet,loop,33.893914078362286,0.02,0.4342159954831004,7.747689029201865,1.0059240739792585,0.08,0.35,0.05,0.45,1.2,45.231743177026516,861511.169283807,861511.178471863
133,eye0,pmrnet,loop,32.4683440849185,0.02,0.5710250698029995,7.879148004576564,1.6862510237842798,0.08,0.35,0.05,0.45,1.2,44.75476818308235,861511.191908332,861511.202045026
138,eye0,pmrnet,loop,37.24732901901007,0.02,0.6008170312270522,9.540617931634188,1.707363990135491,0.08,0.35,0.05,0.45,1.2,51.2461279720068,861511.236639591,861511.248488885
140,eye0,pmrnet,loop,32.47757302597165,0.02,0.5742900539189577,9.66675893869251,1.0897660395130515,0.08,0.35,0.05,0.45,1.2,45.958388058096176,861511.249053839,861511.26038511
145,eye0,pmrnet,loop,37.56510897073895,0.02,1.305288984440267,8.579482091590762,2.4054429959505796,0.08,0.35,0.05,0.45,1.2,52.00532304272056,861511.294845921,861511.307136438
148,eye0,pmrnet,loop,35.32979090232402,0.02,1.033320091664791,9.149004006758332,0.7556260097771883,0.08,0.35,0.05,0.45,1.2,48.41774101052434,861511.31896244,861511.329900725
150,eye0,pmrnet,loop,29.240951989777386,0.02,0.48724503722041845,8.448615088127553,0.6808070465922356,0.08,0.35,0.05,0.45,1.2,41.00761916171759,861511.33086095,861511.340477993
151,eye0,pmrnet,loop,31.965888920240104,0.02,1.2967330403625965,7.83813395537436,1.5039369463920593,0.08,0.35,0.05,0.45,1.2,44.75469286236912,861511.34089689,861511.351535967
152,eye0,pmrnet,loop,34.78954406455159,0.02,0.5621139425784349,7.68797704949975,2.0632019732147455,0.08,0.35,0.05,0.45,1.2,47.25283702984453,861511.352379004,861511.362692539
154,eye0,pmrnet,loop,28.676179004833102,0.02,0.4208000609651208,9.078467031940818,0.66910102032125,0.08,0.35,0.05,0.45,1.2,40.99454711806029,861511.363076564,861511.373245142
13616,eye1,pmrnet,loop,26.530168019235134,0.02,0.31143403612077236,10.674961027689278,0.20709598902612925,0.08,0.35,0.05,0.45,1.2,39.87365907207131,861510.969845029,861510.981038878
13617,eye1,pmrnet,loop,27.036882005631924,0.02,0.290701980702579,4.649593029171228,2.715745009481907,0.08,0.35,0.05,0.45,1.2,36.84292202498764,861510.981958358,861510.989614654
13618,eye1,pmrnet,loop,23.149583023041487,0.02,0.25278201792389154,3.3523619640618563,0.3254909534007311,0.08,0.35,0.05,0.45,1.2,29.230217958427964,861510.989865509,861510.993796392
13619,eye1,pmrnet,loop,23.515259032137692,0.02,0.2409250009804964,4.962863051332533,2.9966409783810377,0.08,0.35,0.05,0.45,1.2,33.86568806283176,861510.994030508,861511.002231153
13620,eye1,pmrnet,loop,20.406946074217558,0.02,0.2699409378692508,3.775620018132031,0.1961119705811143,0.08,0.35,0.05,0.45,1.2,26.798619000799953,861511.0029502,861511.007192096
13621,eye1,pmrnet,loop,21.608686889521778,0.02,0.268244999460876,4.504967015236616,2.034155069850385,0.08,0.35,0.05,0.45,1.2,30.566053974069654,861511.009655154,861511.016462796
13622,eye1,pmrnet,loop,22.05160993617028,0.02,0.2872160403057933,4.453817964531481,2.5617959909141064,0.08,0.35,0.05,0.45,1.2,31.50443993192166,861511.017671671,861511.024974745
13623,eye1,pmrnet,loop,24.34581599663943,0.02,0.2467689337208867,6.553585990332067,2.914194017648697,0.08,0.35,0.05,0.45,1.2,36.21036493834108,861511.025623039,861511.035337857
13624,eye1,pmrnet,loop,20.844210986979306,0.02,0.3031970700249076,3.5663750022649765,0.48544001765549183,0.08,0.35,0.05,0.45,1.2,27.34922307692468,861511.035549963,861511.039905215
13625,eye1,pmrnet,loop,20.74273000471294,0.02,0.2796479966491461,3.610229934565723,2.419710042886436,0.08,0.35,0.05,0.45,1.2,29.202317978814243,861511.041562921,861511.047872793
13626,eye1,pmrnet,loop,21.892994991503656,0.02,0.27593597769737244,4.875299986451864,2.4031390203163028,0.08,0.35,0.05,0.45,1.2,31.597369975969194,861511.049537327,861511.057092045
13627,eye1,pmrnet,loop,18.0085189640522,0.02,0.2793290186673403,3.1509650871157646,0.3206860274076462,0.08,0.35,0.05,0.45,1.2,23.90949909724295,861511.057525362,861511.061276649
13628,eye1,pmrnet,loop,20.57251799851656,0.02,0.28264091815799475,5.454136990010738,0.6232099840417504,0.08,0.35,0.05,0.45,1.2,29.08250589072704,861511.065549335,861511.071909565
13629,eye1,pmrnet,loop,20.060869050212204,0.02,0.279646017588675,3.1768321059644222,2.4580740137025714,0.08,0.35,0.05,0.45,1.2,28.12542118746787,861511.073552246,861511.079467057
13630,eye1,pmrnet,loop,22.09536696318537,0.02,0.278930994682014,5.108208046294749,2.638506004586816,0.08,0.35,0.05,0.45,1.2,32.27101200874895,861511.081544545,861511.089570457
13631,eye1,pmrnet,loop,26.82830998674035,0.02,0.3762629348784685,10.81701391376555,0.7501320214942098,0.08,0.35,0.05,0.45,1.2,40.92171885687858,861511.090427609,861511.102371476
13632,eye1,pmrnet,loop,29.7625579405576,0.02,0.5653579719364643,9.681091993115842,0.43439201544970274,0.08,0.35,0.05,0.45,1.2,42.59339992105961,861511.102693723,861511.113375009
13634,eye1,pmrnet,loop,21.771147032268345,0.02,0.29379199258983135,3.7242689868435264,3.110177000053227,0.08,0.35,0.05,0.45,1.2,31.04938501175493,861511.11439377,861511.121522281
13635,eye1,pmrnet,loop,17.804850940592587,0.02,0.28800300788134336,3.1849289080128074,0.4310080548748374,0.08,0.35,0.05,0.45,1.2,23.858790911361574,861511.12172083,861511.125625023
13636,eye1,pmrnet,loop,22.03791995998472,0.02,0.5477980012074113,4.916404956020415,2.8989679412916303,0.08,0.35,0.05,0.45,1.2,32.551090858504175,861511.12956344,861511.13792683
13637,eye1,pmrnet,loop,24.317095056176186,0.02,2.3662570165470243,6.383825093507767,0.46120898332446814,0.08,0.35,0.05,0.45,1.2,35.67838614955544,861511.139063473,861511.148275146
13638,eye1,pmrnet,loop,23.78238004166633,0.02,0.2607159549370408,4.034303012304008,3.026896039955318,0.08,0.35,0.05,0.45,1.2,33.2542950488627,861511.148487272,861511.155809407
13639,eye1,pmrnet,loop,28.276929981075227,0.02,0.2639500889927149,10.60902199242264,0.9787760209292173,0.08,0.35,0.05,0.45,1.2,42.2786780834198,861511.156520736,861511.168372878
13640,eye1,pmrnet,loop,30.337497941218317,0.02,0.28897402808070183,9.372279979288578,0.2532809739932418,0.08,0.35,0.05,0.45,1.2,42.40203292258084,861511.168588575,861511.178503511
13642,eye1,pmrnet,loop,22.320201038382947,0.02,0.8186220657080412,3.481352934613824,2.9580170521512628,0.08,0.35,0.05,0.45,1.2,31.728193090856074,861511.179365922,861511.186624291
13643,eye1,pmrnet,loop,18.40873807668686,0.02,0.2779720816761255,3.2497119391337037,0.4298860440030694,0.08,0.35,0.05,0.45,1.2,24.516308141499756,861511.186823957,861511.190781777
13644,eye1,pmrnet,loop,27.294065919704735,0.02,0.28327794279903173,11.369738029316068,2.552657970227301,0.08,0.35,0.05,0.45,1.2,43.649739862047134,861511.193529822,861511.207735759
13645,eye1,pmrnet,loop,28.583316947333515,0.02,0.6972179980948567,5.038524977862835,2.4272820446640253,0.08,0.35,0.05,0.45,1.2,38.89634196795523,861511.208930736,861511.217093965
13646,eye1,pmrnet,loop,25.485652964562178,0.02,0.2808669814839959,3.4672460751608014,0.9680150542408228,0.08,0.35,0.05,0.45,1.2,32.351781075447796,861511.217348917,861511.222065318
13647,eye1,pmrnet,loop,24.85912397969514,0.02,0.29905803967267275,4.4822669588029385,2.4223269429057837,0.08,0.35,0.05,0.45,1.2,34.212775921076535,861511.22230394,861511.229507852
13648,eye1,pmrnet,loop,23.450954002328217,0.02,2.1057979902252555,3.464818000793457,0.21316902711987495,0.08,0.35,0.05,0.45,1.2,31.384739020466803,861511.230384841,861511.236168839
13649,eye1,pmrnet,loop,22.891634958796203,0.02,0.2687199739739299,4.452851018868387,2.5418360019102693,0.08,0.35,0.05,0.45,1.2,32.30504195354879,861511.236414915,861511.243678547
13650,eye1,pmrnet,loop,19.250629004091024,0.02,0.2910740440711379,3.6008680472150445,0.3282290417701006,0.08,0.35,0.05,0.45,1.2,25.620800137147306,861511.243886127,861511.248106551
13651,eye1,pmrnet,loop,22.992960992269218,0.02,0.37575303576886654,9.607254061847925,0.3543479833751917,0.08,0.35,0.05,0.45,1.2,35.4803160732612,861511.249580345,861511.259918035
13652,eye1,pmrnet,loop,24.003722006455064,0.02,0.3054830012843013,5.665829055942595,2.900662017054856,0.08,0.35,0.05,0.45,1.2,35.025696080736815,861511.260125395,861511.268997747
13653,eye1,pmrnet,loop,21.154047921299934,0.02,0.26940798852592707,3.8732599932700396,0.3618459450080991,0.08,0.35,0.05,0.45,1.2,27.808561848104,861511.269712385,861511.274217153
13654,eye1,pmrnet,loop,20.474368939176202,0.02,0.33706892281770706,4.450664971955121,2.3986210580915213,0.08,0.35,0.05,0.45,1.2,29.81072389204055,861511.274419606,861511.281606212
13655,eye1,pmrnet,loop,25.17388795968145,0.02,0.3972189733758569,6.226332043297589,2.080054022371769,0.08,0.35,0.05,0.45,1.2,36.027492998726665,861511.28567095,861511.294374906
13656,eye1,pmrnet,loop,25.62512899748981,0.02,0.30209997203201056,4.570565070025623,2.9308419907465577,0.08,0.35,0.05,0.45,1.2,35.578636030294,861511.295090399,861511.302894204
13657,eye1,pmrnet,loop,21.896611084230244,0.02,0.3189339768141508,3.5266070626676083,0.20818901248276234,0.08,0.35,0.05,0.45,1.2,28.100341136194764,861511.303181195,861511.307235162
13658,eye1,pmrnet,loop,22.45770499575883,0.02,0.5171509692445397,3.333705011755228,2.424936043098569,0.08,0.35,0.05,0.45,1.2,30.883497019857167,861511.309589645,861511.315865637
13659,eye1,pmrnet,loop,26.37209603562951,0.02,0.45041798148304224,9.328566025942564,0.44045993126928806,0.08,0.35,0.05,0.45,1.2,38.741539974324404,861511.317628617,861511.327848509
13660,eye1,pmrnet,loop,30.50882602110505,0.02,0.5739009939134121,9.327816078439355,2.002442954108119,0.08,0.35,0.05,0.45,1.2,44.562986047565936,861511.328150104,861511.340054689
13661,eye1,pmrnet,loop,33.75979501288384,0.02,1.3379129813984036,8.444346953183413,0.8089829934760928,0.08,0.35,0.05,0.45,1.2,46.50103794094176,861511.340783083,861511.351374633
13663,eye1,pmrnet,loop,25.284796953201294,0.02,0.36047701723873615,4.576695035211742,2.5139570934697986,0.08,0.35,0.05,0.45,1.2,34.88592609912157,861511.351586458,861511.359037784
13664,eye1,pmrnet,loop,21.686238003894687,0.02,0.25465304497629404,3.2995989313349128,0.25551009457558393,0.08,0.35,0.05,0.45,1.2,27.646000074781476,861511.359698311,861511.363508366
13665,eye1,pmrnet,loop,22.956351982429624,0.02,0.28903596103191376,4.680434009060264,2.337769023142755,0.08,0.35,0.05,0.45,1.2,32.413590975664555,861511.365539929,861511.372847425
13666,eye1,pmrnet,loop,23.32158701028675,0.02,0.28543605003505945,5.046235979534686,2.4373920168727636,0.08,0.35,0.05,0.45,1.2,33.24065105672926,861511.373511928,861511.38128132
13674,eye1,pmrnet,loop,24.170776014216244,0.02,0.3152899444103241,4.463945049792528,2.4183810455724597,0.08,0.35,0.05,0.45,1.2,33.51839205399156,861511.439484837,861511.446682769
13675,eye1,pmrnet,loop,21.336357109248638,0.02,0.2542980946600437,3.8274459075182676,0.5624960176646709,0.08,0.35,0.05,0.45,1.2,28.13059712909162,861511.447272925,861511.451917431
13676,eye1,pmrnet,loop,21.301030996255577,0.02,0.27749501168727875,3.6561989691108465,2.529980964027345,0.08,0.35,0.05,0.45,1.2,29.914705941081046,861511.453487228,861511.459951144
13677,eye1,pmrnet,loop,23.274697014130652,0.02,0.2509449841454625,5.123017937876284,3.1248199520632625,0.08,0.35,0.05,0.45,1.2,33.92347988821566,861511.461494627,861511.469993638
13678,eye1,pmrnet,loop,27.33536099549383,0.02,0.3942480543628335,10.26009803172201,0.6059409352019429,0.08,0.35,0.05,0.45,1.2,40.74564801678061,861511.470861558,861511.482122342
13679,eye1,pmrnet,loop,32.040904043242335,0.02,0.43019303120672703,11.43616996705532,0.5582580342888832,0.08,0.35,0.05,0.45,1.2,46.61552507579327,861511.48247191,861511.494896987
13681,eye1,pmrnet,loop,28.997179004363716,0.02,0.4568279255181551,10.764695005491376,0.6921769818291068,0.08,0.35,0.05,0.45,1.2,43.06087891720235,861511.49607834,861511.507992477
13682,eye1,pmrnet,loop,34.015118959359825,0.02,0.4029790870845318,11.641724966466427,0.7226370507851243,0.08,0.35,0.05,0.45,1.2,48.93246006369591,861511.508311568,861511.521079377
13684,eye1,pmrnet,loop,31.556741101667285,0.02,0.41594705544412136,9.788139024749398,2.5673400377854705,0.08,0.35,0.05,0.45,1.2,46.478167219646274,861511.521987002,861511.534758851
13686,eye1,pmrnet,loop,28.412899933755398,0.02,0.4109250148758292,9.733288898132741,2.524987910874188,0.08,0.35,0.05,0.45,1.2,43.232101757638155,861511.535083529,861511.547753171
13687,eye1,pmrnet,loop,26.013277005404234,0.02,0.49457105342298746,3.4906279761344194,0.6437200354412198,0.08,0.35,0.05,0.45,1.2,32.79219607040286,861511.548794174,861511.553423353
13688,eye1,pmrnet,loop,25.44368605595082,0.02,0.2919180551543832,4.580737091600895,2.4222530191764235,0.08,0.35,0.05,0.45,1.2,34.88859422188252,861511.553627554,861511.560922744
13689,eye1,pmrnet,loop,21.36064099613577,0.02,0.26906607672572136,3.1572349835187197,0.3601119387894869,0.08,0.35,0.05,0.45,1.2,27.297053995169698,861511.561121997,861511.564908696
13690,eye1,pmrnet,loop,24.58050101995468,0.02,0.2669410314410925,9.170821052975953,0.5667679943144321,0.08,0.35,0.05,0.45,1.2,36.73503109868616,861511.566192476,861511.576197334
13691,eye1,pmrnet,loop,26.693437015637755,0.02,0.3851919900625944,6.688992027193308,2.874900004826486,0.08,0.35,0.05,0.45,1.2,38.79252103772014,861511.576429352,861511.586378798
13692,eye1,pmrnet,loop,27.737976051867008,0.02,0.3132460406050086,5.20939496345818,2.420494914986193,0.08,0.35,0.05,0.45,1.2,37.83111197091639,861511.587549621,861511.595493033
13693,eye1,pmrnet,loop,29.427638044580817,0.02,0.2809619763866067,6.218206952326,3.0564969638362527,0.08,0.35,0.05,0.45,1.2,41.133303937129675,861511.595695783,861511.605251726
13695,eye1,pmrnet,loop,25.656788027845323,0.02,0.4214320797473192,10.204763966612518,0.7682490395382047,0.08,0.35,0.05,0.45,1.2,39.20123311374336,861511.60622329,861511.617618176
13696,eye1,pmrnet,loop,28.378571034409106,0.02,0.3992150304839015,9.48488898575306,0.5966639146208763,0.08,0.35,0.05,0.45,1.2,41.00933896526694,861511.617927813,861511.628409055
13697,eye1,pmrnet,loop,25.681600091047585,0.02,0.3243050305172801,3.515920019708574,0.6733199115842581,0.08,0.35,0.05,0.45,1.2,32.345145052857696,861511.629267816,861511.633781632
13698,eye1,pmrnet,loop,25.644661975093186,0.02,0.2997079864144325,4.915931029245257,2.5883610360324383,0.08,0.35,0.05,0.45,1.2,35.59866202678531,861511.634009341,861511.641813642
13699,eye1,pmrnet,loop,31.10089001711458,0.02,0.27932808734476566,11.700800969265401,1.3397730654105544,0.08,0.35,0.05,0.45,1.2,46.5707921391353,861511.642018039,861511.655338268
13702,eye1,pmrnet,loop,22.05350110307336,0.02,0.29012199956923723,3.823744016699493,0.3295550122857094,0.08,0.35,0.05,0.45,1.2,28.646922131627797,861511.666054802,861511.670498476
13703,eye1,pmrnet,loop,21.725563914515078,0.02,0.28361997101455927,4.823991912417114,2.4255620082840323,0.08,0.35,0.05,0.45,1.2,31.408737806230782,861511.670706089,861511.678239533
13704,eye1,pmrnet,loop,26.356993010267615,0.02,0.37611392326653004,10.796943912282586,0.684124999679625,0.08,0.35,0.05,0.45,1.2,40.364175845496355,861511.679081777,861511.690939403
13705,eye1,pmrnet,loop,30.900796060450375,0.02,0.4052279982715845,10.549355065450072,1.3442329363897443,0.08,0.35,0.05,0.45,1.2,45.349612060561775,861511.691252534,861511.703551775
13707,eye1,pmrnet,loop,28.80323294084519,0.02,0.4094300093129277,10.540619026869535,2.128408057615161,0.08,0.35,0.05,0.45,1.2,44.031690034642814,861511.704513698,861511.717592641
13709,eye1,pmrnet,loop,22.590582026168704,0.02,0.3806700697168708,7.241314044222236,2.0094760693609715,0.08,0.35,0.05,0.45,1.2,34.37204220946878,861511.717886762,861511.72751858
13710,eye1,pmrnet,loop,23.494307999499142,0.02,0.32097799703478813,4.523554001934826,3.2550200121477246,0.08,0.35,0.05,0.45,1.2,33.74386001061648,861511.728391199,861511.736491027
13711,eye1,pmrnet,loop,19.637815072201192,0.02,0.2540909918025136,3.500669961795211,0.20746805239468813,0.08,0.35,0.05,0.45,1.2,25.750044078193604,861511.73674139,861511.74070385
13712,eye1,pmrnet,loop,19.763226970098913,0.02,0.31069701071828604,4.5858880039304495,2.4443980073556304,0.08,0.35,0.05,0.45,1.2,29.254209992103277,861511.741557005,861511.748898235
13713,eye1,pmrnet,loop,23.806334007531404,0.02,0.31923502683639526,4.625005996786058,2.4073630338534713,0.08,0.35,0.05,0.45,1.2,33.307938065007335,861511.753658197,861511.761010019
13714,eye1,pmrnet,loop,20.412330981343985,0.02,0.2724539954215288,3.568353014998138,0.32344600185751915,0.08,0.35,0.05,0.45,1.2,26.72658399362117,861511.761520968,861511.765685474
13715,eye1,pmrnet,loop,22.765834000892937,0.02,0.4226720193400979,5.3293469827622175,0.7374879205599427,0.08,0.35,0.05,0.45,1.2,31.405340923555194,861511.7696179,861511.776107795
13716,eye1,pmrnet,loop,24.466768954880536,0.02,0.3183049848303199,5.096958950161934,2.8756470419466496,0.08,0.35,0.05,0.45,1.2,34.90767993181944,861511.777584623,861511.785877559
13717,eye1,pmrnet,loop,21.409297012723982,0.02,0.2703659702092409,3.687176969833672,0.32460305374115705,0.08,0.35,0.05,0.45,1.2,27.84144300650805,861511.786606768,861511.790889094
13719,eye1,pmrnet,loop,19.919020007364452,0.02,0.2860300010070205,3.3120049629360437,0.3587380051612854,0.08,0.35,0.05,0.45,1.2,26.0257929764688,861511.801579974,861511.805536983
13720,eye1,pmrnet,loop,21.319032064639032,0.02,0.2729820553213358,3.2290349481627345,1.9810490775853395,0.08,0.35,0.05,0.45,1.2,28.95209814570844,861511.80952379,861511.815007135
13721,eye1,pmrnet,loop,22.306368919089437,0.02,0.2787179546430707,3.58714594040066,2.672177040949464,0.08,0.35,0.05,0.45,1.2,30.99440985508263,861511.817525157,861511.824063449
13722,eye1,pmrnet,loop,26.26659197267145,0.02,0.4025230882689357,9.50561196077615,0.5503339925780892,0.08,0.35,0.05,0.45,1.2,38.87506101429462,861511.825632642,861511.836091541
13723,eye1,pmrnet,loop,28.32354500424117,0.02,0.4270930076017976,6.9286569487303495,2.45202099904418,0.08,0.35,0.05,0.45,1.2,40.281315959617494,861511.836410511,861511.846218636
13724,eye1,pmrnet,loop,25.05218901205808,0.02,0.2598520368337631,3.246970009058714,0.5834210896864533,0.08,0.35,0.05,0.45,1.2,31.292432147637008,861511.846925618,861511.851016083
13725,eye1,pmrnet,loop,24.376148940064013,0.02,0.29044703114777803,4.368891939520836,2.5341890286654234,0.08,0.35,0.05,0.45,1.2,33.71967693939805,861511.851215435,861511.8584092
13726,eye1,pmrnet,loop,20.322424941696227,0.02,0.2592360833659768,3.212211071513593,0.34813303500413895,0.08,0.35,0.05,0.45,1.2,26.292005131579934,861511.858604746,861511.862424557
13727,eye1,pmrnet,loop,22.54708798136562,0.02,0.27634191792458296,4.296164959669113,2.5355760008096695,0.08,0.35,0.05,0.45,1.2,31.805170859768985,861511.865609815,861511.872718131
13729,eye1,pmrnet,loop,27.6642560493201,0.02,0.41833799332380295,8.578783017583191,0.34197093918919563,0.08,0.35,0.05,0.45,1.2,39.15334799941629,861511.884633837,861511.893973299
13730,eye1,pmrnet,loop,35.73520900681615,0.02,1.8181829946115613,10.777760995551944,2.537738997489214,0.08,0.35,0.05,0.45,1.2,53.01889199446887,861511.894978245,861511.910112478
13732,eye1,pmrnet,loop,29.66470702085644,0.02,1.7689940286800265,4.97994408942759,2.994762035086751,0.08,0.35,0.05,0.45,1.2,41.55840717405081,861511.91043661,861511.920180656
13733,eye1,pmrnet,loop,26.5541800763458,0.02,0.27362897526472807,3.608966013416648,0.32833602745085955,0.08,0.35,0.05,0.45,1.2,32.915111092478035,861511.920927909,861511.925139025
13734,eye1,pmrnet,loop,26.126105920411646,0.02,0.26352505665272474,4.747563041746616,2.402962069027126,0.08,0.35,0.05,0.45,1.2,35.69015608783811,861511.925365639,861511.932779951
13735,eye1,pmrnet,loop,22.76296599302441,0.02,0.27562398463487625,3.3535329857841134,0.8745350642129779,0.08,0.35,0.05,0.45,1.2,29.416658027656375,861511.93298179,861511.937485762
13736,eye1,pmrnet,loop,22.46085403021425,0.02,0.25362102314829826,4.426744068041444,2.427177969366312,0.08,0.35,0.05,0.45,1.2,31.718397090770303,861511.938144669,861511.945252466
155,eye0,pmrnet,loop,33.77848002128303,0.02,0.5971280625090003,9.900346980430186,1.1733999708667397,0.08,0.35,0.05,0.45,1.2,47.59935503508896,861511.375008745,861511.386680073
156,eye0,pmrnet,loop,37.56656008772552,0.02,0.5793930031359196,9.7320870263502,1.2527609942480922,0.08,0.35,0.05,0.45,1.2,51.28080111145974,861511.38723636,861511.398801078
163,eye0,pmrnet,loop,32.75596897583455,0.02,0.46938995365053415,10.242749936878681,1.7856690101325512,0.08,0.35,0.05,0.45,1.2,47.40377787649632,861511.439822479,861511.452320651
164,eye0,pmrnet,loop,34.15335004683584,0.02,0.43196696788072586,8.425296051427722,0.4904150264337659,0.08,0.35,0.05,0.45,1.2,45.65102809257806,861511.452703189,861511.4620512
166,eye0,pmrnet,loop,30.275174998678267,0.02,0.5880850367248058,9.868304012343287,1.2488269712775946,0.08,0.35,0.05,0.45,1.2,44.13039101902395,861511.463132885,861511.474838531
167,eye0,pmrnet,loop,33.87489099986851,0.02,0.5716439336538315,9.897532989270985,0.9018779965117574,0.08,0.35,0.05,0.45,1.2,47.39594591930509,861511.475399638,861511.486771104
168,eye0,pmrnet,loop,39.4248099764809,0.02,0.6128560053184628,10.070482967421412,1.6105030663311481,0.08,0.35,0.05,0.45,1.2,53.86865201555193,861511.488359639,861511.500653989
170,eye0,pmrnet,loop,34.82353000435978,0.02,0.6353430217131972,9.807172929868102,1.0574799962341785,0.08,0.35,0.05,0.45,1.2,48.473525952175265,861511.501218672,861511.512719193
172,eye0,pmrnet,loop,31.14486299455166,0.02,0.5834789481014013,9.872565045952797,1.1977930553257465,0.08,0.35,0.05,0.45,1.2,44.9487000439316,861511.514052061,861511.525706361
173,eye0,pmrnet,loop,37.359480978921056,0.02,2.0008449209854007,10.04982995800674,1.0029961122199893,0.08,0.35,0.05,0.45,1.2,52.56315197013319,861511.527199594,861511.540253755
175,eye0,pmrnet,loop,34.03995104599744,0.02,0.6024510366842151,8.504649973474443,2.8676619986072183,0.08,0.35,0.05,0.45,1.2,48.16471405476332,861511.541625608,861511.553600702
177,eye0,pmrnet,loop,28.86753506027162,0.02,0.37633301690220833,8.052123012021184,2.5930890114977956,0.08,0.35,0.05,0.45,1.2,42.03908010069281,861511.554072576,861511.565094309
178,eye0,pmrnet,loop,31.620569992810488,0.02,0.5363570526242256,8.21577396709472,1.084352028556168,0.08,0.35,0.05,0.45,1.2,43.6070530410856,861511.566343714,861511.576180469
179,eye0,pmrnet,loop,34.014575998298824,0.02,0.49262901302427053,8.907180977985263,0.8935719961300492,0.08,0.35,0.05,0.45,1.2,46.45795798543841,861511.576613856,861511.58690756
180,eye0,pmrnet,loop,37.6538319978863,0.02,1.0418029269203544,6.932595977559686,1.8092331010848284,0.08,0.35,0.05,0.45,1.2,49.587464003451174,861511.589095898,861511.598879746
182,eye0,pmrnet,loop,30.029967078007758,0.02,0.3779040416702628,7.34733697026968,0.912009971216321,0.08,0.35,0.05,0.45,1.2,40.81721806116402,861511.599283443,861511.607920892
183,eye0,pmrnet,loop,34.79233803227544,0.02,0.6154390284791589,9.948281920515,1.3103270903229713,0.08,0.35,0.05,0.45,1.2,48.816386071592575,861511.609141266,861511.621015744
184,eye0,pmrnet,loop,39.75579096004367,0.02,0.5829660221934319,9.976183995604515,2.197833964601159,0.08,0.35,0.05,0.45,1.2,54.66277494244278,861511.621554389,861511.634311833
186,eye0,pmrnet,loop,35.272974986582994,0.02,0.44457102194428444,9.787632967345417,0.7612680783495307,0.08,0.35,0.05,0.45,1.2,48.41644705422223,861511.635502168,861511.64649602
188,eye0,pmrnet,loop,29.236417962238193,0.02,1.5268379356712103,7.876522024162114,0.8532149950042367,0.08,0.35,0.05,0.45,1.2,41.64299291707575,861511.646868008,861511.657124937
189,eye0,pmrnet,loop,34.77035101968795,0.02,0.5802129162475467,10.404990054666996,1.709120930172503,0.08,0.35,0.05,0.45,1.2,49.614674920775,861511.658296976,861511.670991738
191,eye0,pmrnet,loop,30.10259394068271,0.02,0.6058320868760347,9.762204950675368,1.0692609939724207,0.08,0.35,0.05,0.45,1.2,43.68989197220653,861511.671552747,861511.682990476
192,eye0,pmrnet,loop,34.44784099701792,0.02,0.6856219843029976,9.824389009736478,1.0442810598760843,0.08,0.35,0.05,0.45,1.2,48.152133050933486,861511.684113727,861511.695668493
193,eye0,pmrnet,loop,38.16163295414299,0.02,0.5668409867212176,10.27497905306518,0.6619390333071351,0.08,0.35,0.05,0.45,1.2,51.81539202723653,861511.696211175,861511.707715303
195,eye0,pmrnet,loop,32.07304596435279,0.02,1.427098992280662,6.9956849329173565,1.0680630803108215,0.08,0.35,0.05,0.45,1.2,43.71389296986163,861511.708802001,861511.718293157
196,eye0,pmrnet,loop,33.34401792380959,0.02,0.4194000503048301,8.149556932039559,0.6221900694072247,0.08,0.35,0.05,0.45,1.2,44.68516497556121,861511.718705664,861511.727897076
197,eye0,pmrnet,loop,38.0791969364509,0.02,0.5704279756173491,8.350215968675911,2.7773809852078557,0.08,0.35,0.05,0.45,1.2,51.92722186595202,861511.72926607,861511.740964378
199,eye0,pmrnet,loop,33.01287209615111,0.02,0.6020900327712297,9.597721043974161,0.8185950573533773,0.08,0.35,0.05,0.45,1.2,46.18127823024989,861511.741545382,861511.752564208
201,eye0,pmrnet,loop,29.970301082357764,0.02,0.604012981057167,9.611670044250786,1.8517440184950829,0.08,0.35,0.05,0.45,1.2,44.1877281261608,861511.754118832,861511.766186644
202,eye0,pmrnet,loop,33.216772018931806,0.02,0.5977039691060781,8.992840070277452,0.501403002999723,0.08,0.35,0.05,0.45,1.2,45.458719061315065,861511.767674083,861511.777766371
203,eye0,pmrnet,loop,38.25230500660837,0.02,0.6701339734718204,9.701355011202395,1.6007450176402926,0.08,0.35,0.05,0.45,1.2,52.37453900892288,861511.779162508,861511.791135184
205,eye0,pmrnet,loop,35.507732070982456,0.02,2.6758520398288965,8.486579987220466,2.3491450119763613,0.08,0.35,0.05,0.45,1.2,51.169309110008186,861511.791544457,861511.805056282
207,eye0,pmrnet,loop,29.143881984055042,0.02,0.5102469585835934,8.118305006064475,0.5965870805084705,0.08,0.35,0.05,0.45,1.2,40.51902102921158,861511.806133544,861511.815358884
208,eye0,pmrnet,loop,31.91843896638602,0.02,1.346198027022183,8.70814104564488,0.6866879994049668,0.08,0.35,0.05,0.45,1.2,44.80946603845805,861511.815725065,861511.826466378
209,eye0,pmrnet,loop,36.52688500005752,0.02,0.5883059930056334,9.977292967960238,1.326813013292849,0.08,0.35,0.05,0.45,1.2,50.569296974316245,861511.827514274,861511.839407083
211,eye0,pmrnet,loop,30.749932979233563,0.02,0.5184659967198968,7.4329080525785685,2.3765419609844685,0.08,0.35,0.05,0.45,1.2,43.227848989516495,861511.839968721,861511.850296919
212,eye0,pmrnet,loop,34.724881988950074,0.02,0.4496420733630657,8.400263963267207,2.575651044026017,0.08,0.35,0.05,0.45,1.2,48.30043906960637,861511.851178954,861511.862604781
214,eye0,pmrnet,loop,28.66761398036033,0.02,0.4300109576433897,9.07028408255428,0.7350080413743854,0.08,0.35,0.05,0.45,1.2,41.05291706193238,861511.862977917,861511.873213451
215,eye0,pmrnet,loop,30.850264010950923,0.02,0.44423702638596296,7.714110077358782,1.3843689812347293,0.08,0.35,0.05,0.45,1.2,42.542980095930396,861511.874185914,861511.883728875
216,eye0,pmrnet,loop,32.18700201250613,0.02,0.48657297156751156,7.801002939231694,0.9434189414605498,0.08,0.35,0.05,0.45,1.2,43.56799686476589,861511.884167653,861511.893398886
217,eye0,pmrnet,loop,34.58050696644932,0.02,0.40850695222616196,7.958450936712325,1.3290590140968561,0.08,0.35,0.05,0.45,1.2,46.42652386948467,861511.894428942,861511.904125198
218,eye0,pmrnet,loop,34.166325931437314,0.02,0.40379201527684927,6.594309001229703,0.4800769966095686,0.08,0.35,0.05,0.45,1.2,43.79450394455344,861511.904565804,861511.912044214
219,eye0,pmrnet,loop,39.19354698155075,0.02,0.5677971057593822,9.998808964155614,1.6445189248770475,0.08,0.35,0.05,0.45,1.2,53.5546719763428,861511.913193039,861511.925404592
221,eye0,pmrnet,loop,34.853035933338106,0.02,1.332006067968905,7.340751006267965,3.1970710260793567,0.08,0.35,0.05,0.45,1.2,48.87286403365434,861511.925858676,861511.937728735
223,eye0,pmrnet,loop,29.310221900232136,0.02,0.4590559983626008,7.700106012634933,1.992276986129582,0.08,0.35,0.05,0.45,1.2,41.61166089735925,861511.938700574,861511.948852311
224,eye0,pmrnet,loop,31.20026004035026,0.02,0.41995092760771513,8.154732058756053,1.2147160014137626,0.08,0.35,0.05,0.45,1.2,43.13965902812779,861511.949285719,861511.959075367
225,eye0,pmrnet,loop,32.68471406772733,0.02,0.4955640761181712,6.402357947081327,1.8742830725386739,0.08,0.35,0.05,0.45,1.2,43.606919163465506,861511.960120045,861511.968892478
226,eye0,pmrnet,loop,35.23816308006644,0.02,1.5772930346429348,6.941288942471147,1.9314959645271301,0.08,0.35,0.05,0.45,1.2,47.83824102170766,861511.96932892,861511.979779235
227,eye0,pmrnet,loop,39.933243999257684,0.02,0.4435919690877199,9.154138038866222,2.581769018433988,0.08,0.35,0.05,0.45,1.2,54.26274302564562,861511.98062762,861511.992807359
229,eye0,pmrnet,loop,33.84758101310581,0.02,0.44654402881860733,8.473283029161394,1.2761689722537994,0.08,0.35,0.05,0.45,1.2,46.193577043339616,861511.993190846,861512.003387111
13737,eye1,pmrnet,loop,21.456727059558034,0.02,0.25970605202019215,3.5470760194584727,2.622170024551451,0.08,0.35,0.05,0.45,1.2,30.03567915558815,861511.945888677,861511.952317887
13738,eye1,pmrnet,loop,19.93177505210042,0.02,0.2619880251586437,4.678455065004528,0.31582394149154425,0.08,0.35,0.05,0.45,1.2,27.338042083755134,861511.953605432,861511.958861923
13739,eye1,pmrnet,loop,29.286811943165958,0.02,2.579138963483274,9.561994927935302,2.540081972256303,0.08,0.35,0.05,0.45,1.2,46.118027806840836,861511.961604015,861511.976285708
13740,eye1,pmrnet,loop,25.91967093758285,0.02,0.48418703954666853,3.3127600327134132,0.21900900173932314,0.08,0.35,0.05,0.45,1.2,32.085627011582254,861511.97697156,861511.980987769
13741,eye1,pmrnet,loop,25.35693603567779,0.02,0.27695391327142715,3.9230140391737223,3.0975419795140624,0.08,0.35,0.05,0.45,1.2,34.804445967637,861511.981196167,861511.988493919
13742,eye1,pmrnet,loop,21.385924075730145,0.02,0.29035797342658043,3.2904399558901787,0.31831092201173306,0.08,0.35,0.05,0.45,1.2,27.435032927058636,861511.988692547,861511.992591888
13743,eye1,pmrnet,loop,21.07241190969944,0.02,0.2729640109464526,4.067383008077741,2.418001997284591,0.08,0.35,0.05,0.45,1.2,29.980760926008223,861511.993588841,861512.000347462
13745,eye1,pmrnet,loop,22.799117024987936,0.02,1.7775120213627815,3.6604299675673246,0.4466960672289133,0.08,0.35,0.05,0.45,1.2,30.833755081146954,861512.012327196,861512.018212112
13746,eye1,pmrnet,loop,26.209037052467465,0.02,0.3927020588889718,9.599333046935499,0.6077250000089407,0.08,0.35,0.05,0.45,1.2,38.958797158300875,861512.01909099,861512.029691175
13747,eye1,pmrnet,loop,24.683502037078142,0.02,0.467624980956316,3.3264020457863808,2.5482620112597942,0.08,0.35,0.05,0.45,1.2,33.17579107508063,861512.029891889,861512.036234429
13749,eye1,pmrnet,loop,23.950806935317814,0.02,0.2587600611150265,4.494507913477719,2.7493590023368597,0.08,0.35,0.05,0.45,1.2,33.603433912247425,861512.044136918,861512.051639787
13750,eye1,pmrnet,loop,20.53864998742938,0.02,0.2691700356081128,3.7475290009751916,0.42146595660597086,0.08,0.35,0.05,0.45,1.2,27.126814980618654,861512.05185818,861512.056296626
13751,eye1,pmrnet,loop,20.908589009195566,0.02,0.26249594520777464,4.446572973392904,2.405095030553639,0.08,0.35,0.05,0.45,1.2,30.172752958349882,861512.05762114,861512.064735525
13752,eye1,pmrnet,loop,18.339815898798406,0.02,0.2945020096376538,3.6870440235361457,0.6029739743098617,0.08,0.35,0.05,0.45,1.2,25.074335906282066,861512.06565111,861512.070235914
13753,eye1,pmrnet,loop,20.503593957982957,0.02,0.2808179706335068,4.778612055815756,1.8007289618253708,0.08,0.35,0.05,0.45,1.2,29.51375294625759,861512.07360828,861512.08046866
13754,eye1,pmrnet,loop,21.386801032349467,0.02,0.3122929483652115,5.14526292681694,2.404678030870855,0.08,0.35,0.05,0.45,1.2,31.399034938402473,861512.08155842,861512.089420886
13755,eye1,pmrnet,loop,17.65674806665629,0.02,0.2860589884221554,3.5347030498087406,0.3154489677399397,0.08,0.35,0.05,0.45,1.2,23.942959072627126,861512.089623389,861512.093759828
13756,eye1,pmrnet,loop,22.512725088745356,0.02,0.28026208747178316,8.542071911506355,0.33906300086528063,0.08,0.35,0.05,0.45,1.2,33.82412208858877,861512.097522271,861512.106684052
13757,eye1,pmrnet,loop,26.411681901663542,0.02,0.4531940212473273,10.14187908731401,0.44058600906282663,0.08,0.35,0.05,0.45,1.2,39.597341019287704,861512.107616176,861512.118652276
13758,eye1,pmrnet,loop,28.288483968935907,0.02,0.5481879925355315,8.73996305745095,0.3257530042901635,0.08,0.35,0.05,0.45,1.2,40.05238802321255,861512.118984074,861512.128598329
13759,eye1,pmrnet,loop,28.771145036444068,0.02,0.2625479828566313,4.628794966265559,3.075988031923771,0.08,0.35,0.05,0.45,1.2,38.88847601749003,861512.129182863,861512.137150552
13760,eye1,pmrnet,loop,32.608065055683255,0.02,0.3876009723171592,10.594283929094672,0.6178310140967369,0.08,0.35,0.05,0.45,1.2,46.35778097119183,861512.137456221,861512.149056396
13762,eye1,pmrnet,loop,27.923914953134954,0.02,0.37650205194950104,9.52126900665462,0.4761370364576578,0.08,0.35,0.05,0.45,1.2,40.44782304819673,861512.150136018,861512.160510364
13763,eye1,pmrnet,loop,32.27591793984175,0.02,0.3865560283884406,10.611830977723002,1.1206840863451362,0.08,0.35,0.05,0.45,1.2,46.54498903229833,861512.160811728,861512.172931308
13767,eye1,pmrnet,loop,20.494792028330266,0.02,0.36580394953489304,4.515814012847841,2.532001002691686,0.08,0.35,0.05,0.45,1.2,30.058410993404685,861512.186012927,861512.19342683
13768,eye1,pmrnet,loop,16.835285001434386,0.02,0.2872890327125788,3.2762030605226755,0.19025302026420832,0.08,0.35,0.05,0.45,1.2,22.739030114933847,861512.194082335,861512.19783637
13769,eye1,pmrnet,loop,18.914694082923234,0.02,0.2887750742956996,3.724314970895648,2.3610079661011696,0.08,0.35,0.05,0.45,1.2,27.43879209421575,861512.201610369,861512.207984709
13770,eye1,pmrnet,loop,18.45738908741623,0.02,0.26885897386819124,3.2594410004094243,2.4027450708672404,0.08,0.35,0.05,0.45,1.2,26.538434132561086,861512.209665163,861512.215596477
13771,eye1,pmrnet,loop,23.75424501951784,0.02,0.4009850090369582,6.726901978254318,0.20036904606968164,0.08,0.35,0.05,0.45,1.2,33.2325010528788,861512.221633559,861512.228962186
13772,eye1,pmrnet,loop,24.396369932219386,0.02,0.25453197304159403,4.889286938123405,2.992770983837545,0.08,0.35,0.05,0.45,1.2,34.68295982722193,861512.229536397,861512.237673238
13773,eye1,pmrnet,loop,30.963656958192587,0.02,0.39076292887330055,10.475120972841978,2.8269299073144794,0.08,0.35,0.05,0.45,1.2,46.80647076722234,861512.238615862,861512.252309206
13774,eye1,pmrnet,loop,33.284250064752996,0.02,0.3912779502570629,9.22571704722941,0.46069209929555655,0.08,0.35,0.05,0.45,1.2,45.51193716153503,861512.252620722,861512.262698829
13776,eye1,pmrnet,loop,28.875918011181056,0.02,0.5767779657617211,9.67731699347496,0.4472370492294431,0.08,0.35,0.05,0.45,1.2,41.72725001964718,861512.263726519,861512.27442835
13777,eye1,pmrnet,loop,34.30737101007253,0.02,0.3790719201788306,10.542522999458015,2.264323062263429,0.08,0.35,0.05,0.45,1.2,49.64328899197281,861512.274742559,861512.287928877
13779,eye1,pmrnet,loop,26.620426098816097,0.02,0.3157079918310046,4.452723078429699,2.3967830929905176,0.08,0.35,0.05,0.45,1.2,35.93564026206732,861512.289215075,861512.296380509
13780,eye1,pmrnet,loop,23.870349978096783,0.02,0.260912929661572,4.231303930282593,0.6261349190026522,0.08,0.35,0.05,0.45,1.2,31.1387017570436,861512.296580468,861512.301699093
13781,eye1,pmrnet,loop,23.949836962856352,0.02,0.32472400926053524,4.760880023241043,2.8358830604702234,0.08,0.35,0.05,0.45,1.2,34.02132405582815,861512.301925954,861512.309847682
13782,eye1,pmrnet,loop,21.22975396923721,0.02,0.29978598468005657,3.434145008213818,0.3221880178898573,0.08,0.35,0.05,0.45,1.2,27.43587298002094,861512.311140503,861512.315196889
13783,eye1,pmrnet,loop,23.857040097936988,0.02,0.3422970185056329,3.2787149539217353,2.0515889627858996,0.08,0.35,0.05,0.45,1.2,31.679641033150254,861512.320220236,861512.325893165
13784,eye1,pmrnet,loop,23.18416500929743,0.02,0.2831110032275319,4.47359902318567,2.4260160280391574,0.08,0.35,0.05,0.45,1.2,32.51689106374979,861512.326106196,861512.333289176
13785,eye1,pmrnet,loop,28.588343993760645,0.02,0.43619400821626186,9.945107041858137,2.1001279819756746,0.08,0.35,0.05,0.45,1.2,43.21977302581072,861512.33428017,861512.346762092
13786,eye1,pmrnet,loop,24.89277406129986,0.02,0.5298380274325609,3.4213990438729525,0.19778299611061811,0.08,0.35,0.05,0.45,1.2,31.19179412871599,861512.346986468,861512.351135757
13787,eye1,pmrnet,loop,25.777706992812455,0.02,0.7182490080595016,4.767250036820769,2.145818085409701,0.08,0.35,0.05,0.45,1.2,35.559024123102425,861512.352458247,861512.360089799
13788,eye1,pmrnet,loop,25.52279701922089,0.02,0.2666159998625517,4.912900971248746,2.424875972792506,0.08,0.35,0.05,0.45,1.2,35.27718996312469,861512.360299323,861512.367903947
13789,eye1,pmrnet,loop,29.943317989818752,0.02,0.4006529925391078,10.72120200842619,0.5230340175330639,0.08,0.35,0.05,0.45,1.2,43.73820700831711,861512.368747473,861512.380392784
13790,eye1,pmrnet,loop,28.753199032507837,0.02,0.41122199036180973,5.914521054364741,0.22092298604547977,0.08,0.35,0.05,0.45,1.2,37.449865063279866,861512.38072517,861512.387272218
13791,eye1,pmrnet,loop,31.538618030026555,0.02,0.38132898043841124,9.270281996577978,0.39263092912733555,0.08,0.35,0.05,0.45,1.2,43.73285993617028,861512.388080291,861512.398124971
13793,eye1,pmrnet,loop,25.329723954200745,0.02,0.6448549684137106,8.256096043623984,0.774614978581667,0.08,0.35,0.05,0.45,1.2,37.155289944820105,861512.39837927,861512.408055158
13794,eye1,pmrnet,loop,27.92466594837606,0.02,0.4305149195715785,5.877106101252139,2.893220982514322,0.08,0.35,0.05,0.45,1.2,39.2755079517141,861512.409518354,861512.418719552
13795,eye1,pmrnet,loop,24.25480994861573,0.02,0.2688540844246745,3.4950010012835264,0.43245998676866293,0.08,0.35,0.05,0.45,1.2,30.601125021092592,861512.41892219,861512.423118763
230,eye0,pmrnet,loop,40.36392201669514,0.02,0.628451001830399,10.056597995571792,2.739169984124601,0.08,0.35,0.05,0.45,1.2,55.93814099822194,861512.004811709,861512.018236363
232,eye0,pmrnet,loop,36.28992603626102,0.02,1.507513108663261,9.755056002177298,0.7763799512758851,0.08,0.35,0.05,0.45,1.2,50.47887509837747,861512.018788977,861512.030828374
234,eye0,pmrnet,loop,33.11030601616949,0.02,0.5978690460324287,9.738655993714929,0.9844569722190499,0.08,0.35,0.05,0.45,1.2,46.5812880281359,861512.032992892,861512.044314296
235,eye0,pmrnet,loop,37.27738396264613,0.02,0.5868379957973957,9.896831004880369,1.4623790048062801,0.08,0.35,0.05,0.45,1.2,51.37343196813018,861512.044868107,861512.05681459
237,eye0,pmrnet,loop,34.565135021694005,0.02,0.5731380078941584,9.932450018823147,2.2825830383226275,0.08,0.35,0.05,0.45,1.2,49.50330608673394,861512.057979363,861512.070767998
239,eye0,pmrnet,loop,27.959460974670947,0.02,0.5997719708830118,8.294875035062432,0.6021300796419382,0.08,0.35,0.05,0.45,1.2,39.60623806025833,861512.071332102,861512.08082924
240,eye0,pmrnet,loop,33.08838093653321,0.02,0.5772929871454835,9.844981948845088,1.8232190050184727,0.08,0.35,0.05,0.45,1.2,47.48387487754226,861512.082044898,861512.094290856
241,eye0,pmrnet,loop,36.3707389915362,0.02,0.5592349916696548,9.497152990661561,1.0219990508630872,0.08,0.35,0.05,0.45,1.2,49.59912602473051,861512.09482627,861512.105905118
243,eye0,pmrnet,loop,32.600281992927194,0.02,0.6224579410627484,9.631566004827619,0.9036300471052527,0.08,0.35,0.05,0.45,1.2,45.90793598592282,861512.107643054,861512.118801216
244,eye0,pmrnet,loop,34.267963957972825,0.02,0.5968059413135052,7.801737054251134,1.1332619469612837,0.08,0.35,0.05,0.45,1.2,45.94976890049875,861512.119269871,861512.128802086
245,eye0,pmrnet,loop,38.89055992476642,0.02,0.6051620002835989,10.042704991064966,1.2057769345119596,0.08,0.35,0.05,0.45,1.2,52.89420385062695,861512.129902538,861512.141756648
247,eye0,pmrnet,loop,32.43208699859679,0.02,0.6078729638829827,7.871577981859446,1.160789979621768,0.08,0.35,0.05,0.45,1.2,44.22232792396099,861512.142324242,861512.151964859
248,eye0,pmrnet,loop,36.70487808994949,0.02,0.5612759850919247,9.94595407973975,0.8948870236054063,0.08,0.35,0.05,0.45,1.2,50.256995178386575,861512.153168297,861512.164570836
250,eye0,pmrnet,loop,32.03885501716286,0.02,0.9928549407050014,9.432796039618552,1.2087019858881831,0.08,0.35,0.05,0.45,1.2,45.8232079833746,861512.164935509,861512.176570273
251,eye0,pmrnet,loop,33.628751058131456,0.02,0.4305329639464617,7.79237097594887,0.8633199613541365,0.08,0.35,0.05,0.45,1.2,44.86497495938093,861512.177406779,861512.186493277
252,eye0,pmrnet,loop,35.98114405758679,0.02,0.46081305481493473,7.705162977799773,2.1434410009533167,0.08,0.35,0.05,0.45,1.2,48.44056109115482,861512.186869086,861512.197178783
255,eye0,pmrnet,loop,32.030418049544096,0.02,0.4183559212833643,8.26602999586612,1.0519130155444145,0.08,0.35,0.05,0.45,1.2,43.916716982238,861512.208490742,861512.218227402
256,eye0,pmrnet,loop,34.67753599397838,0.02,0.4451209679245949,7.533088908530772,1.6051529673859477,0.08,0.35,0.05,0.45,1.2,46.4108988378197,861512.219623146,861512.229206942
257,eye0,pmrnet,loop,39.245603955350816,0.02,0.5892449989914894,10.38070092909038,1.3842639746144414,0.08,0.35,0.05,0.45,1.2,53.74981385804713,861512.229753038,861512.242107796
259,eye0,pmrnet,loop,33.24724896810949,0.02,0.5956989480182528,7.970178034156561,0.819872017018497,0.08,0.35,0.05,0.45,1.2,44.782997967302805,861512.243390147,861512.252776268
260,eye0,pmrnet,loop,36.511329002678394,0.02,1.0632129851728678,9.491019998677075,0.6469209911301732,0.08,0.35,0.05,0.45,1.2,49.862482977658516,861512.253171594,861512.264373144
262,eye0,pmrnet,loop,34.157944028265774,0.02,2.103960025124252,10.216122958809137,1.0998230427503586,0.08,0.35,0.05,0.45,1.2,49.72785005494953,861512.26526362,861512.278683947
263,eye0,pmrnet,loop,35.26955493725836,0.02,0.566901988349855,7.757134968414903,0.5635060369968414,0.08,0.35,0.05,0.45,1.2,46.30709793101997,861512.279241702,861512.288129645
264,eye0,pmrnet,loop,41.01351392455399,0.02,0.5882150726392865,10.465476079843938,1.6117870109155774,0.08,0.35,0.05,0.45,1.2,55.8289920879528,861512.289539083,861512.302205124
266,eye0,pmrnet,loop,37.54070994909853,0.02,0.6439880235120654,10.424447013065219,1.53350702021271,0.08,0.35,0.05,0.45,1.2,52.29265200588853,861512.302796981,861512.315399345
268,eye0,pmrnet,loop,31.696594902314246,0.02,0.6295500788837671,8.225947036407888,0.5771780852228403,0.08,0.35,0.05,0.45,1.2,43.27927010282874,861512.316788337,861512.326221361
269,eye0,pmrnet,loop,34.16928299702704,0.02,0.4297009436413646,8.180852048099041,1.4248329680413008,0.08,0.35,0.05,0.45,1.2,46.35466895680875,861512.326990705,861512.3370264
271,eye0,pmrnet,loop,27.489328989759088,0.02,0.6525079952552915,7.356904912739992,0.5891830660402775,0.08,0.35,0.05,0.45,1.2,38.23792496379465,861512.338414355,861512.347013319
272,eye0,pmrnet,loop,32.56836300715804,0.02,3.790459013544023,8.599731954745948,0.5852889735251665,0.08,0.35,0.05,0.45,1.2,47.693842948973185,861512.347449424,861512.360425244
273,eye0,pmrnet,loop,37.021180032752454,0.02,0.5940009141340852,9.808388072997332,1.261910074390471,0.08,0.35,0.05,0.45,1.2,50.83547909427435,861512.361545668,861512.373210403
275,eye0,pmrnet,loop,32.75919798761606,0.02,0.6315300706773996,9.528600028716028,1.6697230748832226,0.08,0.35,0.05,0.45,1.2,46.73905116189272,861512.373784362,861512.385614651
276,eye0,pmrnet,loop,36.712536006234586,0.02,0.6055479170754552,9.494357975199819,1.0356559650972486,0.08,0.35,0.05,0.45,1.2,49.998097863607114,861512.386765194,861512.397901195
278,eye0,pmrnet,loop,31.382523011416197,0.02,0.5846539279446006,9.42618097178638,0.7550740847364068,0.08,0.35,0.05,0.45,1.2,44.29843199588358,861512.398470342,861512.409236712
281,eye0,pmrnet,loop,33.8307770434767,0.02,1.6235070070251822,10.094252997078001,1.4013650361448526,0.08,0.35,0.05,0.45,1.2,49.09990208372474,861512.423563984,861512.436683375
283,eye0,pmrnet,loop,29.001384973526,0.02,1.1084509314969182,7.336508948355913,1.9656829535961151,0.08,0.35,0.05,0.45,1.2,41.562027806974946,861512.438109424,861512.448520376
284,eye0,pmrnet,loop,31.214826041832566,0.02,0.5007759900763631,8.26296303421259,1.3809710508212447,0.08,0.35,0.05,0.45,1.2,43.50953611694276,861512.448921947,861512.459066911
287,eye0,pmrnet,loop,27.210735017433763,0.02,0.4679729463532567,7.8188920160755515,0.9346619481220841,0.08,0.35,0.05,0.45,1.2,38.58226192798465,861512.470839972,861512.480061761
288,eye0,pmrnet,loop,30.587052926421165,0.02,0.6045449990779161,8.198793046176434,1.0786959901452065,0.08,0.35,0.05,0.45,1.2,42.61908696182072,861512.481888618,861512.491770859
289,eye0,pmrnet,loop,31.972304917871952,0.02,0.4620880354195833,7.367947022430599,1.454181969165802,0.08,0.35,0.05,0.45,1.2,43.406521944887935,861512.492204901,861512.501489338
290,eye0,pmrnet,loop,35.89277493301779,0.02,1.5622400678694248,8.295892970636487,0.9153010323643684,0.08,0.35,0.05,0.45,1.2,48.816209003888076,861512.502968833,861512.513742634
292,eye0,pmrnet,loop,30.247956980019808,0.02,0.4315190017223358,9.543812950141728,0.6069069495424628,0.08,0.35,0.05,0.45,1.2,42.98019588142633,861512.514181148,861512.524763597
293,eye0,pmrnet,loop,31.8312969757244,0.02,0.4184350837022066,7.230683928355575,1.1011549504473805,0.08,0.35,0.05,0.45,1.2,42.73157093822956,861512.525929638,861512.534680159
294,eye0,pmrnet,loop,34.722712938673794,0.02,0.41020894423127174,8.029764983803034,2.391990041360259,0.08,0.35,0.05,0.45,1.2,47.704676908068365,861512.53507251,861512.545904682
296,eye0,pmrnet,loop,30.138822039589286,0.02,1.1556480312719941,9.093879954889417,0.6191490683704615,0.08,0.35,0.05,0.45,1.2,43.15749909412116,861512.547117891,861512.557986901
297,eye0,pmrnet,loop,31.76216804422438,0.02,0.44532306492328644,7.677979068830609,1.3675449881702662,0.08,0.35,0.05,0.45,1.2,43.40301516614854,861512.558452083,861512.567943172
298,eye0,pmrnet,loop,34.72344798501581,0.02,0.47060404904186726,8.20561998989433,1.1589889181777835,0.08,0.35,0.05,0.45,1.2,46.7086609421298,861512.569401883,861512.579237373
299,eye0,pmrnet,loop,37.73791901767254,0.02,0.45702699571847916,9.052605018950999,1.4337499160319567,0.08,0.35,0.05,0.45,1.2,50.83130094837398,861512.579641096,861512.590584755
301,eye0,pmrnet,loop,31.325682997703552,0.02,0.4615109646692872,6.776702939532697,2.164236968383193,0.08,0.35,0.05,0.45,1.2,42.87813387028873,861512.591434993,861512.600837779
302,eye0,pmrnet,loop,32.92457608040422,0.02,0.4250860074535012,6.450354005210102,2.662193961441517,0.08,0.35,0.05,0.45,1.2,44.61221005450935,861512.601231431,861512.610769282
303,eye0,pmrnet,loop,36.24863503500819,0.02,0.4685299936681986,9.015777963213623,0.7062950171530247,0.08,0.35,0.05,0.45,1.2,48.589238009043044,861512.612235773,861512.62242666
13796,eye1,pmrnet,loop,24.129169061779976,0.02,0.2618279540911317,4.680239944718778,2.4055599933490157,0.08,0.35,0.05,0.45,1.2,33.62679695393891,861512.423713927,861512.431061897
13797,eye1,pmrnet,loop,21.495241089724004,0.02,0.25179306976497173,4.096688935533166,0.32483297400176525,0.08,0.35,0.05,0.45,1.2,28.318556069023906,861512.431823547,861512.436497106
13798,eye1,pmrnet,loop,21.875535021536052,0.02,0.28218794614076614,4.610909963957965,2.412895089946687,0.08,0.35,0.05,0.45,1.2,31.33152802158147,861512.437640313,861512.444946562
13799,eye1,pmrnet,loop,20.836503012105823,0.02,0.27511699590831995,3.600078052841127,2.523010945878923,0.08,0.35,0.05,0.45,1.2,29.38470900673419,861512.44557924,861512.451977695
13800,eye1,pmrnet,loop,19.671282963827252,0.02,0.27569697704166174,4.697408061474562,0.3204980166628957,0.08,0.35,0.05,0.45,1.2,27.11488601900637,861512.453587499,861512.45888135
13802,eye1,pmrnet,loop,25.306619936600327,0.02,0.40440401062369347,9.440995985642076,0.3564360085874796,0.08,0.35,0.05,0.45,1.2,37.658455941453575,861512.470451661,861512.480653953
13803,eye1,pmrnet,loop,28.14749302342534,0.02,0.44927792623639107,9.802957996726036,0.34495594445616007,0.08,0.35,0.05,0.45,1.2,40.894684890843926,861512.480966382,861512.491563957
13805,eye1,pmrnet,loop,25.052740005776286,0.02,0.40029094088822603,9.317985037341714,0.36267307586967945,0.08,0.35,0.05,0.45,1.2,37.283689059875904,861512.494525769,861512.504607141
13806,eye1,pmrnet,loop,27.191279106773436,0.02,0.4248659824952483,9.163502021692693,0.30839210376143456,0.08,0.35,0.05,0.45,1.2,39.23803921472281,861512.504917485,861512.514814723
13807,eye1,pmrnet,loop,28.709813952445984,0.02,0.28859195299446583,6.021964945830405,2.164394943974912,0.08,0.35,0.05,0.45,1.2,39.334765795245765,861512.515927375,861512.524402599
13808,eye1,pmrnet,loop,28.226485941559076,0.02,0.23917504586279392,4.735343041829765,2.405594917945564,0.08,0.35,0.05,0.45,1.2,37.7565989471972,861512.52460798,861512.531988496
13810,eye1,pmrnet,loop,22.01763598714024,0.02,0.27120893355458975,4.506404045969248,2.8531739953905344,0.08,0.35,0.05,0.45,1.2,31.79842296205461,861512.534286403,861512.541917397
13811,eye1,pmrnet,loop,17.949068918824196,0.02,0.2577180275693536,3.273591981269419,0.2158109564334154,0.08,0.35,0.05,0.45,1.2,23.846189884096383,861512.542170677,861512.545918028
13812,eye1,pmrnet,loop,21.57302899286151,0.02,0.2645800122991204,5.840286030434072,1.894728047773242,0.08,0.35,0.05,0.45,1.2,31.722623083367942,861512.549611184,861512.557611044
13813,eye1,pmrnet,loop,24.6700820280239,0.02,0.389310996979475,9.246857953257859,0.4625349538400769,0.08,0.35,0.05,0.45,1.2,36.91878593210131,861512.558677401,861512.568776527
13814,eye1,pmrnet,loop,26.812099036760628,0.02,0.40712300688028336,9.137300890870392,0.32745907083153725,0.08,0.35,0.05,0.45,1.2,38.83398200534284,861512.569115692,861512.578987992
13815,eye1,pmrnet,loop,27.28622907306999,0.02,0.3006450133398175,4.0725989965721965,3.097255015745759,0.08,0.35,0.05,0.45,1.2,36.90672809872776,861512.580060477,861512.587531246
13816,eye1,pmrnet,loop,28.783581918105483,0.02,0.26230502407997847,6.68768398463726,2.4156979052349925,0.08,0.35,0.05,0.45,1.2,40.29926883205771,861512.587731319,861512.59709727
13818,eye1,pmrnet,loop,17.385081970132887,0.02,0.28209201991558075,3.2855879981070757,0.36007107701152563,0.08,0.35,0.05,0.45,1.2,23.462833065167068,861512.597909089,861512.601837091
13819,eye1,pmrnet,loop,18.037802074104548,0.02,0.31339796259999275,4.036419908516109,0.6170669803395867,0.08,0.35,0.05,0.45,1.2,25.154686925560235,861512.605591573,861512.610558737
13820,eye1,pmrnet,loop,21.404266939498484,0.02,0.2876620274037123,5.774320918135345,2.3296200670301914,0.08,0.35,0.05,0.45,1.2,31.94586995206773,861512.613602435,861512.621994288
13821,eye1,pmrnet,loop,21.23721200041473,0.02,0.2800569636747241,4.456287948414683,2.4101990275084972,0.08,0.35,0.05,0.45,1.2,30.533755940012632,861512.622749493,861512.629896298
13822,eye1,pmrnet,loop,17.682433943264186,0.02,0.2880360698327422,3.5569299943745136,0.4636230878531933,0.08,0.35,0.05,0.45,1.2,24.141023095324634,861512.630101665,861512.634410553
13823,eye1,pmrnet,loop,19.6438729763031,0.02,0.2869620220735669,4.412031965330243,2.1286779083311558,0.08,0.35,0.05,0.45,1.2,28.621544872038065,861512.637612977,861512.644440878
13825,eye1,pmrnet,loop,24.566179956309497,0.02,0.9271419839933515,4.53282508533448,2.4497680133208632,0.08,0.35,0.05,0.45,1.2,34.62591503895819,861512.657591095,861512.665501077
13826,eye1,pmrnet,loop,21.049801958724856,0.02,0.26168394833803177,3.515280084684491,0.19558100029826164,0.08,0.35,0.05,0.45,1.2,27.17234699204564,861512.666080908,861512.670053699
13827,eye1,pmrnet,loop,20.616983063519,0.02,0.31601102091372013,4.333568038418889,2.78817699290812,0.08,0.35,0.05,0.45,1.2,30.20473911575973,861512.670251942,861512.67768998
13828,eye1,pmrnet,loop,16.529177082702518,0.02,0.30054105445742607,3.1610020669177175,0.31953700818121433,0.08,0.35,0.05,0.45,1.2,22.460257212258874,861512.677889946,861512.68167124
13829,eye1,pmrnet,loop,26.605195947922766,0.02,0.2685039071366191,7.8524029813706875,2.1334809716790915,0.08,0.35,0.05,0.45,1.2,39.00958380810916,861512.689560978,861512.699815678
13831,eye1,pmrnet,loop,31.96548204869032,0.02,0.31182204838842154,9.162615984678268,0.6701269885525107,0.08,0.35,0.05,0.45,1.2,44.26004707030952,861512.711169239,861512.721314189
13833,eye1,pmrnet,loop,24.050688021816313,0.02,0.9015470277518034,4.094911040738225,2.468349994160235,0.08,0.35,0.05,0.45,1.2,33.66549608446658,861512.722072662,861512.729537806
13834,eye1,pmrnet,loop,20.316125941462815,0.02,0.2934429794549942,3.131211968138814,0.7080549839884043,0.08,0.35,0.05,0.45,1.2,26.598835873045026,861512.729739254,861512.73387224
13835,eye1,pmrnet,loop,22.13668602053076,0.02,0.30636100564152,3.6845129216089845,2.1208409452810884,0.08,0.35,0.05,0.45,1.2,30.39840089306235,861512.737649834,861512.743761783
13836,eye1,pmrnet,loop,25.175965973176062,0.02,0.276514096185565,8.65587592124939,0.3540259785950184,0.08,0.35,0.05,0.45,1.2,36.612381969206034,861512.745583346,861512.754870039
13837,eye1,pmrnet,loop,24.536648066714406,0.02,0.36382197868078947,4.4333250261843204,2.4267080007120967,0.08,0.35,0.05,0.45,1.2,33.91050307229161,861512.755075529,861512.762299653
13838,eye1,pmrnet,loop,20.753086893819273,0.02,0.24634809233248234,3.1267290469259024,0.32567803282290697,0.08,0.35,0.05,0.45,1.2,26.601842065900563,861512.762886252,861512.766585254
13839,eye1,pmrnet,loop,26.05296391993761,0.02,0.380377983674407,9.591029956936836,0.35144900903105736,0.08,0.35,0.05,0.45,1.2,38.52582086957991,861512.769630074,861512.779953392
13840,eye1,pmrnet,loop,27.766405954025686,0.02,0.804067007265985,5.115513922646642,0.425626989454031,0.08,0.35,0.05,0.45,1.2,36.26161387339234,861512.783391879,861512.789737458
13841,eye1,pmrnet,loop,27.440653066150844,0.02,0.28592394664883614,4.825329990126193,2.434953930787742,0.08,0.35,0.05,0.45,1.2,37.13686093371361,861512.789934055,861512.797480539
13842,eye1,pmrnet,loop,32.895226031541824,0.02,0.9427500190213323,10.37700695451349,0.4474769812077284,0.08,0.35,0.05,0.45,1.2,46.81245998628438,861512.799232362,861512.811000008
13844,eye1,pmrnet,loop,29.06586101744324,0.02,0.4309919895604253,10.98134892527014,0.5594480317085981,0.08,0.35,0.05,0.45,1.2,43.1876499639824,861512.811340206,861512.823312417
13845,eye1,pmrnet,loop,30.671266024000943,0.02,0.29068603180348873,6.374609074555337,2.040844992734492,0.08,0.35,0.05,0.45,1.2,41.52740612309426,861512.824281053,861512.832987438
13846,eye1,pmrnet,loop,30.892417998984456,0.02,0.27457205578684807,5.141627974808216,2.669009962119162,0.08,0.35,0.05,0.45,1.2,41.12762799169868,861512.83319122,861512.841276689
13848,eye1,pmrnet,loop,27.245514909736812,0.02,0.3903420874848962,10.512858047150075,0.5703798960894346,0.08,0.35,0.05,0.45,1.2,40.86909494046122,861512.842294602,861512.85376853
13849,eye1,pmrnet,loop,27.375755016691983,0.02,0.29220397118479013,5.156102939508855,2.5475799338892102,0.08,0.35,0.05,0.45,1.2,37.52164186127484,861512.853970881,861512.861967183
13850,eye1,pmrnet,loop,24.87516705878079,0.02,0.3780560800805688,3.6155219422653317,0.7124589756131172,0.08,0.35,0.05,0.45,1.2,31.731204056739806,861512.862829523,861512.86753594
13851,eye1,pmrnet,loop,24.262594990432262,0.02,0.2386830747127533,4.430281929671764,2.5496629532426596,0.08,0.35,0.05,0.45,1.2,33.631222948059445,861512.867773849,861512.874992694
13852,eye1,pmrnet,loop,20.43288096319884,0.02,0.27270300779491663,3.4390799701213837,0.3252449678257108,0.08,0.35,0.05,0.45,1.2,26.61990890894085,861512.87519466,861512.879231986
13853,eye1,pmrnet,loop,24.957707966677845,0.02,0.38468698039650917,9.363673976622522,0.37817307747900486,0.08,0.35,0.05,0.45,1.2,37.23424200117588,861512.881698205,861512.891825151
13854,eye1,pmrnet,loop,31.310577993281186,0.02,0.38548000156879425,11.092852102592587,2.410458982922137,0.08,0.35,0.05,0.45,1.2,47.3493690803647,861512.892358088,861512.906247256
305,eye0,pmrnet,loop,31.154209980741143,0.02,0.4359779413789511,7.828959031030536,2.510193968191743,0.08,0.35,0.05,0.45,1.2,44.07934092134237,861512.62322273,861512.63399814
306,eye0,pmrnet,loop,33.625280018895864,0.02,0.42834109626710415,8.619506028480828,0.6146719679236412,0.08,0.35,0.05,0.45,1.2,45.43779911156744,861512.635139534,861512.644802292
307,eye0,pmrnet,loop,38.18301600404084,0.02,3.305063000880182,8.052792050875723,0.7181030232459307,0.08,0.35,0.05,0.45,1.2,52.40897407904268,861512.645616531,861512.657692755
309,eye0,pmrnet,loop,33.57165900524706,0.02,0.4258350236341357,7.387674995698035,2.632546005770564,0.08,0.35,0.05,0.45,1.2,46.1677150303498,861512.659301422,861512.66974775
311,eye0,pmrnet,loop,29.05016392469406,0.02,0.4261600552126765,8.697452954947948,2.5850730016827583,0.08,0.35,0.05,0.45,1.2,42.90884993653744,861512.670182278,861512.681891185
312,eye0,pmrnet,loop,30.726918950676918,0.02,0.45717298053205013,6.5074070589616895,1.7291500698775053,0.08,0.35,0.05,0.45,1.2,41.57064906004816,861512.683208001,861512.691901972
313,eye0,pmrnet,loop,30.733820982277393,0.02,0.409719068557024,6.750015076249838,0.7807670626789331,0.08,0.35,0.05,0.45,1.2,40.82432218976319,861512.692301057,861512.700241817
314,eye0,pmrnet,loop,33.448333968408406,0.02,0.5105440504848957,8.158929995261133,1.1657089926302433,0.08,0.35,0.05,0.45,1.2,45.43351700678468,861512.701453425,861512.711288941
315,eye0,pmrnet,loop,35.26471997611225,0.02,0.6128840614110231,7.723064976744354,1.2729859445244074,0.08,0.35,0.05,0.45,1.2,47.02365495879204,861512.711829476,861512.721438697
317,eye0,pmrnet,loop,31.25562099739909,0.02,0.47410791739821434,8.339951978996396,2.9800559859722853,0.08,0.35,0.05,0.45,1.2,45.199736879765986,861512.722301111,861512.734095519
318,eye0,pmrnet,loop,32.95921999961138,0.02,0.42680406477302313,8.598105981945992,0.6194830639287829,0.08,0.35,0.05,0.45,1.2,44.75361311025918,861512.734487546,861512.744132176
319,eye0,pmrnet,loop,35.53861507680267,0.02,0.4338329890742898,8.358209975995123,1.2761569814756513,0.08,0.35,0.05,0.45,1.2,47.75681502334774,861512.744976112,861512.755044602
321,eye0,pmrnet,loop,29.998057056218386,0.02,0.42598508298397064,7.974998094141483,2.2632830077782273,0.08,0.35,0.05,0.45,1.2,42.812323241122066,861512.755504549,861512.766169091
322,eye0,pmrnet,loop,34.55918899271637,0.02,0.5811880109831691,9.873931994661689,1.0272409999743104,0.08,0.35,0.05,0.45,1.2,48.191549998335546,861512.767579818,861512.779062647
323,eye0,pmrnet,loop,37.118850043043494,0.02,0.6292009493336082,7.605822058394551,2.1004449808970094,0.08,0.35,0.05,0.45,1.2,49.60431803166867,861512.779620116,861512.789955899
325,eye0,pmrnet,loop,32.109118066728115,0.02,0.5673880223184824,8.918914943933487,1.0586039861664176,0.08,0.35,0.05,0.45,1.2,44.80402501914651,861512.791066877,861512.801612112
326,eye0,pmrnet,loop,33.265099045820534,0.02,0.4301669541746378,7.692003040574491,0.9300229139626026,0.08,0.35,0.05,0.45,1.2,44.46729195453227,861512.802048162,861512.81110071
327,eye0,pmrnet,loop,37.24226902704686,0.02,0.6316670915111899,8.122924948111176,1.0085910325869918,0.08,0.35,0.05,0.45,1.2,49.15545209925622,861512.813647662,861512.823411203
329,eye0,pmrnet,loop,30.78257804736495,0.02,0.5891049513593316,8.369804010726511,0.8683230262249708,0.08,0.35,0.05,0.45,1.2,42.75981003567576,861512.823789894,861512.833617434
330,eye0,pmrnet,loop,32.799810054712,0.02,0.459998962469399,7.334157940931618,1.04753696359694,0.08,0.35,0.05,0.45,1.2,43.79150392170996,861512.835125724,861512.843967745
331,eye0,pmrnet,loop,34.47948698885739,0.02,0.5942540010437369,7.712629972957075,1.2870399514213204,0.08,0.35,0.05,0.45,1.2,46.223410914279526,861512.844386349,861512.853980463
333,eye0,pmrnet,loop,31.57178999390453,0.02,1.1085490696132183,9.20440605841577,2.2545059910044074,0.08,0.35,0.05,0.45,1.2,46.289251112937926,861512.855170967,861512.867738763
334,eye0,pmrnet,loop,34.950171946547925,0.02,0.4855149891227484,8.210908970795572,2.5918049504980445,0.08,0.35,0.05,0.45,1.2,48.388400856964296,861512.868161521,861512.879449975
335,eye0,pmrnet,loop,37.87138592451811,0.02,0.6947509245947003,8.545101969502866,0.8818999631330371,0.08,0.35,0.05,0.45,1.2,50.14313878174872,861512.88058211,861512.890704292
337,eye0,pmrnet,loop,30.47161002177745,0.02,0.4816369619220495,7.518633035942912,0.8750020060688257,0.08,0.35,0.05,0.45,1.2,41.49688202571124,861512.89109506,861512.899970571
338,eye0,pmrnet,loop,31.086687929928303,0.02,0.46366697642952204,6.710702902637422,0.7067079422995448,0.08,0.35,0.05,0.45,1.2,41.11776575129479,861512.901037314,861512.908918615
339,eye0,pmrnet,loop,32.381447963416576,0.02,0.4380760947242379,7.240907987579703,1.5219979686662555,0.08,0.35,0.05,0.45,1.2,43.73243001438678,861512.909345139,861512.918546341
340,eye0,pmrnet,loop,34.275254933163524,0.02,0.40003308095037937,8.238125941716135,0.6203049561008811,0.08,0.35,0.05,0.45,1.2,45.683718911930924,861512.91951459,861512.928773275
341,eye0,pmrnet,loop,36.240012967027724,0.02,0.4228659672662616,8.338815066963434,1.1119679547846317,0.08,0.35,0.05,0.45,1.2,48.26366195604206,861512.929196108,861512.939070024
343,eye0,pmrnet,loop,32.31817693449557,0.02,0.6617039907723665,10.303803021088243,0.6518589798361063,0.08,0.35,0.05,0.45,1.2,46.08554292619229,861512.940196067,861512.951813913
344,eye0,pmrnet,loop,34.07547005917877,0.02,0.8199220756068826,7.858786964789033,0.9381880518049002,0.08,0.35,0.05,0.45,1.2,45.84236715137959,861512.952287068,861512.961904227
346,eye0,pmrnet,loop,28.486167080700397,0.02,0.43114402797073126,8.488761959597468,1.29619799554348,0.08,0.35,0.05,0.45,1.2,40.852271063812076,861512.962764532,861512.972980907
347,eye0,pmrnet,loop,29.644933063536882,0.02,0.4381689941510558,7.751267985440791,0.8917240193113685,0.08,0.35,0.05,0.45,1.2,40.876094062440096,861512.973391333,861512.982472736
348,eye0,pmrnet,loop,33.45123305916786,0.02,0.4162580007687211,8.659294922836125,2.154296962544322,0.08,0.35,0.05,0.45,1.2,46.831082945317036,861512.983382013,861512.994612117
349,eye0,pmrnet,loop,38.11240498907864,0.02,0.44234993401914835,8.771687978878617,2.9960019746795297,0.08,0.35,0.05,0.45,1.2,52.47244487665594,861512.995395772,861513.007606048
351,eye0,pmrnet,loop,32.58301806636155,0.02,0.4291940713301301,8.836330031044781,0.8987929904833436,0.08,0.35,0.05,0.45,1.2,44.89733515921981,861513.00857835,861513.01874294
352,eye0,pmrnet,loop,35.49795504659414,0.02,2.685291925445199,6.697567994706333,1.4523769496008754,0.08,0.35,0.05,0.45,1.2,48.483191916346556,861513.019155519,861513.029990976
354,eye0,pmrnet,loop,28.733046958222985,0.02,0.39401103276759386,7.581042940728366,0.7337230490520597,0.08,0.35,0.05,0.45,1.2,39.591823980771004,861513.031183121,861513.039892117
355,eye0,pmrnet,loop,30.390877043828368,0.02,0.3903849283233285,7.943478995002806,1.221669022925198,0.08,0.35,0.05,0.45,1.2,42.0964099900797,861513.040326955,861513.049882748
356,eye0,pmrnet,loop,34.91122194100171,0.02,0.6335739744827151,9.805401088669896,1.0029589757323265,0.08,0.35,0.05,0.45,1.2,48.50315597988666,861513.051293396,861513.062735779
358,eye0,pmrnet,loop,31.104389927349985,0.02,0.5682139890268445,8.97454097867012,2.774855005554855,0.08,0.35,0.05,0.45,1.2,45.5719999006018,861513.063276791,861513.075594759
359,eye0,pmrnet,loop,33.81859802175313,0.02,0.4464400699362159,7.744662929326296,1.5546829672530293,0.08,0.35,0.05,0.45,1.2,45.71438398826868,861513.076896629,861513.086642662
360,eye0,pmrnet,loop,34.27251800894737,0.02,0.41982298716902733,7.378156995400786,0.5929199978709221,0.08,0.35,0.05,0.45,1.2,44.813417989388114,861513.087038344,861513.095429573
361,eye0,pmrnet,loop,38.457185961306095,0.02,0.4199219401925802,8.6306759621948,2.456693910062313,0.08,0.35,0.05,0.45,1.2,52.114477773755794,861513.096438675,861513.107946256
363,eye0,pmrnet,loop,33.63719000481069,0.02,0.4281080327928066,8.216328918933868,2.609125920571387,0.08,0.35,0.05,0.45,1.2,47.04075287710876,861513.108538398,861513.119792198
364,eye0,pmrnet,loop,35.65697092562914,0.02,0.42932096403092146,8.432002970948815,0.4881139611825347,0.08,0.35,0.05,0.45,1.2,47.156408821791416,861513.120795091,861513.13014484
366,eye0,pmrnet,loop,28.892421978525817,0.02,0.44035702012479305,8.023012895137072,1.0613709455356002,0.08,0.35,0.05,0.45,1.2,40.56716283932328,861513.130521368,861513.140046362
367,eye0,pmrnet,loop,31.63635393138975,0.02,0.4912379663437605,8.379072998650372,1.1443899711593986,0.08,0.35,0.05,0.45,1.2,43.80105486754328,861513.141107967,861513.151122939
368,eye0,pmrnet,loop,33.414397039450705,0.02,0.4249480552971363,7.499105995520949,1.7652460373938084,0.08,0.35,0.05,0.45,1.2,45.253697127662605,861513.151544701,861513.161234246
370,eye0,pmrnet,loop,27.829686063341796,0.02,0.4257779801264405,8.246532059274614,1.2313509359955788,0.08,0.35,0.05,0.45,1.2,39.88334703873843,861513.162411706,861513.172315607
13856,eye1,pmrnet,loop,27.38727699033916,0.02,0.5911330226808786,9.39947902224958,0.8825069526210427,0.08,0.35,0.05,0.45,1.2,40.41039598789066,861512.907588168,861512.918461759
13857,eye1,pmrnet,loop,29.28032900672406,0.02,0.40798401460051537,7.189622963778675,2.0571930799633265,0.08,0.35,0.05,0.45,1.2,41.085129065066575,861512.918769309,861512.928424478
13858,eye1,pmrnet,loop,32.09523798432201,0.02,0.4078419879078865,9.304627077654004,0.32473995815962553,0.08,0.35,0.05,0.45,1.2,44.28244700804353,861512.92926997,861512.939307618
13860,eye1,pmrnet,loop,28.0721700983122,0.02,1.5789640601724386,8.885615039616823,1.3469430850818753,0.08,0.35,0.05,0.45,1.2,42.033692283183335,861512.939610955,861512.951422858
13861,eye1,pmrnet,loop,31.252156011760235,0.02,0.40379201527684927,9.310813038609922,0.3633099840953946,0.08,0.35,0.05,0.45,1.2,43.4800710497424,861512.952593312,861512.962671726
13863,eye1,pmrnet,loop,25.671198032796383,0.02,0.37681590765714645,9.179363027215004,0.6634430028498173,0.08,0.35,0.05,0.45,1.2,38.04081997051835,861512.963008469,861512.973228524
13864,eye1,pmrnet,loop,28.107599006034434,0.02,0.39240100886672735,8.908532909117639,0.23638294078409672,0.08,0.35,0.05,0.45,1.2,39.794915864802896,861512.974196818,861512.98373455
13865,eye1,pmrnet,loop,27.009833953343332,0.02,0.3233979223296046,3.8269609212875366,2.6234720135107636,0.08,0.35,0.05,0.45,1.2,35.933664810471235,861512.983931714,861512.990705774
13866,eye1,pmrnet,loop,23.375815013423562,0.02,0.262271030806005,3.1772670336067677,0.19247306045144796,0.08,0.35,0.05,0.45,1.2,29.15782613828778,861512.991508607,861512.99514083
13867,eye1,pmrnet,loop,22.875151014886796,0.02,0.2953530056402087,4.395363968797028,2.6817709440365434,0.08,0.35,0.05,0.45,1.2,32.397638933360575,861512.995336472,861513.002709192
13868,eye1,pmrnet,loop,19.477555993944407,0.02,0.26917201466858387,3.4852289827540517,0.7232039934024215,0.08,0.35,0.05,0.45,1.2,26.105160984769462,861513.002902664,861513.007380512
13869,eye1,pmrnet,loop,22.114940104074776,0.02,0.49435498658567667,5.46530494466424,2.5154750328511,0.08,0.35,0.05,0.45,1.2,32.74007506817579,861513.009611676,861513.018087029
13870,eye1,pmrnet,loop,20.351748913526535,0.02,0.2886250149458647,3.382618073374033,2.4373079650104046,0.08,0.35,0.05,0.45,1.2,28.610299966856836,861513.018284076,861513.024392862
13871,eye1,pmrnet,loop,27.300211950205266,0.02,0.3719769883900881,11.068092077039182,2.3123249411582947,0.08,0.35,0.05,0.45,1.2,43.20260595679283,861513.025657401,861513.039410173
13872,eye1,pmrnet,loop,29.815925052389503,0.02,0.4959950456395745,9.419130044989288,0.45596505515277386,0.08,0.35,0.05,0.45,1.2,42.33701519817114,861513.039622628,861513.049994093
13874,eye1,pmrnet,loop,25.93418990727514,0.02,0.4177909577265382,9.90114698652178,0.3610500134527683,0.08,0.35,0.05,0.45,1.2,38.764177864976226,861513.051570706,861513.062251134
13875,eye1,pmrnet,loop,25.828197016380727,0.02,0.2849620068445802,4.762344993650913,2.709629014134407,0.08,0.35,0.05,0.45,1.2,35.735133031010626,861513.062456856,861513.07021406
13876,eye1,pmrnet,loop,22.92258304078132,0.02,0.2520770067349076,3.443486988544464,0.6218099733814597,0.08,0.35,0.05,0.45,1.2,29.38995700944215,861513.071059938,861513.075377556
13877,eye1,pmrnet,loop,22.494322038255632,0.02,0.3056759014725685,4.722156911157072,2.4054469540715218,0.08,0.35,0.05,0.45,1.2,32.07760180495679,861513.075584671,861513.083018331
13878,eye1,pmrnet,loop,26.57429000828415,0.02,0.26360596530139446,9.565653977915645,2.1146759390830994,0.08,0.35,0.05,0.45,1.2,40.66822589058429,861513.083222866,861513.095167151
13879,eye1,pmrnet,loop,27.190180961042643,0.02,0.2755960449576378,4.509573103860021,2.9766139341518283,0.08,0.35,0.05,0.45,1.2,37.10196404401213,861513.096090123,861513.10385219
13880,eye1,pmrnet,loop,23.246005992405117,0.02,0.3126590745523572,3.4057690063491464,0.195419997908175,0.08,0.35,0.05,0.45,1.2,29.309854071214794,861513.104063974,861513.107978044
13881,eye1,pmrnet,loop,22.72212505340576,0.02,0.2820530207827687,4.627413931302726,2.4274139432236552,0.08,0.35,0.05,0.45,1.2,32.20900594871491,861513.108186,861513.115523114
13882,eye1,pmrnet,loop,19.435623078607023,0.02,0.2755169989541173,3.5400569904595613,0.3629910061135888,0.08,0.35,0.05,0.45,1.2,25.76418807413429,861513.116126441,861513.120305258
13883,eye1,pmrnet,loop,19.106947002001107,0.02,0.38903497625142336,3.4528739051893353,2.5312999496236444,0.08,0.35,0.05,0.45,1.2,27.63015583306551,861513.121672249,861513.128045777
13884,eye1,pmrnet,loop,22.931329905986786,0.02,0.29117497615516186,9.477884043008089,0.5705140065401793,0.08,0.35,0.05,0.45,1.2,35.420902931690215,861513.129598591,861513.139938505
13885,eye1,pmrnet,loop,25.151305948384106,0.02,2.1254740422591567,4.993338952772319,2.0580929704010487,0.08,0.35,0.05,0.45,1.2,36.47821191381663,861513.141051141,861513.150228424
13886,eye1,pmrnet,loop,24.73571803420782,0.02,0.27440208941698074,4.643745953217149,2.5164689868688583,0.08,0.35,0.05,0.45,1.2,34.32033506371081,861513.150446844,861513.157881724
13887,eye1,pmrnet,loop,21.503425086848438,0.02,0.29401201754808426,3.2393429428339005,0.25445909705013037,0.08,0.35,0.05,0.45,1.2,27.44123914428055,861513.158930282,861513.162718379
13888,eye1,pmrnet,loop,22.788444999605417,0.02,0.2751470310613513,5.719682085327804,0.44183991849422455,0.08,0.35,0.05,0.45,1.2,31.375114034488796,861513.165635575,861513.172072504
13889,eye1,pmrnet,loop,22.96584192663431,0.02,0.29157393146306276,3.974175895564258,2.447984996251762,0.08,0.35,0.05,0.45,1.2,31.829576749913393,861513.173604839,861513.180318835
13890,eye1,pmrnet,loop,24.374459055252373,0.02,0.5205679917708039,5.164450965821743,2.441349090076983,0.08,0.35,0.05,0.45,1.2,34.6508271029219,861513.181669634,861513.189796286
13891,eye1,pmrnet,loop,20.33596101682633,0.02,0.27841993141919374,3.218728001229465,0.3242160892114043,0.08,0.35,0.05,0.45,1.2,26.307325038686393,861513.190005177,861513.19382686
13892,eye1,pmrnet,loop,21.841114037670195,0.02,0.2743019722402096,3.3061490394175053,2.1941850427538157,0.08,0.35,0.05,0.45,1.2,29.765750092081724,861513.197626238,861513.20340112
13893,eye1,pmrnet,loop,28.307394008152187,0.02,0.38223108276724815,9.328355081379414,2.569978008978069,0.08,0.35,0.05,0.45,1.2,42.737958181276916,861513.205654751,861513.217935751
13894,eye1,pmrnet,loop,26.867278036661446,0.02,0.384387094527483,3.6373590119183064,2.2903510835021734,0.08,0.35,0.05,0.45,1.2,35.32937522660941,861513.218252712,861513.224565178
13895,eye1,pmrnet,loop,26.824214961379766,0.02,0.257406965829432,4.690294968895614,2.411317080259323,0.08,0.35,0.05,0.45,1.2,36.333233976364134,861513.225231866,861513.232591129
13896,eye1,pmrnet,loop,31.262900098226964,0.02,0.2719280309975147,9.683250915259123,2.349811955355108,0.08,0.35,0.05,0.45,1.2,45.71789099983871,861513.232792388,861513.245097711
13898,eye1,pmrnet,loop,27.635489008389413,0.02,0.41685299947857857,10.570854996331036,0.5850390298292041,0.08,0.35,0.05,0.45,1.2,41.35823603402823,861513.246035681,861513.257608897
13899,eye1,pmrnet,loop,29.430872993543744,0.02,0.3712089965119958,8.984619053080678,0.19973097369074821,0.08,0.35,0.05,0.45,1.2,41.136432016827165,861513.2579181,861513.267474002
13900,eye1,pmrnet,loop,29.507948085665703,0.02,0.25803595781326294,4.42864908836782,2.8340989956632257,0.08,0.35,0.05,0.45,1.2,39.17873212751001,861513.268098924,861513.275619933
13901,eye1,pmrnet,loop,25.3847970161587,0.02,0.27701794169843197,3.2583290012553334,0.20116602536290884,0.08,0.35,0.05,0.45,1.2,31.271309984475373,861513.275828913,861513.279565696
13902,eye1,pmrnet,loop,25.25475202128291,0.02,0.2723230281844735,4.592995042912662,2.8657029615715146,0.08,0.35,0.05,0.45,1.2,35.13577305395156,861513.279773497,861513.287504751
13903,eye1,pmrnet,loop,21.757430979050696,0.02,0.24649198167026043,3.47086600959301,0.19864900968968868,0.08,0.35,0.05,0.45,1.2,27.823437980003654,861513.288160126,861513.292076396
13904,eye1,pmrnet,loop,21.76796004641801,0.02,0.2717580646276474,3.765203058719635,2.4511449737474322,0.08,0.35,0.05,0.45,1.2,30.406066143512724,861513.293667637,861513.300156043
13905,eye1,pmrnet,loop,23.655534023419023,0.02,0.30668103136122227,5.634890985675156,2.558398060500622,0.08,0.35,0.05,0.45,1.2,34.30550410095602,861513.301611502,861513.310111686
13906,eye1,pmrnet,loop,28.542281943373382,0.02,0.4036400932818651,11.205440037883818,0.43428794015198946,0.08,0.35,0.05,0.45,1.2,42.73565001469105,861513.311024153,861513.323067921
13907,eye1,pmrnet,loop,28.31045095808804,0.02,0.8533670334145427,4.314418067224324,2.4592590052634478,0.08,0.35,0.05,0.45,1.2,38.08749506399035,861513.323278132,861513.330905446
13908,eye1,pmrnet,loop,24.79546400718391,0.02,0.25827810168266296,3.3157089492306113,0.3289849264547229,0.08,0.35,0.05,0.45,1.2,30.848435984551905,861513.331556326,861513.335459532
13909,eye1,pmrnet,loop,24.29191197734326,0.02,0.2461430849507451,4.479981027543545,2.6161320274695754,0.08,0.35,0.05,0.45,1.2,33.784168117307125,861513.335682478,861513.343024963
371,eye0,pmrnet,loop,29.842547024600208,0.02,0.47732109669595957,8.384185028262436,0.7015570299699903,0.08,0.35,0.05,0.45,1.2,41.55561017952859,861513.173097937,861513.182661309
372,eye0,pmrnet,loop,32.87540504243225,0.02,0.43324497528374195,7.092455052770674,2.5716470554471016,0.08,0.35,0.05,0.45,1.2,45.12275212593377,861513.183929763,861513.19402735
373,eye0,pmrnet,loop,34.48227804619819,0.02,0.4175459034740925,8.293944061733782,0.8330519776791334,0.08,0.35,0.05,0.45,1.2,46.1768199890852,861513.194422532,861513.203967289
374,eye0,pmrnet,loop,36.68827598448843,0.02,0.42391906026750803,7.977880071848631,0.9140520123764873,0.08,0.35,0.05,0.45,1.2,48.15412712898106,861513.205190151,861513.214506267
376,eye0,pmrnet,loop,30.541228014044464,0.02,0.4141699755564332,8.9917560108006,0.7079800125211477,0.08,0.35,0.05,0.45,1.2,42.80513401292264,861513.214910899,861513.225025057
377,eye0,pmrnet,loop,33.499403041787446,0.02,0.4679179983213544,7.835672004148364,1.8198119942098856,0.08,0.35,0.05,0.45,1.2,45.772805038467055,861513.226192635,861513.236316339
378,eye0,pmrnet,loop,34.13792501669377,0.02,0.4564009141176939,7.5226560002192855,0.6161140045151114,0.08,0.35,0.05,0.45,1.2,44.88309593554587,861513.236692371,861513.245287772
380,eye0,pmrnet,loop,29.849261045455933,0.02,1.4975758967921138,8.347376948222518,1.0306970216333866,0.08,0.35,0.05,0.45,1.2,42.87491091210395,861513.246789168,861513.257665136
381,eye0,pmrnet,loop,31.241244985722005,0.02,0.45914703514426947,7.66799901612103,1.211049035191536,0.08,0.35,0.05,0.45,1.2,42.72944007217884,861513.258050588,861513.267389106
382,eye0,pmrnet,loop,34.99540500342846,0.02,0.4326700000092387,8.145778090693057,2.2994589526206255,0.08,0.35,0.05,0.45,1.2,48.023312046751386,861513.268598004,861513.279476149
383,eye0,pmrnet,loop,39.130297023802996,0.02,1.4275109861046076,8.108857087790966,2.5265649892389774,0.08,0.35,0.05,0.45,1.2,53.34323008693755,861513.279880822,861513.291944016
385,eye0,pmrnet,loop,34.45704898331314,0.02,0.4315859405323863,8.705880027264357,1.8177611054852605,0.08,0.35,0.05,0.45,1.2,47.56227605659515,861513.292980839,861513.303936338
386,eye0,pmrnet,loop,34.93417892605066,0.02,0.451743951998651,7.01764493715018,0.9182579815387726,0.08,0.35,0.05,0.45,1.2,45.47182579673827,861513.304358916,861513.312746818
388,eye0,pmrnet,loop,28.79847295116633,0.02,0.5082949064671993,7.945167017169297,0.8841149974614382,0.08,0.35,0.05,0.45,1.2,40.286049872264265,861513.313939529,861513.323277368
389,eye0,pmrnet,loop,32.13149693328887,0.02,0.4642830463126302,8.323285030201077,2.4486270267516375,0.08,0.35,0.05,0.45,1.2,45.51769203655422,861513.323706869,861513.334943311
390,eye0,pmrnet,loop,36.00601793732494,0.02,0.4430869594216347,8.467626990750432,2.2141060326248407,0.08,0.35,0.05,0.45,1.2,49.280837920121854,861513.336025773,861513.3471508
392,eye0,pmrnet,loop,30.0035011023283,0.02,0.4447359824553132,9.066199068911374,0.7557210046797991,0.08,0.35,0.05,0.45,1.2,42.420157158374785,861513.347547417,861513.357814271
393,eye0,pmrnet,loop,34.83202401548624,0.02,0.5998760461807251,7.132178987376392,2.8389609651640058,0.08,0.35,0.05,0.45,1.2,47.55304001420737,861513.360404749,861513.370976113
395,eye0,pmrnet,loop,28.598637087270617,0.02,0.384790007956326,8.641912951134145,0.6201609503477812,0.08,0.35,0.05,0.45,1.2,40.39550099670887,861513.371761043,861513.38140814
396,eye0,pmrnet,loop,32.76420198380947,0.02,0.606026966124773,9.215618949383497,0.4862339701503515,0.08,0.35,0.05,0.45,1.2,45.2220818694681,861513.383598902,861513.393907178
397,eye0,pmrnet,loop,34.30978104006499,0.02,0.4108479479327798,7.775263977237046,1.3052650028839707,0.08,0.35,0.05,0.45,1.2,45.95115796811879,861513.394294191,861513.403785815
398,eye0,pmrnet,loop,38.99783198721707,0.02,0.6892819656059146,8.036594954319298,2.689237939193845,0.08,0.35,0.05,0.45,1.2,52.56294684633613,861513.405391005,861513.416806396
400,eye0,pmrnet,loop,33.75873598270118,0.02,0.5068619502708316,8.487174054607749,2.038880018517375,0.08,0.35,0.05,0.45,1.2,46.941652006097144,861513.417200212,861513.428233417
401,eye0,pmrnet,loop,38.75739802606404,0.02,0.4573370097205043,10.605269926600158,1.1783780064433813,0.08,0.35,0.05,0.45,1.2,53.14838296882809,861513.429322155,861513.441563499
403,eye0,pmrnet,loop,31.985486042685807,0.02,0.611552968621254,7.538725039921701,1.1622789315879345,0.08,0.35,0.05,0.45,1.2,43.4480429828167,861513.442145381,861513.451458314
404,eye0,pmrnet,loop,33.540277974680066,0.02,0.8261570474132895,7.258243043906987,0.8718299213796854,0.08,0.35,0.05,0.45,1.2,44.64650798738003,861513.452389591,861513.461346044
405,eye0,pmrnet,loop,35.6698950054124,0.02,0.45235001016408205,8.617067011073232,0.9677860653027892,0.08,0.35,0.05,0.45,1.2,47.85709809195251,861513.461771367,861513.471808837
407,eye0,pmrnet,loop,31.47316793911159,0.02,0.41896302718669176,7.316914037801325,3.394564031623304,0.08,0.35,0.05,0.45,1.2,44.75360903572291,861513.473146022,861513.484276833
408,eye0,pmrnet,loop,36.95515403524041,0.02,4.811821971088648,7.373578031547368,1.0367409558966756,0.08,0.35,0.05,0.45,1.2,52.32729499377311,861513.484870558,861513.498092963
410,eye0,pmrnet,loop,31.44930093549192,0.02,0.5371479783207178,8.802009047940373,0.6258001085370779,0.08,0.35,0.05,0.45,1.2,43.56425807029009,861513.499287541,861513.509252825
411,eye0,pmrnet,loop,33.40379591099918,0.02,0.44392398558557034,8.2010249607265,1.2717510107904673,0.08,0.35,0.05,0.45,1.2,45.47049586810172,861513.509623639,861513.519540604
412,eye0,pmrnet,loop,39.644078933633864,0.02,3.8360770558938384,8.283151080831885,1.0182639816775918,0.08,0.35,0.05,0.45,1.2,54.931571052037185,861513.520975793,861513.534113636
414,eye0,pmrnet,loop,36.70834796503186,0.02,1.423289068043232,10.194913018494844,1.5642609214410186,0.08,0.35,0.05,0.45,1.2,52.04081097301096,861513.53466063,861513.547843574
416,eye0,pmrnet,loop,32.79200603719801,0.02,1.329157967120409,7.200156105682254,2.093972056172788,0.08,0.35,0.05,0.45,1.2,45.565292166173464,861513.549970147,861513.560593809
417,eye0,pmrnet,loop,34.46589503437281,0.02,0.4219160182401538,6.375296041369438,2.8235630597919226,0.08,0.35,0.05,0.45,1.2,46.23667015377433,861513.560979748,861513.570600777
419,eye0,pmrnet,loop,28.406650060787797,0.02,0.41642202995717525,8.633151999674737,0.6077069556340575,0.08,0.35,0.05,0.45,1.2,40.213931046053766,861513.57154975,861513.581207249
420,eye0,pmrnet,loop,30.895874020643532,0.02,0.5590689834207296,8.453799993731081,1.1336139868944883,0.08,0.35,0.05,0.45,1.2,43.19235698468983,861513.581882771,861513.59202965
421,eye0,pmrnet,loop,35.503325052559376,0.02,0.6404260639101267,8.226488949730992,2.6886140694841743,0.08,0.35,0.05,0.45,1.2,49.208854135684675,861513.593413405,861513.604969289
422,eye0,pmrnet,loop,38.96742302458733,0.02,0.4711890360340476,8.62856290768832,2.3141009733080864,0.08,0.35,0.05,0.45,1.2,52.53127594161779,861513.605352237,861513.616766379
424,eye0,pmrnet,loop,30.65387299284339,0.02,0.44691201765090227,6.408565095625818,0.4845460643991828,0.08,0.35,0.05,0.45,1.2,40.14389617051929,861513.617778609,861513.625118826
425,eye0,pmrnet,loop,32.7096349792555,0.02,0.4353760741651058,7.633948931470513,1.8854150548577309,0.08,0.35,0.05,0.45,1.2,44.81437503974885,861513.625552641,861513.635507636
426,eye0,pmrnet,loop,36.4233780419454,0.02,0.5965030286461115,7.707818993367255,2.6236280100420117,0.08,0.35,0.05,0.45,1.2,49.50132807400078,861513.636625501,861513.647553699
428,eye0,pmrnet,loop,29.728822992183268,0.02,0.4494959721341729,7.9777229111641645,1.1188340140506625,0.08,0.35,0.05,0.45,1.2,41.42487588953227,861513.647979253,861513.657525535
429,eye0,pmrnet,loop,32.21026994287968,0.02,0.45946601312607527,6.643292028456926,2.688845037482679,0.08,0.35,0.05,0.45,1.2,44.15187302194536,861513.658548305,861513.668340193
430,eye0,pmrnet,loop,34.86353298649192,0.02,0.7350879022851586,8.35764198563993,1.4741189079359174,0.08,0.35,0.05,0.45,1.2,47.58038178235293,861513.66875924,861513.679326342
431,eye0,pmrnet,loop,36.771940998733044,0.02,0.6547169759869576,7.627154001966119,0.8024999406188726,0.08,0.35,0.05,0.45,1.2,48.006311917305,861513.680483438,861513.689568028
433,eye0,pmrnet,loop,29.233096982352436,0.02,0.44722098391503096,7.24443094804883,1.0528250131756067,0.08,0.35,0.05,0.45,1.2,40.1275739274919,861513.689950406,861513.698695136
434,eye0,pmrnet,loop,31.83581994380802,0.02,1.6048450488597155,7.368621998466551,1.0722829028964043,0.08,0.35,0.05,0.45,1.2,44.03156989403069,861513.699584978,861513.709630966
435,eye0,pmrnet,loop,34.14312994573265,0.02,0.4750459920614958,8.8736810721457,0.8877329528331757,0.08,0.35,0.05,0.45,1.2,46.52958996277303,861513.710034389,861513.720271091
436,eye0,pmrnet,loop,36.65314696263522,0.02,0.4247920587658882,7.4687100714072585,2.1260990761220455,0.08,0.35,0.05,0.45,1.2,48.82274816893042,861513.721094484,861513.731114309
13910,eye1,pmrnet,loop,20.56837803684175,0.02,0.29153807554394007,3.234467003494501,0.21805008873343468,0.08,0.35,0.05,0.45,1.2,26.462433204613625,861513.3436262,861513.347370528
13911,eye1,pmrnet,loop,22.433850914239883,0.02,0.2800630172714591,5.04794402513653,2.3383970838040113,0.08,0.35,0.05,0.45,1.2,32.25025504045188,861513.349636706,861513.357303368
13912,eye1,pmrnet,loop,23.240091977640986,0.02,0.2551119541749358,5.446518072858453,2.4061170406639576,0.08,0.35,0.05,0.45,1.2,33.49783904533834,861513.358072228,861513.366180188
13913,eye1,pmrnet,loop,19.776105065830052,0.02,0.26963395066559315,3.5312960390001535,0.6010639481246471,0.08,0.35,0.05,0.45,1.2,26.328099003620444,861513.366382807,861513.370785065
13914,eye1,pmrnet,loop,21.992843016050756,0.02,0.25901803746819496,4.80739597696811,2.376604941673577,0.08,0.35,0.05,0.45,1.2,31.585861972160636,861513.373627283,861513.381070536
13915,eye1,pmrnet,loop,25.337092927657068,0.02,0.39664795622229576,9.596335934475064,0.4291149089112878,0.08,0.35,0.05,0.45,1.2,37.909191727265714,861513.382061146,861513.392483688
13916,eye1,pmrnet,loop,28.621695935726166,0.02,1.3258940307423472,9.354859939776361,0.36696495953947306,0.08,0.35,0.05,0.45,1.2,41.819414865784346,861513.392789089,861513.403837241
13917,eye1,pmrnet,loop,29.283593059517443,0.02,0.3215799806639552,4.47851896751672,2.722581964917481,0.08,0.35,0.05,0.45,1.2,38.9562739726156,861513.405045299,861513.412568292
13918,eye1,pmrnet,loop,25.831717997789383,0.02,0.30919001437723637,3.6511800717562437,0.44566800352185965,0.08,0.35,0.05,0.45,1.2,32.38775608744472,861513.412779234,861513.417185559
13919,eye1,pmrnet,loop,25.125480024144053,0.02,0.28996996115893126,4.256292013451457,2.542771049775183,0.08,0.35,0.05,0.45,1.2,34.36451304852962,861513.417459263,861513.424548566
13920,eye1,pmrnet,loop,21.86216996051371,0.02,0.27209706604480743,3.2437629997730255,0.39280601777136326,0.08,0.35,0.05,0.45,1.2,27.920836044102906,861513.425446267,861513.429355159
13921,eye1,pmrnet,loop,22.609120933339,0.02,0.3843629965558648,7.508798036724329,0.6027560448274016,0.08,0.35,0.05,0.45,1.2,33.2550380114466,861513.429674767,861513.438171059
13922,eye1,pmrnet,loop,24.746351060457528,0.02,0.28737704269587994,7.106801029294729,2.609649091027677,0.08,0.35,0.05,0.45,1.2,36.90017822347581,861513.438372635,861513.44837679
13923,eye1,pmrnet,loop,29.551194049417973,0.02,0.3929670201614499,10.825525969266891,0.45781699009239674,0.08,0.35,0.05,0.45,1.2,43.37750402893871,861513.449574134,861513.461250868
13924,eye1,pmrnet,loop,29.19844991993159,0.02,0.2543169539421797,4.47063404135406,2.77109001763165,0.08,0.35,0.05,0.45,1.2,38.84449093285948,861513.461471125,861513.468967385
13926,eye1,pmrnet,loop,23.107507964596152,0.02,0.37575396709144115,6.16937002632767,2.4696699110791087,0.08,0.35,0.05,0.45,1.2,34.27230186909437,861513.469999197,861513.479014335
13927,eye1,pmrnet,loop,19.75508499890566,0.02,0.2690900582820177,3.420421970076859,0.8084719302132726,0.08,0.35,0.05,0.45,1.2,26.403068957477807,861513.479232609,861513.483730883
13928,eye1,pmrnet,loop,17.488420009613037,0.02,0.307635054923594,3.33864102140069,0.19553501624614,0.08,0.35,0.05,0.45,1.2,23.48023110218346,861513.485691401,861513.489533487
13929,eye1,pmrnet,loop,19.216864951886237,0.02,0.4772619577124715,4.645742010325193,0.5831919843330979,0.08,0.35,0.05,0.45,1.2,27.073060904256998,861513.493624464,861513.49933091
13930,eye1,pmrnet,loop,20.69265698082745,0.02,0.2682580379769206,4.770935978740454,2.2215000353753567,0.08,0.35,0.05,0.45,1.2,30.10335103292018,861513.501614593,861513.508875528
13931,eye1,pmrnet,loop,23.674629046581686,0.02,0.4085199907422066,9.38890699762851,0.3825048916041851,0.08,0.35,0.05,0.45,1.2,36.004560926556586,861513.509745675,861513.519926081
13932,eye1,pmrnet,loop,20.284184021875262,0.02,0.9024819592013955,3.257628995925188,0.18602306954562664,0.08,0.35,0.05,0.45,1.2,26.78031804654747,861513.520258808,861513.524605275
13933,eye1,pmrnet,loop,19.36475292313844,0.02,0.2677090233191848,3.4491789992898703,2.4296329356729984,0.08,0.35,0.05,0.45,1.2,27.66127388142049,861513.525607928,861513.531754687
13934,eye1,pmrnet,loop,23.66716496180743,0.02,0.3869479987770319,9.583804989233613,0.48023799899965525,0.08,0.35,0.05,0.45,1.2,36.26815594881773,861513.53367406,861513.544125579
13935,eye1,pmrnet,loop,28.326979954726994,0.02,0.381978927180171,9.553984971717,2.47961503919214,0.08,0.35,0.05,0.45,1.2,42.892558892816304,861513.544438681,861513.556854691
13937,eye1,pmrnet,loop,16.74530899617821,0.02,0.2687140367925167,3.285704064182937,0.23440190125256777,0.08,0.35,0.05,0.45,1.2,22.68412899840623,861513.55762205,861513.561411175
13938,eye1,pmrnet,loop,17.66476791817695,0.02,0.2531979698687792,3.96763498429209,0.5718190222978592,0.08,0.35,0.05,0.45,1.2,24.607419894635676,861513.565606622,861513.570399496
13939,eye1,pmrnet,loop,20.044517936185002,0.02,0.25745900347828865,4.6672699972987175,2.3269610246643424,0.08,0.35,0.05,0.45,1.2,29.44620796162635,861513.57359654,861513.580848459
13940,eye1,pmrnet,loop,22.94653805438429,0.02,0.3949820529669523,9.272248949855566,0.33750792499631643,0.08,0.35,0.05,0.45,1.2,35.101276982203125,861513.581814361,861513.591819449
13941,eye1,pmrnet,loop,22.88143103942275,0.02,0.3574759466573596,4.949882975779474,2.480951021425426,0.08,0.35,0.05,0.45,1.2,32.81974098328501,861513.592034679,861513.599823251
13942,eye1,pmrnet,loop,19.77803895715624,0.02,0.27295295149087906,3.544026054441929,0.4588640294969082,0.08,0.35,0.05,0.45,1.2,26.203881992585956,861513.60051283,861513.604788896
13943,eye1,pmrnet,loop,19.80158395599574,0.02,0.25444605853408575,4.2463550344109535,2.76312290225178,0.08,0.35,0.05,0.45,1.2,29.215507951192556,861513.605617319,861513.612881486
13944,eye1,pmrnet,loop,16.73847495112568,0.02,0.2662239130586386,3.478964092209935,0.49108092207461596,0.08,0.35,0.05,0.45,1.2,23.12474387846887,861513.613650833,861513.61788738
13945,eye1,pmrnet,loop,26.114713051356375,0.02,0.4683389561250806,8.128726971335709,0.946344924159348,0.08,0.35,0.05,0.45,1.2,37.80812390297651,861513.625788961,861513.635332695
13946,eye1,pmrnet,loop,26.060746051371098,0.02,0.28531800489872694,4.549845005385578,2.528712968342006,0.08,0.35,0.05,0.45,1.2,35.57462202999741,861513.635983407,861513.643347597
13947,eye1,pmrnet,loop,22.31660601682961,0.02,0.25919906329363585,3.6101440200582147,0.2242360496893525,0.08,0.35,0.05,0.45,1.2,28.56018514987081,861513.64357861,861513.64767245
13948,eye1,pmrnet,loop,30.67293600179255,0.02,1.5720160445198417,10.484433034434915,2.4357250658795238,0.08,0.35,0.05,0.45,1.2,47.31511014662683,861513.649605246,861513.664097861
13949,eye1,pmrnet,loop,27.240931056439877,0.02,0.26074994821101427,3.597064991481602,0.19513501320034266,0.08,0.35,0.05,0.45,1.2,33.44388100933284,861513.664681737,861513.668734943
13950,eye1,pmrnet,loop,26.664843084290624,0.02,0.3046609926968813,4.411792964674532,2.537662978284061,0.08,0.35,0.05,0.45,1.2,36.0689600199461,861513.668973411,861513.67622786
13951,eye1,pmrnet,loop,29.68568296637386,0.02,0.4665279993787408,7.198099046945572,3.224962973035872,0.08,0.35,0.05,0.45,1.2,42.725272985734044,861513.676427344,861513.687317345
13952,eye1,pmrnet,loop,32.90481201838702,0.02,1.697403029538691,8.529062964953482,0.4342159954831004,0.08,0.35,0.05,0.45,1.2,45.7154940083623,861513.687944215,861513.698605227
13954,eye1,pmrnet,loop,27.681760024279356,0.02,0.46690506860613823,9.685813914984465,0.4532289458438754,0.08,0.35,0.05,0.45,1.2,40.43770795371383,861513.698913822,861513.709520292
13955,eye1,pmrnet,loop,29.7477770363912,0.02,0.41198194958269596,6.010835990309715,2.560197957791388,0.08,0.35,0.05,0.45,1.2,40.880792934075,861513.71067243,861513.719655785
13956,eye1,pmrnet,loop,29.413408949039876,0.02,0.27402094565331936,4.855452920310199,2.4033960653468966,0.08,0.35,0.05,0.45,1.2,39.09627888035029,861513.719857172,861513.727390347
13957,eye1,pmrnet,loop,25.7178689353168,0.02,0.2859060186892748,3.245426923967898,0.20962697453796864,0.08,0.35,0.05,0.45,1.2,31.60882885251194,861513.728022798,861513.731764017
13958,eye1,pmrnet,loop,25.316411047242582,0.02,0.29101897962391376,4.491814994253218,2.6849990244954824,0.08,0.35,0.05,0.45,1.2,34.934244045615195,861513.731963209,861513.739431269
13959,eye1,pmrnet,loop,29.89183203317225,0.02,0.27007702738046646,9.393492015078664,2.776745008304715,0.08,0.35,0.05,0.45,1.2,44.482146083936094,861513.739636075,861513.752076821
13960,eye1,pmrnet,loop,34.56366900354624,0.02,0.28049794491380453,11.35815808083862,0.34035800490528345,0.08,0.35,0.05,0.45,1.2,48.69268303420395,861513.752838335,861513.764817621
13962,eye1,pmrnet,loop,29.634614940732718,0.02,0.28426991775631905,10.277544031850994,0.4255409585312009,0.08,0.35,0.05,0.45,1.2,42.77196984887123,861513.7650385,861513.776026206
13963,eye1,pmrnet,loop,31.984147964976728,0.02,0.4833859857171774,6.268661003559828,2.585891983471811,0.08,0.35,0.05,0.45,1.2,43.47208693772555,861513.777106873,861513.786445222
13965,eye1,pmrnet,loop,23.94913195166737,0.02,0.30734098982065916,4.6824520686641335,2.437436021864414,0.08,0.35,0.05,0.45,1.2,33.52636103201658,861513.787120485,861513.794548069
13966,eye1,pmrnet,loop,27.91425900068134,0.02,0.38605998270213604,10.048434021882713,0.4339739680290222,0.08,0.35,0.05,0.45,1.2,40.93272697329521,861513.795713119,861513.806582051
13967,eye1,pmrnet,loop,28.884332976303995,0.02,0.8175229886546731,5.255433032289147,2.7291689766570926,0.08,0.35,0.05,0.45,1.2,39.836457973904906,861513.80681866,861513.815621067
13968,eye1,pmrnet,loop,26.230068993754685,0.02,0.2992730587720871,3.912454005330801,0.3659590147435665,0.08,0.35,0.05,0.45,1.2,32.95775507260114,861513.816458118,861513.821036026
13969,eye1,pmrnet,loop,25.83369705826044,0.02,0.31577597837895155,4.64047200512141,2.471048035658896,0.08,0.35,0.05,0.45,1.2,35.4109930774197,861513.82128124,861513.828708786
13970,eye1,pmrnet,loop,22.544764913618565,0.02,0.28163602109998465,3.7886829813942313,0.5105009768158197,0.08,0.35,0.05,0.45,1.2,29.2755848929286,861513.828907749,861513.833488845
13971,eye1,pmrnet,loop,22.653833962976933,0.02,0.2876409562304616,4.642433021217585,2.526251948438585,0.08,0.35,0.05,0.45,1.2,32.26015988886356,861513.834210348,861513.841666915
13972,eye1,pmrnet,loop,18.79853697028011,0.02,0.28486899100244045,3.160228952765465,0.5658600712195039,0.08,0.35,0.05,0.45,1.2,24.95949498526752,861513.841869282,861513.8458805
13973,eye1,pmrnet,loop,21.217268076725304,0.02,1.501159043982625,4.829921061173081,0.4316270351409912,0.08,0.35,0.05,0.45,1.2,30.129975217022,861513.849605111,861513.856368075
13974,eye1,pmrnet,loop,23.243031930178404,0.02,0.4062850493937731,7.595957955345511,0.7792910328134894,0.08,0.35,0.05,0.45,1.2,34.174565967731176,861513.857681198,861513.866463068
13975,eye1,pmrnet,loop,19.25018196925521,0.02,0.2597440034151077,3.263379097916186,0.35055901389569044,0.08,0.35,0.05,0.45,1.2,25.27386408448219,861513.866665326,861513.870539284
13976,eye1,pmrnet,loop,20.581488963216543,0.02,0.27463899459689856,4.898053011856973,1.1294299038127065,0.08,0.35,0.05,0.45,1.2,29.03361087348312,861513.8736368,861513.879939184
13977,eye1,pmrnet,loop,18.086096039041877,0.02,0.28648797888308764,3.351673949509859,0.22201903630048037,0.08,0.35,0.05,0.45,1.2,24.096277003735302,861513.88165276,861513.885513196
13978,eye1,pmrnet,loop,18.288688035681844,0.02,0.27703202795237303,3.3772210590541363,0.4562180256471038,0.08,0.35,0.05,0.45,1.2,24.549159148335455,861513.889674003,861513.893784758
13979,eye1,pmrnet,loop,21.546241943724453,0.02,0.2575269900262356,4.792883992195129,2.2590450244024396,0.08,0.35,0.05,0.45,1.2,31.005697950348257,861513.897801589,861513.90511129
13980,eye1,pmrnet,loop,21.64076000917703,0.02,0.31673500780016184,4.575840081088245,2.4503100430592895,0.08,0.35,0.05,0.45,1.2,31.133645141124724,861513.905931388,861513.9132745
13981,eye1,pmrnet,loop,18.258001073263586,0.02,0.2570620272308588,3.2441039802506566,0.800629029981792,0.08,0.35,0.05,0.45,1.2,24.70979611072689,861513.913658736,861513.917960756
13982,eye1,pmrnet,loop,19.69329605344683,0.02,0.2769168931990862,3.4307659370824695,2.099418081343174,0.08,0.35,0.05,0.45,1.2,27.650396965071558,861513.921658034,861513.927465414
13983,eye1,pmrnet,loop,21.090300986543298,0.02,0.2592069795355201,4.032284952700138,2.9733639676123857,0.08,0.35,0.05,0.45,1.2,30.50515688639134,861513.929666295,861513.936931434
13984,eye1,pmrnet,loop,22.105474956333637,0.02,0.2645700005814433,5.538173019886017,2.560647903010249,0.08,0.35,0.05,0.45,1.2,32.618865879811345,861513.937651107,861513.946014865
13985,eye1,pmrnet,loop,27.040628949180245,0.02,0.9166330564767122,10.43868507258594,0.5053189815953374,0.08,0.35,0.05,0.45,1.2,41.051266059838234,861513.947157492,861513.959018543
13986,eye1,pmrnet,loop,29.043016023933887,0.02,1.2541919713839889,8.255606051534414,0.22368994541466236,0.08,0.35,0.05,0.45,1.2,40.92650399226695,861513.959357209,861513.969091106
13988,eye1,pmrnet,loop,21.328685921616852,0.02,0.3187260590493679,4.446382983587682,2.542495960369706,0.08,0.35,0.05,0.45,1.2,30.786290924623607,861513.970206778,861513.977514653
13989,eye1,pmrnet,loop,17.534862970933318,0.02,0.26683404576033354,3.478364087641239,0.3250360023230314,0.08,0.35,0.05,0.45,1.2,23.75509710665792,861513.977719282,861513.981789749
13990,eye1,pmrnet,loop,19.775046966969967,0.02,0.2591880038380623,4.022812936455011,2.155845984816551,0.08,0.35,0.05,0.45,1.2,28.36289389207959,861513.985660946,861513.992099078
13991,eye1,pmrnet,loop,20.20045300014317,0.02,0.29135693330317736,4.201999981887639,2.418271964415908,0.08,0.35,0.05,0.45,1.2,29.262081879749893,861513.993681677,861514.00059358
13992,eye1,pmrnet,loop,16.99181296862662,0.02,0.2587779890745878,3.281350014731288,0.24137203581631184,0.08,0.35,0.05,0.45,1.2,22.923313008248805,861514.001671898,861514.005453696
13993,eye1,pmrnet,loop,17.70402700640261,0.02,0.25883002672344446,3.7135760067030787,0.6167030660435557,0.08,0.35,0.05,0.45,1.2,24.44313610587269,861514.009645508,861514.014234859
13994,eye1,pmrnet,loop,26.113111060112715,0.02,0.3952230326831341,10.065424023196101,2.5516690220683813,0.08,0.35,0.05,0.45,1.2,41.27542713806033,861514.01769959,861514.030712428
13995,eye1,pmrnet,loop,28.150424011982977,0.02,0.43300900142639875,6.815882981754839,2.547838957980275,0.08,0.35,0.05,0.45,1.2,40.09715495314449,861514.031022277,861514.040819412
13996,eye1,pmrnet,loop,26.241373969241977,0.02,0.2802870003506541,4.804313997738063,0.3595510497689247,0.08,0.35,0.05,0.45,1.2,33.83552601709962,861514.04153439,861514.046978908
13997,eye1,pmrnet,loop,29.33812001720071,0.02,0.42264594230800867,9.926968021318316,0.5064569413661957,0.08,0.35,0.05,0.45,1.2,42.34419092219323,861514.047288089,861514.058144679
13999,eye1,pmrnet,loop,26.454336009919643,0.02,0.3901129821315408,9.421305963769555,2.3458580253645778,0.08,0.35,0.05,0.45,1.2,40.761612981185316,861514.059242702,861514.071400398
14000,eye1,pmrnet,loop,27.400211081840098,0.02,0.3594330046325922,6.037669954821467,2.4138049921020865,0.08,0.35,0.05,0.45,1.2,38.36111903339624,861514.071603909,861514.080415295
14001,eye1,pmrnet,loop,30.956396949477494,0.02,0.3859959542751312,9.667329955846071,0.8257899899035692,0.08,0.35,0.05,0.45,1.2,43.985512849502264,861514.08116058,861514.092040129
14002,eye1,pmrnet,loop,31.667654984630644,0.02,0.5217029247432947,5.492908996529877,2.554659964516759,0.08,0.35,0.05,0.45,1.2,42.386926870420574,861514.092250438,861514.100820075
14004,eye1,pmrnet,loop,27.318057022057474,0.02,0.3907169448211789,9.733107988722622,0.6291869794949889,0.08,0.35,0.05,0.45,1.2,40.22106893509626,861514.101854849,861514.112608299
14005,eye1,pmrnet,loop,29.734659008681774,0.02,0.39056502282619476,7.360432995483279,2.430071937851608,0.08,0.35,0.05,0.45,1.2,42.065728964842855,861514.112913115,861514.123094581
14006,eye1,pmrnet,loop,26.46096597891301,0.02,0.25795900728553534,3.3934899838641286,0.2164250472560525,0.08,0.35,0.05,0.45,1.2,32.478840017318724,861514.124021891,861514.127890022
14007,eye1,pmrnet,loop,26.284363004378974,0.02,0.28066092636436224,4.687061067670584,2.718548057600856,0.08,0.35,0.05,0.45,1.2,36.120633056014775,861514.128095824,861514.135782332
14008,eye1,pmrnet,loop,22.58958702441305,0.02,0.274971011094749,3.4429639345034957,0.4544049734249711,0.08,0.35,0.05,0.45,1.2,28.911926943436264,861514.135983958,861514.140156572
14009,eye1,pmrnet,loop,24.800734012387693,0.02,0.38812297862023115,5.017149029299617,0.6248370045796037,0.08,0.35,0.05,0.45,1.2,32.98084302488714,861514.144406174,861514.150436642
14010,eye1,pmrnet,loop,24.94002692401409,0.02,0.2765919780358672,5.179348052479327,2.5427150540053844,0.08,0.35,0.05,0.45,1.2,35.08868200853467,861514.150646201,861514.158645072
14011,eye1,pmrnet,loop,21.559049957431853,0.02,0.24657300673425198,3.428760915994644,0.34355802927166224,0.08,0.35,0.05,0.45,1.2,27.72794190943241,861514.159313971,861514.163333076
14012,eye1,pmrnet,loop,23.775015026330948,0.02,0.27634797152131796,5.3231039782986045,2.3354239528998733,0.08,0.35,0.05,0.45,1.2,33.85989092905074,861514.165682926,861514.173618056
14013,eye1,pmrnet,loop,27.870120014995337,0.02,0.26689295191317797,11.052494985051453,0.646652071736753,0.08,0.35,0.05,0.45,1.2,41.98616002369672,861514.173815468,861514.185781782
14014,eye1,pmrnet,loop,36.33280307985842,0.02,1.2733290204778314,11.030158028006554,3.0588150257244706,0.08,0.35,0.05,0.45,1.2,53.845105154067284,861514.186950369,861514.202313164
14016,eye1,pmrnet,loop,32.074552960693836,0.02,0.401819939725101,10.470648994669318,0.6794419605284929,0.08,0.35,0.05,0.45,1.2,45.776463855616754,861514.202640496,861514.214192827
14018,eye1,pmrnet,loop,26.968779042363167,0.02,0.28879998717457056,9.508667048066854,0.33673597499728203,0.08,0.35,0.05,0.45,1.2,39.25298205260187,861514.215091314,861514.225225759
14019,eye1,pmrnet,loop,26.314099901355803,0.02,0.3014899557456374,4.446065053343773,2.453798078931868,0.08,0.35,0.05,0.45,1.2,35.66545298937708,861514.225438268,861514.232639856
438,eye0,pmrnet,loop,31.741352984681726,0.02,0.4461159696802497,8.829906000755727,1.7203210154548287,0.08,0.35,0.05,0.45,1.2,44.88769597057253,861513.731871084,861513.742867763
439,eye0,pmrnet,loop,35.879261093214154,0.02,0.6461440352723002,7.671394967474043,1.3824959751218557,0.08,0.35,0.05,0.45,1.2,47.72929607108236,861513.745638812,861513.755339216
441,eye0,pmrnet,loop,28.888833010569215,0.02,1.474168966524303,6.919534062035382,0.885181943885982,0.08,0.35,0.05,0.45,1.2,40.31771798301488,861513.755734709,861513.765013819
442,eye0,pmrnet,loop,31.680521089583635,0.02,0.5770090501755476,7.882058969698846,1.0043049696832895,0.08,0.35,0.05,0.45,1.2,43.29389407914132,861513.766674731,861513.776138469
443,eye0,pmrnet,loop,34.24138599075377,0.02,0.496214022859931,9.152597980573773,0.8721620542928576,0.08,0.35,0.05,0.45,1.2,46.91236004848034,861513.776510928,861513.787032146
444,eye0,pmrnet,loop,35.66434700042009,0.02,0.43855502735823393,7.47790199238807,0.6877530831843615,0.08,0.35,0.05,0.45,1.2,46.418557103350764,861513.788183704,861513.796788273
445,eye0,pmrnet,loop,37.31763397809118,0.02,0.3757330123335123,8.077793987467885,1.1111479252576828,0.08,0.35,0.05,0.45,1.2,49.032308903150266,861513.797209659,861513.806774574
447,eye0,pmrnet,loop,35.34970502369106,0.02,0.5734219448640943,9.772452060133219,1.8693769816309214,0.08,0.35,0.05,0.45,1.2,49.7149560103193,861513.809255776,861513.821471452
449,eye0,pmrnet,loop,31.153148040175438,0.02,0.6147739477455616,9.655121946707368,1.625059056095779,0.08,0.35,0.05,0.45,1.2,45.198102990724145,861513.822046182,861513.833941609
450,eye0,pmrnet,loop,34.92688899859786,0.02,0.4381429171189666,7.3811180191114545,2.7806699508801103,0.08,0.35,0.05,0.45,1.2,47.6768198857084,861513.835448329,861513.846048526
452,eye0,pmrnet,loop,28.781928005628288,0.02,0.4613130586221814,8.373994962312281,1.3066950486972928,0.08,0.35,0.05,0.45,1.2,41.07393107526004,861513.84642752,861513.856569746
453,eye0,pmrnet,loop,34.901045029982924,0.02,0.5958379479125142,10.489937965758145,1.9071989227086306,0.08,0.35,0.05,0.45,1.2,50.04401986636222,861513.858028044,861513.87102148
455,eye0,pmrnet,loop,29.551844927482307,0.02,0.5727789830416441,9.436162072233856,0.7556220516562462,0.08,0.35,0.05,0.45,1.2,42.46640803441405,861513.871572967,861513.882337993
456,eye0,pmrnet,loop,34.08423194196075,0.02,1.340296003036201,9.418266941793263,0.5132430233061314,0.08,0.35,0.05,0.45,1.2,47.50603791009635,861513.883932013,861513.895204192
457,eye0,pmrnet,loop,36.145544960163534,0.02,0.5746809765696526,8.688108995556831,0.7251539500430226,0.08,0.35,0.05,0.45,1.2,48.283488882333046,861513.895610279,861513.905598476
459,eye0,pmrnet,loop,32.04085992183536,0.02,0.449473038315773,7.94250494800508,3.046057070605457,0.08,0.35,0.05,0.45,1.2,45.62889497876168,861513.906721156,861513.918159442
460,eye0,pmrnet,loop,33.34113000892103,0.02,0.47061603982001543,8.179670083336532,0.5976040847599506,0.08,0.35,0.05,0.45,1.2,44.73902021683753,861513.918544895,861513.927792996
461,eye0,pmrnet,loop,37.35534299630672,0.02,0.6066290661692619,8.818130008876324,1.8583600176498294,0.08,0.35,0.05,0.45,1.2,50.78846208900214,861513.928855878,861513.940139355
463,eye0,pmrnet,loop,28.948050923645496,0.02,0.3682100214064121,6.804088945500553,0.6808619946241379,0.08,0.35,0.05,0.45,1.2,38.9512118851766,861513.940544186,861513.948397601
464,eye0,pmrnet,loop,31.295262975618243,0.02,0.5687500815838575,7.752137957140803,0.9331409819424152,0.08,0.35,0.05,0.45,1.2,42.69929199628532,861513.949823864,861513.959078243
465,eye0,pmrnet,loop,32.72988402750343,0.02,0.42546004988253117,7.7978119952604175,1.1396820191293955,0.08,0.35,0.05,0.45,1.2,44.24283809177578,861513.959482728,861513.968845959
467,eye0,pmrnet,loop,29.24146002624184,0.02,0.5739550106227398,8.55337199755013,2.604475012049079,0.08,0.35,0.05,0.45,1.2,43.123262046463786,861513.970291085,861513.982023182
468,eye0,pmrnet,loop,31.345846015028656,0.02,0.9412120562046766,8.483711979351938,0.6071230163797736,0.08,0.35,0.05,0.45,1.2,43.52789306696504,861513.982428198,861513.992460523
469,eye0,pmrnet,loop,35.32007697504014,0.02,0.4441291093826294,8.675290970131755,2.2164470283314586,0.08,0.35,0.05,0.45,1.2,48.805944082885986,861513.993432077,861514.004768177
470,eye0,pmrnet,loop,36.66673100087792,0.02,0.4286359762772918,5.953204003162682,2.875284990295768,0.08,0.35,0.05,0.45,1.2,48.073855970613664,861514.005190151,861514.014447495
472,eye0,pmrnet,loop,30.107866041362286,0.02,0.5124940071254969,7.766148075461388,0.9668749989941716,0.08,0.35,0.05,0.45,1.2,41.50338312294334,861514.015309107,861514.02455483
473,eye0,pmrnet,loop,30.476400977931917,0.02,0.42973493691533804,6.799363996833563,1.048558042384684,0.08,0.35,0.05,0.45,1.2,40.9040579540655,861514.024978553,861514.03325659
474,eye0,pmrnet,loop,35.52749997470528,0.02,0.6039920262992382,10.236266069114208,1.0563080431893468,0.08,0.35,0.05,0.45,1.2,49.57406611330808,861514.034743097,861514.046640109
476,eye0,pmrnet,loop,30.694862944073975,0.02,0.6007030606269836,9.678601985797286,0.9779920801520348,0.08,0.35,0.05,0.45,1.2,44.10216007065028,861514.047215634,861514.058473382
477,eye0,pmrnet,loop,35.64904897939414,0.02,3.030116902664304,7.945302058942616,0.6092960247769952,0.08,0.35,0.05,0.45,1.2,49.38376396577806,861514.06017608,861514.071761054
479,eye0,pmrnet,loop,30.786230927333236,0.02,3.0472229700535536,7.113930070772767,1.2468940112739801,0.08,0.35,0.05,0.45,1.2,44.344277979433535,861514.07215593,861514.083564193
480,eye0,pmrnet,loop,33.75477693043649,0.02,0.6034240359440446,7.710995036177337,1.7501040128991008,0.08,0.35,0.05,0.45,1.2,45.96930001545698,861514.0848008,861514.094865684
481,eye0,pmrnet,loop,34.63772893883288,0.02,0.4204569850116968,7.088377024047077,1.3131990563124418,0.08,0.35,0.05,0.45,1.2,45.6097620042041,861514.095258418,861514.104080674
482,eye0,pmrnet,loop,39.33961095754057,0.02,0.6310370517894626,9.013456990942359,1.7472910694777966,0.08,0.35,0.05,0.45,1.2,52.881396069750195,861514.105723204,861514.117115337
484,eye0,pmrnet,loop,32.33021590858698,0.02,0.4281559959053993,6.689600995741785,2.001479035243392,0.08,0.35,0.05,0.45,1.2,43.59945193547756,861514.117652333,861514.126771783
485,eye0,pmrnet,loop,37.57392498664558,0.02,0.5820660153403878,9.931833017617464,1.758305006660521,0.08,0.35,0.05,0.45,1.2,51.99612902626396,861514.128075668,861514.140348262
487,eye0,pmrnet,loop,31.21514490339905,0.02,0.432807020843029,6.886231014505029,2.605388988740742,0.08,0.35,0.05,0.45,1.2,43.28957192748785,861514.140731175,861514.150655961
488,eye0,pmrnet,loop,35.745164030231535,0.02,0.6144630024209619,8.142545004375279,2.4099150905385613,0.08,0.35,0.05,0.45,1.2,49.06208712756634,861514.152351722,861514.163519024
490,eye0,pmrnet,loop,29.662244021892548,0.02,0.39527006447315216,8.929574047215283,0.7252950454130769,0.08,0.35,0.05,0.45,1.2,41.86238317899406,861514.164051785,861514.174102236
491,eye0,pmrnet,loop,33.17030402831733,0.02,2.0185409812256694,7.620139978826046,1.0429569520056248,0.08,0.35,0.05,0.45,1.2,46.00194194037468,861514.175261182,861514.18594305
492,eye0,pmrnet,loop,34.31900404393673,0.02,0.5292840069159865,7.656178902834654,0.8891320321708918,0.08,0.35,0.05,0.45,1.2,45.54359898585827,861514.186349926,861514.195424755
493,eye0,pmrnet,loop,35.76944605447352,0.02,0.40059303864836693,7.337204064242542,1.18433206807822,0.08,0.35,0.05,0.45,1.2,46.841575225442654,861514.196286115,861514.205208539
494,eye0,pmrnet,loop,36.465991055592895,0.02,0.4258150001987815,7.184037007391453,1.009120955131948,0.08,0.35,0.05,0.45,1.2,47.23496401831508,861514.205618862,861514.214238054
496,eye0,pmrnet,loop,30.985916033387184,0.02,0.5051529733464122,8.854837971739471,0.793833052739501,0.08,0.35,0.05,0.45,1.2,43.28974003121257,861514.215269715,861514.225423833
497,eye0,pmrnet,loop,32.444740063510835,0.02,0.44597103260457516,7.978389970958233,0.9477620478719473,0.08,0.35,0.05,0.45,1.2,43.966863114945596,861514.225843373,861514.235215749
498,eye0,pmrnet,loop,33.69129204656929,0.02,0.4241869319230318,7.767078001052141,0.6141350604593754,0.08,0.35,0.05,0.45,1.2,44.64669204000384,861514.235989596,861514.24479525
499,eye0,pmrnet,loop,36.85068502090871,0.02,0.43709203600883484,8.700162055902183,1.9504319643601775,0.08,0.35,0.05,0.45,1.2,50.088371077179914,861514.245199552,861514.256287521
501,eye0,pmrnet,loop,33.80966593977064,0.02,1.5970849199220538,7.7431859681382775,3.458355087786913,0.08,0.35,0.05,0.45,1.2,48.75829191561789,861514.257112742,861514.269911571
503,eye0,pmrnet,loop,29.116316931322217,0.02,0.4153279587626457,8.051003096625209,2.6228450005874038,0.08,0.35,0.05,0.45,1.2,42.355492987297474,861514.270794776,861514.281884167
504,eye0,pmrnet,loop,31.312866951338947,0.02,0.4367270739749074,8.619396016001701,0.6062530446797609,0.08,0.35,0.05,0.45,1.2,43.125243085995315,861514.282751291,861514.292413886
14020,eye1,pmrnet,loop,30.067640938796103,0.02,0.3900650190189481,7.9572920221835375,2.054231008514762,0.08,0.35,0.05,0.45,1.2,42.61922898851335,861514.234060677,861514.24446256
14021,eye1,pmrnet,loop,30.009243986569345,0.02,0.32014097087085247,4.447057959623635,3.033358952961862,0.08,0.35,0.05,0.45,1.2,39.95980187002569,861514.244672444,861514.252473271
14022,eye1,pmrnet,loop,27.00043097138405,0.02,0.30849792528897524,3.3649030374363065,0.23424695245921612,0.08,0.35,0.05,0.45,1.2,33.058078886568545,861514.253625508,861514.257533451
14023,eye1,pmrnet,loop,26.25432307831943,0.02,0.28347293846309185,4.3859099969267845,2.449002000503242,0.08,0.35,0.05,0.45,1.2,35.52270801421255,861514.257737744,861514.264856442
14024,eye1,pmrnet,loop,23.046110989525914,0.02,0.2538220724090934,3.203958971425891,1.1714260326698422,0.08,0.35,0.05,0.45,1.2,29.82531806603074,861514.265087588,861514.269717082
14025,eye1,pmrnet,loop,22.90629898197949,0.02,0.248780008405447,4.56006289459765,2.4302619276568294,0.08,0.35,0.05,0.45,1.2,32.295403812639414,861514.270406959,861514.277646286
14026,eye1,pmrnet,loop,18.866464961320162,0.02,0.2638879232108593,3.2012959709391,0.36622304469347,0.08,0.35,0.05,0.45,1.2,24.84787190016359,861514.277843735,861514.281675416
14027,eye1,pmrnet,loop,21.20856405235827,0.02,0.27412199415266514,3.9313650922849774,2.183370990678668,0.08,0.35,0.05,0.45,1.2,29.74742212947458,861514.285697473,861514.292086597
14028,eye1,pmrnet,loop,21.4164259377867,0.02,0.2554450184106827,4.032160970382392,2.4313690373674035,0.08,0.35,0.05,0.45,1.2,30.285400963947176,861514.293643958,861514.30036319
14029,eye1,pmrnet,loop,18.746356014162302,0.02,0.3083139890804887,3.4414830151945353,0.3825039602816105,0.08,0.35,0.05,0.45,1.2,25.028656978718935,861514.301629767,861514.305762335
14030,eye1,pmrnet,loop,19.465827965177596,0.02,0.26278907898813486,4.0331409545615315,0.6450610235333443,0.08,0.35,0.05,0.45,1.2,26.556819022260605,861514.309609312,861514.314550549
14031,eye1,pmrnet,loop,21.800706977955997,0.02,0.25821104645729065,4.838768974877894,2.2475229343399405,0.08,0.35,0.05,0.45,1.2,31.29520993363112,861514.31761009,861514.324954842
14032,eye1,pmrnet,loop,27.669040020555258,0.02,0.2843120601028204,12.59367901366204,0.37382706068456173,0.08,0.35,0.05,0.45,1.2,43.07085815500468,861514.325639328,861514.33889152
14033,eye1,pmrnet,loop,27.523402008228004,0.02,0.5381020018830895,5.715253064408898,0.4122189711779356,0.08,0.35,0.05,0.45,1.2,36.338976045697926,861514.340149563,861514.346815509
14034,eye1,pmrnet,loop,24.170433986000717,0.02,0.2721500350162387,3.7052230909466743,0.5398530047386885,0.08,0.35,0.05,0.45,1.2,30.837660116702317,861514.347013937,861514.351531435
14035,eye1,pmrnet,loop,20.277305971831083,0.02,0.284873996861279,3.326229052618146,0.3602770157158375,0.08,0.35,0.05,0.45,1.2,26.398686037026344,861514.351735411,861514.355707032
14036,eye1,pmrnet,loop,19.345173030160367,0.02,0.24844706058502197,4.020812106318772,0.8911309996619821,0.08,0.35,0.05,0.45,1.2,26.655563196726142,861514.357683672,861514.362844313
14037,eye1,pmrnet,loop,21.548414952121675,0.02,0.28411089442670345,4.741166019812226,2.403018996119499,0.08,0.35,0.05,0.45,1.2,31.126710862480103,861514.365688023,861514.373116569
14038,eye1,pmrnet,loop,19.494159962050617,0.02,0.37370400968939066,4.327491042204201,0.20277698058634996,0.08,0.35,0.05,0.45,1.2,26.548131994530557,861514.374226919,861514.379131227
14039,eye1,pmrnet,loop,17.741236952133477,0.02,0.3109199460595846,3.205559914931655,0.22193300537765026,0.08,0.35,0.05,0.45,1.2,23.629649818502365,861514.381708645,861514.385447293
14040,eye1,pmrnet,loop,17.608107067644596,0.02,0.2602370223030448,3.2084669219329953,0.21283002570271492,0.08,0.35,0.05,0.45,1.2,23.43964103758335,861514.389702469,861514.393384248
14041,eye1,pmrnet,loop,17.477965098805726,0.02,0.29302004259079695,3.128051059320569,0.18795498181134462,0.08,0.35,0.05,0.45,1.2,23.236991182528435,861514.397713776,861514.401323058
14042,eye1,pmrnet,loop,17.407599953003228,0.02,0.29068603180348873,3.1509699765592813,0.21294609177857637,0.08,0.35,0.05,0.45,1.2,23.212202053144573,861514.405666838,861514.409321638
14043,eye1,pmrnet,loop,17.571536940522492,0.02,0.27219101320952177,3.252800088375807,0.36323198582977057,0.08,0.35,0.05,0.45,1.2,23.60976002793759,861514.413666089,861514.417554575
14044,eye1,pmrnet,loop,17.223385046236217,0.02,0.24363701231777668,3.1584970420226455,0.21194200962781906,0.08,0.35,0.05,0.45,1.2,22.987461110204457,861514.421661233,861514.425275538
14045,eye1,pmrnet,loop,17.212120001204312,0.02,0.2687930827960372,3.154330071993172,0.2103110309690237,0.08,0.35,0.05,0.45,1.2,22.995554186962543,861514.429699202,861514.4333329
14046,eye1,pmrnet,loop,17.1032469952479,0.02,0.2589880023151636,3.1469189561903477,0.211927923373878,0.08,0.35,0.05,0.45,1.2,22.87108187712729,861514.437675243,861514.441293289
14047,eye1,pmrnet,loop,17.65233394689858,0.02,0.2832249738276005,3.18300595972687,0.82554598338902,0.08,0.35,0.05,0.45,1.2,24.09411086384207,861514.445619207,861514.449911208
14048,eye1,pmrnet,loop,16.926113981753588,0.02,0.2811219310387969,3.1281140400096774,0.21205900702625513,0.08,0.35,0.05,0.45,1.2,22.697408959828316,861514.453632688,861514.457254251
14049,eye1,pmrnet,loop,16.960707027465105,0.02,0.250450917519629,3.183222026564181,0.21149800159037113,0.08,0.35,0.05,0.45,1.2,22.755877973139285,861514.461712391,861514.465357804
14050,eye1,pmrnet,loop,16.745498054660857,0.02,0.23954990319907665,3.141564899124205,0.21363003179430962,0.08,0.35,0.05,0.45,1.2,22.490242888778447,861514.469616746,861514.473211683
14051,eye1,pmrnet,loop,17.037482000887394,0.02,0.27268403209745884,3.182634012773633,0.4974700277671218,0.08,0.35,0.05,0.45,1.2,23.140270073525606,861514.477619471,861514.481572526
14052,eye1,pmrnet,loop,16.859997995197773,0.02,0.31325395684689283,3.2972259214147925,0.19449798855930567,0.08,0.35,0.05,0.45,1.2,22.814975862018763,861514.485658734,861514.489463954
14053,eye1,pmrnet,loop,16.628821031190455,0.02,0.25179702788591385,3.199483035132289,0.22004905622452497,0.08,0.35,0.05,0.45,1.2,22.45015015043318,861514.493630363,861514.497301926
14054,eye1,pmrnet,loop,16.669188044033945,0.02,0.26733893901109695,3.317454014904797,0.2130080247297883,0.08,0.35,0.05,0.45,1.2,22.616989022679626,861514.501613208,861514.505411258
14055,eye1,pmrnet,loop,16.41935098450631,0.02,0.2670780522748828,3.148067044094205,0.21383492276072502,0.08,0.35,0.05,0.45,1.2,22.19833100363612,861514.50960116,861514.513230408
14056,eye1,pmrnet,loop,16.37883996590972,0.02,0.27429196052253246,3.156292950734496,0.21384889259934425,0.08,0.35,0.05,0.45,1.2,22.17327376976609,861514.517614121,861514.521258805
14057,eye1,pmrnet,loop,16.302832984365523,0.02,0.26288896333426237,3.1442350009456277,0.20979205146431923,0.08,0.35,0.05,0.45,1.2,22.06974900010973,861514.525634845,861514.529252004
14058,eye1,pmrnet,loop,16.173567972145975,0.02,0.24377205409109592,3.146276925690472,0.18577894661575556,0.08,0.35,0.05,0.45,1.2,21.899395898543297,861514.533615625,861514.537191708
14059,eye1,pmrnet,loop,16.098477062769234,0.02,0.23315311409533024,3.135535982437432,0.21187204401940107,0.08,0.35,0.05,0.45,1.2,21.829038203321396,861514.541604762,861514.545185551
14060,eye1,pmrnet,loop,20.248513901606202,0.02,0.30820094980299473,3.2168430043384433,0.19188201986253262,0.08,0.35,0.05,0.45,1.2,26.11543987561017,861514.553687302,861514.557404489
14061,eye1,pmrnet,loop,26.21108398307115,0.02,0.38187101017683744,9.096189984120429,0.19420799799263477,0.08,0.35,0.05,0.45,1.2,38.03335297536105,861514.561763593,861514.57143621
14062,eye1,pmrnet,loop,21.995621966198087,0.02,0.2676399890333414,3.174259909428656,0.21760095842182636,0.08,0.35,0.05,0.45,1.2,27.80512282308191,861514.571629966,861514.575289728
14063,eye1,pmrnet,loop,19.859706982970238,0.02,0.24145503994077444,3.151167999021709,0.22299401462078094,0.08,0.35,0.05,0.45,1.2,25.6253240365535,861514.577606929,861514.581222767
14064,eye1,pmrnet,loop,19.81890294700861,0.02,0.2430930035188794,3.1743639847263694,0.21203700453042984,0.08,0.35,0.05,0.45,1.2,25.598396939784287,861514.585621211,861514.58925097
14065,eye1,pmrnet,loop,19.800535985268652,0.02,0.2725459635257721,3.153241006657481,0.20865199621766806,0.08,0.35,0.05,0.45,1.2,25.584974951669572,861514.593666949,861514.597301633
14066,eye1,pmrnet,loop,19.875727011822164,0.02,0.2634510165080428,3.312877961434424,0.18786697182804346,0.08,0.35,0.05,0.45,1.2,25.789922961592673,861514.601681263,861514.605445717
14067,eye1,pmrnet,loop,19.75250302348286,0.02,0.26614905800670385,3.237564000301063,0.1856460003182292,0.08,0.35,0.05,0.45,1.2,25.591862082108854,861514.609701763,861514.613391397
14068,eye1,pmrnet,loop,25.827471050433815,0.02,0.2443200210109353,9.270044974982738,0.3781910054385662,0.08,0.35,0.05,0.45,1.2,37.87002705186605,861514.617642067,861514.627535007
14069,eye1,pmrnet,loop,27.288769953884184,0.02,0.407232902944088,8.02566995844245,0.2324199303984642,0.08,0.35,0.05,0.45,1.2,38.104092745669185,861514.628399997,861514.637065689
505,eye0,pmrnet,loop,34.807060030288994,0.02,0.4218079848214984,8.670691051520407,1.9276789389550686,0.08,0.35,0.05,0.45,1.2,47.977238005585974,861514.293219861,861514.304240375
506,eye0,pmrnet,loop,36.963489023037255,0.02,0.48505293671041727,7.088126032613218,1.9562399247661233,0.08,0.35,0.05,0.45,1.2,48.64290791712702,861514.305200662,861514.314730292
508,eye0,pmrnet,loop,30.844097957015038,0.02,0.5002869293093681,9.04657004866749,0.600383966229856,0.08,0.35,0.05,0.45,1.2,43.14133890122175,861514.31512945,861514.325276905
509,eye0,pmrnet,loop,34.99240498058498,0.02,0.6014339160174131,9.631834924221039,1.0487670078873634,0.08,0.35,0.05,0.45,1.2,48.4244408287108,861514.326475498,861514.337757954
511,eye0,pmrnet,loop,31.835764995776117,0.02,0.569117022678256,9.664839948527515,2.71022308152169,0.08,0.35,0.05,0.45,1.2,46.929945048503576,861514.33832249,861514.351267097
512,eye0,pmrnet,loop,37.91705402545631,0.02,2.6090180035680532,9.627430001273751,0.7687070174142718,0.08,0.35,0.05,0.45,1.2,53.07220904771239,861514.35267577,861514.365681368
514,eye0,pmrnet,loop,33.87090808246285,0.02,0.6469869986176491,9.488745010457933,1.933136023581028,0.08,0.35,0.05,0.45,1.2,48.08977611511946,861514.36623187,861514.378301239
2,eye0,pmrnet,loop,22.51985191833228,0.02,0.5593399982899427,10.160409030504525,0.4697639960795641,0.08,0.35,0.05,0.45,1.2,35.85936494320631,861514.648855885,861514.660045951
3,eye0,pmrnet,loop,27.545084012672305,0.02,1.8458940321579576,9.451405960135162,0.37232390604913235,0.08,0.35,0.05,0.45,1.2,41.364707911014555,861514.661470558,861514.673140614
5,eye0,pmrnet,loop,17.022298998199403,0.02,0.3678170032799244,4.733687033876777,0.21363701671361923,0.08,0.35,0.05,0.45,1.2,24.487440052069722,861514.673440731,861514.678756204
6,eye0,pmrnet,loop,16.53489109594375,0.02,0.27347798459231853,4.081277991645038,1.3436819426715374,0.08,0.35,0.05,0.45,1.2,24.38332901485264,861514.680639231,861514.686337948
7,eye0,pmrnet,loop,15.981449978426099,0.02,0.29376393649727106,3.7359590642154217,1.1838229838758707,0.08,0.35,0.05,0.45,1.2,23.34499596301466,861514.688639288,861514.693853066
8,eye0,pmrnet,loop,16.52237994130701,0.02,0.3693120088428259,4.870546981692314,0.5309589905664325,0.08,0.35,0.05,0.45,1.2,24.44319792240858,861514.696692205,861514.702463381
9,eye0,pmrnet,loop,14.940913999453187,0.02,0.24350802414119244,3.601131960749626,0.45542605221271515,0.08,0.35,0.05,0.45,1.2,21.39098003655672,861514.7046507,861514.708950978
10,eye0,pmrnet,loop,14.9287860840559,0.02,0.23967900779098272,3.5706100752577186,0.5446579307317734,0.08,0.35,0.05,0.45,1.2,21.433733097836374,861514.712652537,861514.717007731
11,eye0,pmrnet,loop,21.093119983561337,0.02,0.400518998503685,9.57702798768878,0.5121909780427814,0.08,0.35,0.05,0.45,1.2,33.73285794779658,861514.720750358,861514.731240566
12,eye0,pmrnet,loop,23.19993101991713,0.02,2.284343005158007,5.848080036230385,0.45767996925860643,0.08,0.35,0.05,0.45,1.2,33.94003403056413,861514.732827142,861514.741417603
13,eye0,pmrnet,loop,24.14823300205171,0.02,0.3780130064114928,7.191927987150848,1.1408439604565501,0.08,0.35,0.05,0.45,1.2,35.0090179560706,861514.741723913,861514.75043503
14,eye0,pmrnet,loop,21.068538073450327,0.02,0.25937508326023817,3.4160069189965725,0.5062100244686007,0.08,0.35,0.05,0.45,1.2,27.400130100175737,861514.751242662,861514.755424572
15,eye0,pmrnet,loop,22.38719305023551,0.02,0.24101499002426863,8.026935975067317,0.48800103832036257,0.08,0.35,0.05,0.45,1.2,33.293145053647464,861514.756055367,861514.764811679
16,eye0,pmrnet,loop,20.688176969997585,0.02,0.36034302320331335,4.979828023351729,0.7247410248965025,0.08,0.35,0.05,0.45,1.2,28.903089041449128,861514.765117008,861514.771182263
17,eye0,pmrnet,loop,24.688970996066928,0.02,0.36895403172820807,9.378551971167326,0.9990190155804157,0.08,0.35,0.05,0.45,1.2,37.585496014542876,861514.772504428,861514.783251424
18,eye0,pmrnet,loop,25.019046035595238,0.02,0.5777430487796664,7.299109944142401,0.21934707183390856,0.08,0.35,0.05,0.45,1.2,35.26524610035121,861514.783554484,861514.791651063
19,eye0,pmrnet,loop,27.18430000822991,0.02,0.3810620401054621,8.586933952756226,0.2502819988876581,0.08,0.35,0.05,0.45,1.2,38.552577999979256,861514.792666588,861514.801885233
21,eye0,pmrnet,loop,22.10482396185398,0.02,1.2098229490220547,9.218264953233302,0.4195609362795949,0.08,0.35,0.05,0.45,1.2,35.10247280038893,861514.802095765,861514.81294389
22,eye0,pmrnet,loop,25.10961494408548,0.02,0.37815410178154707,9.391546016559005,0.37952593993395567,0.08,0.35,0.05,0.45,1.2,37.408841002359985,861514.813867206,861514.824016908
23,eye0,pmrnet,loop,27.347329072654247,0.02,0.3795179072767496,9.222237044014037,0.384929939173162,0.08,0.35,0.05,0.45,1.2,39.484013963118194,861514.824336843,861514.834323942
25,eye0,pmrnet,loop,16.360873938538134,0.02,0.26064401026815176,3.6515319952741265,0.4430420231074095,0.08,0.35,0.05,0.45,1.2,22.86609196718782,861514.835120533,861514.839475975
26,eye0,pmrnet,loop,13.5508879320696,0.02,0.2519419649615884,3.246823907829821,0.5940450355410576,0.08,0.35,0.05,0.45,1.2,19.793698840402065,861514.840641859,861514.844734953
27,eye0,pmrnet,loop,13.535875012166798,0.02,0.26043399702757597,3.26625001616776,0.5978780100122094,0.08,0.35,0.05,0.45,1.2,19.810437035374342,861514.84866415,861514.85278891
28,eye0,pmrnet,loop,21.332034026272595,0.02,0.3746110014617443,10.770148015581071,0.769502017647028,0.08,0.35,0.05,0.45,1.2,35.39629506096244,861514.856739027,861514.868653742
29,eye0,pmrnet,loop,24.287486914545298,0.02,0.5009811138734221,9.257951052859426,0.47067797277122736,0.08,0.35,0.05,0.45,1.2,36.66709705404937,861514.869448137,861514.879678173
31,eye0,pmrnet,loop,19.992913003079593,0.02,0.49544195644557476,9.591656038537621,0.48998999409377575,0.08,0.35,0.05,0.45,1.2,32.720000992156564,861514.880943538,861514.891521024
32,eye0,pmrnet,loop,19.99706099741161,0.02,0.38808095268905163,6.583988084457815,0.7931609870865941,0.08,0.35,0.05,0.45,1.2,29.912291021645068,861514.891829592,861514.899595167
33,eye0,pmrnet,loop,23.28115899581462,0.02,0.386849045753479,9.109504986554384,0.5738750332966447,0.08,0.35,0.05,0.45,1.2,35.50138806141913,861514.900877574,861514.910948187
34,eye0,pmrnet,loop,25.651137926615775,0.02,0.4273330559954047,9.384173899888992,0.3987459931522608,0.08,0.35,0.05,0.45,1.2,38.01139087565243,861514.911175711,861514.921386353
36,eye0,pmrnet,loop,21.562753012403846,0.02,0.4425490042194724,9.101167088374496,1.0336099658161402,0.08,0.35,0.05,0.45,1.2,34.29007907081395,861514.922858858,861514.933436536
37,eye0,pmrnet,loop,21.47412800695747,0.02,2.431932953186333,4.129500943236053,1.160711981356144,0.08,0.35,0.05,0.45,1.2,31.346273884736,861514.933694552,861514.941416985
38,eye0,pmrnet,loop,24.76055594161153,0.02,0.3821500577032566,9.57689096685499,0.4829879617318511,0.08,0.35,0.05,0.45,1.2,37.352584927901624,861514.942329629,861514.952772095
40,eye0,pmrnet,loop,18.71940097771585,0.02,0.36864797584712505,9.041144978255033,0.37809298373758793,0.08,0.35,0.05,0.45,1.2,30.657286915555595,861514.953081236,861514.962869456
41,eye0,pmrnet,loop,17.288897070102394,0.02,0.2564659807831049,4.491253988817334,0.9716160129755735,0.08,0.35,0.05,0.45,1.2,25.158233052678405,861514.963788523,861514.969508049
42,eye0,pmrnet,loop,14.545069076120853,0.02,0.2913030330091715,4.507727921009064,0.3310859901830554,0.08,0.35,0.05,0.45,1.2,21.825186020322143,861514.969702804,861514.974833139
43,eye0,pmrnet,loop,12.462446931749582,0.02,0.2533099614083767,3.3782540122047067,0.5249720998108387,0.08,0.35,0.05,0.45,1.2,18.768983005173503,861514.976662857,861514.980819661
44,eye0,pmrnet,loop,12.64554401859641,0.02,0.2800850197672844,3.442597924731672,0.34867494832724333,0.08,0.35,0.05,0.45,1.2,18.86690191142261,861514.984999926,861514.989071504
45,eye0,pmrnet,loop,13.14923504833132,0.02,0.27028401382267475,4.363882006146014,0.3380329580977559,0.08,0.35,0.05,0.45,1.2,20.271434026397763,861514.992671966,861514.997644397
46,eye0,pmrnet,loop,13.303946005180478,0.02,0.27567497454583645,3.6351459566503763,1.2283800169825554,0.08,0.35,0.05,0.45,1.2,20.593146953359245,861515.000728504,861515.005867956
47,eye0,pmrnet,loop,13.042878941632807,0.02,0.27273199521005154,3.5025710240006447,1.2510030064731836,0.08,0.35,0.05,0.45,1.2,20.219184967316686,861515.008649466,861515.01367602
48,eye0,pmrnet,loop,11.70629495754838,0.02,0.28360600117594004,3.234119969420135,0.22415199782699347,0.08,0.35,0.05,0.45,1.2,17.598172925971447,861515.016666301,861515.020408457
49,eye0,pmrnet,loop,11.753389029763639,0.02,0.45058305840939283,3.199460916221142,0.21581596229225397,0.08,0.35,0.05,0.45,1.2,17.769248966686426,861515.024658392,861515.028524463
50,eye0,pmrnet,loop,11.53310399968177,0.02,0.27303595561534166,3.21242306381464,0.21612795535475016,0.08,0.35,0.05,0.45,1.2,17.3846909744665,861515.032671418,861515.036373263
14070,eye1,pmrnet,loop,23.809417034499347,0.02,0.2746529644355178,3.216874902136624,0.5122630391269922,0.08,0.35,0.05,0.45,1.2,29.96320794019848,861514.637651146,861514.64165521
14071,eye1,pmrnet,loop,19.54336802009493,0.02,0.25911000557243824,3.119722008705139,0.20779401529580355,0.08,0.35,0.05,0.45,1.2,25.27999404966831,861514.641871531,861514.645458404
14072,eye1,pmrnet,loop,25.991989066824317,0.02,0.38390199188143015,9.360007010400295,0.48627902287989855,0.08,0.35,0.05,0.45,1.2,38.37217709198594,861514.649744644,861514.659975284
14073,eye1,pmrnet,loop,22.659453912638128,0.02,0.49059209413826466,3.387643024325371,0.5185719346627593,0.08,0.35,0.05,0.45,1.2,29.20626096576452,861514.660315503,861514.664712547
14074,eye1,pmrnet,loop,19.500566995702684,0.02,0.2412470057606697,3.338314942084253,0.38031896110624075,0.08,0.35,0.05,0.45,1.2,25.610447904653846,861514.665662509,861514.669622608
14075,eye1,pmrnet,loop,20.170417963527143,0.02,0.25442405603826046,3.279825090430677,1.0320560541003942,0.08,0.35,0.05,0.45,1.2,26.886723164096473,861514.673794845,861514.678361466
14076,eye1,pmrnet,loop,20.141164073720574,0.02,0.28595002368092537,3.9968759519979358,0.45350997243076563,0.08,0.35,0.05,0.45,1.2,27.0275000218302,861514.681664668,861514.686401289
14077,eye1,pmrnet,loop,19.449184997938573,0.02,0.26635092217475176,3.5323479678481817,0.3329699393361807,0.08,0.35,0.05,0.45,1.2,25.730853827297686,861514.689646383,861514.693778322
14078,eye1,pmrnet,loop,22.504676948301494,0.02,0.23783196229487658,6.676365970633924,0.3579220501706004,0.08,0.35,0.05,0.45,1.2,31.926796931400894,861514.697629655,861514.704902136
14079,eye1,pmrnet,loop,26.282449020072818,0.02,0.3665069816634059,9.236795012839139,0.9465849725529552,0.08,0.35,0.05,0.45,1.2,38.982335987128316,861514.706199045,861514.716749363
14080,eye1,pmrnet,loop,22.28507900144905,0.02,0.3585859667509794,3.2975110225379467,0.21582108456641436,0.08,0.35,0.05,0.45,1.2,28.306997075304388,861514.716949797,861514.720821973
14081,eye1,pmrnet,loop,21.5393400285393,0.02,0.24522701278328896,5.764845991507173,0.43771101627498865,0.08,0.35,0.05,0.45,1.2,30.13712404910475,861514.721696764,861514.728144889
14082,eye1,pmrnet,loop,20.27619001455605,0.02,0.3678710199892521,4.607654991559684,0.212794984690845,0.08,0.35,0.05,0.45,1.2,27.61451101079583,861514.729762351,861514.73495103
14083,eye1,pmrnet,loop,23.20832700934261,0.02,0.2642690669745207,7.59229704272002,0.46388700138777494,0.08,0.35,0.05,0.45,1.2,33.67878012042493,861514.737630807,861514.745951625
14084,eye1,pmrnet,loop,26.99220704380423,0.02,0.37328002508729696,9.467988973483443,1.15223100874573,0.08,0.35,0.05,0.45,1.2,40.1357070511207,861514.746810353,861514.757804374
14085,eye1,pmrnet,loop,29.35717604123056,0.02,0.38663006853312254,9.262360050342977,0.4651329945772886,0.08,0.35,0.05,0.45,1.2,41.621299154683946,861514.758124567,861514.768239132
14086,eye1,pmrnet,loop,32.362272031605244,0.02,0.37151400465518236,9.344337042421103,0.45948498882353306,0.08,0.35,0.05,0.45,1.2,44.68760806750507,861514.769137097,861514.779312869
14088,eye1,pmrnet,loop,26.71421703416854,0.02,0.3631409490481019,9.368967032060027,0.4665560554713011,0.08,0.35,0.05,0.45,1.2,39.06288107074797,861514.779603599,861514.789802666
14089,eye1,pmrnet,loop,30.191453057341278,0.02,0.8016660576686263,9.318643948063254,0.4590089665725827,0.08,0.35,0.05,0.45,1.2,42.92077202964574,861514.790769278,861514.801349005
14090,eye1,pmrnet,loop,32.791396020911634,0.02,0.6809990154579282,9.222367079928517,0.4737370181828737,0.08,0.35,0.05,0.45,1.2,45.31849913448096,861514.801640419,861514.812017965
14092,eye1,pmrnet,loop,22.922214004211128,0.02,0.4014089936390519,4.0164400124922395,0.8863440016284585,0.08,0.35,0.05,0.45,1.2,30.376407011970876,861514.812982876,861514.818287343
14093,eye1,pmrnet,loop,19.074007985182106,0.02,0.258050044067204,3.228435991331935,0.5263719940558076,0.08,0.35,0.05,0.45,1.2,25.23686601463705,861514.818494978,861514.822508123
14094,eye1,pmrnet,loop,21.767758997157216,0.02,0.25769800413399935,6.810513907112181,0.5344870733097196,0.08,0.35,0.05,0.45,1.2,31.520457981713115,861514.825667512,861514.833270582
14095,eye1,pmrnet,loop,19.973246031440794,0.02,0.2598679857328534,3.74315504450351,1.3521050568670034,0.08,0.35,0.05,0.45,1.2,27.47837411854416,861514.834189949,861514.839545288
14096,eye1,pmrnet,loop,25.34473896957934,0.02,0.2660969039425254,10.598569991998374,0.4664710722863674,0.08,0.35,0.05,0.45,1.2,38.825876937806605,861514.841653381,861514.852984857
14097,eye1,pmrnet,loop,25.66844702232629,0.02,0.40388095658272505,6.523667019791901,0.39316993206739426,0.08,0.35,0.05,0.45,1.2,35.13916493076831,861514.854057462,861514.861378489
14098,eye1,pmrnet,loop,21.714461036026478,0.02,0.26091199833899736,3.2596230739727616,0.3979679895564914,0.08,0.35,0.05,0.45,1.2,27.782964097894727,861514.861574834,861514.865493594
14099,eye1,pmrnet,loop,17.40733499173075,0.02,0.26039499789476395,3.113926970399916,0.19153603352606297,0.08,0.35,0.05,0.45,1.2,23.12319299355149,861514.865689341,861514.869255399
14100,eye1,pmrnet,loop,24.401846108958125,0.02,0.3697489155456424,9.693663101643324,0.48326607793569565,0.08,0.35,0.05,0.45,1.2,37.098524204082786,861514.873771295,861514.884318395
14101,eye1,pmrnet,loop,27.55689900368452,0.02,0.409936998039484,9.358425042591989,0.43727492447942495,0.08,0.35,0.05,0.45,1.2,39.91253596879542,861514.885336096,861514.8955422
14102,eye1,pmrnet,loop,25.89364000596106,0.02,0.3627839032560587,5.328795989044011,0.39876496884971857,0.08,0.35,0.05,0.45,1.2,34.13398486711085,861514.895857986,861514.901948678
14103,eye1,pmrnet,loop,22.641664021648467,0.02,0.24440500419586897,3.334520966745913,0.37810206413269043,0.08,0.35,0.05,0.45,1.2,28.748692056722938,861514.902808404,861514.906765721
14104,eye1,pmrnet,loop,18.829494016245008,0.02,0.2739459741860628,3.448560950346291,0.337442965246737,0.08,0.35,0.05,0.45,1.2,25.039443906024097,861514.906962408,861514.911022631
14105,eye1,pmrnet,loop,17.825699993409216,0.02,0.27258903719484806,3.2560440013185143,0.934688956476748,0.08,0.35,0.05,0.45,1.2,24.439021988399325,861514.913623563,861514.91808714
14106,eye1,pmrnet,loop,17.518237000331283,0.02,0.25308597832918167,3.495318000204861,0.45092590153217316,0.08,0.35,0.05,0.45,1.2,23.867566880397497,861514.921649686,861514.925849248
14107,eye1,pmrnet,loop,17.79334805905819,0.02,0.2743500517681241,3.738175961188972,0.4800459137186408,0.08,0.35,0.05,0.45,1.2,24.435919985733925,861514.929700503,861514.934193363
14109,eye1,pmrnet,loop,23.60363700427115,0.02,0.3835499519482255,9.521852945908904,0.519071938470006,0.08,0.35,0.05,0.45,1.2,36.178111840598284,861514.945716455,861514.956141391
14110,eye1,pmrnet,loop,25.485984981060028,0.02,0.3880859585478902,7.250203983858228,1.458482933230698,0.08,0.35,0.05,0.45,1.2,36.73275785669684,861514.956995782,861514.966092935
14111,eye1,pmrnet,loop,21.264774026349187,0.02,0.2799479989334941,3.1512039713561535,0.21429196931421757,0.08,0.35,0.05,0.45,1.2,27.06021796595305,861514.966294867,861514.969940551
14113,eye1,pmrnet,loop,24.161980021744967,0.02,0.3711250610649586,10.092245996929705,0.7579360390082002,0.08,0.35,0.05,0.45,1.2,37.53328711874783,861514.977754,861514.988975732
14114,eye1,pmrnet,loop,24.66761297546327,0.02,3.931100945919752,3.6817450309172273,0.7231238996610045,0.08,0.35,0.05,0.45,1.2,35.153582851961254,861514.989214119,861514.997550375
14115,eye1,pmrnet,loop,22.78898993972689,0.02,0.39131997618824244,4.5098279369995,0.6090130191296339,0.08,0.35,0.05,0.45,1.2,30.449150872044264,861514.998230611,861515.003741053
14116,eye1,pmrnet,loop,18.510053982026875,0.02,0.275418977253139,3.1306659802794456,0.18951401580125093,0.08,0.35,0.05,0.45,1.2,24.25565295536071,861515.003935275,861515.00753112
14117,eye1,pmrnet,loop,16.62404602393508,0.02,0.25993597228080034,3.466355032287538,0.3033820539712906,0.08,0.35,0.05,0.45,1.2,22.803719082474707,861515.009684185,861515.013714123
14118,eye1,pmrnet,loop,21.986057050526142,0.02,0.509546953253448,3.6043269792571664,1.3746239710599184,0.08,0.35,0.05,0.45,1.2,29.624554954096673,861515.021656404,861515.027145187
14119,eye1,pmrnet,loop,21.92211092915386,0.02,0.2542670117691159,3.3527639461681247,1.89108494669199,0.08,0.35,0.05,0.45,1.2,29.57022683378309,861515.029651799,861515.035150187
14120,eye1,pmrnet,loop,21.552308928221464,0.02,0.2774230670183897,3.5166359739378095,1.3872350100427866,0.08,0.35,0.05,0.45,1.2,28.88360297922045,861515.037668766,861515.042850354
14121,eye1,pmrnet,loop,22.076220018789172,0.02,0.29071501921862364,4.193913075141609,1.277489005587995,0.08,0.35,0.05,0.45,1.2,29.988337118737398,861515.045680939,861515.051443319
14122,eye1,pmrnet,loop,26.561414008028805,0.02,0.4199369577690959,9.26052697468549,0.5636820569634438,0.08,0.35,0.05,0.45,1.2,38.955559997446834,861515.053753002,861515.063997527
14123,eye1,pmrnet,loop,29.889814904890954,0.02,1.2899059802293777,9.340803022496402,0.437773996964097,0.08,0.35,0.05,0.45,1.2,43.10829790458083,861515.064325481,861515.075394378
51,eye0,pmrnet,loop,11.399400071240962,0.02,0.2629630034789443,3.1647280557081103,0.21466100588440895,0.08,0.35,0.05,0.45,1.2,17.191752136312424,861515.040666053,861515.044308619
52,eye0,pmrnet,loop,11.815183912403882,0.02,0.2651950344443321,3.6517150001600385,0.22603606339544058,0.08,0.35,0.05,0.45,1.2,18.10813001040369,861515.048650941,861515.052794103
53,eye0,pmrnet,loop,15.37369901780039,0.02,0.27408101595938206,3.249106928706169,0.22455898579210043,0.08,0.35,0.05,0.45,1.2,21.27144594825804,861515.060673511,861515.064421485
54,eye0,pmrnet,loop,19.58334702067077,0.02,0.40066998917609453,7.326159975491464,0.2266590017825365,0.08,0.35,0.05,0.45,1.2,29.686835987120865,861515.068746399,861515.076700236
55,eye0,pmrnet,loop,15.74460999108851,0.02,0.2654370618984103,3.3379700034856796,0.4292289959266782,0.08,0.35,0.05,0.45,1.2,21.927246052399276,861515.076897707,861515.080930618
56,eye0,pmrnet,loop,23.319552070461214,0.02,0.3949690144509077,11.025242041796446,0.4132540198042989,0.08,0.35,0.05,0.45,1.2,37.303017146512865,861515.084740144,861515.096573984
57,eye0,pmrnet,loop,21.53183496557176,0.02,0.3400129498913884,4.185472964309156,0.5780750652775168,0.08,0.35,0.05,0.45,1.2,28.78539594504982,861515.097751259,861515.102855024
58,eye0,pmrnet,loop,17.7820649696514,0.02,0.28688705060631037,3.4028539666906,0.3978180466219783,0.08,0.35,0.05,0.45,1.2,24.019624033570288,861515.1030871,861515.107174915
59,eye0,pmrnet,loop,15.394537011161447,0.02,0.2813099417835474,3.3876349916681647,0.5336030153557658,0.08,0.35,0.05,0.45,1.2,21.747084959968923,861515.108653382,861515.112856176
60,eye0,pmrnet,loop,17.136326991021633,0.02,0.31476595904678106,4.901370964944363,0.7588500156998634,0.08,0.35,0.05,0.45,1.2,25.26131393071264,861515.116691567,861515.122666829
61,eye0,pmrnet,loop,19.823596929199994,0.02,0.4188499879091978,6.577286054380238,0.4886070964857936,0.08,0.35,0.05,0.45,1.2,29.45834006797522,861515.125938336,861515.13342345
62,eye0,pmrnet,loop,15.958872972987592,0.02,0.2844949485734105,3.2590749906376004,0.4473408916965127,0.08,0.35,0.05,0.45,1.2,22.099783803895114,861515.133636676,861515.137627855
63,eye0,pmrnet,loop,14.968723058700562,0.02,0.2603169996291399,3.482172032818198,0.24881004355847836,0.08,0.35,0.05,0.45,1.2,21.110022134706377,861515.140714833,861515.144706422
64,eye0,pmrnet,loop,19.517980981618166,0.02,0.4072230076417327,7.396040949970484,0.7860570913180709,0.08,0.35,0.05,0.45,1.2,30.257302030548452,861515.148735027,861515.157324666
65,eye0,pmrnet,loop,15.634892042726278,0.02,0.28656108770519495,3.2728869700804353,0.4081310471519828,0.08,0.35,0.05,0.45,1.2,21.75247114766389,861515.157542814,861515.161510608
66,eye0,pmrnet,loop,21.128699998371303,0.02,0.3898640861734748,9.496766026131809,0.4485399695113301,0.08,0.35,0.05,0.45,1.2,33.61387008018792,861515.16473753,861515.175073148
67,eye0,pmrnet,loop,24.03061301447451,0.02,0.4061999497935176,9.598147007636726,0.4075260367244482,0.08,0.35,0.05,0.45,1.2,36.5924860086292,861515.17563101,861515.186043406
68,eye0,pmrnet,loop,22.526663029566407,0.02,0.43468200601637363,4.026439972221851,0.42162404861301184,0.08,0.35,0.05,0.45,1.2,29.559409056417643,861515.18772666,861515.192609736
69,eye0,pmrnet,loop,18.504173029214144,0.02,0.2849859884008765,3.227174049243331,0.3299791133031249,0.08,0.35,0.05,0.45,1.2,24.496312180161475,861515.192813779,861515.196656199
70,eye0,pmrnet,loop,16.358195920474827,0.02,0.270852935500443,3.874310990795493,1.5831839991733432,0.08,0.35,0.05,0.45,1.2,24.236543845944105,861515.19685065,861515.202579255
71,eye0,pmrnet,loop,14.924697927199304,0.02,0.2597779966890812,3.9444559952244163,0.3434420796111226,0.08,0.35,0.05,0.45,1.2,21.622373998723923,861515.2046666,861515.209214568
72,eye0,pmrnet,loop,17.008900991640985,0.02,0.3879810683429241,5.887181963771582,0.3539490280672908,0.08,0.35,0.05,0.45,1.2,25.78801305182278,861515.212737999,861515.219367456
73,eye0,pmrnet,loop,15.219451044686139,0.02,0.25335000827908516,3.382603987120092,1.360962982289493,0.08,0.35,0.05,0.45,1.2,22.366368022374807,861515.220650218,861515.225647359
74,eye0,pmrnet,loop,15.547616058029234,0.02,0.27712900191545486,3.64368106238544,1.4381669461727142,0.08,0.35,0.05,0.45,1.2,23.056593068502842,861515.228685233,861515.234044535
75,eye0,pmrnet,loop,15.280828927643597,0.02,0.25195605121552944,3.9718070765957236,0.9635670576244593,0.08,0.35,0.05,0.45,1.2,22.618159113079308,861515.236659055,861515.241846633
76,eye0,pmrnet,loop,15.412281034514308,0.02,0.2611359814181924,3.531805006787181,1.592020969837904,0.08,0.35,0.05,0.45,1.2,22.947242992557584,861515.244661931,861515.250047158
77,eye0,pmrnet,loop,14.540474978275597,0.02,0.29291596729308367,3.6863189889118075,0.5903270794078708,0.08,0.35,0.05,0.45,1.2,21.260037013888358,861515.252674573,861515.257244416
78,eye0,pmrnet,loop,18.760716076940298,0.02,0.39750197902321815,7.99516390543431,0.37727097515016794,0.08,0.35,0.05,0.45,1.2,29.680652936547993,861515.260762868,861515.269533266
79,eye0,pmrnet,loop,21.330215968191624,0.02,0.3803239669650793,9.345886064693332,0.6075670244172215,0.08,0.35,0.05,0.45,1.2,33.813993024267255,861515.269838042,861515.280172282
80,eye0,pmrnet,loop,26.11654403153807,0.02,0.7542941020801663,9.457281907089055,0.3894289257004857,0.08,0.35,0.05,0.45,1.2,38.867548966407774,861515.282425473,861515.293026918
82,eye0,pmrnet,loop,21.323787048459053,0.02,0.3854690585285425,9.836159995757043,0.8084230357781053,0.08,0.35,0.05,0.45,1.2,34.50383913852274,861515.293341072,861515.304371595
83,eye0,pmrnet,loop,25.282441056333482,0.02,0.41831505950540304,9.663905948400497,0.4827900556847453,0.08,0.35,0.05,0.45,1.2,37.99745211992413,861515.305834447,861515.31639989
84,eye0,pmrnet,loop,28.476885985583067,0.02,0.3721590619534254,9.232525946572423,1.364386989735067,0.08,0.35,0.05,0.45,1.2,41.59595798384398,861515.316693929,861515.327663445
86,eye0,pmrnet,loop,24.841765989549458,0.02,1.4763999497517943,9.428035002201796,0.5548399640247226,0.08,0.35,0.05,0.45,1.2,38.45104090552777,861515.328706888,861515.340166564
87,eye0,pmrnet,loop,27.362153050489724,0.02,0.3642309457063675,9.282520040869713,0.6534330314025283,0.08,0.35,0.05,0.45,1.2,39.81233706846833,861515.340455213,861515.350755812
89,eye0,pmrnet,loop,22.332003922201693,0.02,0.3985840594395995,9.24243195913732,0.500358990393579,0.08,0.35,0.05,0.45,1.2,34.62337893117219,861515.351722034,861515.361863812
90,eye0,pmrnet,loop,20.604380988515913,0.02,0.43770798947662115,4.38251905143261,1.2221429497003555,0.08,0.35,0.05,0.45,1.2,28.7967509791255,861515.362162586,861515.368205274
91,eye0,pmrnet,loop,18.647936056368053,0.02,0.3758280072361231,4.326660069637001,0.4163449630141258,0.08,0.35,0.05,0.45,1.2,25.9167690962553,861515.369198854,861515.374318036
92,eye0,pmrnet,loop,14.936291030608118,0.02,0.27826905716210604,3.3827070146799088,0.5011599278077483,0.08,0.35,0.05,0.45,1.2,21.24842703025788,861515.374513945,861515.378676296
93,eye0,pmrnet,loop,15.845938003621995,0.02,0.27438008692115545,6.1612119898200035,0.5005730781704187,0.08,0.35,0.05,0.45,1.2,24.93210315853357,861515.380718276,861515.387654687
94,eye0,pmrnet,loop,12.934878934174776,0.02,0.2626120112836361,3.4284029388800263,0.399740063585341,0.08,0.35,0.05,0.45,1.2,19.175633947923778,861515.388721878,861515.392812881
95,eye0,pmrnet,loop,14.373449026606977,0.02,0.2743310760706663,4.5836609788239,0.624004052951932,0.08,0.35,0.05,0.45,1.2,22.005445134453474,861515.39683819,861515.402320423
96,eye0,pmrnet,loop,12.600506073795259,0.02,0.28732488863170147,3.358938964083791,0.22458401508629322,0.08,0.35,0.05,0.45,1.2,18.621353941597043,861515.404745473,861515.40861663
97,eye0,pmrnet,loop,19.844056922011077,0.02,0.3779169637709856,9.930487954989076,0.8687650552019477,0.08,0.35,0.05,0.45,1.2,33.171226895973085,861515.412750702,861515.423928285
98,eye0,pmrnet,loop,21.113199996761978,0.02,0.3843239974230528,7.599383010528982,1.0373740224167705,0.08,0.35,0.05,0.45,1.2,32.28428102713078,861515.424245774,861515.433267203
99,eye0,pmrnet,loop,28.072712011635303,0.02,4.051854950375855,9.518187958747149,0.5923360586166382,0.08,0.35,0.05,0.45,1.2,44.385090979374944,861515.434132673,861515.448295444
101,eye0,pmrnet,loop,20.739249070174992,0.02,0.3890909720212221,6.77418801933527,0.4145939601585269,0.08,0.35,0.05,0.45,1.2,30.46712202169001,861515.449522017,861515.457100238
102,eye0,pmrnet,loop,18.989705946296453,0.02,0.28130505234003067,4.642255953513086,0.5691649857908487,0.08,0.35,0.05,0.45,1.2,26.632431937940417,861515.457926834,861515.463419794
103,eye0,pmrnet,loop,15.135652967728674,0.02,0.30277902260422707,3.482199041172862,0.22060307674109936,0.08,0.35,0.05,0.45,1.2,21.29123410824686,861515.463628898,861515.467634703
104,eye0,pmrnet,loop,11.831037001684308,0.02,0.29198103584349155,3.1996199395507574,0.21747895516455173,0.08,0.35,0.05,0.45,1.2,17.690116932243107,861515.468689784,861515.472399161
14124,eye1,pmrnet,loop,33.840363030321896,0.02,0.4682170692831278,9.491113014519215,0.4596710205078125,0.08,0.35,0.05,0.45,1.2,46.40936413463206,861515.076993636,861515.087413081
14127,eye1,pmrnet,loop,31.108593102544546,0.02,0.42923400178551674,9.433701983653009,0.3491040552034974,0.08,0.35,0.05,0.45,1.2,43.47063314318657,861515.09867588,861515.108888356
14128,eye1,pmrnet,loop,33.71045691892505,0.02,0.3888480132445693,9.397155954502523,0.5480969557538629,0.08,0.35,0.05,0.45,1.2,46.19455784242601,861515.109224957,861515.119559467
14130,eye1,pmrnet,loop,29.03733402490616,0.02,0.41406205855309963,9.505839901976287,0.5346420221030712,0.08,0.35,0.05,0.45,1.2,41.641878007538615,861515.120569457,861515.131024544
14131,eye1,pmrnet,loop,33.211059984751046,0.02,1.5532390680164099,9.635512018576264,0.7242580177262425,0.08,0.35,0.05,0.45,1.2,47.27406908906997,861515.131353975,861515.143267393
14133,eye1,pmrnet,loop,28.533676988445222,0.02,0.3902800381183624,9.57015308085829,0.46099000610411167,0.08,0.35,0.05,0.45,1.2,41.105100113525985,861515.144305678,861515.154727766
14134,eye1,pmrnet,loop,28.589939000084996,0.02,0.5232390249148011,7.066492922604084,0.1912500010803342,0.08,0.35,0.05,0.45,1.2,38.520920948684214,861515.155072594,861515.162853965
14135,eye1,pmrnet,loop,31.497569056227803,0.02,0.3808269975706935,9.250181959941983,0.4279869608581066,0.08,0.35,0.05,0.45,1.2,43.706564974598585,861515.163770422,861515.173829919
14137,eye1,pmrnet,loop,26.059550000354648,0.02,0.38192502688616514,9.288683999329805,0.7116899359971285,0.08,0.35,0.05,0.45,1.2,38.591848962567745,861515.1741472,861515.184529939
14138,eye1,pmrnet,loop,30.026069027371705,0.02,0.5331960273906589,9.704602998681366,0.6734440103173256,0.08,0.35,0.05,0.45,1.2,43.087312063761054,861515.185654066,861515.196565707
14139,eye1,pmrnet,loop,28.023087070323527,0.02,1.3149880105629563,3.9491059724241495,0.5694039864465594,0.08,0.35,0.05,0.45,1.2,36.00658503975719,861515.196797935,861515.202631684
14140,eye1,pmrnet,loop,26.44168504048139,0.02,0.28954900335520506,3.915964043699205,0.8501119446009398,0.08,0.35,0.05,0.45,1.2,33.647310032136744,861515.204063785,861515.209119668
14141,eye1,pmrnet,loop,22.300826967693865,0.02,0.2912291092798114,3.201624029316008,0.21954404655843973,0.08,0.35,0.05,0.45,1.2,28.163224152848123,861515.209335245,861515.21304794
14142,eye1,pmrnet,loop,20.449146977625787,0.02,0.2791390288621187,4.186995094642043,1.157875987701118,0.08,0.35,0.05,0.45,1.2,28.223157088831066,861515.213640926,861515.219265196
14143,eye1,pmrnet,loop,18.80143699236214,0.02,0.29905897099524736,3.39908292517066,0.3107059746980667,0.08,0.35,0.05,0.45,1.2,24.960284863226114,861515.221677393,861515.225686513
14144,eye1,pmrnet,loop,19.14335007313639,0.02,0.263017020188272,3.483094973489642,0.6353980861604214,0.08,0.35,0.05,0.45,1.2,25.674860152974723,861515.229715403,861515.234097155
14145,eye1,pmrnet,loop,18.86366808321327,0.02,0.2642819890752435,3.571772016584873,0.3229469293728471,0.08,0.35,0.05,0.45,1.2,25.172669018246232,861515.237726914,861515.24188616
14146,eye1,pmrnet,loop,18.98124790750444,0.02,0.26890402659773827,3.455106052570045,0.6505149649456143,0.08,0.35,0.05,0.45,1.2,25.505772951617836,861515.245698465,861515.250073241
14147,eye1,pmrnet,loop,25.22991201840341,0.02,0.41675299871712923,9.629422100260854,0.5768960108980536,0.08,0.35,0.05,0.45,1.2,38.002983128279446,861515.25376716,861515.264390684
14148,eye1,pmrnet,loop,21.987913991324604,0.02,0.5042980192229152,3.216358949430287,0.8977910038083792,0.08,0.35,0.05,0.45,1.2,28.756361963786183,861515.264599181,861515.269217849
14149,eye1,pmrnet,loop,24.884876096621156,0.02,0.43974502477794886,9.375986992381513,0.30994892586022615,0.08,0.35,0.05,0.45,1.2,37.16055703964084,861515.270058,861515.280184074
14150,eye1,pmrnet,loop,22.334092995151877,0.02,0.33544504549354315,4.492281004786491,0.4735579714179039,0.08,0.35,0.05,0.45,1.2,29.785377016849814,861515.280400638,861515.285702233
14151,eye1,pmrnet,loop,18.523970968089998,0.02,0.2789929276332259,3.4278390230610967,0.3535440191626549,0.08,0.35,0.05,0.45,1.2,24.734346937946974,861515.285900344,861515.289960993
14152,eye1,pmrnet,loop,19.518072018399835,0.02,0.38858794141560793,4.512996994890273,0.38502400275319815,0.08,0.35,0.05,0.45,1.2,26.954680957458912,861515.293736995,861515.299023935
14153,eye1,pmrnet,loop,18.238582997582853,0.02,0.2750800922513008,3.379455069079995,0.4391850670799613,0.08,0.35,0.05,0.45,1.2,24.48230322599411,861515.301719454,861515.305813404
14154,eye1,pmrnet,loop,17.951888032257557,0.02,0.2765889512374997,3.299086936749518,0.35471399314701557,0.08,0.35,0.05,0.45,1.2,24.03227791339159,861515.309665256,861515.313595903
14155,eye1,pmrnet,loop,17.918317927978933,0.02,0.25405397173017263,3.3205479849129915,0.4022819921374321,0.08,0.35,0.05,0.45,1.2,24.045201876759528,861515.317654192,861515.321631336
14156,eye1,pmrnet,loop,17.577396938577294,0.02,0.25758298579603434,3.2460479997098446,0.1916420878842473,0.08,0.35,0.05,0.45,1.2,23.42267001196742,861515.325663949,861515.329359487
14157,eye1,pmrnet,loop,21.08388498891145,0.02,0.382737023755908,6.6055189818143845,0.19753805827349424,0.08,0.35,0.05,0.45,1.2,30.419679052755235,861515.333748514,861515.340934715
14158,eye1,pmrnet,loop,24.070735089480877,0.02,0.3661760129034519,9.167099953629076,0.5369241116568446,0.08,0.35,0.05,0.45,1.2,36.29093516767025,861515.341919525,861515.351990189
14159,eye1,pmrnet,loop,26.260754908435047,0.02,0.5438680527731776,9.116224013268948,0.29867503326386213,0.08,0.35,0.05,0.45,1.2,38.36952200774103,861515.352291463,861515.362250685
14160,eye1,pmrnet,loop,31.020276015624404,0.02,0.3810890484601259,9.469594922848046,0.3161130007356405,0.08,0.35,0.05,0.45,1.2,43.337072987668215,861515.364911469,861515.3750787
14162,eye1,pmrnet,loop,25.086550042033195,0.02,0.36002194974571466,9.097745991311967,0.4483199445530772,0.08,0.35,0.05,0.45,1.2,37.14263792764395,861515.37537652,861515.38528301
14163,eye1,pmrnet,loop,27.96894998755306,0.02,0.5094339139759541,9.237164980731905,0.29788201209157705,0.08,0.35,0.05,0.45,1.2,40.163430894352494,861515.38618962,861515.396234544
14164,eye1,pmrnet,loop,25.60517191886902,0.02,0.28018897864967585,3.8780109025537968,1.3160289963707328,0.08,0.35,0.05,0.45,1.2,33.22940079644323,861515.396465499,861515.401939994
14165,eye1,pmrnet,loop,22.899120929650962,0.02,0.26603497099131346,4.137894953601062,0.7138169603422284,0.08,0.35,0.05,0.45,1.2,30.166867814585565,861515.402185214,861515.407303207
14166,eye1,pmrnet,loop,19.351982045918703,0.02,0.2622520551085472,3.216007025912404,0.18832297064363956,0.08,0.35,0.05,0.45,1.2,25.168564097583292,861515.408157963,861515.411824786
14167,eye1,pmrnet,loop,17.649032990448177,0.02,0.25807193014770746,3.4675109200179577,0.8095720550045371,0.08,0.35,0.05,0.45,1.2,24.334187895618378,861515.413655371,861515.418190771
14168,eye1,pmrnet,loop,17.331231967546046,0.02,0.28419308364391327,3.5571460612118244,0.4342379979789257,0.08,0.35,0.05,0.45,1.2,23.756809110380708,861515.421666449,861515.425942283
14169,eye1,pmrnet,loop,24.16299097239971,0.02,0.38824090734124184,9.322648984380066,0.44283701572567225,0.08,0.35,0.05,0.45,1.2,36.46671787984669,861515.43068824,861515.440842405
14170,eye1,pmrnet,loop,23.799584014341235,0.02,0.44101395178586245,6.774625042453408,0.18544599879533052,0.08,0.35,0.05,0.45,1.2,33.35066900737584,861515.44114728,861515.448548743
14171,eye1,pmrnet,loop,27.55009103566408,0.02,0.4872629651799798,9.903496014885604,0.5597500130534172,0.08,0.35,0.05,0.45,1.2,40.65060002878308,861515.449416859,861515.460367811
14172,eye1,pmrnet,loop,24.907273007556796,0.02,0.3109319368377328,3.4424240002408624,1.4330920530483127,0.08,0.35,0.05,0.45,1.2,32.2437209976837,861515.460607293,861515.465793997
14173,eye1,pmrnet,loop,34.910032991319895,0.02,7.355393958278,9.369025006890297,0.3242800012230873,0.08,0.35,0.05,0.45,1.2,54.108731957711285,861515.466816156,861515.483865379
14175,eye1,pmrnet,loop,27.405490982346237,0.02,0.3923489712178707,7.151397061534226,0.1953919418156147,0.08,0.35,0.05,0.45,1.2,37.29462895691395,861515.484760058,861515.492499562
14176,eye1,pmrnet,loop,24.490830022841692,0.02,0.31376793049275875,4.331166041083634,0.31127408146858215,0.08,0.35,0.05,0.45,1.2,31.597038075886665,861515.492697419,861515.497653868
14177,eye1,pmrnet,loop,21.6260269517079,0.02,0.2778889611363411,3.2176789827644825,1.5064590843394399,0.08,0.35,0.05,0.45,1.2,28.77805397994816,861515.497855596,861515.502857889
14178,eye1,pmrnet,loop,26.395705994218588,0.02,0.384183949790895,9.225104004144669,0.32435799948871136,0.08,0.35,0.05,0.45,1.2,38.47935194764286,861515.505762301,861515.515696414
14179,eye1,pmrnet,loop,25.070552015677094,0.02,2.248103031888604,3.4749500919133425,0.7243920117616653,0.08,0.35,0.05,0.45,1.2,33.66799715124071,861515.515992532,861515.522440288
14180,eye1,pmrnet,loop,21.366841974668205,0.02,0.2891549374908209,3.2110080355778337,0.18556497525423765,0.08,0.35,0.05,0.45,1.2,27.202569922991096,861515.523119957,861515.526805874
105,eye0,pmrnet,loop,12.020972091704607,0.02,0.2940970007330179,3.316888934932649,0.38318801671266556,0.08,0.35,0.05,0.45,1.2,18.165146044082938,861515.476663609,861515.480658045
106,eye0,pmrnet,loop,12.354049948044121,0.02,0.28003600891679525,3.2615839736536145,0.8554199011996388,0.08,0.35,0.05,0.45,1.2,18.90108983181417,861515.484662701,861515.489059959
107,eye0,pmrnet,loop,12.84071896225214,0.02,0.2667659427970648,3.9051459170877934,0.7879369659349322,0.08,0.35,0.05,0.45,1.2,19.95056778807193,861515.49265555,861515.497615668
108,eye0,pmrnet,loop,11.549219023436308,0.02,0.25654491037130356,3.22097004391253,0.2221129834651947,0.08,0.35,0.05,0.45,1.2,17.398846961185335,861515.500693251,861515.504393101
109,eye0,pmrnet,loop,11.760080000385642,0.02,0.2588150091469288,3.3400629181414843,0.3765010042116046,0.08,0.35,0.05,0.45,1.2,17.88545893188566,861515.508697183,861515.512672811
110,eye0,pmrnet,loop,13.425106066279113,0.02,0.26276090648025274,4.144306993111968,1.2871091021224856,0.08,0.35,0.05,0.45,1.2,21.26928306799382,861515.516712388,861515.522406829
111,eye0,pmrnet,loop,18.077778979204595,0.02,0.2866459544748068,4.611185984686017,1.5526419738307595,0.08,0.35,0.05,0.45,1.2,26.678252892196177,861515.52867755,861515.53512834
112,eye0,pmrnet,loop,16.799448989331722,0.02,0.2924390137195587,3.961511072702706,0.9770570322871208,0.08,0.35,0.05,0.45,1.2,24.180456108041106,861515.536688202,861515.541919462
113,eye0,pmrnet,loop,15.694224974140525,0.02,0.2558099804446101,3.3750180155038834,0.5718539468944073,0.08,0.35,0.05,0.45,1.2,22.046906916983424,861515.544680388,861515.548883279
114,eye0,pmrnet,loop,15.38912404794246,0.02,0.3424769965931773,3.236321033909917,0.3381510032340884,0.08,0.35,0.05,0.45,1.2,21.45607308167964,861515.552729958,861515.556647196
115,eye0,pmrnet,loop,15.386712970212102,0.02,0.2770379651337862,3.3113069366663694,0.39443792775273323,0.08,0.35,0.05,0.45,1.2,21.51949579976499,861515.560730821,861515.564713812
116,eye0,pmrnet,loop,21.793344989418983,0.02,0.3939390880987048,9.593521943315864,0.4523640964180231,0.08,0.35,0.05,0.45,1.2,34.383170117251574,861515.56874883,861515.579189097
117,eye0,pmrnet,loop,25.28060704935342,0.02,0.3741930704563856,9.668536018580198,1.1889670277014375,0.08,0.35,0.05,0.45,1.2,38.66230316609144,861515.579513117,861515.590745265
118,eye0,pmrnet,loop,22.24624203518033,0.02,0.28127292171120644,3.407793934457004,0.6733520422130823,0.08,0.35,0.05,0.45,1.2,28.75866093356162,861515.591417553,861515.595780181
119,eye0,pmrnet,loop,19.198980065993965,0.02,0.28062297496944666,3.7536899326369166,0.7749940268695354,0.08,0.35,0.05,0.45,1.2,26.158287000469862,861515.595992513,861515.600802036
120,eye0,pmrnet,loop,15.086474013514817,0.02,0.2779599744826555,3.1433990225195885,0.33208797685801983,0.08,0.35,0.05,0.45,1.2,20.98992098737508,861515.601004845,861515.604758568
121,eye0,pmrnet,loop,21.056878962554038,0.02,0.6176210008561611,9.02285403572023,0.4321499727666378,0.08,0.35,0.05,0.45,1.2,33.27950397189707,861515.608724738,861515.61879777
122,eye0,pmrnet,loop,18.023791955783963,0.02,0.2727900864556432,3.3549150684848428,0.4277890548110008,0.08,0.35,0.05,0.45,1.2,24.22928616553545,861515.619778119,861515.623833847
123,eye0,pmrnet,loop,15.484592993743718,0.02,0.2501030685380101,3.5401830682531,0.4951910814270377,0.08,0.35,0.05,0.45,1.2,21.920070211961864,861515.6250779,861515.629363656
124,eye0,pmrnet,loop,14.384961919859052,0.02,0.2416480565443635,3.1744330190122128,0.21829199977219105,0.08,0.35,0.05,0.45,1.2,20.169334995187818,861515.632698509,861515.636333099
125,eye0,pmrnet,loop,14.676871942356229,0.02,0.2551119541749358,3.2489269506186247,0.41586102452129126,0.08,0.35,0.05,0.45,1.2,20.74677187167108,861515.640773847,861515.644693988
126,eye0,pmrnet,loop,15.033102012239397,0.02,0.2621180610731244,3.2440180657431483,0.9018860291689634,0.08,0.35,0.05,0.45,1.2,21.59112416822463,861515.648710764,861515.653119026
127,eye0,pmrnet,loop,15.555392019450665,0.02,0.26334309950470924,4.424837999977171,0.34595304168760777,0.08,0.35,0.05,0.45,1.2,22.73952616062015,861515.656676075,861515.661710432
128,eye0,pmrnet,loop,15.729772043414414,0.02,0.2590039512142539,3.4387799678370357,1.5712169697508216,0.08,0.35,0.05,0.45,1.2,23.148772932216524,861515.664684626,861515.669953852
129,eye0,pmrnet,loop,22.369368001818657,0.02,0.38706499617546797,9.622368961572647,1.9159970106557012,0.08,0.35,0.05,0.45,1.2,36.44479897022247,861515.672736215,861515.684662035
130,eye0,pmrnet,loop,24.70151800662279,0.02,0.4870389821007848,9.246518020518124,0.3739669919013977,0.08,0.35,0.05,0.45,1.2,36.9590420011431,861515.684954872,861515.695062875
131,eye0,pmrnet,loop,23.890523007139564,0.02,0.2635179553180933,4.309428972192109,1.3288829941302538,0.08,0.35,0.05,0.45,1.2,31.942352928780018,861515.696419634,861515.702321685
132,eye0,pmrnet,loop,19.718124996870756,0.02,0.24689093697816133,3.2285999041050673,0.21147390361875296,0.08,0.35,0.05,0.45,1.2,25.555089741572736,861515.702532131,861515.706219293
133,eye0,pmrnet,loop,16.636468935757875,0.02,0.24179904721677303,3.3025809098035097,1.2350259348750114,0.08,0.35,0.05,0.45,1.2,23.565874827653168,861515.706427065,861515.711206671
134,eye0,pmrnet,loop,19.485621014609933,0.02,0.38318498991429806,8.455208968371153,0.5299070617184043,0.08,0.35,0.05,0.45,1.2,31.003922034613787,861515.712755805,861515.722124474
135,eye0,pmrnet,loop,16.459268983453512,0.02,0.26868400163948536,3.424399998039007,0.5246279761195183,0.08,0.35,0.05,0.45,1.2,22.82698095925152,861515.722949312,861515.727167238
136,eye0,pmrnet,loop,15.067202970385551,0.02,0.3023089375346899,4.064477048814297,0.7530309958383441,0.08,0.35,0.05,0.45,1.2,22.33701995257288,861515.728724019,861515.733844211
137,eye0,pmrnet,loop,13.732107006944716,0.02,0.2558419946581125,3.2173399813473225,0.4045809619128704,0.08,0.35,0.05,0.45,1.2,19.75986994486302,861515.73670019,861515.740578207
138,eye0,pmrnet,loop,13.640795950777829,0.02,0.246420968323946,3.200990962795913,0.4149709129706025,0.08,0.35,0.05,0.45,1.2,19.65317879486829,861515.744693245,861515.748555878
139,eye0,pmrnet,loop,14.134855940937996,0.02,0.28457504231482744,3.702213056385517,0.43574592564255,0.08,0.35,0.05,0.45,1.2,20.70738996528089,861515.752696136,861515.757118917
140,eye0,pmrnet,loop,13.436509063467383,0.02,0.2568550407886505,3.3185749780386686,0.22843596525490284,0.08,0.35,0.05,0.45,1.2,19.390375047549604,861515.760685382,861515.76448949
141,eye0,pmrnet,loop,19.859849009662867,0.02,0.3845150349661708,9.397939080372453,0.4616640508174896,0.08,0.35,0.05,0.45,1.2,32.25396717581898,861515.768736897,861515.778981445
142,eye0,pmrnet,loop,19.633282907307148,0.02,0.3944870550185442,6.912055076099932,0.21720596123486757,0.08,0.35,0.05,0.45,1.2,29.30703099966049,861515.779300288,861515.786824386
143,eye0,pmrnet,loop,23.43613200355321,0.02,0.37544197402894497,9.569986956194043,0.5230429815128446,0.08,0.35,0.05,0.45,1.2,36.05460391528904,861515.788226698,861515.798695614
144,eye0,pmrnet,loop,21.46898303180933,0.02,0.3787039313465357,5.035674897953868,0.3903629258275032,0.08,0.35,0.05,0.45,1.2,29.423724786937235,861515.798992899,861515.804798069
145,eye0,pmrnet,loop,25.387880043126643,0.02,0.3734820056706667,9.760819026269019,0.6353630451485515,0.08,0.35,0.05,0.45,1.2,38.30754412021488,861515.80601536,861515.816785448
147,eye0,pmrnet,loop,15.518946922384202,0.02,0.26932195760309696,4.255075938999653,1.374337007291615,0.08,0.35,0.05,0.45,1.2,23.567681826278566,861515.817155967,861515.823054927
148,eye0,pmrnet,loop,14.403744949959219,0.02,0.27201406192034483,3.660747082903981,1.039362046867609,0.08,0.35,0.05,0.45,1.2,21.525868141651152,861515.825036525,861515.830008866
149,eye0,pmrnet,loop,13.07220698799938,0.02,0.2874330384656787,3.225259017199278,0.5556909600272775,0.08,0.35,0.05,0.45,1.2,19.290590003691612,861515.832677774,861515.836746364
150,eye0,pmrnet,loop,12.760029057972133,0.02,0.26023504324257374,3.2435159664601088,0.33285201061517,0.08,0.35,0.05,0.45,1.2,18.746632078289984,861515.840666284,861515.844503129
151,eye0,pmrnet,loop,12.902118964120746,0.02,0.29196497052907944,3.3382870024070144,0.38809096440672874,0.08,0.35,0.05,0.45,1.2,19.070461901463567,861515.84869552,861515.852714089
152,eye0,pmrnet,loop,13.00803292542696,0.02,0.2768139820545912,3.4158279886469245,0.5112159997224808,0.08,0.35,0.05,0.45,1.2,19.361890895850955,861515.856684792,861515.860888992
153,eye0,pmrnet,loop,13.49041098728776,0.02,0.2671399852260947,3.9299610070884228,0.5307020619511604,0.08,0.35,0.05,0.45,1.2,20.368214041553436,861515.864712316,861515.869440341
154,eye0,pmrnet,loop,12.762019992806017,0.02,0.2701259218156338,3.3182139741256833,0.5091980565339327,0.08,0.35,0.05,0.45,1.2,19.009557945281266,861515.872683277,861515.876781056
155,eye0,pmrnet,loop,12.81037402804941,0.02,0.27559290174394846,3.4630720037966967,0.47209393233060837,0.08,0.35,0.05,0.45,1.2,19.17113286592066,861515.8806874,861515.884898379
14181,eye1,pmrnet,loop,21.647221990861,0.02,1.3809700030833483,3.497735015116632,0.5603739991784096,0.08,0.35,0.05,0.45,1.2,29.236301008239387,861515.529715981,861515.535155302
14182,eye1,pmrnet,loop,20.37983399350196,0.02,0.2729990519583225,3.6776430206373334,0.30342896934598684,0.08,0.35,0.05,0.45,1.2,26.783905035443603,861515.537702639,861515.541956996
14183,eye1,pmrnet,loop,27.048024930991232,0.02,0.3732789773494005,10.255195084027946,0.31364697497338057,0.08,0.35,0.05,0.45,1.2,40.14014596734196,861515.545751524,861515.55669409
14184,eye1,pmrnet,loop,30.095080961473286,0.02,1.2334990315139294,9.336460032500327,0.33569405786693096,0.08,0.35,0.05,0.45,1.2,43.15073408335447,861515.556903322,861515.567809463
14185,eye1,pmrnet,loop,33.3549469942227,0.02,0.389602966606617,9.459830005653203,0.4721650620922446,0.08,0.35,0.05,0.45,1.2,45.82654502857477,861515.568816777,861515.57913879
14188,eye1,pmrnet,loop,20.973862963728607,0.02,0.2882969565689564,3.3499529818072915,0.20683999173343182,0.08,0.35,0.05,0.45,1.2,26.968952893838285,861515.5871193,861515.590964628
14189,eye1,pmrnet,loop,26.09996998216957,0.02,0.38912403397262096,9.349992033094168,0.6470320513471961,0.08,0.35,0.05,0.45,1.2,38.63611810058355,861515.59377333,861515.604159913
14190,eye1,pmrnet,loop,28.953936998732388,0.02,0.38258498534560204,9.26813401747495,0.4377319710329175,0.08,0.35,0.05,0.45,1.2,41.192387972585855,861515.604993601,861515.615082467
14191,eye1,pmrnet,loop,30.447875964455307,0.02,0.3631890285760164,8.708619978278875,0.20231795497238636,0.08,0.35,0.05,0.45,1.2,41.87200292628258,861515.615371438,861515.624645948
14192,eye1,pmrnet,loop,33.7541289627552,0.02,0.41654903907328844,9.628006024286151,0.5943840369582176,0.08,0.35,0.05,0.45,1.2,46.543068063072866,861515.625381337,861515.636020689
14194,eye1,pmrnet,loop,27.866239077411592,0.02,0.5124540766701102,9.116354049183428,0.3209079150110483,0.08,0.35,0.05,0.45,1.2,39.96595511827618,861515.636320591,861515.646270767
14195,eye1,pmrnet,loop,30.193407903425395,0.02,0.38877001497894526,8.835314074531198,0.1958860084414482,0.08,0.35,0.05,0.45,1.2,41.763378001376985,861515.647246987,861515.656667317
14196,eye1,pmrnet,loop,27.097226004116237,0.02,0.36438601091504097,3.2191670034080744,1.1468130396679044,0.08,0.35,0.05,0.45,1.2,33.977592058107255,861515.656909398,861515.661640092
14197,eye1,pmrnet,loop,24.339908035472035,0.02,0.28576503973454237,3.30362597014755,1.4949679607525468,0.08,0.35,0.05,0.45,1.2,31.574267006106673,861515.661866965,861515.666951544
14198,eye1,pmrnet,loop,20.70847398135811,0.02,0.2660040045157075,3.224708023481071,0.21610292606055737,0.08,0.35,0.05,0.45,1.2,26.565288935415445,861515.667682348,861515.671389418
14199,eye1,pmrnet,loop,18.9750490244478,0.02,0.27120497543364763,3.302761004306376,0.41696091648191214,0.08,0.35,0.05,0.45,1.2,25.115975920669733,861515.6737348,861515.677725966
14200,eye1,pmrnet,loop,18.525252933613956,0.02,0.2462679985910654,3.1672839540988207,0.2297039609402418,0.08,0.35,0.05,0.45,1.2,24.318508847244082,861515.681701676,861515.685345244
14201,eye1,pmrnet,loop,19.086929969489574,0.02,0.4433619324117899,3.4226690186187625,0.39363792166113853,0.08,0.35,0.05,0.45,1.2,25.496598842181264,861515.689716032,861515.693975942
14202,eye1,pmrnet,loop,19.414572045207024,0.02,0.2806331031024456,3.8215420208871365,0.5605369806289673,0.08,0.35,0.05,0.45,1.2,26.22728414982557,861515.697709613,861515.702372557
14203,eye1,pmrnet,loop,20.227082073688507,0.02,1.4108730247244239,3.835687995888293,0.3136000595986843,0.08,0.35,0.05,0.45,1.2,27.937243153899907,861515.705693777,861515.711254177
14205,eye1,pmrnet,loop,24.8968789819628,0.02,0.4041430074721575,6.997546995989978,0.515270046889782,0.08,0.35,0.05,0.45,1.2,34.963839032314716,861515.724143975,861515.732061401
14206,eye1,pmrnet,loop,27.027569012716413,0.02,0.36097399424761534,9.173379046842456,0.3658379428088665,0.08,0.35,0.05,0.45,1.2,39.07775999661535,861515.732360497,861515.742261131
14207,eye1,pmrnet,loop,29.837563051842153,0.02,0.39367598947137594,9.252087096683681,0.3624970559030771,0.08,0.35,0.05,0.45,1.2,41.995823193900286,861515.743131337,861515.753140031
14208,eye1,pmrnet,loop,32.35903405584395,0.02,0.38155808579176664,9.324449929408729,0.5748500116169453,0.08,0.35,0.05,0.45,1.2,44.789892082661396,861515.753449311,861515.76373059
14210,eye1,pmrnet,loop,27.265176991932094,0.02,0.38900296203792095,9.26500407513231,0.4276259569451213,0.08,0.35,0.05,0.45,1.2,39.496809986047445,861515.764692587,861515.774774774
14211,eye1,pmrnet,loop,29.496466973796487,0.02,0.3605779493227601,9.20171698089689,0.4403360653668642,0.08,0.35,0.05,0.45,1.2,41.649097969383,861515.775072021,861515.785075078
14213,eye1,pmrnet,loop,25.280871079303324,0.02,1.120090950280428,9.411882027052343,0.44519698712974787,0.08,0.35,0.05,0.45,1.2,38.40804104376584,861515.786019551,861515.796997165
14214,eye1,pmrnet,loop,27.633885969407856,0.02,0.3718170337378979,9.260650957003236,0.47468405682593584,0.08,0.35,0.05,0.45,1.2,39.891038016974925,861515.797311757,861515.807419304
14217,eye1,pmrnet,loop,19.112537032924592,0.02,0.2866180147975683,3.2907520653679967,0.4330839728936553,0.08,0.35,0.05,0.45,1.2,25.27299108598381,861515.81909494,861515.82310564
14218,eye1,pmrnet,loop,17.997864983044565,0.02,0.2583140740171075,3.811793983913958,0.31495699658989906,0.08,0.35,0.05,0.45,1.2,24.532930037565528,861515.825674635,861515.830059952
14219,eye1,pmrnet,loop,24.394604028202593,0.02,0.24810503236949444,9.874197072349489,0.7076479960232973,0.08,0.35,0.05,0.45,1.2,37.37455412894487,861515.833694677,861515.844524955
14220,eye1,pmrnet,loop,26.4948169933632,0.02,0.4028530092909932,9.124040021561086,0.3404589369893074,0.08,0.35,0.05,0.45,1.2,38.51216896120459,861515.844826636,861515.854694422
14221,eye1,pmrnet,loop,30.407689977437258,0.02,0.38711295928806067,9.376785019412637,1.2561710318550467,0.08,0.35,0.05,0.45,1.2,43.577758987993,861515.855655653,861515.866676167
14223,eye1,pmrnet,loop,24.508973001502454,0.02,0.38167100865393877,9.158084983937442,0.39589707739651203,0.08,0.35,0.05,0.45,1.2,36.594626071490346,861515.866979407,861515.876915576
14224,eye1,pmrnet,loop,27.351286029443145,0.02,0.3776079975068569,9.221785003319383,0.32884394749999046,0.08,0.35,0.05,0.45,1.2,39.42952297776937,861515.877898049,861515.887826797
14225,eye1,pmrnet,loop,29.714955016970634,0.02,0.407653977163136,9.226315072737634,0.497967004776001,0.08,0.35,0.05,0.45,1.2,41.996891071647404,861515.888126949,861515.898259385
14227,eye1,pmrnet,loop,25.196469970978796,0.02,0.5923419957980514,9.483727044425905,0.5156380357220769,0.08,0.35,0.05,0.45,1.2,37.93817704692483,861515.899286771,861515.90987891
14228,eye1,pmrnet,loop,23.397760931402445,0.02,0.3655570326372981,4.777444992214441,0.5952870706096292,0.08,0.35,0.05,0.45,1.2,31.286050026863812,861515.910411304,861515.916149931
14229,eye1,pmrnet,loop,19.655295996926725,0.02,0.2807260025292635,3.2717069843783975,0.2179520670324564,0.08,0.35,0.05,0.45,1.2,25.57568105086684,861515.916705912,861515.920476536
14230,eye1,pmrnet,loop,17.905659042298794,0.02,1.4403871027752757,3.3212379785254598,0.3545139916241169,0.08,0.35,0.05,0.45,1.2,25.171798115223645,861515.921679243,861515.926795612
14231,eye1,pmrnet,loop,17.420876072719693,0.02,0.26796606834977865,3.560142940841615,0.8811230072751641,0.08,0.35,0.05,0.45,1.2,24.28010808918625,861515.929669618,861515.934379221
14232,eye1,pmrnet,loop,19.2016139626503,0.02,0.3854759270325303,5.874232039786875,0.22541300859302282,0.08,0.35,0.05,0.45,1.2,27.836734938062726,861515.937744111,861515.944229582
14233,eye1,pmrnet,loop,19.171247957274318,0.02,1.4229629887267947,3.8641360588371754,1.2766929576173425,0.08,0.35,0.05,0.45,1.2,27.88503996245563,861515.94570395,861515.952268082
14234,eye1,pmrnet,loop,22.256760974414647,0.02,0.3102740738540888,4.837149055674672,0.5485949805006385,0.08,0.35,0.05,0.45,1.2,30.102779084444045,861515.957725791,861515.963422179
14235,eye1,pmrnet,loop,26.53702604584396,0.02,0.3728969022631645,9.260175982490182,0.3640590002760291,0.08,0.35,0.05,0.45,1.2,38.68415793087333,861515.965773924,861515.975771509
14236,eye1,pmrnet,loop,24.428233969956636,0.02,0.3767500165849924,3.8386209635064006,0.3106220392510295,0.08,0.35,0.05,0.45,1.2,31.104226989299057,861515.977205826,861515.981732192
14237,eye1,pmrnet,loop,21.64040203206241,0.02,0.24782400578260422,3.4864339977502823,1.3319149147719145,0.08,0.35,0.05,0.45,1.2,28.85657495036721,861515.981946912,861515.987013366
14238,eye1,pmrnet,loop,19.992785062640905,0.02,0.2701010089367628,3.249512054026127,0.21455402020365,0.08,0.35,0.05,0.45,1.2,25.876952145807444,861515.989700379,861515.993434803
14239,eye1,pmrnet,loop,21.067781024612486,0.02,0.24320697411894798,4.054749035276473,0.5737410392612219,0.08,0.35,0.05,0.45,1.2,28.089478073269127,861515.997706946,861516.002578859
14240,eye1,pmrnet,loop,20.075026084668934,0.02,0.27268193662166595,3.158985055051744,0.5333320004865527,0.08,0.35,0.05,0.45,1.2,26.190025076828896,861516.005690689,861516.009655943
156,eye0,pmrnet,loop,12.980147963389754,0.02,0.3010780783370137,3.5778749734163284,0.5698420573025942,0.08,0.35,0.05,0.45,1.2,19.57894307244569,861515.888687612,861515.893136754
157,eye0,pmrnet,loop,18.902054987847805,0.02,0.3840239951387048,9.454292943701148,0.5069379694759846,0.08,0.35,0.05,0.45,1.2,31.39730989616364,861515.89678181,861515.907127501
158,eye0,pmrnet,loop,21.36380795855075,0.02,0.3729049349203706,9.16959100868553,0.6540509639307857,0.08,0.35,0.05,0.45,1.2,33.710354866087435,861515.907461503,861515.917658494
159,eye0,pmrnet,loop,27.736507006920874,0.02,2.7079680003225803,10.37341810297221,0.5866300780326128,0.08,0.35,0.05,0.45,1.2,43.554523188248275,861515.918431348,861515.932099738
161,eye0,pmrnet,loop,22.75111002381891,0.02,0.5771180149167776,9.448223980143666,0.639096018858254,0.08,0.35,0.05,0.45,1.2,35.56554803773761,861515.932587614,861515.943252544
162,eye0,pmrnet,loop,21.19005098938942,0.02,0.27215806767344475,3.3327339915558696,1.8284439574927092,0.08,0.35,0.05,0.45,1.2,28.77338700611144,861515.944327417,861515.949761014
163,eye0,pmrnet,loop,17.108513973653316,0.02,0.24246994871646166,3.3178679877892137,0.21242396906018257,0.08,0.35,0.05,0.45,1.2,23.031275879219173,861515.949975409,861515.953748407
164,eye0,pmrnet,loop,12.819164083339274,0.02,0.2331529976800084,3.1225509010255337,0.2112139482051134,0.08,0.35,0.05,0.45,1.2,18.536081930249928,861515.953961091,861515.957528209
165,eye0,pmrnet,loop,11.637164978310466,0.02,0.25673897471278906,3.1765480525791645,0.2121449215337634,0.08,0.35,0.05,0.45,1.2,17.43259692713618,861515.960769602,861515.96441532
166,eye0,pmrnet,loop,11.81460393127054,0.02,0.26953802444040775,3.2488859724253416,0.43653894681483507,0.08,0.35,0.05,0.45,1.2,17.919566874951123,861515.968706364,861515.972661658
167,eye0,pmrnet,loop,12.777619995176792,0.02,0.27081696316599846,3.5867239348590374,1.1400349903851748,0.08,0.35,0.05,0.45,1.2,19.925195883587,861515.976695848,861515.981693732
168,eye0,pmrnet,loop,11.814740020781755,0.02,0.26302202604711056,3.3510690554976463,0.4642769927158952,0.08,0.35,0.05,0.45,1.2,18.043108095042406,861515.984721102,861515.988799723
169,eye0,pmrnet,loop,17.464199918322265,0.02,0.27789489831775427,4.4032580917701125,1.1284139472991228,0.08,0.35,0.05,0.45,1.2,25.423766855709253,861515.996708407,861516.002518237
170,eye0,pmrnet,loop,16.610093996860087,0.02,0.2536890096962452,4.450344946235418,0.3413660451769829,0.08,0.35,0.05,0.45,1.2,23.805493997968732,861516.004687629,861516.009733241
171,eye0,pmrnet,loop,17.218156019225717,0.02,0.2610000083222985,4.0708150481805205,1.3720419956371188,0.08,0.35,0.05,0.45,1.2,25.072013071365653,861516.012704885,861516.018409106
172,eye0,pmrnet,loop,16.789422021247447,0.02,0.35366497468203306,3.8087969878688455,1.1694030836224556,0.08,0.35,0.05,0.45,1.2,24.27128706742078,861516.020717784,861516.026049911
173,eye0,pmrnet,loop,16.996160033158958,0.02,0.2800240181386471,3.752161981537938,1.5767390141263604,0.08,0.35,0.05,0.45,1.2,24.755085046961902,861516.02871791,861516.034327088
174,eye0,pmrnet,loop,16.48124400526285,0.02,0.2637220313772559,3.966936026699841,0.9796220110729337,0.08,0.35,0.05,0.45,1.2,23.84152407441288,861516.036670678,861516.041881173
175,eye0,pmrnet,loop,15.94182092230767,0.02,0.2556339604780078,3.422450041398406,0.6601810455322266,0.08,0.35,0.05,0.45,1.2,22.43008596971631,861516.0450725,861516.049410966
176,eye0,pmrnet,loop,15.244313981384039,0.02,0.24969095829874277,3.3674599835649133,0.4757329588755965,0.08,0.35,0.05,0.45,1.2,21.48719788212329,861516.052689016,861516.056782158
177,eye0,pmrnet,loop,16.937030013650656,0.02,0.2813129685819149,3.839710960164666,1.6969919670373201,0.08,0.35,0.05,0.45,1.2,24.905045909434556,861516.060725884,861516.06654412
178,eye0,pmrnet,loop,22.122048074379563,0.02,0.388895976357162,9.34996095020324,1.28007004968822,0.08,0.35,0.05,0.45,1.2,35.290975050628184,861516.068778598,861516.079797953
179,eye0,pmrnet,loop,18.62222095951438,0.02,0.5043590208515525,3.2294249394908547,0.6009499775245786,0.08,0.35,0.05,0.45,1.2,25.106954897381364,861516.080032165,861516.08436713
180,eye0,pmrnet,loop,21.74635697156191,0.02,0.4253470106050372,9.462572983466089,0.46118698082864285,0.08,0.35,0.05,0.45,1.2,34.245463946461676,861516.085210273,861516.095559831
181,eye0,pmrnet,loop,24.297513999044895,0.02,0.4075190518051386,9.433473111130297,0.4750400548800826,0.08,0.35,0.05,0.45,1.2,36.76354621686041,861516.095863471,861516.106179917
182,eye0,pmrnet,loop,22.582906996831298,0.02,0.2915039658546448,3.952234983444214,1.1186499614268541,0.08,0.35,0.05,0.45,1.2,30.09529590755701,861516.107172328,861516.112534996
183,eye0,pmrnet,loop,25.522910989820957,0.02,0.37352798972278833,9.331082925200462,0.48793305177241564,0.08,0.35,0.05,0.45,1.2,37.86545495651662,861516.113350423,861516.123543436
184,eye0,pmrnet,loop,22.949437960051,0.02,0.6164739606902003,3.342017065733671,0.5897070514038205,0.08,0.35,0.05,0.45,1.2,29.64763603787869,861516.124490666,861516.129039169
185,eye0,pmrnet,loop,20.169593975879252,0.02,0.2500079572200775,4.118361044675112,0.5764759844169021,0.08,0.35,0.05,0.45,1.2,27.264438962191342,861516.129383194,861516.134328283
186,eye0,pmrnet,loop,17.216540058143437,0.02,0.26187102776020765,4.281789064407349,0.3327019512653351,0.08,0.35,0.05,0.45,1.2,24.242902101576327,861516.134568016,861516.139444617
187,eye0,pmrnet,loop,19.368590088561177,0.02,0.2745609963312745,8.073886041529477,0.5225429777055979,0.08,0.35,0.05,0.45,1.2,30.389580104127525,861516.140794012,861516.14966533
188,eye0,pmrnet,loop,22.701847949065268,0.02,0.38989901077002287,9.475999977439642,0.37294800858944654,0.08,0.35,0.05,0.45,1.2,35.09069494586438,861516.150827874,861516.161067196
189,eye0,pmrnet,loop,25.647516013123095,0.02,0.530910911038518,9.821927058510482,0.36425190046429634,0.08,0.35,0.05,0.45,1.2,38.51460588313639,861516.161364265,861516.172081788
191,eye0,pmrnet,loop,22.76282198727131,0.02,2.1685020765289664,9.71438002306968,0.44276402331888676,0.08,0.35,0.05,0.45,1.2,37.23846811018884,861516.173009728,861516.185335817
192,eye0,pmrnet,loop,20.194672979414463,0.02,0.5533179501071572,3.9598100120201707,0.6583200301975012,0.08,0.35,0.05,0.45,1.2,27.51612097173929,861516.185664559,861516.190836343
193,eye0,pmrnet,loop,23.2264359947294,0.02,0.39480708073824644,9.441038011573255,0.4612109623849392,0.08,0.35,0.05,0.45,1.2,35.67349204942584,861516.191639453,861516.201936989
194,eye0,pmrnet,loop,25.4471079679206,0.02,0.38396893069148064,9.241258958354592,0.3586269449442625,0.08,0.35,0.05,0.45,1.2,37.580962801910935,861516.202242572,861516.212226865
196,eye0,pmrnet,loop,17.932317103259265,0.02,0.4062230000272393,6.848182063549757,0.3875739639624953,0.08,0.35,0.05,0.45,1.2,27.724296130798756,861516.213207999,861516.220850343
197,eye0,pmrnet,loop,13.668128987774253,0.02,0.253407983109355,3.107232041656971,0.24428102187812328,0.08,0.35,0.05,0.45,1.2,19.4230500344187,861516.221049812,861516.224654988
198,eye0,pmrnet,loop,13.79509293474257,0.02,0.28561498038470745,3.2327009830623865,0.5796840414404869,0.08,0.35,0.05,0.45,1.2,20.04309293963015,861516.228752978,861516.232851199
199,eye0,pmrnet,loop,20.05148504395038,0.02,0.38103002589195967,9.476524079218507,0.5312270950525999,0.08,0.35,0.05,0.45,1.2,32.590266244113444,861516.236786937,861516.247176132
200,eye0,pmrnet,loop,22.486055037006736,0.02,0.46183797530829906,9.285113075748086,0.4689519992098212,0.08,0.35,0.05,0.45,1.2,34.85195808727294,861516.247463032,861516.257679401
201,eye0,pmrnet,loop,25.333391968160868,0.02,0.3895870177075267,7.999006891623139,1.5310239978134632,0.08,0.35,0.05,0.45,1.2,37.403009875304996,861516.258676568,861516.268596492
203,eye0,pmrnet,loop,13.669420033693314,0.02,0.2789859427139163,3.3581979805603623,0.6445029284805059,0.08,0.35,0.05,0.45,1.2,20.101106885448097,861516.26878847,861516.273070472
204,eye0,pmrnet,loop,12.921586981974542,0.02,0.24168204981833696,3.2291520619764924,0.2125239698216319,0.08,0.35,0.05,0.45,1.2,18.754945063591002,861516.276708009,861516.280391596
205,eye0,pmrnet,loop,13.76139500644058,0.02,0.25173299945890903,3.2289589289575815,0.6963449995964766,0.08,0.35,0.05,0.45,1.2,20.088431934453546,861516.28512293,861516.289300396
206,eye0,pmrnet,loop,13.07846698909998,0.02,0.289132003672421,3.2723189797252417,0.38726895581930876,0.08,0.35,0.05,0.45,1.2,19.17718692831695,861516.2927376,861516.296686615
207,eye0,pmrnet,loop,13.131011044606566,0.02,0.28619193471968174,3.3360900124534965,0.4092829767614603,0.08,0.35,0.05,0.45,1.2,19.312575968541204,861516.300776267,861516.304808085
208,eye0,pmrnet,loop,18.064585980027914,0.02,0.4322109743952751,8.161490084603429,0.4317089915275574,0.08,0.35,0.05,0.45,1.2,29.239996030554174,861516.308784755,861516.317810491
209,eye0,pmrnet,loop,14.333352097310126,0.02,0.24113699328154325,3.4105239901691675,0.4569480661302805,0.08,0.35,0.05,0.45,1.2,20.591961146891116,861516.318039485,861516.322148339
14241,eye1,pmrnet,loop,20.788860972970724,0.02,0.2545790048316121,3.807994071394205,0.657664961181581,0.08,0.35,0.05,0.45,1.2,27.65909901037812,861516.013717292,861516.018437805
14242,eye1,pmrnet,loop,20.395544008351862,0.02,0.31129398848861456,3.7271480541676283,0.3590189153328538,0.08,0.35,0.05,0.45,1.2,26.943004966340958,861516.021716319,861516.026114006
14243,eye1,pmrnet,loop,20.651543978601694,0.02,0.3024350153282285,3.5239659482613206,0.8609540527686477,0.08,0.35,0.05,0.45,1.2,27.48889899495989,861516.029751349,861516.034438968
14244,eye1,pmrnet,loop,20.08351602125913,0.02,0.28570101130753756,3.589535946957767,0.3420170396566391,0.08,0.35,0.05,0.45,1.2,26.45077001918107,861516.037723037,861516.041940527
14245,eye1,pmrnet,loop,26.333592948503792,0.02,0.390502973459661,9.344815975055099,0.7195440120995045,0.08,0.35,0.05,0.45,1.2,38.938455909118055,861516.045803442,861516.056258742
14246,eye1,pmrnet,loop,25.374689023010433,0.02,0.3793219802901149,5.776735953986645,0.6438880227506161,0.08,0.35,0.05,0.45,1.2,34.32463498003781,861516.056569113,861516.063369447
14247,eye1,pmrnet,loop,22.039270028471947,0.02,0.2428629668429494,3.3767990535125136,0.4148330772295594,0.08,0.35,0.05,0.45,1.2,28.223765126056968,861516.064068393,861516.068103146
14248,eye1,pmrnet,loop,19.581433036364615,0.02,0.2605909248813987,3.21761192753911,0.48886099830269814,0.08,0.35,0.05,0.45,1.2,25.69849688708782,861516.069747223,861516.07371456
14249,eye1,pmrnet,loop,20.581718999892473,0.02,0.2709480468183756,3.253630013205111,1.530473935417831,0.08,0.35,0.05,0.45,1.2,27.78677099533379,861516.07772849,861516.082783785
14250,eye1,pmrnet,loop,27.136628981679678,0.02,1.461134059354663,9.618523996323347,0.5483810091391206,0.08,0.35,0.05,0.45,1.2,40.91466804649681,861516.08577832,861516.097406791
14251,eye1,pmrnet,loop,27.629086980596185,0.02,0.45652396511286497,7.160163018852472,0.6247119745239615,0.08,0.35,0.05,0.45,1.2,38.02048593908548,861516.097727351,861516.1059691
14252,eye1,pmrnet,loop,26.19782800320536,0.02,1.8237200565636158,3.430256969295442,0.3402390284463763,0.08,0.35,0.05,0.45,1.2,33.94204405751079,861516.107012375,861516.112606936
14253,eye1,pmrnet,loop,28.305196086876094,0.02,0.2759919734671712,9.212825098074973,0.4867300158366561,0.08,0.35,0.05,0.45,1.2,40.43074317425489,861516.112806726,861516.122782629
14254,eye1,pmrnet,loop,31.495602917857468,0.02,0.4130629822611809,8.461420075036585,1.3214930659160018,0.08,0.35,0.05,0.45,1.2,43.841579041071235,861516.123846164,861516.134042483
14256,eye1,pmrnet,loop,20.693933009169996,0.02,0.2757089678198099,3.8500920636579394,0.9901640005409718,0.08,0.35,0.05,0.45,1.2,27.959898041188715,861516.134262565,861516.139378818
14257,eye1,pmrnet,loop,19.01177200488746,0.02,0.27200905606150627,3.3942480804398656,0.3870509099215269,0.08,0.35,0.05,0.45,1.2,25.21508005131036,861516.141712263,861516.145765845
14258,eye1,pmrnet,loop,25.16052406281233,0.02,0.3916020505130291,9.341435972601175,0.46374998055398464,0.08,0.35,0.05,0.45,1.2,37.507312066480516,861516.149785464,861516.159982697
14259,eye1,pmrnet,loop,27.556743938475847,0.02,0.3715719794854522,9.288967936299741,0.48160506412386894,0.08,0.35,0.05,0.45,1.2,39.84888891838491,861516.160305624,861516.170448265
14260,eye1,pmrnet,loop,30.81519901752472,0.02,0.5701659247279167,9.310216992162168,0.42317109182477,0.08,0.35,0.05,0.45,1.2,43.26875302623957,861516.171471861,861516.181775853
14262,eye1,pmrnet,loop,24.927602033130825,0.02,0.40336698293685913,9.208614006638527,0.32950600143522024,0.08,0.35,0.05,0.45,1.2,37.01908902414143,861516.182084015,861516.192025916
14263,eye1,pmrnet,loop,26.577163953334093,0.02,0.5640379386022687,7.5202289735898376,0.5508200265467167,0.08,0.35,0.05,0.45,1.2,37.362250892072915,861516.193109669,861516.201745132
14264,eye1,pmrnet,loop,28.878966928459704,0.02,0.3452179953455925,9.277370059862733,0.5460360553115606,0.08,0.35,0.05,0.45,1.2,41.19759103897959,861516.201946431,861516.212115425
14265,eye1,pmrnet,loop,32.71820198278874,0.02,0.4086160333827138,9.67102695722133,0.7093879394233227,0.08,0.35,0.05,0.45,1.2,45.65723291281611,861516.213233961,861516.224023412
14267,eye1,pmrnet,loop,26.95392200257629,0.02,0.37329201586544514,9.333676076494157,0.36431592889130116,0.08,0.35,0.05,0.45,1.2,39.175206023827194,861516.22432542,861516.234397132
14268,eye1,pmrnet,loop,29.98477593064308,0.02,0.4055079771205783,9.29635704960674,0.46003598254173994,0.08,0.35,0.05,0.45,1.2,42.29667693991214,861516.235334975,861516.245497343
14270,eye1,pmrnet,loop,20.317274029366672,0.02,0.3624459495767951,5.3745260229334235,0.44429104309529066,0.08,0.35,0.05,0.45,1.2,28.64853704497218,861516.24578675,861516.251968338
14271,eye1,pmrnet,loop,24.37303599435836,0.02,0.3864290192723274,9.604997001588345,0.34387700725346804,0.08,0.35,0.05,0.45,1.2,36.8583390224725,861516.253757324,861516.26409299
14272,eye1,pmrnet,loop,20.88892995379865,0.02,0.2751789288595319,3.509389003738761,0.5916189402341843,0.08,0.35,0.05,0.45,1.2,27.415116826631127,861516.264301361,861516.268677842
14273,eye1,pmrnet,loop,24.37299699522555,0.02,0.3736380022019148,9.376146947033703,0.6776489317417145,0.08,0.35,0.05,0.45,1.2,36.95043087620288,861516.269802394,861516.280230247
14274,eye1,pmrnet,loop,23.386418004520237,0.02,0.35814999137073755,5.201529944315553,1.2303360272198915,0.08,0.35,0.05,0.45,1.2,32.32643396742642,861516.280522428,861516.287312926
14275,eye1,pmrnet,loop,26.55695704743266,0.02,0.38163200952112675,9.277478093281388,0.3665840486064553,0.08,0.35,0.05,0.45,1.2,38.73265119884163,861516.288526362,861516.298552509
14276,eye1,pmrnet,loop,29.038263019174337,0.02,0.44169207103550434,9.38832201063633,0.3944210475310683,0.08,0.35,0.05,0.45,1.2,41.41269814837724,861516.298877351,861516.309102308
14278,eye1,pmrnet,loop,24.579707998782396,0.02,0.44179591350257397,9.632947039790452,0.6230780854821205,0.08,0.35,0.05,0.45,1.2,37.42752903755754,861516.310084006,861516.320782272
14279,eye1,pmrnet,loop,27.069170959293842,0.02,0.3812960349023342,9.409202029928565,0.46385801397264004,0.08,0.35,0.05,0.45,1.2,39.47352703809738,861516.321085872,861516.331340653
14280,eye1,pmrnet,loop,25.268117082305253,0.02,1.2248989660292864,3.6019949475303292,0.44667592737823725,0.08,0.35,0.05,0.45,1.2,32.691686923243104,861516.332336239,861516.337610052
14281,eye1,pmrnet,loop,21.208019112236798,0.02,0.2688489621505141,3.1336660031229258,0.4051040159538388,0.08,0.35,0.05,0.45,1.2,27.165638093464075,861516.337811231,861516.341619108
14282,eye1,pmrnet,loop,17.003132961690426,0.02,0.2786549739539623,3.2069799490273,0.18475798424333334,0.08,0.35,0.05,0.45,1.2,22.82352586891502,861516.341812587,861516.345483237
14283,eye1,pmrnet,loop,16.9024319620803,0.02,0.26798294857144356,3.194633056409657,0.25067897513508797,0.08,0.35,0.05,0.45,1.2,22.765726942196487,861516.349737825,861516.3534514
14284,eye1,pmrnet,loop,18.42446601949632,0.02,0.4267740296199918,4.574230988509953,0.23243995383381844,0.08,0.35,0.05,0.45,1.2,25.807910991460083,861516.357808654,861516.363042453
14285,eye1,pmrnet,loop,17.111378023400903,0.02,0.27439300902187824,3.445080015808344,0.3907509380951524,0.08,0.35,0.05,0.45,1.2,23.371601986326276,861516.365687791,861516.369798275
14286,eye1,pmrnet,loop,22.96972693875432,0.02,0.2621050225570798,8.77341500017792,0.9935080306604505,0.08,0.35,0.05,0.45,1.2,35.14875499214977,861516.373695588,861516.383724982
14287,eye1,pmrnet,loop,24.409645004197955,0.02,0.3835560055449605,7.921153912320733,0.23987493477761745,0.08,0.35,0.05,0.45,1.2,35.104229856841265,861516.384689506,861516.393234439
14288,eye1,pmrnet,loop,21.31630398798734,0.02,0.3743140259757638,3.8507680874317884,0.542132998816669,0.08,0.35,0.05,0.45,1.2,28.23351910021156,861516.393442799,861516.398210268
14289,eye1,pmrnet,loop,17.87290908396244,0.02,0.24715391919016838,3.730617929250002,0.40526397060602903,0.08,0.35,0.05,0.45,1.2,24.40594490300864,861516.398452613,861516.402835946
14290,eye1,pmrnet,loop,23.577568004839122,0.02,0.3798510879278183,9.52927500475198,0.9179329499602318,0.08,0.35,0.05,0.45,1.2,36.55462704747915,861516.405781651,861516.416609108
14291,eye1,pmrnet,loop,25.884041911922395,0.02,0.3967720549553633,9.359603049233556,0.30773901380598545,0.08,0.35,0.05,0.45,1.2,38.0981560299173,861516.416920023,861516.426984567
14292,eye1,pmrnet,loop,29.116792022250593,0.02,0.40025694761425257,9.442551992833614,0.39883109275251627,0.08,0.35,0.05,0.45,1.2,41.508432055450974,861516.428044634,861516.438286722
14293,eye1,pmrnet,loop,27.032940066419542,0.02,0.6282480899244547,4.784911987371743,0.37097802851349115,0.08,0.35,0.05,0.45,1.2,34.96707817222923,861516.438487406,861516.444271856
14294,eye1,pmrnet,loop,30.250075040385127,0.02,0.3699880326166749,9.290898102335632,0.7904270896688104,0.08,0.35,0.05,0.45,1.2,42.85138826500624,861516.445105743,861516.455557464
14295,eye1,pmrnet,loop,32.53973589744419,0.02,0.3742630360648036,9.231301955878735,0.4579260712489486,0.08,0.35,0.05,0.45,1.2,44.75322696063668,861516.455852455,861516.465916363
210,eye0,pmrnet,loop,17.726842896081507,0.02,1.3956850161775947,6.981572019867599,0.4452809225767851,0.08,0.35,0.05,0.45,1.2,28.699380854703485,861516.324787791,861516.333610675
211,eye0,pmrnet,loop,21.401045029051602,0.02,1.3616629876196384,9.483943111263216,0.6629909621551633,0.08,0.35,0.05,0.45,1.2,35.05964209008962,861516.333844747,861516.345353773
212,eye0,pmrnet,loop,20.80209495034069,0.02,0.44867699034512043,4.894109908491373,0.7442139321938157,0.08,0.35,0.05,0.45,1.2,29.039095781370996,861516.346737753,861516.352825098
213,eye0,pmrnet,loop,16.671624034643173,0.02,0.28434593696147203,3.223382984288037,0.2223610645160079,0.08,0.35,0.05,0.45,1.2,22.55171402040869,861516.353033219,861516.356763576
214,eye0,pmrnet,loop,13.34539707750082,0.02,0.3106320509687066,3.2775868894532323,0.9486030321568251,0.08,0.35,0.05,0.45,1.2,20.032219050079583,861516.356969264,861516.361506336
215,eye0,pmrnet,loop,16.95179590024054,0.02,0.2894960343837738,7.822804967872798,0.3705560229718685,0.08,0.35,0.05,0.45,1.2,27.58465292546898,861516.364698263,861516.373181475
216,eye0,pmrnet,loop,13.832328957505524,0.02,0.2454579807817936,3.4180699149146676,0.4047219408676028,0.08,0.35,0.05,0.45,1.2,20.050578794069587,861516.374062886,861516.378131378
217,eye0,pmrnet,loop,12.308352976106107,0.02,0.2823169343173504,3.1426659552380443,0.4524099640548229,0.08,0.35,0.05,0.45,1.2,18.335745829716323,861516.380798749,861516.384676431
218,eye0,pmrnet,loop,12.482560006901622,0.02,0.2708439715206623,3.2786919036880136,0.6066070636734366,0.08,0.35,0.05,0.45,1.2,18.788702945783733,861516.388763265,861516.392919639
219,eye0,pmrnet,loop,18.701091990806162,0.02,0.3920610761269927,9.513649973087013,0.5324659869074821,0.08,0.35,0.05,0.45,1.2,31.28926902692765,861516.396767808,861516.407206481
220,eye0,pmrnet,loop,17.727280966937542,0.02,0.3864479949697852,5.989397992379963,0.39960502181202173,0.08,0.35,0.05,0.45,1.2,26.65273197609931,861516.407526619,861516.414302436
221,eye0,pmrnet,loop,21.06704399921,0.02,0.3611980937421322,9.6988829318434,0.518032000400126,0.08,0.35,0.05,0.45,1.2,33.79515702519566,861516.415131931,861516.425710465
222,eye0,pmrnet,loop,24.596704985015094,0.02,1.2738399673253298,9.536463068798184,0.4736089613288641,0.08,0.35,0.05,0.45,1.2,38.03061698246747,861516.42602497,861516.43730931
224,eye0,pmrnet,loop,17.10000599268824,0.02,0.4034989979118109,6.742467056028545,0.3487030044198036,0.08,0.35,0.05,0.45,1.2,26.744675051048397,861516.438456085,861516.445951083
225,eye0,pmrnet,loop,13.851586962118745,0.02,0.2720010234043002,3.6514439852908254,0.6957909790799022,0.08,0.35,0.05,0.45,1.2,20.62082294989377,861516.446152227,861516.4507717
226,eye0,pmrnet,loop,11.412332998588681,0.02,0.2355210017412901,3.199673956260085,0.21778210066258907,0.08,0.35,0.05,0.45,1.2,17.215310057252644,861516.452748177,861516.456401437
227,eye0,pmrnet,loop,20.200486993417144,0.02,0.4098690114915371,7.586727966554463,0.45197398867458105,0.08,0.35,0.05,0.45,1.2,30.799057960137723,861516.464808807,861516.473257755
228,eye0,pmrnet,loop,24.6123019605875,0.02,0.2685199724510312,10.87880996055901,0.549319083802402,0.08,0.35,0.05,0.45,1.2,38.458950977399944,861516.474041861,861516.485738871
229,eye0,pmrnet,loop,27.707434026524425,0.02,0.5766020622104406,9.68181004282087,0.5773580633103848,0.08,0.35,0.05,0.45,1.2,40.69320419486612,861516.486066309,861516.496902487
231,eye0,pmrnet,loop,20.06812405306846,0.02,0.4406929947435856,6.641685962677002,0.40722498670220375,0.08,0.35,0.05,0.45,1.2,29.70772799719125,861516.497911322,861516.50540124
232,eye0,pmrnet,loop,17.531671095639467,0.02,0.3057030262425542,3.965185023844242,0.9877299889922142,0.08,0.35,0.05,0.45,1.2,24.940289134718476,861516.505674998,861516.510933854
233,eye0,pmrnet,loop,17.826661001890898,0.02,0.26388594415038824,5.871892906725407,0.44237205293029547,0.08,0.35,0.05,0.45,1.2,26.554811905696987,861516.512719571,861516.519298073
234,eye0,pmrnet,loop,17.102767946198583,0.02,0.27063197921961546,4.462481942027807,1.1860989034175873,0.08,0.35,0.05,0.45,1.2,25.17198077086359,861516.520724098,861516.526643546
235,eye0,pmrnet,loop,15.754173044115305,0.02,0.2732980065047741,3.34834901150316,1.0089469142258167,0.08,0.35,0.05,0.45,1.2,22.534766976349054,861516.528733211,861516.533364147
236,eye0,pmrnet,loop,15.198749024420977,0.02,0.2531670033931732,3.3189429668709636,0.5503250285983086,0.08,0.35,0.05,0.45,1.2,21.47118402328342,861516.536754952,861516.540877582
237,eye0,pmrnet,loop,15.28358890209347,0.02,0.25172997266054153,3.4456399735063314,0.6122729973867536,0.08,0.35,0.05,0.45,1.2,21.743231845647095,861516.544721725,861516.549031611
238,eye0,pmrnet,loop,16.923973918892443,0.02,0.2528059994801879,4.304658970795572,1.086840988136828,0.08,0.35,0.05,0.45,1.2,24.71827987730503,861516.553096382,861516.558740929
239,eye0,pmrnet,loop,15.891797957010567,0.02,0.26532402262091637,3.515186021104455,1.282560988329351,0.08,0.35,0.05,0.45,1.2,23.104868989065288,861516.560714541,861516.565777835
240,eye0,pmrnet,loop,15.156597015447915,0.02,0.26503996923565865,3.3278539776802063,0.7621159311383963,0.08,0.35,0.05,0.45,1.2,21.661606893502174,861516.568756425,861516.573111711
241,eye0,pmrnet,loop,14.42892907653004,0.02,0.2692310372367501,3.2375199953094125,0.22100901696830988,0.08,0.35,0.05,0.45,1.2,20.30668912604451,861516.57672491,861516.580452943
242,eye0,pmrnet,loop,20.941882976330817,0.02,0.26749703101813793,9.542774991132319,0.48049003817141056,0.08,0.35,0.05,0.45,1.2,33.38264503665269,861516.58474305,861516.595034132
243,eye0,pmrnet,loop,18.898637033998966,0.02,0.7497349288314581,4.215647000819445,0.7170960307121277,0.08,0.35,0.05,0.45,1.2,26.731114994361995,861516.595377894,861516.60106066
244,eye0,pmrnet,loop,15.646120999008417,0.02,0.2600109437480569,3.326769918203354,0.46961207408457994,0.08,0.35,0.05,0.45,1.2,21.852513935044406,861516.60182056,861516.605877188
245,eye0,pmrnet,loop,14.929353026673198,0.02,0.47981797251850367,3.3689429983496666,0.5922589916735888,0.08,0.35,0.05,0.45,1.2,21.520372989214955,861516.608787713,861516.613229068
246,eye0,pmrnet,loop,15.494526945985854,0.02,0.25042903143912554,3.2679650466889143,1.5194109873846173,0.08,0.35,0.05,0.45,1.2,22.68233201149851,861516.616825449,861516.621863493
247,eye0,pmrnet,loop,18.93794198986143,0.02,0.3885269397869706,7.804136024788022,0.37773093208670616,0.08,0.35,0.05,0.45,1.2,29.658335886523126,861516.624804665,861516.633375507
248,eye0,pmrnet,loop,21.601482992991805,0.02,0.3868489293381572,9.534526034258306,0.5083889700472355,0.08,0.35,0.05,0.45,1.2,34.1812469266355,861516.633678011,861516.64410822
249,eye0,pmrnet,loop,20.204065018333495,0.02,2.034601988270879,3.2778369495645165,0.40060991887003183,0.08,0.35,0.05,0.45,1.2,28.06711387503892,861516.645066753,861516.650780035
250,eye0,pmrnet,loop,16.170278075151145,0.02,0.24261092767119408,3.2543139532208443,0.3338040551170707,0.08,0.35,0.05,0.45,1.2,22.151007011160253,861516.650984186,861516.65481519
251,eye0,pmrnet,loop,17.74308690801263,0.02,0.24187902454286814,7.0912790251895785,0.4213260253891349,0.08,0.35,0.05,0.45,1.2,27.64757098313421,861516.656702243,861516.664456969
252,eye0,pmrnet,loop,19.026951980777085,0.02,0.37745607551187277,7.598198018968105,0.6549699464812875,0.08,0.35,0.05,0.45,1.2,29.80757602173835,861516.665180012,861516.673811005
253,eye0,pmrnet,loop,14.903082977980375,0.02,0.2588629722595215,3.1366191105917096,0.3505120985209942,0.08,0.35,0.05,0.45,1.2,20.7990771593526,861516.674010061,861516.677756297
254,eye0,pmrnet,loop,13.689658022485673,0.02,0.2763100201264024,3.1947121024131775,0.40461099706590176,0.08,0.35,0.05,0.45,1.2,19.715291142091154,861516.68073591,861516.684611802
255,eye0,pmrnet,loop,19.989669090136886,0.02,0.3795529482886195,9.447554009966552,0.3887529019266367,0.08,0.35,0.05,0.45,1.2,32.35552895031869,861516.688763602,861516.698979892
256,eye0,pmrnet,loop,19.678083946928382,0.02,0.38735195994377136,6.355791003443301,0.6382929859682918,0.08,0.35,0.05,0.45,1.2,29.209519896283744,861516.699356327,861516.706738224
257,eye0,pmrnet,loop,22.782386047765613,0.02,0.39830105379223824,9.491984033957124,0.4536330234259367,0.08,0.35,0.05,0.45,1.2,35.27630415894091,861516.707566606,861516.717910944
258,eye0,pmrnet,loop,25.52497002761811,0.02,0.5862569669261575,9.468724019825459,0.4503879463300109,0.08,0.35,0.05,0.45,1.2,38.180338960699736,861516.718216623,861516.728722411
260,eye0,pmrnet,loop,20.974413957446814,0.02,0.5513250362128019,9.483588044531643,0.7104959804564714,0.08,0.35,0.05,0.45,1.2,33.86982301864773,861516.729564254,861516.740310099
261,eye0,pmrnet,loop,23.94013397861272,0.02,0.37061399780213833,9.555809083394706,0.7979730144143105,0.08,0.35,0.05,0.45,1.2,36.814530074223875,861516.74061988,861516.751344712
262,eye0,pmrnet,loop,30.086023034527898,0.02,3.2448810525238514,9.374011075124145,0.6644900422543287,0.08,0.35,0.05,0.45,1.2,45.51940520443022,861516.752276133,861516.765559921
14297,eye1,pmrnet,loop,28.76635396387428,0.02,0.6098010344430804,9.636709000915289,0.4670100752264261,0.08,0.35,0.05,0.45,1.2,41.629874074459075,861516.467566761,861516.478280744
14298,eye1,pmrnet,loop,29.483393067494035,0.02,2.584528992883861,5.3481810027733445,0.53866405505687,0.08,0.35,0.05,0.45,1.2,40.10476711820811,861516.478595683,861516.487067412
14299,eye1,pmrnet,loop,28.495405917055905,0.02,2.0547909662127495,3.322302014566958,0.7185210706666112,0.08,0.35,0.05,0.45,1.2,36.74101996850222,861516.48805261,861516.494148456
14300,eye1,pmrnet,loop,31.41016501467675,0.02,0.46476791612803936,9.544989094138145,0.7434280123561621,0.08,0.35,0.05,0.45,1.2,44.313350037299095,861516.494377302,861516.505131075
14302,eye1,pmrnet,loop,21.107770036906004,0.02,0.3147190436720848,4.010075936093926,0.3099850146099925,0.08,0.35,0.05,0.45,1.2,27.892550031282006,861516.506332317,861516.510967789
14303,eye1,pmrnet,loop,21.19441202376038,0.02,1.4437530189752579,3.384933923371136,0.4690240602940321,0.08,0.35,0.05,0.45,1.2,28.642123026400803,861516.51382517,861516.519123206
14304,eye1,pmrnet,loop,20.69914899766445,0.02,0.2888579620048404,3.884876030497253,0.7651529740542173,0.08,0.35,0.05,0.45,1.2,27.78803596422076,861516.521757801,861516.526697023
14305,eye1,pmrnet,loop,26.64991293568164,0.02,0.39225397631525993,9.374485933221877,1.1716700391843915,0.08,0.35,0.05,0.45,1.2,39.73832288440317,861516.529777371,861516.540716244
14306,eye1,pmrnet,loop,26.964453980326653,0.02,0.5112210055813193,7.224097033031285,0.3406399628147483,0.08,0.35,0.05,0.45,1.2,37.190411981754,861516.54102423,861516.549100533
14307,eye1,pmrnet,loop,23.185480036772788,0.02,0.24434004444628954,3.1410669907927513,0.24414609652012587,0.08,0.35,0.05,0.45,1.2,28.965033168531953,861516.549760764,861516.553390525
14308,eye1,pmrnet,loop,20.525143947452307,0.02,0.26114797219634056,4.369179019704461,0.44136890210211277,0.08,0.35,0.05,0.45,1.2,27.74683984145522,861516.553727155,861516.55879916
14309,eye1,pmrnet,loop,19.49728699401021,0.02,0.2944220323115587,3.4520250046625733,0.3287208965048194,0.08,0.35,0.05,0.45,1.2,25.72245492748916,861516.56176494,861516.565840432
14310,eye1,pmrnet,loop,25.768090970814228,0.02,0.3759680548682809,9.437901084311306,0.6010689539834857,0.08,0.35,0.05,0.45,1.2,38.3330290639773,861516.56976494,861516.58018022
14311,eye1,pmrnet,loop,21.46992296911776,0.02,0.2664759522303939,3.0977861024439335,0.21092407405376434,0.08,0.35,0.05,0.45,1.2,27.19510909784585,861516.580375504,861516.583950981
14312,eye1,pmrnet,loop,26.526725036092103,0.02,1.2097590370103717,9.545778972096741,0.5170980002731085,0.08,0.35,0.05,0.45,1.2,39.94936104547232,861516.585802997,861516.597076068
14313,eye1,pmrnet,loop,30.1563770044595,0.02,1.8393039936199784,9.199792984873056,0.33963099122047424,0.08,0.35,0.05,0.45,1.2,43.68510497417301,861516.597395667,861516.608774833
14315,eye1,pmrnet,loop,24.229911039583385,0.02,0.5494569195434451,7.312549045309424,1.2927689822390676,0.08,0.35,0.05,0.45,1.2,35.53468598667532,861516.609831831,861516.61898696
14316,eye1,pmrnet,loop,20.507800043560565,0.02,0.2883389825001359,3.2705209450796247,0.5826109554618597,0.08,0.35,0.05,0.45,1.2,26.799270926602183,861516.619192088,861516.623333792
14317,eye1,pmrnet,loop,18.916155910119414,0.02,0.27362501714378595,3.310984931886196,0.5202878965064883,0.08,0.35,0.05,0.45,1.2,25.171053755655883,861516.625706072,861516.629811224
14318,eye1,pmrnet,loop,25.165232946164906,0.02,0.4661619896069169,9.441004018299282,0.42581302113831043,0.08,0.35,0.05,0.45,1.2,37.64821197520941,861516.633795284,861516.644128704
14319,eye1,pmrnet,loop,27.816336951218545,0.02,0.39404002018272877,9.303090977482498,0.7192189805209637,0.08,0.35,0.05,0.45,1.2,40.382686929404734,861516.644431959,861516.654848721
14320,eye1,pmrnet,loop,31.11582202836871,0.02,0.5800529615953565,9.28225100506097,0.6607470568269491,0.08,0.35,0.05,0.45,1.2,43.788873051851986,861516.65569463,861516.666218149
14322,eye1,pmrnet,loop,25.864622904919088,0.02,0.5646910285577178,9.449300938285887,0.5543769802898169,0.08,0.35,0.05,0.45,1.2,38.58299185205251,861516.666536479,861516.677105258
14323,eye1,pmrnet,loop,28.453445993363857,0.02,0.38189697079360485,9.093399974517524,0.3541629994288087,0.08,0.35,0.05,0.45,1.2,40.432905938103794,861516.677933107,861516.687763017
14324,eye1,pmrnet,loop,30.825732043012977,0.02,0.41203899309039116,9.264037013053894,0.46886003110557795,0.08,0.35,0.05,0.45,1.2,43.12066808026284,861516.688058739,861516.698204098
14326,eye1,pmrnet,loop,25.8282870054245,0.02,0.4392139380797744,9.29909001570195,0.5174629623070359,0.08,0.35,0.05,0.45,1.2,38.23405392151326,861516.699088517,861516.709344702
14327,eye1,pmrnet,loop,28.564514010213315,0.02,0.6317900260910392,9.366819984279573,0.5040629766881466,0.08,0.35,0.05,0.45,1.2,41.21718699727207,861516.709646966,861516.720150048
14328,eye1,pmrnet,loop,31.76630602683872,0.02,0.3641729708760977,9.513841941952705,0.4851450212299824,0.08,0.35,0.05,0.45,1.2,44.279465960897504,861516.721057179,861516.73142073
14330,eye1,pmrnet,loop,26.31910506170243,0.02,0.5790670402348042,9.282857994548976,0.5238780286163092,0.08,0.35,0.05,0.45,1.2,38.85490812510252,861516.731725424,861516.742111647
14331,eye1,pmrnet,loop,24.61549697909504,0.02,0.3889829386025667,4.71041293349117,0.3930970560759306,0.08,0.35,0.05,0.45,1.2,32.25798990726471,861516.742984731,861516.748477561
14332,eye1,pmrnet,loop,20.614510984160006,0.02,0.26973302010446787,3.1774520175531507,0.41471701115369797,0.08,0.35,0.05,0.45,1.2,26.62641303297132,861516.748683351,861516.752545539
14333,eye1,pmrnet,loop,18.235672963783145,0.02,0.25712396018207073,3.3127060160040855,0.9550499962642789,0.08,0.35,0.05,0.45,1.2,24.91055293623358,861516.753710537,861516.758235715
14334,eye1,pmrnet,loop,17.541656037792563,0.02,0.26549294125288725,3.2772329868748784,0.3491840325295925,0.08,0.35,0.05,0.45,1.2,23.58356599844992,861516.761718614,861516.765610758
14335,eye1,pmrnet,loop,21.655607037246227,0.02,0.40329096373170614,7.202813983894885,0.3949349047616124,0.08,0.35,0.05,0.45,1.2,31.80664688963443,861516.769792339,861516.777793743
14336,eye1,pmrnet,loop,17.49947597272694,0.02,0.255168997682631,3.216271987184882,0.24642411153763533,0.08,0.35,0.05,0.45,1.2,23.367341069132088,861516.777988317,861516.781706521
14337,eye1,pmrnet,loop,17.750193015672266,0.02,0.27242093347012997,3.3914640080183744,0.6512179970741272,0.08,0.35,0.05,0.45,1.2,24.215295954234897,861516.785710941,861516.79002631
14338,eye1,pmrnet,loop,20.574253983795643,0.02,2.381825936026871,4.494706983678043,0.3159629413858056,0.08,0.35,0.05,0.45,1.2,29.91674984488636,861516.793726437,861516.800919176
14339,eye1,pmrnet,loop,17.856009071692824,0.02,0.2539210254326463,3.781149978749454,0.49474602565169334,0.08,0.35,0.05,0.45,1.2,24.535826101526617,861516.801739769,861516.806269851
14340,eye1,pmrnet,loop,17.346546985208988,0.02,0.2555190585553646,3.5329970996826887,0.3106150543317199,0.08,0.35,0.05,0.45,1.2,23.59567819777876,861516.809730182,861516.813829561
14341,eye1,pmrnet,loop,17.17197895050049,0.02,0.26026798877865076,3.313772031106055,0.39753003511577845,0.08,0.35,0.05,0.45,1.2,23.29354900550097,861516.817752228,861516.821724034
14342,eye1,pmrnet,loop,17.195375985465944,0.02,0.2669389359652996,3.3257929608225822,0.5142879672348499,0.08,0.35,0.05,0.45,1.2,23.452395849488674,861516.825709084,861516.829816333
14343,eye1,pmrnet,loop,17.036001081578434,0.02,0.2810480073094368,3.267331048846245,0.4328930517658591,0.08,0.35,0.05,0.45,1.2,23.167273189499973,861516.833744128,861516.837725672
14344,eye1,pmrnet,loop,24.222687003202736,0.02,1.3996349880471826,9.335580980405211,0.45997602865099907,0.08,0.35,0.05,0.45,1.2,37.56787900030613,861516.841785555,861516.852981204
14345,eye1,pmrnet,loop,27.230144944041967,0.02,0.35837606992572546,9.85522207338363,0.5587179912254214,0.08,0.35,0.05,0.45,1.2,40.15246107857674,861516.853284522,861516.864057299
14346,eye1,pmrnet,loop,27.830902952700853,0.02,0.46414195094257593,7.14819401036948,0.192545005120337,0.08,0.35,0.05,0.45,1.2,37.785783919133245,861516.864922614,861516.872727872
14347,eye1,pmrnet,loop,25.000358000397682,0.02,0.2993539674207568,4.409843939356506,0.3129309043288231,0.08,0.35,0.05,0.45,1.2,32.17248681150377,861516.872943605,861516.877966043
14348,eye1,pmrnet,loop,22.291064029559493,0.02,0.25855598505586386,3.3984329784289002,1.4837930211797357,0.08,0.35,0.05,0.45,1.2,29.58184601422399,861516.878185012,861516.883326059
14349,eye1,pmrnet,loop,18.49280996248126,0.02,0.2600990701466799,3.179837018251419,0.18449698109179735,0.08,0.35,0.05,0.45,1.2,24.267243031971155,861516.883972271,861516.887596904
14350,eye1,pmrnet,loop,21.749046980403364,0.02,0.3039219882339239,3.627139958553016,1.2544910423457623,0.08,0.35,0.05,0.45,1.2,29.084599969536065,861516.893736127,861516.898921941
14351,eye1,pmrnet,loop,21.83663798496127,0.02,0.26873196475207806,3.421860048547387,1.6414200654253364,0.08,0.35,0.05,0.45,1.2,29.31865006368607,861516.901746479,861516.907078698
264,eye0,pmrnet,loop,18.277267110534012,0.02,0.28361997101455927,3.19373095408082,0.22541999351233244,0.08,0.35,0.05,0.45,1.2,24.130038029141723,861516.766186141,861516.769889108
265,eye0,pmrnet,loop,21.408330998383462,0.02,0.38317497819662094,9.267020970582962,0.6448680069297552,0.08,0.35,0.05,0.45,1.2,33.8533949540928,861516.770793467,861516.781088974
266,eye0,pmrnet,loop,23.96410598885268,0.02,0.7988559082150459,9.173942962661386,0.36099692806601524,0.08,0.35,0.05,0.45,1.2,36.447901787795125,861516.781379458,861516.791713698
268,eye0,pmrnet,loop,16.99026208370924,0.02,0.39574597030878067,6.996831973083317,0.6467469502240419,0.08,0.35,0.05,0.45,1.2,27.17958697732538,861516.792838418,861516.800878115
269,eye0,pmrnet,loop,14.2699358984828,0.02,0.25983492378145456,4.1681790025904775,0.7042379584163427,0.08,0.35,0.05,0.45,1.2,21.552187783271073,861516.801094315,861516.806226786
270,eye0,pmrnet,loop,13.757496955804527,0.02,0.28834003023803234,3.753192024305463,1.00240099709481,0.08,0.35,0.05,0.45,1.2,20.95143000744283,861516.808739277,861516.813783473
271,eye0,pmrnet,loop,20.08975704666227,0.02,0.38276705890893936,10.378155973739922,0.6281170062720776,0.08,0.35,0.05,0.45,1.2,33.628797085583216,861516.816794679,861516.828184166
272,eye0,pmrnet,loop,22.547762026079,0.02,0.4375029820948839,9.315502946265042,0.4496549954637885,0.08,0.35,0.05,0.45,1.2,34.90042294990271,861516.828508208,861516.838711321
273,eye0,pmrnet,loop,24.072882952168584,0.02,0.4185520811006427,7.783284992910922,0.4359961021691561,0.08,0.35,0.05,0.45,1.2,34.8607161283493,861516.839667891,861516.848306067
274,eye0,pmrnet,loop,20.47925000078976,0.02,0.23908994626253843,3.1679189996793866,0.517403008416295,0.08,0.35,0.05,0.45,1.2,26.55366195514798,861516.848856765,861516.85278139
275,eye0,pmrnet,loop,17.10825297050178,0.02,0.25631801690906286,3.644095966592431,0.6023800233379006,0.08,0.35,0.05,0.45,1.2,23.761046977341174,861516.852976323,861516.857479385
276,eye0,pmrnet,loop,16.046385979279876,0.02,0.3781430423259735,5.4433600744232535,0.2240319736301899,0.08,0.35,0.05,0.45,1.2,24.24192106965929,861516.858440512,861516.864486426
277,eye0,pmrnet,loop,12.988385045900941,0.02,0.2762660151347518,3.9451339980587363,0.4398359451442957,0.08,0.35,0.05,0.45,1.2,19.799621004238723,861516.864835715,861516.869497189
278,eye0,pmrnet,loop,13.343681930564344,0.02,0.24354597553610802,4.285631934180856,0.5921900738030672,0.08,0.35,0.05,0.45,1.2,20.615049914084373,861516.872800188,861516.877921766
279,eye0,pmrnet,loop,12.718155980110168,0.02,0.25205593556165695,3.3248860854655504,1.0590720921754837,0.08,0.35,0.05,0.45,1.2,19.504170093312858,861516.880728936,861516.885365174
280,eye0,pmrnet,loop,11.686095036566257,0.02,0.26165100280195475,3.1739489641040564,0.22151204757392406,0.08,0.35,0.05,0.45,1.2,17.49320705104619,861516.888744716,861516.892402058
281,eye0,pmrnet,loop,11.695292079821229,0.02,0.2903019776567817,3.188387956470251,0.21790002938359976,0.08,0.35,0.05,0.45,1.2,17.54188204333186,861516.896783511,861516.900480328
282,eye0,pmrnet,loop,11.79969497025013,0.02,0.2546269679442048,3.2616090029478073,0.41428895201534033,0.08,0.35,0.05,0.45,1.2,17.88021989315748,861516.904723022,861516.908653787
283,eye0,pmrnet,loop,11.621269979514182,0.02,0.27131603565067053,3.342356998473406,0.21741597447544336,0.08,0.35,0.05,0.45,1.2,17.6023589881137,861516.912712912,861516.916544319
284,eye0,pmrnet,loop,11.386167956516147,0.02,0.27034198865294456,3.150588017888367,0.21642702631652355,0.08,0.35,0.05,0.45,1.2,17.17352498937398,861516.920740613,861516.924378182
285,eye0,pmrnet,loop,16.350793070159853,0.02,0.5216640420258045,3.657074994407594,0.4684159066528082,0.08,0.35,0.05,0.45,1.2,23.147948013246058,861516.932764386,861516.937411769
286,eye0,pmrnet,loop,15.439045033417642,0.02,0.27405808214098215,3.237831057049334,0.24818792007863522,0.08,0.35,0.05,0.45,1.2,21.349122092686592,861516.940808642,861516.944568962
287,eye0,pmrnet,loop,16.92653796635568,0.02,0.39820699021220207,4.4259249698370695,0.4386309301480651,0.08,0.35,0.05,0.45,1.2,24.339300856553017,861516.948862486,861516.954125598
288,eye0,pmrnet,loop,22.001010016538203,0.02,0.30309194698929787,9.729215991683304,0.4644939908757806,0.08,0.35,0.05,0.45,1.2,34.647811946086584,861516.956771283,861516.9672685
289,eye0,pmrnet,loop,25.210577063262463,0.02,0.3873720997944474,9.416704997420311,0.4387929802760482,0.08,0.35,0.05,0.45,1.2,37.60344714075327,861516.968304029,861516.978547344
290,eye0,pmrnet,loop,29.62457505054772,0.02,1.2172829592600465,9.297681972384453,1.6710379859432578,0.08,0.35,0.05,0.45,1.2,43.960577968135475,861516.978843546,861516.991029957
292,eye0,pmrnet,loop,25.157560943625867,0.02,1.543827005662024,8.879033965058625,0.23073796182870865,0.08,0.35,0.05,0.45,1.2,37.96115987617522,861516.992048649,861517.002702596
293,eye0,pmrnet,loop,21.360963000915945,0.02,0.2776150358840823,3.2155869994312525,0.5517239915207028,0.08,0.35,0.05,0.45,1.2,27.55588902775198,861517.002929688,861517.006974858
294,eye0,pmrnet,loop,17.45997602120042,0.02,0.25908800307661295,3.307434031739831,0.3805819433182478,0.08,0.35,0.05,0.45,1.2,23.55707999933511,861517.00719556,861517.011142892
295,eye0,pmrnet,loop,14.887573081068695,0.02,0.29874604661017656,3.220258979126811,0.33803307451307774,0.08,0.35,0.05,0.45,1.2,20.89461118131876,861517.012782345,861517.016639639
296,eye0,pmrnet,loop,15.678144991397858,0.02,0.29218196868896484,3.4247719449922442,1.04242202360183,0.08,0.35,0.05,0.45,1.2,22.587520928680895,861517.020739475,861517.025499147
297,eye0,pmrnet,loop,16.160523984581232,0.02,0.25492103304713964,4.478506976738572,0.5646649515256286,0.08,0.35,0.05,0.45,1.2,23.60861694589257,861517.028751786,861517.034050255
298,eye0,pmrnet,loop,15.399522962979972,0.02,0.26159000117331743,3.3833379857242107,0.9835449745878577,0.08,0.35,0.05,0.45,1.2,22.177995924465357,861517.0367297,861517.041358422
299,eye0,pmrnet,loop,14.419294078834355,0.02,0.25856506545096636,3.2118380768224597,0.21519395522773266,0.08,0.35,0.05,0.45,1.2,20.254891176335512,861517.044761545,861517.04844737
300,eye0,pmrnet,loop,14.936849009245634,0.02,0.2522319555282593,3.4678520169109106,0.5567109910771251,0.08,0.35,0.05,0.45,1.2,21.363643972761928,861517.052756924,861517.05703395
301,eye0,pmrnet,loop,18.418910913169384,0.02,0.25653501506894827,6.784030003473163,0.8014669874683022,0.08,0.35,0.05,0.45,1.2,28.410942919179796,861517.060742502,861517.068584799
302,eye0,pmrnet,loop,15.824505942873657,0.02,0.2756479661911726,3.739826031960547,1.2523040641099215,0.08,0.35,0.05,0.45,1.2,23.242284005135296,861517.068791483,861517.074059525
303,eye0,pmrnet,loop,14.30618402082473,0.02,0.24955300614237785,3.3854719949886203,0.22809009533375502,0.08,0.35,0.05,0.45,1.2,20.319299117289482,861517.076746871,861517.080610251
304,eye0,pmrnet,loop,14.525348087772727,0.02,0.2819460351020098,3.5180439008399844,0.33735798206180334,0.08,0.35,0.05,0.45,1.2,20.812696005776523,861517.084760977,861517.088898507
305,eye0,pmrnet,loop,17.223280970938504,0.02,0.2552319783717394,6.21032202616334,0.43648097198456526,0.08,0.35,0.05,0.45,1.2,26.275315947458147,861517.092762789,861517.099665076
306,eye0,pmrnet,loop,20.772379939444363,0.02,0.39454398211091757,9.592110989615321,0.46938995365053415,0.08,0.35,0.05,0.45,1.2,33.37842486482114,861517.100826521,861517.111283014
307,eye0,pmrnet,loop,23.334612022154033,0.02,0.3869220381602645,9.257489000447094,0.6883720634505153,0.08,0.35,0.05,0.45,1.2,35.817395124211906,861517.111581109,861517.121914305
308,eye0,pmrnet,loop,27.656288002617657,0.02,0.5390619626268744,9.682981064543128,1.1571110226213932,0.08,0.35,0.05,0.45,1.2,41.18544205240905,861517.122924907,861517.134304479
310,eye0,pmrnet,loop,22.233142983168364,0.02,0.37805805914103985,9.254193981178105,0.5433859769254923,0.08,0.35,0.05,0.45,1.2,34.558781000413,861517.134843544,861517.145019666
311,eye0,pmrnet,loop,25.41581797413528,0.02,0.3748789895325899,9.44295001681894,0.5454519996419549,0.08,0.35,0.05,0.45,1.2,37.929098980128764,861517.145907938,861517.156271609
312,eye0,pmrnet,loop,28.792956960387528,0.02,0.36551395896822214,9.516056976281106,1.2733519542962313,0.08,0.35,0.05,0.45,1.2,42.097879849933086,861517.156562115,861517.167717456
314,eye0,pmrnet,loop,24.417882901616395,0.02,0.5866991123184562,9.092462016269565,0.21937198471277952,0.08,0.35,0.05,0.45,1.2,36.46641601491719,861517.169581954,861517.179480849
315,eye0,pmrnet,loop,22.11905794683844,0.02,0.2758209593594074,3.382879076525569,1.9127579871565104,0.08,0.35,0.05,0.45,1.2,29.840515969879924,861517.179679253,861517.185251022
316,eye0,pmrnet,loop,24.93588498327881,0.02,0.37712801713496447,9.29625891149044,0.35455403849482536,0.08,0.35,0.05,0.45,1.2,37.11382595039904,861517.186108015,861517.196136384
317,eye0,pmrnet,loop,28.92048901412636,0.02,0.3814289811998606,10.321476962417364,0.831571058370173,0.08,0.35,0.05,0.45,1.2,42.60496601611376,861517.196655072,861517.20818998
14352,eye1,pmrnet,loop,21.559855085797608,0.02,0.2523500006645918,3.595595946535468,1.2881039874628186,0.08,0.35,0.05,0.45,1.2,28.845905020460485,861516.909734493,861516.914870801
14353,eye1,pmrnet,loop,21.647207089699805,0.02,0.25235500652343035,3.5145750734955072,1.388543052598834,0.08,0.35,0.05,0.45,1.2,28.952680222317575,861516.917871562,861516.923027339
14354,eye1,pmrnet,loop,19.92240094114095,0.02,0.2464019926264882,3.1897969311103225,0.22075593005865812,0.08,0.35,0.05,0.45,1.2,25.729355794936417,861516.925714344,861516.929371501
14355,eye1,pmrnet,loop,26.63714496884495,0.02,0.3900710726156831,9.405225981026888,0.5520520498976111,0.08,0.35,0.05,0.45,1.2,39.13449407238513,861516.933807514,861516.944155241
14356,eye1,pmrnet,loop,22.364050964824855,0.02,0.2583949826657772,3.1236630165949464,0.21467509213835,0.08,0.35,0.05,0.45,1.2,28.110784056223928,861516.944354186,861516.947951175
14357,eye1,pmrnet,loop,26.3369120657444,0.02,0.36838906817138195,9.315122035332024,0.4965229891240597,0.08,0.35,0.05,0.45,1.2,38.666946158371864,861516.949811738,861516.959992239
14358,eye1,pmrnet,loop,29.010128928348422,0.02,0.36898802500218153,9.446204989217222,0.6186430109664798,0.08,0.35,0.05,0.45,1.2,41.593964953534304,861516.960300297,861516.970734554
14359,eye1,pmrnet,loop,31.661771005019546,0.02,0.3959920722991228,8.665852947160602,0.5187999922782183,0.08,0.35,0.05,0.45,1.2,43.39241601675749,861516.971875401,861516.981456407
14360,eye1,pmrnet,loop,30.48779594246298,0.02,0.38634391967207193,5.801149061881006,0.4048061091452837,0.08,0.35,0.05,0.45,1.2,39.23009503316134,861516.981759278,861516.988351913
14361,eye1,pmrnet,loop,26.712020975537598,0.02,0.2360920188948512,3.208989044651389,0.2162349410355091,0.08,0.35,0.05,0.45,1.2,32.523336980119346,861516.988983323,861516.992644943
14362,eye1,pmrnet,loop,23.01554207224399,0.02,0.2769220154732466,3.2129730097949505,0.6853250088170171,0.08,0.35,0.05,0.45,1.2,29.3407621063292,861516.99284186,861516.997017426
14363,eye1,pmrnet,loop,19.602837972342968,0.02,0.23548805620521307,3.3046769676730037,0.4097600467503071,0.08,0.35,0.05,0.45,1.2,25.70276304297149,861516.99772357,861517.001673724
14364,eye1,pmrnet,loop,26.529776980169117,0.02,0.3641109215095639,9.498071973212063,1.0195949580520391,0.08,0.35,0.05,0.45,1.2,39.56155483294278,861517.005787078,861517.016669289
14365,eye1,pmrnet,loop,27.352630044333637,0.02,0.44500199146568775,6.883752997964621,0.454542925581336,0.08,0.35,0.05,0.45,1.2,37.28592795934528,861517.017777972,861517.025561604
14366,eye1,pmrnet,loop,24.647028069011867,0.02,0.2773790620267391,3.4903399646282196,1.3895720476284623,0.08,0.35,0.05,0.45,1.2,31.954319143295287,861517.025767484,861517.030925016
14367,eye1,pmrnet,loop,22.413921891711652,0.02,0.26573194190859795,5.1464110147207975,0.21349103190004826,0.08,0.35,0.05,0.45,1.2,30.189555880241095,861517.031135118,861517.036761004
14368,eye1,pmrnet,loop,25.73439897969365,0.02,0.3715829225257039,9.379736962728202,0.5807100096717477,0.08,0.35,0.05,0.45,1.2,38.216428874619304,861517.037817382,861517.048149838
14369,eye1,pmrnet,loop,28.035765048116446,0.02,0.6241180235520005,9.093345957808197,0.35907397978007793,0.08,0.35,0.05,0.45,1.2,40.26230300925672,861517.048443214,861517.058520194
14370,eye1,pmrnet,loop,30.081182019785047,0.02,0.5610859952867031,7.883219979703426,0.3373089712113142,0.08,0.35,0.05,0.45,1.2,41.01279696598649,861517.059853227,861517.068635246
14371,eye1,pmrnet,loop,27.49619702808559,0.02,0.3134310245513916,4.368353984318674,0.600422965362668,0.08,0.35,0.05,0.45,1.2,34.92840500231832,861517.06883651,861517.074119012
14372,eye1,pmrnet,loop,24.68962292186916,0.02,0.2653660485520959,3.194575081579387,1.59365008585155,0.08,0.35,0.05,0.45,1.2,31.89321413785219,861517.074327679,861517.079381503
14373,eye1,pmrnet,loop,26.06967103201896,0.02,0.29150000773370266,7.5813570292666554,0.7729240460321307,0.08,0.35,0.05,0.45,1.2,36.86545211505145,861517.080184642,861517.088830676
14374,eye1,pmrnet,loop,21.792102023027837,0.02,0.26156799867749214,3.1169129069894552,0.21079799626022577,0.08,0.35,0.05,0.45,1.2,27.53138092495501,861517.089032624,861517.092622146
14375,eye1,pmrnet,loop,19.155826070345938,0.02,0.27570396196097136,3.6147109931334853,0.40070503018796444,0.08,0.35,0.05,0.45,1.2,25.596946055628358,861517.09376342,861517.098054821
14376,eye1,pmrnet,loop,25.06646397523582,0.02,0.37629809230566025,9.447557968087494,0.37104496732354164,0.08,0.35,0.05,0.45,1.2,37.411365002952515,861517.101838658,861517.112033981
14377,eye1,pmrnet,loop,23.653540993109345,0.02,2.775212051346898,3.1836110865697265,0.39958988782018423,0.08,0.35,0.05,0.45,1.2,32.16195401884615,861517.112331679,861517.118690381
14378,eye1,pmrnet,loop,26.85786399524659,0.02,0.3734129713848233,9.401030954904854,0.45964703895151615,0.08,0.35,0.05,0.45,1.2,39.24195496048778,861517.119728789,861517.129963324
14379,eye1,pmrnet,loop,23.074717028066516,0.02,0.2929579932242632,3.387550008483231,0.3488939255475998,0.08,0.35,0.05,0.45,1.2,29.25411895532161,861517.130220159,861517.134249814
14380,eye1,pmrnet,loop,19.461865071207285,0.02,0.27178507298231125,3.3746310509741306,0.6040770094841719,0.08,0.35,0.05,0.45,1.2,25.862358204647897,861517.134454445,861517.138705364
14381,eye1,pmrnet,loop,24.450909928418696,0.02,0.2641739556565881,9.36632405500859,0.36145502235740423,0.08,0.35,0.05,0.45,1.2,36.59286296144128,861517.141771731,861517.151763976
14382,eye1,pmrnet,loop,20.601350930519402,0.02,0.27817103546112776,3.1897149747237563,0.5518859252333641,0.08,0.35,0.05,0.45,1.2,26.77112286593765,861517.151963381,861517.155983398
14383,eye1,pmrnet,loop,18.254701048135757,0.02,0.28707506135106087,3.1636899802833796,0.44435705058276653,0.08,0.35,0.05,0.45,1.2,24.299823140352963,861517.157810387,861517.161705757
14384,eye1,pmrnet,loop,17.917011049576104,0.02,0.2875929931178689,3.1687170267105103,0.20958203822374344,0.08,0.35,0.05,0.45,1.2,23.732903107628225,861517.165770957,861517.169437101
14385,eye1,pmrnet,loop,18.15667690243572,0.02,0.2783640520647168,3.292095963843167,0.3772539785131812,0.08,0.35,0.05,0.45,1.2,24.254390896856783,861517.1737978,861517.177745758
14386,eye1,pmrnet,loop,17.879521939903498,0.02,0.2876860089600086,3.245409927330911,0.21103792823851109,0.08,0.35,0.05,0.45,1.2,23.773655804432927,861517.181792902,861517.185537303
14387,eye1,pmrnet,loop,17.96460698824376,0.02,0.2794660395011306,3.2434739405289292,0.3795360680669546,0.08,0.35,0.05,0.45,1.2,24.01708303634077,861517.189788886,861517.193691606
14388,eye1,pmrnet,loop,18.214207026176155,0.02,0.29026600532233715,3.4099488984793425,0.5252339178696275,0.08,0.35,0.05,0.45,1.2,24.58965584784746,861517.197784274,861517.202010011
14389,eye1,pmrnet,loop,17.72342703770846,0.02,0.25301496498286724,3.335856948979199,0.23005797993391752,0.08,0.35,0.05,0.45,1.2,23.692356931604444,861517.205769325,861517.20958849
14390,eye1,pmrnet,loop,17.831427976489067,0.02,0.27841294649988413,3.3624799689278007,0.3338269889354706,0.08,0.35,0.05,0.45,1.2,23.95614788085222,861517.213790568,861517.217765504
14391,eye1,pmrnet,loop,19.140625023283064,0.02,0.2786890836432576,4.6214759349823,0.452495994977653,0.08,0.35,0.05,0.45,1.2,26.643286036886273,861517.221790666,861517.227143609
14392,eye1,pmrnet,loop,21.90414199139923,0.02,0.3864000318571925,7.293079048395157,0.4758859286084771,0.08,0.35,0.05,0.45,1.2,32.209507000260054,861517.229819967,861517.237975783
14393,eye1,pmrnet,loop,24.653467000462115,0.02,0.35247509367763996,9.363804012537003,0.799731002189219,0.08,0.35,0.05,0.45,1.2,37.319477108865975,861517.238277886,861517.248794305
14394,eye1,pmrnet,loop,23.04492495022714,0.02,1.2627399992197752,3.3722410444170237,0.7011389825493097,0.08,0.35,0.05,0.45,1.2,30.53104497641325,861517.249918604,861517.255255066
14395,eye1,pmrnet,loop,19.01916798669845,0.02,0.27818605303764343,3.1447940273210406,0.42560300789773464,0.08,0.35,0.05,0.45,1.2,25.017751074954866,861517.255449433,861517.259298282
14396,eye1,pmrnet,loop,17.314978991635144,0.02,0.2970679197460413,3.2435080502182245,0.34344405867159367,0.08,0.35,0.05,0.45,1.2,23.348999020271002,861517.261778585,861517.265662817
14397,eye1,pmrnet,loop,19.7325530461967,0.02,0.375965959392488,5.714077968150377,0.22151588927954435,0.08,0.35,0.05,0.45,1.2,28.194112863019107,861517.269837451,861517.276149337
14398,eye1,pmrnet,loop,18.64301203750074,0.02,0.36881002597510815,4.727525054477155,0.2178980503231287,0.08,0.35,0.05,0.45,1.2,26.10724516827613,861517.27781451,861517.283129099
14399,eye1,pmrnet,loop,24.79805692564696,0.02,0.6674750475212932,9.537686943076551,1.2868990888819098,0.08,0.35,0.05,0.45,1.2,38.44011800512671,861517.285860928,861517.297353432
14400,eye1,pmrnet,loop,20.95917798578739,0.02,0.27972098905593157,3.2217390835285187,0.3475070698186755,0.08,0.35,0.05,0.45,1.2,26.958145128190516,861517.297735067,861517.301584247
14401,eye1,pmrnet,loop,18.803416984155774,0.02,0.30946696642786264,3.8844450609758496,1.0618009837344289,0.08,0.35,0.05,0.45,1.2,26.209129995293914,861517.302241388,861517.30749734
319,eye0,pmrnet,loop,22.294738912023604,0.02,2.3213119711726904,4.442626959644258,1.1135999811813235,0.08,0.35,0.05,0.45,1.2,32.322277824021874,861517.20982496,861517.217702759
320,eye0,pmrnet,loop,18.10627104714513,0.02,0.24679908528923988,3.1837739516049623,0.22936100140213966,0.08,0.35,0.05,0.45,1.2,23.91620508544147,861517.217923223,861517.221583363
321,eye0,pmrnet,loop,15.525158029049635,0.02,0.27717603370547295,3.7752249045297503,1.2344509596005082,0.08,0.35,0.05,0.45,1.2,22.962009926885365,861517.221784191,861517.227071272
322,eye0,pmrnet,loop,19.504177034832537,0.02,0.3968580858781934,9.393212967552245,0.4414110444486141,0.08,0.35,0.05,0.45,1.2,31.885659132711588,861517.228886676,861517.239118602
323,eye0,pmrnet,loop,17.98199990298599,0.02,0.3691059537231922,5.490242037922144,0.38753205444663763,0.08,0.35,0.05,0.45,1.2,26.378879949077962,861517.239418881,861517.245666056
324,eye0,pmrnet,loop,15.419392031617463,0.02,0.36356004420667887,4.044372006319463,0.2150130458176136,0.08,0.35,0.05,0.45,1.2,22.192337127961217,861517.246549019,861517.251172299
325,eye0,pmrnet,loop,19.97002598363906,0.02,0.35014201421290636,9.3672180082649,1.258700038306415,0.08,0.35,0.05,0.45,1.2,33.09608604442328,861517.25281481,861517.263791308
326,eye0,pmrnet,loop,17.251544981263578,0.02,0.3523909253999591,3.7551639834418893,0.22026593796908855,0.08,0.35,0.05,0.45,1.2,23.729365828074513,861517.264814369,861517.269142387
327,eye0,pmrnet,loop,13.852852047421038,0.02,0.2417699433863163,3.3467700704932213,0.8431850001215935,0.08,0.35,0.05,0.45,1.2,20.434577061422168,861517.269381,861517.273812983
328,eye0,pmrnet,loop,13.252505916170776,0.02,0.2449479652568698,3.334706067107618,0.9068520739674568,0.08,0.35,0.05,0.45,1.2,19.88901202250272,861517.276794849,861517.281281591
329,eye0,pmrnet,loop,19.161780015565455,0.02,0.37773698568344116,9.542798972688615,0.49055495765060186,0.08,0.35,0.05,0.45,1.2,31.722870931588112,861517.284848264,861517.295259818
330,eye0,pmrnet,loop,17.374634044244885,0.02,0.2619239967316389,4.49103198479861,1.3289059279486537,0.08,0.35,0.05,0.45,1.2,25.606495953723787,861517.295459314,861517.301541411
331,eye0,pmrnet,loop,15.450347098521888,0.02,0.4121259553357959,4.574330057948828,0.45597099233418703,0.08,0.35,0.05,0.45,1.2,23.042774104140697,861517.302243552,861517.30768621
332,eye0,pmrnet,loop,13.58139794319868,0.02,0.2961430000141263,4.452763008885086,0.3402950242161751,0.08,0.35,0.05,0.45,1.2,20.820598976314066,861517.308798074,861517.313887516
333,eye0,pmrnet,loop,18.587750964798033,0.02,0.2656918950378895,9.352340013720095,0.5392399616539478,0.08,0.35,0.05,0.45,1.2,30.895022835209964,861517.316804548,861517.326962227
334,eye0,pmrnet,loop,21.055954974144697,0.02,1.1181769659742713,7.9524030443280935,0.37075800355523825,0.08,0.35,0.05,0.45,1.2,32.6472929880023,861517.328057793,861517.337499522
335,eye0,pmrnet,loop,18.550900975242257,0.02,0.36803598050028086,4.4974860502406955,0.4004230722784996,0.08,0.35,0.05,0.45,1.2,25.96684607826173,861517.337797603,861517.343063896
336,eye0,pmrnet,loop,14.338329085148871,0.02,0.24504400789737701,3.20502498652786,0.210135942324996,0.08,0.35,0.05,0.45,1.2,20.148534021899103,861517.343259917,861517.346920364
337,eye0,pmrnet,loop,18.347034929320216,0.02,0.3787169698625803,9.225226007401943,0.5310119595378637,0.08,0.35,0.05,0.45,1.2,30.631989866122602,861517.348862348,861517.358997736
338,eye0,pmrnet,loop,14.508596970699728,0.02,0.2750449348241091,3.3325389958918095,0.38931192830204964,0.08,0.35,0.05,0.45,1.2,20.655492829717694,861517.359231504,861517.363228645
339,eye0,pmrnet,loop,11.9009850313887,0.02,0.29147008899599314,3.3077700063586235,0.33994310069829226,0.08,0.35,0.05,0.45,1.2,17.990168227441607,861517.36475058,861517.36869001
340,eye0,pmrnet,loop,11.897742981091142,0.02,0.2730180276557803,3.34024999756366,0.37622801028192043,0.08,0.35,0.05,0.45,1.2,18.0372390165925,861517.372766076,861517.376755813
341,eye0,pmrnet,loop,12.54076196346432,0.02,0.25037198793143034,3.5949830198660493,0.8676169672980905,0.08,0.35,0.05,0.45,1.2,19.40373393855989,861517.380754458,861517.385467688
342,eye0,pmrnet,loop,12.756020994856954,0.02,0.24947093334048986,3.4911009715870023,1.25427998136729,0.08,0.35,0.05,0.45,1.2,19.900872881151734,861517.388757135,861517.393752191
343,eye0,pmrnet,loop,22.825232008472085,0.02,0.2878280356526375,9.449445060454309,1.3259409461170435,0.08,0.35,0.05,0.45,1.2,36.03844605069607,861517.400826224,861517.411889778
344,eye0,pmrnet,loop,26.208786061033607,0.02,0.3978180466219783,9.526396985165775,0.4441209603101015,0.08,0.35,0.05,0.45,1.2,38.72712205313146,861517.412973405,861517.423342153
345,eye0,pmrnet,loop,28.79375999327749,0.02,0.38085400592535734,9.517337079159915,0.44923496898263693,0.08,0.35,0.05,0.45,1.2,41.2911860473454,861517.423648355,861517.433996219
347,eye0,pmrnet,loop,18.26902397442609,0.02,0.41040696669369936,3.9574019610881805,0.23244996555149555,0.08,0.35,0.05,0.45,1.2,25.019282867759465,861517.435009376,861517.439610004
348,eye0,pmrnet,loop,21.71814499888569,0.02,0.3784170839935541,9.366402984596789,0.5268810782581568,0.08,0.35,0.05,0.45,1.2,34.13984614573419,861517.440855693,861517.451127817
349,eye0,pmrnet,loop,18.91333400271833,0.02,0.3918699221685529,3.3840129617601633,0.4930570721626282,0.08,0.35,0.05,0.45,1.2,25.332273958809672,861517.452123081,861517.456392384
350,eye0,pmrnet,loop,15.102193923667073,0.02,0.2643340267241001,3.08894005138427,0.5053689237684011,0.08,0.35,0.05,0.45,1.2,21.110836925543843,861517.456791489,861517.460650377
351,eye0,pmrnet,loop,16.978100989945233,0.02,0.2669449895620346,4.408973036333919,1.1531589552760124,0.08,0.35,0.05,0.45,1.2,24.957177971117197,861517.464765697,861517.470595022
352,eye0,pmrnet,loop,22.947883000597358,0.02,0.3851089859381318,9.638692950829864,1.80801993701607,0.08,0.35,0.05,0.45,1.2,36.92970487438142,861517.47280132,861517.484633592
353,eye0,pmrnet,loop,24.833380011841655,0.02,0.5041620461270213,8.926218026317656,0.22602803073823452,0.08,0.35,0.05,0.45,1.2,36.639788115024565,861517.484931424,861517.494588202
354,eye0,pmrnet,loop,22.93411805294454,0.02,0.25985296815633774,3.339822986163199,1.8087340286001563,0.08,0.35,0.05,0.45,1.2,30.492528035864233,861517.495349444,861517.500758094
355,eye0,pmrnet,loop,18.723764922469854,0.02,0.2720770426094532,3.144738031551242,0.21821795962750912,0.08,0.35,0.05,0.45,1.2,24.508797956258057,861517.500981517,861517.504616778
356,eye0,pmrnet,loop,15.028028981760144,0.02,0.2739799674600363,3.3503019949421287,0.5495500518009067,0.08,0.35,0.05,0.45,1.2,21.351860995963214,861517.504816056,861517.508990164
357,eye0,pmrnet,loop,14.778034063056111,0.02,0.244183000177145,3.2012099400162697,0.212373910471797,0.08,0.35,0.05,0.45,1.2,20.58580091372132,861517.513151077,861517.516809088
358,eye0,pmrnet,loop,21.355184027925134,0.02,0.38066599518060684,9.606888052076101,0.6310610333457589,0.08,0.35,0.05,0.45,1.2,34.12379910852761,861517.520835301,861517.531454312
359,eye0,pmrnet,loop,24.482994922436774,0.02,1.0274270316585898,9.383104974403977,0.4711130168288946,0.08,0.35,0.05,0.45,1.2,37.514639945328234,861517.531769598,861517.542651696
360,eye0,pmrnet,loop,22.48520392458886,0.02,0.40946202352643013,4.115973017178476,0.4130959277972579,0.08,0.35,0.05,0.45,1.2,29.57373489309102,861517.543784414,861517.548723329
361,eye0,pmrnet,loop,19.29285901132971,0.02,0.2690930850803852,3.7798599805682898,0.6118699675425887,0.08,0.35,0.05,0.45,1.2,26.103682044520973,861517.548938825,861517.553599915
362,eye0,pmrnet,loop,15.210326062515378,0.02,0.2714040456339717,3.133908030577004,0.3841809229925275,0.08,0.35,0.05,0.45,1.2,21.14981906171888,861517.553796613,861517.557586342
363,eye0,pmrnet,loop,14.055590028874576,0.02,0.27574889827519655,3.221913008019328,0.21566706709563732,0.08,0.35,0.05,0.45,1.2,19.918919002264737,861517.560787013,861517.564500604
364,eye0,pmrnet,loop,20.82240697927773,0.02,0.4069519927725196,9.556540986523032,0.5086848977953196,0.08,0.35,0.05,0.45,1.2,33.44458485636861,861517.568863309,861517.579335935
365,eye0,pmrnet,loop,23.17374397534877,0.02,0.39177003782242537,9.242468979209661,0.4890549462288618,0.08,0.35,0.05,0.45,1.2,35.44703793860972,861517.579632823,861517.589756566
366,eye0,pmrnet,loop,26.92428103182465,0.02,0.6944040069356561,9.370037005282938,0.6552200065925717,0.08,0.35,0.05,0.45,1.2,39.79394205063581,861517.590855639,861517.60157571
368,eye0,pmrnet,loop,18.624239950440824,0.02,0.39471802301704884,6.914588040672243,0.21973205730319023,0.08,0.35,0.05,0.45,1.2,28.303278071433304,861517.601884927,861517.609414328
369,eye0,pmrnet,loop,17.090242938138545,0.02,0.36779092624783516,3.133080084808171,0.4130409797653556,0.08,0.35,0.05,0.45,1.2,23.154154928959905,861517.612034971,861517.615949104
370,eye0,pmrnet,loop,14.392278040759265,0.02,0.25312998332083225,3.7979360204190016,0.4996228963136673,0.08,0.35,0.05,0.45,1.2,21.092966940812765,861517.616769383,861517.621320325
14402,eye1,pmrnet,loop,17.023573978804052,0.02,0.3006319748237729,3.190177958458662,0.5082909483462572,0.08,0.35,0.05,0.45,1.2,23.172674860432743,861517.309787252,861517.313786606
14403,eye1,pmrnet,loop,16.95528905838728,0.02,0.31088199466466904,3.2637000549584627,0.42252091225236654,0.08,0.35,0.05,0.45,1.2,23.102392020262776,861517.31778996,861517.321787364
14404,eye1,pmrnet,loop,23.514201981015503,0.02,0.38684799801558256,9.746509022079408,0.4703568993136287,0.08,0.35,0.05,0.45,1.2,36.26791590042412,861517.325810045,861517.336414284
14405,eye1,pmrnet,loop,24.947091937065125,0.02,0.29231503140181303,8.033599937334657,0.7610350148752332,0.08,0.35,0.05,0.45,1.2,36.184041920676826,861517.336829914,861517.345917151
14406,eye1,pmrnet,loop,28.406983008608222,0.02,0.4581030225381255,9.482259978540242,0.4747658967971802,0.08,0.35,0.05,0.45,1.2,40.97211190648377,861517.347030001,861517.357445558
14407,eye1,pmrnet,loop,31.63591108750552,0.02,0.4968619905412197,9.797525010071695,0.7156030042096972,0.08,0.35,0.05,0.45,1.2,44.79590109232813,861517.357732779,861517.368743199
14408,eye1,pmrnet,loop,34.66875397134572,0.02,0.5944959120824933,9.18227294459939,0.35454193130135536,0.08,0.35,0.05,0.45,1.2,46.95006475932897,861517.369713597,861517.379845375
14410,eye1,pmrnet,loop,29.793758993037045,0.02,0.3553610295057297,10.194362024776638,0.42158900760114193,0.08,0.35,0.05,0.45,1.2,42.91507105492055,861517.380136957,861517.391108615
14411,eye1,pmrnet,loop,26.20666299480945,0.02,0.4407790256664157,3.2690130174160004,0.21239405032247305,0.08,0.35,0.05,0.45,1.2,32.278849088214336,861517.391668148,861517.395590604
14412,eye1,pmrnet,loop,22.491951007395983,0.02,0.28047303203493357,3.4640670055523515,0.40201900992542505,0.08,0.35,0.05,0.45,1.2,28.78851005490869,861517.39579817,861517.399945005
14413,eye1,pmrnet,loop,21.247210912406445,0.02,1.3103089295327663,3.30028694588691,0.36993203684687614,0.08,0.35,0.05,0.45,1.2,28.377738824672996,861517.401788383,861517.406769171
14414,eye1,pmrnet,loop,19.949040026403964,0.02,0.2810610458254814,3.2493830658495426,0.209683901630342,0.08,0.35,0.05,0.45,1.2,25.839168039709328,861517.40979977,861517.413540209
14415,eye1,pmrnet,loop,26.606515981256962,0.02,0.3777850652113557,9.575898060575128,0.476034008897841,0.08,0.35,0.05,0.45,1.2,39.186233115941285,861517.417835672,861517.428265867
14416,eye1,pmrnet,loop,29.580678092315793,0.02,0.40668691508471966,9.379133931361139,0.9196710307151079,0.08,0.35,0.05,0.45,1.2,42.43616996947676,861517.42860305,861517.439309029
14417,eye1,pmrnet,loop,33.17513898946345,0.02,0.4118800861760974,9.493112098425627,0.6365879671648145,0.08,0.35,0.05,0.45,1.2,45.86671914122999,861517.440430619,861517.450972636
14419,eye1,pmrnet,loop,26.788051007315516,0.02,0.410574022680521,8.690401911735535,0.33337599597871304,0.08,0.35,0.05,0.45,1.2,38.372402937710284,861517.45128943,861517.460724136
14420,eye1,pmrnet,loop,24.531329981982708,0.02,0.2868219744414091,3.2640990102663636,1.3193270424380898,0.08,0.35,0.05,0.45,1.2,31.55157800912857,861517.461665681,861517.466536222
14421,eye1,pmrnet,loop,20.594218047335744,0.02,0.2608969807624817,3.334648907184601,0.33767998684197664,0.08,0.35,0.05,0.45,1.2,26.6774439221248,861517.466734793,861517.470668238
14422,eye1,pmrnet,loop,19.628082984127104,0.02,0.2604069886729121,3.304703044705093,0.4177279770374298,0.08,0.35,0.05,0.45,1.2,25.760920994542538,861517.473788059,861517.477771144
14423,eye1,pmrnet,loop,19.252824946306646,0.02,0.2477630041539669,3.2173999352380633,0.21521106828004122,0.08,0.35,0.05,0.45,1.2,25.083198953978716,861517.481784117,861517.485464763
14424,eye1,pmrnet,loop,19.456589012406766,0.02,0.26391795836389065,3.2633939990773797,0.411089975386858,0.08,0.35,0.05,0.45,1.2,25.544990945234893,861517.489798891,861517.493737542
14425,eye1,pmrnet,loop,20.929980091750622,0.02,0.4944390384480357,3.31617402844131,1.6946479445323348,0.08,0.35,0.05,0.45,1.2,28.5852411031723,861517.497774306,861517.503279803
14426,eye1,pmrnet,loop,26.095922919921577,0.02,0.3858199343085289,9.341227007098496,0.9168360847979784,0.08,0.35,0.05,0.45,1.2,38.88980594612658,861517.505870182,861517.516514491
14427,eye1,pmrnet,loop,28.414261993020773,0.02,0.36864099092781544,9.270559065043926,0.45438099186867476,0.08,0.35,0.05,0.45,1.2,40.65784304086119,861517.516807857,861517.526901871
14428,eye1,pmrnet,loop,31.65990998968482,0.02,0.38403901271522045,9.37407196033746,0.4954900359734893,0.08,0.35,0.05,0.45,1.2,44.06351099871099,861517.527962274,861517.538216345
14430,eye1,pmrnet,loop,26.22282993979752,0.02,0.4048700211569667,9.521635016426444,0.4633719800040126,0.08,0.35,0.05,0.45,1.2,38.76270695738494,861517.538527068,861517.548917378
14431,eye1,pmrnet,loop,28.019670979119837,0.02,0.5695070140063763,7.9543780302628875,0.21229800768196583,0.08,0.35,0.05,0.45,1.2,38.905854031071065,861517.550047335,861517.558783878
14432,eye1,pmrnet,loop,25.39067796897143,0.02,0.25877298321574926,4.135395050980151,0.8253109408542514,0.08,0.35,0.05,0.45,1.2,32.76015694402158,861517.559003944,861517.56422371
14433,eye1,pmrnet,loop,26.4038440072909,0.02,0.2475680084899068,8.150676032528281,0.47671596985310316,0.08,0.35,0.05,0.45,1.2,37.42880401816219,861517.564430038,861517.573305418
14434,eye1,pmrnet,loop,29.4566850643605,0.02,0.4005730152130127,9.272513911128044,0.4789989907294512,0.08,0.35,0.05,0.45,1.2,41.758770981431006,861517.574274546,861517.584427044
14435,eye1,pmrnet,loop,30.583463958464563,0.02,0.43279503006488085,7.889375905506313,0.574260950088501,0.08,0.35,0.05,0.45,1.2,41.629895844124256,861517.58472603,861517.593622898
14437,eye1,pmrnet,loop,22.023902041837573,0.02,0.4050179850310087,5.237515899352729,0.6248540012165904,0.08,0.35,0.05,0.45,1.2,30.4412899274379,861517.594933976,861517.6012017
14438,eye1,pmrnet,loop,18.68508500047028,0.02,0.2441600663587451,3.3916590036824346,0.5690320394933224,0.08,0.35,0.05,0.45,1.2,25.03993611000478,861517.601726951,861517.605932069
14439,eye1,pmrnet,loop,19.539584987796843,0.02,0.2821160014718771,3.26274405233562,1.5427930047735572,0.08,0.35,0.05,0.45,1.2,26.777238046377896,861517.609767778,861517.614855656
14440,eye1,pmrnet,loop,24.963219999335706,0.02,0.3746961010619998,9.46131907403469,0.677022966556251,0.08,0.35,0.05,0.45,1.2,37.62625814098865,861517.617835203,861517.628348639
14441,eye1,pmrnet,loop,27.498914976604283,0.02,0.38632703945040703,9.32185200508684,0.5966610042378306,0.08,0.35,0.05,0.45,1.2,39.95375502537936,861517.628647762,861517.638953187
14442,eye1,pmrnet,loop,30.8273290283978,0.02,0.6070000817999244,9.458807995542884,0.4682339495047927,0.08,0.35,0.05,0.45,1.2,43.5113710552454,861517.639816434,861517.650350877
14444,eye1,pmrnet,loop,25.18230094574392,0.02,0.3987490199506283,9.326894069090486,0.47268508933484554,0.08,0.35,0.05,0.45,1.2,37.530629124119876,861517.650645023,861517.660843763
14445,eye1,pmrnet,loop,27.95954595785588,0.02,0.41265401523560286,9.191131917759776,0.3936720313504338,0.08,0.35,0.05,0.45,1.2,40.10700392220169,861517.6616928,861517.671690588
14446,eye1,pmrnet,loop,30.17403301782906,0.02,0.31218992080539465,9.288702043704689,0.4726879997178912,0.08,0.35,0.05,0.45,1.2,42.39761298205703,861517.6718996,861517.681973503
14448,eye1,pmrnet,loop,25.503008044324815,0.02,0.3958999877795577,9.386667981743813,0.4337700083851814,0.08,0.35,0.05,0.45,1.2,37.869346022233366,861517.683223782,861517.693440535
14449,eye1,pmrnet,loop,22.4539409391582,0.02,0.3993170103058219,3.5253659589216113,0.8007900323718786,0.08,0.35,0.05,0.45,1.2,29.32941394075751,861517.693735221,861517.698461033
14450,eye1,pmrnet,loop,18.77893100026995,0.02,0.30894496012479067,3.4924549981951714,0.3920879680663347,0.08,0.35,0.05,0.45,1.2,25.122418926656245,861517.69866133,861517.702855024
14451,eye1,pmrnet,loop,24.32120405137539,0.02,0.5090869963169098,9.261406026780605,0.8627190254628658,0.08,0.35,0.05,0.45,1.2,37.10441609993577,861517.705832128,861517.716465745
14452,eye1,pmrnet,loop,26.959931012243032,0.02,0.3820710116997361,9.498059982433915,0.5341490032151341,0.08,0.35,0.05,0.45,1.2,39.524211009591816,861517.716758737,861517.727173507
14453,eye1,pmrnet,loop,24.99380789231509,0.02,0.2843639813363552,3.360613016411662,1.4854209730401635,0.08,0.35,0.05,0.45,1.2,32.27420586310327,861517.728145958,861517.733276619
14454,eye1,pmrnet,loop,25.02570697106421,0.02,0.25935599114745855,7.251902017742395,0.36205502692610025,0.08,0.35,0.05,0.45,1.2,35.04902000688016,861517.733503679,861517.741377318
14455,eye1,pmrnet,loop,27.216981980018318,0.02,0.3700330853462219,9.103770018555224,0.47642202116549015,0.08,0.35,0.05,0.45,1.2,39.31720710508525,861517.741686888,861517.751637553
14456,eye1,pmrnet,loop,28.624623082578182,0.02,0.38402003701776266,7.855729083530605,0.2481610281392932,0.08,0.35,0.05,0.45,1.2,39.26253323126584,861517.752626376,861517.761114688
14457,eye1,pmrnet,loop,31.235485104843974,0.02,0.2568969503045082,9.7645060159266,0.46244997065514326,0.08,0.35,0.05,0.45,1.2,43.869338041730224,861517.761310243,861517.771794357
371,eye0,pmrnet,loop,13.506773975677788,0.02,0.2671099500730634,3.2236019615083933,0.21226704120635986,0.08,0.35,0.05,0.45,1.2,19.359752928465603,861517.624800551,861517.628503871
372,eye0,pmrnet,loop,17.76580000296235,0.02,0.4548450233414769,7.231583003886044,0.34529902040958405,0.08,0.35,0.05,0.45,1.2,27.947527050599454,861517.632799383,861517.640831458
373,eye0,pmrnet,loop,20.038069924339652,0.02,0.2487769816070795,9.275051997974515,0.5833629984408617,0.08,0.35,0.05,0.45,1.2,32.29526190236211,861517.641066226,861517.65117385
374,eye0,pmrnet,loop,23.163700941950083,0.02,0.4543180111795664,9.550550021231174,0.3942860057577491,0.08,0.35,0.05,0.45,1.2,35.71285498011857,861517.651968802,861517.662368375
375,eye0,pmrnet,loop,25.654213037341833,0.02,0.5121809663251042,9.266900015063584,0.48497901298105717,0.08,0.35,0.05,0.45,1.2,38.06827303171158,861517.6626632,861517.672927708
377,eye0,pmrnet,loop,20.6551511073485,0.02,0.3815729869529605,9.257192956283689,0.4928640555590391,0.08,0.35,0.05,0.45,1.2,32.93678110614419,861517.673934876,861517.684066929
378,eye0,pmrnet,loop,22.713970975019038,0.02,0.3643200034275651,9.104515076614916,0.37199794314801693,0.08,0.35,0.05,0.45,1.2,34.704803998209535,861517.684353381,861517.694194673
379,eye0,pmrnet,loop,24.804993998259306,0.02,0.39316900074481964,8.096555015072227,0.22176001220941544,0.08,0.35,0.05,0.45,1.2,35.666478026285766,861517.695643003,861517.704354818
380,eye0,pmrnet,loop,21.265115006826818,0.02,0.2657610457390547,3.55652894359082,0.4654099466279149,0.08,0.35,0.05,0.45,1.2,27.702814942784606,861517.704596008,861517.708883971
381,eye0,pmrnet,loop,17.242218018509448,0.02,0.2731230342760682,3.136178944259882,0.4041669890284538,0.08,0.35,0.05,0.45,1.2,23.20568698607385,861517.709116493,861517.712930209
382,eye0,pmrnet,loop,19.737897906452417,0.02,0.26022305246442556,9.208617033436894,0.4655590746551752,0.08,0.35,0.05,0.45,1.2,31.82229706700891,861517.713559728,861517.723494468
383,eye0,pmrnet,loop,18.493665964342654,0.02,0.3623910015448928,4.819500958546996,1.3513220474123955,0.08,0.35,0.05,0.45,1.2,27.176879971846937,861517.723785962,861517.730319747
384,eye0,pmrnet,loop,16.535161063075066,0.02,0.2553859958425164,3.5633359802886844,1.699795015156269,0.08,0.35,0.05,0.45,1.2,24.203678054362534,861517.730911209,861517.736430013
385,eye0,pmrnet,loop,12.769268010742962,0.02,0.2561729634180665,3.2546339789405465,0.4372460534796119,0.08,0.35,0.05,0.45,1.2,18.867321006581186,861517.736784804,861517.740733172
386,eye0,pmrnet,loop,12.555355089716613,0.02,0.24758803192526102,3.1442110193893313,0.4109300207346678,0.08,0.35,0.05,0.45,1.2,18.508084161765872,861517.744785452,861517.748588404
387,eye0,pmrnet,loop,15.861227991990745,0.02,0.2688190434128046,6.510370061732829,0.3789970651268959,0.08,0.35,0.05,0.45,1.2,25.169414162263273,861517.752804826,861517.75996325
388,eye0,pmrnet,loop,12.70714495331049,0.02,0.26500201784074306,3.4251519246026874,0.40514697320759296,0.08,0.35,0.05,0.45,1.2,18.95244586896151,861517.76078262,861517.764878175
389,eye0,pmrnet,loop,12.26611202582717,0.02,0.27432607021182775,3.216593060642481,0.22007804363965988,0.08,0.35,0.05,0.45,1.2,18.127109200321136,861517.768794968,861517.772506237
390,eye0,pmrnet,loop,15.298433019779623,0.02,0.4018669715151191,5.766404909081757,0.5767529364675283,0.08,0.35,0.05,0.45,1.2,24.193457836844026,861517.776862237,861517.783607587
391,eye0,pmrnet,loop,12.565099983476102,0.02,0.27335493359714746,3.3674739534035325,0.5002690013498068,0.08,0.35,0.05,0.45,1.2,18.856197871826588,861517.784801782,861517.78894316
392,eye0,pmrnet,loop,12.279508984647691,0.02,0.27201708871871233,3.1375049147754908,0.5106630269438028,0.08,0.35,0.05,0.45,1.2,18.349694015085696,861517.792806106,861517.796726544
393,eye0,pmrnet,loop,19.354613963514566,0.02,0.38510002195835114,9.298831108026206,1.3350460212677717,0.08,0.35,0.05,0.45,1.2,32.523591114766894,861517.800850751,861517.811870156
394,eye0,pmrnet,loop,20.039353985339403,0.02,1.9893510034307837,5.591480992734432,0.8598910644650459,0.08,0.35,0.05,0.45,1.2,30.630077045969664,861517.81218313,861517.820624239
395,eye0,pmrnet,loop,23.78368505742401,0.02,0.36418100353330374,9.755013044923544,0.7066469406709075,0.08,0.35,0.05,0.45,1.2,36.75952604655176,861517.821611191,861517.83243745
396,eye0,pmrnet,loop,21.25683194026351,0.02,0.7755570113658905,4.252451937645674,0.22464001085609198,0.08,0.35,0.05,0.45,1.2,28.659480900131165,861517.832726579,861517.837979601
397,eye0,pmrnet,loop,21.984984050504863,0.02,0.3761099651455879,6.982087041251361,0.4211480263620615,0.08,0.35,0.05,0.45,1.2,31.914329083263873,861517.838997438,861517.84677713
398,eye0,pmrnet,loop,17.756493063643575,0.02,0.2694380236789584,3.139480948448181,0.23635406978428364,0.08,0.35,0.05,0.45,1.2,23.551766105554996,861517.84697203,861517.850617542
399,eye0,pmrnet,loop,14.819473028182983,0.02,0.733854016289115,3.4188469871878624,0.7782180327922106,0.08,0.35,0.05,0.45,1.2,21.90039206445217,861517.850818439,861517.855749582
400,eye0,pmrnet,loop,17.92011398356408,0.02,0.3731698961928487,9.337413939647377,0.3756529185920954,0.08,0.35,0.05,0.45,1.2,30.156350737996398,861517.856831811,861517.866918464
401,eye0,pmrnet,loop,16.967940027825534,0.02,0.31529401894658804,4.12137305829674,0.7744090398773551,0.08,0.35,0.05,0.45,1.2,24.329016144946216,861517.86882466,861517.874035974
402,eye0,pmrnet,loop,23.4100220259279,0.02,2.0707600051537156,8.961703046225011,0.6192900473251939,0.08,0.35,0.05,0.45,1.2,37.21177512463182,861517.876893136,861517.888545322
403,eye0,pmrnet,loop,24.02421401347965,0.02,0.35563798155635595,7.52815802115947,0.4801499890163541,0.08,0.35,0.05,0.45,1.2,34.53816000521183,861517.888865455,861517.897229787
404,eye0,pmrnet,loop,24.479935062117875,0.02,0.4023140063509345,6.0156380059197545,0.9370249463245273,0.08,0.35,0.05,0.45,1.2,33.98491202071309,861517.898399543,861517.905754895
405,eye0,pmrnet,loop,21.949284942820668,0.02,0.27151196263730526,4.351292969658971,0.3374610096216202,0.08,0.35,0.05,0.45,1.2,29.059550884738563,861517.906332478,861517.91129301
406,eye0,pmrnet,loop,18.366200965829194,0.02,0.2796030603349209,3.5460449289530516,0.41659397538751364,0.08,0.35,0.05,0.45,1.2,24.75844293050468,861517.911536679,861517.915779217
407,eye0,pmrnet,loop,19.565943046472967,0.02,0.37727493327111006,7.126907003112137,0.6571800913661718,0.08,0.35,0.05,0.45,1.2,29.877305074222384,861517.916886274,861517.925047995
408,eye0,pmrnet,loop,15.85684809833765,0.02,0.26768504176288843,3.3797089708968997,0.5135830724611878,0.08,0.35,0.05,0.45,1.2,22.167825183458625,861517.925246719,861517.929407953
409,eye0,pmrnet,loop,16.706965980120003,0.02,0.2616370329633355,4.143722006119788,1.1156740365549922,0.08,0.35,0.05,0.45,1.2,24.377999055758117,861517.932805591,861517.938326908
410,eye0,pmrnet,loop,21.919362945482135,0.02,0.39235095027834177,9.6177589148283,0.7564940024167299,0.08,0.35,0.05,0.45,1.2,34.835966813005506,861517.940840889,861517.951607919
411,eye0,pmrnet,loop,24.36683897394687,0.02,0.39964693132787943,9.262391016818583,0.5497420206665993,0.08,0.35,0.05,0.45,1.2,36.72861894275993,861517.951912248,861517.962124459
412,eye0,pmrnet,loop,27.491361019201577,0.02,0.46377896796911955,9.405124001204967,0.35922101233154535,0.08,0.35,0.05,0.45,1.2,39.86948500070721,861517.963090316,861517.973318869
414,eye0,pmrnet,loop,21.855977014638484,0.02,0.5778069607913494,9.122246992774308,0.4908689297735691,0.08,0.35,0.05,0.45,1.2,34.19689989797771,861517.973630415,861517.983821817
415,eye0,pmrnet,loop,23.825659998692572,0.02,0.6019759457558393,7.847339962609112,0.6462079472839832,0.08,0.35,0.05,0.45,1.2,35.071183854341506,861517.98476488,861517.993860733
416,eye0,pmrnet,loop,19.634585012681782,0.02,0.2839659573510289,3.173934994265437,0.22037606686353683,0.08,0.35,0.05,0.45,1.2,25.462862031161784,861517.99406023,861517.997738744
417,eye0,pmrnet,loop,17.20660598948598,0.02,0.2796269254758954,4.684070940129459,0.479848007671535,0.08,0.35,0.05,0.45,1.2,24.800151862762867,861517.997935594,861518.003379393
418,eye0,pmrnet,loop,21.119901910424232,0.02,0.40484603960067034,9.58052696660161,0.4687659675255418,0.08,0.35,0.05,0.45,1.2,33.72404088415205,861518.004906899,861518.015361498
419,eye0,pmrnet,loop,23.445458966307342,0.02,0.378547003492713,9.25356603693217,0.45149505604058504,0.08,0.35,0.05,0.45,1.2,35.67906706277281,861518.015671962,861518.025756057
420,eye0,pmrnet,loop,26.77380503155291,0.02,0.3811200149357319,9.529665112495422,0.47620898112654686,0.08,0.35,0.05,0.45,1.2,39.31079914011061,861518.026765873,861518.037153355
422,eye0,pmrnet,loop,21.535542095080018,0.02,0.37153298035264015,9.761224035173655,0.4696300020441413,0.08,0.35,0.05,0.45,1.2,34.28792911265045,861518.037450179,861518.048053036
423,eye0,pmrnet,loop,24.81262490618974,0.02,0.38009602576494217,9.544022963382304,0.44919492211192846,0.08,0.35,0.05,0.45,1.2,37.33593881744891,861518.049025604,861518.05939935
