frame_id,process,model,session_type,phase,ingest_ms,roi_ms,preprocess_ms,inference_ms,ellipse_fit_ms,filter_ms,pye3d_ms,ipc_transport_ms,gaze_mapping_ms,render_ms,buffer_swap_ms,total_system_latency_ms,t_start,t_end
1500,eye0,adgbc_trt_one_euro,calibration,boot,11.281171115115285,0.0,0.2566929906606674,0.5373100284487009,0.22423407062888145,0.0073730479925870895,0.6150379776954651,53.827677154913545,0.20874710753560066,10.821860050782561,0.05258200690150261,77.8326855506748,1822362.051517637,1822362.107273915
1500,eye0,adgbc_trt_one_euro,calibration,loop,11.281171115115285,0.0,0.2566929906606674,0.5373100284487009,0.22423407062888145,0.0073730479925870895,0.6150379776954651,54.0738629642874,0.0031460076570510864,10.821860050782561,0.05258200690150261,77.8732702601701,1822362.051517637,1822362.107303169
1501,eye0,adgbc_trt_one_euro,calibration,loop,11.15187001414597,0.0,0.2476221416145563,0.5935118533670902,0.1922778319567442,0.005533918738365173,0.49706618301570415,46.274029882624745,0.11864001862704754,10.821860050782561,0.05258200690150261,69.95499390177429,1822362.059457047,1822362.107446449
1501,eye0,adgbc_trt_one_euro,calibration,loop,11.15187001414597,0.0,0.2476221416145563,0.5935118533670902,0.1922778319567442,0.005533918738365173,0.49706618301570415,46.416566940024495,0.0032901298254728317,10.821860050782561,0.05258200690150261,69.98218107037246,1822362.059457047,1822362.107472139
1505,eye0,adgbc_trt_one_euro,calibration,loop,16.096137929707766,0.0,0.3549768589437008,0.6344271823763847,0.8223298937082291,0.0072231050580739975,0.7148270960897207,8.215851848945022,0.13875006698071957,10.821860050782561,0.05258200690150261,37.85896603949368,1822362.096677887,1822362.107635551
1505,eye0,adgbc_trt_one_euro,calibration,loop,16.096137929707766,0.0,0.3549768589437008,0.6344271823763847,0.8223298937082291,0.0072231050580739975,0.7148270960897207,8.371741976588964,0.002964865416288376,10.821860050782561,0.05258200690150261,37.87907096557319,1822362.096677887,1822362.107659068
1511,eye1,adgbc_trt_one_euro,calibration,loop,13.265399960801005,0.0,0.5589569918811321,0.9237208869308233,0.37655001506209373,0.011621043086051941,0.9398581460118294,8.011790923774242,0.10152510367333889,10.821860050782561,0.05258200690150261,35.06386512890458,1822362.096786384,1822362.107782229
1511,eye1,adgbc_trt_one_euro,calibration,loop,13.265399960801005,0.0,0.5589569918811321,0.9237208869308233,0.37655001506209373,0.011621043086051941,0.9398581460118294,8.12550401315093,0.002266140654683113,10.821860050782561,0.05258200690150261,35.07831925526261,1822362.096786384,1822362.107800188
1514,eye1,adgbc_trt_one_euro,calibration,loop,15.953271882608533,0.0,0.5078150425106287,1.8107620999217033,1.6203648410737514,0.009476905688643456,0.7047089748084545,12.702772160992026,0.2673619892448187,16.677004983648658,0.034771859645843506,50.28831074014306,1822362.123680523,1822362.141392181
1514,eye1,adgbc_trt_one_euro,calibration,loop,15.953271882608533,0.0,0.5078150425106287,1.8107620999217033,1.6203648410737514,0.009476905688643456,0.7047089748084545,13.012656010687351,0.00351504422724247,16.677004983648658,0.034771859645843506,50.33434764482081,1822362.123680523,1822362.14142401
1509,eye0,adgbc_trt_one_euro,calibration,loop,11.05934800580144,0.0,0.5102001596242189,0.9797071106731892,2.1555039566010237,0.008630100637674332,1.1262570042163134,12.66481401398778,0.13839290477335453,16.677004983648658,0.034771859645843506,45.354630099609494,1822362.123917427,1822362.141588264
1509,eye0,adgbc_trt_one_euro,calibration,loop,11.05934800580144,0.0,0.5102001596242189,0.9797071106731892,2.1555039566010237,0.008630100637674332,1.1262570042163134,12.817636132240295,0.0030118972063064575,16.677004983648658,0.034771859645843506,45.37207121029496,1822362.123917427,1822362.14161882
1516,eye1,adgbc_trt_one_euro,calibration,loop,17.210548045113683,0.0,0.3737818915396929,0.6986770313233137,0.846523093059659,0.012700911611318588,0.6981550250202417,31.42993594519794,0.33369683660566807,1.5638160984963179,0.034793978556990623,53.202628856524825,1822362.14107553,1822362.175568707
1516,eye1,adgbc_trt_one_euro,calibration,loop,17.210548045113683,0.0,0.3737818915396929,0.6986770313233137,0.846523093059659,0.012700911611318588,0.6981550250202417,31.81311208754778,0.004565110430121422,1.5638160984963179,0.034793978556990623,53.25667327269912,1822362.14107553,1822362.175609691
1511,eye0,adgbc_trt_one_euro,calibration,loop,12.161748018115759,0.0,0.34227315336465836,1.2346478179097176,0.32830191776156425,0.008785165846347809,0.9624029044061899,31.530180014669895,0.2005819696933031,1.5638160984963179,0.034793978556990623,48.367531038820744,1822362.141157387,1822362.175847769
1511,eye0,adgbc_trt_one_euro,calibration,loop,12.161748018115759,0.0,0.34227315336465836,1.2346478179097176,0.32830191776156425,0.008785165846347809,0.9624029044061899,31.755738891661167,0.0037909485399723053,1.5638160984963179,0.034793978556990623,48.396298894658685,1822362.141157387,1822362.175880698
1517,eye1,adgbc_trt_one_euro,calibration,loop,12.05063215456903,0.0,0.33074989914894104,0.6191481370478868,0.2308981493115425,0.007052905857563019,0.7529440335929394,29.91666179150343,0.20129187032580376,1.5638160984963179,0.034793978556990623,45.707989018410444,1822362.143984036,1822362.176118215
1517,eye1,adgbc_trt_one_euro,calibration,loop,12.05063215456903,0.0,0.33074989914894104,0.6191481370478868,0.2308981493115425,0.007052905857563019,0.7529440335929394,30.154294101521373,0.003942986950278282,1.5638160984963179,0.034793978556990623,45.74827244505286,1822362.143984036,1822362.176160667
1512,eye0,adgbc_trt_one_euro,calibration,loop,10.52297418937087,0.0,0.4226560704410076,0.654448987916112,0.3425178583711386,0.00861496664583683,0.8860421366989613,26.21692488901317,0.1798439770936966,1.5638160984963179,0.034793978556990623,40.8326331526041,1822362.147587769,1822362.176373641
1512,eye0,adgbc_trt_one_euro,calibration,loop,10.52297418937087,0.0,0.4226560704410076,0.654448987916112,0.3425178583711386,0.00861496664583683,0.8860421366989613,26.420226087793708,0.003527151420712471,1.5638160984963179,0.034793978556990623,40.859617525711656,1822362.147587769,1822362.176404625
1513,eye0,adgbc_trt_one_euro,calibration,loop,12.943558860570192,0.0,0.44547906145453453,0.6289610173553228,0.30908919870853424,0.007826834917068481,0.9245271794497967,15.968459891155362,0.174602959305048,1.5638160984963179,0.034793978556990623,33.00111507996917,1822362.158077505,1822362.176615098
1513,eye0,adgbc_trt_one_euro,calibration,loop,12.943558860570192,0.0,0.44547906145453453,0.6289610173553228,0.30908919870853424,0.007826834917068481,0.9245271794497967,16.17421885021031,0.0035499688237905502,1.5638160984963179,0.034793978556990623,33.03582104854286,1822362.158077505,1822362.176650517
1518,eye1,adgbc_trt_one_euro,calibration,loop,18.09595711529255,0.0,2.1100130397826433,0.6968099623918533,0.32906304113566875,0.00915583223104477,0.9731189347803593,14.387658098712564,0.17876806668937206,1.5638160984963179,0.034793978556990623,38.37915416806936,1822362.158098913,1822362.176862761
1518,eye1,adgbc_trt_one_euro,calibration,loop,18.09595711529255,0.0,2.1100130397826433,0.6968099623918533,0.32906304113566875,0.00915583223104477,0.9731189347803593,14.590748120099306,0.003403984010219574,1.5638160984963179,0.034793978556990623,38.40688010677695,1822362.158098913,1822362.176893874
1519,eye1,adgbc_trt_one_euro,calibration,loop,14.438487822189927,0.0,0.36105490289628506,0.5478709936141968,0.30628801323473454,0.008011935278773308,0.8989749476313591,12.217535870149732,0.19284593872725964,1.5638160984963179,0.034793978556990623,30.569680500775576,1822362.162510244,1822362.177122677
1519,eye1,adgbc_trt_one_euro,calibration,loop,14.438487822189927,0.0,0.36105490289628506,0.5478709936141968,0.30628801323473454,0.008011935278773308,0.8989749476313591,12.43600808084011,0.003461027517914772,1.5638160984963179,0.034793978556990623,30.59876780025661,1822362.162510244,1822362.177152623
1514,eye0,adgbc_trt_one_euro,calibration,loop,10.41123690083623,0.0,0.3758349921554327,0.6166500970721245,0.3010891377925873,0.007685041055083275,0.9514919947832823,11.24622393399477,0.17293891869485378,1.5638160984963179,0.034793978556990623,25.68176109343767,1822362.163614088,1822362.177356889
1514,eye0,adgbc_trt_one_euro,calibration,loop,10.41123690083623,0.0,0.3758349921554327,0.6166500970721245,0.3010891377925873,0.007685041055083275,0.9514919947832823,11.443335097283125,0.003428896889090538,1.5638160984963179,0.034793978556990623,25.709362234920263,1822362.163614088,1822362.177387581
1515,eye0,adgbc_trt_one_euro,calibration,loop,10.316048050299287,0.0,0.3642560914158821,0.5471289623528719,0.31827110797166824,0.007109949365258217,0.8556570392102003,3.667515004053712,0.18619117327034473,1.5638160984963179,0.034793978556990623,17.860787454992533,1822362.171587686,1822362.177609037
1515,eye0,adgbc_trt_one_euro,calibration,loop,10.316048050299287,0.0,0.3642560914158821,0.5471289623528719,0.31827110797166824,0.007109949365258217,0.8556570392102003,3.880464006215334,0.003413064405322075,1.5638160984963179,0.034793978556990623,17.890958348289132,1822362.171587686,1822362.17763821
1521,eye1,adgbc_trt_one_euro,calibration,loop,10.346843861043453,0.0,0.42698485776782036,0.7464101072400808,0.4847750533372164,0.009214971214532852,0.9139599278569221,0.45182392932474613,0.1880698837339878,1.5638160984963179,0.034793978556990623,15.166692668572068,1822362.174556808,1822362.177860619
1521,eye1,adgbc_trt_one_euro,calibration,loop,10.346843861043453,0.0,0.42698485776782036,0.7464101072400808,0.4847750533372164,0.009214971214532852,0.9139599278569221,0.6656330078840256,0.003590015694499016,1.5638160984963179,0.034793978556990623,15.196021879091859,1822362.174556808,1822362.177893402
0,eye0,adgbc_trt_one_euro,calibration,loop,0.0,0.0,0.0,0.0,0.0,0.0,1.182967098429799,9.202299872413278,0.0029001384973526,0.8530719205737114,0.028823036700487137,11.270062066614628,1822362.191477615,1822362.191486385
1522,eye1,adgbc_trt_one_euro,calibration,loop,10.020081885159016,0.0,0.38639106787741184,0.6785299628973007,0.326674897223711,0.007839873433113098,0.8886491414159536,6.853011902421713,0.12035388499498367,0.8530719205737114,0.028823036700487137,20.1634275726974,1822362.182298894,1822362.191631046
1522,eye1,adgbc_trt_one_euro,calibration,loop,10.020081885159016,0.0,0.38639106787741184,0.6785299628973007,0.326674897223711,0.007839873433113098,0.8886491414159536,6.986561929807067,0.002532033249735832,0.8530719205737114,0.028823036700487137,20.179155748337507,1822362.182298894,1822362.191651534
1517,eye0,adgbc_trt_one_euro,calibration,loop,10.132204042747617,0.0,0.3813689108937979,0.6154428701847792,0.3214648459106684,0.0033301766961812973,0.9012219961732626,1.839327858760953,0.11121504940092564,0.8530719205737114,0.028823036700487137,15.187470708042383,1822362.187542004,1822362.19178382
1517,eye0,adgbc_trt_one_euro,calibration,loop,10.132204042747617,0.0,0.3813689108937979,0.6154428701847792,0.3214648459106684,0.0033301766961812973,0.9012219961732626,1.961106900125742,0.002468004822731018,0.8530719205737114,0.028823036700487137,15.200502704828978,1822362.187542004,1822362.191803324
1523,eye1,adgbc_trt_one_euro,calibration,loop,9.9724349565804,0.0,0.3802401479333639,0.6990099791437387,0.4444101359695196,0.008187023922801018,0.9047579951584339,17.553651006892323,0.2965908497571945,0.8642999455332756,0.03143586218357086,31.155017903074622,1822362.190320165,1822362.210697075
1523,eye1,adgbc_trt_one_euro,calibration,loop,9.9724349565804,0.0,0.3802401479333639,0.6990099791437387,0.4444101359695196,0.008187023922801018,0.9047579951584339,17.895094119012356,0.004490837454795837,0.8642999455332756,0.03143586218357086,31.204361002892256,1822362.190320165,1822362.210736501
1518,eye0,adgbc_trt_one_euro,calibration,loop,10.066124144941568,0.0,0.3997250460088253,0.6824329029768705,0.3284560516476631,0.008800067007541656,0.9143038187175989,12.815744848921895,0.21191895939409733,0.8642999455332756,0.03143586218357086,26.323241647332907,1822362.195545144,1822362.210988699
1518,eye0,adgbc_trt_one_euro,calibration,loop,10.066124144941568,0.0,0.3997250460088253,0.6824329029768705,0.3284560516476631,0.008800067007541656,0.9143038187175989,13.064403785392642,0.004222150892019272,0.8642999455332756,0.03143586218357086,26.364203775301576,1822362.195545144,1822362.211029583
1524,eye1,adgbc_trt_one_euro,calibration,loop,9.912912035360932,0.0,0.38629211485385895,0.6799132097512484,0.47936802729964256,0.008051050826907158,0.8935621008276939,10.211413959041238,0.20577292889356613,0.8642999455332756,0.03143586218357086,23.673021234571934,1822362.198329801,1822362.211274405
1524,eye1,adgbc_trt_one_euro,calibration,loop,9.912912035360932,0.0,0.38629211485385895,0.6799132097512484,0.47936802729964256,0.008051050826907158,0.8935621008276939,10.44928003102541,0.004159053787589073,0.8642999455332756,0.03143586218357086,23.70927343145013,1822362.198329801,1822362.211310345
1519,eye0,adgbc_trt_one_euro,calibration,loop,10.007935110479593,0.0,0.3864739555865526,0.6149990949779749,0.32492494210600853,0.008083879947662354,0.9040117729455233,5.474745063111186,0.20353798754513264,0.8642999455332756,0.03143586218357086,18.82044761441648,1822362.203555862,1822362.211551822
1519,eye0,adgbc_trt_one_euro,calibration,loop,10.007935110479593,0.0,0.3864739555865526,0.6149990949779749,0.32492494210600853,0.008083879947662354,0.9040117729455233,5.70706301368773,0.004105968400835991,0.8642999455332756,0.03143586218357086,18.853333545848727,1822362.203555862,1822362.211585161
1525,eye1,adgbc_trt_one_euro,calibration,loop,9.792861994355917,0.0,0.3642500378191471,0.6187381222844124,0.39867893792688847,0.007505062967538834,0.921604922041297,2.952178008854389,0.19626086577773094,0.8642999455332756,0.03143586218357086,16.147813759744167,1822362.206279522,1822362.211819199
1525,eye1,adgbc_trt_one_euro,calibration,loop,9.792861994355917,0.0,0.3642500378191471,0.6187381222844124,0.39867893792688847,0.007505062967538834,0.921604922041297,3.1762239523231983,0.0038980506360530853,0.8642999455332756,0.03143586218357086,16.1794968880713,1822362.206279522,1822362.211850389
1520,eye0,adgbc_trt_one_euro,calibration,loop,9.929351974278688,0.0,0.3939990419894457,0.6775939837098122,0.32826000824570656,0.007905997335910797,0.907042995095253,32.464402029290795,0.30984310433268547,0.8642999455332756,0.03143586218357086,45.914134941995144,1822362.211546275,1822362.246728255
1520,eye0,adgbc_trt_one_euro,calibration,loop,9.929351974278688,0.0,0.3939990419894457,0.6775939837098122,0.32826000824570656,0.007905997335910797,0.907042995095253,32.825596164911985,0.004860805347561836,0.8642999455332756,0.03143586218357086,45.97034677863121,1822362.211546275,1822362.246771438
1526,eye1,adgbc_trt_one_euro,calibration,loop,9.738547960296273,0.0,0.38815103471279144,0.6793229840695858,0.33589708618819714,0.008495990186929703,0.8899469394236803,30.135534005239606,0.19960501231253147,0.8642999455332756,0.03143586218357086,43.27123682014644,1822362.214294387,1822362.247012662
1526,eye1,adgbc_trt_one_euro,calibration,loop,9.738547960296273,0.0,0.38815103471279144,0.6793229840695858,0.33589708618819714,0.008495990186929703,0.8899469394236803,31.213693087920547,0.005359062924981117,0.8642999455332756,0.03143586218357086,44.15514995343983,1822362.214294387,1822362.247896385
1521,eye0,adgbc_trt_one_euro,calibration,loop,9.849263122305274,0.0,0.3690540324896574,0.6085061468183994,0.31895190477371216,0.007178168743848801,0.7082761730998755,26.319700060412288,0.23878389038145542,0.8642999455332756,0.03143586218357086,39.31544930674136,1822362.219534969,1822362.248176774
1521,eye0,adgbc_trt_one_euro,calibration,loop,9.849263122305274,0.0,0.3690540324896574,0.6085061468183994,0.31895190477371216,0.007178168743848801,0.7082761730998755,26.59678691998124,0.004098983481526375,0.8642999455332756,0.03143586218357086,39.35785125941038,1822362.219534969,1822362.24821109
1527,eye1,adgbc_trt_one_euro,calibration,loop,9.666932979598641,0.0,0.3736549988389015,0.6275607738643885,0.8125021122395992,0.007660128176212311,0.8895881474018097,23.177758790552616,0.2023379784077406,0.8642999455332756,0.03143586218357086,36.653731716796756,1822362.22229163,1822362.248450241
1527,eye1,adgbc_trt_one_euro,calibration,loop,9.666932979598641,0.0,0.3736549988389015,0.6275607738643885,0.8125021122395992,0.007660128176212311,0.8895881474018097,23.414288880303502,0.004179077222943306,0.8642999455332756,0.03143586218357086,36.692102905362844,1822362.22229163,1822362.248483368
1522,eye0,adgbc_trt_one_euro,calibration,loop,9.785888018086553,0.0,0.3788440953940153,0.6627650000154972,0.22068293765187263,0.005246838554739952,0.5857460200786591,19.057224970310926,0.1969409640878439,0.8642999455332756,0.03143586218357086,31.789074651896954,1822362.227540828,1822362.248717305
1522,eye0,adgbc_trt_one_euro,calibration,loop,9.785888018086553,0.0,0.3788440953940153,0.6627650000154972,0.22068293765187263,0.005246838554739952,0.5857460200786591,19.28798807784915,0.004082918167114258,0.8642999455332756,0.03143586218357086,31.826979713514447,1822362.227540828,1822362.248750054
1528,eye1,adgbc_trt_one_euro,calibration,loop,9.567554108798504,0.0,0.2585439942777157,0.6514179985970259,0.21315203048288822,0.005322042852640152,0.5194640252739191,16.817511059343815,0.19307201728224754,0.8642999455332756,0.03143586218357086,29.1217730846256,1822362.230261099,1822362.248978994
1528,eye1,adgbc_trt_one_euro,calibration,loop,9.567554108798504,0.0,0.2585439942777157,0.6514179985970259,0.21315203048288822,0.005322042852640152,0.5194640252739191,17.040970036759973,0.004098983481526375,0.8642999455332756,0.03143586218357086,29.15625902824104,1822362.230261099,1822362.249014963
1523,eye0,adgbc_trt_one_euro,calibration,loop,9.661427000537515,0.0,0.24574878625571728,0.5941491108387709,0.1915858592838049,0.005135079845786095,0.5854531191289425,11.871610069647431,0.19195699132978916,0.8642999455332756,0.03143586218357086,24.242801824584603,1822362.235484743,1822362.249244399
1523,eye0,adgbc_trt_one_euro,calibration,loop,9.661427000537515,0.0,0.24574878625571728,0.5941491108387709,0.1915858592838049,0.005135079845786095,0.5854531191289425,12.096449034288526,0.0037709251046180725,0.8642999455332756,0.03143586218357086,24.279454723000526,1822362.235484743,1822362.249274391
1529,eye1,adgbc_trt_one_euro,calibration,loop,9.531144984066486,0.0,0.3735788632184267,0.6149269174784422,0.3235260955989361,0.007824040949344635,0.91385911218822,8.704178035259247,0.1932498998939991,0.8642999455332756,0.03143586218357086,21.55802375636995,1822362.238294068,1822362.24950205
1529,eye1,adgbc_trt_one_euro,calibration,loop,9.531144984066486,0.0,0.3735788632184267,0.6149269174784422,0.3235260955989361,0.007824040949344635,0.91385911218822,8.92292195931077,0.0038151629269123077,0.8642999455332756,0.03143586218357086,21.587332943454385,1822362.238294068,1822362.24953298
1524,eye0,adgbc_trt_one_euro,calibration,loop,9.60520887747407,0.0,0.28962595388293266,0.5933020729571581,0.5337861366569996,0.004958128556609154,0.5623640026897192,4.026289097964764,0.19067595712840557,0.8642999455332756,0.03143586218357086,16.701946035027504,1822362.243498296,1822362.24975825
1524,eye0,adgbc_trt_one_euro,calibration,loop,9.60520887747407,0.0,0.28962595388293266,0.5933020729571581,0.5337861366569996,0.004958128556609154,0.5623640026897192,4.248271929100156,0.003681052476167679,0.8642999455332756,0.03143586218357086,16.73693396151066,1822362.243498296,1822362.249789103
1530,eye1,adgbc_trt_one_euro,calibration,loop,9.466819930821657,0.0,0.37255091592669487,0.6733168847858906,0.3077120054513216,0.007426133379340172,0.8728061802685261,1.2167550157755613,0.19008503295481205,0.8642999455332756,0.03143586218357086,14.00320790708065,1822362.246298556,1822362.250018265
1530,eye1,adgbc_trt_one_euro,calibration,loop,9.466819930821657,0.0,0.37255091592669487,0.6733168847858906,0.3077120054513216,0.007426133379340172,0.8728061802685261,1.4408850111067295,0.003843102604150772,0.8642999455332756,0.03143586218357086,14.041095972061157,1822362.246298556,1822362.250053634
1525,eye0,adgbc_trt_one_euro,calibration,loop,9.58171603269875,0.0,0.38487999700009823,0.6632490549236536,0.3118820022791624,0.008293893188238144,0.9029109496623278,24.509115843102336,0.3015019465237856,0.8264400530606508,0.02893083728849888,37.5189206097275,1822362.25154363,1822362.278722582
1525,eye0,adgbc_trt_one_euro,calibration,loop,9.58171603269875,0.0,0.38487999700009823,0.6632490549236536,0.3118820022791624,0.008293893188238144,0.9029109496623278,24.858887074515224,0.004774192348122597,0.8264400530606508,0.02893083728849888,37.57196408696473,1822362.25154363,1822362.278763987
1531,eye1,adgbc_trt_one_euro,calibration,loop,9.403686970472336,0.0,0.39124395698308945,0.6525630597025156,0.32520503737032413,0.007736030966043472,0.8886880241334438,22.154583130031824,0.21430104970932007,0.8264400530606508,0.02893083728849888,34.893378149718046,1822362.254304508,1822362.279026875
1531,eye1,adgbc_trt_one_euro,calibration,loop,9.403686970472336,0.0,0.39124395698308945,0.6525630597025156,0.32520503737032413,0.007736030966043472,0.8886880241334438,22.41082605905831,0.004318077117204666,0.8264400530606508,0.02893083728849888,34.939638106152415,1822362.254304508,1822362.279063846
1526,eye0,adgbc_trt_one_euro,calibration,loop,9.533964097499847,0.0,0.3924157936125994,0.6626751273870468,0.5938590038567781,0.008183065801858902,0.8795498870313168,16.921053174883127,0.20328792743384838,0.8264400530606508,0.02893083728849888,30.050358967855573,1822362.259565015,1822362.279306054
1526,eye0,adgbc_trt_one_euro,calibration,loop,9.533964097499847,0.0,0.3924157936125994,0.6626751273870468,0.5938590038567781,0.008183065801858902,0.8795498870313168,17.155010951682925,0.004024012014269829,0.8264400530606508,0.02893083728849888,30.085052829235792,1822362.259565015,1822362.279340054
1532,eye1,adgbc_trt_one_euro,calibration,loop,9.346063947305083,0.0,0.3713828045874834,0.675444956868887,0.3268891014158726,0.007850117981433868,0.9066648781299591,14.694829005748034,0.19928603433072567,0.8264400530606508,0.02893083728849888,27.383781736716628,1822362.262316035,1822362.279576621
1532,eye1,adgbc_trt_one_euro,calibration,loop,9.346063947305083,0.0,0.3713828045874834,0.675444956868887,0.3268891014158726,0.007850117981433868,0.9066648781299591,14.922471949830651,0.003813067451119423,0.8264400530606508,0.02893083728849888,27.41595171391964,1822362.262316035,1822362.279618159
1527,eye0,adgbc_trt_one_euro,calibration,loop,9.422331117093563,0.0,0.3685920964926481,0.6624159868806601,0.31260005198419094,0.007455935701727867,0.8184879552572966,9.888686938211322,0.19837403669953346,0.8264400530606508,0.02893083728849888,22.53431500867009,1822362.267522107,1822362.279856166
1527,eye0,adgbc_trt_one_euro,calibration,loop,9.422331117093563,0.0,0.3685920964926481,0.6624159868806601,0.31260005198419094,0.007455935701727867,0.8184879552572966,10.11700090020895,0.003878958523273468,0.8264400530606508,0.02893083728849888,22.56813389249146,1822362.267522107,1822362.279887992
1533,eye1,adgbc_trt_one_euro,calibration,loop,9.283331921324134,0.0,0.37607899866998196,0.6168500985950232,0.32349000684916973,0.0077569857239723206,0.9262668900191784,7.274092873558402,0.2002629917114973,0.8264400530606508,0.02893083728849888,19.86350165680051,1822362.270322219,1822362.280124638
1533,eye1,adgbc_trt_one_euro,calibration,loop,9.283331921324134,0.0,0.37607899866998196,0.6168500985950232,0.32349000684916973,0.0077569857239723206,0.9262668900191784,7.50202895142138,0.0037711579352617264,0.8264400530606508,0.02893083728849888,19.89494590088725,1822362.270322219,1822362.280156808
1528,eye0,adgbc_trt_one_euro,calibration,loop,9.36785596422851,0.0,0.36293594166636467,0.6148500833660364,0.39403093978762627,0.007581897079944611,0.8309441618621349,2.3688559886068106,0.19392394460737705,0.8264400530606508,0.02893083728849888,14.996349811553955,1822362.275536758,1822362.280385758
1528,eye0,adgbc_trt_one_euro,calibration,loop,9.36785596422851,0.0,0.36293594166636467,0.6148500833660364,0.39403093978762627,0.007581897079944611,0.8309441618621349,2.588520059362054,0.0036780256778001785,0.8264400530606508,0.02893083728849888,15.025767963379622,1822362.275536758,1822362.280416495
1534,eye1,adgbc_trt_one_euro,calibration,loop,9.198222076520324,0.0,0.3695269115269184,0.6718621589243412,0.30517508275806904,0.00744406133890152,0.8880628738552332,29.77871592156589,0.3176869358867407,0.6758039817214012,0.030722003430128098,42.24322200752795,1822362.278306041,1822362.310739306
1534,eye1,adgbc_trt_one_euro,calibration,loop,9.198222076520324,0.0,0.3695269115269184,0.6718621589243412,0.30517508275806904,0.00744406133890152,0.8880628738552332,30.1516130566597,0.0050209928303956985,0.6758039817214012,0.030722003430128098,42.30345319956541,1822362.278306041,1822362.31078321
1529,eye0,adgbc_trt_one_euro,calibration,loop,9.304532082751393,0.0,0.39039296098053455,0.7704559247940779,0.4766460042446852,0.007135095074772835,0.5196318961679935,25.04928596317768,0.22804411128163338,0.6758039817214012,0.030722003430128098,37.4526500236243,1822362.283542578,1822362.311051645
1529,eye0,adgbc_trt_one_euro,calibration,loop,9.304532082751393,0.0,0.39039296098053455,0.7704559247940779,0.4766460042446852,0.007135095074772835,0.5196318961679935,25.314108934253454,0.0040798913687467575,0.6758039817214012,0.030722003430128098,37.49350877478719,1822362.283542578,1822362.311086692
1535,eye1,adgbc_trt_one_euro,calibration,loop,9.128567995503545,0.0,0.37610018625855446,0.6471078377217054,0.32578897662460804,0.007860828191041946,0.8776721078902483,22.506194887682796,0.20514009520411491,0.6758039817214012,0.030722003430128098,34.78095890022814,1822362.286305433,1822362.31133094
1535,eye1,adgbc_trt_one_euro,calibration,loop,9.128567995503545,0.0,0.37610018625855446,0.6471078377217054,0.32578897662460804,0.007860828191041946,0.8776721078902483,22.74184999987483,0.004058005288243294,0.6758039817214012,0.030722003430128098,34.815531922504306,1822362.286305433,1822362.311364307
1530,eye0,adgbc_trt_one_euro,calibration,loop,9.284156141802669,0.0,0.2790079452097416,0.602200860157609,0.18839910626411438,0.0062552280724048615,0.6518259178847075,18.021057127043605,0.20209909416735172,0.6758039817214012,0.030722003430128098,29.94152740575373,1822362.291590877,1822362.311604921
1530,eye0,adgbc_trt_one_euro,calibration,loop,9.284156141802669,0.0,0.2790079452097416,0.602200860157609,0.18839910626411438,0.0062552280724048615,0.6518259178847075,18.258053809404373,0.004061032086610794,0.6758039817214012,0.030722003430128098,29.98048602603376,1822362.291590877,1822362.311638054
1536,eye1,adgbc_trt_one_euro,calibration,loop,9.048782056197524,0.0,0.3685669507831335,0.6721960380673409,0.31723896972835064,0.007457798346877098,0.8636408019810915,15.073942020535469,0.33052684739232063,0.6758039817214012,0.030722003430128098,27.388877468183637,1822362.29429458,1822362.312010798
1536,eye1,adgbc_trt_one_euro,calibration,loop,9.048782056197524,0.0,0.3685669507831335,0.6721960380673409,0.31723896972835064,0.007457798346877098,0.8636408019810915,15.438983915373683,0.0038961879909038544,0.6758039817214012,0.030722003430128098,27.427288703620434,1822362.29429458,1822362.312043348
1531,eye0,adgbc_trt_one_euro,calibration,loop,9.159541921690106,0.0,0.37473486736416817,0.6665750406682491,0.2768340054899454,0.006888061761856079,0.6756701041013002,10.479242075234652,0.1944419927895069,0.6758039817214012,0.030722003430128098,22.540454054251313,1822362.299535387,1822362.312273111
1531,eye0,adgbc_trt_one_euro,calibration,loop,9.159541921690106,0.0,0.37473486736416817,0.6665750406682491,0.2768340054899454,0.006888061761856079,0.6756701041013002,10.71401103399694,0.0038831494748592377,0.6758039817214012,0.030722003430128098,22.584664169698954,1822362.299535387,1822362.312313265
1537,eye1,adgbc_trt_one_euro,calibration,loop,8.99919611401856,0.0,0.3564110957086086,0.6114859133958817,0.3162731882184744,0.007373979315161705,0.8658859878778458,7.801755098626018,0.1954489853233099,0.6758039817214012,0.030722003430128098,19.86035634763539,1822362.302313988,1822362.312544473
1537,eye1,adgbc_trt_one_euro,calibration,loop,8.99919611401856,0.0,0.3564110957086086,0.6114859133958817,0.3162731882184744,0.007373979315161705,0.8658859878778458,8.023349102586508,0.003741821274161339,0.6758039817214012,0.030722003430128098,19.89024318754673,1822362.302313988,1822362.312576067
1532,eye0,adgbc_trt_one_euro,calibration,loop,9.034801973029971,0.0,0.25739893317222595,0.5904580466449261,0.18777395598590374,0.005548121407628059,0.5314149893820286,3.4918671008199453,0.19114185124635696,0.6758039817214012,0.030722003430128098,14.996930956840515,1822362.307479475,1822362.312801987
1532,eye0,adgbc_trt_one_euro,calibration,loop,9.034801973029971,0.0,0.25739893317222595,0.5904580466449261,0.18777395598590374,0.005548121407628059,0.5314149893820286,3.7146848626434803,0.0038188882172107697,0.6758039817214012,0.030722003430128098,15.032425755634904,1822362.307479475,1822362.312832895
1538,eye1,adgbc_trt_one_euro,calibration,loop,8.91522690653801,0.0,0.3780738916248083,0.7238250691443682,0.3055110573768616,0.007719965651631355,0.9096281137317419,0.16719801351428032,0.1926599070429802,0.6758039817214012,0.030722003430128098,12.30636890977621,1822362.31029909,1822362.313061652
1538,eye1,adgbc_trt_one_euro,calibration,loop,8.91522690653801,0.0,0.3780738916248083,0.7238250691443682,0.3055110573768616,0.007719965651631355,0.9096281137317419,0.38574100472033024,0.003696884959936142,0.6758039817214012,0.030722003430128098,12.335948878899217,1822362.31029909,1822362.313091421
1533,eye0,adgbc_trt_one_euro,calibration,loop,8.945137029513717,0.0,0.2625659108161926,0.6484861951321363,0.3966139629483223,0.005698064342141151,0.7516900077462196,28.831677976995707,0.29929494485259056,0.8551499340683222,0.03275484777987003,41.02906887419522,1822362.315458886,1822362.346729311
1533,eye0,adgbc_trt_one_euro,calibration,loop,8.945137029513717,0.0,0.2625659108161926,0.6484861951321363,0.3966139629483223,0.005698064342141151,0.7516900077462196,29.879545094445348,0.00531109981238842,0.8551499340683222,0.03275484777987003,41.78295214660466,1822362.315458886,1822362.347466867
1539,eye1,adgbc_trt_one_euro,calibration,loop,8.864389965310693,0.0,0.3775849472731352,0.6571989506483078,0.3223130479454994,0.008234987035393715,0.8633371908217669,26.87256899662316,0.1971130259335041,0.8551499340683222,0.03275484777987003,39.05064589343965,1822362.318317263,1822362.347692269
1539,eye1,adgbc_trt_one_euro,calibration,loop,8.864389965310693,0.0,0.3775849472731352,0.6571989506483078,0.3223130479454994,0.008234987035393715,0.8633371908217669,27.093251002952456,0.0033979304134845734,0.8551499340683222,0.03275484777987003,39.07761280424893,1822362.318317263,1822362.34772049
1534,eye0,adgbc_trt_one_euro,calibration,loop,8.984746877104044,0.0,0.39590103551745415,0.6603989750146866,0.32541598193347454,0.008128117769956589,0.9068108629435301,21.81032206863165,0.18235179595649242,0.8551499340683222,0.03275484777987003,34.16198049671948,1822362.323567674,1822362.347948383
1534,eye0,adgbc_trt_one_euro,calibration,loop,8.984746877104044,0.0,0.39590103551745415,0.6603989750146866,0.32541598193347454,0.008128117769956589,0.9068108629435301,22.046434925869107,0.005738111212849617,0.8551499340683222,0.03275484777987003,34.221479669213295,1822362.323567674,1822362.347996702
1540,eye1,adgbc_trt_one_euro,calibration,loop,8.773044915869832,0.0,0.3703220281749964,0.6202738732099533,0.6285549607127905,0.007899943739175797,0.8644470945000648,19.176166970282793,0.2568899653851986,0.8551499340683222,0.03275484777987003,31.585504533722997,1822362.326294973,1822362.348296835
1540,eye1,adgbc_trt_one_euro,calibration,loop,8.773044915869832,0.0,0.3703220281749964,0.6202738732099533,0.6285549607127905,0.007899943739175797,0.8644470945000648,19.463157979771495,0.004050089046359062,0.8551499340683222,0.03275484777987003,31.61965566687286,1822362.326294973,1822362.348330949
1535,eye0,adgbc_trt_one_euro,calibration,loop,8.887046948075294,0.0,0.3724130801856518,0.667099840939045,0.21160300821065903,0.006736954674124718,0.4605629947036505,14.98232688754797,0.20496896468102932,0.8551499340683222,0.03275484777987003,26.680663460865617,1822362.331538794,1822362.348572678
1535,eye0,adgbc_trt_one_euro,calibration,loop,8.887046948075294,0.0,0.3724130801856518,0.667099840939045,0.21160300821065903,0.006736954674124718,0.4605629947036505,15.220829984173179,0.003895023837685585,0.8551499340683222,0.03275484777987003,26.718092616647482,1822362.331538794,1822362.34860525
1541,eye1,adgbc_trt_one_euro,calibration,loop,8.692736038938165,0.0,0.3554518334567547,0.6536520086228848,0.22667506709694862,0.007383991032838821,0.5036091897636652,12.551018968224525,0.20048907026648521,0.8551499340683222,0.03275484777987003,24.07892094925046,1822362.334283512,1822362.348841116
1541,eye1,adgbc_trt_one_euro,calibration,loop,8.692736038938165,0.0,0.3554518334567547,0.6536520086228848,0.22667506709694862,0.007383991032838821,0.5036091897636652,12.783733895048499,0.0037210993468761444,0.8551499340683222,0.03275484777987003,24.114867905154824,1822362.334283512,1822362.348872529
1536,eye0,adgbc_trt_one_euro,calibration,loop,8.74598603695631,0.0,0.24619093164801598,0.5884571000933647,0.1878438051789999,0.005279900506138802,0.5414769984781742,7.807601010426879,0.20494102500379086,0.8551499340683222,0.03275484777987003,19.215681590139866,1822362.339466078,1822362.349114235
1536,eye0,adgbc_trt_one_euro,calibration,loop,8.74598603695631,0.0,0.24619093164801598,0.5884571000933647,0.1878438051789999,0.005279900506138802,0.5414769984781742,8.046084083616734,0.003934139385819435,0.8551499340683222,0.03275484777987003,19.25315777771175,1822362.339466078,1822362.349145808
1542,eye1,adgbc_trt_one_euro,calibration,loop,8.656396064907312,0.0,0.36484398879110813,0.614322954788804,0.48935716040432453,0.00816304236650467,0.856227008625865,4.45510889403522,0.2044329885393381,0.8551499340683222,0.03275484777987003,16.53675688430667,1822362.34231623,1822362.349385439
1542,eye1,adgbc_trt_one_euro,calibration,loop,8.656396064907312,0.0,0.36484398879110813,0.614322954788804,0.48935716040432453,0.00816304236650467,0.856227008625865,4.685810999944806,0.0036659184843301773,0.8551499340683222,0.03275484777987003,16.566691920161247,1822362.34231623,1822362.349416626
1537,eye0,adgbc_trt_one_euro,calibration,loop,8.761437144130468,0.0,0.37730601616203785,0.6745660211890936,0.31986692920327187,0.007574213668704033,0.8756190072745085,28.525633038952947,0.3061469178646803,0.9375258814543486,0.031193019822239876,40.8168681897223,1822362.347552267,1822362.37872856
1537,eye0,adgbc_trt_one_euro,calibration,loop,8.761437144130468,0.0,0.37730601616203785,0.6745660211890936,0.31986692920327187,0.007574213668704033,0.8756190072745085,28.875743970274925,0.004565110430121422,0.9375258814543486,0.031193019822239876,40.86539731360972,1822362.347552267,1822362.378767178
1543,eye1,adgbc_trt_one_euro,calibration,loop,8.556191110983491,0.0,0.3685078117996454,0.6667261477559805,0.3219221252948046,0.007760943844914436,0.8445789571851492,26.23471710830927,0.2119620330631733,0.9375258814543486,0.031193019822239876,38.181085139513016,1822362.350285001,1822362.379025151
1543,eye1,adgbc_trt_one_euro,calibration,loop,8.556191110983491,0.0,0.3685078117996454,0.6667261477559805,0.3219221252948046,0.007760943844914436,0.8445789571851492,26.491197058930993,0.004255911335349083,0.9375258814543486,0.031193019822239876,38.229858968406916,1822362.350285001,1822362.379067301
1538,eye0,adgbc_trt_one_euro,calibration,loop,8.678756188601255,0.0,0.3856169059872627,0.6524301134049892,0.7497731130570173,0.007566995918750763,0.8659791201353073,20.82665986381471,0.2054858487099409,0.9375258814543486,0.031193019822239876,33.340987050905824,1822362.35553868,1822362.379311492
1538,eye0,adgbc_trt_one_euro,calibration,loop,8.678756188601255,0.0,0.3856169059872627,0.6524301134049892,0.7497731130570173,0.007566995918750763,0.8659791201353073,21.06223115697503,0.0040209852159023285,0.9375258814543486,0.031193019822239876,33.375093480572104,1822362.35553868,1822362.379345745
1544,eye1,adgbc_trt_one_euro,calibration,loop,8.533484069630504,0.0,0.3865109756588936,0.6762789562344551,0.4742119926959276,0.008061062544584274,0.8895329665392637,18.53463682346046,0.2008499577641487,0.9375258814543486,0.031193019822239876,30.672285705804825,1822362.358331322,1822362.379583258
1544,eye1,adgbc_trt_one_euro,calibration,loop,8.533484069630504,0.0,0.3865109756588936,0.6762789562344551,0.4742119926959276,0.008061062544584274,0.8895329665392637,18.766982946544886,0.003795139491558075,0.9375258814543486,0.031193019822239876,30.70757701061666,1822362.358331322,1822362.379619545
0,eye0,adgbc_trt_one_euro,calibration,loop,0.0,0.0,0.0,0.0,0.0,0.0,0.7583750411868095,14.441716019064188,0.0037120189517736435,0.9375258814543486,0.031193019822239876,16.17252198047936,1822362.379873281,1822362.379883921
1545,eye1,adgbc_trt_one_euro,calibration,loop,8.432487025856972,0.0,0.3649608697742224,0.666910083964467,0.2055419608950615,0.005587004125118256,0.49998611211776733,11.817674851045012,0.20589795894920826,0.9375258814543486,0.031193019822239876,23.167764768004417,1822362.36629929,1822362.380126652
1545,eye1,adgbc_trt_one_euro,calibration,loop,8.432487025856972,0.0,0.3649608697742224,0.666910083964467,0.2055419608950615,0.005587004125118256,0.49998611211776733,12.05649203620851,0.0037548597902059555,0.9375258814543486,0.031193019822239876,23.204438854008913,1822362.36629929,1822362.380158248
1540,eye0,adgbc_trt_one_euro,calibration,loop,8.547296980395913,0.0,0.22247503511607647,0.5855059716850519,0.1876989845186472,0.0019459985196590424,0.6927940994501114,6.9002569653093815,0.19496213644742966,0.9375258814543486,0.031193019822239876,18.30165507271886,1822362.371544662,1822362.380388284
1540,eye0,adgbc_trt_one_euro,calibration,loop,8.547296980395913,0.0,0.22247503511607647,0.5855059716850519,0.1876989845186472,0.0019459985196590424,0.6927940994501114,7.126608164981008,0.0035439152270555496,0.9375258814543486,0.031193019822239876,18.33658805117011,1822362.371544662,1822362.380418962
1546,eye1,adgbc_trt_one_euro,calibration,loop,8.307412033900619,0.0,0.24967221543192863,0.5909870378673077,0.1881411299109459,0.0053979456424713135,0.5806460976600647,4.541069036349654,0.1937469933182001,0.9375258814543486,0.031193019822239876,15.62579139135778,1822362.374242826,1822362.380651409
1546,eye1,adgbc_trt_one_euro,calibration,loop,8.307412033900619,0.0,0.24967221543192863,0.5909870378673077,0.1881411299109459,0.0053979456424713135,0.5806460976600647,4.766453988850117,0.00365404412150383,0.9375258814543486,0.031193019822239876,15.661083394661546,1822362.374242826,1822362.380682719
1541,eye0,adgbc_trt_one_euro,calibration,loop,8.416702039539814,0.0,0.24996395222842693,0.6486789789050817,0.18920889124274254,0.005427980795502663,0.7486829999834299,44.484074926003814,0.3605110105127096,41.97191493585706,0.046424102038145065,97.12158981710672,1822362.379483052,1822362.426254783
1541,eye0,adgbc_trt_one_euro,calibration,loop,8.416702039539814,0.0,0.24996395222842693,0.6486789789050817,0.18920889124274254,0.005427980795502663,0.7486829999834299,44.90124108269811,0.005277106538414955,41.97191493585706,0.046424102038145065,97.18352206982672,1822362.379483052,1822362.426302785
1547,eye1,adgbc_trt_one_euro,calibration,loop,8.222097996622324,0.0,0.2457869704812765,0.6476689595729113,0.3239680081605911,0.005290145054459572,0.6462892051786184,42.16811596415937,0.218705041334033,41.97191493585706,0.046424102038145065,94.49626132845879,1822362.382226516,1822362.426562812
1547,eye1,adgbc_trt_one_euro,calibration,loop,8.222097996622324,0.0,0.2457869704812765,0.6476689595729113,0.3239680081605911,0.005290145054459572,0.6462892051786184,42.42656286805868,0.004191882908344269,41.97191493585706,0.046424102038145065,94.54019507393241,1822362.382226516,1822362.426599192
1542,eye0,adgbc_trt_one_euro,calibration,loop,8.409928064793348,0.0,0.39139995351433754,0.62568299472332,0.30705402605235577,0.007908092811703682,0.8676049765199423,36.814877996221185,0.20726514048874378,41.97191493585706,0.046424102038145065,89.65006028302014,1822362.387546086,1822362.426849513
1542,eye0,adgbc_trt_one_euro,calibration,loop,8.409928064793348,0.0,0.39139995351433754,0.62568299472332,0.30705402605235577,0.007908092811703682,0.8676049765199423,37.05588914453983,0.004383036866784096,41.97191493585706,0.046424102038145065,89.68818932771683,1822362.387546086,1822362.426888088
1548,eye1,adgbc_trt_one_euro,calibration,loop,8.144513005390763,0.0,0.2556059043854475,0.6402591243386269,0.19377609714865685,0.005401903763413429,0.5517709068953991,34.99973192811012,0.20815199241042137,41.97191493585706,0.046424102038145065,87.01754990033805,1822362.390217846,1822362.427133918
1548,eye1,adgbc_trt_one_euro,calibration,loop,8.144513005390763,0.0,0.2556059043854475,0.6402591243386269,0.19377609714865685,0.005401903763413429,0.5517709068953991,35.247476072981954,0.003885943442583084,41.97191493585706,0.046424102038145065,87.06102799624205,1822362.390217846,1822362.427172263
1543,eye0,adgbc_trt_one_euro,calibration,loop,8.327161893248558,0.0,0.37560099735856056,0.6503951735794544,0.30224001966416836,0.007414026185870171,0.8415849879384041,29.422589112073183,0.19865110516548157,41.97191493585706,0.046424102038145065,82.14397635310888,1822362.395532094,1822362.427408056
1543,eye0,adgbc_trt_one_euro,calibration,loop,8.327161893248558,0.0,0.37560099735856056,0.6503951735794544,0.30224001966416836,0.007414026185870171,0.8415849879384041,29.65252404101193,0.003878958523273468,41.97191493585706,0.046424102038145065,82.17913913540542,1822362.395532094,1822362.42744312
1549,eye1,adgbc_trt_one_euro,calibration,loop,12.171167880296707,0.0,0.41642598807811737,0.6539239548146725,0.34590414725244045,0.008817063644528389,0.9350229520350695,22.72307313978672,0.2315810415893793,41.97191493585706,0.046424102038145065,79.50425520539284,1822362.402313888,1822362.427707807
1549,eye1,adgbc_trt_one_euro,calibration,loop,12.171167880296707,0.0,0.41642598807811737,0.6539239548146725,0.34590414725244045,0.008817063644528389,0.9350229520350695,22.979244822636247,0.0038831494748592377,41.97191493585706,0.046424102038145065,79.53272899612784,1822362.402313888,1822362.427740522
1544,eye0,adgbc_trt_one_euro,calibration,loop,12.281623901799321,0.0,0.38110092282295227,0.6169469561427832,0.31752418726682663,0.007598893716931343,0.8570840582251549,17.964608035981655,0.19296701066195965,41.97191493585706,0.046424102038145065,74.63779300451279,1822362.407555462,1822362.427968953
1544,eye0,adgbc_trt_one_euro,calibration,loop,12.281623901799321,0.0,0.38110092282295227,0.6169469561427832,0.31752418726682663,0.007598893716931343,0.8570840582251549,18.189969938248396,0.007453840225934982,41.97191493585706,0.046424102038145065,74.6776417363435,1822362.407555462,1822362.428009663
1551,eye1,adgbc_trt_one_euro,calibration,loop,19.603858003392816,0.0,0.47423201613128185,1.9849969539791346,1.9381882157176733,0.007434049621224403,0.839299988001585,15.183852054178715,0.27467007748782635,0.7896879687905312,0.035356031730771065,41.13157535903156,1822362.425885072,1822362.446679051
1551,eye1,adgbc_trt_one_euro,calibration,loop,19.603858003392816,0.0,0.47423201613128185,1.9849969539791346,1.9381882157176733,0.007434049621224403,0.839299988001585,15.495099127292633,0.004499917849898338,0.7896879687905312,0.035356031730771065,41.17265227250755,1822362.425885072,1822362.446715443
1546,eye0,adgbc_trt_one_euro,calibration,loop,16.03941316716373,0.0,0.7238001562654972,1.859779004007578,1.4959180261939764,0.007105991244316101,0.5888158921152353,14.557968126609921,0.20118895918130875,0.7896879687905312,0.035356031730771065,36.299033323302865,1822362.427451555,1822362.446952877
1546,eye0,adgbc_trt_one_euro,calibration,loop,16.03941316716373,0.0,0.7238001562654972,1.859779004007578,1.4959180261939764,0.007105991244316101,0.5888158921152353,14.802586985751987,0.00403192825615406,0.7896879687905312,0.035356031730771065,36.346495151519775,1822362.427451555,1822362.446996516
1548,eye0,adgbc_trt_one_euro,calibration,loop,12.685168068856001,0.0,0.7490990683436394,0.617380952462554,0.973894027993083,0.006060115993022919,0.6820531561970711,3.687774995341897,0.1939989160746336,0.7896879687905312,0.035356031730771065,20.420473301783204,1822362.440234444,1822362.447229443
1548,eye0,adgbc_trt_one_euro,calibration,loop,12.685168068856001,0.0,0.7490990683436394,0.617380952462554,0.973894027993083,0.006060115993022919,0.6820531561970711,3.9126158226281404,0.003651948645710945,0.7896879687905312,0.035356031730771065,20.454967161640525,1822362.440234444,1822362.447260004
1553,eye1,adgbc_trt_one_euro,calibration,loop,18.441606080159545,0.0,0.42339018546044827,0.9174610022455454,0.5640909075737,0.009854789823293686,0.9917351417243481,4.176776157692075,0.20633102394640446,0.7896879687905312,0.035356031730771065,26.55628928914666,1822362.440860666,1822362.448238732
1553,eye1,adgbc_trt_one_euro,calibration,loop,18.441606080159545,0.0,0.42339018546044827,0.9174610022455454,0.5640909075737,0.009854789823293686,0.9917351417243481,4.412287846207619,0.004051951691508293,0.7896879687905312,0.035356031730771065,26.58952190540731,1822362.440860666,1822362.448271106
1554,eye1,adgbc_trt_one_euro,calibration,loop,13.58784711919725,0.0,0.39506307803094387,0.633027171716094,0.3414170350879431,0.009213108569383621,0.8820090442895889,1.8921021837741137,0.19234814681112766,0.7896879687905312,0.035356031730771065,18.758070887997746,1822362.44407554,1822362.448498405
1554,eye1,adgbc_trt_one_euro,calibration,loop,13.58784711919725,0.0,0.39506307803094387,0.633027171716094,0.3414170350879431,0.009213108569383621,0.8820090442895889,2.1111019887030125,0.003958120942115784,0.7896879687905312,0.035356031730771065,18.788680667057633,1822362.44407554,1822362.448530375
1549,eye0,adgbc_trt_one_euro,calibration,loop,11.845463886857033,0.0,2.652151044458151,0.635616946965456,0.7610791362822056,0.00561913475394249,0.5907141603529453,26.21743781492114,0.2847001887857914,0.7896879687905312,0.035356031730771065,43.81782631389797,1822362.447463723,1822362.478682439
1549,eye0,adgbc_trt_one_euro,calibration,loop,11.845463886857033,0.0,2.652151044458151,0.635616946965456,0.7610791362822056,0.00561913475394249,0.5907141603529453,26.548774912953377,0.004508998245000839,0.7896879687905312,0.035356031730771065,43.86897222138941,1822362.447463723,1822362.478720051
1555,eye1,adgbc_trt_one_euro,calibration,loop,11.768681230023503,0.0,0.3650940489023924,0.6131120026111603,0.39093708619475365,0.008095987141132355,0.9769590105861425,25.99890111014247,0.2106649335473776,0.7896879687905312,0.035356031730771065,41.157489409670234,1822362.450325434,1822362.478968912
1555,eye1,adgbc_trt_one_euro,calibration,loop,11.768681230023503,0.0,0.3650940489023924,0.6131120026111603,0.39093708619475365,0.008095987141132355,0.9769590105861425,26.23967407271266,0.00413903035223484,0.7896879687905312,0.035356031730771065,41.19173646904528,1822362.450325434,1822362.479009239
1550,eye0,adgbc_trt_one_euro,calibration,loop,13.188425917178392,0.0,0.2579160500317812,0.6345710717141628,0.21791085600852966,0.007221009582281113,0.6719538941979408,20.302517106756568,0.20408700220286846,0.7896879687905312,0.035356031730771065,36.30964690819383,1822362.456875754,1822362.479258599
1550,eye0,adgbc_trt_one_euro,calibration,loop,13.188425917178392,0.0,0.2579160500317812,0.6345710717141628,0.21791085600852966,0.007221009582281113,0.6719538941979408,20.54120576940477,0.0038938596844673157,0.7896879687905312,0.035356031730771065,36.34814242832363,1822362.456875754,1822362.479291806
1556,eye1,adgbc_trt_one_euro,calibration,loop,11.684099910780787,0.0,0.37795607931911945,0.6650560535490513,0.3299068193882704,0.008041970431804657,0.6312569603323936,18.938164226710796,0.19875681027770042,0.7896879687905312,0.035356031730771065,33.658282831311226,1822362.458310154,1822362.479527483
1556,eye1,adgbc_trt_one_euro,calibration,loop,11.684099910780787,0.0,0.37795607931911945,0.6650560535490513,0.3299068193882704,0.008041970431804657,0.6312569603323936,19.112981157377362,0.003835884854197502,0.7896879687905312,0.035356031730771065,33.63817883655429,1822362.458310154,1822362.479563575
1551,eye0,adgbc_trt_one_euro,calibration,loop,11.710294056683779,0.0,0.25072810240089893,0.632554991170764,0.21663191728293896,0.007231021299958229,0.7143639959394932,14.232499990612268,0.1956711057573557,0.7896879687905312,0.035356031730771065,28.78501918166876,1822362.463466587,1822362.47979745
1551,eye0,adgbc_trt_one_euro,calibration,loop,11.710294056683779,0.0,0.25072810240089893,0.632554991170764,0.21663191728293896,0.007231021299958229,0.7143639959394932,14.462155988439918,0.0037821009755134583,0.7896879687905312,0.035356031730771065,28.822786174714565,1822362.463466587,1822362.47982878
1557,eye1,adgbc_trt_one_euro,calibration,loop,11.549722868949175,0.0,0.2409392036497593,0.6308839656412601,0.19154418259859085,0.005742069333791733,0.5091938655823469,11.977138929069042,0.20369095727801323,0.7896879687905312,0.035356031730771065,26.13390004262328,1822362.466243942,1822362.480068132
1557,eye1,adgbc_trt_one_euro,calibration,loop,11.549722868949175,0.0,0.2409392036497593,0.6308839656412601,0.19154418259859085,0.005742069333791733,0.5091938655823469,12.2163409832865,0.003797002136707306,0.7896879687905312,0.035356031730771065,26.173208141699433,1822362.466243942,1822362.48010299
1552,eye0,adgbc_trt_one_euro,calibration,loop,11.651945998892188,0.0,0.24702190421521664,0.595832010731101,0.2154370304197073,0.006612157449126244,0.5610380321741104,6.972961826249957,0.19365409389138222,0.7896879687905312,0.035356031730771065,21.26954705454409,1822362.471477156,1822362.480331949
1552,eye0,adgbc_trt_one_euro,calibration,loop,11.651945998892188,0.0,0.24702190421521664,0.595832010731101,0.2154370304197073,0.006612157449126244,0.5610380321741104,7.198442937806249,0.0036170240491628647,0.7896879687905312,0.035356031730771065,21.304991096258163,1822362.471477156,1822362.480362417
1558,eye1,adgbc_trt_one_euro,calibration,loop,11.462559923529625,0.0,0.2459010574966669,0.5894477944821119,0.1878559123724699,0.005377922207117081,0.4958610516041517,4.592888988554478,0.1924459356814623,0.7896879687905312,0.035356031730771065,18.597382586449385,1822362.474225817,1822362.480593465
1558,eye1,adgbc_trt_one_euro,calibration,loop,11.462559923529625,0.0,0.2459010574966669,0.5894477944821119,0.1878559123724699,0.005377922207117081,0.4958610516041517,4.817635985091329,0.003620050847530365,0.7896879687905312,0.035356031730771065,18.633303698152304,1822362.474225817,1822362.480624712
1553,eye0,adgbc_trt_one_euro,calibration,loop,11.576876044273376,0.0,0.24630408734083176,0.6005088798701763,0.21830294281244278,0.006844988092780113,0.5455280188471079,33.28703809529543,0.30243396759033203,0.871152151376009,0.028801150619983673,47.68379032611847,1822362.479471223,1822362.514761572
1553,eye0,adgbc_trt_one_euro,calibration,loop,11.576876044273376,0.0,0.24630408734083176,0.6005088798701763,0.21830294281244278,0.006844988092780113,0.5455280188471079,33.64086779765785,0.004668021574616432,0.871152151376009,0.028801150619983673,47.73985408246517,1822362.479471223,1822362.51480527
1559,eye1,adgbc_trt_one_euro,calibration,loop,11.40825287438929,0.0,0.2403748221695423,0.5882401019334793,0.2884350251406431,0.0053979456424713135,0.4419158212840557,30.903386184945703,0.20758598111569881,0.871152151376009,0.028801150619983673,44.98354205861688,1822362.482240503,1822362.515050766
1559,eye1,adgbc_trt_one_euro,calibration,loop,11.40825287438929,0.0,0.2403748221695423,0.5882401019334793,0.2884350251406431,0.0053979456424713135,0.4419158212840557,31.140314182266593,0.00402890145778656,0.871152151376009,0.028801150619983673,45.016912976279855,1822362.482240503,1822362.51508333
1554,eye0,adgbc_trt_one_euro,calibration,loop,11.51751703582704,0.0,0.2601069863885641,0.6366521120071411,0.19159400835633278,0.005349982529878616,0.46514603309333324,25.96770878881216,0.19605481065809727,0.871152151376009,0.028801150619983673,40.14008305966854,1822362.487480721,1822362.515329317
1554,eye0,adgbc_trt_one_euro,calibration,loop,11.51751703582704,0.0,0.2601069863885641,0.6366521120071411,0.19159400835633278,0.005349982529878616,0.46514603309333324,26.196065125986934,0.00386103056371212,0.871152151376009,0.028801150619983673,40.17624561674893,1822362.487480721,1822362.515364547
1560,eye1,adgbc_trt_one_euro,calibration,loop,11.320550926029682,0.0,0.25205896236002445,0.6353531498461962,0.1935290638357401,0.005491776391863823,0.5070709157735109,23.518492002040148,0.18950900994241238,0.871152151376009,0.028801150619983673,37.52200910821557,1822362.490221732,1822362.515588118
1560,eye1,adgbc_trt_one_euro,calibration,loop,11.320550926029682,0.0,0.25205896236002445,0.6353531498461962,0.1935290638357401,0.005491776391863823,0.5070709157735109,23.741782875731587,0.003868015483021736,0.871152151376009,0.028801150619983673,37.55965898744762,1822362.490221732,1822362.515622179
1555,eye0,adgbc_trt_one_euro,calibration,loop,11.444166069850326,0.0,0.25325105525553226,0.5961200222373009,0.19186688587069511,0.005334150046110153,0.5167729686945677,18.556034890934825,0.18823100253939629,0.871152151376009,0.028801150619983673,32.651730347424746,1822362.49547645,1822362.515845648
1555,eye0,adgbc_trt_one_euro,calibration,loop,11.444166069850326,0.0,0.25325105525553226,0.5961200222373009,0.19186688587069511,0.005334150046110153,0.5167729686945677,18.774105003103614,0.0037101563066244125,0.871152151376009,0.028801150619983673,32.68527961336076,1822362.49547645,1822362.515878593
1561,eye1,adgbc_trt_one_euro,calibration,loop,11.260404950007796,0.0,0.2466309815645218,0.59171998873353,0.19262009300291538,0.00514020211994648,0.5543630104511976,16.032551880925894,0.19430299289524555,0.871152151376009,0.028801150619983673,29.97768740169704,1822362.498230687,1822362.516106374
1561,eye1,adgbc_trt_one_euro,calibration,loop,11.260404950007796,0.0,0.2466309815645218,0.59171998873353,0.19262009300291538,0.00514020211994648,0.5543630104511976,16.25676895491779,0.0035581178963184357,0.871152151376009,0.028801150619983673,30.011159600690007,1822362.498230687,1822362.516135586
1556,eye0,adgbc_trt_one_euro,calibration,loop,11.469946010038257,0.0,0.3748179879039526,0.6165958475321531,0.31825900077819824,0.00799819827079773,0.9670080617070198,10.236076079308987,0.18581096082925797,0.871152151376009,0.028801150619983673,25.076465448364615,1822362.503571813,1822362.516354694
1556,eye0,adgbc_trt_one_euro,calibration,loop,11.469946010038257,0.0,0.3748179879039526,0.6165958475321531,0.31825900077819824,0.00799819827079773,0.9670080617070198,10.451446054503322,0.0037208665162324905,0.871152151376009,0.028801150619983673,25.109745329245925,1822362.503571813,1822362.516389573
1562,eye1,adgbc_trt_one_euro,calibration,loop,11.276313103735447,0.0,0.3781940322369337,0.6190170533955097,0.32343901693820953,0.008196104317903519,0.8652929682284594,7.839370984584093,0.18560001626610756,0.871152151376009,0.028801150619983673,22.395376581698656,1822362.506316262,1822362.516612502
1562,eye1,adgbc_trt_one_euro,calibration,loop,11.276313103735447,0.0,0.3781940322369337,0.6190170533955097,0.32343901693820953,0.008196104317903519,0.8652929682284594,8.047656156122684,0.003542983904480934,0.871152151376009,0.028801150619983673,22.42160472087562,1822362.506316262,1822362.516641066
1557,eye0,adgbc_trt_one_euro,calibration,loop,11.396883055567741,0.0,0.369443092495203,0.6113951094448566,0.3151209093630314,0.007697148248553276,0.9621118661016226,2.765452954918146,0.18539698794484138,0.871152151376009,0.028801150619983673,17.51345442607999,1822362.511567762,1822362.516860797
1557,eye0,adgbc_trt_one_euro,calibration,loop,11.396883055567741,0.0,0.369443092495203,0.6113951094448566,0.3151209093630314,0.007697148248553276,0.9621118661016226,2.981102792546153,0.0035511329770088196,0.871152151376009,0.028801150619983673,17.547258408740163,1822362.511567762,1822362.516894745
1563,eye1,adgbc_trt_one_euro,calibration,loop,11.191070079803467,0.0,0.3738459199666977,0.6153869908303022,0.48026791773736477,0.007470138370990753,0.8150290232151747,0.2618927974253893,0.1953339669853449,0.871152151376009,0.028801150619983673,14.840250136330724,1822362.514299858,1822362.517123128
1563,eye1,adgbc_trt_one_euro,calibration,loop,11.191070079803467,0.0,0.3738459199666977,0.6153869908303022,0.48026791773736477,0.007470138370990753,0.8150290232151747,0.47977687790989876,0.0035061966627836227,0.871152151376009,0.028801150619983673,14.866306446492672,1822362.514299858,1822362.517151819
1558,eye0,adgbc_trt_one_euro,calibration,loop,11.307851877063513,0.0,0.3786901943385601,0.6360339466482401,0.754066975787282,0.00827014446258545,0.9522628970444202,24.05824395827949,0.30493992380797863,0.8989518973976374,0.029681948944926262,39.32899376377463,1822362.519547757,1822362.546731972
1558,eye0,adgbc_trt_one_euro,calibration,loop,11.307851877063513,0.0,0.3786901943385601,0.6360339466482401,0.754066975787282,0.00827014446258545,0.9522628970444202,24.41372792236507,0.00479002483189106,0.8989518973976374,0.029681948944926262,39.384327828884125,1822362.519547757,1822362.546778518
1564,eye1,adgbc_trt_one_euro,calibration,loop,11.12570590339601,0.0,0.3881619777530432,0.6749201565980911,0.6649380084127188,0.00740797258913517,0.7364500779658556,21.95911412127316,0.2142509911209345,0.8989518973976374,0.029681948944926262,36.69958305545151,1822362.522303565,1822362.547032241
1564,eye1,adgbc_trt_one_euro,calibration,loop,11.12570590339601,0.0,0.3881619777530432,0.6749201565980911,0.6649380084127188,0.00740797258913517,0.7364500779658556,22.212494164705276,0.004024012014269829,0.8989518973976374,0.029681948944926262,36.742736119776964,1822362.522303565,1822362.547070473
1559,eye0,adgbc_trt_one_euro,calibration,loop,11.258715996518731,0.0,0.38611795753240585,0.656158197671175,0.3175369929522276,0.007550930604338646,0.5775638855993748,17.518330831080675,0.20177196711301804,0.8989518973976374,0.029681948944926262,31.85238060541451,1822362.527567811,1822362.547309343
1559,eye0,adgbc_trt_one_euro,calibration,loop,11.258715996518731,0.0,0.38611795753240585,0.656158197671175,0.3175369929522276,0.007550930604338646,0.5775638855993748,17.757155001163483,0.004142057150602341,0.8989518973976374,0.029681948944926262,31.8935748655349,1822362.527567811,1822362.547345568
1565,eye1,adgbc_trt_one_euro,calibration,loop,11.005283799022436,0.0,0.24770991876721382,0.5989221390336752,0.19411416724324226,0.005909008905291557,0.5134472157806158,15.509909950196743,0.20309793762862682,0.8989518973976374,0.029681948944926262,29.20702798292041,1822362.530251486,1822362.547584972
1565,eye1,adgbc_trt_one_euro,calibration,loop,11.005283799022436,0.0,0.24770991876721382,0.5989221390336752,0.19411416724324226,0.005909008905291557,0.5134472157806158,15.745980897918344,0.0037599820643663406,0.8989518973976374,0.029681948944926262,29.24376097507775,1822362.530251486,1822362.547616927
1560,eye0,adgbc_trt_one_euro,calibration,loop,11.10427500680089,0.0,0.24516507983207703,0.5855869967490435,0.1849890686571598,0.005156965926289558,0.44035911560058594,10.577686131000519,0.2562040463089943,0.8989518973976374,0.029681948944926262,24.328056257218122,1822362.535481635,1822362.547910137
1560,eye0,adgbc_trt_one_euro,calibration,loop,11.10427500680089,0.0,0.24516507983207703,0.5855869967490435,0.1849890686571598,0.005156965926289558,0.44035911560058594,10.86758216843009,0.0039280857890844345,0.8989518973976374,0.029681948944926262,24.365676334127784,1822362.535481635,1822362.547947421
1566,eye1,adgbc_trt_one_euro,calibration,loop,10.966797824949026,0.0,0.24373899213969707,0.5949242040514946,0.19384711049497128,0.0055229756981134415,0.4930649884045124,8.83980793878436,0.21609291434288025,0.8989518973976374,0.029681948944926262,22.48243079520762,1822362.538283198,1822362.54893322
1566,eye1,adgbc_trt_one_euro,calibration,loop,10.966797824949026,0.0,0.24373899213969707,0.5949242040514946,0.19384711049497128,0.0055229756981134415,0.4930649884045124,9.091532090678811,0.004065921530127525,0.8989518973976374,0.029681948944926262,22.522127954289317,1822362.538283198,1822362.548966102
1561,eye0,adgbc_trt_one_euro,calibration,loop,11.086384998634458,0.0,0.3646179102361202,0.6105920765548944,0.3124489448964596,0.007188878953456879,0.8517999667674303,3.245942061766982,0.20184693858027458,0.8989518973976374,0.029681948944926262,17.60945562273264,1822362.543533292,1822362.549203063
1561,eye0,adgbc_trt_one_euro,calibration,loop,11.086384998634458,0.0,0.3646179102361202,0.6105920765548944,0.3124489448964596,0.007188878953456879,0.8517999667674303,3.4745761658996344,0.0037441495805978775,0.8989518973976374,0.029681948944926262,17.639986937865615,1822362.543533292,1822362.549234903
1567,eye1,adgbc_trt_one_euro,calibration,loop,10.91181393712759,0.0,0.3773900680243969,0.617228914052248,0.3233791794627905,0.007911818102002144,0.8515049703419209,0.7169588934630156,0.19525596871972084,0.8989518973976374,0.029681948944926262,14.930077595636249,1822362.546297686,1822362.549464662
1567,eye1,adgbc_trt_one_euro,calibration,loop,10.91181393712759,0.0,0.3773900680243969,0.617228914052248,0.3233791794627905,0.007911818102002144,0.8515049703419209,0.9374350775033236,0.003764871507883072,0.8989518973976374,0.029681948944926262,14.959062682464719,1822362.546297686,1822362.549496054
1562,eye0,adgbc_trt_one_euro,calibration,loop,11.01955701597035,0.0,0.37020002491772175,0.6345550063997507,0.48758508637547493,0.007461057975888252,0.9149119723588228,24.362219031900167,0.2939279656857252,0.9105310309678316,0.035871053114533424,39.036819245666265,1822362.551535458,1822362.578699242
1562,eye0,adgbc_trt_one_euro,calibration,loop,11.01955701597035,0.0,0.37020002491772175,0.6345550063997507,0.48758508637547493,0.007461057975888252,0.9149119723588228,24.701077956706285,0.0050049275159835815,0.9105310309678316,0.035871053114533424,39.08675513230264,1822362.551535458,1822362.578739832
1568,eye1,adgbc_trt_one_euro,calibration,loop,10.851446073502302,0.0,0.40151714347302914,0.701606972143054,0.3084419295191765,0.007895054295659065,0.8486241567879915,22.13144302368164,0.21812785416841507,0.9105310309678316,0.035871053114533424,36.41550429165363,1822362.554306251,1822362.579011613
1568,eye1,adgbc_trt_one_euro,calibration,loop,10.851446073502302,0.0,0.40151714347302914,0.701606972143054,0.3084419295191765,0.007895054295659065,0.8486241567879915,22.38896512426436,0.0042549800127744675,0.9105310309678316,0.035871053114533424,36.45915351808071,1822362.554306251,1822362.579047732
1563,eye0,adgbc_trt_one_euro,calibration,loop,11.37504493817687,0.0,0.2626751083880663,0.6415271200239658,0.21219998598098755,0.005770009011030197,0.6248869467526674,17.31379795819521,0.20482391119003296,0.9105310309678316,0.035871053114533424,31.587128061801195,1822362.559959396,1822362.579289686
1563,eye0,adgbc_trt_one_euro,calibration,loop,11.37504493817687,0.0,0.2626751083880663,0.6415271200239658,0.21219998598098755,0.005770009011030197,0.6248869467526674,17.556539038196206,0.004138099029660225,0.9105310309678316,0.035871053114533424,31.62918332964182,1822362.559959396,1822362.579328776
1569,eye1,adgbc_trt_one_euro,calibration,loop,10.759230004623532,0.0,0.37218909710645676,0.62405108474195,0.32035913318395615,0.007570954039692879,0.818850938230753,14.863738091662526,0.2033428754657507,0.9105310309678316,0.035871053114533424,28.915734263136983,1822362.562283137,1822362.579568789
1569,eye1,adgbc_trt_one_euro,calibration,loop,10.759230004623532,0.0,0.37218909710645676,0.62405108474195,0.32035913318395615,0.007570954039692879,0.818850938230753,15.095286071300507,0.0038209836930036545,0.9105310309678316,0.035871053114533424,28.947760351002216,1822362.562283137,1822362.579601627
1564,eye0,adgbc_trt_one_euro,calibration,loop,10.837021982297301,0.0,0.2545490860939026,0.5925600416958332,0.2059598919004202,0.0057220458984375,0.5984068848192692,10.432053124532104,0.20004808902740479,0.9105310309678316,0.035871053114533424,24.072723230347037,1822362.567490462,1822362.579843453
1564,eye0,adgbc_trt_one_euro,calibration,loop,10.837021982297301,0.0,0.2545490860939026,0.5925600416958332,0.2059598919004202,0.0057220458984375,0.5984068848192692,10.665234876796603,0.003705965355038643,0.9105310309678316,0.035871053114533424,24.10956285893917,1822362.567490462,1822362.579874298
1570,eye1,adgbc_trt_one_euro,calibration,loop,10.696684010326862,0.0,0.36250404082238674,0.6070409435778856,0.3190268762409687,0.007372116670012474,0.7997199427336454,7.450291188433766,0.20621996372938156,0.9105310309678316,0.035871053114533424,21.395261166617274,1822362.570289416,1822362.580116061
1570,eye1,adgbc_trt_one_euro,calibration,loop,10.696684010326862,0.0,0.36250404082238674,0.6070409435778856,0.3190268762409687,0.007372116670012474,0.7997199427336454,7.683476898819208,0.0036801211535930634,0.9105310309678316,0.035871053114533424,21.425907034426928,1822362.570289416,1822362.580147792
1565,eye0,adgbc_trt_one_euro,calibration,loop,10.780973127111793,0.0,0.2711880952119827,0.5944659933447838,0.18677418120205402,0.005214940756559372,0.5262591876089573,3.036897862330079,0.19654282368719578,0.9105310309678316,0.035871053114533424,16.54471829533577,1822362.575503621,1822362.580379943
1565,eye0,adgbc_trt_one_euro,calibration,loop,10.780973127111793,0.0,0.2711880952119827,0.5944659933447838,0.18677418120205402,0.005214940756559372,0.5262591876089573,3.266833024099469,0.0037581194192171097,0.9105310309678316,0.035871053114533424,16.58186875283718,1822362.575503621,1822362.580412068
1571,eye1,adgbc_trt_one_euro,calibration,loop,10.65866812132299,0.0,0.37051807157695293,0.6155581213533878,0.29999203979969025,0.007457798346877098,0.8120201528072357,33.90476293861866,0.28731487691402435,0.8121300488710403,0.029001152142882347,47.79742332175374,1822362.578323737,1822362.614706585
1571,eye1,adgbc_trt_one_euro,calibration,loop,10.65866812132299,0.0,0.37051807157695293,0.6155581213533878,0.29999203979969025,0.007457798346877098,0.8120201528072357,34.23332213424146,0.004182104021310806,0.8121300488710403,0.029001152142882347,47.84284974448383,1822362.578323737,1822362.614742659
1566,eye0,adgbc_trt_one_euro,calibration,loop,10.7941550668329,0.0,0.4036619793623686,0.669869827106595,0.46498095616698265,0.008057104423642159,0.9054339025169611,28.66300498135388,0.2115450333803892,0.8121300488710403,0.029001152142882347,42.96184005215764,1822362.583586254,1822362.614991309
1566,eye0,adgbc_trt_one_euro,calibration,loop,10.7941550668329,0.0,0.4036619793623686,0.669869827106595,0.46498095616698265,0.008057104423642159,0.9054339025169611,28.910601045936346,0.00410410575568676,0.8121300488710403,0.029001152142882347,43.001995189115405,1822362.583586254,1822362.615033883
1572,eye1,adgbc_trt_one_euro,calibration,loop,10.601812042295933,0.0,0.3932288382202387,0.6616830360144377,0.3322858829051256,0.008457107469439507,0.6660229992121458,26.60537208430469,0.19848113879561424,0.8121300488710403,0.029001152142882347,40.30847433023155,1822362.586332874,1822362.615269021
1572,eye1,adgbc_trt_one_euro,calibration,loop,10.601812042295933,0.0,0.3932288382202387,0.6616830360144377,0.3322858829051256,0.008457107469439507,0.6660229992121458,26.83605090714991,0.0037478748708963394,0.8121300488710403,0.029001152142882347,40.34441988915205,1822362.586332874,1822362.615301031
1567,eye0,adgbc_trt_one_euro,calibration,loop,10.674324817955494,0.0,0.368237029761076,0.6192568689584732,0.31644594855606556,0.007075956091284752,0.8572558872401714,21.55819395557046,0.20217103883624077,0.8121300488710403,0.029001152142882347,35.44409270398319,1822362.591535117,1822362.615538471
1567,eye0,adgbc_trt_one_euro,calibration,loop,10.674324817955494,0.0,0.368237029761076,0.6192568689584732,0.31644594855606556,0.007075956091284752,0.8572558872401714,21.792236948385835,0.0037639401853084564,0.8121300488710403,0.029001152142882347,35.47972859814763,1822362.591535117,1822362.615575115
1573,eye1,adgbc_trt_one_euro,calibration,loop,10.438863188028336,0.0,0.24425890296697617,0.5956611130386591,0.19394420087337494,0.005369074642658234,0.591921852901578,19.682070007547736,0.1938000787049532,0.8121300488710403,0.029001152142882347,32.787019619718194,1822362.594238078,1822362.615806145
1573,eye1,adgbc_trt_one_euro,calibration,loop,10.438863188028336,0.0,0.24425890296697617,0.5956611130386591,0.19394420087337494,0.005369074642658234,0.591921852901578,19.908151123672724,0.0036368146538734436,0.8121300488710403,0.029001152142882347,32.8229374717921,1822362.594238078,1822362.61583635
0,eye0,adgbc_trt_one_euro,calibration,loop,0.0,0.0,0.0,0.0,0.0,0.0,1.082553993910551,14.116024132817984,0.003587920218706131,0.8121300488710403,0.029001152142882347,16.043297247961164,1822362.616093184,1822362.616103656
1574,eye1,adgbc_trt_one_euro,calibration,loop,10.370392818003893,0.0,0.24135597050189972,0.5947879981249571,0.36775507032871246,0.005332054570317268,0.5481250118464231,12.078176019713283,0.1910559367388487,0.8121300488710403,0.029001152142882347,25.238112080842257,1822362.602238695,1822362.616332941
1574,eye1,adgbc_trt_one_euro,calibration,loop,10.370392818003893,0.0,0.24135597050189972,0.5947879981249571,0.36775507032871246,0.005332054570317268,0.5481250118464231,12.300053844228387,0.003553926944732666,0.8121300488710403,0.029001152142882347,25.272487895563245,1822362.602238695,1822362.616363177
1569,eye0,adgbc_trt_one_euro,calibration,loop,10.513528948649764,0.0,0.2443268895149231,0.5974890664219856,0.2134989481419325,0.0024030450731515884,0.555064994841814,7.218378130346537,0.1962070818990469,0.8121300488710403,0.029001152142882347,20.382028305903077,1822362.607511814,1822362.616599135
1569,eye0,adgbc_trt_one_euro,calibration,loop,10.513528948649764,0.0,0.2443268895149231,0.5974890664219856,0.2134989481419325,0.0024030450731515884,0.555064994841814,7.445576833561063,0.0036819837987422943,0.8121300488710403,0.029001152142882347,20.4167019110173,1822362.607511814,1822362.6166299
1575,eye1,adgbc_trt_one_euro,calibration,loop,10.326129850000143,0.0,0.246784882619977,0.5878808442503214,0.1949069555848837,0.005341134965419769,0.48598204739391804,4.8251838888973,0.19084010273218155,0.8121300488710403,0.029001152142882347,17.704180907458067,1822362.610263501,1822362.616859546
1575,eye1,adgbc_trt_one_euro,calibration,loop,10.326129850000143,0.0,0.246784882619977,0.5878808442503214,0.1949069555848837,0.005341134965419769,0.48598204739391804,4.993237089365721,0.0035909470170736313,0.8121300488710403,0.029001152142882347,17.68498495221138,1822362.610263501,1822362.616893317
1570,eye0,adgbc_trt_one_euro,calibration,loop,10.430801892653108,0.0,0.24032220244407654,0.587607966735959,0.18198788166046143,0.005491077899932861,0.7567780558019876,29.0923030115664,0.29645999893546104,0.7680158596485853,0.029415125027298927,42.38918307237327,1822362.615498081,1822362.646738424
1570,eye0,adgbc_trt_one_euro,calibration,loop,10.430801892653108,0.0,0.24032220244407654,0.587607966735959,0.18198788166046143,0.005491077899932861,0.7567780558019876,29.432557988911867,0.004281057044863701,0.7680158596485853,0.029415125027298927,42.43725910782814,1822362.615498081,1822362.646775262
1576,eye1,adgbc_trt_one_euro,calibration,loop,10.240546893328428,0.0,0.24584890343248844,0.5857250653207302,0.18728384748101234,0.005715992301702499,0.5422679241746664,26.940984884276986,0.20257220603525639,0.7680158596485853,0.029415125027298927,39.748376701027155,1822362.618246845,1822362.647024531
1576,eye1,adgbc_trt_one_euro,calibration,loop,10.240546893328428,0.0,0.24584890343248844,0.5857250653207302,0.18728384748101234,0.005715992301702499,0.5422679241746664,27.176622999832034,0.00372203066945076,0.7680158596485853,0.029415125027298927,39.7851646412164,1822362.618246845,1822362.647056459
1571,eye0,adgbc_trt_one_euro,calibration,loop,10.450134985148907,0.0,0.4009141121059656,0.6668770220130682,0.33173803240060806,0.008494127541780472,0.5600079894065857,21.455527981743217,0.19499287009239197,0.7680158596485853,0.029415125027298927,34.86611810512841,1822362.623587278,1822362.647286273
1571,eye0,adgbc_trt_one_euro,calibration,loop,10.450134985148907,0.0,0.4009141121059656,0.6668770220130682,0.33173803240060806,0.008494127541780472,0.5600079894065857,21.684899926185608,0.003809109330177307,0.7680158596485853,0.029415125027298927,34.904306288808584,1822362.623587278,1822362.647320507
1577,eye1,adgbc_trt_one_euro,calibration,loop,10.198506060987711,0.0,0.26647490449249744,0.6556659936904907,0.23251911625266075,0.007304130122065544,0.5631691310554743,19.293721998110414,0.18964707851409912,0.7680158596485853,0.029415125027298927,32.2044393979013,1822362.626273986,1822362.647545813
1577,eye1,adgbc_trt_one_euro,calibration,loop,10.198506060987711,0.0,0.26647490449249744,0.6556659936904907,0.23251911625266075,0.007304130122065544,0.5631691310554743,19.513129955157638,0.0035120174288749695,0.7680158596485853,0.029415125027298927,32.2377122938633,1822362.626273986,1822362.647575253
1572,eye0,adgbc_trt_one_euro,calibration,loop,10.341532994061708,0.0,0.3799949772655964,0.6189439445734024,0.32099196687340736,0.007909955456852913,0.8724569343030453,13.788209995254874,0.19141403026878834,0.7680158596485853,0.029415125027298927,27.31888578273356,1822362.63154748,1822362.647804462
1572,eye0,adgbc_trt_one_euro,calibration,loop,10.341532994061708,0.0,0.3799949772655964,0.6189439445734024,0.32099196687340736,0.007909955456852913,0.8724569343030453,14.005101984366775,0.003476860001683235,0.7680158596485853,0.029415125027298927,27.347840601578355,1822362.63154748,1822362.647833258
1578,eye1,adgbc_trt_one_euro,calibration,loop,10.176210897043347,0.0,0.38386392407119274,0.6179858464747667,0.3307189326733351,0.00820099376142025,0.8761419449001551,11.254109907895327,0.18073082901537418,0.7680158596485853,0.029415125027298927,24.625394260510802,1822362.634321091,1822362.648047037
1578,eye1,adgbc_trt_one_euro,calibration,loop,10.176210897043347,0.0,0.38386392407119274,0.6179858464747667,0.3307189326733351,0.00820099376142025,0.8761419449001551,11.455846950411797,0.003521796315908432,0.7680158596485853,0.029415125027298927,24.649922270327806,1822362.634321091,1822362.648075951
1573,eye0,adgbc_trt_one_euro,calibration,loop,10.281302034854889,0.0,0.3658120986074209,0.6105080246925354,0.31282915733754635,0.007039867341518402,0.8392720483243465,6.348859053105116,0.1848689280450344,0.7680158596485853,0.029415125027298927,19.74792219698429,1822362.639556067,1822362.64829799
1573,eye0,adgbc_trt_one_euro,calibration,loop,10.281302034854889,0.0,0.3658120986074209,0.6105080246925354,0.31282915733754635,0.007039867341518402,0.8392720483243465,7.277294993400574,0.003903871402144432,0.7680158596485853,0.029415125027298927,20.49539308063686,1822362.639556067,1822362.649048514
1579,eye1,adgbc_trt_one_euro,calibration,loop,10.079544968903065,0.0,0.3722710534930229,0.6127948872745037,0.29577105306088924,0.007573980838060379,0.8267639204859734,4.599767038598657,0.20012282766401768,0.7680158596485853,0.029415125027298927,17.792040714994073,1822362.642293286,1822362.649284934
1579,eye1,adgbc_trt_one_euro,calibration,loop,10.079544968903065,0.0,0.3722710534930229,0.6127948872745037,0.29577105306088924,0.007573980838060379,0.8267639204859734,4.826292162761092,0.0036209821701049805,0.7680158596485853,0.029415125027298927,17.822063993662596,1822362.642293286,1822362.649314803
1574,eye0,adgbc_trt_one_euro,calibration,loop,10.198150062933564,0.0,0.36677392199635506,0.6426919717341661,0.3137660678476095,0.0073069240897893906,0.8384420070797205,32.64332818798721,0.37847808562219143,0.7478848565369844,0.029532937332987785,46.16635502316058,1822362.647541941,1822362.682817686
1574,eye0,adgbc_trt_one_euro,calibration,loop,10.198150062933564,0.0,0.36677392199635506,0.6426919717341661,0.3137660678476095,0.0073069240897893906,0.8384420070797205,33.06604805402458,0.004295026883482933,0.7478848565369844,0.029532937332987785,46.21489183045924,1822362.647541941,1822362.682856047
1580,eye1,adgbc_trt_one_euro,calibration,loop,10.02447516657412,0.0,0.37266197614371777,0.6473688408732414,0.29967399314045906,0.007661990821361542,0.8245951030403376,30.357514042407274,0.22059609182178974,0.7478848565369844,0.029532937332987785,43.531964998692274,1822362.650307329,1822362.683114321
1580,eye1,adgbc_trt_one_euro,calibration,loop,10.02447516657412,0.0,0.37266197614371777,0.6473688408732414,0.29967399314045906,0.007661990821361542,0.8245951030403376,30.606759013608098,0.003919005393981934,0.7478848565369844,0.029532937332987785,43.56453288346529,1822362.650307329,1822362.683147776
1575,eye0,adgbc_trt_one_euro,calibration,loop,10.157312033697963,0.0,0.38650608621537685,0.6601379718631506,0.6767809391021729,0.00575394369661808,0.5370660219341516,25.290878023952246,0.20059500820934772,0.7478848565369844,0.029532937332987785,38.692447822541,1822362.655570202,1822362.68338777
1575,eye0,adgbc_trt_one_euro,calibration,loop,10.157312033697963,0.0,0.38650608621537685,0.6601379718631506,0.6767809391021729,0.00575394369661808,0.5370660219341516,25.524336146190763,0.0038440339267253876,0.7478848565369844,0.029532937332987785,38.72915497049689,1822362.655570202,1822362.683420195
1581,eye1,adgbc_trt_one_euro,calibration,loop,9.95940319262445,0.0,0.3777928650379181,0.6633719895035028,0.3026961348950863,0.007603084668517113,0.8533860091120005,22.86251913756132,0.20115403458476067,0.7478848565369844,0.029532937332987785,36.00534424185753,1822362.658311247,1822362.683656463
1581,eye1,adgbc_trt_one_euro,calibration,loop,9.95940319262445,0.0,0.3777928650379181,0.6633719895035028,0.3026961348950863,0.007603084668517113,0.8533860091120005,23.090330883860588,0.0036009587347507477,0.7478848565369844,0.029532937332987785,36.035602912306786,1822362.658311247,1822362.683688133
1576,eye0,adgbc_trt_one_euro,calibration,loop,10.063082911074162,0.0,0.367320841178298,0.6537751760333776,0.31716981902718544,0.007689930498600006,0.8617721032351255,17.893346026539803,0.19293208606541157,0.7478848565369844,0.029532937332987785,31.134506687521935,1822362.66354595,1822362.683917053
1576,eye0,adgbc_trt_one_euro,calibration,loop,10.063082911074162,0.0,0.367320841178298,0.6537751760333776,0.31716981902718544,0.007689930498600006,0.8617721032351255,18.11316004022956,0.0037080608308315277,0.7478848565369844,0.029532937332987785,31.16509667597711,1822362.66354595,1822362.683947754
1582,eye1,adgbc_trt_one_euro,calibration,loop,9.895197115838528,0.0,0.3670139703899622,0.6469609215855598,0.29997993260622025,0.007730908691883087,0.6733050104230642,15.605030115693808,0.20585395395755768,0.7478848565369844,0.029532937332987785,28.478489723056555,1822362.666315943,1822362.684187919
1582,eye1,adgbc_trt_one_euro,calibration,loop,9.895197115838528,0.0,0.3670139703899622,0.6469609215855598,0.29997993260622025,0.007730908691883087,0.6733050104230642,15.842551831156015,0.0036330893635749817,0.7478848565369844,0.029532937332987785,28.51379057392478,1822362.666315943,1822362.684219206
1577,eye0,adgbc_trt_one_euro,calibration,loop,9.994691936299205,0.0,0.36282604560256004,0.6080390885472298,0.31186710111796856,0.007295981049537659,0.8414450567215681,10.501021053642035,0.19062496721744537,0.7478848565369844,0.029532937332987785,23.59522902406752,1822362.671546457,1822362.684443528
1577,eye0,adgbc_trt_one_euro,calibration,loop,9.994691936299205,0.0,0.36282604560256004,0.6080390885472298,0.31186710111796856,0.007295981049537659,0.8414450567215681,10.719802929088473,0.0036940909922122955,0.7478848565369844,0.029532937332987785,23.627080023288727,1822362.671546457,1822362.684477462
0,eye0,adgbc_trt_one_euro,calibration,loop,0.0,0.0,0.0,0.0,0.0,0.0,0.8329648990184069,8.36572190746665,0.003522029146552086,0.7478848565369844,0.029532937332987785,9.979626629501581,1822362.684721319,1822362.684731601
1578,eye0,adgbc_trt_one_euro,calibration,loop,9.93402604945004,0.0,0.36821793764829636,0.6130528636276722,0.3213370218873024,0.007151160389184952,0.8574111852794886,2.9681469313800335,0.18798094242811203,0.7478848565369844,0.029532937332987785,16.034741885960102,1822362.679554901,1822362.684954768
1578,eye0,adgbc_trt_one_euro,calibration,loop,9.93402604945004,0.0,0.36821793764829636,0.6130528636276722,0.3213370218873024,0.007151160389184952,0.8574111852794886,3.185632871463895,0.0036479905247688293,0.7478848565369844,0.029532937332987785,16.06789487414062,1822362.679554901,1822362.684988375
1584,eye1,adgbc_trt_one_euro,calibration,loop,9.77109489031136,0.0,0.40403916500508785,0.6230459548532963,0.3331438638269901,0.003261025995016098,0.9198188781738281,0.35334215499460697,0.18676905892789364,0.7478848565369844,0.029532937332987785,13.371932785958052,1822362.682330135,1822362.685235928
1584,eye1,adgbc_trt_one_euro,calibration,loop,9.77109489031136,0.0,0.40403916500508785,0.6230459548532963,0.3331438638269901,0.003261025995016098,0.9198188781738281,0.571003882214427,0.0033120159059762955,0.7478848565369844,0.029532937332987785,13.406137470155954,1822362.682330135,1822362.685267746
1579,eye0,adgbc_trt_one_euro,calibration,loop,9.887916967272758,0.0,0.40998007170856,0.6790149491280317,0.5675060674548149,0.008278992027044296,0.8782399818301201,24.229916045442224,0.2824980765581131,0.6846871692687273,0.03248313441872597,37.66052145510912,1822362.687577944,1822362.714720614
1579,eye0,adgbc_trt_one_euro,calibration,loop,9.887916967272758,0.0,0.40998007170856,0.6790149491280317,0.5675060674548149,0.008278992027044296,0.8782399818301201,24.553615832701325,0.004236819222569466,0.6846871692687273,0.03248313441872597,37.70595998503268,1822362.687577944,1822362.714756924
1585,eye1,adgbc_trt_one_euro,calibration,loop,9.674509055912495,0.0,0.39078504778444767,0.6778060924261808,0.3274951595813036,0.008898787200450897,0.8636321872472763,22.14540494605899,0.20879809744656086,0.6846871692687273,0.03248313441872597,35.01449967734516,1822362.690302201,1822362.715005621
1585,eye1,adgbc_trt_one_euro,calibration,loop,9.674509055912495,0.0,0.39078504778444767,0.6778060924261808,0.3274951595813036,0.008898787200450897,0.8636321872472763,22.389230085536838,0.0038731377571821213,0.6846871692687273,0.03248313441872597,35.05339985713363,1822362.690302201,1822362.715042622
1580,eye0,adgbc_trt_one_euro,calibration,loop,9.78587893769145,0.0,0.3691499587148428,0.648838933557272,0.314593780785799,0.007322989404201508,0.8403991814702749,17.27902190759778,0.19285711459815502,0.6846871692687273,0.03248313441872597,30.15523310750723,1822362.69554451,1822362.715270305
1580,eye0,adgbc_trt_one_euro,calibration,loop,9.78587893769145,0.0,0.3691499587148428,0.648838933557272,0.314593780785799,0.007322989404201508,0.8403991814702749,17.49783707782626,0.0036261044442653656,0.6846871692687273,0.03248313441872597,30.18481726758182,1822362.69554451,1822362.715300401
1586,eye1,adgbc_trt_one_euro,calibration,loop,9.61287203244865,0.0,0.36868685856461525,0.6146230734884739,0.32467092387378216,0.008075032383203506,0.8315250743180513,14.801702927798033,0.1966289710253477,0.6846871692687273,0.03248313441872597,27.47595519758761,1822362.698309571,1822362.715530468
1586,eye1,adgbc_trt_one_euro,calibration,loop,9.61287203244865,0.0,0.36868685856461525,0.6146230734884739,0.32467092387378216,0.008075032383203506,0.8315250743180513,15.02722199074924,0.0037490390241146088,0.6846871692687273,0.03248313441872597,27.508594328537583,1822362.698309571,1822362.715565288
1581,eye0,adgbc_trt_one_euro,calibration,loop,9.75555693730712,0.0,0.3901761956512928,0.6179600022733212,0.556581187993288,0.007625902071595192,0.9835690725594759,9.38322301954031,0.18818210810422897,0.6846871692687273,0.03248313441872597,22.600044729188085,1822362.703583521,1822362.715788552
1581,eye0,adgbc_trt_one_euro,calibration,loop,9.75555693730712,0.0,0.3901761956512928,0.6179600022733212,0.556581187993288,0.007625902071595192,0.9835690725594759,9.595659095793962,0.0035369303077459335,0.6846871692687273,0.03248313441872597,22.627835627645254,1822362.703583521,1822362.715817291
1587,eye1,adgbc_trt_one_euro,calibration,loop,9.551649913191795,0.0,0.3767439629882574,0.663127051666379,0.3274769987910986,0.007603084668517113,0.8431100286543369,7.243962027132511,0.19395886920392513,0.6846871692687273,0.03248313441872597,19.924802239984274,1822362.706317502,1822362.716048138
1587,eye1,adgbc_trt_one_euro,calibration,loop,9.551649913191795,0.0,0.3767439629882574,0.663127051666379,0.3274769987910986,0.007603084668517113,0.8431100286543369,7.466921117156744,0.0037811696529388428,0.6846871692687273,0.03248313441872597,19.95758363045752,1822362.706317502,1822362.71608269
1582,eye0,adgbc_trt_one_euro,calibration,loop,9.669031016528606,0.0,0.3866658080369234,0.6396961398422718,0.2930259797722101,0.007587019354104996,0.9018857963383198,2.2487498354166746,0.17338688485324383,0.6846871692687273,0.03248313441872597,15.037198783829808,1822362.711565733,1822362.716287559
1582,eye0,adgbc_trt_one_euro,calibration,loop,9.669031016528606,0.0,0.3866658080369234,0.6396961398422718,0.2930259797722101,0.007587019354104996,0.9018857963383198,2.4468041956424713,0.0035730190575122833,0.6846871692687273,0.03248313441872597,15.065439278259873,1822362.711565733,1822362.716320519
1588,eye1,adgbc_trt_one_euro,calibration,loop,9.473175974562764,0.0,0.3682069946080446,0.6107022054493427,0.32344087958335876,0.0076910946518182755,0.8149889763444662,29.969329945743084,0.30094082467257977,0.7763269823044538,0.03336905501782894,42.67817293293774,1822362.714307968,1822362.746793036
1588,eye1,adgbc_trt_one_euro,calibration,loop,9.473175974562764,0.0,0.3682069946080446,0.6107022054493427,0.32344087958335876,0.0076910946518182755,0.8149889763444662,30.317185912281275,0.004799105226993561,0.7763269823044538,0.03336905501782894,42.729887180030346,1822362.714307968,1822362.746832915
1583,eye0,adgbc_trt_one_euro,calibration,loop,9.584977990016341,0.0,0.37050596438348293,0.618229852989316,0.2945710439234972,0.007351161912083626,0.8611739613115788,25.09060292504728,0.21293014287948608,0.7763269823044538,0.03336905501782894,37.85003907978535,1822362.719550741,1822362.747087818
1583,eye0,adgbc_trt_one_euro,calibration,loop,9.584977990016341,0.0,0.37050596438348293,0.618229852989316,0.2945710439234972,0.007351161912083626,0.8611739613115788,25.336778024211526,0.003884080797433853,0.7763269823044538,0.03336905501782894,37.88716811686754,1822362.719550741,1822362.747120197
1589,eye1,adgbc_trt_one_euro,calibration,loop,9.4015181530267,0.0,0.3845449537038803,0.6763238925486803,0.6266369018703699,0.023860018700361252,0.625052023679018,22.443993017077446,0.20022201351821423,0.7763269823044538,0.03336905501782894,35.19184701144695,1822362.722305175,1822362.747356508
1589,eye1,adgbc_trt_one_euro,calibration,loop,9.4015181530267,0.0,0.3845449537038803,0.6763238925486803,0.6266369018703699,0.023860018700361252,0.625052023679018,22.682870971038938,0.003839842975139618,0.7763269823044538,0.03336905501782894,35.23434279486537,1822362.722305175,1822362.747393932
1584,eye0,adgbc_trt_one_euro,calibration,loop,9.590433211997151,0.0,0.38959598168730736,0.660022022202611,0.3011950757354498,0.007565133273601532,0.8670759852975607,17.49710296280682,0.19361893646419048,0.7763269823044538,0.03336905501782894,30.316305346786976,1822362.727625376,1822362.747622106
1584,eye0,adgbc_trt_one_euro,calibration,loop,9.590433211997151,0.0,0.38959598168730736,0.660022022202611,0.3011950757354498,0.007565133273601532,0.8670759852975607,17.717144917696714,0.00344705767929554,0.7763269823044538,0.03336905501782894,30.346175422891974,1822362.727625376,1822362.747652763
0,eye0,adgbc_trt_one_euro,calibration,loop,0.0,0.0,0.0,0.0,0.0,0.0,0.7307659834623337,15.4617999214679,0.0036498531699180603,0.7763269823044538,0.03336905501782894,17.005911795422435,1822362.747890757,1822362.747901005
1585,eye0,adgbc_trt_one_euro,calibration,loop,9.436536813154817,0.0,0.36415806971490383,0.6074509583413601,0.29192306101322174,0.00730506144464016,0.8351712021976709,10.215308051556349,0.19646412692964077,0.7763269823044538,0.03336905501782894,22.764013381674886,1822362.735540148,1822362.748131319
1585,eye0,adgbc_trt_one_euro,calibration,loop,9.436536813154817,0.0,0.36415806971490383,0.6074509583413601,0.29192306101322174,0.00730506144464016,0.8351712021976709,10.440590092912316,0.003718072548508644,0.7763269823044538,0.03336905501782894,22.79654936864972,1822362.735540148,1822362.748165635
1591,eye1,adgbc_trt_one_euro,calibration,loop,9.288044180721045,0.0,0.3636069595813751,0.609072158113122,0.3217731136828661,0.002987915650010109,0.8693928830325603,7.6273600570857525,0.19594118930399418,0.7763269823044538,0.03336905501782894,20.087874494493008,1822362.738329786,1822362.748396109
1591,eye1,adgbc_trt_one_euro,calibration,loop,9.288044180721045,0.0,0.3636069595813751,0.609072158113122,0.3217731136828661,0.002987915650010109,0.8693928830325603,7.847894914448261,0.003704102709889412,0.7763269823044538,0.03336905501782894,20.11617226526141,1822362.738329786,1822362.748425647
1586,eye0,adgbc_trt_one_euro,calibration,loop,9.362517856061459,0.0,0.3646779805421829,0.6416880059987307,0.29130117036402225,0.007152091711759567,0.8743929211050272,2.671255962923169,0.1987488940358162,0.7763269823044538,0.03336905501782894,15.22143092006445,1822362.74353517,1822362.748658432
1586,eye0,adgbc_trt_one_euro,calibration,loop,9.362517856061459,0.0,0.3646779805421829,0.6416880059987307,0.29130117036402225,0.007152091711759567,0.8743929211050272,3.59629699960351,0.004409113898873329,0.7763269823044538,0.03336905501782894,15.952132176607847,1822362.74353517,1822362.749392224
1592,eye1,adgbc_trt_one_euro,calibration,loop,9.199898922815919,0.0,0.38126297295093536,0.6531281396746635,0.3082521725445986,0.0082370825111866,0.8078189566731453,0.8008989971131086,0.1603879500180483,0.7763269823044538,0.03336905501782894,13.129581231623888,1822362.746310742,1822362.74958123
1592,eye1,adgbc_trt_one_euro,calibration,loop,9.199898922815919,0.0,0.38126297295093536,0.6531281396746635,0.3082521725445986,0.0082370825111866,0.8078189566731453,0.9743701666593552,0.002559041604399681,0.7763269823044538,0.03336905501782894,13.145223492756486,1822362.746310742,1822362.749600696
1587,eye0,adgbc_trt_one_euro,calibration,loop,9.329005843028426,0.0,0.39082905277609825,0.6409150082617998,0.5847641732543707,0.008017057552933693,0.9253518655896187,28.163010952994227,0.17984001897275448,0.5001998506486416,0.018300022929906845,40.74023384600878,1822362.75157085,1822362.782542561
1587,eye0,adgbc_trt_one_euro,calibration,loop,9.329005843028426,0.0,0.39082905277609825,0.6409150082617998,0.5847641732543707,0.008017057552933693,0.9253518655896187,28.364846017211676,0.0030249357223510742,0.5001998506486416,0.018300022929906845,40.76525382697582,1822362.75157085,1822362.782567213
1593,eye1,adgbc_trt_one_euro,calibration,loop,9.095313027501106,0.0,0.2837281208485365,0.6269060540944338,0.19797519780695438,0.005976995453238487,0.7723809685558081,26.371960062533617,0.11964491568505764,0.5001998506486416,0.018300022929906845,37.9923852160573,1822362.754275189,1822362.782707605
1593,eye1,adgbc_trt_one_euro,calibration,loop,9.095313027501106,0.0,0.2837281208485365,0.6269060540944338,0.19797519780695438,0.005976995453238487,0.7723809685558081,26.51262516155839,0.0025241170078516006,0.5001998506486416,0.018300022929906845,38.01592951640487,1822362.754275189,1822362.782732156
0,eye0,adgbc_trt_one_euro,calibration,loop,0.0,0.0,0.0,0.0,0.0,0.0,1.0970858857035637,20.594245987012982,0.00227498821914196,0.5001998506486416,0.018300022929906845,22.212106734514236,1822362.782867209,1822362.78287329
1594,eye1,adgbc_trt_one_euro,calibration,loop,9.000880876556039,0.0,0.2805190160870552,0.6458479911088943,0.1945521216839552,0.006187940016388893,0.5103771109133959,18.955202074721456,0.13798102736473083,0.5001998506486416,0.018300022929906845,30.250048032030463,1822362.762249728,1822362.783031624
1594,eye1,adgbc_trt_one_euro,calibration,loop,9.000880876556039,0.0,0.2805190160870552,0.6458479911088943,0.1945521216839552,0.006187940016388893,0.5103771109133959,19.107988104224205,0.0023068860173225403,0.5001998506486416,0.018300022929906845,30.267159920185804,1822362.762249728,1822362.783050244
1589,eye0,adgbc_trt_one_euro,calibration,loop,9.22013889066875,0.0,0.3634470049291849,0.6419629789888859,0.29456312768161297,0.002963002771139145,0.8591969963163137,13.241427950561047,0.09493413381278515,0.5001998506486416,0.018300022929906845,25.237133959308267,1822362.767599851,1822362.783161527
1589,eye0,adgbc_trt_one_euro,calibration,loop,9.22013889066875,0.0,0.3634470049291849,0.6419629789888859,0.29456312768161297,0.002963002771139145,0.8591969963163137,13.343179831281304,0.0021581072360277176,0.5001998506486416,0.018300022929906845,25.246109813451767,1822362.767599851,1822362.783178726
1595,eye1,adgbc_trt_one_euro,calibration,loop,8.933566976338625,0.0,0.2666541840881109,0.5941158160567284,0.37948600947856903,0.005665002390742302,0.4934240132570267,11.157937115058303,0.0983579084277153,0.5001998506486416,0.018300022929906845,22.44770689867437,1822362.770250973,1822362.783296025
1595,eye1,adgbc_trt_one_euro,calibration,loop,8.933566976338625,0.0,0.2666541840881109,0.5941158160567284,0.37948600947856903,0.005665002390742302,0.4934240132570267,11.268185917288065,0.002084067091345787,0.5001998506486416,0.018300022929906845,22.46168185956776,1822362.770250973,1822362.783312009
1590,eye0,adgbc_trt_one_euro,calibration,loop,9.088960010558367,0.0,0.268672127276659,0.587361166253686,0.18575601279735565,0.005340902134776115,0.5340899806469679,6.1618059407919645,0.0973858404904604,0.5001998506486416,0.018300022929906845,17.447871854528785,1822362.775537643,1822362.783426365
1590,eye0,adgbc_trt_one_euro,calibration,loop,9.088960010558367,0.0,0.268672127276659,0.587361166253686,0.18575601279735565,0.005340902134776115,0.5340899806469679,6.271702935919166,0.0022440217435359955,0.5001998506486416,0.018300022929906845,17.46262703090906,1822362.775537643,1822362.783442958
1596,eye1,adgbc_trt_one_euro,calibration,loop,8.876340929418802,0.0,0.24140882305800915,0.5897330120205879,0.19001704640686512,0.0054300762712955475,0.42301416397094727,3.6186559591442347,0.09473809041082859,0.5001998506486416,0.018300022929906845,14.557837974280119,1822362.778262746,1822362.783555471
1596,eye1,adgbc_trt_one_euro,calibration,loop,8.876340929418802,0.0,0.24140882305800915,0.5897330120205879,0.19001704640686512,0.0054300762712955475,0.42301416397094727,3.7192830350250006,0.002092914655804634,0.5001998506486416,0.018300022929906845,14.565819874405861,1822362.778262746,1822362.783571304
1591,eye0,adgbc_trt_one_euro,calibration,loop,9.11883101798594,0.0,0.3729339223355055,0.609023030847311,0.31533604487776756,0.008009141311049461,0.8382291998714209,28.480479028075933,0.2993440721184015,0.5613791290670633,0.03372109495103359,40.637285681441426,1822362.783636755,1822362.814724149
1591,eye0,adgbc_trt_one_euro,calibration,loop,9.11883101798594,0.0,0.3729339223355055,0.609023030847311,0.31533604487776756,0.008009141311049461,0.8382291998714209,28.830261202529073,0.0044389162212610245,0.5613791290670633,0.03372109495103359,40.692162699997425,1822362.783636755,1822362.814770101
1597,eye1,adgbc_trt_one_euro,calibration,loop,8.808949030935764,0.0,0.24963612668216228,0.6494249682873487,0.1930701546370983,0.005624955520033836,0.5724600050598383,26.813869830220938,0.21584494970738888,0.5613791290670633,0.03372109495103359,38.10398024506867,1822362.786264362,1822362.815025522
1597,eye1,adgbc_trt_one_euro,calibration,loop,8.808949030935764,0.0,0.24963612668216228,0.6494249682873487,0.1930701546370983,0.005624955520033836,0.5724600050598383,27.06937398761511,0.004124129191040993,0.5613791290670633,0.03372109495103359,38.14776358194649,1822362.786264362,1822362.815063585
0,eye0,adgbc_trt_one_euro,calibration,loop,0.0,0.0,0.0,0.0,0.0,0.0,1.0632029734551907,21.271309116855264,0.0038801226764917374,0.5613791290670633,0.03372109495103359,22.933492437005043,1822362.815319041,1822362.815330414
1598,eye1,adgbc_trt_one_euro,calibration,loop,8.719417033717036,0.0,0.24545099586248398,0.592357013374567,0.3723690751940012,0.006363028660416603,0.5394790787249804,19.309186842292547,0.183918047696352,0.5613791290670633,0.03372109495103359,30.56364133954048,1822362.794243502,1822362.815548516
1598,eye1,adgbc_trt_one_euro,calibration,loop,8.719417033717036,0.0,0.24545099586248398,0.592357013374567,0.3723690751940012,0.006363028660416603,0.5394790787249804,19.52775497920811,0.003990018740296364,0.5613791290670633,0.03372109495103359,30.60228144749999,1822362.794243502,1822362.815585998
1593,eye0,adgbc_trt_one_euro,calibration,loop,8.914601057767868,0.0,0.36914204247295856,0.6138607859611511,0.3162049688398838,0.0030829105526208878,0.864407978951931,13.811513083055615,0.20700902678072453,0.5613791290670633,0.03372109495103359,25.69492207840085,1822362.799570428,1822362.815832374
1593,eye0,adgbc_trt_one_euro,calibration,loop,8.914601057767868,0.0,0.36914204247295856,0.6138607859611511,0.3162049688398838,0.0030829105526208878,0.864407978951931,14.04878101311624,0.0038750004023313522,0.5613791290670633,0.03372109495103359,25.729055982083082,1822362.799570428,1822362.815865422
1599,eye1,adgbc_trt_one_euro,calibration,loop,8.723377017304301,0.0,0.37080608308315277,0.6168100517243147,0.3228588029742241,0.00819982960820198,0.9179231710731983,11.268367059528828,0.21080905571579933,0.5613791290670633,0.03372109495103359,23.034251295030117,1822362.802317267,1822362.816119007
1599,eye1,adgbc_trt_one_euro,calibration,loop,8.723377017304301,0.0,0.37080608308315277,0.6168100517243147,0.3228588029742241,0.00819982960820198,0.9179231710731983,11.516889091581106,0.003843102604150772,0.5613791290670633,0.03372109495103359,23.075807373970747,1822362.802317267,1822362.8161552
1594,eye0,adgbc_trt_one_euro,calibration,loop,8.84559890255332,0.0,0.36047399044036865,0.6109338719397783,0.3124780487269163,0.007746974006295204,0.8495631627738476,6.4014350064098835,0.20277290605008602,0.5613791290670633,0.03372109495103359,18.186103086918592,1822362.807570401,1822362.816393666
1594,eye0,adgbc_trt_one_euro,calibration,loop,8.84559890255332,0.0,0.36047399044036865,0.6109338719397783,0.3124780487269163,0.007746974006295204,0.8495631627738476,6.634497083723545,0.0037190038710832596,0.5613791290670633,0.03372109495103359,18.22011126205325,1822362.807570401,1822362.816429036
1600,eye1,adgbc_trt_one_euro,calibration,loop,8.650516159832478,0.0,0.36668404936790466,0.6111369002610445,0.2969079650938511,0.007838010787963867,0.8718292228877544,3.920715069398284,0.19325409084558487,0.5613791290670633,0.03372109495103359,15.513981692492962,1822362.810313296,1822362.816657494
1600,eye1,adgbc_trt_one_euro,calibration,loop,8.650516159832478,0.0,0.36668404936790466,0.6111369002610445,0.2969079650938511,0.007838010787963867,0.8718292228877544,4.144326085224748,0.0036298297345638275,0.5613791290670633,0.03372109495103359,15.547968447208405,1822362.810313296,1822362.816692623
1595,eye0,adgbc_trt_one_euro,calibration,loop,8.77384003251791,0.0,0.3958169836550951,0.6131881382316351,0.30218297615647316,0.007811002433300018,0.8850691374391317,28.597858967259526,0.3025480546057224,0.8380578365176916,0.0336312223225832,40.75000435113907,1822362.81556763,1822362.846760704
1595,eye0,adgbc_trt_one_euro,calibration,loop,8.77384003251791,0.0,0.3958169836550951,0.6131881382316351,0.30218297615647316,0.007811002433300018,0.8850691374391317,28.94425578415394,0.004332046955823898,0.8380578365176916,0.0336312223225832,40.79818516038358,1822362.81556763,1822362.846799522
1601,eye1,adgbc_trt_one_euro,calibration,loop,8.59132781624794,0.0,0.3836520481854677,0.6164598744362593,0.4551319871097803,0.007765833288431168,0.9449028875678778,26.02461795322597,0.22430391982197762,0.8380578365176916,0.0336312223225832,38.11985137872398,1822362.818323153,1822362.847062983
1601,eye1,adgbc_trt_one_euro,calibration,loop,8.59132781624794,0.0,0.3836520481854677,0.6164598744362593,0.4551319871097803,0.007765833288431168,0.9449028875678778,26.284056017175317,0.004133908078074455,0.8380578365176916,0.0336312223225832,38.15911943092942,1822362.818323153,1822362.847101827
1596,eye0,adgbc_trt_one_euro,calibration,loop,8.673381991684437,0.0,0.3127169329673052,0.6544089410454035,0.20139780826866627,0.006363959982991219,0.5787359550595284,21.788873011246324,0.20520901307463646,0.8380578365176916,0.0336312223225832,33.292776672169566,1822362.823536166,1822362.847347534
1596,eye0,adgbc_trt_one_euro,calibration,loop,8.673381991684437,0.0,0.3127169329673052,0.6544089410454035,0.20139780826866627,0.006363959982991219,0.5787359550595284,22.022377932444215,0.0038051512092351913,0.8380578365176916,0.0336312223225832,33.324877731502056,1822362.823536166,1822362.847380235
1602,eye1,adgbc_trt_one_euro,calibration,loop,8.525572018697858,0.0,0.3970640245825052,0.671743880957365,0.32834592275321484,0.008156057447195053,0.9004280436784029,18.70527397841215,0.18301699310541153,0.8380578365176916,0.0336312223225832,30.59128997847438,1822362.826326522,1822362.847596555
1602,eye1,adgbc_trt_one_euro,calibration,loop,8.525572018697858,0.0,0.3970640245825052,0.671743880957365,0.32834592275321484,0.008156057447195053,0.9004280436784029,18.91617989167571,0.0037141144275665283,0.8380578365176916,0.0336312223225832,30.622893013060093,1822362.826326522,1822362.847632437
1597,eye0,adgbc_trt_one_euro,calibration,loop,8.569737896323204,0.0,0.27674995362758636,0.594184035435319,0.19447016529738903,0.006305985152721405,0.5253679119050503,14.510660897940397,0.1997239887714386,0.8380578365176916,0.0336312223225832,25.74888989329338,1822362.831501398,1822362.847870205
1597,eye0,adgbc_trt_one_euro,calibration,loop,8.569737896323204,0.0,0.27674995362758636,0.594184035435319,0.19447016529738903,0.006305985152721405,0.5253679119050503,14.744061045348644,0.003719935193657875,0.8380578365176916,0.0336312223225832,25.786285987123847,1822362.831501398,1822362.847901326
1603,eye1,adgbc_trt_one_euro,calibration,loop,8.438237942755222,0.0,0.36288192495703697,0.6123071070760489,0.2989198546856642,0.0074910931289196014,0.8704389911144972,11.404240969568491,0.20257593132555485,0.8380578365176916,0.0336312223225832,23.06878287345171,1822362.834307882,1822362.848142329
1603,eye1,adgbc_trt_one_euro,calibration,loop,8.438237942755222,0.0,0.36288192495703697,0.6123071070760489,0.2989198546856642,0.0074910931289196014,0.8704389911144972,11.637056013569236,0.0037821009755134583,0.8380578365176916,0.0336312223225832,23.102804087102413,1822362.834307882,1822362.848177476
1598,eye0,adgbc_trt_one_euro,calibration,loop,8.495423011481762,0.0,0.2424230333417654,0.5883688572794199,0.18636789172887802,0.005576061084866524,0.45281415805220604,7.118134060874581,0.19518285989761353,0.8380578365176916,0.0336312223225832,18.155978992581367,1822362.839495573,1822362.848410555
1598,eye0,adgbc_trt_one_euro,calibration,loop,8.495423011481762,0.0,0.2424230333417654,0.5883688572794199,0.18636789172887802,0.005576061084866524,0.45281415805220604,7.344262208789587,0.0038249418139457703,0.8380578365176916,0.0336312223225832,18.190749222412705,1822362.839495573,1822362.8484453
1604,eye1,adgbc_trt_one_euro,calibration,loop,8.371103089302778,0.0,0.3645170945674181,0.6167781539261341,0.3214981406927109,0.007295981049537659,0.852460041642189,3.9326350670307875,0.19172905012965202,0.8380578365176916,0.0336312223225832,15.529705677181482,1822362.842309795,1822362.848671468
1604,eye1,adgbc_trt_one_euro,calibration,loop,8.371103089302778,0.0,0.3645170945674181,0.6167781539261341,0.3214981406927109,0.007295981049537659,0.852460041642189,4.153434885665774,0.0035339035093784332,0.8380578365176916,0.0336312223225832,15.562310349196196,1822362.842309795,1822362.848705535
0,eye0,adgbc_trt_one_euro,calibration,loop,0.0,0.0,0.0,0.0,0.0,0.0,1.0785721242427826,33.06620800867677,0.0042619649320840836,0.888217007741332,0.028895912691950798,35.06615501828492,1822362.882857547,1822362.882872093
0,eye0,adgbc_trt_one_euro,calibration,loop,0.0,0.0,0.0,0.0,0.0,0.0,0.6296229548752308,31.520306831225753,0.004100147634744644,0.888217007741332,0.028895912691950798,33.07114285416901,1822362.883874182,1822362.883885979
1600,eye0,adgbc_trt_one_euro,calibration,loop,8.435907075181603,0.0,0.39621395990252495,0.6603780202567577,0.7618688978254795,0.003556022420525551,0.8878270164132118,25.562968105077744,0.20050490275025368,0.888217007741332,0.028895912691950798,37.82633692026138,1822362.855574833,1822362.884125415
1600,eye0,adgbc_trt_one_euro,calibration,loop,8.435907075181603,0.0,0.39621395990252495,0.6603780202567577,0.7618688978254795,0.003556022420525551,0.8878270164132118,25.7933319080621,0.00395788811147213,0.888217007741332,0.028895912691950798,37.86015370860696,1822362.855574833,1822362.884162707
1606,eye1,adgbc_trt_one_euro,calibration,loop,8.170532993972301,0.0,0.2693198621273041,0.6792580243200064,0.37740799598395824,0.0020470470190048218,0.5647342186421156,23.98991910740733,0.19273185171186924,0.888217007741332,0.028895912691950798,35.163064021617174,1822362.858247709,1822362.884391105
1606,eye1,adgbc_trt_one_euro,calibration,loop,8.170532993972301,0.0,0.2693198621273041,0.6792580243200064,0.37740799598395824,0.0020470470190048218,0.5647342186421156,24.214575067162514,0.003616092726588249,0.888217007741332,0.028895912691950798,35.198604222387075,1822362.858247709,1822362.884422392
1601,eye0,adgbc_trt_one_euro,calibration,loop,8.345923153683543,0.0,0.3736470825970173,0.6115501746535301,0.3201731014996767,0.00809691846370697,0.8803759701550007,18.634326057508588,0.1889450941234827,0.888217007741332,0.028895912691950798,30.28015047311783,1822362.863553844,1822362.884646065
1601,eye0,adgbc_trt_one_euro,calibration,loop,8.345923153683543,0.0,0.3736470825970173,0.6115501746535301,0.3201731014996767,0.00809691846370697,0.8803759701550007,18.849306972697377,0.0035688281059265137,0.888217007741332,0.028895912691950798,30.30975512228906,1822362.863553844,1822362.884676997
1607,eye1,adgbc_trt_one_euro,calibration,loop,12.172071961686015,0.0,0.31826598569750786,0.5929169710725546,0.19028992392122746,0.006159069016575813,0.5287239328026772,12.696451973170042,0.19468087702989578,0.888217007741332,0.028895912691950798,27.61667361482978,1822362.870318927,1822362.884907338
1607,eye1,adgbc_trt_one_euro,calibration,loop,12.172071961686015,0.0,0.31826598569750786,0.5929169710725546,0.19028992392122746,0.006159069016575813,0.5287239328026772,12.925215065479279,0.0036319252103567123,0.888217007741332,0.028895912691950798,27.654387755319476,1822362.870318927,1822362.884941983
1602,eye0,adgbc_trt_one_euro,calibration,loop,12.309201993048191,0.0,0.40261796675622463,0.6175560411065817,0.31735911034047604,0.00781891867518425,0.9104909840971231,7.059226045385003,0.19459193572402,0.888217007741332,0.028895912691950798,22.735975915566087,1822362.875586066,1822362.885171025
1602,eye0,adgbc_trt_one_euro,calibration,loop,12.309201993048191,0.0,0.40261796675622463,0.6175560411065817,0.31735911034047604,0.00781891867518425,0.9104909840971231,7.282885955646634,0.003638211637735367,0.888217007741332,0.028895912691950798,22.768682101741433,1822362.875586066,1822362.885205553
1608,eye1,adgbc_trt_one_euro,calibration,loop,12.125661130994558,0.0,0.3995720762759447,0.6427080370485783,0.30336505733430386,0.008675036951899529,0.9042238816618919,4.562682006508112,0.22992701269686222,0.888217007741332,0.028895912691950798,20.093927159905434,1822362.878341468,1822362.88546996
1608,eye1,adgbc_trt_one_euro,calibration,loop,12.125661130994558,0.0,0.3995720762759447,0.6427080370485783,0.30336505733430386,0.008675036951899529,0.9042238816618919,4.822782939299941,0.0038119032979011536,0.888217007741332,0.028895912691950798,20.1279129832983,1822362.878341468,1822362.885506602
1603,eye0,adgbc_trt_one_euro,calibration,loop,12.183235958218575,0.0,0.2670898102223873,0.5912759806960821,0.18547289073467255,0.0051979441195726395,0.7421588525176048,0.1561890821903944,0.19262311980128288,0.888217007741332,0.028895912691950798,15.240356558933854,1822362.88352883,1822362.885736647
1603,eye0,adgbc_trt_one_euro,calibration,loop,12.183235958218575,0.0,0.2670898102223873,0.5912759806960821,0.18547289073467255,0.0051979441195726395,0.7421588525176048,0.3739891108125448,0.0034871045500040054,0.888217007741332,0.028895912691950798,15.269020572304726,1822362.88352883,1822362.885767371
1609,eye1,adgbc_trt_one_euro,calibration,loop,12.031092075631022,0.0,0.37809996865689754,0.6141329649835825,0.3035040572285652,0.00764802098274231,0.8899599779397249,25.832457933574915,0.2772440202534199,0.8606768678873777,0.03441818989813328,41.22923407703638,1822362.886315836,1822362.91470488
1609,eye1,adgbc_trt_one_euro,calibration,loop,12.031092075631022,0.0,0.37809996865689754,0.6141329649835825,0.3035040572285652,0.00764802098274231,0.8899599779397249,26.15720801986754,0.0045299530029296875,0.8606768678873777,0.03441818989813328,41.281270096078515,1822362.886315836,1822362.914751673
1604,eye0,adgbc_trt_one_euro,calibration,loop,12.174815870821476,0.0,0.39503397420048714,0.6668781861662865,0.325710978358984,0.007849885150790215,0.579513143748045,21.134581184014678,0.21302304230630398,0.8606768678873777,0.03441818989813328,36.39250132255256,1822362.891589782,1822362.915008952
1604,eye0,adgbc_trt_one_euro,calibration,loop,12.174815870821476,0.0,0.39503397420048714,0.6668781861662865,0.325710978358984,0.007849885150790215,0.579513143748045,21.387497195973992,0.004027970135211945,0.8606768678873777,0.03441818989813328,36.436422262340784,1822362.891589782,1822362.915043155
1610,eye1,adgbc_trt_one_euro,calibration,loop,11.976215988397598,0.0,0.4157929215580225,0.6688670255243778,0.3267470747232437,0.007784226909279823,0.8796099573373795,18.37218296714127,0.1888941042125225,0.8606768678873777,0.03441818989813328,33.731189323589206,1822362.894330079,1822362.915266397
1610,eye1,adgbc_trt_one_euro,calibration,loop,11.976215988397598,0.0,0.4157929215580225,0.6688670255243778,0.3267470747232437,0.007784226909279823,0.8796099573373795,18.58956692740321,0.003932975232601166,0.8606768678873777,0.03441818989813328,33.763612154871225,1822362.894330079,1822362.915302409
1605,eye0,adgbc_trt_one_euro,calibration,loop,12.011492857709527,0.0,0.24891993962228298,0.5920070689171553,0.18608313985168934,0.005583977326750755,0.5177089478820562,14.234566129744053,0.2000001259148121,0.8606768678873777,0.03441818989813328,28.891457244753838,1822362.899494694,1822362.915539412
1605,eye0,adgbc_trt_one_euro,calibration,loop,12.011492857709527,0.0,0.24891993962228298,0.5920070689171553,0.18608313985168934,0.005583977326750755,0.5177089478820562,14.472125098109245,0.0038479920476675034,0.8606768678873777,0.03441818989813328,28.932864079251885,1822362.899494694,1822362.915575469
1611,eye1,adgbc_trt_one_euro,calibration,loop,11.905276915058494,0.0,0.37778913974761963,0.6148950196802616,0.3221919760107994,0.007369788363575935,0.8641921449452639,11.022753082215786,0.2010050229728222,0.8606768678873777,0.03441818989813328,26.210568146780133,1822362.902328074,1822362.915816291
1611,eye1,adgbc_trt_one_euro,calibration,loop,11.905276915058494,0.0,0.37778913974761963,0.6148950196802616,0.3221919760107994,0.007369788363575935,0.8641921449452639,11.251720832660794,0.003705965355038643,0.8606768678873777,0.03441818989813328,26.242236839607358,1822362.902328074,1822362.915847186
1606,eye0,adgbc_trt_one_euro,calibration,loop,11.957196053117514,0.0,0.2431171014904976,0.5916408263146877,0.18759607337415218,0.0053069088608026505,0.5139149725437164,6.77220500074327,0.1994478516280651,0.8606768678873777,0.03441818989813328,21.365519845858216,1822362.907509546,1822362.916081904
1606,eye0,adgbc_trt_one_euro,calibration,loop,11.957196053117514,0.0,0.2431171014904976,0.5916408263146877,0.18759607337415218,0.0053069088608026505,0.5139149725437164,7.009215885773301,0.0038759317249059677,0.8606768678873777,0.03441818989813328,21.40695881098509,1822362.907509546,1822362.916118667
1612,eye1,adgbc_trt_one_euro,calibration,loop,11.826829984784126,0.0,0.36772084422409534,0.6132700946182013,0.3189810086041689,0.007528113201260567,0.8447200525552034,3.608203027397394,0.20152004435658455,0.8606768678873777,0.03441818989813328,18.683868227526546,1822362.910318541,1822362.916355574
1612,eye1,adgbc_trt_one_euro,calibration,loop,11.826829984784126,0.0,0.36772084422409534,0.6132700946182013,0.3189810086041689,0.007528113201260567,0.8447200525552034,3.836509073153138,0.003742985427379608,0.8606768678873777,0.03441818989813328,18.714397214353085,1822362.910318541,1822362.916387076
1607,eye0,adgbc_trt_one_euro,calibration,loop,11.86795299872756,0.0,0.2437019720673561,0.5877551157027483,0.1913420855998993,0.005094101652503014,0.5033728666603565,33.36050407961011,0.3071669489145279,0.9214801248162985,0.03416184335947037,48.02253213711083,1822362.915489071,1822362.950758858
1607,eye0,adgbc_trt_one_euro,calibration,loop,11.86795299872756,0.0,0.2437019720673561,0.5877551157027483,0.1913420855998993,0.005094101652503014,0.5033728666603565,33.726343885064125,0.0047299545258283615,0.9214801248162985,0.03416184335947037,48.085934948176146,1822362.915489071,1822362.950806288
1613,eye1,adgbc_trt_one_euro,calibration,loop,11.774342972785234,0.0,0.3750082105398178,0.6129571702331305,0.505656935274601,0.007986091077327728,1.0101818479597569,29.90498999133706,0.20945887081325054,0.9214801248162985,0.03416184335947037,45.35622405819595,1822362.918335196,1822362.951053407
1613,eye1,adgbc_trt_one_euro,calibration,loop,11.774342972785234,0.0,0.3750082105398178,0.6129571702331305,0.505656935274601,0.007986091077327728,1.0101818479597569,30.146026983857155,0.0038750004023313522,0.9214801248162985,0.03416184335947037,45.39167718030512,1822362.918335196,1822362.951089644
1608,eye0,adgbc_trt_one_euro,calibration,loop,11.83957397006452,0.0,0.28359401039779186,0.6460130680352449,0.2011109609156847,0.005966983735561371,0.49052899703383446,25.84166801534593,0.19407598301768303,0.9214801248162985,0.03416184335947037,40.45817395672202,1822362.923529794,1822362.951322392
1608,eye0,adgbc_trt_one_euro,calibration,loop,11.83957397006452,0.0,0.28359401039779186,0.6460130680352449,0.2011109609156847,0.005966983735561371,0.49052899703383446,26.07076708227396,0.0037748832255601883,0.9214801248162985,0.03416184335947037,40.49697192385793,1822362.923529794,1822362.951357034
1614,eye1,adgbc_trt_one_euro,calibration,loop,11.702270014211535,0.0,0.39771897718310356,0.677742063999176,0.3302600234746933,0.007885042577981949,0.9215939790010452,22.6461801212281,0.19348296336829662,0.9214801248162985,0.03416184335947037,37.8327751532197,1822362.926332074,1822362.951585628
1614,eye1,adgbc_trt_one_euro,calibration,loop,11.702270014211535,0.0,0.39771897718310356,0.677742063999176,0.3302600234746933,0.007885042577981949,0.9215939790010452,22.868589032441378,0.0036461278796195984,0.9214801248162985,0.03416184335947037,37.8653472289443,1822362.926332074,1822362.951620107
1609,eye0,adgbc_trt_one_euro,calibration,loop,11.760906083509326,0.0,0.2860911190509796,0.5939661059528589,0.19745901226997375,0.005346955731511116,0.5171007942408323,18.47490295767784,0.19153603352606297,0.9214801248162985,0.03416184335947037,32.982951030135155,1822362.931520674,1822362.951847622
1609,eye0,adgbc_trt_one_euro,calibration,loop,11.760906083509326,0.0,0.2860911190509796,0.5939661059528589,0.19745901226997375,0.005346955731511116,0.5171007942408323,18.701239954680204,0.003605848178267479,0.9214801248162985,0.03416184335947037,33.02135784178972,1822362.931520674,1822362.951880273
1615,eye1,adgbc_trt_one_euro,calibration,loop,11.625570943579078,0.0,0.37470413371920586,0.6129578687250614,0.3159360494464636,0.007760012522339821,0.8623679168522358,15.343283070251346,0.19235489889979362,0.9214801248162985,0.03416184335947037,30.290576862171292,1822362.934324252,1822362.952108477
1615,eye1,adgbc_trt_one_euro,calibration,loop,11.625570943579078,0.0,0.37470413371920586,0.6129578687250614,0.3159360494464636,0.007760012522339821,0.8623679168522358,15.56040090508759,0.0035068951547145844,0.9214801248162985,0.03416184335947037,30.318846693262458,1822362.934324252,1822362.952138345
1610,eye0,adgbc_trt_one_euro,calibration,loop,11.695830151438713,0.0,0.2905570436269045,0.5929181352257729,0.1906298566609621,0.005318084731698036,0.4962340462952852,11.013966053724289,0.18575810827314854,0.9214801248162985,0.03416184335947037,25.426853448152542,1822362.939524487,1822362.952357338
1610,eye0,adgbc_trt_one_euro,calibration,loop,11.695830151438713,0.0,0.2905570436269045,0.5929181352257729,0.1906298566609621,0.005318084731698036,0.4962340462952852,11.234224075451493,0.003539957106113434,0.9214801248162985,0.03416184335947037,25.46489331871271,1822362.939524487,1822362.95239169
1616,eye1,adgbc_trt_one_euro,calibration,loop,11.556823970749974,0.0,0.36866706795990467,0.610315939411521,0.3177099861204624,0.007553957402706146,0.8434089832007885,7.878887001425028,0.18902216106653214,0.9214801248162985,0.03416184335947037,22.728031035512686,1822362.942324523,1822362.952614079
1616,eye1,adgbc_trt_one_euro,calibration,loop,11.556823970749974,0.0,0.36866706795990467,0.610315939411521,0.3177099861204624,0.007553957402706146,0.8434089832007885,8.091996889561415,0.003492925316095352,0.9214801248162985,0.03416184335947037,22.755611687898636,1822362.942324523,1822362.952643783
1611,eye0,adgbc_trt_one_euro,calibration,loop,11.597874108701944,0.0,0.23929495364427567,0.5926410667598248,0.1895320601761341,0.0054871197789907455,0.496462918817997,3.600856987759471,0.18767919391393661,0.9214801248162985,0.03416184335947037,17.865470377728343,1822362.947495035,1822362.952868769
1611,eye0,adgbc_trt_one_euro,calibration,loop,11.597874108701944,0.0,0.23929495364427567,0.5926410667598248,0.1895320601761341,0.0054871197789907455,0.496462918817997,3.825198858976364,0.0035669654607772827,0.9214801248162985,0.03416184335947037,17.905700020492077,1822362.947495035,1822362.952901048
1617,eye1,adgbc_trt_one_euro,calibration,loop,11.50472997687757,0.0,0.38997502997517586,0.6140950135886669,0.31386292539536953,0.007770024240016937,0.9030690416693687,0.29013585299253464,0.18729781731963158,0.9214801248162985,0.03416184335947037,15.166577650234103,1822362.950341542,1822362.953123828
1617,eye1,adgbc_trt_one_euro,calibration,loop,11.50472997687757,0.0,0.38997502997517586,0.6140950135886669,0.31386292539536953,0.007770024240016937,0.9030690416693687,0.5035849753767252,0.0034710392355918884,0.9214801248162985,0.03416184335947037,15.196199994534254,1822362.950341542,1822362.953156242
1612,eye0,adgbc_trt_one_euro,calibration,loop,11.606776854023337,0.0,0.3752338234335184,0.7170350290834904,1.1290370021015406,0.007955124601721764,0.7051839493215084,23.849691031500697,0.3030220977962017,0.5058171227574348,0.020049046725034714,39.219801081344485,1822362.955573658,1822362.982749677
1612,eye0,adgbc_trt_one_euro,calibration,loop,11.606776854023337,0.0,0.3752338234335184,0.7170350290834904,1.1290370021015406,0.007955124601721764,0.7051839493215084,24.985183030366898,0.005650101229548454,0.5058171227574348,0.020049046725034714,40.05792108364403,1822362.955573658,1822362.983576544
1618,eye1,adgbc_trt_one_euro,calibration,loop,11.41725410707295,0.0,0.41412701830267906,0.6776889786124229,0.3216210752725601,0.008187023922801018,0.9404320735484362,22.85028202459216,0.24175900034606457,0.5058171227574348,0.020049046725034714,37.397217471152544,1822362.958322987,1822362.983859656
1618,eye1,adgbc_trt_one_euro,calibration,loop,11.41725410707295,0.0,0.41412701830267906,0.6776889786124229,0.3216210752725601,0.008187023922801018,0.9404320735484362,23.123167920857668,0.004050787538290024,0.5058171227574348,0.020049046725034714,37.432395154610276,1822362.958322987,1822362.983893737
1613,eye0,adgbc_trt_one_euro,calibration,loop,11.481125839054585,0.0,0.2564140595495701,0.6307610310614109,0.19018608145415783,0.005593057721853256,0.45140902511775494,18.738535000011325,0.20980415865778923,0.5058171227574348,0.020049046725034714,32.489694422110915,1822362.96351643,1822362.984140566
1613,eye0,adgbc_trt_one_euro,calibration,loop,11.481125839054585,0.0,0.2564140595495701,0.6307610310614109,0.19018608145415783,0.005593057721853256,0.45140902511775494,18.97798478603363,0.004020053893327713,0.5058171227574348,0.020049046725034714,32.52336010336876,1822362.96351643,1822362.98417437
1619,eye1,adgbc_trt_one_euro,calibration,loop,11.340651893988252,0.0,0.874276040121913,0.6129320245236158,0.319500919431448,0.007706927135586739,0.869623851031065,15.134895918890834,0.19938708283007145,0.5058171227574348,0.020049046725034714,29.884840827435255,1822362.966315381,1822362.984409876
1619,eye1,adgbc_trt_one_euro,calibration,loop,11.340651893988252,0.0,0.874276040121913,0.6129320245236158,0.319500919431448,0.007706927135586739,0.869623851031065,15.361589845269918,0.0037779100239276886,0.5058171227574348,0.020049046725034714,29.915925581008196,1822362.966315381,1822362.984442187
0,eye0,adgbc_trt_one_euro,calibration,loop,0.0,0.0,0.0,0.0,0.0,0.0,0.9622569195926189,11.144988937303424,0.007335096597671509,0.5058171227574348,0.020049046725034714,12.640447122976184,1822362.984694674,1822362.984709198
1620,eye1,adgbc_trt_one_euro,calibration,loop,11.29807997494936,0.0,0.4013720899820328,0.6238939240574837,0.2695110160857439,0.005222158506512642,0.5474570207297802,8.49599507637322,0.19927998073399067,0.5058171227574348,0.020049046725034714,22.366677410900593,1822362.974341823,1822362.984946429
1620,eye1,adgbc_trt_one_euro,calibration,loop,11.29807997494936,0.0,0.4013720899820328,0.6238939240574837,0.2695110160857439,0.005222158506512642,0.5474570207297802,8.732207119464874,0.0039010774344205856,0.5058171227574348,0.020049046725034714,22.407510550692677,1822362.974341823,1822362.984981369
1615,eye0,adgbc_trt_one_euro,calibration,loop,11.412713909521699,0.0,0.3814040683209896,0.6199979688972235,0.3234660252928734,0.003221910446882248,0.9201231878250837,3.105411073192954,0.19929814152419567,0.5058171227574348,0.020049046725034714,17.49150245450437,1822362.979586647,1822362.98521639
1615,eye0,adgbc_trt_one_euro,calibration,loop,11.412713909521699,0.0,0.3814040683209896,0.6199979688972235,0.3234660252928734,0.003221910446882248,0.9201231878250837,3.3320661168545485,0.003698980435729027,0.5058171227574348,0.020049046725034714,17.5225583370775,1822362.979586647,1822362.985249349
1621,eye1,adgbc_trt_one_euro,calibration,loop,11.22357603162527,0.0,0.4041849169880152,0.62018190510571,0.321726081892848,0.008280156180262566,0.9280839003622532,0.5869108717888594,0.1902771182358265,0.5058171227574348,0.020049046725034714,14.809087151661515,1822362.982336574,1822362.985474068
1621,eye1,adgbc_trt_one_euro,calibration,loop,11.22357603162527,0.0,0.4041849169880152,0.62018190510571,0.321726081892848,0.008280156180262566,0.9280839003622532,0.8060201071202755,0.0036959536373615265,0.5058171227574348,0.020049046725034714,14.841615222394466,1822362.982336574,1822362.985509111
1616,eye0,adgbc_trt_one_euro,calibration,loop,11.326066916808486,0.0,0.3789279144257307,0.6598420441150665,0.7197039667516947,0.005993060767650604,0.49046589992940426,24.401689181104302,0.21702097728848457,0.6308658048510551,0.027132919058203697,38.85770868510008,1822362.987569807,1822363.014588455
1616,eye0,adgbc_trt_one_euro,calibration,loop,11.326066916808486,0.0,0.3789279144257307,0.6598420441150665,0.7197039667516947,0.005993060767650604,0.49046589992940426,24.641986936330795,0.003569992259144783,0.6308658048510551,0.027132919058203697,38.88455545529723,1822362.987569807,1822363.0146136
1622,eye1,adgbc_trt_one_euro,calibration,loop,11.162156006321311,0.0,0.3945799544453621,0.6595358718186617,0.2194540575146675,0.005766982212662697,0.764255877584219,22.184650879353285,0.11909683234989643,0.6308658048510551,0.027132919058203697,36.167495185509324,1822362.990344136,1822363.014757164
1622,eye1,adgbc_trt_one_euro,calibration,loop,11.162156006321311,0.0,0.3945799544453621,0.6595358718186617,0.2194540575146675,0.005766982212662697,0.764255877584219,22.313032066449523,0.002440996468067169,0.6308658048510551,0.027132919058203697,36.17922053672373,1822362.990344136,1822363.014775632
1617,eye0,adgbc_trt_one_euro,calibration,loop,11.2056580837816,0.0,0.27740607038140297,0.6612539291381836,0.3456480335444212,0.008558155968785286,0.9025449398905039,17.01159100048244,0.11348794214427471,0.6308658048510551,0.027132919058203697,31.18414687924087,1822362.995518425,1822363.014909619
1617,eye0,adgbc_trt_one_euro,calibration,loop,11.2056580837816,0.0,0.27740607038140297,0.6612539291381836,0.3456480335444212,0.008558155968785286,0.9025449398905039,17.136425944045186,0.002487795427441597,0.6308658048510551,0.027132919058203697,31.197981676086783,1822362.995518425,1822363.014929595
1623,eye1,adgbc_trt_one_euro,calibration,loop,11.076675960794091,0.0,0.3762459382414818,0.6209160201251507,0.30769803561270237,0.008181901648640633,0.6744549609720707,14.566553058102727,0.11815200559794903,0.6308658048510551,0.027132919058203697,28.406876605004072,1822362.998327485,1822363.015068411
1623,eye1,adgbc_trt_one_euro,calibration,loop,11.076675960794091,0.0,0.3762459382414818,0.6209160201251507,0.30769803561270237,0.008181901648640633,0.6744549609720707,14.69994499348104,0.0024649780243635178,0.6308658048510551,0.027132919058203697,28.4245815128088,1822362.998327485,1822363.015086995
1618,eye0,adgbc_trt_one_euro,calibration,loop,11.209116084501147,0.0,0.37933909334242344,0.6180719938129187,0.32253493554890156,0.007841968908905983,0.6075080018490553,9.52098285779357,0.1010289415717125,0.6308658048510551,0.027132919058203697,23.424422601237893,1822363.003591091,1822363.015207751
1618,eye0,adgbc_trt_one_euro,calibration,loop,11.209116084501147,0.0,0.37933909334242344,0.6180719938129187,0.32253493554890156,0.007841968908905983,0.6075080018490553,9.634220041334629,0.0021068844944238663,0.6308658048510551,0.027132919058203697,23.438737727701664,1822363.003591091,1822363.015224083
1624,eye1,adgbc_trt_one_euro,calibration,loop,10.929950047284365,0.0,0.24346401914954185,0.5917761009186506,0.190358841791749,0.005296897143125534,0.5279730539768934,7.375914137810469,0.09271898306906223,0.6308658048510551,0.027132919058203697,20.615450805053115,1822363.006249267,1822363.015333111
1624,eye1,adgbc_trt_one_euro,calibration,loop,10.929950047284365,0.0,0.24346401914954185,0.5917761009186506,0.190358841791749,0.005296897143125534,0.5279730539768934,7.48094217851758,0.0020810402929782867,0.6308658048510551,0.027132919058203697,20.629840902984142,1822363.006249267,1822363.015350171
1619,eye0,adgbc_trt_one_euro,calibration,loop,11.054561007767916,0.0,0.2673710696399212,0.5882799159735441,0.1896901521831751,0.005223788321018219,0.5504328291863203,2.152918139472604,0.1011560671031475,0.6308658048510551,0.027132919058203697,15.567631693556905,1822363.011505106,1822363.015468672
1619,eye0,adgbc_trt_one_euro,calibration,loop,11.054561007767916,0.0,0.2673710696399212,0.5882799159735441,0.1896901521831751,0.005223788321018219,0.5504328291863203,2.2666240110993385,0.0022060703486204147,0.6308658048510551,0.027132919058203697,15.582387568429112,1822363.011505106,1822363.015485111
1625,eye1,adgbc_trt_one_euro,calibration,loop,10.876947082579136,0.0,0.2460998948663473,0.5882082041352987,0.1908580306917429,0.005388166755437851,0.5380059592425823,34.537245985120535,0.3138650208711624,0.5401209928095341,0.03269501030445099,47.86943434737623,1822363.014265157,1822363.050756458
1625,eye1,adgbc_trt_one_euro,calibration,loop,10.876947082579136,0.0,0.2460998948663473,0.5882082041352987,0.1908580306917429,0.005388166755437851,0.5380059592425823,34.902581945061684,0.004320871084928513,0.5401209928095341,0.03269501030445099,47.92522615753114,1822363.014265157,1822363.050795321
1620,eye0,adgbc_trt_one_euro,calibration,loop,11.008227011188865,0.0,0.2616080455482006,0.6391890347003937,0.19841105677187443,0.005624955520033836,0.5625381600111723,29.56718998029828,0.21670199930667877,0.5401209928095341,0.03269501030445099,43.032306246459484,1822363.019527772,1822363.05105066
1620,eye0,adgbc_trt_one_euro,calibration,loop,11.008227011188865,0.0,0.2616080455482006,0.6391890347003937,0.19841105677187443,0.005624955520033836,0.5625381600111723,29.819105053320527,0.004280125722289085,0.5401209928095341,0.03269501030445099,43.07179944589734,1822363.019527772,1822363.051088908
1626,eye1,adgbc_trt_one_euro,calibration,loop,10.895492043346167,0.0,0.40045008063316345,0.6785490550100803,0.7753509562462568,0.008750008419156075,0.9858179837465286,25.841166963800788,0.20542601123452187,0.5401209928095341,0.03269501030445099,40.36381910555065,1822363.022353413,1822363.051332177
1626,eye1,adgbc_trt_one_euro,calibration,loop,10.895492043346167,0.0,0.40045008063316345,0.6785490550100803,0.7753509562462568,0.008750008419156075,0.9858179837465286,26.075354078784585,0.0038419384509325027,0.5401209928095341,0.03269501030445099,40.396422147750854,1822363.022353413,1822363.051365585
0,eye0,adgbc_trt_one_euro,calibration,loop,0.0,0.0,0.0,0.0,0.0,0.0,1.1242760811001062,21.503755822777748,0.003885943442583084,0.5401209928095341,0.03269501030445099,23.204733850434422,1822363.051620734,1822363.051631779
1627,eye1,adgbc_trt_one_euro,calibration,loop,10.801681084558368,0.0,0.3744969144463539,0.6172799039632082,0.3194129094481468,0.007713912054896355,0.8711661212146282,19.07438808120787,0.19962387159466743,0.5401209928095341,0.03269501030445099,32.838578801602125,1822363.030328487,1822363.051870398
1627,eye1,adgbc_trt_one_euro,calibration,loop,10.801681084558368,0.0,0.3744969144463539,0.6172799039632082,0.3194129094481468,0.007713912054896355,0.8711661212146282,19.303489942103624,0.003817956894636154,0.5401209928095341,0.03269501030445099,32.87187474779785,1822363.030328487,1822363.051905308
1622,eye0,adgbc_trt_one_euro,calibration,loop,10.921953013166785,0.0,0.36519416607916355,0.6119988393038511,0.319621991366148,0.0033690594136714935,0.8875799831002951,14.099112013354897,0.20626396872103214,0.5401209928095341,0.03269501030445099,27.98790903761983,1822363.035579769,1822363.052148041
1622,eye0,adgbc_trt_one_euro,calibration,loop,10.921953013166785,0.0,0.36519416607916355,0.6119988393038511,0.319621991366148,0.0033690594136714935,0.8875799831002951,14.3374630715698,0.003828899934887886,0.5401209928095341,0.03269501030445099,28.023825027048588,1822363.035579769,1822363.052184328
1628,eye1,adgbc_trt_one_euro,calibration,loop,10.729170870035887,0.0,0.36653410643339157,0.6109580863267183,0.31965714879333973,0.007251976057887077,0.8913471829146147,11.62393600679934,0.1984329428523779,0.5401209928095341,0.03269501030445099,25.32010432332754,1822363.038325056,1822363.052418634
1628,eye1,adgbc_trt_one_euro,calibration,loop,10.729170870035887,0.0,0.36653410643339157,0.6109580863267183,0.31965714879333973,0.007251976057887077,0.8913471829146147,11.849127011373639,0.0037818681448698044,0.5401209928095341,0.03269501030445099,25.350644253194332,1822363.038325056,1822363.052454875
1623,eye0,adgbc_trt_one_euro,calibration,loop,10.843347990885377,0.0,0.3630479332059622,0.6110391113907099,0.2947910688817501,0.007834983989596367,0.8684550411999226,6.703010061755776,0.1956149935722351,0.5401209928095341,0.03269501030445099,20.459957187995315,1822363.043570115,1822363.05268876
1623,eye0,adgbc_trt_one_euro,calibration,loop,10.843347990885377,0.0,0.3630479332059622,0.6110391113907099,0.2947910688817501,0.007834983989596367,0.8684550411999226,6.925557041540742,0.0035658013075590134,0.5401209928095341,0.03269501030445099,20.490454975515604,1822363.043570115,1822363.052719746
1629,eye1,adgbc_trt_one_euro,calibration,loop,10.65316703170538,0.0,0.3720929380506277,0.6117939483374357,0.3178699407726526,0.0074570998549461365,0.8490828331559896,4.20304317958653,0.193270156159997,0.5401209928095341,0.03269501030445099,17.780593130737543,1822363.046317986,1822363.052949254
1629,eye1,adgbc_trt_one_euro,calibration,loop,10.65316703170538,0.0,0.3720929380506277,0.6117939483374357,0.3178699407726526,0.0074570998549461365,0.8490828331559896,4.427390173077583,0.0034801196306943893,0.5401209928095341,0.03269501030445099,17.815150087699294,1822363.046317986,1822363.05298582
1624,eye0,adgbc_trt_one_euro,calibration,loop,10.810889070853591,0.0,0.3766219597309828,0.6155390292406082,0.29859808273613453,0.007764901965856552,0.8740401826798916,28.561175102367997,0.3138701431453228,1.2331341858953238,0.03554997965693474,43.12718263827264,1822363.051606703,1822363.082742113
1624,eye0,adgbc_trt_one_euro,calibration,loop,10.810889070853591,0.0,0.3766219597309828,0.6155390292406082,0.29859808273613453,0.007764901965856552,0.8740401826798916,28.91767001710832,0.004397938027977943,1.2331341858953238,0.03554997965693474,43.17420534789562,1822363.051606703,1822363.082779632
1630,eye1,adgbc_trt_one_euro,calibration,loop,10.581723880022764,0.0,0.37027383223176,0.6106568034738302,0.33112592063844204,0.008021015673875809,0.6999080069363117,26.403289986774325,0.2116910181939602,1.2331341858953238,0.03554997965693474,40.48537462949753,1822363.054315612,1822363.083029152
1630,eye1,adgbc_trt_one_euro,calibration,loop,10.581723880022764,0.0,0.37027383223176,0.6106568034738302,0.33112592063844204,0.008021015673875809,0.6999080069363117,26.648794999346137,0.003940891474485397,1.2331341858953238,0.03554997965693474,40.523129515349865,1822363.054315612,1822363.08306834
1625,eye0,adgbc_trt_one_euro,calibration,loop,10.72038197889924,0.0,0.3782939165830612,0.6233800668269396,0.30881306156516075,0.007704133167862892,0.9284408297389746,21.19687106460333,0.19724317826330662,1.2331341858953238,0.03554997965693474,35.62981239520013,1822363.059585211,1822363.083303318
1625,eye0,adgbc_trt_one_euro,calibration,loop,10.72038197889924,0.0,0.3782939165830612,0.6233800668269396,0.30881306156516075,0.007704133167862892,0.9284408297389746,22.139600943773985,0.005089910700917244,1.2331341858953238,0.03554997965693474,36.3803890068084,1822363.059585211,1822363.084055906
1631,eye1,adgbc_trt_one_euro,calibration,loop,10.516460053622723,0.0,0.3769812174141407,0.6185178644955158,0.3033119719475508,0.00758003443479538,0.8997959084808826,19.498256035149097,0.19648997113108635,1.2331341858953238,0.03554997965693474,33.68607722222805,1822363.06231924,1822363.084305637
1631,eye1,adgbc_trt_one_euro,calibration,loop,10.516460053622723,0.0,0.3769812174141407,0.6185178644955158,0.3033119719475508,0.00758003443479538,0.8997959084808826,19.724827026948333,0.00674789771437645,1.2331341858953238,0.03554997965693474,33.722906140610576,1822363.06231924,1822363.08433417
1626,eye0,adgbc_trt_one_euro,calibration,loop,10.641742963343859,0.0,0.3762620035558939,0.6102707702666521,0.2965980675071478,0.007336027920246124,0.9056159760802984,14.51401598751545,0.12684613466262817,1.2331341858953238,0.03554997965693474,28.747372096404433,1822363.06757558,1822363.084483864
1626,eye0,adgbc_trt_one_euro,calibration,loop,10.641742963343859,0.0,0.3762620035558939,0.6102707702666521,0.2965980675071478,0.007336027920246124,0.9056159760802984,14.6531299687922,0.002346932888031006,1.2331341858953238,0.03554997965693474,28.761986875906587,1822363.06757558,1822363.084502875
1632,eye1,adgbc_trt_one_euro,calibration,loop,10.47848490998149,0.0,0.40678586810827255,0.7803838234394789,0.5887160077691078,0.008717179298400879,0.9333419147878885,11.380810057744384,0.11815200559794903,1.2331341858953238,0.03554997965693474,25.96407593227923,1822363.070350508,1822363.084641598
1632,eye1,adgbc_trt_one_euro,calibration,loop,10.47848490998149,0.0,0.40678586810827255,0.7803838234394789,0.5887160077691078,0.008717179298400879,0.9333419147878885,11.509351897984743,0.002332031726837158,1.2331341858953238,0.03554997965693474,25.976797798648477,1822363.070350508,1822363.084661084
1627,eye0,adgbc_trt_one_euro,calibration,loop,10.589746991172433,0.0,0.3935080021619797,0.672588124871254,0.323370099067688,0.008031027391552925,0.9267448913305998,6.690428126603365,0.10422803461551666,1.2331341858953238,0.03554997965693474,20.977329462766647,1822363.075592775,1822363.084784647
1627,eye0,adgbc_trt_one_euro,calibration,loop,10.589746991172433,0.0,0.3935080021619797,0.672588124871254,0.323370099067688,0.008031027391552925,0.9267448913305998,6.812708918005228,0.0022349413484334946,1.2331341858953238,0.03554997965693474,20.997617160901427,1822363.075592775,1822363.084812172
0,eye0,adgbc_trt_one_euro,calibration,loop,0.0,0.0,0.0,0.0,0.0,0.0,0.7826951332390308,4.383262014016509,0.0022489111870527267,1.2331341858953238,0.03554997965693474,6.436890223994851,1822363.08495492,1822363.084961342
1628,eye0,adgbc_trt_one_euro,calibration,loop,10.483707999810576,0.0,0.3641608636826277,0.6101708859205246,0.319882994517684,0.00764802098274231,0.8491920307278633,32.58321201428771,0.21500303409993649,0.4970058798789978,0.019993167370557785,45.94997689127922,1822363.083555283,1822363.118585709
1628,eye0,adgbc_trt_one_euro,calibration,loop,10.483707999810576,0.0,0.3641608636826277,0.6101708859205246,0.319882994517684,0.00764802098274231,0.8491920307278633,32.831833930686116,0.0038121361285448074,0.4970058798789978,0.019993167370557785,45.987407909706235,1822363.083555283,1822363.118616812
1634,eye1,adgbc_trt_one_euro,calibration,loop,10.311758145689964,0.0,0.3756629303097725,0.6112249102443457,0.32514496706426144,0.002979068085551262,0.7319150026887655,30.211436096578836,0.11752196587622166,0.4970058798789978,0.019993167370557785,43.204642133787274,1822363.086321474,1822363.118758819
1634,eye1,adgbc_trt_one_euro,calibration,loop,10.311758145689964,0.0,0.3756629303097725,0.6112249102443457,0.32514496706426144,0.002979068085551262,0.7319150026887655,30.33933392725885,0.0025941990315914154,0.4970058798789978,0.019993167370557785,43.21761219762266,1822363.086321474,1822363.118778048
1629,eye0,adgbc_trt_one_euro,calibration,loop,10.45725611038506,0.0,0.3935270942747593,0.6648420821875334,0.3211188595741987,0.007783062756061554,0.8552409708499908,24.88966705277562,0.1079789362847805,0.4970058798789978,0.019993167370557785,38.21441321633756,1822363.091598087,1822363.118910195
1629,eye0,adgbc_trt_one_euro,calibration,loop,10.45725611038506,0.0,0.3935270942747593,0.6648420821875334,0.3211188595741987,0.007783062756061554,0.8552409708499908,25.005858158692718,0.0022707972675561905,0.4970058798789978,0.019993167370557785,38.22489618323743,1822363.091598087,1822363.118927514
1635,eye1,adgbc_trt_one_euro,calibration,loop,10.20722696557641,0.0,0.2898180391639471,0.6955098360776901,0.2048499882221222,0.006400980055332184,0.5246410146355629,22.88611512631178,0.11056498624384403,0.4970058798789978,0.019993167370557785,35.44212598353624,1822363.094285982,1822363.119056398
1635,eye1,adgbc_trt_one_euro,calibration,loop,10.20722696557641,0.0,0.2898180391639471,0.6955098360776901,0.2048499882221222,0.006400980055332184,0.5246410146355629,23.01029092632234,0.002240994945168495,0.4970058798789978,0.019993167370557785,35.45797779224813,1822363.094285982,1822363.119073383
1630,eye0,adgbc_trt_one_euro,calibration,loop,10.367988841608167,0.0,0.37070177495479584,0.614421907812357,0.3145858645439148,0.007353955879807472,0.8516779635101557,17.28777587413788,0.13152603060007095,0.4970058798789978,0.019993167370557785,30.463031260296702,1822363.099577817,1822363.119222562
1630,eye0,adgbc_trt_one_euro,calibration,loop,10.367988841608167,0.0,0.37070177495479584,0.614421907812357,0.3145858645439148,0.007353955879807472,0.8516779635101557,17.42715504951775,0.0021548476070165634,0.4970058798789978,0.019993167370557785,30.47303925268352,1822363.099577817,1822363.119239526
1636,eye1,adgbc_trt_one_euro,calibration,loop,10.18627011217177,0.0,0.3766908776015043,0.6160950288176537,0.30180905014276505,0.008662929758429527,0.8525040466338396,14.698654878884554,0.10644597932696342,0.4970058798789978,0.019993167370557785,27.664131950587034,1822363.102334171,1822363.119364355
1636,eye1,adgbc_trt_one_euro,calibration,loop,10.18627011217177,0.0,0.3766908776015043,0.6160950288176537,0.30180905014276505,0.008662929758429527,0.8525040466338396,14.812669018283486,0.002132030203938484,0.4970058798789978,0.019993167370557785,27.67383214086294,1822363.102334171,1822363.119380888
1631,eye0,adgbc_trt_one_euro,calibration,loop,10.291606886312366,0.0,0.36581396125257015,0.6131099071353674,0.2193218097090721,0.006461981683969498,0.5169978830963373,10.053058853372931,0.0999371986836195,0.4970058798789978,0.019993167370557785,22.68330752849579,1822363.107570455,1822363.119498138
1631,eye0,adgbc_trt_one_euro,calibration,loop,10.291606886312366,0.0,0.36581396125257015,0.6131099071353674,0.2193218097090721,0.006461981683969498,0.5169978830963373,10.167288826778531,0.0020640436559915543,0.4970058798789978,0.019993167370557785,22.69966434687376,1822363.107570455,1822363.119516537
1637,eye1,adgbc_trt_one_euro,calibration,loop,10.099667822942138,0.0,0.3671390004456043,0.612783944234252,0.297880033031106,0.007549067959189415,0.8381011430174112,7.029192987829447,0.10080495849251747,0.4970058798789978,0.019993167370557785,19.87011800520122,1822363.110316509,1822363.11963519
1637,eye1,adgbc_trt_one_euro,calibration,loop,10.099667822942138,0.0,0.3671390004456043,0.612783944234252,0.297880033031106,0.007549067959189415,0.8381011430174112,7.137030828744173,0.002190936356782913,0.4970058798789978,0.019993167370557785,19.879341823980212,1822363.110316509,1822363.11965168
1632,eye0,adgbc_trt_one_euro,calibration,loop,10.169005021452904,0.0,0.2936040982604027,0.589258037507534,0.1874470617622137,0.005148816853761673,0.5476290825754404,2.480543917044997,0.09125890210270882,0.4970058798789978,0.019993167370557785,14.880893984809518,1822363.115516623,1822363.119759485
1632,eye0,adgbc_trt_one_euro,calibration,loop,10.169005021452904,0.0,0.2936040982604027,0.589258037507534,0.1874470617622137,0.005148816853761673,0.5476290825754404,2.5831570383161306,0.00209989957511425,0.4970058798789978,0.019993167370557785,14.894348103553057,1822363.115516623,1822363.119776889
1638,eye1,adgbc_trt_one_euro,calibration,loop,10.047757998108864,0.0,0.37010200321674347,0.6127248052507639,0.3164119552820921,0.007433118298649788,0.8820199873298407,29.884041054174304,0.35588094033300877,0.9199618361890316,0.030691036954522133,43.42702473513782,1822363.118333587,1822363.150853844
1638,eye1,adgbc_trt_one_euro,calibration,loop,10.047757998108864,0.0,0.37010200321674347,0.6127248052507639,0.3164119552820921,0.007433118298649788,0.8820199873298407,30.298956902697682,0.004322035238146782,0.9199618361890316,0.030691036954522133,43.49038167856634,1822363.118333587,1822363.150903931
1633,eye0,adgbc_trt_one_euro,calibration,loop,10.168986860662699,0.0,0.38859108462929726,0.6765341386198997,0.7415730506181717,0.008443836122751236,0.9774279315024614,24.482154054567218,0.22151414304971695,0.9199618361890316,0.030691036954522133,38.61587797291577,1822363.123586017,1822363.151166369
1633,eye0,adgbc_trt_one_euro,calibration,loop,10.168986860662699,0.0,0.38859108462929726,0.6765341386198997,0.7415730506181717,0.008443836122751236,0.9774279315024614,24.754440179094672,0.004165805876255035,0.9199618361890316,0.030691036954522133,38.67081576026976,1822363.123586017,1822363.151225599
0,eye0,adgbc_trt_one_euro,calibration,loop,0.0,0.0,0.0,0.0,0.0,0.0,0.7893349975347519,22.84191595390439,0.004027970135211945,0.9199618361890316,0.030691036954522133,24.585931794717908,1822363.151490457,1822363.151502138
1634,eye0,adgbc_trt_one_euro,calibration,loop,10.085127083584666,0.0,0.38541899994015694,0.6557409651577473,0.3197831101715565,0.007635913789272308,0.8725430816411972,17.652068054303527,0.2008338924497366,0.9199618361890316,0.030691036954522133,31.129803974181414,1822363.131570892,1822363.151740758
1634,eye0,adgbc_trt_one_euro,calibration,loop,10.085127083584666,0.0,0.38541899994015694,0.6557409651577473,0.3197831101715565,0.007635913789272308,0.8725430816411972,17.88423885591328,0.004044035449624062,0.9199618361890316,0.030691036954522133,31.165184918791056,1822363.131570892,1822363.151777027
1640,eye1,adgbc_trt_one_euro,calibration,loop,9.914856869727373,0.0,0.37722010165452957,0.6168240215629339,0.33311103470623493,0.0034188851714134216,1.7515621148049831,14.30185092613101,0.20132889039814472,0.9199618361890316,0.030691036954522133,28.450825717300177,1822363.134338737,1822363.152024272
1640,eye1,adgbc_trt_one_euro,calibration,loop,9.914856869727373,0.0,0.37722010165452957,0.6168240215629339,0.33311103470623493,0.0034188851714134216,1.7515621148049831,14.533994952216744,0.0038929283618927,0.9199618361890316,0.030691036954522133,28.48553378134966,1822363.134338737,1822363.152056369
1635,eye0,adgbc_trt_one_euro,calibration,loop,10.090361116454005,0.0,0.5270361434668303,0.6943279877305031,0.3727229777723551,0.010517891496419907,1.0209488682448864,9.728186065331101,0.20101596601307392,0.9199618361890316,0.030691036954522133,23.59576988965273,1822363.139646568,1822363.152293087
1635,eye0,adgbc_trt_one_euro,calibration,loop,10.090361116454005,0.0,0.5270361434668303,0.6943279877305031,0.3727229777723551,0.010517891496419907,1.0209488682448864,9.950681123882532,0.003787921741604805,0.9199618361890316,0.030691036954522133,23.62103690393269,1822363.139646568,1822363.152324309
1641,eye1,adgbc_trt_one_euro,calibration,loop,9.796967031434178,0.0,0.3138948231935501,0.6226119585335255,0.2190149389207363,0.007131136953830719,0.5649260710924864,8.286813972517848,0.1945369876921177,0.9199618361890316,0.030691036954522133,20.956549793481827,1822363.142289422,1822363.152560588
1641,eye1,adgbc_trt_one_euro,calibration,loop,9.796967031434178,0.0,0.3138948231935501,0.6226119585335255,0.2190149389207363,0.007131136953830719,0.5649260710924864,8.512543980032206,0.0037390273064374924,0.9199618361890316,0.030691036954522133,20.991481840610504,1822363.142289422,1822363.152591262
1636,eye0,adgbc_trt_one_euro,calibration,loop,9.938830975443125,0.0,0.37966109812259674,0.6099119782447815,0.3203391097486019,0.007334165275096893,0.6317810621112585,3.0464320443570614,0.1929318532347679,0.9199618361890316,0.030691036954522133,16.077875159680843,1822363.147562414,1822363.152818722
1636,eye0,adgbc_trt_one_euro,calibration,loop,9.938830975443125,0.0,0.37966109812259674,0.6099119782447815,0.3203391097486019,0.007334165275096893,0.6317810621112585,3.274210961535573,0.007780967280268669,0.9199618361890316,0.030691036954522133,16.120503190904856,1822363.147562414,1822363.15285772
1642,eye1,adgbc_trt_one_euro,calibration,loop,9.710090002045035,0.0,0.27473107911646366,0.6047680508345366,0.2021188847720623,0.00672508031129837,0.4980240482836962,0.9778840467333794,0.19783596508204937,0.9199618361890316,0.030691036954522133,13.422830030322075,1822363.150271342,1822363.153094729
1642,eye1,adgbc_trt_one_euro,calibration,loop,9.710090002045035,0.0,0.27473107911646366,0.6047680508345366,0.2021188847720623,0.00672508031129837,0.4980240482836962,1.2085530906915665,0.003555789589881897,0.9199618361890316,0.030691036954522133,13.459218898788095,1822363.150271342,1822363.15312502
1637,eye0,adgbc_trt_one_euro,calibration,loop,9.802047163248062,0.0,0.2527178730815649,0.591418007388711,0.19277818500995636,0.005393056198954582,0.6612311117351055,25.171536952257156,0.32072397880256176,0.9647670667618513,0.029982998967170715,37.992596393451095,1822363.155494374,1822363.182779149
1637,eye0,adgbc_trt_one_euro,calibration,loop,9.802047163248062,0.0,0.2527178730815649,0.591418007388711,0.19277818500995636,0.005393056198954582,0.6612311117351055,25.531416991725564,0.00502890907227993,0.9647670667618513,0.029982998967170715,38.03678136318922,1822363.155494374,1822363.182821407
1643,eye1,adgbc_trt_one_euro,calibration,loop,9.625655133277178,0.0,0.24429312907159328,0.6020278669893742,0.28760102577507496,0.006691087037324905,0.5370250437408686,22.875682916492224,0.24125189520418644,0.9647670667618513,0.029982998967170715,35.414978163316846,1822363.158255839,1822363.183113663
1643,eye1,adgbc_trt_one_euro,calibration,loop,9.625655133277178,0.0,0.24429312907159328,0.6020278669893742,0.28760102577507496,0.006691087037324905,0.5370250437408686,23.160177981480956,0.004163011908531189,0.9647670667618513,0.029982998967170715,35.46238434500992,1822363.158255839,1822363.183153105
0,eye0,adgbc_trt_one_euro,calibration,loop,0.0,0.0,0.0,0.0,0.0,0.0,1.1226220522075891,17.197753069922328,0.0039548613131046295,0.9647670667618513,0.029982998967170715,19.319080049172044,1822363.183400332,1822363.183411811
1644,eye1,adgbc_trt_one_euro,calibration,loop,9.65001410804689,0.0,0.3931471146643162,0.6818631663918495,0.33316994085907936,0.009731855243444443,0.9174488950520754,15.43326792307198,0.22885296493768692,0.9647670667618513,0.029982998967170715,28.642246033996344,1822363.166349999,1822363.184431773
1644,eye1,adgbc_trt_one_euro,calibration,loop,9.65001410804689,0.0,0.3931471146643162,0.6818631663918495,0.33316994085907936,0.009731855243444443,0.9174488950520754,15.694613102823496,0.0043869949877262115,0.9647670667618513,0.029982998967170715,28.6791252437979,1822363.166349999,1822363.184465662
1639,eye0,adgbc_trt_one_euro,calibration,loop,9.747103787958622,0.0,0.3676589112728834,0.6083559710532427,0.2956199459731579,0.0033958349376916885,0.8810949511826038,10.69267699494958,0.2034129574894905,0.9647670667618513,0.029982998967170715,23.794069420546293,1822363.171577739,1822363.184705831
1639,eye0,adgbc_trt_one_euro,calibration,loop,9.747103787958622,0.0,0.3676589112728834,0.6083559710532427,0.2956199459731579,0.0033958349376916885,0.8810949511826038,10.924969799816608,0.004075933247804642,0.9647670667618513,0.029982998967170715,23.827025201171637,1822363.171577739,1822363.184739159
0,eye0,adgbc_trt_one_euro,calibration,loop,0.0,0.0,0.0,0.0,0.0,0.0,0.7466210518032312,8.52741184644401,0.0038191210478544235,0.9647670667618513,0.029982998967170715,10.272602085024118,1822363.184990211,1822363.185005226
1640,eye0,adgbc_trt_one_euro,calibration,loop,9.676456917077303,0.0,0.3612479194998741,0.6106940563768148,0.2961759455502033,0.008123926818370819,0.8688869420439005,3.2460710499435663,0.19641779363155365,0.9647670667618513,0.029982998967170715,16.25882461667061,1822363.179576218,1822363.185237831
1640,eye0,adgbc_trt_one_euro,calibration,loop,9.676456917077303,0.0,0.3612479194998741,0.6106940563768148,0.2961759455502033,0.008123926818370819,0.8688869420439005,3.4772800281643867,0.0037781428545713425,0.9647670667618513,0.029982998967170715,16.297393944114447,1822363.179576218,1822363.185277639
0,eye0,adgbc_trt_one_euro,calibration,loop,0.0,0.0,0.0,0.0,0.0,0.0,0.7326628547161818,1.0059219785034657,0.0036638230085372925,0.9647670667618513,0.029982998967170715,2.7369987219572067,1822363.185522457,1822363.185532814
1641,eye0,adgbc_trt_one_euro,calibration,loop,9.613266913220286,0.0,0.38136192597448826,0.6214079912751913,0.2975899260491133,0.007852911949157715,0.8824039250612259,28.588559944182634,0.2920040860772133,0.9641039650887251,0.03455113619565964,41.683102725073695,1822363.187582176,1822363.218740665
1641,eye0,adgbc_trt_one_euro,calibration,loop,9.613266913220286,0.0,0.38136192597448826,0.6214079912751913,0.2975899260491133,0.007852911949157715,0.8824039250612259,28.921572025865316,0.004324829205870628,0.9641039650887251,0.03455113619565964,41.728435549885035,1822363.187582176,1822363.218778587
1647,eye1,adgbc_trt_one_euro,calibration,loop,9.436061838641763,0.0,0.7173130288720131,0.7170489989221096,0.594930024817586,0.0022668391466140747,0.5649731028825045,25.81206406466663,0.21184701472520828,0.9641039650887251,0.03455113619565964,39.05516001395881,1822363.190343898,1822363.21902953
1647,eye1,adgbc_trt_one_euro,calibration,loop,9.436061838641763,0.0,0.7173130288720131,0.7170489989221096,0.594930024817586,0.0022668391466140747,0.5649731028825045,26.065607089549303,0.004061032086610794,0.9641039650887251,0.03455113619565964,39.10091705620289,1822363.190343898,1822363.219069552
0,eye0,adgbc_trt_one_euro,calibration,loop,0.0,0.0,0.0,0.0,0.0,0.0,1.0549239814281464,21.23403293080628,0.003877095878124237,0.9641039650887251,0.03455113619565964,23.291489109396935,1822363.219323507,1822363.219334765
1648,eye1,adgbc_trt_one_euro,calibration,loop,9.288124041631818,0.0,0.25137397460639477,0.6238960195332766,0.1932140439748764,0.006045214831829071,0.5417189095169306,19.428500905632973,0.1816130243241787,0.9641039650887251,0.03455113619565964,31.51314123533666,1822363.198264415,1822363.219549853
1648,eye1,adgbc_trt_one_euro,calibration,loop,9.288124041631818,0.0,0.25137397460639477,0.6238960195332766,0.1932140439748764,0.006045214831829071,0.5417189095169306,19.643550971522927,0.0038938596844673157,0.9641039650887251,0.03455113619565964,31.550472136586905,1822363.198264415,1822363.21958598
1643,eye0,adgbc_trt_one_euro,calibration,loop,9.469073032960296,0.0,0.3627571277320385,0.6080418825149536,0.31178398057818413,0.003088032826781273,0.8682010229676962,13.819846091791987,0.19487901590764523,0.9641039650887251,0.03455113619565964,26.636325288563967,1822363.203575719,1822363.219821059
1643,eye0,adgbc_trt_one_euro,calibration,loop,9.469073032960296,0.0,0.3627571277320385,0.6080418825149536,0.31178398057818413,0.003088032826781273,0.8682010229676962,14.042588882148266,0.0037481077015399933,0.9641039650887251,0.03455113619565964,26.66793717071414,1822363.203575719,1822363.219852255
1649,eye1,adgbc_trt_one_euro,calibration,loop,9.21402988024056,0.0,0.2727741375565529,0.7529400754719973,0.19317003898322582,0.006109010428190231,0.4388270899653435,11.817325139418244,0.20185601897537708,0.9641039650887251,0.03455113619565964,23.895686492323875,1822363.206259577,1822363.220089264
1649,eye1,adgbc_trt_one_euro,calibration,loop,9.21402988024056,0.0,0.2727741375565529,0.7529400754719973,0.19317003898322582,0.006109010428190231,0.4388270899653435,12.045552022755146,0.003695022314786911,0.9641039650887251,0.03455113619565964,23.925752379000187,1822363.206259577,1822363.220120417
1644,eye0,adgbc_trt_one_euro,calibration,loop,9.44825098849833,0.0,0.24526682682335377,0.5931591149419546,0.18933205865323544,0.005720881745219231,0.5297460593283176,6.90991897135973,0.7385099306702614,0.9641039650887251,0.03455113619565964,19.658559933304787,1822363.211623725,1822363.220894543
1644,eye0,adgbc_trt_one_euro,calibration,loop,9.44825098849833,0.0,0.24526682682335377,0.5931591149419546,0.18933205865323544,0.005720881745219231,0.5297460593283176,7.682573050260544,0.004109926521778107,0.9641039650887251,0.03455113619565964,19.696814008057117,1822363.211623725,1822363.220928083
1650,eye1,adgbc_trt_one_euro,calibration,loop,9.20358207076788,0.0,0.2930231858044863,0.593820121139288,0.19030319526791573,0.005859183147549629,0.5860158707946539,4.90777799859643,0.1860060729086399,0.9641039650887251,0.03455113619565964,16.965042799711227,1822363.214318332,1822363.221146609
1650,eye1,adgbc_trt_one_euro,calibration,loop,9.20358207076788,0.0,0.2930231858044863,0.593820121139288,0.19030319526791573,0.005859183147549629,0.5860158707946539,5.127585958689451,0.0038740690797567368,0.9641039650887251,0.03455113619565964,17.002718755975366,1822363.214318332,1822363.221183119
1645,eye0,adgbc_trt_one_euro,calibration,loop,9.279110934585333,0.0,0.26926794089376926,0.5897730588912964,0.18636789172887802,0.005437992513179779,0.508130993694067,29.29880702868104,0.2876170910894871,0.6253479514271021,0.03189896233379841,41.08175984583795,1822363.219523557,1822363.250735991
1645,eye0,adgbc_trt_one_euro,calibration,loop,9.279110934585333,0.0,0.26926794089376926,0.5897730588912964,0.18636789172887802,0.005437992513179779,0.508130993694067,29.633712023496628,0.004282919690012932,0.6253479514271021,0.03189896233379841,41.133330669254065,1822363.219523557,1822363.250774716
1651,eye1,adgbc_trt_one_euro,calibration,loop,9.088231949135661,0.0,0.2690169494599104,0.590072013437748,0.5231131799519062,0.007455004379153252,0.5829278379678726,26.491678087040782,0.21974905394017696,0.6253479514271021,0.03189896233379841,38.42949098907411,1822363.222271357,1822363.251033741
1651,eye1,adgbc_trt_one_euro,calibration,loop,9.088231949135661,0.0,0.2690169494599104,0.590072013437748,0.5231131799519062,0.007455004379153252,0.5829278379678726,26.750543853268027,0.00396394170820713,0.6253479514271021,0.03189896233379841,38.47257164306939,1822363.222271357,1822363.251072243
1646,eye0,adgbc_trt_one_euro,calibration,loop,9.211187018081546,0.0,0.2585549373179674,0.8037639781832695,0.6988828536123037,0.006152084097266197,0.5427098367363214,21.217012079432607,0.20421994850039482,0.6253479514271021,0.03189896233379841,33.599729649722576,1822363.227524547,1822363.251317958
1646,eye0,adgbc_trt_one_euro,calibration,loop,9.211187018081546,0.0,0.2585549373179674,0.8037639781832695,0.6988828536123037,0.006152084097266197,0.5427098367363214,21.45618898794055,0.003870110958814621,0.6253479514271021,0.03189896233379841,33.63855672068894,1822363.227524547,1822363.251350947
1652,eye1,adgbc_trt_one_euro,calibration,loop,9.035533061251044,0.0,0.29763695783913136,0.6569849792867899,0.20208396017551422,0.005928101018071175,0.44334609992802143,19.33622593060136,0.18270593136548996,0.6253479514271021,0.03189896233379841,30.81769193522632,1822363.230288077,1822363.251570326
1652,eye1,adgbc_trt_one_euro,calibration,loop,9.035533061251044,0.0,0.29763695783913136,0.6569849792867899,0.20208396017551422,0.005928101018071175,0.44334609992802143,19.548275973647833,0.003959983587265015,0.6253479514271021,0.03189896233379841,30.85099603049457,1822363.230288077,1822363.251608259
1647,eye0,adgbc_trt_one_euro,calibration,loop,9.21867904253304,0.0,0.39536994881927967,0.6806508172303438,0.3059711307287216,0.008435919880867004,0.8994911331683397,13.66976392455399,0.20003295503556728,0.6253479514271021,0.03189896233379841,26.03564178571105,1822363.235601608,1822363.251846501
1647,eye0,adgbc_trt_one_euro,calibration,loop,9.21867904253304,0.0,0.39536994881927967,0.6806508172303438,0.3059711307287216,0.008435919880867004,0.8994911331683397,13.89836403541267,0.003702007234096527,0.6253479514271021,0.03189896233379841,26.067910948768258,1822363.235601608,1822363.251877911
1653,eye1,adgbc_trt_one_euro,calibration,loop,9.023664984852076,0.0,0.3908611834049225,0.6227439735084772,0.322720967233181,0.008516944944858551,0.8844900876283646,11.263601947575808,0.21403306163847446,0.6253479514271021,0.03189896233379841,23.387880064547062,1822363.238345615,1822363.252132062
1653,eye1,adgbc_trt_one_euro,calibration,loop,9.023664984852076,0.0,0.3908611834049225,0.6227439735084772,0.322720967233181,0.008516944944858551,0.8844900876283646,11.510242009535432,0.004016095772385597,0.6253479514271021,0.03189896233379841,23.424503160640597,1822363.238345615,1822363.252170097
1648,eye0,adgbc_trt_one_euro,calibration,loop,9.142400929704309,0.0,0.3786508459597826,0.6178549956530333,0.3175227902829647,0.007542083039879799,0.8984210435301065,6.315572187304497,0.20183599554002285,0.6253479514271021,0.03189896233379841,18.537047784775496,1822363.243594271,1822363.252407517
1648,eye0,adgbc_trt_one_euro,calibration,loop,9.142400929704309,0.0,0.3786508459597826,0.6178549956530333,0.3175227902829647,0.007542083039879799,0.8984210435301065,6.547437980771065,0.00365404412150383,0.6253479514271021,0.03189896233379841,18.570731626823545,1822363.243594271,1822363.252441993
1654,eye1,adgbc_trt_one_euro,calibration,loop,8.937251986935735,0.0,0.36725285463035107,0.6156109739094973,0.3115041181445122,0.007865019142627716,0.8264079224318266,3.944958792999387,0.2009428571909666,0.6253479514271021,0.03189896233379841,15.869041439145803,1822363.246328237,1822363.25267831
1654,eye1,adgbc_trt_one_euro,calibration,loop,8.937251986935735,0.0,0.36725285463035107,0.6156109739094973,0.3115041181445122,0.007865019142627716,0.8264079224318266,4.177155205979943,0.0037499703466892242,0.6253479514271021,0.03189896233379841,15.904044965282083,1822363.246328237,1822363.25271403
1649,eye0,adgbc_trt_one_euro,calibration,loop,9.073369903489947,0.0,0.3659110516309738,0.6129150278866291,0.2979920245707035,0.007146969437599182,0.8461819961667061,28.63143617287278,0.3014069516211748,0.967307947576046,0.030276132747530937,41.13394417800009,1822363.251594211,1822363.282744623
1649,eye0,adgbc_trt_one_euro,calibration,loop,9.073369903489947,0.0,0.3659110516309738,0.6129150278866291,0.2979920245707035,0.007146969437599182,0.8461819961667061,28.977626003324986,0.00434298999607563,0.967307947576046,0.030276132747530937,41.1830700468272,1822363.251594211,1822363.282783412
1655,eye1,adgbc_trt_one_euro,calibration,loop,8.894725004211068,0.0,0.3707408905029297,0.6171558052301407,0.3067520447075367,0.008133938536047935,0.852963887155056,26.232026051729918,0.22040819749236107,0.967307947576046,0.030276132747530937,38.500489899888635,1822363.254354666,1822363.283043921
1655,eye1,adgbc_trt_one_euro,calibration,loop,8.894725004211068,0.0,0.3707408905029297,0.6171558052301407,0.3067520447075367,0.008133938536047935,0.852963887155056,26.491882046684623,0.004041939973831177,0.967307947576046,0.030276132747530937,38.54397963732481,1822363.254354666,1822363.283087841
1650,eye0,adgbc_trt_one_euro,calibration,loop,9.020265890285373,0.0,0.4164909478276968,0.6686178967356682,0.4822427872568369,0.008066883310675621,0.8935930673032999,20.965849980711937,0.21081697195768356,0.967307947576046,0.030276132747530937,33.66352850571275,1822363.259610393,1822363.283336066
1650,eye0,adgbc_trt_one_euro,calibration,loop,9.020265890285373,0.0,0.4164909478276968,0.6686178967356682,0.4822427872568369,0.008066883310675621,0.8935930673032999,21.204761927947402,0.003963010385632515,0.967307947576046,0.030276132747530937,33.69558649137616,1822363.259610393,1822363.283369056
1656,eye1,adgbc_trt_one_euro,calibration,loop,8.863550843670964,0.0,0.39484119042754173,0.677415169775486,0.32697198912501335,0.008193077519536018,0.8850661106407642,18.639323068782687,0.1973558682948351,0.967307947576046,0.030276132747530937,30.990301398560405,1822363.262392348,1822363.283602734
1656,eye1,adgbc_trt_one_euro,calibration,loop,8.863550843670964,0.0,0.39484119042754173,0.677415169775486,0.32697198912501335,0.008193077519536018,0.8850661106407642,18.868160899728537,0.0038919970393180847,0.967307947576046,0.030276132747530937,31.025675358250737,1822363.262392348,1822363.283639536
1651,eye0,adgbc_trt_one_euro,calibration,loop,8.969669928774238,0.0,0.3771290648728609,0.6098379381000996,0.31939102336764336,0.007313909009099007,0.8549930062144995,13.803877169266343,0.1961560919880867,0.967307947576046,0.030276132747530937,26.135952211916447,1822363.267628293,1822363.283873691
1651,eye0,adgbc_trt_one_euro,calibration,loop,8.969669928774238,0.0,0.3771290648728609,0.6098379381000996,0.31939102336764336,0.007313909009099007,0.8549930062144995,14.028473058715463,0.0037390273064374924,0.967307947576046,0.030276132747530937,26.168131036683917,1822363.267628293,1822363.283904636
1657,eye1,adgbc_trt_one_euro,calibration,loop,8.77813994884491,0.0,0.3599210176616907,0.6115660071372986,0.31746202148497105,0.0074089039117097855,0.8332070428878069,11.364378966391087,0.19905599765479565,0.967307947576046,0.030276132747530937,23.468723986297846,1822363.270375812,1822363.284143585
1657,eye1,adgbc_trt_one_euro,calibration,loop,8.77813994884491,0.0,0.3599210176616907,0.6115660071372986,0.31746202148497105,0.0074089039117097855,0.8332070428878069,12.307320022955537,0.004261033609509468,0.967307947576046,0.030276132747530937,24.21687007881701,1822363.270375812,1822363.284894623
1652,eye0,adgbc_trt_one_euro,calibration,loop,8.876274107024074,0.0,0.3645240794867277,0.6159909535199404,0.31640799716115,0.007295049726963043,0.851210206747055,7.096228189766407,0.2121280413120985,0.967307947576046,0.030276132747530937,19.337642705067992,1822363.275603956,1822363.285144342
1652,eye0,adgbc_trt_one_euro,calibration,loop,8.876274107024074,0.0,0.3645240794867277,0.6159909535199404,0.31640799716115,0.007295049726963043,0.851210206747055,7.3368900921195745,0.0036749988794326782,0.967307947576046,0.030276132747530937,19.369851564988494,1822363.275603956,1822363.285175811
1658,eye1,adgbc_trt_one_euro,calibration,loop,8.649833966046572,0.0,0.36294199526309967,0.64656394533813,0.3143800422549248,0.00745011493563652,0.8350829593837261,4.652698989957571,0.19350298680365086,0.967307947576046,0.030276132747530937,16.660039080306888,1822363.278316514,1822363.285403636
1658,eye1,adgbc_trt_one_euro,calibration,loop,8.649833966046572,0.0,0.36294199526309967,0.64656394533813,0.3143800422549248,0.00745011493563652,0.8350829593837261,4.87250299192965,0.0036479905247688293,0.967307947576046,0.030276132747530937,16.689988086000085,1822363.278316514,1822363.285435258
1653,eye0,adgbc_trt_one_euro,calibration,loop,8.736964082345366,0.0,0.2763019874691963,0.5920720286667347,0.1926599070429802,0.005157897248864174,0.8735449519008398,32.8970099799335,0.2971799112856388,0.9094900451600552,0.030548078939318657,44.810928869992495,1822363.283533837,1822363.318761533
1653,eye0,adgbc_trt_one_euro,calibration,loop,8.736964082345366,0.0,0.2763019874691963,0.5920720286667347,0.1926599070429802,0.005157897248864174,0.8735449519008398,33.237956929951906,0.00455114059150219,0.9094900451600552,0.030548078939318657,44.859247049316764,1822363.283533837,1822363.318799189
1659,eye1,adgbc_trt_one_euro,calibration,loop,8.582900976762176,0.0,0.36765309050679207,0.6133720744401217,0.2988330088555813,0.007634051144123077,0.854414189234376,30.29784420505166,0.20653102546930313,0.9094900451600552,0.030548078939318657,42.16922074556351,1822363.286318784,1822363.319049927
1659,eye1,adgbc_trt_one_euro,calibration,loop,8.582900976762176,0.0,0.36765309050679207,0.6133720744401217,0.2988330088555813,0.007634051144123077,0.854414189234376,30.53948818705976,0.003850087523460388,0.9094900451600552,0.030548078939318657,42.208183789625764,1822363.286318784,1822363.319082329
1654,eye0,adgbc_trt_one_euro,calibration,loop,8.713454939424992,0.0,0.3961040638387203,0.7741551380604506,0.7787160575389862,0.007872935384511948,0.9042741730809212,24.599544936791062,0.19327993504703045,0.9094900451600552,0.030548078939318657,37.30744030326605,1822363.291579313,1822363.31931145
1654,eye0,adgbc_trt_one_euro,calibration,loop,8.713454939424992,0.0,0.3961040638387203,0.7741551380604506,0.7787160575389862,0.007872935384511948,0.9042741730809212,24.82045697979629,0.0037869904190301895,0.9094900451600552,0.030548078939318657,37.338859401643276,1822363.291579313,1822363.319346472
1660,eye1,adgbc_trt_one_euro,calibration,loop,8.548834128305316,0.0,0.3906218335032463,0.6755739450454712,0.5656559951603413,0.00831414945423603,0.856081023812294,22.44520210660994,0.18894486129283905,0.9094900451600552,0.030548078939318657,34.61926616728306,1822363.294353664,1822363.319570257
1660,eye1,adgbc_trt_one_euro,calibration,loop,8.548834128305316,0.0,0.3906218335032463,0.6755739450454712,0.5656559951603413,0.00831414945423603,0.856081023812294,22.663414012640715,0.003668013960123062,0.9094900451600552,0.030548078939318657,34.652201225981116,1822363.294353664,1822363.319604641
1655,eye0,adgbc_trt_one_euro,calibration,loop,8.63891001790762,0.0,0.38434495218098164,0.6568268872797489,0.3253929316997528,0.007763970643281937,0.9983410127460957,17.602083971723914,0.18732016906142235,0.9094900451600552,0.030548078939318657,29.74102203734219,1822363.299573771,1822363.31982764
1655,eye0,adgbc_trt_one_euro,calibration,loop,8.63891001790762,0.0,0.38434495218098164,0.6568268872797489,0.3253929316997528,0.007763970643281937,0.9983410127460957,17.819335917010903,0.0035890843719244003,0.9094900451600552,0.030548078939318657,29.774542897939682,1822363.299573771,1822363.319861202
1661,eye1,adgbc_trt_one_euro,calibration,loop,8.451513946056366,0.0,0.36983797326684,0.6048229988664389,0.21969596855342388,0.006800051778554916,0.5722518544644117,15.732974046841264,0.19772001542150974,0.9094900451600552,0.030548078939318657,27.095654979348183,1822363.302325268,1822363.320093179
1661,eye1,adgbc_trt_one_euro,calibration,loop,8.451513946056366,0.0,0.36983797326684,0.6048229988664389,0.21969596855342388,0.006800051778554916,0.5722518544644117,15.961205121129751,0.003552064299583435,0.9094900451600552,0.030548078939318657,27.129718102514744,1822363.302325268,1822363.320122847
1656,eye0,adgbc_trt_one_euro,calibration,loop,8.58943210914731,0.0,0.36939606070518494,0.6160328630357981,0.3224569372832775,0.0074731651693582535,0.8786309044808149,10.297816013917327,0.18974696286022663,0.9094900451600552,0.030548078939318657,22.21102314069867,1822363.307594197,1822363.32034965
1656,eye0,adgbc_trt_one_euro,calibration,loop,8.58943210914731,0.0,0.36939606070518494,0.6160328630357981,0.3224569372832775,0.0074731651693582535,0.8786309044808149,10.511547094210982,0.0034689437597990036,0.9094900451600552,0.030548078939318657,22.2384762018919,1822363.307594197,1822363.320378808
1662,eye1,adgbc_trt_one_euro,calibration,loop,8.37838207371533,0.0,0.37750182673335075,0.6139581091701984,0.301348976790905,0.0076571013778448105,0.8600999135524035,7.854144088923931,0.18597510643303394,0.9094900451600552,0.030548078939318657,19.51910532079637,1822363.310321222,1822363.320598312
1662,eye1,adgbc_trt_one_euro,calibration,loop,8.37838207371533,0.0,0.37750182673335075,0.6139581091701984,0.301348976790905,0.0076571013778448105,0.8600999135524035,8.069360163062811,0.0036300625652074814,0.9094900451600552,0.030548078939318657,19.551976351067424,1822363.310321222,1822363.320633152
1657,eye0,adgbc_trt_one_euro,calibration,loop,8.497080998495221,0.0,0.3657960332930088,0.6077380385249853,0.29779900796711445,0.007419846951961517,0.8720429614186287,2.875426085665822,0.18854299560189247,0.9094900451600552,0.030548078939318657,14.651884092018008,1822363.315570687,1822363.320862116
1657,eye0,adgbc_trt_one_euro,calibration,loop,8.497080998495221,0.0,0.3657960332930088,0.6077380385249853,0.29779900796711445,0.007419846951961517,0.8720429614186287,3.0911590438336134,0.0034458935260772705,0.9094900451600552,0.030548078939318657,14.682519948109984,1822363.315570687,1822363.320891082
1663,eye1,adgbc_trt_one_euro,calibration,loop,8.329467149451375,0.0,0.3747211303561926,0.6165239028632641,0.3016628324985504,0.00826595351099968,0.824175076559186,0.3829880151897669,0.1915888860821724,0.9094900451600552,0.030548078939318657,11.96943107061088,1822363.318341309,1822363.321119279
1663,eye1,adgbc_trt_one_euro,calibration,loop,8.329467149451375,0.0,0.3747211303561926,0.6165239028632641,0.3016628324985504,0.00826595351099968,0.824175076559186,0.605541979894042,0.003481050953269005,0.9094900451600552,0.030548078939318657,12.003877200186253,1822363.318341309,1822363.321152279
1658,eye0,adgbc_trt_one_euro,calibration,loop,8.459997829049826,0.0,0.40188105776906013,0.6159020122140646,0.3046069759875536,0.0074070412665605545,0.8930228650569916,24.529585149139166,0.32092584297060966,0.8787850383669138,0.029505928978323936,36.44161974079907,1822363.323602905,1822363.350767891
1658,eye0,adgbc_trt_one_euro,calibration,loop,8.459997829049826,0.0,0.40188105776906013,0.6159020122140646,0.3046069759875536,0.0074070412665605545,0.8930228650569916,24.8963360209018,0.0042780302464962006,0.8787850383669138,0.029505928978323936,36.49172279983759,1822363.323602905,1822363.350806923
1664,eye1,adgbc_trt_one_euro,calibration,loop,8.271906990557909,0.0,0.39722793735563755,0.774795887991786,0.6726409774273634,0.008794013410806656,0.8751731365919113,21.673538023605943,0.2139031421393156,0.8787850383669138,0.029505928978323936,33.79627107642591,1822363.32635278,1822363.351059631
1664,eye1,adgbc_trt_one_euro,calibration,loop,8.271906990557909,0.0,0.39722793735563755,0.774795887991786,0.6726409774273634,0.008794013410806656,0.8751731365919113,21.920836996287107,0.004096189513802528,0.8787850383669138,0.029505928978323936,33.83376309648156,1822363.32635278,1822363.351097729
1659,eye0,adgbc_trt_one_euro,calibration,loop,8.38227802887559,0.0,0.40337396785616875,0.6735729984939098,0.3263801336288452,0.014371005818247795,0.9019349236041307,17.1416939701885,0.20560785196721554,0.8787850383669138,0.029505928978323936,28.957503847777843,1822363.331594267,1822363.351343252
1659,eye0,adgbc_trt_one_euro,calibration,loop,8.38227802887559,0.0,0.40337396785616875,0.6735729984939098,0.3263801336288452,0.014371005818247795,0.9019349236041307,17.377759097144008,0.003844965249300003,0.8787850383669138,0.029505928978323936,28.991806088015437,1822363.331594267,1822363.351376004
1665,eye1,adgbc_trt_one_euro,calibration,loop,12.204849859699607,0.0,2.7927299961447716,0.6480659358203411,0.20051514729857445,0.010432908311486244,0.571246026083827,8.76904302276671,0.2027200534939766,0.8787850383669138,0.029505928978323936,26.30789391696453,1822363.338354827,1822363.351614764
1665,eye1,adgbc_trt_one_euro,calibration,loop,12.204849859699607,0.0,2.7927299961447716,0.6480659358203411,0.20051514729857445,0.010432908311486244,0.571246026083827,9.009300032630563,0.0038389116525650024,0.8787850383669138,0.029505928978323936,26.349269784986973,1822363.338354827,1822363.351651776
1660,eye0,adgbc_trt_one_euro,calibration,loop,12.35974789597094,0.0,0.3844429738819599,0.6109210662543774,0.317523954436183,0.006930902600288391,0.843216897919774,5.80970011651516,0.19713211804628372,0.8787850383669138,0.029505928978323936,21.437906892970204,1822363.343640585,1822363.351886693
1660,eye0,adgbc_trt_one_euro,calibration,loop,12.35974789597094,0.0,0.3844429738819599,0.6109210662543774,0.317523954436183,0.006930902600288391,0.843216897919774,6.034470163285732,0.0038170255720615387,0.8787850383669138,0.029505928978323936,21.469361847266555,1822363.343640585,1822363.351917209
1666,eye1,adgbc_trt_one_euro,calibration,loop,12.132680043578148,0.0,0.4284090828150511,0.6555661093443632,0.30304002575576305,0.008198898285627365,0.9209190029650927,3.20500903762877,0.20560715347528458,0.8787850383669138,0.029505928978323936,18.767720321193337,1822363.346351651,1822363.352157147
1666,eye1,adgbc_trt_one_euro,calibration,loop,12.132680043578148,0.0,0.4284090828150511,0.6555661093443632,0.30304002575576305,0.008198898285627365,0.9209190029650927,3.4445179626345634,0.0037958379834890366,0.8787850383669138,0.029505928978323936,18.805417930707335,1822363.346351651,1822363.352196863
1661,eye0,adgbc_trt_one_euro,calibration,loop,12.241784017533064,0.0,0.3782648127526045,0.6185690872371197,0.30259788036346436,0.0072570983320474625,0.882662134245038,32.632956048473716,0.3007110208272934,0.6185458041727543,0.03200187347829342,48.015349777415395,1822363.351591664,1822363.38680134
1661,eye0,adgbc_trt_one_euro,calibration,loop,12.241784017533064,0.0,0.3782648127526045,0.6185690872371197,0.30259788036346436,0.0072570983320474625,0.882662134245038,32.97835681587458,0.004383968189358711,0.6185458041727543,0.03200187347829342,48.06442349217832,1822363.351591664,1822363.386840253
1667,eye1,adgbc_trt_one_euro,calibration,loop,12.079346925020218,0.0,0.37959194742143154,0.6189618725329638,0.30461116693913937,0.008146977052092552,0.9205399546772242,30.200189910829067,0.21755811758339405,0.6185458041727543,0.03200187347829342,45.37949454970658,1822363.354367198,1822363.387096422
1667,eye1,adgbc_trt_one_euro,calibration,loop,12.079346925020218,0.0,0.37959194742143154,0.6189618725329638,0.30461116693913937,0.008146977052092552,0.9205399546772242,30.45448404736817,0.0041031744331121445,0.6185458041727543,0.03200187347829342,45.4203337430954,1822363.354367198,1822363.387137442
1662,eye0,adgbc_trt_one_euro,calibration,loop,12.190734036266804,0.0,0.3895119298249483,0.6652020383626223,0.29787817038595676,0.007776077836751938,0.8659139275550842,25.2628899179399,0.20617595873773098,0.6185458041727543,0.03200187347829342,40.53662973456085,1822363.359609469,1822363.387381078
1662,eye0,adgbc_trt_one_euro,calibration,loop,12.190734036266804,0.0,0.3895119298249483,0.6652020383626223,0.29787817038595676,0.007776077836751938,0.8659139275550842,25.500678922981024,0.004008878022432327,0.6185458041727543,0.03200187347829342,40.57225165888667,1822363.359609469,1822363.387417177
1668,eye1,adgbc_trt_one_euro,calibration,loop,12.004625983536243,0.0,0.3836930263787508,0.6731478497385979,0.3205249086022377,0.008188886567950249,0.8973299991339445,22.730584954842925,0.19766297191381454,0.6185458041727543,0.03200187347829342,37.86630625836551,1822363.36236153,1822363.387651608
1668,eye1,adgbc_trt_one_euro,calibration,loop,12.004625983536243,0.0,0.3836930263787508,0.6731478497385979,0.3205249086022377,0.008188886567950249,0.8973299991339445,22.958278888836503,0.004020053893327713,0.6185458041727543,0.03200187347829342,37.9003572743386,1822363.36236153,1822363.387686723
1663,eye0,adgbc_trt_one_euro,calibration,loop,12.0833411347121,0.0,0.3728820011019707,0.6090861279517412,0.3017198760062456,0.007061054930090904,0.8528900798410177,17.933808034285903,0.20111002959311008,0.6185458041727543,0.03200187347829342,33.01244601607323,1822363.367571057,1822363.38792719
1663,eye0,adgbc_trt_one_euro,calibration,loop,12.0833411347121,0.0,0.3728820011019707,0.6090861279517412,0.3017198760062456,0.007061054930090904,0.8528900798410177,18.16287008114159,0.0037620775401592255,0.6185458041727543,0.03200187347829342,33.044160110875964,1822363.367571057,1822363.387957983
1669,eye1,adgbc_trt_one_euro,calibration,loop,11.918045114725828,0.0,0.4812180995941162,0.6563218776136637,0.21069101057946682,0.005600973963737488,0.6194449961185455,15.62016294337809,0.19938102923333645,0.6185458041727543,0.03200187347829342,30.361413722857833,1822363.370343675,1822363.388197592
1669,eye1,adgbc_trt_one_euro,calibration,loop,11.918045114725828,0.0,0.4812180995941162,0.6563218776136637,0.21069101057946682,0.005600973963737488,0.6194449961185455,15.856745187193155,0.0037439167499542236,0.6185458041727543,0.03200187347829342,30.402358854189515,1822363.370343675,1822363.388234724
1664,eye0,adgbc_trt_one_euro,calibration,loop,11.980562005192041,0.0,0.29068905860185623,0.5962110590189695,0.2087429165840149,0.005627050995826721,0.5883891135454178,10.980170918628573,0.19314000383019447,0.6185458041727543,0.03200187347829342,25.494079804047942,1822363.37553763,1822363.388462728
1664,eye0,adgbc_trt_one_euro,calibration,loop,11.980562005192041,0.0,0.29068905860185623,0.5962110590189695,0.2087429165840149,0.005627050995826721,0.5883891135454178,11.906276922672987,0.004881061613559723,0.6185458041727543,0.03200187347829342,26.23192686587572,1822363.37553763,1822363.389199559
1670,eye1,adgbc_trt_one_euro,calibration,loop,11.79013797082007,0.0,0.2518740948289633,0.5905670113861561,0.19045500084757805,0.005397014319896698,0.5837699864059687,9.264127817004919,0.17120921984314919,0.6185458041727543,0.03200187347829342,23.498085793107748,1822363.37828456,1822363.389395852
1670,eye1,adgbc_trt_one_euro,calibration,loop,11.79013797082007,0.0,0.2518740948289633,0.5905670113861561,0.19045500084757805,0.005397014319896698,0.5837699864059687,9.455770021304488,0.00272504985332489,0.6185458041727543,0.03200187347829342,23.521243827417493,1822363.37828456,1822363.389417018
1665,eye0,adgbc_trt_one_euro,calibration,loop,11.913502123206854,0.0,0.2528449986129999,0.5874589551240206,0.18929294310510159,0.005069887265563011,0.44019799679517746,4.248973913490772,0.11664885096251965,0.6185458041727543,0.03200187347829342,18.404537346214056,1822363.383539402,1822363.389554944
1665,eye0,adgbc_trt_one_euro,calibration,loop,11.913502123206854,0.0,0.2528449986129999,0.5874589551240206,0.18929294310510159,0.005069887265563011,0.44019799679517746,4.380334867164493,0.0028640497475862503,0.6185458041727543,0.03200187347829342,18.422113498672843,1822363.383539402,1822363.389576207
1671,eye1,adgbc_trt_one_euro,calibration,loop,11.777873151004314,0.0,0.24773087352514267,0.5927120801061392,0.19049807451665401,0.00554998405277729,0.5117140244692564,1.649618847295642,0.11327886022627354,0.6185458041727543,0.03200187347829342,15.739523572847247,1822363.386341026,1822363.389709289
1671,eye1,adgbc_trt_one_euro,calibration,loop,11.777873151004314,0.0,0.24773087352514267,0.5927120801061392,0.19049807451665401,0.00554998405277729,0.5117140244692564,1.7773029394447803,0.002383952960371971,0.6185458041727543,0.03200187347829342,15.756312757730484,1822363.386341026,1822363.389727273
1666,eye0,adgbc_trt_one_euro,calibration,loop,11.842795880511403,0.0,0.2579151187092066,0.5912859924137592,0.19154511392116547,0.005458947271108627,0.5252261180430651,25.2918959595263,0.2986718900501728,1.082568895071745,0.03512902185320854,40.122492937371135,1822363.391537191,1822363.418771149
1666,eye0,adgbc_trt_one_euro,calibration,loop,11.842795880511403,0.0,0.2579151187092066,0.5912859924137592,0.19154511392116547,0.005458947271108627,0.5252261180430651,25.639829924330115,0.004369067028164864,1.082568895071745,0.03512902185320854,40.17612407915294,1822363.391537191,1822363.418808965
1672,eye1,adgbc_trt_one_euro,calibration,loop,11.66190905496478,0.0,0.27317111380398273,0.7883079815655947,0.48444815911352634,0.0065569765865802765,0.5110290367156267,22.424311842769384,0.2046450972557068,1.082568895071745,0.03512902185320854,37.472077179700136,1822363.39429422,1822363.419051118
1672,eye1,adgbc_trt_one_euro,calibration,loop,11.66190905496478,0.0,0.27317111380398273,0.7883079815655947,0.48444815911352634,0.0065569765865802765,0.5110290367156267,22.669579833745956,0.003969995304942131,1.082568895071745,0.03512902185320854,37.516670068725944,1822363.39429422,1822363.419091391
1667,eye0,adgbc_trt_one_euro,calibration,loop,11.898585828021169,0.0,0.4116860218346119,0.673922011628747,0.3138978499919176,0.008234987035393715,0.8505890145897865,17.027484951540828,0.19622803665697575,1.082568895071745,0.03512902185320854,32.49832661822438,1822363.399662699,1822363.419323316
1667,eye0,adgbc_trt_one_euro,calibration,loop,11.898585828021169,0.0,0.4116860218346119,0.673922011628747,0.3138978499919176,0.008234987035393715,0.8505890145897865,17.240759916603565,0.003637978807091713,1.082568895071745,0.03512902185320854,32.519011525437236,1822363.399662699,1822363.41935412
1673,eye1,adgbc_trt_one_euro,calibration,loop,11.57689793035388,0.0,0.2597568091005087,0.6425960455089808,0.19722199067473412,0.005936017259955406,0.5170500371605158,15.430839033797383,0.1896179746836424,1.082568895071745,0.03512902185320854,29.937613755464554,1822363.402278187,1822363.419581247
1673,eye1,adgbc_trt_one_euro,calibration,loop,11.57689793035388,0.0,0.2597568091005087,0.6425960455089808,0.19722199067473412,0.005936017259955406,0.5170500371605158,15.6517019495368,0.0036510173231363297,1.082568895071745,0.03512902185320854,29.972509713843465,1822363.402278187,1822363.419611822
1668,eye0,adgbc_trt_one_euro,calibration,loop,11.799572966992855,0.0,0.3751460462808609,0.6148898974061012,0.30085095204412937,0.007146038115024567,0.891044968739152,9.749290067702532,0.19540893845260143,1.082568895071745,0.03512902185320854,25.05104779265821,1822363.407632499,1822363.419843181
1668,eye0,adgbc_trt_one_euro,calibration,loop,11.799572966992855,0.0,0.3751460462808609,0.6148898974061012,0.30085095204412937,0.007146038115024567,0.891044968739152,9.974235901609063,0.0035460107028484344,1.082568895071745,0.03512902185320854,25.084130698814988,1822363.407632499,1822363.419876218
1674,eye1,adgbc_trt_one_euro,calibration,loop,11.500720866024494,0.0,0.24653691798448563,0.6072358228266239,0.37245312705636024,0.005552079528570175,0.5182349123060703,7.831134833395481,0.21845591254532337,1.082568895071745,0.03512902185320854,22.418022388592362,1822363.410270778,1822363.420130811
1674,eye1,adgbc_trt_one_euro,calibration,loop,11.500720866024494,0.0,0.24653691798448563,0.6072358228266239,0.37245312705636024,0.005552079528570175,0.5182349123060703,8.085774956271052,0.004122033715248108,1.082568895071745,0.03512902185320854,22.45832863263786,1822363.410270778,1822363.420163928
1669,eye0,adgbc_trt_one_euro,calibration,loop,11.716468958184123,0.0,0.27744704857468605,0.602619955316186,0.3154119476675987,0.007739989086985588,0.884365988895297,2.416015835478902,0.16651791520416737,1.082568895071745,0.03512902185320854,17.5042855553329,1822363.415618378,1822363.420365008
1669,eye0,adgbc_trt_one_euro,calibration,loop,11.716468958184123,0.0,0.27744704857468605,0.602619955316186,0.3154119476675987,0.007739989086985588,0.884365988895297,2.601669169962406,0.002679182216525078,1.082568895071745,0.03512902185320854,17.52610015682876,1822363.415618378,1822363.420385621
1675,eye1,adgbc_trt_one_euro,calibration,loop,11.427480028942227,0.0,0.24571409448981285,0.6001240108162165,0.2227539662271738,0.007230089977383614,0.553743913769722,0.45476085506379604,0.11553289368748665,1.082568895071745,0.03512902185320854,14.745037769898772,1822363.418266593,1822363.42052262
1675,eye1,adgbc_trt_one_euro,calibration,loop,11.427480028942227,0.0,0.24571409448981285,0.6001240108162165,0.2227539662271738,0.007230089977383614,0.553743913769722,0.5908359307795763,0.0025229528546333313,1.082568895071745,0.03512902185320854,14.7681029047817,1822363.418266593,1822363.420545742
1670,eye0,adgbc_trt_one_euro,calibration,loop,11.60669606178999,0.0,0.4103549290448427,0.6218019407242537,0.3998109605163336,0.008137896656990051,0.9481089655309916,24.37865803949535,0.3135118167847395,1.1437830980867147,0.028698937967419624,39.859562646597624,1822363.423577471,1822363.450757451
1670,eye0,adgbc_trt_one_euro,calibration,loop,11.60669606178999,0.0,0.4103549290448427,0.6218019407242537,0.3998109605163336,0.008137896656990051,0.9481089655309916,24.739956948906183,0.004875008016824722,1.1437830980867147,0.028698937967419624,39.91222474724054,1822363.423577471,1822363.450799347
1676,eye1,adgbc_trt_one_euro,calibration,loop,11.40187494456768,0.0,0.28477911837399006,0.6508959922939539,0.20609586499631405,0.006637070327997208,0.5578720010817051,22.756761172786355,0.23012002930045128,1.1437830980867147,0.028698937967419624,37.26751822978258,1822363.426310449,1822363.451071391
1676,eye1,adgbc_trt_one_euro,calibration,loop,11.40187494456768,0.0,0.28477911837399006,0.6508959922939539,0.20609586499631405,0.006637070327997208,0.5578720010817051,23.0290659237653,0.004319008439779282,1.1437830980867147,0.028698937967419624,37.314021959900856,1822363.426310449,1822363.451111685
1671,eye0,adgbc_trt_one_euro,calibration,loop,11.540346080437303,0.0,0.38601807318627834,0.6547989323735237,0.319833867251873,0.0076659489423036575,0.8565220050513744,17.268323805183172,0.26514800265431404,1.1437830980867147,0.028698937967419624,32.471138751134276,1822363.43158014,1822363.45141613
1671,eye0,adgbc_trt_one_euro,calibration,loop,11.540346080437303,0.0,0.38601807318627834,0.6547989323735237,0.319833867251873,0.0076659489423036575,0.8565220050513744,17.569544026628137,0.004383036866784096,1.1437830980867147,0.028698937967419624,32.51159400679171,1822363.43158014,1822363.451456187
1677,eye1,adgbc_trt_one_euro,calibration,loop,11.277220910415053,0.0,0.26483391411602497,0.6022159941494465,0.37875818088650703,0.006553018465638161,0.5379901267588139,15.386885032057762,0.2120290882885456,1.1437830980867147,0.028698937967419624,29.838968301191926,1822363.434254397,1822363.45170598
1677,eye1,adgbc_trt_one_euro,calibration,loop,11.277220910415053,0.0,0.26483391411602497,0.6022159941494465,0.37875818088650703,0.006553018465638161,0.5379901267588139,15.637216856703162,0.006207963451743126,1.1437830980867147,0.028698937967419624,29.883479001000524,1822363.434254397,1822363.451745686
1672,eye0,adgbc_trt_one_euro,calibration,loop,11.62027195096016,0.0,0.45145582407712936,0.6121790502220392,0.305460998788476,0.007661990821361542,0.8097980171442032,9.704283904284239,0.20002084784209728,1.1437830980867147,0.028698937967419624,24.88361462019384,1822363.439729294,1822363.451983973
1672,eye0,adgbc_trt_one_euro,calibration,loop,11.62027195096016,0.0,0.45145582407712936,0.6121790502220392,0.305460998788476,0.007661990821361542,0.8097980171442032,9.941355092450976,0.004047062247991562,1.1437830980867147,0.028698937967419624,24.92471202276647,1822363.439729294,1822363.452024605
1678,eye1,adgbc_trt_one_euro,calibration,loop,11.232401011511683,0.0,0.24320697411894798,0.5927591118961573,0.19453908316791058,0.006146030500531197,0.7560411468148232,7.923771161586046,0.1985509879887104,1.1437830980867147,0.028698937967419624,22.319897543638945,1822363.442278504,1822363.452263012
1678,eye1,adgbc_trt_one_euro,calibration,loop,11.232401011511683,0.0,0.24320697411894798,0.5927591118961573,0.19453908316791058,0.006146030500531197,0.7560411468148232,8.153147995471954,0.003854045644402504,1.1437830980867147,0.028698937967419624,22.354577435180545,1822363.442278504,1822363.452298937
1673,eye0,adgbc_trt_one_euro,calibration,loop,11.391842970624566,0.0,0.3653750754892826,0.6095520220696926,0.32460386864840984,0.007254071533679962,0.6291668396443129,2.7662029024213552,0.19410299137234688,1.1437830980867147,0.028698937967419624,17.46058277785778,1822363.447569544,1822363.452533205
1673,eye0,adgbc_trt_one_euro,calibration,loop,11.391842970624566,0.0,0.3653750754892826,0.6095520220696926,0.32460386864840984,0.007254071533679962,0.6291668396443129,2.99207610078156,0.0037369318306446075,1.1437830980867147,0.028698937967419624,17.496089916676283,1822363.447569544,1822363.452564614
1679,eye1,adgbc_trt_one_euro,calibration,loop,11.228417977690697,0.0,0.3947701770812273,0.6235230248421431,0.30932482331991196,0.008745118975639343,0.8772008586674929,33.82765012793243,0.30608195811510086,0.8863899856805801,0.03151409327983856,48.49361814558506,1822363.450344382,1822363.486782993
1679,eye1,adgbc_trt_one_euro,calibration,loop,11.228417977690697,0.0,0.3947701770812273,0.6235230248421431,0.30932482331991196,0.008745118975639343,0.8772008586674929,34.18513899669051,0.004383968189358711,0.8863899856805801,0.03151409327983856,48.5494090244174,1822363.450344382,1822363.486829869
1674,eye0,adgbc_trt_one_euro,calibration,loop,11.29044801928103,0.0,0.2490661572664976,0.5927558522671461,0.3757558297365904,0.005342997610569,0.5454840138554573,29.503080062568188,0.2181020099669695,0.8863899856805801,0.03151409327983856,43.697939021512866,1822363.455536803,1822363.487087102
1674,eye0,adgbc_trt_one_euro,calibration,loop,11.29044801928103,0.0,0.2490661572664976,0.5927558522671461,0.3757558297365904,0.005342997610569,0.5454840138554573,29.75672692991793,0.007661990821361542,0.8863899856805801,0.03151409327983856,43.741145869717,1822363.455536803,1822363.487125107
1680,eye1,adgbc_trt_one_euro,calibration,loop,11.18667796254158,0.0,0.44548395089805126,0.6840100977569818,0.32270397059619427,0.008773989975452423,0.8438979275524616,26.40467300079763,0.2039959654211998,0.8863899856805801,0.03151409327983856,41.01812094449997,1822363.458371644,1822363.487369614
1680,eye1,adgbc_trt_one_euro,calibration,loop,11.18667796254158,0.0,0.44548395089805126,0.6840100977569818,0.32270397059619427,0.008773989975452423,0.8438979275524616,26.642848970368505,0.0039800070226192474,0.8863899856805801,0.03151409327983856,41.056280955672264,1822363.458371644,1822363.487406061
1675,eye0,adgbc_trt_one_euro,calibration,loop,11.291335802525282,0.0,0.4096231423318386,0.6697571370750666,0.3479330334812403,0.00875513069331646,0.67934300750494,21.650275913998485,0.1993060577660799,0.8863899856805801,0.03151409327983856,36.17423330433667,1822363.463607506,1822363.487642157
1675,eye0,adgbc_trt_one_euro,calibration,loop,11.291335802525282,0.0,0.4096231423318386,0.6697571370750666,0.3479330334812403,0.00875513069331646,0.67934300750494,21.88662113621831,0.003877095878124237,0.8863899856805801,0.03151409327983856,36.215149564668536,1822363.463607506,1822363.487678138
1681,eye1,adgbc_trt_one_euro,calibration,loop,11.082782177254558,0.0,0.3823121078312397,0.6096570286899805,0.29592099599540234,0.007720896974205971,0.79322699457407,19.21378797851503,0.19757403060793877,0.8863899856805801,0.03151409327983856,33.50088628940284,1822363.466336407,1822363.487913058
1681,eye1,adgbc_trt_one_euro,calibration,loop,11.082782177254558,0.0,0.3823121078312397,0.6096570286899805,0.29592099599540234,0.007720896974205971,0.79322699457407,19.446513848379254,0.0037320423871278763,0.8863899856805801,0.03151409327983856,33.53977017104626,1822363.466336407,1822363.487951994
1676,eye0,adgbc_trt_one_euro,calibration,loop,11.163319926708937,0.0,0.2718681935220957,0.5940590053796768,0.1916221808642149,0.0053299590945243835,0.501289963722229,14.816574053838849,0.20392797887325287,0.8863899856805801,0.03151409327983856,28.665895340964198,1822363.471548085,1822363.488191427
1676,eye0,adgbc_trt_one_euro,calibration,loop,11.163319926708937,0.0,0.2718681935220957,0.5940590053796768,0.1916221808642149,0.0053299590945243835,0.501289963722229,15.05556097254157,0.003801891580224037,0.8863899856805801,0.03151409327983856,28.70475617237389,1822363.471548085,1822363.488226038
1682,eye1,adgbc_trt_one_euro,calibration,loop,11.032172944396734,0.0,0.39419298991560936,0.6206508260220289,0.2985780593007803,0.0078519806265831,0.850259093567729,11.659975163638592,0.19584293477237225,0.8863899856805801,0.03151409327983856,25.977428071200848,1822363.474355119,1822363.488459391
1682,eye1,adgbc_trt_one_euro,calibration,loop,11.032172944396734,0.0,0.39419298991560936,0.6206508260220289,0.2985780593007803,0.0078519806265831,0.850259093567729,12.621000176295638,0.004156026989221573,0.8863899856805801,0.03151409327983856,26.746766176074743,1822363.474355119,1822363.489232056
1677,eye0,adgbc_trt_one_euro,calibration,loop,11.090939864516258,0.0,0.27159182354807854,0.5862959660589695,0.1890889834612608,0.004994915798306465,0.5048641469329596,8.108977926895022,0.21287496201694012,0.8863899856805801,0.03151409327983856,21.887532668188214,1822363.479544531,1822363.489483103
1677,eye0,adgbc_trt_one_euro,calibration,loop,11.090939864516258,0.0,0.27159182354807854,0.5862959660589695,0.1890889834612608,0.004994915798306465,0.5048641469329596,8.356411010026932,0.0038160942494869232,0.8863899856805801,0.03151409327983856,21.92590688355267,1822363.479544531,1822363.489514617
1683,eye1,adgbc_trt_one_euro,calibration,loop,10.955495992675424,0.0,0.38835196755826473,0.6150200497359037,0.29662600718438625,0.007811933755874634,0.8267739322036505,4.991403082385659,0.19500800408422947,0.8863899856805801,0.03151409327983856,19.19439504854381,1822363.4823472,1822363.489744691
1683,eye1,adgbc_trt_one_euro,calibration,loop,10.955495992675424,0.0,0.38835196755826473,0.6150200497359037,0.29662600718438625,0.007811933755874634,0.8267739322036505,5.2131409756839275,0.0035860575735569,0.8863899856805801,0.03151409327983856,19.224710995331407,1822363.4823472,1822363.489776733
1678,eye0,adgbc_trt_one_euro,calibration,loop,11.034453986212611,0.0,0.27726986445486546,0.5877658259123564,0.18901703879237175,0.005678972229361534,0.7089441642165184,0.418524956330657,0.19544200040400028,0.8863899856805801,0.03151409327983856,14.33500088751316,1822363.487557102,1822363.490010826
1678,eye0,adgbc_trt_one_euro,calibration,loop,11.034453986212611,0.0,0.27726986445486546,0.5877658259123564,0.18901703879237175,0.005678972229361534,0.7089441642165184,0.6470039952546358,0.0037010759115219116,0.8863899856805801,0.03151409327983856,14.371739001944661,1822363.487557102,1822363.490045414
1684,eye1,adgbc_trt_one_euro,calibration,loop,10.887350887060165,0.0,0.3874790854752064,0.6145730149000883,0.3004788886755705,0.0076980795711278915,0.6342350970953703,26.08801005408168,0.30409893952310085,0.6250101141631603,0.033079180866479874,39.88201334141195,1822363.490348076,1822363.518763873
1684,eye1,adgbc_trt_one_euro,calibration,loop,10.887350887060165,0.0,0.3874790854752064,0.6145730149000883,0.3004788886755705,0.0076980795711278915,0.6342350970953703,26.440565939992666,0.004400033503770828,0.6250101141631603,0.033079180866479874,39.934870321303606,1822363.490348076,1822363.518802057
1679,eye0,adgbc_trt_one_euro,calibration,loop,11.006726883351803,0.0,0.38451608270406723,0.6272150203585625,0.6049899384379387,0.008484115824103355,0.8645621128380299,20.67896304652095,0.2044199500232935,0.6250101141631603,0.033079180866479874,35.03796644508839,1822363.495598541,1822363.519050218
1679,eye0,adgbc_trt_one_euro,calibration,loop,11.006726883351803,0.0,0.38451608270406723,0.6272150203585625,0.6049899384379387,0.008484115824103355,0.8645621128380299,20.913306856527925,0.003949040547013283,0.6250101141631603,0.033079180866479874,35.07183934561908,1822363.495598541,1822363.519082415
1685,eye1,adgbc_trt_one_euro,calibration,loop,10.807272046804428,0.0,0.29948889277875423,0.6818061228841543,0.3847160842269659,0.006553949788212776,0.7781351450830698,18.554139882326126,0.19145384430885315,0.6250101141631603,0.033079180866479874,32.361655263230205,1822363.498337702,1822363.519309046
1685,eye1,adgbc_trt_one_euro,calibration,loop,10.807272046804428,0.0,0.29948889277875423,0.6818061228841543,0.3847160842269659,0.006553949788212776,0.7781351450830698,18.77039996907115,0.003556022420525551,0.6250101141631603,0.033079180866479874,32.3900175280869,1822363.498337702,1822363.519339555
1680,eye0,adgbc_trt_one_euro,calibration,loop,10.905297007411718,0.0,0.2725559752434492,0.6343699060380459,0.21242210641503334,0.005600973963737488,0.5640359595417976,14.054732164368033,0.19321194849908352,0.6250101141631603,0.033079180866479874,27.50031533651054,1822363.503566281,1822363.519566457
1680,eye0,adgbc_trt_one_euro,calibration,loop,10.905297007411718,0.0,0.2725559752434492,0.6343699060380459,0.21242210641503334,0.005600973963737488,0.5640359595417976,14.277062844485044,0.00361492857336998,0.6250101141631603,0.033079180866479874,27.533048996701837,1822363.503566281,1822363.519596854
1686,eye1,adgbc_trt_one_euro,calibration,loop,10.750961024314165,0.0,0.40680100210011005,0.6309030577540398,0.354887917637825,0.008735107257962227,0.6410300265997648,11.17438799701631,0.18754508346319199,0.6250101141631603,0.033079180866479874,24.81334051117301,1822363.506350608,1822363.519823412
1686,eye1,adgbc_trt_one_euro,calibration,loop,10.750961024314165,0.0,0.40680100210011005,0.6309030577540398,0.354887917637825,0.008735107257962227,0.6410300265997648,11.393832042813301,0.003498978912830353,0.6250101141631603,0.033079180866479874,24.84873845241964,1822363.506350608,1822363.519853011
1681,eye0,adgbc_trt_one_euro,calibration,loop,10.838387999683619,0.0,0.28735282830893993,0.5907190497964621,0.19184290431439877,0.00523589551448822,0.4763258621096611,6.708821980282664,0.1899620983749628,0.6250101141631603,0.033079180866479874,19.946737913414836,1822363.511568162,1822363.520076695
1681,eye0,adgbc_trt_one_euro,calibration,loop,10.838387999683619,0.0,0.28735282830893993,0.5907190497964621,0.19184290431439877,0.00523589551448822,0.4763258621096611,6.934663048014045,0.003822147846221924,0.6250101141631603,0.033079180866479874,19.986439030617476,1822363.511568162,1822363.520112916
1687,eye1,adgbc_trt_one_euro,calibration,loop,10.670155985280871,0.0,0.25200494565069675,0.5984469316899776,0.19443710334599018,0.005855923518538475,0.5376790650188923,4.161817952990532,0.19097398035228252,0.6250101141631603,0.033079180866479874,17.26946118287742,1822363.514338401,1822363.520338358
1687,eye1,adgbc_trt_one_euro,calibration,loop,10.670155985280871,0.0,0.25200494565069675,0.5984469316899776,0.19443710334599018,0.005855923518538475,0.5376790650188923,4.3833209201693535,0.0035241246223449707,0.6250101141631603,0.033079180866479874,17.303514294326305,1822363.514338401,1822363.520368148
1682,eye0,adgbc_trt_one_euro,calibration,loop,10.751112131401896,0.0,0.27974718250334263,0.5940720438957214,0.1896931789815426,0.0054389238357543945,0.5244349595159292,29.253690969198942,0.3090039826929569,1.0345878545194864,0.029797200113534927,42.97157842665911,1822363.519549777,1822363.550778783
1682,eye0,adgbc_trt_one_euro,calibration,loop,10.751112131401896,0.0,0.27974718250334263,0.5940720438957214,0.1896931789815426,0.0054389238357543945,0.5244349595159292,29.614467872306705,0.004407018423080444,1.0345878545194864,0.029797200113534927,43.02775836549699,1822363.519549777,1822363.550817161
1688,eye1,adgbc_trt_one_euro,calibration,loop,10.636053048074245,0.0,0.379019882529974,0.6170731503516436,0.6235761102288961,0.01392303965985775,0.9759210515767336,25.789259001612663,0.2156470436602831,1.0345878545194864,0.029797200113534927,40.31485738232732,1822363.522373893,1822363.551072624
1688,eye1,adgbc_trt_one_euro,calibration,loop,10.636053048074245,0.0,0.379019882529974,0.6170731503516436,0.6235761102288961,0.01392303965985775,0.9759210515767336,26.042565936222672,0.004169996827840805,1.0345878545194864,0.029797200113534927,40.356687270104885,1822363.522373893,1822363.551116648
1683,eye0,adgbc_trt_one_euro,calibration,loop,10.77218004502356,0.0,0.4426920786499977,0.68284897133708,0.4560041707009077,0.008798902854323387,0.9024590253829956,20.938999019563198,0.2029340248554945,1.0345878545194864,0.029797200113534927,35.47130129300058,1822363.527640289,1822363.551358924
1683,eye0,adgbc_trt_one_euro,calibration,loop,10.77218004502356,0.0,0.4426920786499977,0.68284897133708,0.4560041707009077,0.008798902854323387,0.9024590253829956,21.171046886593103,0.003982102498412132,1.0345878545194864,0.029797200113534927,35.5043972376734,1822363.527640289,1822363.551391911
1689,eye1,adgbc_trt_one_euro,calibration,loop,10.560831055045128,0.0,0.4139889497309923,0.6803979631513357,0.3125241491943598,0.008597970008850098,0.8983558509498835,18.665353069081903,0.19884901121258736,1.0345878545194864,0.029797200113534927,32.80328307300806,1822363.530367907,1822363.551627463
1689,eye1,adgbc_trt_one_euro,calibration,loop,10.560831055045128,0.0,0.4139889497309923,0.6803979631513357,0.3125241491943598,0.008597970008850098,0.8983558509498835,18.896838882938027,0.003908062353730202,1.0345878545194864,0.029797200113534927,32.83982793800533,1822363.530367907,1822363.551665315
1684,eye0,adgbc_trt_one_euro,calibration,loop,10.645776987075806,0.0,0.3846450708806515,0.6193979643285275,0.3234250470995903,0.007598893716931343,0.8355439640581608,13.872327981516719,0.20806491374969482,1.0345878545194864,0.029797200113534927,27.961165877059102,1822363.535582573,1822363.551911223
1684,eye0,adgbc_trt_one_euro,calibration,loop,10.645776987075806,0.0,0.3846450708806515,0.6193979643285275,0.3234250470995903,0.007598893716931343,0.8355439640581608,14.10836004652083,0.003600027412176132,1.0345878545194864,0.029797200113534927,27.992733055725694,1822363.535582573,1822363.551941819
1690,eye1,adgbc_trt_one_euro,calibration,loop,10.470146080479026,0.0,0.3831710200756788,0.6156088784337044,0.3144429065287113,0.008190982043743134,0.6908539216965437,11.553651886060834,0.20029000006616116,1.0345878545194864,0.029797200113534927,25.300740730017424,1822363.538346012,1822363.552180027
1690,eye1,adgbc_trt_one_euro,calibration,loop,10.470146080479026,0.0,0.3831710200756788,0.6156088784337044,0.3144429065287113,0.008190982043743134,0.6908539216965437,11.788422940298915,0.0036621931940317154,1.0345878545194864,0.029797200113534927,25.338883977383375,1822363.538346012,1822363.552214798
1685,eye0,adgbc_trt_one_euro,calibration,loop,10.580228874459863,0.0,0.36533502861857414,0.6142740603536367,0.3208629786968231,0.007292022928595543,0.8087288588285446,6.472826935350895,0.24932180531322956,1.0345878545194864,0.029797200113534927,20.483255619183183,1822363.54358596,1822363.55249923
1685,eye0,adgbc_trt_one_euro,calibration,loop,10.580228874459863,0.0,0.36533502861857414,0.6142740603536367,0.3208629786968231,0.007292022928595543,0.8087288588285446,6.75182300619781,0.0035280827432870865,1.0345878545194864,0.029797200113534927,20.516457967460155,1822363.54358596,1822363.552533631
1691,eye1,adgbc_trt_one_euro,calibration,loop,10.31687785871327,0.0,0.25891908444464207,0.6046609487384558,0.39487704634666443,0.007587950676679611,0.4474220331758261,4.4429488480091095,0.19378005526959896,1.0345878545194864,0.029797200113534927,17.731458880007267,1822363.546261098,1822363.552761683
1691,eye1,adgbc_trt_one_euro,calibration,loop,10.31687785871327,0.0,0.25891908444464207,0.6046609487384558,0.39487704634666443,0.007587950676679611,0.4474220331758261,4.664591047912836,0.0035748817026615143,1.0345878545194864,0.029797200113534927,17.762895906344056,1822363.546261098,1822363.552795231
1686,eye0,adgbc_trt_one_euro,calibration,loop,10.50017704255879,0.0,0.38009299896657467,0.6094188429415226,0.29721204191446304,0.00726897269487381,0.9028709027916193,32.59002207778394,0.2927761524915695,0.6031638476997614,0.03574183210730553,46.21874471195042,1822363.551575058,1822363.586743514
1686,eye0,adgbc_trt_one_euro,calibration,loop,10.50017704255879,0.0,0.38009299896657467,0.6094188429415226,0.29721204191446304,0.00726897269487381,0.9028709027916193,32.92708611115813,0.0043031759560108185,0.6031638476997614,0.03574183210730553,46.26733576878905,1822363.551575058,1822363.58678116
1692,eye1,adgbc_trt_one_euro,calibration,loop,10.314184008166194,0.0,0.4070480354130268,0.5925609730184078,0.18772296607494354,0.005294103175401688,0.8010289166122675,30.428833095356822,0.21660909987986088,0.6031638476997614,0.03574183210730553,43.59218687750399,1822363.554327877,1822363.587036544
1692,eye1,adgbc_trt_one_euro,calibration,loop,10.314184008166194,0.0,0.4070480354130268,0.5925609730184078,0.18772296607494354,0.005294103175401688,0.8010289166122675,30.685225035995245,0.004102010279893875,0.6031638476997614,0.03574183210730553,43.63607172854245,1822363.554327877,1822363.587080167
1687,eye0,adgbc_trt_one_euro,calibration,loop,10.46827295795083,0.0,0.40823500603437424,0.6679710932075977,0.34095393493771553,0.005930894985795021,0.5931251216679811,25.422767037525773,0.20215497352182865,0.6031638476997614,0.03574183210730553,38.74831669963896,1822363.559612147,1822363.587320711
1687,eye0,adgbc_trt_one_euro,calibration,loop,10.46827295795083,0.0,0.40823500603437424,0.6679710932075977,0.34095393493771553,0.005930894985795021,0.5931251216679811,25.659194914624095,0.0037669669836759567,0.6031638476997614,0.03574183210730553,38.78635657019913,1822363.559612147,1822363.587353233
1693,eye1,adgbc_trt_one_euro,calibration,loop,10.270877042785287,0.0,0.40657399222254753,0.6787660531699657,0.327165937051177,0.00882614403963089,0.9083137847483158,22.623664932325482,0.19909092225134373,0.6031638476997614,0.03574183210730553,36.06218448840082,1822363.562354068,1822363.587588568
1693,eye1,adgbc_trt_one_euro,calibration,loop,10.270877042785287,0.0,0.40657399222254753,0.6787660531699657,0.327165937051177,0.00882614403963089,0.9083137847483158,22.856869967654347,0.0037460122257471085,0.6031638476997614,0.03574183210730553,36.100044613704085,1822363.562354068,1822363.587627566
1688,eye0,adgbc_trt_one_euro,calibration,loop,10.334966937080026,0.0,0.2830789890140295,0.6097340956330299,0.3422300796955824,0.008053844794631004,0.9180130437016487,17.8758529946208,0.19690883345901966,0.6031638476997614,0.03574183210730553,31.207744497805834,1822363.567547552,1822363.587862511
1688,eye0,adgbc_trt_one_euro,calibration,loop,10.334966937080026,0.0,0.2830789890140295,0.6097340956330299,0.3422300796955824,0.008053844794631004,0.9180130437016487,18.10026401653886,0.003746943548321724,0.6031638476997614,0.03574183210730553,31.238993629813194,1822363.567547552,1822363.587893481
1694,eye1,adgbc_trt_one_euro,calibration,loop,10.180382989346981,0.0,0.3653219901025295,0.6149290129542351,0.47791004180908203,0.007757917046546936,0.8571438957005739,15.20140701904893,0.1995170023292303,0.6031638476997614,0.03574183210730553,28.543275548145175,1822363.570332039,1822363.588131449
1694,eye1,adgbc_trt_one_euro,calibration,loop,10.180382989346981,0.0,0.3653219901025295,0.6149290129542351,0.47791004180908203,0.007757917046546936,0.8571438957005739,15.432019019499421,0.005895039066672325,0.6031638476997614,0.03574183210730553,28.58026558533311,1822363.570332039,1822363.588169388
1689,eye0,adgbc_trt_one_euro,calibration,loop,10.305182076990604,0.0,0.37506199441850185,0.6184021476656199,0.32386183738708496,0.008057104423642159,0.9317840449512005,10.281085968017578,0.1930298749357462,0.6031638476997614,0.03574183210730553,23.675370728597045,1822363.575587163,1822363.588397563
1689,eye0,adgbc_trt_one_euro,calibration,loop,10.305182076990604,0.0,0.37506199441850185,0.6184021476656199,0.32386183738708496,0.008057104423642159,0.9317840449512005,11.220699176192284,0.0041620805859565735,0.6031638476997614,0.03574183210730553,24.42611614242196,1822363.575587163,1822363.589151328
1695,eye1,adgbc_trt_one_euro,calibration,loop,10.109755909070373,0.0,0.3641669172793627,0.6150058470666409,0.31825783662498,0.007743015885353088,0.8134678937494755,8.663211949169636,0.21065096370875835,0.6031638476997614,0.03574183210730553,21.741166012361646,1822363.578330457,1822363.589399889
1695,eye1,adgbc_trt_one_euro,calibration,loop,10.109755909070373,0.0,0.3641669172793627,0.6150058470666409,0.31825783662498,0.007743015885353088,0.8134678937494755,8.903199108317494,0.0036440324038267136,0.6031638476997614,0.03574183210730553,21.774146240204573,1822363.578330457,1822363.589431499
1690,eye0,adgbc_trt_one_euro,calibration,loop,10.233683977276087,0.0,0.36842189729213715,0.6113690324127674,0.31751603819429874,0.0074731651693582535,0.8725558873265982,3.6293810699135065,0.3631159197539091,0.6031638476997614,0.03574183210730553,17.04242266714573,1822363.583584427,1822363.589830152
1690,eye0,adgbc_trt_one_euro,calibration,loop,10.233683977276087,0.0,0.36842189729213715,0.6113690324127674,0.31751603819429874,0.0074731651693582535,0.8725558873265982,4.021941917017102,0.0037669669836759567,0.6031638476997614,0.03574183210730553,17.07563456147909,1822363.583584427,1822363.589863251
1696,eye1,adgbc_trt_one_euro,calibration,loop,10.048646945506334,0.0,0.36665285006165504,0.6107899826020002,0.31863898038864136,0.00758003443479538,0.8253480773419142,1.3556128833442926,0.1982320100069046,0.6031638476997614,0.03574183210730553,14.370407443493605,1822363.58633838,1822363.590096501
1696,eye1,adgbc_trt_one_euro,calibration,loop,10.048646945506334,0.0,0.36665285006165504,0.6107899826020002,0.31863898038864136,0.00758003443479538,0.8253480773419142,1.5796711668372154,0.003597000613808632,0.6031638476997614,0.03574183210730553,14.399830717593431,1822363.58633838,1822363.590127258
1691,eye0,adgbc_trt_one_euro,calibration,loop,10.1697260979563,0.0,0.373701099306345,0.6194890011101961,0.30268612317740917,0.007531838491559029,0.8904288988560438,24.5728709269315,0.30291895382106304,1.0677040554583073,0.027959002181887627,38.33501599729061,1822363.591589567,1822363.61874705
1691,eye0,adgbc_trt_one_euro,calibration,loop,10.1697260979563,0.0,0.373701099306345,0.6194890011101961,0.30268612317740917,0.007531838491559029,0.8904288988560438,24.920532014220953,0.004408881068229675,1.0677040554583073,0.027959002181887627,38.38416701182723,1822363.591589567,1822363.618786257
1697,eye1,adgbc_trt_one_euro,calibration,loop,10.003763949498534,0.0,0.3720661625266075,0.6166149396449327,0.4838260356336832,0.007970025762915611,0.8304351940751076,22.074070060625672,0.21504214964807034,1.0677040554583073,0.027959002181887627,35.69945157505572,1822363.594362565,1822363.619039764
1697,eye1,adgbc_trt_one_euro,calibration,loop,10.003763949498534,0.0,0.3720661625266075,0.6166149396449327,0.4838260356336832,0.007970025762915611,0.8304351940751076,22.319037932902575,0.004080822691321373,1.0677040554583073,0.027959002181887627,35.73345812037587,1822363.594362565,1822363.619074199
1692,eye0,adgbc_trt_one_euro,calibration,loop,10.174828115850687,0.0,0.4057569894939661,0.6611491553485394,0.332521041855216,0.008256873115897179,1.0145001579076052,16.94407290779054,0.21521886810660362,1.0677040554583073,0.027959002181887627,30.85196716710925,1822363.59966398,1822363.619326678
1692,eye0,adgbc_trt_one_euro,calibration,loop,10.174828115850687,0.0,0.4057569894939661,0.6611491553485394,0.332521041855216,0.008256873115897179,1.0145001579076052,17.18770689330995,0.003903871402144432,1.0677040554583073,0.027959002181887627,30.8842861559242,1822363.59966398,1822363.619359636
1698,eye1,adgbc_trt_one_euro,calibration,loop,9.928163141012192,0.0,0.3935589920729399,0.6642709486186504,0.29908609576523304,0.00812695361673832,0.8302920032292604,14.76776716299355,0.1980517990887165,1.0677040554583073,0.027959002181887627,28.184980154037476,1822363.602356,1822363.619593857
1698,eye1,adgbc_trt_one_euro,calibration,loop,9.928163141012192,0.0,0.3935589920729399,0.6642709486186504,0.29908609576523304,0.00812695361673832,0.8302920032292604,14.993977034464478,0.0038910657167434692,1.0677040554583073,0.027959002181887627,28.21702929213643,1822363.602356,1822363.619629785
1693,eye0,adgbc_trt_one_euro,calibration,loop,10.103858774527907,0.0,0.39629009552299976,0.6544108036905527,0.3416708204895258,0.006131129339337349,0.5931931082159281,9.941125987097621,0.19718892872333527,1.0677040554583073,0.027959002181887627,23.329532705247402,1822363.607662076,1822363.619864377
1693,eye0,adgbc_trt_one_euro,calibration,loop,10.103858774527907,0.0,0.39629009552299976,0.6544108036905527,0.3416708204895258,0.006131129339337349,0.5931931082159281,10.172221111133695,0.0037071295082569122,1.0677040554583073,0.027959002181887627,23.367146030068398,1822363.607662076,1822363.619895213
1699,eye1,adgbc_trt_one_euro,calibration,loop,9.879643097519875,0.0,0.38188998587429523,0.6448181811720133,0.32034097239375114,0.0077339354902505875,0.8915748912841082,7.23425904288888,0.19857985898852348,1.0677040554583073,0.027959002181887627,20.65450302325189,1822363.610376646,1822363.620132445
1699,eye1,adgbc_trt_one_euro,calibration,loop,9.879643097519875,0.0,0.38188998587429523,0.6448181811720133,0.32034097239375114,0.0077339354902505875,0.8915748912841082,7.462524110451341,0.0037241261452436447,1.0677040554583073,0.027959002181887627,20.687912357971072,1822363.610376646,1822363.620167306
1694,eye0,adgbc_trt_one_euro,calibration,loop,9.93632199242711,0.0,0.2991659566760063,0.6027491763234138,0.20046602003276348,0.005477108061313629,0.5446299910545349,2.926250919699669,0.19330508075654507,1.0677040554583073,0.027959002181887627,15.804029302671552,1822363.615563315,1822363.62039601
1694,eye0,adgbc_trt_one_euro,calibration,loop,9.93632199242711,0.0,0.2991659566760063,0.6027491763234138,0.20046602003276348,0.005477108061313629,0.5446299910545349,3.151332028210163,0.0036458950489759445,1.0677040554583073,0.027959002181887627,15.839451225474477,1822363.615563315,1822363.620426471
1700,eye1,adgbc_trt_one_euro,calibration,loop,9.780940832570195,0.0,0.3657490015029907,0.6142898928374052,0.31553488224744797,0.007519032806158066,0.8607641793787479,33.91886898316443,0.30779698863625526,1.0031650308519602,0.031569041311740875,47.20619786530733,1822363.618346803,1822363.6548251
1700,eye1,adgbc_trt_one_euro,calibration,loop,9.780940832570195,0.0,0.3657490015029907,0.6142898928374052,0.31553488224744797,0.007519032806158066,0.8607641793787479,34.278119914233685,0.0043869949877262115,1.0031650308519602,0.031569041311740875,47.26203880272806,1822363.618346803,1822363.654871354
1695,eye0,adgbc_trt_one_euro,calibration,loop,9.906430030241609,0.0,0.3806687891483307,0.6273069884628057,0.3102109767496586,0.00781891867518425,0.9212871082127094,28.979805996641517,0.2137699630111456,1.0031650308519602,0.031569041311740875,42.38203284330666,1822363.623602372,1822363.655124437
1695,eye0,adgbc_trt_one_euro,calibration,loop,9.906430030241609,0.0,0.3806687891483307,0.6273069884628057,0.3102109767496586,0.00781891867518425,0.9212871082127094,29.2275280226022,0.004153000190854073,1.0031650308519602,0.031569041311740875,42.42013790644705,1822363.623602372,1822363.655162434
1701,eye1,adgbc_trt_one_euro,calibration,loop,9.72969294525683,0.0,0.38866419345140457,0.8741009514778852,0.6862410809844732,0.008587958291172981,0.8861380629241467,25.910723954439163,0.20213890820741653,1.0031650308519602,0.031569041311740875,39.72102212719619,1822363.626364527,1822363.655402388
1701,eye1,adgbc_trt_one_euro,calibration,loop,9.72969294525683,0.0,0.38866419345140457,0.8741009514778852,0.6862410809844732,0.008587958291172981,0.8861380629241467,26.14617394283414,0.004030996933579445,1.0031650308519602,0.031569041311740875,39.75836420431733,1822363.626364527,1822363.655440388
1696,eye0,adgbc_trt_one_euro,calibration,loop,9.857750963419676,0.0,0.4116951022297144,0.6664469838142395,0.337264034897089,0.008121132850646973,0.88829779997468,21.464431891217828,0.1992818433791399,1.0031650308519602,0.031569041311740875,34.868023823946714,1822363.631622896,1822363.655677842
1696,eye0,adgbc_trt_one_euro,calibration,loop,9.857750963419676,0.0,0.4116951022297144,0.6664469838142395,0.337264034897089,0.008121132850646973,0.88829779997468,21.686651976779103,0.0037618447095155716,1.0031650308519602,0.031569041311740875,34.894723910838366,1822363.631622896,1822363.655709644
1702,eye1,adgbc_trt_one_euro,calibration,loop,9.658407885581255,0.0,0.3847039770334959,0.6842908915132284,0.32022688537836075,0.008097151294350624,0.8487561717629433,19.059704849496484,0.19481312483549118,1.0031650308519602,0.031569041311740875,32.19373500905931,1822363.634362252,1822363.655940751
1702,eye1,adgbc_trt_one_euro,calibration,loop,9.658407885581255,0.0,0.3847039770334959,0.6842908915132284,0.32022688537836075,0.008097151294350624,0.8487561717629433,19.288278184831142,0.0037960708141326904,1.0031650308519602,0.031569041311740875,32.23129129037261,1822363.634362252,1822363.655978463
1697,eye0,adgbc_trt_one_euro,calibration,loop,9.738774970173836,0.0,0.2498510293662548,0.7162368856370449,0.20700087770819664,0.005726004019379616,0.6065750494599342,14.591861050575972,0.2027321606874466,1.0031650308519602,0.031569041311740875,27.353492099791765,1822363.639573371,1822363.656216623
1697,eye0,adgbc_trt_one_euro,calibration,loop,9.738774970173836,0.0,0.2498510293662548,0.7162368856370449,0.20700087770819664,0.005726004019379616,0.6065750494599342,14.829267980530858,0.0037800054997205734,1.0031650308519602,0.031569041311740875,27.391946874558926,1822363.639573371,1822363.656251853
1703,eye1,adgbc_trt_one_euro,calibration,loop,9.58662386983633,0.0,0.3703921101987362,0.6151639390736818,0.31607598066329956,0.007729977369308472,0.8210008963942528,11.72190299257636,0.19626296125352383,1.0031650308519602,0.031569041311740875,24.669886799529195,1822363.642359452,1822363.656483322
1703,eye1,adgbc_trt_one_euro,calibration,loop,9.58662386983633,0.0,0.3703921101987362,0.6151639390736818,0.31607598066329956,0.007729977369308472,0.8210008963942528,11.946961982175708,0.0036098062992095947,1.0031650308519602,0.031569041311740875,24.702292634174228,1822363.642359452,1822363.656517131
1698,eye0,adgbc_trt_one_euro,calibration,loop,9.643133031204343,0.0,0.26946887373924255,0.5891979672014713,0.20296196453273296,0.005762092769145966,0.6701950915157795,7.207787130028009,0.19743596203625202,1.0031650308519602,0.031569041311740875,19.820676185190678,1822363.64754691,1822363.656748929
1698,eye0,adgbc_trt_one_euro,calibration,loop,9.643133031204343,0.0,0.26946887373924255,0.5891979672014713,0.20296196453273296,0.005762092769145966,0.6701950915157795,7.435897132381797,0.00372203066945076,1.0031650308519602,0.031569041311740875,19.855072256177664,1822363.64754691,1822363.656783183
1704,eye1,adgbc_trt_one_euro,calibration,loop,9.563354076817632,0.0,0.36893412470817566,0.6084688939154148,0.31334604136645794,0.007634982466697693,0.8164700120687485,4.223424009978771,0.19054883159697056,1.0031650308519602,0.031569041311740875,17.12691504508257,1822363.650405072,1822363.657013314
1704,eye1,adgbc_trt_one_euro,calibration,loop,9.563354076817632,0.0,0.36893412470817566,0.6084688939154148,0.31334604136645794,0.007634982466697693,0.8164700120687485,4.4465819373726845,0.0036871060729026794,1.0031650308519602,0.031569041311740875,17.163211246952415,1822363.650405072,1822363.657047046
1699,eye0,adgbc_trt_one_euro,calibration,loop,9.678917936980724,0.0,0.24692597799003124,0.5922459531575441,0.3617298789322376,0.005620066076517105,0.6531639955937862,28.870059875771403,0.2938699908554554,0.8876868523657322,0.027565984055399895,41.61778651177883,1822363.655651274,1822363.68674529
1699,eye0,adgbc_trt_one_euro,calibration,loop,9.678917936980724,0.0,0.24692597799003124,0.5922459531575441,0.3617298789322376,0.005620066076517105,0.6531639955937862,29.2126489803195,0.004322035238146782,0.8876868523657322,0.027565984055399895,41.67082766070962,1822363.655651274,1822363.686783729
1705,eye1,adgbc_trt_one_euro,calibration,loop,9.462265064939857,0.0,0.36987802013754845,0.6160938646644354,0.296012032777071,0.00771903432905674,0.8891550824046135,26.19120292365551,0.21834205836057663,0.8876868523657322,0.027565984055399895,38.9659209176898,1822363.658373183,1822363.687040839
1705,eye1,adgbc_trt_one_euro,calibration,loop,9.462265064939857,0.0,0.36987802013754845,0.6160938646644354,0.296012032777071,0.00771903432905674,0.8891550824046135,26.439262088388205,0.004017027094960213,0.8876868523657322,0.027565984055399895,38.99965505115688,1822363.658373183,1822363.687075246
1700,eye0,adgbc_trt_one_euro,calibration,loop,9.625104023143649,0.0,0.4116138443350792,0.6729050073772669,0.33615296706557274,0.008258037269115448,0.9561930783092976,20.9891009144485,0.2044260036200285,0.8876868523657322,0.027565984055399895,34.11900671198964,1822363.663667276,1822363.687326418
1700,eye0,adgbc_trt_one_euro,calibration,loop,9.625104023143649,0.0,0.4116138443350792,0.6729050073772669,0.33615296706557274,0.008258037269115448,0.9561930783092976,21.22160908766091,0.004092929884791374,0.8876868523657322,0.027565984055399895,34.15118181146681,1822363.663667276,1822363.687359384
1706,eye1,adgbc_trt_one_euro,calibration,loop,9.420694084838033,0.0,0.38351421244442463,0.6645838730037212,0.29382389038801193,0.008007045835256577,0.8466369472444057,18.721042899414897,0.19821105524897575,0.8876868523657322,0.027565984055399895,31.451766844838858,1822363.666400588,1822363.687592949
1706,eye1,adgbc_trt_one_euro,calibration,loop,9.420694084838033,0.0,0.38351421244442463,0.6645838730037212,0.29382389038801193,0.008007045835256577,0.8466369472444057,18.95122486166656,0.004001893103122711,0.8876868523657322,0.027565984055399895,31.487739644944668,1822363.666400588,1822363.687630633
1701,eye0,adgbc_trt_one_euro,calibration,loop,9.493309073150158,0.0,0.3694468177855015,0.6115920841693878,0.493861036375165,0.007495982572436333,0.9455138351768255,13.559258077293634,0.20156707614660263,0.8876868523657322,0.027565984055399895,26.597296819090843,1822363.671604139,1822363.687870184
1701,eye0,adgbc_trt_one_euro,calibration,loop,9.493309073150158,0.0,0.3694468177855015,0.6115920841693878,0.493861036375165,0.007495982572436333,0.9455138351768255,13.789582997560501,0.0038510188460350037,0.8876868523657322,0.027565984055399895,26.629905682057142,1822363.671604139,1822363.687901536
1707,eye1,adgbc_trt_one_euro,calibration,loop,9.286120068281889,0.0,0.3669771831482649,0.6140440236777067,0.3170589916408062,0.0075339339673519135,0.8158709388226271,11.408248916268349,0.20025507546961308,0.8876868523657322,0.027565984055399895,23.93136196769774,1822363.674334815,1822363.688140161
1707,eye1,adgbc_trt_one_euro,calibration,loop,9.286120068281889,0.0,0.3669771831482649,0.6140440236777067,0.3170589916408062,0.0075339339673519135,0.8158709388226271,12.339364038780332,0.004217959940433502,0.8876868523657322,0.027565984055399895,24.666439974680543,1822363.674334815,1822363.688878247
1702,eye0,adgbc_trt_one_euro,calibration,loop,9.424831019714475,0.0,0.3632840234786272,0.6188559345901012,0.3002169542014599,0.00723591074347496,0.8620249573141336,7.082997122779489,0.2177259884774685,0.8876868523657322,0.027565984055399895,19.79242474772036,1822363.679604675,1822363.689134286
1702,eye0,adgbc_trt_one_euro,calibration,loop,9.424831019714475,0.0,0.3632840234786272,0.6188559345901012,0.3002169542014599,0.00723591074347496,0.8620249573141336,7.330517983064055,0.003908062353730202,0.8876868523657322,0.027565984055399895,19.82612768188119,1822363.679604675,1822363.689166597
1708,eye1,adgbc_trt_one_euro,calibration,loop,9.227798087522388,0.0,0.363742932677269,0.6726349238306284,0.31492882408201694,0.007634051144123077,0.8172038942575455,4.60473308339715,0.20131003111600876,0.8876868523657322,0.027565984055399895,17.12523866444826,1822363.682345581,1822363.689402742
1708,eye1,adgbc_trt_one_euro,calibration,loop,9.227798087522388,0.0,0.363742932677269,0.6726349238306284,0.31492882408201694,0.007634051144123077,0.8172038942575455,4.833301994949579,0.0035800039768218994,0.8876868523657322,0.027565984055399895,17.156077548861504,1822363.682345581,1822363.689434814
1703,eye0,adgbc_trt_one_euro,calibration,loop,9.325274964794517,0.0,0.2766100224107504,0.5895900540053844,0.19008386880159378,0.0051551032811403275,0.5840030498802662,0.18971296958625317,0.19073998555541039,0.8876868523657322,0.027565984055399895,12.266422854736447,1822363.687573994,1822363.689660147
1703,eye0,adgbc_trt_one_euro,calibration,loop,9.325274964794517,0.0,0.2766100224107504,0.5895900540053844,0.19008386880159378,0.0051551032811403275,0.5840030498802662,0.40456908755004406,0.0036549754440784454,0.8876868523657322,0.027565984055399895,12.294193962588906,1822363.687573994,1822363.689690937
1709,eye1,adgbc_trt_one_euro,calibration,loop,9.155290899798274,0.0,0.362996943295002,0.6120109464973211,0.3158340696245432,0.0074750278145074844,0.726108904927969,25.998516008257866,0.2568070776760578,1.09762791544199,0.045944005250930786,38.57861179858446,1822363.6903419,1822363.718697139
1709,eye1,adgbc_trt_one_euro,calibration,loop,9.155290899798274,0.0,0.362996943295002,0.6120109464973211,0.3158340696245432,0.0074750278145074844,0.726108904927969,26.29144792445004,0.0035050325095653534,1.09762791544199,0.045944005250930786,38.61824166961014,1822363.6903419,1822363.718723981
1704,eye0,adgbc_trt_one_euro,calibration,loop,9.202898014336824,0.0,0.25447504594922066,0.6077031139284372,0.22721407003700733,0.006089918315410614,0.9577691089361906,21.10742894001305,0.13474980369210243,1.09762791544199,0.045944005250930786,33.641899935901165,1822363.695520073,1822363.718882811
1704,eye0,adgbc_trt_one_euro,calibration,loop,9.202898014336824,0.0,0.25447504594922066,0.6077031139284372,0.22721407003700733,0.006089918315410614,0.9577691089361906,21.25455718487501,0.0029730144888162613,1.09762791544199,0.045944005250930786,33.65725139155984,1822363.695520073,1822363.718904542
1710,eye1,adgbc_trt_one_euro,calibration,loop,9.0947519056499,0.0,0.29004085808992386,0.6169669795781374,0.20497292280197144,0.006366986781358719,0.6401119753718376,18.758459948003292,0.11890102177858353,1.09762791544199,0.045944005250930786,30.874144518747926,1822363.69835048,1822363.719047098
1710,eye1,adgbc_trt_one_euro,calibration,loop,9.0947519056499,0.0,0.29004085808992386,0.6169669795781374,0.20497292280197144,0.006366986781358719,0.6401119753718376,18.90089502558112,0.00271783210337162,1.09762791544199,0.045944005250930786,30.900396406650543,1822363.69835048,1822363.719073555
1705,eye0,adgbc_trt_one_euro,calibration,loop,9.252913994714618,0.0,0.4581180401146412,0.6750291213393211,0.34632603637874126,0.009601004421710968,0.9299609810113907,12.962545035406947,0.11265208013355732,1.09762791544199,0.045944005250930786,25.890718214213848,1822363.703639867,1822363.719206467
1705,eye0,adgbc_trt_one_euro,calibration,loop,9.252913994714618,0.0,0.4581180401146412,0.6750291213393211,0.34632603637874126,0.009601004421710968,0.9299609810113907,13.084624893963337,0.0023390166461467743,1.09762791544199,0.045944005250930786,25.902485009282827,1822363.703639867,1822363.719224637
1711,eye1,adgbc_trt_one_euro,calibration,loop,9.693586034700274,0.0,0.3749779425561428,0.763696851208806,0.22391113452613354,0.006806105375289917,0.6088868249207735,10.19077398814261,0.1029730774462223,1.09762791544199,0.045944005250930786,23.109183879569173,1822363.707018292,1822363.719347646
1711,eye1,adgbc_trt_one_euro,calibration,loop,9.693586034700274,0.0,0.3749779425561428,0.763696851208806,0.22391113452613354,0.006806105375289917,0.6088868249207735,10.310173965990543,0.0025029294192790985,1.09762791544199,0.045944005250930786,23.128113709390163,1822363.707018292,1822363.719367559
1706,eye0,adgbc_trt_one_euro,calibration,loop,9.197091916576028,0.0,0.45776600018143654,0.6815369706600904,0.35606115125119686,0.008979812264442444,0.9704630356281996,5.182651104405522,0.10246108286082745,1.09762791544199,0.045944005250930786,18.100582994520664,1822363.711653369,1822363.719491014
1706,eye0,adgbc_trt_one_euro,calibration,loop,9.197091916576028,0.0,0.45776600018143654,0.6815369706600904,0.35606115125119686,0.008979812264442444,0.9704630356281996,5.299037089571357,0.002954155206680298,1.09762791544199,0.045944005250930786,18.11746205203235,1822363.711653369,1822363.719514253
1712,eye1,adgbc_trt_one_euro,calibration,loop,8.929311065003276,0.0,0.2934429794549942,0.6113359704613686,0.2084460575133562,0.006160000339150429,0.569881172850728,3.4572759177535772,0.11723209172487259,1.09762791544199,0.045944005250930786,15.336657175794244,1822363.714322978,1822363.719650994
1712,eye1,adgbc_trt_one_euro,calibration,loop,8.929311065003276,0.0,0.2934429794549942,0.6113359704613686,0.2084460575133562,0.006160000339150429,0.569881172850728,3.588348161429167,0.002242857590317726,1.09762791544199,0.045944005250930786,15.352740185335279,1822363.714322978,1822363.719667913
