frame_id,process,model,phase,ingest_ms,roi_ms,preprocess_ms,inference_ms,ellipse_fit_ms,pye3d_ms,ipc_transport_ms,gaze_mapping_ms,render_ms,buffer_swap_ms,total_system_latency_ms,t_start,t_end
33,eye0,pmrnet,boot,227.04509703908116,0.02,1.752020907588303,205.0827379571274,2.590127056464553,0.08,0.35,0.05,0.45,1.2,438.6199829602614,865644.874416306,865645.083841691
60,eye0,pmrnet,loop,18.56988004874438,0.02,0.9165569208562374,4.695724928751588,0.27671700809150934,0.08,0.35,0.05,0.45,1.2,26.608878906443714,865645.087341343,865645.093231021
61,eye0,pmrnet,loop,21.25543891452253,0.02,0.5710450932383537,8.831823011860251,0.2692529233172536,0.08,0.35,0.05,0.45,1.2,33.077559942938386,865645.094312858,865645.103985464
62,eye0,pmrnet,loop,18.012059037573636,0.02,0.4400559701025486,3.2861080253496766,0.37283299025148153,0.08,0.35,0.05,0.45,1.2,24.26105602327734,865645.104712225,865645.108811607
63,eye0,pmrnet,loop,15.878712991252542,0.02,0.34856691490858793,3.606982994824648,0.5685960641130805,0.08,0.35,0.05,0.45,1.2,22.552858965098856,865645.110222365,865645.114746975
64,eye0,pmrnet,loop,16.279281000606716,0.02,0.3703549737110734,4.056954989209771,0.5582699086517096,0.08,0.35,0.05,0.45,1.2,23.41486087217927,865645.118230353,865645.123216318
65,eye0,pmrnet,loop,15.945961931720376,0.02,0.40166801773011684,3.694743965752423,0.6229969440028071,0.08,0.35,0.05,0.45,1.2,22.81537085920572,865645.126232708,865645.130952472
66,eye0,pmrnet,loop,20.992303965613246,0.02,0.5451489705592394,9.000031976029277,0.24891691282391548,0.08,0.35,0.05,0.45,1.2,32.936401825025676,865645.134272958,865645.144067713
67,eye0,pmrnet,loop,19.731797045096755,0.02,1.3185238931328058,4.2581509333103895,0.2304560039192438,0.08,0.35,0.05,0.45,1.2,27.688927875459193,865645.145070355,865645.150877839
68,eye0,pmrnet,loop,17.202520975843072,0.02,0.3617180045694113,3.8731229724362493,1.1871790047734976,0.08,0.35,0.05,0.45,1.2,24.77454095762223,865645.150995182,865645.156417569
69,eye0,pmrnet,loop,15.490369987674057,0.02,0.3591750282794237,3.417277941480279,0.732510001398623,0.08,0.35,0.05,0.45,1.2,22.14933295883238,865645.158265302,865645.162774483
70,eye0,pmrnet,loop,22.373127983883023,0.02,0.5023210542276502,9.639843949116766,1.3250230113044381,0.08,0.35,0.05,0.45,1.2,35.99031599853188,865645.166257662,865645.177725358
71,eye0,pmrnet,loop,19.361876999028027,0.02,0.5162039306014776,3.8544420385733247,0.4952140152454376,0.08,0.35,0.05,0.45,1.2,26.377736983448266,865645.177917617,865645.182783936
72,eye0,pmrnet,loop,16.653846949338913,0.02,0.32761204056441784,3.5538559313863516,0.43411809019744396,0.08,0.35,0.05,0.45,1.2,23.119433011487125,865645.183829144,865645.188144949
73,eye0,pmrnet,loop,14.497713069431484,0.02,0.3292110050097108,3.2245690235868096,0.2238149754703045,0.08,0.35,0.05,0.45,1.2,20.425308073498307,865645.19027976,865645.194057687
74,eye0,pmrnet,loop,16.21018606238067,0.02,0.4928900161758065,3.550813999027014,1.5351519687101245,0.08,0.35,0.05,0.45,1.2,23.939042046293615,865645.198260128,865645.203839278
75,eye0,pmrnet,loop,16.80407498497516,0.02,0.2792029408738017,3.3024519216269255,1.7489689635112882,0.08,0.35,0.05,0.45,1.2,24.284698810987173,865645.207171136,865645.212501969
76,eye0,pmrnet,loop,20.84565896075219,0.02,0.33781491219997406,9.481859975494444,0.5193870747461915,0.08,0.35,0.05,0.45,1.2,33.334720923192805,865645.214272636,865645.224612073
77,eye0,pmrnet,loop,24.190357071347535,0.02,0.49969193059951067,9.468892007134855,0.4096589982509613,0.08,0.35,0.05,0.45,1.2,36.71860000733286,865645.225646687,865645.236025463
78,eye0,pmrnet,loop,29.124291031621397,0.02,1.9895409932360053,9.47763491421938,1.3349830405786633,0.08,0.35,0.05,0.45,1.2,44.07644997965544,865645.236226456,865645.249029255
80,eye0,pmrnet,loop,20.232804003171623,0.02,0.4118459764868021,5.697548971511424,0.4359650192782283,0.08,0.35,0.05,0.45,1.2,28.928163970448075,865645.249730117,865645.256275821
81,eye0,pmrnet,loop,16.94277999922633,0.02,0.3301779506728053,3.700494999065995,0.6348839960992336,0.08,0.35,0.05,0.45,1.2,23.758336945064364,865645.256388929,865645.261054746
82,eye0,pmrnet,loop,14.456009026616812,0.02,0.3510779934003949,3.711163066327572,0.34082296770066023,0.08,0.35,0.05,0.45,1.2,21.009073054045437,865645.262233709,865645.266636992
83,eye0,pmrnet,loop,21.150181884877384,0.02,0.4881930071860552,9.60193993523717,1.02770805824548,0.08,0.35,0.05,0.45,1.2,34.41802288554609,865645.27028131,865645.281399745
84,eye0,pmrnet,loop,21.34053793270141,0.02,0.37957599852234125,7.3355319909751415,0.3960019676014781,0.08,0.35,0.05,0.45,1.2,31.60164788980037,865645.281548051,865645.289659441
85,eye0,pmrnet,loop,19.71208502072841,0.02,0.4936709301546216,4.246939090080559,0.7607570150867105,0.08,0.35,0.05,0.45,1.2,27.3634520560503,865645.290598331,865645.296100093
86,eye0,pmrnet,loop,16.814197064377367,0.02,0.35664800088852644,4.068322945386171,0.6206049583852291,0.08,0.35,0.05,0.45,1.2,24.009772969037293,865645.296225018,865645.301270845
87,eye0,pmrnet,loop,14.211300993338227,0.02,0.38714695256203413,3.3147489884868264,0.7267720066010952,0.08,0.35,0.05,0.45,1.2,20.78996894098818,865645.302308468,865645.306737379
88,eye0,pmrnet,loop,14.179034973494709,0.02,0.3343729767948389,3.7323220167309046,0.43539993930608034,0.08,0.35,0.05,0.45,1.2,20.83112990632653,865645.310271825,865645.314774232
89,eye0,pmrnet,loop,13.916885945945978,0.02,0.3671919694170356,3.2769559184089303,0.658423057757318,0.08,0.35,0.05,0.45,1.2,20.36945689152926,865645.318277989,865645.322580853
90,eye0,pmrnet,loop,14.797321055084467,0.02,0.3522540209814906,3.9514320669695735,0.9425900643691421,0.08,0.35,0.05,0.45,1.2,22.19359720740467,865645.326283868,865645.331530411
91,eye0,pmrnet,loop,19.74917098414153,0.02,0.49309199675917625,9.53381892759353,0.2508619800209999,0.08,0.35,0.05,0.45,1.2,32.17694388851523,865645.334272788,865645.344551103
92,eye0,pmrnet,loop,18.28719791956246,0.02,1.573716988787055,4.126005922444165,0.34872395917773247,0.08,0.35,0.05,0.45,1.2,26.48564478997141,865645.345109513,865645.351158235
93,eye0,pmrnet,loop,22.169168922118843,0.02,0.4969959845766425,9.852402028627694,0.6610829150304198,0.08,0.35,0.05,0.45,1.2,35.3296498503536,865645.352097207,865645.363108235
94,eye0,pmrnet,loop,24.690313963219523,0.02,0.54718810133636,9.404815966263413,0.4462520591914654,0.08,0.35,0.05,0.45,1.2,37.23857009001076,865645.363300275,865645.373698981
96,eye0,pmrnet,loop,20.237585064023733,0.02,0.49147300887852907,9.464485920034349,0.4701180150732398,0.08,0.35,0.05,0.45,1.2,32.81366200800985,865645.374957516,865645.385384061
97,eye0,pmrnet,loop,22.525473963469267,0.02,0.5108779296278954,9.229241986759007,0.44638197869062424,0.08,0.35,0.05,0.45,1.2,34.86197585854679,865645.385554222,865645.395741177
98,eye0,pmrnet,loop,25.97686997614801,0.02,0.5028370069339871,9.590497007593513,0.5202030297368765,0.08,0.35,0.05,0.45,1.2,38.740407020412384,865645.3966465,865645.40726054
100,eye0,pmrnet,loop,17.859515035524964,0.02,0.507085002027452,7.073508924804628,0.2318909391760826,0.08,0.35,0.05,0.45,1.2,27.821999901533125,865645.407469744,865645.415282654
101,eye0,pmrnet,loop,21.308992989361286,0.02,0.4637899110093713,9.618912008590996,0.5357079207897186,0.08,0.35,0.05,0.45,1.2,34.07740282975138,865645.41618119,865645.42680016
102,eye0,pmrnet,loop,23.655885946936905,0.02,0.47414202708750963,9.219191037118435,0.5405659321695566,0.08,0.35,0.05,0.45,1.2,36.039784943312405,865645.426981533,865645.437216154
104,eye0,pmrnet,loop,19.72346904221922,0.02,0.517910928465426,9.661123040132225,0.5333099979907274,0.08,0.35,0.05,0.45,1.2,32.5858130088076,865645.438708749,865645.449421707
105,eye0,pmrnet,loop,22.3029600456357,0.02,0.48340391367673874,9.451688034459949,0.5391640588641167,0.08,0.35,0.05,0.45,1.2,34.9272160526365,865645.449595579,865645.460070414
106,eye0,pmrnet,loop,24.931596009992063,0.02,0.5543009610846639,7.6617340091615915,0.4399630706757307,0.08,0.35,0.05,0.45,1.2,35.73759405091405,865645.462112207,865645.47076874
108,eye0,pmrnet,loop,12.91163801215589,0.02,0.35930005833506584,3.254540031775832,0.3911058884114027,0.08,0.35,0.05,0.45,1.2,19.06658399067819,865645.470882592,865645.474887788
109,eye0,pmrnet,loop,13.244305038824677,0.02,0.33659697510302067,3.3169870730489492,1.3186139985918999,0.08,0.35,0.05,0.45,1.2,20.366503085568546,865645.478316876,865645.483289388
110,eye0,pmrnet,loop,18.64508504513651,0.02,0.5051969783380628,9.475241997279227,0.5081010749563575,0.08,0.35,0.05,0.45,1.2,31.283625095710157,865645.486269437,865645.49675854
111,eye0,pmrnet,loop,19.980893936008215,0.02,0.39216806180775166,6.7157979356125,1.0475160088390112,0.08,0.35,0.05,0.45,1.2,30.286375942267476,865645.498007587,865645.506163467
112,eye0,pmrnet,loop,18.49308202508837,0.02,1.3789139920845628,3.3283119555562735,0.9114239364862442,0.08,0.35,0.05,0.45,1.2,26.26173190921545,865645.507126266,865645.5127452
113,eye0,pmrnet,loop,14.692903030663729,0.02,0.3539469325914979,3.2915970077738166,0.4947090055793524,0.08,0.35,0.05,0.45,1.2,20.983155976608394,865645.512873498,865645.517014006
114,eye0,pmrnet,loop,12.922755093313754,0.02,0.4764019977301359,3.8979360833764076,0.657262047752738,0.08,0.35,0.05,0.45,1.2,20.104355222173034,865645.518280891,865645.523312889
115,eye0,pmrnet,loop,17.58061593864113,0.02,0.5886319559067488,8.707555010914803,0.4397559678182006,0.08,0.35,0.05,0.45,1.2,29.46655887328088,865645.526303257,865645.536039597
116,eye0,pmrnet,loop,13.576310011558235,0.02,0.37223100662231445,3.2903009559959173,0.2888740273192525,0.08,0.35,0.05,0.45,1.2,19.677716001495718,865645.536152507,865645.540104154
117,eye0,pmrnet,loop,16.942842048592865,0.02,0.5256300792098045,7.927238941192627,0.24325097911059856,0.08,0.35,0.05,0.45,1.2,27.788962048105894,865645.542843352,865645.551539918
118,eye0,pmrnet,loop,13.12878099270165,0.02,0.3281940007582307,3.3125269692391157,0.5062849959358573,0.08,0.35,0.05,0.45,1.2,19.425786958634852,865645.5516476,865645.555794847
119,eye0,pmrnet,loop,16.600667033344507,0.02,0.3665670519694686,4.194120992906392,0.456410925835371,0.08,0.35,0.05,0.45,1.2,23.767766004055737,865645.56231818,865645.567335606
120,eye0,pmrnet,loop,22.668475983664393,0.02,0.4948750138282776,9.985734010115266,0.7091090083122253,0.08,0.35,0.05,0.45,1.2,36.00819401592016,865645.570281283,865645.581471602
121,eye0,pmrnet,loop,21.09945099800825,0.02,0.6690180161967874,5.207007983699441,0.4375859862193465,0.08,0.35,0.05,0.45,1.2,29.563062984123825,865645.581658266,865645.587972348
122,eye0,pmrnet,loop,24.663301999680698,0.02,0.47882995568215847,9.657275048084557,0.4814009880647063,0.08,0.35,0.05,0.45,1.2,37.43080799151212,865645.588986643,865645.599604657
123,eye0,pmrnet,loop,27.23368105944246,0.02,0.6200589705258608,9.393004002049565,0.45039295218884945,0.08,0.35,0.05,0.45,1.2,39.847136984206735,865645.599780321,865645.610244356
125,eye0,pmrnet,loop,18.692443030886352,0.02,2.478557056747377,3.169835079461336,0.5504930159077048,0.08,0.35,0.05,0.45,1.2,27.04132818300277,865645.611642318,865645.617841429
126,eye0,pmrnet,loop,17.21786195412278,0.02,0.3391030477359891,4.0521889459341764,1.5269919531419873,0.08,0.35,0.05,0.45,1.2,25.286145900934933,865645.618517394,865645.624435909
127,eye0,pmrnet,loop,16.628456069156528,0.02,0.3811459755524993,4.041620995849371,1.232340931892395,0.08,0.35,0.05,0.45,1.2,24.43356397245079,865645.626260067,865645.631915442
128,eye0,pmrnet,loop,15.098943025805056,0.02,0.3388809273019433,3.322661970742047,0.5406010895967484,0.08,0.35,0.05,0.45,1.2,21.451087013445793,865645.634252429,865645.638454874
129,eye0,pmrnet,loop,18.60735099762678,0.02,0.5037890514358878,4.831366008147597,2.405300037935376,0.08,0.35,0.05,0.45,1.2,28.49780609514564,865645.642291299,865645.650032188
130,eye0,pmrnet,loop,22.405414027161896,0.02,0.4959080833941698,9.84646298456937,0.7547399727627635,0.08,0.35,0.05,0.45,1.2,35.6525250678882,865645.650800834,865645.661898411
131,eye0,pmrnet,loop,24.365979013964534,0.02,0.42252091225236654,7.124287076294422,1.2719699880108237,0.08,0.35,0.05,0.45,1.2,35.334756990522145,865645.663109316,865645.671928538
132,eye0,pmrnet,loop,27.762026991695166,0.02,0.600307947024703,9.572200942784548,0.26423297822475433,0.08,0.35,0.05,0.45,1.2,40.34876885972917,865645.672956636,865645.683393748
134,eye0,pmrnet,loop,16.252315021120012,0.02,0.5054690409451723,3.4388750791549683,0.531601021066308,0.08,0.35,0.05,0.45,1.2,22.87826016228646,865645.683545695,865645.688022155
135,eye0,pmrnet,loop,14.455692027695477,0.02,0.35582995042204857,3.3191139809787273,0.22641103714704514,0.08,0.35,0.05,0.45,1.2,20.507046996243297,865645.690393246,865645.694294858
136,eye0,pmrnet,loop,15.829649986699224,0.02,0.3390260972082615,3.4816989209502935,1.6092659207060933,0.08,0.35,0.05,0.45,1.2,23.40964092556387,865645.698307291,865645.70373756
137,eye0,pmrnet,loop,14.630925026722252,0.02,0.3942570183426142,3.3541679149493575,0.539897009730339,0.08,0.35,0.05,0.45,1.2,21.06924696974456,865645.706319412,865645.710607958
138,eye0,pmrnet,loop,14.566893922165036,0.02,0.47161104157567024,3.297306946478784,0.5956480745226145,0.08,0.35,0.05,0.45,1.2,21.081459984742104,865645.714248074,865645.718612901
139,eye0,pmrnet,loop,13.896818971261382,0.02,0.31975400634109974,3.218470956198871,0.2195850247517228,0.08,0.35,0.05,0.45,1.2,19.804628958553074,865645.722253916,865645.726011975
140,eye0,pmrnet,loop,14.160510036163032,0.02,0.3410769859328866,3.3439630642533302,0.40050107054412365,0.08,0.35,0.05,0.45,1.2,20.39605115689337,865645.730258789,865645.734344637
141,eye0,pmrnet,loop,14.104024041444063,0.02,0.3366200253367424,3.3202660270035267,0.44169300235807896,0.08,0.35,0.05,0.45,1.2,20.35260309614241,865645.73825808,865645.742356891
142,eye0,pmrnet,loop,14.633385930210352,0.02,0.5139940185472369,3.7213109899312258,0.42527192272245884,0.08,0.35,0.05,0.45,1.2,21.443962861411272,865645.746294193,865645.750955264
143,eye0,pmrnet,loop,14.823423000052571,0.02,0.3537259763106704,3.5340350586920977,1.0820089373737574,0.08,0.35,0.05,0.45,1.2,21.943192972429095,865645.754244472,865645.759214502
144,eye0,pmrnet,loop,21.351458970457315,0.02,0.4933009622618556,10.283890995196998,0.7503349334001541,0.08,0.35,0.05,0.45,1.2,35.02898586131632,865645.762282219,865645.773810345
145,eye0,pmrnet,loop,20.79634799156338,0.02,0.4907330730929971,5.1761079812422395,1.6441140323877335,0.08,0.35,0.05,0.45,1.2,30.25730307828635,865645.774013798,865645.781325188
146,eye0,pmrnet,loop,20.05418110638857,0.02,0.5316759925335646,4.176527028903365,0.39411592297255993,0.08,0.35,0.05,0.45,1.2,27.306500050798057,865645.783549518,865645.788652294
147,eye0,pmrnet,loop,16.075021005235612,0.02,0.33322093077003956,3.230446018278599,0.4177310038357973,0.08,0.35,0.05,0.45,1.2,22.206418958120047,865645.78876045,865645.79274214
148,eye0,pmrnet,loop,13.901578960940242,0.02,0.34415791742503643,3.5649719648063183,0.4455780144780874,0.08,0.35,0.05,0.45,1.2,20.406286857649683,865645.794283786,865645.79863876
149,eye0,pmrnet,loop,20.58857004158199,0.02,0.5279810866340995,9.745070012286305,0.7868760731071234,0.08,0.35,0.05,0.45,1.2,33.798497213609515,865645.802333542,865645.813394061
150,eye0,pmrnet,loop,23.257320979610085,0.02,0.4886880051344633,9.426838951185346,0.6360500119626522,0.08,0.35,0.05,0.45,1.2,35.958897947892545,865645.813579578,865645.82413168
151,eye0,pmrnet,loop,26.888886000961065,0.02,0.4252189537510276,9.386435034684837,0.4937780322507024,0.08,0.35,0.05,0.45,1.2,39.34431802164763,865645.825526452,865645.835832529
153,eye0,pmrnet,loop,16.468474990688264,0.02,0.3006389597430825,3.745359950698912,0.4329950315877795,0.08,0.35,0.05,0.45,1.2,23.097468932718037,865645.837071226,865645.841550453
154,eye0,pmrnet,loop,21.565080038271844,0.02,0.5158550338819623,9.630391956306994,0.5198459839448333,0.08,0.35,0.05,0.45,1.2,34.38117301240563,865645.844048942,865645.854715665
155,eye0,pmrnet,loop,23.955816053785384,0.02,0.6329800235107541,9.251949028111994,0.39775006007403135,0.08,0.35,0.05,0.45,1.2,36.38849516548216,865645.854891709,865645.865174951
157,eye0,pmrnet,loop,17.53775402903557,0.02,0.5166229093447328,7.406870019622147,0.46071107499301434,0.08,0.35,0.05,0.45,1.2,28.07195803299546,865645.866511091,865645.874895783
158,eye0,pmrnet,loop,14.220617013052106,0.02,0.35396404564380646,3.376543987542391,0.9100430179387331,0.08,0.35,0.05,0.45,1.2,21.011168064177035,865645.875006954,865645.879647732
159,eye0,pmrnet,loop,12.657358078286052,0.02,0.32877898775041103,3.187802038155496,0.3780020633712411,0.08,0.35,0.05,0.45,1.2,18.7019411675632,865645.882258185,865645.886153038
160,eye0,pmrnet,loop,12.678044964559376,0.02,0.3409009659662843,3.2127570593729615,0.41314796544611454,0.08,0.35,0.05,0.45,1.2,18.794850955344735,865645.89027586,865645.894242911
161,eye0,pmrnet,loop,19.543948932550848,0.02,0.48720696941018105,9.736818028613925,0.6470959633588791,0.08,0.35,0.05,0.45,1.2,32.56506989393383,865645.898305782,865645.909177399
162,eye0,pmrnet,loop,22.059755981899798,0.02,1.1421649251133204,7.883936050347984,0.3512210678309202,0.08,0.35,0.05,0.45,1.2,33.58707802519203,865645.910385123,865645.919762845
163,eye0,pmrnet,loop,17.85790896974504,0.02,0.35356602165848017,3.1805330654606223,0.22036605514585972,0.08,0.35,0.05,0.45,1.2,23.76237411201,865645.919875247,865645.923629986
164,eye0,pmrnet,loop,13.978569069877267,0.02,0.3386259777471423,3.5242059966549277,0.22309995256364346,0.08,0.35,0.05,0.45,1.2,20.21450099684298,865645.923733396,865645.927819583
165,eye0,pmrnet,loop,19.020428997464478,0.02,0.49683498218655586,9.521285071969032,0.619592028670013,0.08,0.35,0.05,0.45,1.2,31.808141080290078,865645.930291701,865645.940929921
166,eye0,pmrnet,loop,21.492157015018165,0.02,0.499458983540535,9.625260950997472,0.23266603238880634,0.08,0.35,0.05,0.45,1.2,33.99954298194498,865645.941112926,865645.951470757
167,eye0,pmrnet,loop,25.0188639620319,0.02,0.580688938498497,9.53372404910624,0.4865929950028658,0.08,0.35,0.05,0.45,1.2,37.7698699446395,865645.952465427,865645.963067026
169,eye0,pmrnet,loop,14.914263971149921,0.02,0.6851759972050786,4.126640036702156,0.7289310451596975,0.08,0.35,0.05,0.45,1.2,22.605011050216852,865645.963559221,865645.969100199
170,eye0,pmrnet,loop,18.947775941342115,0.02,0.5221150349825621,9.825302986428142,0.5513980286195874,0.08,0.35,0.05,0.45,1.2,31.996591991372405,865645.970303343,865645.981202726
171,eye0,pmrnet,loop,22.781164036132395,0.02,1.5767179429531097,9.66222200077027,0.5484409630298615,0.08,0.35,0.05,0.45,1.2,36.718544942885636,865645.981316547,865645.993104382
172,eye0,pmrnet,loop,26.63241105619818,0.02,0.48938801046460867,9.769446100108325,0.5600709700956941,0.08,0.35,0.05,0.45,1.2,39.60131613686681,865645.994204974,865646.005024445
174,eye0,pmrnet,loop,19.573173951357603,0.02,0.5134920356795192,7.835063966922462,0.5300710909068584,0.08,0.35,0.05,0.45,1.2,30.60180104486644,865646.005224841,865646.014103858
175,eye0,pmrnet,loop,23.243639967404306,0.02,0.5131548969075084,9.398677968420088,0.5839980440214276,0.08,0.35,0.05,0.45,1.2,35.88947087675333,865646.015347273,865646.0258436
176,eye0,pmrnet,loop,20.271035027690232,0.02,0.34435198176652193,3.837516065686941,0.8012759499251842,0.08,0.35,0.05,0.45,1.2,27.404179025068878,865646.025956461,865646.030939864
177,eye0,pmrnet,loop,23.53060501627624,0.02,0.48918009269982576,9.314595023170114,0.5076939705759287,0.08,0.35,0.05,0.45,1.2,35.99207410272211,865646.031956344,865646.042268295
178,eye0,pmrnet,loop,22.93019590433687,0.02,0.4587969742715359,4.358133999630809,1.4543590368703008,0.08,0.35,0.05,0.45,1.2,31.351485915109514,865646.043464539,865646.049736454
179,eye0,pmrnet,loop,21.470883977599442,0.02,0.49685908015817404,4.589578020386398,0.40146801620721817,0.08,0.35,0.05,0.45,1.2,29.10878909435123,865646.050858617,865646.056346952
180,eye0,pmrnet,loop,23.061180021613836,0.02,0.34962198697030544,8.78213404212147,0.41138799861073494,0.08,0.35,0.05,0.45,1.2,34.754324049316345,865646.056462657,865646.066006163
181,eye0,pmrnet,loop,18.89252196997404,0.02,0.3487539943307638,3.173727076500654,0.256188097409904,0.08,0.35,0.05,0.45,1.2,24.82119113821536,865646.066127569,865646.069906573
182,eye0,pmrnet,loop,21.036851103417575,0.02,0.4947039997205138,8.254625019617379,0.5692949052900076,0.08,0.35,0.05,0.45,1.2,32.505475028045474,865646.070800914,865646.08011991
183,eye0,pmrnet,loop,18.253978923894465,0.02,0.3298739902675152,4.48098499327898,0.3522279439494014,0.08,0.35,0.05,0.45,1.2,25.56706585139036,865646.08024234,865646.085405657
184,eye0,pmrnet,loop,17.98678294289857,0.02,0.34161400981247425,6.2116950284689665,0.37369097117334604,0.08,0.35,0.05,0.45,1.2,27.063782952353357,865646.08627981,865646.093207214
185,eye0,pmrnet,loop,16.5614930447191,0.02,0.4785700002685189,4.438812029547989,0.5785319954156876,0.08,0.35,0.05,0.45,1.2,24.207407069951294,865646.094355092,865646.099851427
186,eye0,pmrnet,loop,14.622408081777394,0.02,0.3112029517069459,3.184527042321861,0.23586908355355263,0.08,0.35,0.05,0.45,1.2,20.50400715935975,865646.102249486,865646.105981323
187,eye0,pmrnet,loop,15.394847025163472,0.02,0.36916101817041636,3.5193399526178837,0.6264450494199991,0.08,0.35,0.05,0.45,1.2,22.05979304537177,865646.110308289,865646.11482361
188,eye0,pmrnet,loop,15.910284011624753,0.02,0.3491510869935155,3.8347160443663597,0.9087210055440664,0.08,0.35,0.05,0.45,1.2,23.152872148528694,865646.118315637,865646.123408485
189,eye0,pmrnet,loop,17.50750804785639,0.02,0.4345730412751436,5.879028933122754,0.46137196477502584,0.08,0.35,0.05,0.45,1.2,26.432481987029313,865646.126299301,865646.1330746
190,eye0,pmrnet,loop,15.514270053245127,0.02,0.34996599424630404,3.7322710268199444,0.518669025041163,0.08,0.35,0.05,0.45,1.2,22.265176099352537,865646.134549188,865646.139150333
191,eye0,pmrnet,loop,21.210918086580932,0.02,0.8587311021983624,9.32855298742652,0.4063340602442622,0.08,0.35,0.05,0.45,1.2,33.954536236450075,865646.14232144,865646.15291553
192,eye0,pmrnet,loop,24.025925900787115,0.02,0.44570397585630417,9.20572702307254,0.4851840203627944,0.08,0.35,0.05,0.45,1.2,36.31254092007875,865646.153662255,865646.163799354
193,eye0,pmrnet,loop,26.441914960741997,0.02,0.4878460895270109,9.413939900696278,0.40017906576395035,0.08,0.35,0.05,0.45,1.2,38.893880016729234,865646.16398155,865646.174283985
195,eye0,pmrnet,loop,22.086885990574956,0.02,0.5021690158173442,9.35800198931247,0.8185149636119604,0.08,0.35,0.05,0.45,1.2,34.91557195931673,865646.175388276,865646.18606747
196,eye0,pmrnet,loop,24.839368066750467,0.02,0.6076850695535541,9.474723017774522,0.5678969901055098,0.08,0.35,0.05,0.45,1.2,37.63967314418405,865646.186237961,865646.196888788
197,eye0,pmrnet,loop,29.162709950469434,0.02,0.48876903019845486,9.465678012929857,1.5166089870035648,0.08,0.35,0.05,0.45,1.2,42.78376598060131,865646.197809364,865646.209280982
199,eye0,pmrnet,loop,23.611270007677376,0.02,0.6269969744607806,9.40821599215269,0.35472295712679625,0.08,0.35,0.05,0.45,1.2,36.15120593141764,865646.209477695,865646.219868101
200,eye0,pmrnet,loop,26.91164507996291,0.02,0.49626792315393686,9.556589997373521,0.41251000948250294,0.08,0.35,0.05,0.45,1.2,39.52701300997287,865646.220770803,865646.231236651
202,eye0,pmrnet,loop,21.074836957268417,0.02,0.5201330641284585,8.129992987960577,1.4656350249424577,0.08,0.35,0.05,0.45,1.2,33.340598034299916,865646.231422435,865646.241538635
203,eye0,pmrnet,loop,18.27309001237154,0.02,0.34931604750454426,3.236991004087031,0.5323929945006967,0.08,0.35,0.05,0.45,1.2,24.54179005846381,865646.24268724,865646.246806167
204,eye0,pmrnet,loop,15.310844057239592,0.02,0.34723198041319847,3.9828139124438167,0.6694269832223654,0.08,0.35,0.05,0.45,1.2,22.46031693331897,865646.246913153,865646.251912841
205,eye0,pmrnet,loop,16.809435095638037,0.02,0.2813759492710233,5.856118048541248,0.6051560631021857,0.08,0.35,0.05,0.45,1.2,25.702085156552492,865646.254736933,865646.261480211
206,eye0,pmrnet,loop,21.080218022689223,0.02,0.4774529952555895,10.181666002608836,0.7692249491810799,0.08,0.35,0.05,0.45,1.2,34.65856196973473,865646.262389817,865646.273818834
207,eye0,pmrnet,loop,18.54059600736946,0.02,0.5020808894187212,4.391870927065611,0.4212890053167939,0.08,0.35,0.05,0.45,1.2,26.005836829170583,865646.274034066,865646.279349704
208,eye0,pmrnet,loop,17.077825032174587,0.02,0.4729559877887368,4.911668016575277,0.39119599387049675,0.08,0.35,0.05,0.45,1.2,25.003645030409096,865646.280179606,865646.285955868
209,eye0,pmrnet,loop,17.217894084751606,0.02,0.3324850695207715,7.152691017836332,0.4050870193168521,0.08,0.35,0.05,0.45,1.2,27.25815719142556,865646.286274231,865646.294164721
210,eye0,pmrnet,loop,13.502664980478585,0.02,0.3313570050522685,3.297451068647206,0.591487972997129,0.08,0.35,0.05,0.45,1.2,19.872961027175187,865646.29429795,865646.298518622
211,eye0,pmrnet,loop,13.968640938401222,0.02,0.5460309330374002,3.5636979155242443,0.6176179740577936,0.08,0.35,0.05,0.45,1.2,20.84598776102066,865646.302325767,865646.307053645
212,eye0,pmrnet,loop,13.712015002965927,0.02,0.3562510246410966,3.664610907435417,0.5661020986735821,0.08,0.35,0.05,0.45,1.2,20.44897903371602,865646.310278737,865646.314865926
213,eye0,pmrnet,loop,19.399153999984264,0.02,0.3640078939497471,9.503836976364255,0.4926989786326885,0.08,0.35,0.05,0.45,1.2,31.909697848930954,865646.318260571,865646.328621464
214,eye0,pmrnet,loop,16.665694070979953,0.02,0.3597940085455775,3.5372870042920113,0.45540696009993553,0.08,0.35,0.05,0.45,1.2,23.168182043917476,865646.329605029,865646.333957849
215,eye0,pmrnet,loop,13.396505964919925,0.02,0.3781439736485481,3.3997180871665478,0.6729689193889499,0.08,0.35,0.05,0.45,1.2,19.99733694512397,865646.334306533,865646.338757603
216,eye0,pmrnet,loop,13.362674042582512,0.02,0.34727901220321655,3.5434060264378786,0.5882480181753635,0.08,0.35,0.05,0.45,1.2,19.99160709939897,865646.342313611,865646.346792788
217,eye0,pmrnet,loop,17.64032698702067,0.02,0.5113340448588133,7.777736056596041,0.5374980391934514,0.08,0.35,0.05,0.45,1.2,28.616895127668975,865646.350311979,865646.359139155
218,eye0,pmrnet,loop,13.987926067784429,0.02,0.31167897395789623,3.270288114435971,0.7018300238996744,0.08,0.35,0.05,0.45,1.2,20.42172318007797,865646.359271888,865646.363555945
219,eye0,pmrnet,loop,15.771858976222575,0.02,0.48049597535282373,6.0388820711523294,0.5890099564567208,0.08,0.35,0.05,0.45,1.2,25.030246979184447,865646.366299533,865646.373408341
220,eye0,pmrnet,loop,14.523030957207084,0.02,0.3364230506122112,4.286527982912958,1.3240659609436989,0.08,0.35,0.05,0.45,1.2,22.62004795167595,865646.374280922,865646.380228292
221,eye0,pmrnet,loop,19.567965995520353,0.02,0.48369902651757,10.132450959645212,0.4149449523538351,0.08,0.35,0.05,0.45,1.2,32.74906093403697,865646.38231049,865646.393342042
222,eye0,pmrnet,loop,17.051413073204458,0.02,0.5322520155459642,4.166155005805194,0.6627499824389815,0.08,0.35,0.05,0.45,1.2,24.562570076994596,865646.393533846,865646.398895434
223,eye0,pmrnet,loop,21.125202998518944,0.02,0.46262505929917097,9.768895921297371,0.436351983807981,0.08,0.35,0.05,0.45,1.2,33.943075962923466,865646.400368672,865646.411037102
224,eye0,pmrnet,loop,24.336564005352557,0.02,0.6877999985590577,9.79232310783118,0.5987329641357064,0.08,0.35,0.05,0.45,1.2,37.5654200758785,865646.41123898,865646.42231841
226,eye0,pmrnet,loop,15.708732069469988,0.02,0.4414359573274851,4.920851904898882,0.7902559591457248,0.08,0.35,0.05,0.45,1.2,24.01127589084208,865646.423676124,865646.429828919
227,eye0,pmrnet,loop,12.936562998220325,0.02,0.3599050687626004,3.9860799442976713,0.46469399239867926,0.08,0.35,0.05,0.45,1.2,19.897242003679274,865646.430315735,865646.435126662
228,eye0,pmrnet,loop,11.860808939673007,0.02,0.3760199761018157,3.2122490229085088,0.2213760744780302,0.08,0.35,0.05,0.45,1.2,17.82045401316136,865646.438310025,865646.44211992
229,eye0,pmrnet,loop,18.70175893418491,0.02,0.7948209531605244,9.509616997092962,0.40420901495963335,0.08,0.35,0.05,0.45,1.2,31.560405899398027,865646.446319468,865646.457028717
230,eye0,pmrnet,loop,21.067328052595258,0.02,0.5033280467614532,9.267879999242723,0.4442350473254919,0.08,0.35,0.05,0.45,1.2,33.43277114592493,865646.457247897,865646.467463932
231,eye0,pmrnet,loop,22.334455978125334,0.02,0.4682979779317975,7.560639991424978,0.4226719029247761,0.08,0.35,0.05,0.45,1.2,32.936065850406884,865646.468347936,865646.476799949
232,eye0,pmrnet,loop,18.769824993796647,0.02,0.37312705535441637,3.54407902341336,0.4572350298985839,0.08,0.35,0.05,0.45,1.2,25.294266102463006,865646.476930089,865646.481304804
233,eye0,pmrnet,loop,15.924911014735699,0.02,0.3503380576148629,3.9005508879199624,0.8535180240869522,0.08,0.35,0.05,0.45,1.2,23.179317984357475,865646.481424071,865646.486528723
234,eye0,pmrnet,loop,17.52542902249843,0.02,0.4862940404564142,6.620135041885078,1.6294569941237569,0.08,0.35,0.05,0.45,1.2,28.411315098963676,865646.487462003,865646.496198297
235,eye0,pmrnet,loop,17.12367101572454,0.02,0.43905293568968773,4.396054893732071,0.3480870509520173,0.08,0.35,0.05,0.45,1.2,24.456865896098314,865646.498682047,865646.503865479
236,eye0,pmrnet,loop,22.561179008334875,0.02,0.5288090324029326,9.920751908794045,0.5983540322631598,0.08,0.35,0.05,0.45,1.2,35.75909398179501,865646.506322804,865646.517371314
237,eye0,pmrnet,loop,24.885196005925536,0.02,0.5482370033860207,9.162819012999535,0.4696559626609087,0.08,0.35,0.05,0.45,1.2,37.215907984972,865646.517583714,865646.527764955
238,eye0,pmrnet,loop,27.538632974028587,0.02,0.4879699554294348,8.389967028051615,0.6692700553685427,0.08,0.35,0.05,0.45,1.2,39.23584001287818,865646.528939383,865646.538486968
240,eye0,pmrnet,loop,16.74582506529987,0.02,1.339572947472334,3.394366940483451,0.43622299563139677,0.08,0.35,0.05,0.45,1.2,24.06598794888705,865646.53866023,865646.543832761
241,eye0,pmrnet,loop,15.239429078064859,0.02,0.36230694968253374,3.1587990233674645,0.5171910161152482,0.08,0.35,0.05,0.45,1.2,21.427726067230104,865646.546357066,865646.550395618
242,eye0,pmrnet,loop,15.198254957795143,0.02,0.3665039548650384,3.315003006719053,0.41401293128728867,0.08,0.35,0.05,0.45,1.2,21.44377485066652,865646.554327466,865646.558423362
243,eye0,pmrnet,loop,15.526380972005427,0.02,0.354256946593523,3.553122980520129,0.5769090494140983,0.08,0.35,0.05,0.45,1.2,22.160669948533176,865646.562335982,865646.566820494
244,eye0,pmrnet,loop,15.878019039519131,0.02,0.37074205465614796,3.224151092581451,1.3273510849103332,0.08,0.35,0.05,0.45,1.2,22.950263271667062,865646.57031819,865646.575240654
245,eye0,pmrnet,loop,22.080685012042522,0.02,0.500250025652349,9.94683790486306,0.7227360038086772,0.08,0.35,0.05,0.45,1.2,35.40050894636661,865646.578341779,865646.589512207
246,eye0,pmrnet,loop,24.593118927441537,0.02,0.6565268849954009,9.160781977698207,0.5998890846967697,0.08,0.35,0.05,0.45,1.2,37.16031687483191,865646.58967619,865646.60009375
247,eye0,pmrnet,loop,23.596060927957296,0.02,0.4982859827578068,4.351358045823872,1.3398940209299326,0.08,0.35,0.05,0.45,1.2,31.935598977468906,865646.600976259,865646.607166112
248,eye0,pmrnet,loop,19.34851403348148,0.02,0.3503659972921014,3.137532970868051,0.21490606013685465,0.08,0.35,0.05,0.45,1.2,25.201319061778484,865646.607284698,865646.610987751
249,eye0,pmrnet,loop,18.858012044802308,0.02,0.34351402428001165,6.884593982249498,0.23569399490952492,0.08,0.35,0.05,0.45,1.2,28.47181404624134,865646.611101378,865646.618565489
250,eye0,pmrnet,loop,16.577026108279824,0.02,0.38172502536326647,3.7955899024382234,0.33384899143129587,0.08,0.35,0.05,0.45,1.2,23.23819002751261,865646.619842569,865646.624354074
251,eye0,pmrnet,loop,16.193391988053918,0.02,0.3462859895080328,4.036851925775409,1.337653025984764,0.08,0.35,0.05,0.45,1.2,24.064182929322122,865646.626318446,865646.632039474
252,eye0,pmrnet,loop,15.77139797154814,0.02,0.35294797271490097,4.257203894667327,0.761801959015429,0.08,0.35,0.05,0.45,1.2,23.293351797945796,865646.634314294,865646.639686552
253,eye0,pmrnet,loop,19.48019105475396,0.02,0.5212220130488276,8.2092909142375,0.4067670088261366,0.08,0.35,0.05,0.45,1.2,30.76747099086642,865646.642326612,865646.651464271
254,eye0,pmrnet,loop,17.46146602090448,0.02,0.3263490507379174,3.969153971411288,1.6442530322819948,0.08,0.35,0.05,0.45,1.2,25.55122207533568,865646.651574575,865646.657514545
255,eye0,pmrnet,loop,20.989784970879555,0.02,0.4997790092602372,9.641495998948812,0.46472891699522734,0.08,0.35,0.05,0.45,1.2,33.74578889608383,865646.658504914,865646.669111467
256,eye0,pmrnet,loop,22.172285011038184,0.02,0.47660700511187315,8.182376972399652,0.4229339538142085,0.08,0.35,0.05,0.45,1.2,33.40420294236392,865646.669280799,865646.678363152
257,eye0,pmrnet,loop,25.400509010069072,0.02,0.5182330496609211,9.449203964322805,0.35834708251059055,0.08,0.35,0.05,0.45,1.2,37.87629310656339,865646.679333648,865646.689659971
258,eye0,pmrnet,loop,27.83010806888342,0.02,0.46342506539076567,9.306585998274386,0.5568009801208973,0.08,0.35,0.05,0.45,1.2,40.30692011266947,865646.689830865,865646.700158127
260,eye0,pmrnet,loop,16.915821935981512,0.02,0.5005999701097608,3.371894941665232,0.346082029864192,0.08,0.35,0.05,0.45,1.2,23.284398877620696,865646.701163917,865646.705382741
261,eye0,pmrnet,loop,14.8820870090276,0.02,0.3787019522860646,3.660632995888591,1.0866480879485607,0.08,0.35,0.05,0.45,1.2,22.158070045150815,865646.706291849,865646.711418085
262,eye0,pmrnet,loop,15.588461072184145,0.02,0.39386295247823,4.352005082182586,1.1485799914225936,0.08,0.35,0.05,0.45,1.2,23.632909098267554,865646.714298545,865646.720193296
263,eye0,pmrnet,loop,21.06351498514414,0.02,0.5015810020267963,10.242499993182719,0.6375500233843923,0.08,0.35,0.05,0.45,1.2,34.595146003738044,865646.722354259,865646.733736561
264,eye0,pmrnet,loop,22.61638198979199,0.02,0.6697670323774219,7.172674988396466,1.5868769260123372,0.08,0.35,0.05,0.45,1.2,34.19570093657821,865646.733929267,865646.743359039
265,eye0,pmrnet,loop,20.909951999783516,0.02,0.4929499700665474,4.146781982854009,0.7427600212395191,0.08,0.35,0.05,0.45,1.2,28.44244397394359,865646.744339159,865646.749722047
266,eye0,pmrnet,loop,16.847447957843542,0.02,0.3386670723557472,3.09145194478333,0.4740109434351325,0.08,0.35,0.05,0.45,1.2,22.90157791841775,865646.749824256,865646.753728624
267,eye0,pmrnet,loop,13.599994010291994,0.02,0.34171505831182003,3.2931138994172215,0.5870419554412365,0.08,0.35,0.05,0.45,1.2,19.97186492346227,865646.75432887,865646.758551058
268,eye0,pmrnet,loop,20.340987015515566,0.02,0.27632806450128555,9.388100006617606,0.9240329964086413,0.08,0.35,0.05,0.45,1.2,33.0794480830431,865646.762771563,865646.773360341
269,eye0,pmrnet,loop,19.343402003869414,0.02,0.6032900419086218,4.082445986568928,0.629118992947042,0.08,0.35,0.05,0.45,1.2,26.808257025294004,865646.77511701,865646.780432375
270,eye0,pmrnet,loop,15.394966001622379,0.02,0.32425904646515846,3.4342840081080794,0.24725694674998522,0.08,0.35,0.05,0.45,1.2,21.5507660029456,865646.780546896,865646.784552965
271,eye0,pmrnet,loop,13.139321003109217,0.02,0.35290198866277933,3.3410759642720222,0.37274695932865143,0.08,0.35,0.05,0.45,1.2,19.35604591537267,865646.786299542,865646.790366496
272,eye0,pmrnet,loop,19.729909021407366,0.02,0.5058260867372155,9.77530691307038,0.401380006223917,0.08,0.35,0.05,0.45,1.2,32.56242202743888,865646.79434163,865646.805024837
273,eye0,pmrnet,loop,22.58972788695246,0.02,0.7512320298701525,9.556844946928322,0.4006309900432825,0.08,0.35,0.05,0.45,1.2,35.448435853794216,865646.80524475,865646.815954076
274,eye0,pmrnet,loop,25.338948937132955,0.02,0.5251950351521373,7.824357016943395,0.36936800461262465,0.08,0.35,0.05,0.45,1.2,36.20786899384111,865646.81805325,865646.826772651
276,eye0,pmrnet,loop,13.885074062272906,0.02,0.3552950220182538,3.198029939085245,1.0037199826911092,0.08,0.35,0.05,0.45,1.2,20.592119006067513,865646.826899726,865646.83145704
60,eye1,pmrnet,boot,25.833218009211123,0.02,0.5089390324428678,9.594509960152209,0.4905300447717309,0.08,0.35,0.05,0.45,1.2,38.57719704657793,865645.13209872,865645.142693397
68,eye1,pmrnet,loop,19.60870297625661,0.02,1.0400270111858845,3.949612961150706,1.7947450978681445,0.08,0.35,0.05,0.45,1.2,28.543088046461342,865645.194236198,865645.201020871
69,eye1,pmrnet,loop,15.670557040721178,0.02,0.3659300273284316,3.1968479743227363,0.438341055996716,0.08,0.35,0.05,0.45,1.2,21.82167609836906,865645.201150965,865645.205152387
73,eye1,pmrnet,loop,13.394884066656232,0.02,0.36130205262452364,3.2530459575355053,0.426226994022727,0.08,0.35,0.05,0.45,1.2,19.585459070838986,865645.231111969,865645.235152831
77,eye1,pmrnet,loop,16.31586905568838,0.02,0.3642080118879676,3.1893389532342553,0.20362797658890486,0.08,0.35,0.05,0.45,1.2,22.223043997399508,865645.266593339,865645.270350834
80,eye1,pmrnet,loop,26.07701695524156,0.02,0.6073239492252469,9.587086969986558,1.3327839551493526,0.08,0.35,0.05,0.45,1.2,39.75421182960272,865645.292789711,865645.3043174
84,eye1,pmrnet,loop,21.672029979526997,0.02,0.47716894187033176,5.330982967279851,0.4305689362809062,0.08,0.35,0.05,0.45,1.2,30.060750824958085,865645.325950555,865645.332189722
112,eye1,pmrnet,loop,25.069899973459542,0.02,0.4516250919550657,8.937838021665812,0.24999398738145828,0.08,0.35,0.05,0.45,1.2,36.859357074461876,865645.551879692,865645.56151952
123,eye1,pmrnet,loop,19.726914004422724,0.02,0.4892139695584774,7.639579940587282,1.6326099867001176,0.08,0.35,0.05,0.45,1.2,31.6383179012686,865645.635174748,865645.64493658
133,eye1,pmrnet,loop,19.922301056794822,0.02,0.46545802615582943,9.421483962796628,0.6617800099775195,0.08,0.35,0.05,0.45,1.2,32.6210230557248,865645.715272772,865645.725821977
135,eye1,pmrnet,loop,24.09734600223601,0.02,0.4664170555770397,8.189731044694781,0.21960795857012272,0.08,0.35,0.05,0.45,1.2,35.12310206107795,865645.737258683,865645.746134833
136,eye1,pmrnet,loop,24.55704496242106,0.02,0.527602038346231,6.959656951949,0.21744403056800365,0.08,0.35,0.05,0.45,1.2,34.41174798328429,865645.74695875,865645.754664023
149,eye1,pmrnet,loop,17.64858397655189,0.02,0.40266301948577166,3.198480000719428,0.397185911424458,0.08,0.35,0.05,0.45,1.2,23.796912908181547,865645.848653747,865645.852652308
155,eye1,pmrnet,loop,17.165887053124607,0.02,0.34011504612863064,3.4042439656332135,0.9430870413780212,0.08,0.35,0.05,0.45,1.2,24.00333310626447,865645.89589722,865645.900584945
161,eye1,pmrnet,loop,16.636719927191734,0.02,0.3391109639778733,3.5157110542058945,1.4797579497098923,0.08,0.35,0.05,0.45,1.2,24.121299895085393,865645.943134385,865645.948469281
163,eye1,pmrnet,loop,24.403885006904602,0.02,0.4700738936662674,9.74925106856972,0.47798710875213146,0.08,0.35,0.05,0.45,1.2,37.25119707789272,865645.961675374,865645.972373228
193,eye1,pmrnet,loop,13.18505802191794,0.02,0.3464450128376484,3.3566609490662813,0.3587579121813178,0.08,0.35,0.05,0.45,1.2,19.396921896003185,865646.199164121,865646.203226251
205,eye1,pmrnet,loop,27.697384008206427,0.02,0.5364769604057074,10.743621969595551,2.5580950314179063,0.08,0.35,0.05,0.45,1.2,43.68557796962559,865646.300727761,865646.31456649
222,eye1,pmrnet,loop,16.520361066795886,0.02,0.3463149769231677,3.339344053529203,1.4815980102866888,0.08,0.35,0.05,0.45,1.2,23.837618107534944,865646.435395846,865646.440563406
228,eye1,pmrnet,loop,18.299480085261166,0.02,0.33378298394382,3.2781719928607345,0.5523459985852242,0.08,0.35,0.05,0.45,1.2,24.613781060650943,865646.486591991,865646.49075658
232,eye1,pmrnet,loop,23.046095040626824,0.02,0.5362719530239701,9.228189941495657,0.4102960228919983,0.08,0.35,0.05,0.45,1.2,35.37085295803845,865646.517603444,865646.527778722
235,eye1,pmrnet,loop,21.618237951770425,0.02,0.5158380372449756,9.724127012304962,0.4205330042168498,0.08,0.35,0.05,0.45,1.2,34.42873600553721,865646.539897749,865646.550558836
239,eye1,pmrnet,loop,25.481863995082676,0.02,0.5622970638796687,9.665383026003838,0.33753097523003817,0.08,0.35,0.05,0.45,1.2,38.19707506019622,865646.576133192,865646.586698927
240,eye1,pmrnet,loop,21.77126205060631,0.02,0.3617820329964161,3.4063380444422364,0.48354105092585087,0.08,0.35,0.05,0.45,1.2,28.172923178970812,865646.586805378,865646.591057299
241,eye1,pmrnet,loop,18.685393035411835,0.02,0.3377890679985285,4.171781009063125,0.3540969919413328,0.08,0.35,0.05,0.45,1.2,25.69906010441482,865646.591176329,865646.596040237
242,eye1,pmrnet,loop,15.276046935468912,0.02,0.3414440434426069,3.188678063452244,0.33621303737163544,0.08,0.35,0.05,0.45,1.2,21.292382079735397,865646.596833303,865646.600699928
244,eye1,pmrnet,loop,15.573855955153704,0.02,0.3632869338616729,3.8719569565728307,1.736450009047985,0.08,0.35,0.05,0.45,1.2,23.69554985463619,865646.611163634,865646.617135575
245,eye1,pmrnet,loop,14.638263965025544,0.02,0.3711739555001259,3.7942000199109316,0.9298219811171293,0.08,0.35,0.05,0.45,1.2,21.88345992155373,865646.619173411,865646.624268858
246,eye1,pmrnet,loop,14.4078180892393,0.02,0.3611450083553791,4.000982968136668,0.5640230374410748,0.08,0.35,0.05,0.45,1.2,21.48396910317242,865646.627181418,865646.632107854
248,eye1,pmrnet,loop,20.94300603494048,0.02,2.028223010711372,8.877284009940922,0.661074067465961,0.08,0.35,0.05,0.45,1.2,34.659587123058735,865646.643213845,865646.65478092
249,eye1,pmrnet,loop,17.053290037438273,0.02,0.3622050862759352,3.4543490037322044,0.2268460812047124,0.08,0.35,0.05,0.45,1.2,23.246690208651124,865646.654916217,865646.658959903
252,eye1,pmrnet,loop,22.876851027831435,0.02,2.458487986586988,3.425908973440528,0.3987370291724801,0.08,0.35,0.05,0.45,1.2,31.30998501703143,865646.682707221,865646.688990756
254,eye1,pmrnet,loop,16.193642048165202,0.02,0.3297560615465045,4.01659996714443,0.7583290571346879,0.08,0.35,0.05,0.45,1.2,23.448327133990823,865646.693340767,865646.698445733
255,eye1,pmrnet,loop,14.121472020633519,0.02,0.3310249885544181,4.11029695533216,0.792148057371378,0.08,0.35,0.05,0.45,1.2,21.504942021891473,865646.699208677,865646.704442449
256,eye1,pmrnet,loop,13.103046920150518,0.02,0.3399350680410862,3.60339495819062,0.34002691973000765,0.08,0.35,0.05,0.45,1.2,19.53640386611223,865646.707209459,865646.711493086
257,eye1,pmrnet,loop,13.77493899781257,0.02,0.3650330472737551,4.32439602445811,0.31999300699681044,0.08,0.35,0.05,0.45,1.2,20.934361076541244,865646.715224177,865646.720233921
258,eye1,pmrnet,loop,12.730957008898258,0.02,0.36304397508502007,3.2531869364902377,0.4390139365568757,0.08,0.35,0.05,0.45,1.2,18.93620185703039,865646.723203586,865646.727259091
259,eye1,pmrnet,loop,12.902611983008683,0.02,0.33087795600295067,3.45586403273046,0.500159920193255,0.08,0.35,0.05,0.45,1.2,19.339513891935347,865646.731212042,865646.73549921
260,eye1,pmrnet,loop,12.7578069223091,0.02,0.3820740384981036,3.2837609760463238,0.5614929832518101,0.08,0.35,0.05,0.45,1.2,19.135134920105337,865646.739196238,865646.743423841
261,eye1,pmrnet,loop,19.98713391367346,0.02,0.48877496737986803,10.585699928924441,0.43446896597743034,0.08,0.35,0.05,0.45,1.2,33.646077775955206,865646.747211984,865646.758721426
262,eye1,pmrnet,loop,23.87924096547067,0.02,0.6152389105409384,9.693394997157156,0.48661103937774897,0.08,0.35,0.05,0.45,1.2,36.824485912546514,865646.759886749,865646.770682499
263,eye1,pmrnet,loop,28.19901204202324,0.02,0.4707720363512635,10.245018056593835,1.5035649994388223,0.08,0.35,0.05,0.45,1.2,42.56836713440716,865646.770850905,865646.783070706
265,eye1,pmrnet,loop,22.85259496420622,0.02,0.6481490563601255,8.809113991446793,0.22557098418474197,0.08,0.35,0.05,0.45,1.2,34.68542899619788,865646.784180153,865646.793863398
266,eye1,pmrnet,loop,20.68571501877159,0.02,0.3501999890431762,4.762962111271918,0.6731098983436823,0.08,0.35,0.05,0.45,1.2,28.621987017430364,865646.793978972,865646.799765567
267,eye1,pmrnet,loop,16.75133698154241,0.02,0.3523200284689665,3.247045911848545,0.41943893302232027,0.08,0.35,0.05,0.45,1.2,22.92014185488224,865646.79988123,865646.803900276
268,eye1,pmrnet,loop,20.577455987222493,0.02,0.5010899621993303,9.85753198619932,0.5022321129217744,0.08,0.35,0.05,0.45,1.2,33.58831004854292,865646.804933329,865646.815794778
269,eye1,pmrnet,loop,23.547776974737644,0.02,0.5417600041255355,9.602477890439332,0.6750539178028703,0.08,0.35,0.05,0.45,1.2,36.51706878710538,865646.815990769,865646.826833903
271,eye1,pmrnet,loop,20.19579301122576,0.02,0.4211548948660493,9.82621603179723,0.436543021351099,0.08,0.35,0.05,0.45,1.2,33.02970695924014,865646.828935101,865646.839619537
272,eye1,pmrnet,loop,23.369350004941225,0.02,0.5247349618002772,9.923334000632167,0.5752280121669173,0.08,0.35,0.05,0.45,1.2,36.542646979540585,865646.83983846,865646.850862199
274,eye1,pmrnet,loop,16.408105962909758,0.02,0.506900018081069,7.119555026292801,0.3260420635342598,0.08,0.35,0.05,0.45,1.2,26.510603070817886,865646.852086851,865646.860039895
275,eye1,pmrnet,loop,15.459095011465251,0.02,0.4891150165349245,3.260208060964942,0.22657692898064852,0.08,0.35,0.05,0.45,1.2,21.584995017945765,865646.863184853,865646.867161021
276,eye1,pmrnet,loop,15.49656200222671,0.02,0.3728899173438549,3.300689975731075,0.4212120547890663,0.08,0.35,0.05,0.45,1.2,21.741353950090705,865646.871172283,865646.875267378
277,eye1,pmrnet,loop,19.95200105011463,0.02,0.5359550705179572,7.638880051672459,0.37067499943077564,0.08,0.35,0.05,0.45,1.2,30.64751117173582,865646.879246034,865646.887791959
278,eye1,pmrnet,loop,16.427540103904903,0.02,0.34793210215866566,3.392623970285058,0.6917749997228384,0.08,0.35,0.05,0.45,1.2,23.009871176071464,865646.887904055,865646.892336654
279,eye1,pmrnet,loop,18.30017101019621,0.02,0.5115270614624023,6.010288023389876,0.5479779792949557,0.08,0.35,0.05,0.45,1.2,27.51996407434344,865646.895207771,865646.902278007
280,eye1,pmrnet,loop,15.118194976821542,0.02,0.3119200700893998,3.2218940323218703,0.4054929595440626,0.08,0.35,0.05,0.45,1.2,21.207502038776873,865646.903225523,865646.907165098
281,eye1,pmrnet,loop,16.814428032375872,0.02,0.3463909961283207,4.414579016156495,0.9258519858121872,0.08,0.35,0.05,0.45,1.2,24.651250030472873,865646.91124305,865646.916930119
282,eye1,pmrnet,loop,14.989605988375843,0.02,0.3463500179350376,3.3244630321860313,0.2671480178833008,0.08,0.35,0.05,0.45,1.2,21.07756705638021,865646.919236381,865646.923174619
283,eye1,pmrnet,loop,16.36786200106144,0.02,0.3404300659894943,3.4531429409980774,1.6463889041915536,0.08,0.35,0.05,0.45,1.2,23.957823912240563,865646.927181637,865646.932621865
284,eye1,pmrnet,loop,15.290339011698961,0.02,0.3240150399506092,3.6916619865223765,0.42387295980006456,0.08,0.35,0.05,0.45,1.2,21.87988899797201,865646.935173341,865646.939613133
285,eye1,pmrnet,loop,16.42265496775508,0.02,0.5030150059610605,4.440405056811869,0.6535779684782028,0.08,0.35,0.05,0.45,1.2,24.16965299900621,865646.943217172,865646.948814561
286,eye1,pmrnet,loop,21.289500989951193,0.02,0.4531429149210453,9.73044103011489,0.35387102980166674,0.08,0.35,0.05,0.45,1.2,33.97695596478879,865646.951212443,865646.961750326
287,eye1,pmrnet,loop,25.118361110799015,0.02,0.6408579647541046,9.71220398787409,0.4908490227535367,0.08,0.35,0.05,0.45,1.2,38.112272086180745,865646.962803083,865646.973647618
288,eye1,pmrnet,loop,24.087884929031134,0.02,0.4753719549626112,5.202366039156914,1.1756039457395673,0.08,0.35,0.05,0.45,1.2,33.091226868890224,865646.973832575,865646.9806864
289,eye1,pmrnet,loop,25.61672404408455,0.02,0.5124850431457162,7.50608101952821,0.35530305467545986,0.08,0.35,0.05,0.45,1.2,36.140593161433934,865646.981910516,865646.990284824
290,eye1,pmrnet,loop,21.880578016862273,0.02,0.3620769130066037,3.445353009738028,0.41702797170728445,0.08,0.35,0.05,0.45,1.2,28.255035911314188,865646.990392954,865646.994617621
291,eye1,pmrnet,loop,19.024644047021866,0.02,0.3438768908381462,3.5693449899554253,1.1940289987251163,0.08,0.35,0.05,0.45,1.2,26.281894926540552,865646.994722685,865646.999830223
292,eye1,pmrnet,loop,15.80051297787577,0.02,0.3479799488559365,3.303171950392425,0.4826599033549428,0.08,0.35,0.05,0.45,1.2,22.084324780479072,865647.000541297,865647.004675385
293,eye1,pmrnet,loop,14.43219103384763,0.02,0.35789795219898224,3.214753931388259,0.5944010335952044,0.08,0.35,0.05,0.45,1.2,20.749243951030074,865647.007208911,865647.011376288
294,eye1,pmrnet,loop,14.251440996304154,0.02,0.3645080141723156,3.2596850069239736,0.4088429268449545,0.08,0.35,0.05,0.45,1.2,20.434476944245397,865647.015230995,865647.019264328
295,eye1,pmrnet,loop,14.692431082949042,0.02,0.5028509767726064,3.7005990743637085,0.338418991304934,0.08,0.35,0.05,0.45,1.2,21.38430012539029,865647.023231871,865647.027774137
296,eye1,pmrnet,loop,14.34464706107974,0.02,0.31195697374641895,3.659021924249828,0.3433719975873828,0.08,0.35,0.05,0.45,1.2,20.80899795666337,865647.031181058,865647.035495702
297,eye1,pmrnet,loop,15.335556003265083,0.02,0.4128720611333847,4.5893649803474545,0.3427000483497977,0.08,0.35,0.05,0.45,1.2,22.83049309309572,865647.039210405,865647.044555649
298,eye1,pmrnet,loop,18.016348010860384,0.02,0.48457097727805376,7.169459015130997,0.4327659262344241,0.08,0.35,0.05,0.45,1.2,28.253143929503857,865647.047217694,865647.055304984
299,eye1,pmrnet,loop,14.02913499623537,0.02,0.3553340211510658,3.3484509913250804,0.1914480235427618,0.08,0.35,0.05,0.45,1.2,20.074368032254277,865647.055491417,865647.059386922
300,eye1,pmrnet,loop,14.706721995025873,0.02,0.3203010419383645,3.605001955293119,1.0348790092393756,0.08,0.35,0.05,0.45,1.2,21.81690400149673,865647.063173221,865647.068133637
301,eye1,pmrnet,loop,20.577686955220997,0.02,0.4841129994019866,9.87096200697124,0.501143978908658,0.08,0.35,0.05,0.45,1.2,33.58390594050289,865647.071215705,865647.082072421
302,eye1,pmrnet,loop,17.99105596728623,0.02,0.5473010241985321,4.303277935832739,0.4229710903018713,0.08,0.35,0.05,0.45,1.2,25.41460601761937,865647.082282154,865647.087556094
303,eye1,pmrnet,loop,21.5367020573467,0.02,0.4563940456137061,9.777400060556829,0.576443038880825,0.08,0.35,0.05,0.45,1.2,34.49693920239806,865647.08835975,865647.099170458
304,eye1,pmrnet,loop,18.357285065576434,0.02,0.8510720217600465,3.5138080129399896,0.3943319898098707,0.08,0.35,0.05,0.45,1.2,25.26649709008634,865647.099300502,865647.104059977
305,eye1,pmrnet,loop,15.069172019138932,0.02,0.32479199580848217,3.874677000567317,0.45008701272308826,0.08,0.35,0.05,0.45,1.2,21.86872802823782,865647.104191301,865647.108841076
306,eye1,pmrnet,loop,20.258167991414666,0.02,0.47564401756972075,9.835715987719595,0.560821034014225,0.08,0.35,0.05,0.45,1.2,33.28034903071821,865647.111225603,865647.122098365
308,eye1,pmrnet,loop,18.984204973094165,0.02,0.47578790690749884,9.077904978767037,0.19192497711628675,0.08,0.35,0.05,0.45,1.2,30.879822835884987,865647.127216933,865647.136963001
309,eye1,pmrnet,loop,17.730227089487016,0.02,2.715257927775383,3.6084220046177506,0.37390401121228933,0.08,0.35,0.05,0.45,1.2,26.577811033092438,865647.137080044,865647.143777894
310,eye1,pmrnet,loop,14.422755921259522,0.02,0.3277120413258672,3.34668206050992,0.3403020091354847,0.08,0.35,0.05,0.45,1.2,20.587452032230793,865647.144524821,865647.148539777
311,eye1,pmrnet,loop,21.15851396229118,0.02,0.47133793123066425,11.104541015811265,0.48433791380375624,0.08,0.35,0.05,0.45,1.2,35.368730823136865,865647.151283037,865647.163343748
312,eye1,pmrnet,loop,20.071765989996493,0.02,0.6325390422716737,4.725628066807985,0.3464960027486086,0.08,0.35,0.05,0.45,1.2,27.92642910182476,865647.164621764,865647.17032683
313,eye1,pmrnet,loop,16.460450016893446,0.02,0.4828419769182801,3.3863389398902655,0.486874021589756,0.08,0.35,0.05,0.45,1.2,22.966504955291747,865647.170428231,865647.174784548
314,eye1,pmrnet,loop,13.072095927782357,0.02,0.365910935215652,3.194167045876384,0.7008309476077557,0.08,0.35,0.05,0.45,1.2,19.483004856482147,865647.175203935,865647.179465111
315,eye1,pmrnet,loop,12.910923920571804,0.02,0.3885510377585888,3.3403269480913877,0.42929197661578655,0.08,0.35,0.05,0.45,1.2,19.219093883037566,865647.183215484,865647.187373922
317,eye1,pmrnet,loop,20.087228971533477,0.02,0.5047500599175692,9.314471972174942,0.9767810115590692,0.08,0.35,0.05,0.45,1.2,33.03323201518506,865647.199890822,865647.210687298
318,eye1,pmrnet,loop,21.732239983975887,0.02,0.5488790338858962,7.661103969439864,0.26442797388881445,0.08,0.35,0.05,0.45,1.2,32.35665096119046,865647.211927099,865647.220401946
319,eye1,pmrnet,loop,23.86211499106139,0.02,0.4446660168468952,9.311071946285665,0.3183300141245127,0.08,0.35,0.05,0.45,1.2,36.08618296831846,865647.220526582,865647.230601119
321,eye1,pmrnet,loop,14.470078982412815,0.02,0.34975900780409575,5.1805200055241585,0.3293410409241915,0.08,0.35,0.05,0.45,1.2,22.47969903666526,865647.231487265,865647.237347168
322,eye1,pmrnet,loop,18.85287498589605,0.02,0.4961959784850478,8.020070032216609,2.0534669747576118,0.08,0.35,0.05,0.45,1.2,31.572607971355318,865647.239226698,865647.249796927
323,eye1,pmrnet,loop,26.016514049842954,0.02,3.2763259951025248,10.226466925814748,0.4847319796681404,0.08,0.35,0.05,0.45,1.2,42.154038950428365,865647.251041286,865647.265029456
325,eye1,pmrnet,loop,21.411548019386828,0.02,0.9652519365772605,9.865667088888586,0.45009993482381105,0.08,0.35,0.05,0.45,1.2,34.842566979676484,865647.265280968,865647.276562571
327,eye1,pmrnet,loop,17.6379430340603,0.02,0.5015649367123842,3.8292150711640716,0.4760889569297433,0.08,0.35,0.05,0.45,1.2,24.594811998866497,865647.28412052,865647.288927687
328,eye1,pmrnet,loop,14.099489897489548,0.02,0.4106760025024414,3.5141860134899616,0.4282669397071004,0.08,0.35,0.05,0.45,1.2,20.60261885318905,865647.289104935,865647.293458357
329,eye1,pmrnet,loop,19.861471955664456,0.02,0.6420649588108063,10.817896923981607,0.5640459712594748,0.08,0.35,0.05,0.45,1.2,34.03547980971634,865647.295263459,865647.307288036
277,eye0,pmrnet,loop,19.69926804304123,0.02,0.502457027323544,9.94416803587228,0.5077539244666696,0.08,0.35,0.05,0.45,1.2,32.80364703070372,865646.834383831,865646.845339063
278,eye0,pmrnet,loop,18.30811391118914,0.02,0.5364730022847652,4.66237694490701,0.2368799177929759,0.08,0.35,0.05,0.45,1.2,25.893843776173888,865646.846581914,865646.852018097
279,eye0,pmrnet,loop,18.229592009447515,0.02,0.3504370106384158,6.429213914088905,1.1052610352635384,0.08,0.35,0.05,0.45,1.2,28.264503969438373,865646.852122496,865646.860007699
280,eye0,pmrnet,loop,15.5655259732157,0.02,0.33192906994372606,3.355261986143887,1.573533983901143,0.08,0.35,0.05,0.45,1.2,22.976251013204454,865646.860152298,865646.865413254
281,eye0,pmrnet,loop,19.177980022504926,0.02,0.47816301230341196,9.762353962287307,0.3906500060111284,0.08,0.35,0.05,0.45,1.2,31.95914700310677,865646.86646262,865646.877094282
282,eye0,pmrnet,loop,21.985890925861895,0.02,0.5186239723116159,9.701545001007617,0.4525560652837157,0.08,0.35,0.05,0.45,1.2,34.80861596446484,865646.877298103,865646.887971492
283,eye0,pmrnet,loop,26.21559496037662,0.02,1.3189800083637238,9.442585986107588,0.5121639696881175,0.08,0.35,0.05,0.45,1.2,39.63932492453605,865646.888995371,865646.900269678
285,eye0,pmrnet,loop,20.522312028333545,0.02,0.7174409693107009,9.162749047391117,0.37222099490463734,0.08,0.35,0.05,0.45,1.2,32.92472303994,865646.900461811,865646.910714717
286,eye0,pmrnet,loop,18.743655062280595,0.02,0.4877600586041808,4.415033967234194,0.3534300485625863,0.08,0.35,0.05,0.45,1.2,26.149879136681555,865646.911749082,865646.917005714
287,eye0,pmrnet,loop,16.37544494587928,0.02,0.3531689289957285,4.563294001854956,0.663242070004344,0.08,0.35,0.05,0.45,1.2,24.105149946734308,865646.917126368,865646.922706366
288,eye0,pmrnet,loop,12.096693040803075,0.02,0.31633698381483555,3.1338019762188196,0.21296902559697628,0.08,0.35,0.05,0.45,1.2,17.909801026433705,865646.922833487,865646.926496823
289,eye0,pmrnet,loop,11.574503034353256,0.02,0.3660500515252352,3.1214460032060742,0.21684891544282436,0.08,0.35,0.05,0.45,1.2,17.42884800452739,865646.930338999,865646.934043585
290,eye0,pmrnet,loop,18.51402106694877,0.02,0.5158620188012719,9.697890025563538,0.48643990885466337,0.08,0.35,0.05,0.45,1.2,31.364213020168243,865646.938350311,865646.949051122
291,eye0,pmrnet,loop,15.431149979121983,0.02,0.4836500156670809,3.8765629287809134,0.43497199658304453,0.08,0.35,0.05,0.45,1.2,22.37633492015302,865646.949242655,865646.954038247
292,eye0,pmrnet,loop,21.28529001493007,0.02,0.5092759383842349,9.684909950010478,0.4984179977327585,0.08,0.35,0.05,0.45,1.2,34.12789390105755,865646.957267571,865646.967960866
293,eye0,pmrnet,loop,24.53131799120456,0.02,0.6628880510106683,9.543257066980004,0.9208139963448048,0.08,0.35,0.05,0.45,1.2,37.808277105540036,865646.968148197,865646.9792756
294,eye0,pmrnet,loop,27.400883031077683,0.02,0.5487510934472084,8.5491759236902,0.5321149947121739,0.08,0.35,0.05,0.45,1.2,39.180925042927264,865646.98058405,865646.990214554
296,eye0,pmrnet,loop,20.823801984079182,0.02,0.3521479666233063,7.150913937948644,1.9097869517281651,0.08,0.35,0.05,0.45,1.2,32.386650840379296,865646.990362521,865646.999775657
297,eye0,pmrnet,loop,24.41626600921154,0.02,0.5866669816896319,8.993758005090058,1.2232210719957948,0.08,0.35,0.05,0.45,1.2,37.36991206798702,865647.000632562,865647.011436759
298,eye0,pmrnet,loop,26.551994029432535,0.02,0.5327690159901977,9.253242053091526,0.24085503537207842,0.08,0.35,0.05,0.45,1.2,38.728860133886336,865647.011614343,865647.02164165
300,eye0,pmrnet,loop,16.484901891089976,0.02,0.37653197068721056,3.6857909290120006,1.244972925633192,0.08,0.35,0.05,0.45,1.2,23.942197716422378,865647.022405191,865647.027712742
301,eye0,pmrnet,loop,16.134700970724225,0.02,0.36513502709567547,3.7888099905103445,0.9531480027362704,0.08,0.35,0.05,0.45,1.2,23.391793991066514,865647.030324113,865647.035431604
302,eye0,pmrnet,loop,17.138020950369537,0.02,0.3797439858317375,4.632167052477598,1.1712720151990652,0.08,0.35,0.05,0.45,1.2,25.471204003877936,865647.03832041,865647.044503913
303,eye0,pmrnet,loop,21.975900046527386,0.02,0.7145979907363653,9.19850799255073,1.1414110194891691,0.08,0.35,0.05,0.45,1.2,35.18041704930365,865647.046355637,865647.057410703
304,eye0,pmrnet,loop,20.26696305256337,0.02,2.0116729428991675,3.4213049802929163,0.38827897515147924,0.08,0.35,0.05,0.45,1.2,28.23821995090693,865647.057949349,865647.063770877
305,eye0,pmrnet,loop,17.975469934754074,0.02,0.49864104948937893,4.230194026604295,0.2182360040023923,0.08,0.35,0.05,0.45,1.2,25.072541014850138,865647.064601272,865647.069548732
306,eye0,pmrnet,loop,21.865212940610945,0.02,0.3723789704963565,9.531262912787497,1.2982430635020137,0.08,0.35,0.05,0.45,1.2,35.21709788739681,865647.070304155,865647.081506415
307,eye0,pmrnet,loop,25.641854968853295,0.02,0.5781329236924648,9.593426017090678,0.4682079888880253,0.08,0.35,0.05,0.45,1.2,38.43162189852446,865647.082712162,865647.093352497
308,eye0,pmrnet,loop,28.4853019984439,0.02,0.6107259541749954,9.659464936703444,0.4722720477730036,0.08,0.35,0.05,0.45,1.2,41.37776493709534,865647.093522817,865647.104265779
310,eye0,pmrnet,loop,24.474118021316826,0.02,1.1342850048094988,9.586433065123856,0.48525503370910883,0.08,0.35,0.05,0.45,1.2,37.83009112495929,865647.105185901,865647.116392357
311,eye0,pmrnet,loop,24.73524399101734,0.02,0.6221199873834848,6.234400090761483,1.2927999487146735,0.08,0.35,0.05,0.45,1.2,35.03456401787698,865647.116573046,865647.124722931
312,eye0,pmrnet,loop,28.182681067846715,0.02,0.47819199971854687,9.405550081282854,0.44156296644359827,0.08,0.35,0.05,0.45,1.2,40.65798611529171,865647.125913952,865647.136239778
314,eye0,pmrnet,loop,23.849849007092416,0.02,1.1789780110120773,9.193319943733513,1.3192039914429188,0.08,0.35,0.05,0.45,1.2,37.691350953280924,865647.136351861,865647.148043889
315,eye0,pmrnet,loop,27.209082967601717,0.02,0.5190320080146194,9.490630007348955,0.47928106505423784,0.08,0.35,0.05,0.45,1.2,39.84802604801953,865647.148982976,865647.159472406
317,eye0,pmrnet,loop,22.029558080248535,0.02,0.49539306201040745,9.893481037579477,0.34858996514230967,0.08,0.35,0.05,0.45,1.2,34.91702214498073,865647.159693635,865647.17043156
318,eye0,pmrnet,loop,26.040949043817818,0.02,0.48204208724200726,9.948354912921786,0.4046029644086957,0.08,0.35,0.05,0.45,1.2,39.025949008390306,865647.171675387,865647.182510923
320,eye0,pmrnet,loop,20.484625012613833,0.02,0.5523220170289278,9.314522030763328,0.5080740666016936,0.08,0.35,0.05,0.45,1.2,33.00954312700778,865647.182717814,865647.193093238
321,eye0,pmrnet,loop,24.97154101729393,0.02,1.375822932459414,9.72810504026711,0.36685296799987555,0.08,0.35,0.05,0.45,1.2,38.59232195802033,865647.194178054,865647.205649253
322,eye0,pmrnet,loop,21.934046992100775,0.02,1.4119549887254834,3.151346929371357,0.3491711104288697,0.08,0.35,0.05,0.45,1.2,28.996520020626484,865647.205768234,865647.210680964
323,eye0,pmrnet,loop,23.150636930949986,0.02,0.5111430073156953,7.2135040536522865,0.5744480295106769,0.08,0.35,0.05,0.45,1.2,33.59973202142865,865647.211666926,865647.219966468
324,eye0,pmrnet,loop,25.575857958756387,0.02,0.32804301008582115,9.381312993355095,0.6610100390389562,0.08,0.35,0.05,0.45,1.2,38.09622400123626,865647.220089479,865647.230460288
326,eye0,pmrnet,loop,23.813958978280425,0.02,2.749348059296608,10.063919937238097,0.5768140545114875,0.08,0.35,0.05,0.45,1.2,39.354041029326616,865647.231444688,865647.244835398
327,eye0,pmrnet,loop,20.90118103660643,0.02,0.5405109841376543,3.9123159367591143,0.5085639422759414,0.08,0.35,0.05,0.45,1.2,28.01257189977914,865647.245030142,865647.249991845
328,eye0,pmrnet,loop,26.440790970809758,0.02,0.6001689471304417,10.417529963888228,1.4640470035374165,0.08,0.35,0.05,0.45,1.2,41.07253688536584,865647.251117272,865647.263599716
330,eye0,pmrnet,loop,21.77582203876227,0.02,0.605355016887188,10.003447998315096,0.5868410225957632,0.08,0.35,0.05,0.45,1.2,35.12146607656032,865647.263876417,865647.27507274
331,eye0,pmrnet,loop,23.658464080654085,0.02,1.5652480069547892,5.439335014671087,1.2967369984835386,0.08,0.35,0.05,0.45,1.2,34.109784100763505,865647.276723122,865647.285025026
332,eye0,pmrnet,loop,26.750959921628237,0.02,0.3944271011278033,10.10808302089572,0.4901750944554806,0.08,0.35,0.05,0.45,1.2,39.89364513810724,865647.285192999,865647.296186067
334,eye0,pmrnet,loop,24.049932952038944,0.02,0.6141100311651826,10.863977018743753,0.5647940561175346,0.08,0.35,0.05,0.45,1.2,38.24281405806541,865647.297579569,865647.309623087
335,eye0,pmrnet,loop,27.494861977174878,0.02,0.5643500480800867,10.217075003311038,0.48734399024397135,0.08,0.35,0.05,0.45,1.2,40.91363101880997,865647.309867585,865647.321137
337,eye0,pmrnet,loop,24.50125594623387,0.02,0.669185072183609,10.453902068547904,0.816136016510427,0.08,0.35,0.05,0.45,1.2,38.59047910347581,865647.322341317,865647.33428126
339,eye0,pmrnet,loop,22.843757993541658,0.02,0.5478699458763003,11.810034979134798,1.214963966049254,0.08,0.35,0.05,0.45,1.2,38.56662688460201,865647.335187902,865647.348761325
341,eye0,pmrnet,loop,15.821796958334744,0.02,0.6489070365205407,5.100763053633273,0.5952590145170689,0.08,0.35,0.05,0.45,1.2,24.316726063005625,865647.351532904,865647.357878344
342,eye0,pmrnet,loop,13.142762938514352,0.02,0.4395460709929466,3.8883829256519675,0.5457459483295679,0.08,0.35,0.05,0.45,1.2,20.166437883488832,865647.358394642,865647.363268627
343,eye0,pmrnet,loop,22.183301975019276,0.02,0.6055429112166166,10.954624973237514,1.248782966285944,0.08,0.35,0.05,0.45,1.2,37.14225282575935,865647.367567736,865647.380377485
344,eye0,pmrnet,loop,24.854533025063574,0.02,0.5572079680860043,7.796100922860205,0.9034279501065612,0.08,0.35,0.05,0.45,1.2,36.26126986611634,865647.381861861,865647.391119148
346,eye0,pmrnet,loop,12.634048936888576,0.02,0.3474759869277477,3.2136059598997235,0.22960198111832142,0.08,0.35,0.05,0.45,1.2,18.574732864834367,865647.391245903,865647.395036943
347,eye0,pmrnet,loop,11.55630697030574,0.02,0.33582502510398626,3.144049900583923,0.2163390163332224,0.08,0.35,0.05,0.45,1.2,17.40252091232687,865647.398331668,865647.402028155
348,eye0,pmrnet,loop,17.231779056601226,0.02,0.38526998832821846,8.529789047315717,0.5052878987044096,0.08,0.35,0.05,0.45,1.2,28.80212599094957,865647.406351964,865647.415772775
349,eye0,pmrnet,loop,19.458155031315982,0.02,0.5014679627493024,9.226307040080428,0.37026102654635906,0.08,0.35,0.05,0.45,1.2,31.70619106069207,865647.415970041,865647.426068739
350,eye0,pmrnet,loop,18.984208931215107,0.02,0.366714084520936,4.404387902468443,1.1388820130378008,0.08,0.35,0.05,0.45,1.2,27.044192931242286,865647.42775407,865647.433664322
351,eye0,pmrnet,loop,16.819439944811165,0.02,0.4532149760052562,3.8319879677146673,0.9178699692711234,0.08,0.35,0.05,0.45,1.2,24.17251285780221,865647.43436517,865647.439568504
352,eye0,pmrnet,loop,20.37105499766767,0.02,0.36260997876524925,8.136589895002544,0.37673802580684423,0.08,0.35,0.05,0.45,1.2,31.396992897242306,865647.442312137,865647.451188463
353,eye0,pmrnet,loop,25.35704697947949,0.02,1.3562459498643875,10.129331960342824,0.5783770466223359,0.08,0.35,0.05,0.45,1.2,39.57100193630904,865647.452178907,865647.464243451
354,eye0,pmrnet,loop,27.814968023449183,0.02,0.5994740640744567,9.370838990435004,0.3797760000452399,0.08,0.35,0.05,0.45,1.2,40.31505707800388,865647.464419664,865647.47477027
356,eye0,pmrnet,loop,21.614406956359744,0.02,0.5235329736024141,8.085955982096493,0.34511310514062643,0.08,0.35,0.05,0.45,1.2,32.71900901719928,865647.475753356,865647.484708326
357,eye0,pmrnet,loop,19.51251900754869,0.02,0.3423809539526701,4.353684023953974,1.1404590914025903,0.08,0.35,0.05,0.45,1.2,27.499043076857923,865647.484838433,865647.490675191
358,eye0,pmrnet,loop,15.931578003801405,0.02,0.370972091332078,3.5851410357281566,0.4061689833179116,0.08,0.35,0.05,0.45,1.2,22.44386011417955,865647.490801106,865647.495163637
359,eye0,pmrnet,loop,23.70833489112556,0.02,0.48066896852105856,10.42731397319585,1.7468431033194065,0.08,0.35,0.05,0.45,1.2,38.513160936161874,865647.498352583,865647.511008018
360,eye0,pmrnet,loop,23.53356999810785,0.02,0.5115659441798925,5.839623045176268,1.332152052782476,0.08,0.35,0.05,0.45,1.2,33.36691104024649,865647.511219593,865647.518903565
361,eye0,pmrnet,loop,23.764505982398987,0.02,0.49341993872076273,6.505172001197934,0.3901079762727022,0.08,0.35,0.05,0.45,1.2,33.30320589859039,865647.519814116,865647.527203213
362,eye0,pmrnet,loop,20.32189699821174,0.02,0.3172659780830145,3.343075979501009,0.8361339569091797,0.08,0.35,0.05,0.45,1.2,26.968372912704943,865647.527333198,865647.531829939
363,eye0,pmrnet,loop,16.71117707155645,0.02,0.3216590266674757,3.5580950789153576,0.476218992844224,0.08,0.35,0.05,0.45,1.2,23.217150169983505,865647.531932011,865647.53628823
364,eye0,pmrnet,loop,21.887011011131108,0.02,0.4762130556628108,9.483897010795772,1.2266460107639432,0.08,0.35,0.05,0.45,1.2,35.22376708835363,865647.538344822,865647.549532076
365,eye0,pmrnet,loop,22.92055799625814,0.02,0.5283649079501629,7.822273997589946,0.5497119855135679,0.08,0.35,0.05,0.45,1.2,33.970908887311815,865647.549734696,865647.558635461
366,eye0,pmrnet,loop,21.975720999762416,0.02,0.4833410494029522,5.415181978605688,0.333597999997437,0.08,0.35,0.05,0.45,1.2,30.35784202776849,865647.559527356,865647.565759867
367,eye0,pmrnet,loop,19.782603019848466,0.02,0.3588560502976179,5.074072978459299,0.34317898098379374,0.08,0.35,0.05,0.45,1.2,27.708711029589175,865647.565859133,865647.571635496
368,eye0,pmrnet,loop,16.07650995720178,0.02,0.33563992474228144,3.306626924313605,0.5881839897483587,0.08,0.35,0.05,0.45,1.2,22.456960796006022,865647.571767694,865647.575998476
369,eye0,pmrnet,loop,20.989732001908123,0.02,0.499867950566113,9.571949020028114,0.5526239983737469,0.08,0.35,0.05,0.45,1.2,33.764172970876096,865647.57835487,865647.588979785
370,eye0,pmrnet,loop,20.13961598277092,0.02,0.5237279692664742,6.265370058827102,0.22042205091565847,0.08,0.35,0.05,0.45,1.2,29.299136061780153,865647.589189784,865647.596199686
371,eye0,pmrnet,loop,22.584240068681538,0.02,0.4900990752503276,8.983037085272372,0.22432091645896435,0.08,0.35,0.05,0.45,1.2,34.4316971456632,865647.597015438,865647.606713346
372,eye0,pmrnet,loop,20.219644997268915,0.02,0.40033902041614056,3.4857779974117875,1.687522977590561,0.08,0.35,0.05,0.45,1.2,27.943284992687403,865647.606843511,865647.612417408
373,eye0,pmrnet,loop,16.703173983842134,0.02,0.3610739950090647,3.552983980625868,0.5058329552412033,0.08,0.35,0.05,0.45,1.2,23.27306491471827,865647.61254993,865647.616970136
374,eye0,pmrnet,loop,19.13491601590067,0.02,0.5231429822742939,8.079365943558514,0.41266006883233786,0.08,0.35,0.05,0.45,1.2,30.300085010565816,865647.618455316,865647.627470924
375,eye0,pmrnet,loop,16.416719066910446,0.02,0.3314119530841708,3.9935189997777343,0.6526029901579022,0.08,0.35,0.05,0.45,1.2,23.54425300993025,865647.62784376,865647.632821626
376,eye0,pmrnet,loop,13.780120061710477,0.02,0.35769003443419933,3.1291579362004995,0.39141601882874966,0.08,0.35,0.05,0.45,1.2,19.808384051173924,865647.634375725,865647.638254224
377,eye0,pmrnet,loop,20.694606937468052,0.02,0.47884404193609953,9.810586925595999,0.5123510491102934,0.08,0.35,0.05,0.45,1.2,33.64638895411045,865647.642434571,865647.653236883
378,eye0,pmrnet,loop,19.367291941307485,0.02,0.9574139257892966,5.0794180715456605,0.5420889938250184,0.08,0.35,0.05,0.45,1.2,28.09621293246746,865647.65339965,865647.659979059
379,eye0,pmrnet,loop,22.78545405715704,0.02,0.48852094914764166,9.54276800621301,0.5147289484739304,0.08,0.35,0.05,0.45,1.2,35.48147196099162,865647.660918956,865647.671465475
380,eye0,pmrnet,loop,25.243823998607695,0.02,0.5239550955593586,9.443451999686658,0.35677303094416857,0.08,0.35,0.05,0.45,1.2,37.71800412479788,865647.671668508,865647.681993272
382,eye0,pmrnet,loop,14.969083946198225,0.02,1.249543041922152,3.328176913782954,0.4079110221937299,0.08,0.35,0.05,0.45,1.2,22.10471492409706,865647.68287115,865647.687857146
383,eye0,pmrnet,loop,13.280963990837336,0.02,0.3940450260415673,3.293287009000778,0.21292001474648714,0.08,0.35,0.05,0.45,1.2,19.331216040626167,865647.690337423,865647.694237996
384,eye0,pmrnet,loop,13.267036061733961,0.02,0.3334790235385299,3.1911430414766073,0.452533015049994,0.08,0.35,0.05,0.45,1.2,19.39419114179909,865647.698315736,865647.702293113
385,eye0,pmrnet,loop,14.399794046767056,0.02,0.39732397999614477,3.5572450142353773,1.229244051501155,0.08,0.35,0.05,0.45,1.2,21.73360709249973,865647.70631068,865647.711494746
386,eye0,pmrnet,loop,14.711550902575254,0.02,0.2914140932261944,4.049569019116461,0.7417940068989992,0.08,0.35,0.05,0.45,1.2,21.944328021816908,865647.714792532,865647.719875604
387,eye0,pmrnet,loop,13.399416930042207,0.02,0.34126697573810816,3.33029602188617,0.6048539653420448,0.08,0.35,0.05,0.45,1.2,19.82583389300853,865647.722356806,865647.726633433
388,eye0,pmrnet,loop,13.54372501373291,0.02,0.3533019917085767,3.6908399779349566,0.4785099299624562,0.08,0.35,0.05,0.45,1.2,20.216376913338898,865647.73032368,865647.734846656
389,eye0,pmrnet,loop,13.160775997675955,0.02,0.34924899227917194,3.4085180377587676,0.4079249920323491,0.08,0.35,0.05,0.45,1.2,19.476468019746243,865647.738366923,865647.74253291
390,eye0,pmrnet,loop,19.602728076279163,0.02,0.5470280302688479,9.624989004805684,0.5198909202590585,0.08,0.35,0.05,0.45,1.2,32.44463603161275,865647.746350582,865647.757043061
391,eye0,pmrnet,loop,22.552318987436593,0.02,0.6107019726186991,9.376297006383538,0.8388960268348455,0.08,0.35,0.05,0.45,1.2,35.528213993273674,865647.757235374,865647.768061789
393,eye0,pmrnet,loop,19.194361055269837,0.02,0.5543639417737722,8.227435988374054,0.6108339875936508,0.08,0.35,0.05,0.45,1.2,30.736994973011313,865647.771449162,865647.780842381
330,eye1,pmrnet,loop,24.43025796674192,0.02,0.6188719999045134,10.548749007284641,0.5127140320837498,0.08,0.35,0.05,0.45,1.2,38.26059300601482,865647.308245296,865647.319926262
333,eye1,pmrnet,loop,20.155275939032435,0.02,0.4342240281403065,4.688540939241648,0.48723502550274134,0.08,0.35,0.05,0.45,1.2,27.91527593191713,865647.33424747,865647.339858128
334,eye1,pmrnet,loop,22.073408006690443,0.02,0.7222560234367847,5.274085095152259,0.2772409934550524,0.08,0.35,0.05,0.45,1.2,30.496990118734537,865647.343571322,865647.349845682
335,eye1,pmrnet,loop,19.70688404981047,0.02,0.4361510509625077,4.237546003423631,0.830820994451642,0.08,0.35,0.05,0.45,1.2,27.36140209864825,865647.350042781,865647.355547785
336,eye1,pmrnet,loop,23.665601038374007,0.02,0.5969749763607979,10.647805989719927,0.5157230189070106,0.08,0.35,0.05,0.45,1.2,37.57610502336174,865647.355814189,865647.367575421
337,eye1,pmrnet,loop,28.29390298575163,0.02,0.648074084892869,8.879146073013544,0.763077987357974,0.08,0.35,0.05,0.45,1.2,40.734201131016015,865647.369982727,865647.38027344
339,eye1,pmrnet,loop,16.92565600387752,0.02,0.5282929632812738,3.5294340923428535,0.5304840160533786,0.08,0.35,0.05,0.45,1.2,23.663867075555025,865647.38045538,865647.385043849
340,eye1,pmrnet,loop,17.71524699870497,0.02,0.386575935408473,4.517228109762073,1.5197129687294364,0.08,0.35,0.05,0.45,1.2,26.28876401260495,865647.387479519,865647.393903284
341,eye1,pmrnet,loop,16.42241806257516,0.02,0.38993300404399633,3.658497938886285,1.3905499363318086,0.08,0.35,0.05,0.45,1.2,24.01139894183725,865647.395240002,865647.400679266
342,eye1,pmrnet,loop,16.944278962910175,0.02,0.3836369141936302,3.4543300280347466,2.166589954867959,0.08,0.35,0.05,0.45,1.2,25.09883586000651,865647.403265257,865647.40927005
343,eye1,pmrnet,loop,20.071715931408107,0.02,0.5286760861054063,8.27191409189254,0.40450296364724636,0.08,0.35,0.05,0.45,1.2,31.4268090730533,865647.411261063,865647.420466561
344,eye1,pmrnet,loop,16.275144065730274,0.02,0.3733449848368764,3.395003965124488,0.3939770394936204,0.08,0.35,0.05,0.45,1.2,22.587470055185257,865647.420576381,865647.424738963
345,eye1,pmrnet,loop,17.19967706594616,0.02,0.37746597081422806,5.672145984135568,0.45601697638630867,0.08,0.35,0.05,0.45,1.2,25.855305997282265,865647.427226534,865647.433732396
346,eye1,pmrnet,loop,15.33954800106585,0.02,0.318575999699533,3.276021918281913,0.1967978896573186,0.08,0.35,0.05,0.45,1.2,21.280943808704613,865647.436150001,865647.439941624
347,eye1,pmrnet,loop,16.70363498851657,0.02,0.3365959273651242,5.338081973604858,0.49956399016082287,0.08,0.35,0.05,0.45,1.2,25.027876879647373,865647.44319968,865647.449374203
348,eye1,pmrnet,loop,15.221031964756548,0.02,0.37637504283338785,3.8603509310632944,0.4888140829280019,0.08,0.35,0.05,0.45,1.2,22.09657202158123,865647.451235112,865647.455960939
349,eye1,pmrnet,loop,15.109396073967218,0.02,0.3390279598534107,3.7125839153304696,0.6441600853577256,0.08,0.35,0.05,0.45,1.2,21.955168034508823,865647.459222407,865647.463918457
350,eye1,pmrnet,loop,15.781837049871683,0.02,1.6182499239221215,3.4045360516756773,0.4100990481674671,0.08,0.35,0.05,0.45,1.2,23.364722073636948,865647.467226633,865647.472659853
351,eye1,pmrnet,loop,19.67454398982227,0.02,0.5122260190546513,8.134417003020644,0.732547021470964,0.08,0.35,0.05,0.45,1.2,31.203734033368526,865647.475241369,865647.484620969
352,eye1,pmrnet,loop,16.80387102533132,0.02,0.3509349189698696,3.8226639153435826,0.8847799617797136,0.08,0.35,0.05,0.45,1.2,24.012249821424483,865647.484760968,865647.48981965
353,eye1,pmrnet,loop,19.78576206602156,0.02,0.3905380144715309,8.564181043766439,0.6836939137428999,0.08,0.35,0.05,0.45,1.2,31.57417503800243,865647.491231959,865647.500870641
354,eye1,pmrnet,loop,15.886367997154593,0.02,0.4730389919131994,3.1544440425932407,0.4266629694029689,0.08,0.35,0.05,0.45,1.2,22.090514001064,865647.50098667,865647.505041157
355,eye1,pmrnet,loop,14.412127900868654,0.02,0.34983898513019085,3.774816053919494,0.2688800450414419,0.08,0.35,0.05,0.45,1.2,20.95566298495978,865647.507242098,865647.511635893
356,eye1,pmrnet,loop,15.827173949219286,0.02,1.8842709250748158,3.5396789899095893,0.45735505409538746,0.08,0.35,0.05,0.45,1.2,23.858478918299078,865647.515238435,865647.521120014
357,eye1,pmrnet,loop,18.55673803947866,0.02,0.3161090426146984,7.810755982063711,0.603487016633153,0.08,0.35,0.05,0.45,1.2,29.43709008079022,865647.523187737,865647.531918428
358,eye1,pmrnet,loop,21.80595602840185,0.02,0.5012190667912364,9.457918000407517,0.4895860329270363,0.08,0.35,0.05,0.45,1.2,34.40467912852764,865647.532786874,865647.543236106
359,eye1,pmrnet,loop,24.280053097754717,0.02,0.4713499220088124,9.400133974850178,0.49117603339254856,0.08,0.35,0.05,0.45,1.2,36.792713028006254,865647.543416141,865647.553779396
360,eye1,pmrnet,loop,28.09854201041162,0.02,2.4472730001434684,7.297271979041398,1.1779209598898888,0.08,0.35,0.05,0.45,1.2,41.17100794948637,865647.554744423,865647.565667594
362,eye1,pmrnet,loop,17.87084899842739,0.02,0.39645901415497065,4.035423044115305,1.366616110317409,0.08,0.35,0.05,0.45,1.2,25.819347167015074,865647.565778569,865647.571577414
363,eye1,pmrnet,loop,21.48056006990373,0.02,0.4984659608453512,9.68407397158444,0.5375270266085863,0.08,0.35,0.05,0.45,1.2,34.35062702894211,865647.572535085,865647.583255616
364,eye1,pmrnet,loop,24.219282902777195,0.02,0.5099349655210972,9.597175056114793,0.4880309570580721,0.08,0.35,0.05,0.45,1.2,36.964423881471156,865647.583467778,865647.594063467
366,eye1,pmrnet,loop,20.521756960079074,0.02,1.1629050131887197,9.540459956042469,0.4734119866043329,0.08,0.35,0.05,0.45,1.2,33.848533915914594,865647.595326999,865647.606504352
367,eye1,pmrnet,loop,23.134364979341626,0.02,0.48645399510860443,9.525014087557793,0.49980205949395895,0.08,0.35,0.05,0.45,1.2,35.79563512150198,865647.606673366,865647.617185137
368,eye1,pmrnet,loop,28.57306704390794,0.02,0.572598073631525,9.664989076554775,2.1407000022009015,0.08,0.35,0.05,0.45,1.2,43.10135419629514,865647.618314285,865647.630693099
370,eye1,pmrnet,loop,22.83535699825734,0.02,0.5023439880460501,9.322099038399756,0.3756619989871979,0.08,0.35,0.05,0.45,1.2,35.18546202369034,865647.63089318,865647.641093774
371,eye1,pmrnet,loop,26.865066960453987,0.02,0.6743920966982841,9.821392013691366,0.6356319645419717,0.08,0.35,0.05,0.45,1.2,40.14648303538561,865647.642059579,865647.653191534
373,eye1,pmrnet,loop,18.414052901789546,0.02,0.5202488973736763,6.739536067470908,0.1987359719350934,0.08,0.35,0.05,0.45,1.2,28.022573838569222,865647.65342071,865647.660879684
374,eye1,pmrnet,loop,22.762830019928515,0.02,1.1406319681555033,9.6878909971565,0.4866280360147357,0.08,0.35,0.05,0.45,1.2,36.22798102125525,865647.661981044,865647.673296651
375,eye1,pmrnet,loop,23.021111031994224,0.02,3.2214659731835127,3.719532978720963,0.7527800044044852,0.08,0.35,0.05,0.45,1.2,32.86488998830318,865647.673930634,865647.681624833
376,eye1,pmrnet,loop,26.665306999348104,0.02,0.33850898034870625,9.527351008728147,0.9225329849869013,0.08,0.35,0.05,0.45,1.2,39.60369997341186,865647.682548678,865647.693337486
379,eye1,pmrnet,loop,18.39942403603345,0.02,0.48544490709900856,6.2898710602894425,0.5816990742459893,0.08,0.35,0.05,0.45,1.2,27.90643907766789,865647.701921885,865647.709279336
380,eye1,pmrnet,loop,15.37899998947978,0.02,0.3442100714892149,4.076931974850595,0.48901105765253305,0.08,0.35,0.05,0.45,1.2,22.43915309347212,865647.709417376,865647.714327821
381,eye1,pmrnet,loop,12.925378978252411,0.02,0.3546410007402301,4.0445070480927825,0.33768697176128626,0.08,0.35,0.05,0.45,1.2,19.81221399884671,865647.715205973,865647.719943078
382,eye1,pmrnet,loop,19.976107985712588,0.02,0.4719640128314495,10.870718979276717,0.49220595974475145,0.08,0.35,0.05,0.45,1.2,33.960996937565504,865647.723227283,865647.735062656
383,eye1,pmrnet,loop,17.19598693307489,0.02,0.3712530015036464,3.6036859964951873,1.1677879374474287,0.08,0.35,0.05,0.45,1.2,24.488713868521153,865647.735208472,865647.74035157
384,eye1,pmrnet,loop,20.79225704073906,0.02,0.48374198377132416,9.718790068291128,0.44723297469317913,0.08,0.35,0.05,0.45,1.2,33.592022067494696,865647.74136531,865647.752015609
385,eye1,pmrnet,loop,23.496060050092638,0.02,0.7614200003445148,9.411745006218553,0.3847649786621332,0.08,0.35,0.05,0.45,1.2,36.20399003531784,865647.752231534,865647.762790084
387,eye1,pmrnet,loop,12.581237009726465,0.02,0.3446349874138832,3.215941949747503,0.3445519832894206,0.08,0.35,0.05,0.45,1.2,18.63636593017727,865647.764107525,865647.768012929
388,eye1,pmrnet,loop,13.295533950440586,0.02,0.40057499427348375,3.993432968854904,1.11594598274678,0.08,0.35,0.05,0.45,1.2,20.955487896315752,865647.771286101,865647.776796349
389,eye1,pmrnet,loop,13.548157061450183,0.02,0.44290698133409023,3.7771669449284673,1.152949989773333,0.08,0.35,0.05,0.45,1.2,21.071180977486073,865647.779744409,865647.78511771
394,eye0,pmrnet,loop,15.81193006131798,0.02,0.7270060013979673,3.202016931027174,0.22551498841494322,0.08,0.35,0.05,0.45,1.2,22.116467982158063,865647.781373787,865647.78552865
395,eye0,pmrnet,loop,13.694202993065119,0.02,0.3343540010973811,3.658770932815969,1.107353949919343,0.08,0.35,0.05,0.45,1.2,20.94468187689781,865647.786379004,865647.791479736
396,eye0,pmrnet,loop,12.510878965258598,0.02,0.3634269814938307,3.291980945505202,0.37281401455402374,0.08,0.35,0.05,0.45,1.2,18.689100906811653,865647.794337304,865647.798365763
397,eye0,pmrnet,loop,12.697750004008412,0.02,0.49843103624880314,3.5409419797360897,0.22162101231515408,0.08,0.35,0.05,0.45,1.2,19.108744032308458,865647.802360497,865647.806621943
398,eye0,pmrnet,loop,19.86170606687665,0.02,0.5160440923646092,10.209284955635667,0.7663570577278733,0.08,0.35,0.05,0.45,1.2,33.503392172604805,865647.810361322,865647.821853657
399,eye0,pmrnet,loop,22.14559610001743,0.02,0.4770579980686307,9.292346076108515,0.3814520314335823,0.08,0.35,0.05,0.45,1.2,34.446452205628155,865647.822055909,865647.832207202
400,eye0,pmrnet,loop,26.47088293451816,0.02,0.5584780592471361,9.679701062850654,1.2786169536411762,0.08,0.35,0.05,0.45,1.2,40.13767901025712,865647.833083869,865647.844601162
402,eye0,pmrnet,loop,20.75873699504882,0.02,0.47823996283113956,9.521194035187364,0.24731806479394436,0.08,0.35,0.05,0.45,1.2,33.15548905786127,865647.84478042,865647.855027636
403,eye0,pmrnet,loop,22.88344397675246,0.02,0.49931893590837717,7.866402040235698,0.7268009940162301,0.08,0.35,0.05,0.45,1.2,34.12596594691277,865647.856128543,865647.865221457
404,eye0,pmrnet,loop,18.862709985114634,0.02,0.36280194763094187,3.1810440123081207,0.39808801375329494,0.08,0.35,0.05,0.45,1.2,24.95464395880699,865647.865327453,865647.869269644
405,eye0,pmrnet,loop,14.990970026701689,0.02,0.3120730398222804,3.2718509901314974,0.4970249719917774,0.08,0.35,0.05,0.45,1.2,21.221919028647243,865647.869385702,865647.873466927
406,eye0,pmrnet,loop,18.819267977960408,0.02,0.517809996381402,9.5947349909693,0.45952899381518364,0.08,0.35,0.05,0.45,1.2,31.541341959126292,865647.874791536,865647.885364222
407,eye0,pmrnet,loop,15.140705043449998,0.02,0.4919649800285697,3.275995026342571,0.5060679977759719,0.08,0.35,0.05,0.45,1.2,21.56473304759711,865647.885480462,865647.889754712
408,eye0,pmrnet,loop,11.66477706283331,0.02,0.36308798007667065,3.1850829254835844,0.4153680056333542,0.08,0.35,0.05,0.45,1.2,17.778315974026917,865647.890384015,865647.894347789
409,eye0,pmrnet,loop,22.722702007740736,0.02,0.5555829266086221,9.938505943864584,0.5486980080604553,0.08,0.35,0.05,0.45,1.2,35.915488886274396,865647.902430421,865647.913473799
410,eye0,pmrnet,loop,23.662650026381016,0.02,0.5790499271824956,5.7501280680298805,0.41938701178878546,0.08,0.35,0.05,0.45,1.2,32.561215033382176,865647.915734515,865647.922483544
411,eye0,pmrnet,loop,19.738445058465004,0.02,0.33611804246902466,3.3058651024475694,0.37696503568440676,0.08,0.35,0.05,0.45,1.2,25.907393239066003,865647.922609353,865647.926628569
412,eye0,pmrnet,loop,16.073462087661028,0.02,0.3285380080342293,3.5208759363740683,0.4482610384002328,0.08,0.35,0.05,0.45,1.2,22.521137070469557,865647.926734662,865647.931032606
413,eye0,pmrnet,loop,23.71795696672052,0.02,0.63887401483953,10.688453912734985,1.0466480161994696,0.08,0.35,0.05,0.45,1.2,38.241932910494505,865647.934371499,865647.946745986
414,eye0,pmrnet,loop,19.616822944954038,0.02,0.38638198748230934,3.2486770069226623,0.21477695554494858,0.08,0.35,0.05,0.45,1.2,25.616658894903956,865647.946863795,865647.950713899
415,eye0,pmrnet,loop,26.652890956029296,0.02,0.5262680351734161,10.196134098805487,1.1887549189850688,0.08,0.35,0.05,0.45,1.2,40.71404800899327,865647.953906735,865647.965818496
416,eye0,pmrnet,loop,23.987637017853558,0.02,0.45001308899372816,3.7403659662231803,1.0654000798240304,0.08,0.35,0.05,0.45,1.2,31.393416152894495,865647.965966607,865647.97122265
417,eye0,pmrnet,loop,23.3189610298723,0.02,0.35386497620493174,3.8925670087337494,0.612906995229423,0.08,0.35,0.05,0.45,1.2,30.3283000100404,865647.973763352,865647.978622895
418,eye0,pmrnet,loop,19.83699796255678,0.02,0.35949191078543663,3.501645987853408,0.6063029868528247,0.08,0.35,0.05,0.45,1.2,26.454438848048447,865647.978742268,865647.98320999
419,eye0,pmrnet,loop,15.8342249924317,0.02,0.34801394212991,3.356904024258256,0.24582608602941036,0.08,0.35,0.05,0.45,1.2,21.934969044849275,865647.98332512,865647.98727616
420,eye0,pmrnet,loop,14.757785014808178,0.02,0.3344659926369786,3.1437890138477087,0.4005669616162777,0.08,0.35,0.05,0.45,1.2,20.78660698290914,865647.990389898,865647.994268984
421,eye0,pmrnet,loop,15.879495069384575,0.02,0.5157829727977514,4.141591023653746,0.40888297371566296,0.08,0.35,0.05,0.45,1.2,23.095752039551734,865647.998392702,865648.003459365
422,eye0,pmrnet,loop,14.562640921212733,0.02,0.30666403472423553,3.166123991832137,0.4236479289829731,0.08,0.35,0.05,0.45,1.2,20.609076876752077,865648.006315058,865648.010211729
423,eye0,pmrnet,loop,21.623726934194565,0.02,0.5513849901035428,9.92431491613388,0.47671596985310316,0.08,0.35,0.05,0.45,1.2,34.72614281028509,865648.014388204,865648.025341299
424,eye0,pmrnet,loop,20.264444989152253,0.02,1.7390259308740497,3.449191921390593,0.45211100950837135,0.08,0.35,0.05,0.45,1.2,28.054773850925265,865648.026410708,865648.032051401
425,eye0,pmrnet,loop,17.422099015675485,0.02,0.34101202618330717,3.722710069268942,1.0528001002967358,0.08,0.35,0.05,0.45,1.2,24.68862121142447,865648.032161308,865648.037278171
426,eye0,pmrnet,loop,14.417655998840928,0.02,0.3387349424883723,3.2450120197609067,0.3847429761663079,0.08,0.35,0.05,0.45,1.2,20.536145937256514,865648.038374104,865648.042342859
427,eye0,pmrnet,loop,21.11548895481974,0.02,0.49888109788298607,9.723086026497185,0.4548670258373022,0.08,0.35,0.05,0.45,1.2,33.94232310503721,865648.046431995,865648.057109418
428,eye0,pmrnet,loop,23.910627933219075,0.02,0.8246119832620025,9.299173951148987,0.5423290422186255,0.08,0.35,0.05,0.45,1.2,36.72674290984869,865648.057307256,865648.067974066
429,eye0,pmrnet,loop,27.28576201479882,0.02,0.47648604959249496,9.50204289983958,0.3883669851347804,0.08,0.35,0.05,0.45,1.2,39.802657949365674,865648.069050161,865648.079417754
431,eye0,pmrnet,loop,21.4015890378505,0.02,0.5041910335421562,9.219374042004347,0.34177699126303196,0.08,0.35,0.05,0.45,1.2,33.61693110466004,865648.079606235,865648.089672112
432,eye0,pmrnet,loop,19.930430920794606,0.02,1.260968972928822,3.736173966899514,0.42510090861469507,0.08,0.35,0.05,0.45,1.2,27.502674769237636,865648.090847297,865648.096269924
433,eye0,pmrnet,loop,22.83474593423307,0.02,0.49464497715234756,9.478742023929954,0.8167460327968001,0.08,0.35,0.05,0.45,1.2,35.77487896811217,865648.096452656,865648.107243352
434,eye0,pmrnet,loop,25.123146013356745,0.02,0.39886694867163897,5.54185698274523,2.232228056527674,0.08,0.35,0.05,0.45,1.2,35.44609800130129,865648.109427234,865648.117600676
435,eye0,pmrnet,loop,21.606845082715154,0.02,0.36503502633422613,3.5743670305237174,0.47694006934762,0.08,0.35,0.05,0.45,1.2,28.173187208920716,865648.117736884,865648.122153474
436,eye0,pmrnet,loop,17.72176392842084,0.02,0.35961903631687164,3.31286306027323,0.37640007212758064,0.08,0.35,0.05,0.45,1.2,23.920646097138523,865648.122288746,865648.126337882
437,eye0,pmrnet,loop,14.631164027377963,0.02,0.3176419995725155,3.1895949505269527,0.5838590441271663,0.08,0.35,0.05,0.45,1.2,20.872260021604596,865648.127224857,865648.131316222
438,eye0,pmrnet,loop,14.845740981400013,0.02,0.35683694295585155,3.3425779547542334,1.5428869519382715,0.08,0.35,0.05,0.45,1.2,22.238042831048368,865648.134357236,865648.139599807
439,eye0,pmrnet,loop,14.90754506085068,0.02,0.3559479955583811,3.2475950429216027,1.80336507037282,0.08,0.35,0.05,0.45,1.2,22.464453169703482,865648.142323335,865648.147730472
440,eye0,pmrnet,loop,14.832458109594882,0.02,0.4936860641464591,3.6882800050079823,1.1763169895857573,0.08,0.35,0.05,0.45,1.2,22.34074116833508,865648.150365791,865648.155724478
441,eye0,pmrnet,loop,15.142332995310426,0.02,0.38438988849520683,3.719746950082481,1.6220619436353445,0.08,0.35,0.05,0.45,1.2,23.018531777523457,865648.158376971,865648.164103486
442,eye0,pmrnet,loop,14.526654034852982,0.02,0.3634809982031584,3.652143059298396,1.1948139872401953,0.08,0.35,0.05,0.45,1.2,21.88709207959473,865648.16634609,865648.171556761
443,eye0,pmrnet,loop,20.224013016559184,0.02,0.501481001265347,9.176356950774789,1.2499350123107433,0.08,0.35,0.05,0.45,1.2,33.30178598091007,865648.174394224,865648.185322415
444,eye0,pmrnet,loop,16.698525985702872,0.02,1.0197010124102235,3.150308970361948,0.22583291865885258,0.08,0.35,0.05,0.45,1.2,23.244368887133895,865648.185470166,865648.189866251
445,eye0,pmrnet,loop,14.943519956432283,0.02,0.34426397178322077,3.650127095170319,1.542886020615697,0.08,0.35,0.05,0.45,1.2,22.63079704400152,865648.190643082,865648.196180631
390,eye1,pmrnet,loop,11.896872078068554,0.02,0.32980507239699364,3.625691053457558,0.3430719953030348,0.08,0.35,0.05,0.45,1.2,18.34544019922614,865647.787237223,865647.791536019
391,eye1,pmrnet,loop,15.411020955070853,0.02,0.3690290031954646,3.3367150463163853,0.22000796161592007,0.08,0.35,0.05,0.45,1.2,21.48677296619862,865647.799193096,865647.803119086
392,eye1,pmrnet,loop,22.309161024168134,0.02,0.4850829718634486,9.81164607219398,0.5495810182765126,0.08,0.35,0.05,0.45,1.2,35.305471086502074,865647.807238394,865647.818085155
393,eye1,pmrnet,loop,19.596440019086003,0.02,1.2979250168427825,3.3988599898293614,0.4936379846185446,0.08,0.35,0.05,0.45,1.2,26.93686301037669,865647.818251373,865647.823442069
394,eye1,pmrnet,loop,22.291852976195514,0.02,0.4946270491927862,9.05492005404085,0.39064406882971525,0.08,0.35,0.05,0.45,1.2,34.38204414825886,865647.824265972,865647.834206618
395,eye1,pmrnet,loop,21.93566004280001,0.02,3.7978519685566425,3.3737720223143697,0.41403702925890684,0.08,0.35,0.05,0.45,1.2,31.671321062929927,865647.834334543,865647.841920448
396,eye1,pmrnet,loop,19.251343910582364,0.02,0.33220299519598484,3.4919760655611753,0.8278589230030775,0.08,0.35,0.05,0.45,1.2,26.0533818943426,865647.842653099,865647.847305376
397,eye1,pmrnet,loop,15.868694987148046,0.02,0.3142799250781536,3.840773948468268,0.4221239360049367,0.08,0.35,0.05,0.45,1.2,22.595872796699403,865647.847414032,865647.85199155
398,eye1,pmrnet,loop,15.481865964829922,0.02,0.34722406417131424,3.592679975554347,0.4918099148198962,0.08,0.35,0.05,0.45,1.2,22.063579919375478,865647.85524174,865647.859673781
399,eye1,pmrnet,loop,21.388360066339374,0.02,0.482053030282259,9.459130931645632,0.45197398867458105,0.08,0.35,0.05,0.45,1.2,33.931518016941844,865647.863254803,865647.873648587
400,eye1,pmrnet,loop,24.046018021181226,0.02,0.514135928824544,9.50084999203682,0.5163969472050667,0.08,0.35,0.05,0.45,1.2,36.727400889247654,865647.873842976,865647.884374997
401,eye1,pmrnet,loop,28.172171907499433,0.02,0.7002620259299874,9.879144025035203,0.49823394510895014,0.08,0.35,0.05,0.45,1.2,41.39981190357357,865647.885491944,865647.896570109
403,eye1,pmrnet,loop,22.71239901892841,0.02,0.5754120647907257,9.380468050949275,0.500436988659203,0.08,0.35,0.05,0.45,1.2,35.31871612332761,865647.896792109,865647.907248956
404,eye1,pmrnet,loop,26.863462990149856,0.02,0.48240507021546364,9.932329994626343,0.5901770200580359,0.08,0.35,0.05,0.45,1.2,40.0183750750497,865647.908462598,865647.919467994
406,eye1,pmrnet,loop,22.244078922085464,0.02,0.5187219940125942,9.653497021645308,1.134259975515306,0.08,0.35,0.05,0.45,1.2,35.70055791325867,865647.9196804,865647.930987482
407,eye1,pmrnet,loop,22.277323994785547,0.02,0.5517419194802642,4.29030298255384,0.4988600267097354,0.08,0.35,0.05,0.45,1.2,29.768228923529385,865647.933748961,865647.939090354
408,eye1,pmrnet,loop,18.230786081403494,0.02,0.33082999289035797,3.198424936272204,0.37551496643573046,0.08,0.35,0.05,0.45,1.2,24.285555977001785,865647.939207535,865647.943112617
409,eye1,pmrnet,loop,14.395574107766151,0.02,0.32781099434942007,3.229627967812121,0.5497029051184654,0.08,0.35,0.05,0.45,1.2,20.652715975046156,865647.943239277,865647.947346694
410,eye1,pmrnet,loop,14.45367094129324,0.02,0.36575295962393284,3.371992032043636,0.508552067913115,0.08,0.35,0.05,0.45,1.2,20.849968000873922,865647.951227001,865647.955473624
411,eye1,pmrnet,loop,16.746724024415016,0.02,0.49717293586581945,5.628219107165933,0.47548103611916304,0.08,0.35,0.05,0.45,1.2,25.49759710356593,865647.959234254,865647.965835585
412,eye1,pmrnet,loop,14.130976982414722,0.02,0.3085959469899535,3.4198469948023558,0.34225406125187874,0.08,0.35,0.05,0.45,1.2,20.35167398545891,865647.967217924,865647.971288908
413,eye1,pmrnet,loop,20.788727095350623,0.02,0.37428492214530706,9.759980952367187,0.6624070229008794,0.08,0.35,0.05,0.45,1.2,33.735399992763995,865647.975217428,865647.986014527
414,eye1,pmrnet,loop,24.31084995623678,0.02,0.5043209530413151,9.66766499914229,0.6165700033307076,0.08,0.35,0.05,0.45,1.2,37.24940591175109,865647.986816899,865647.997606169
415,eye1,pmrnet,loop,27.550327009521425,0.02,0.5260909674689174,9.896300034597516,0.684431055560708,0.08,0.35,0.05,0.45,1.2,40.807149067148565,865647.997807608,865648.008914951
417,eye1,pmrnet,loop,23.41632207389921,0.02,0.4815119318664074,10.005607036873698,0.4052279982715845,0.08,0.35,0.05,0.45,1.2,36.4586690409109,865648.010026073,865648.020918851
418,eye1,pmrnet,loop,19.573157071135938,0.02,0.4731490043923259,3.166083013638854,0.4513310268521309,0.08,0.35,0.05,0.45,1.2,25.813720116019248,865648.021053932,865648.025144772
419,eye1,pmrnet,loop,17.572924960404634,0.02,0.3491300158202648,3.2758350716903806,2.32587696518749,0.08,0.35,0.05,0.45,1.2,25.67376701310277,865648.025262758,865648.031213796
420,eye1,pmrnet,loop,22.536422940902412,0.02,0.5010759923607111,9.473151993006468,0.371936010196805,0.08,0.35,0.05,0.45,1.2,35.032586936466394,865648.03389866,865648.044245405
421,eye1,pmrnet,loop,25.231600971892476,0.02,0.5821179365739226,9.520706022158265,0.4444869700819254,0.08,0.35,0.05,0.45,1.2,37.92891190070659,865648.044461943,865648.055009778
423,eye1,pmrnet,loop,20.625003962777555,0.02,0.5337039474397898,9.506077039986849,0.47189206816256046,0.08,0.35,0.05,0.45,1.2,33.28667701836676,865648.056029132,865648.066541583
424,eye1,pmrnet,loop,22.998268948867917,0.02,0.45806390698999166,9.338732925243676,0.4732869565486908,0.08,0.35,0.05,0.45,1.2,35.418352737650274,865648.066712888,865648.07698353
425,eye1,pmrnet,loop,22.77105301618576,0.02,2.7864110888913274,3.5171130439266562,0.557117979042232,0.08,0.35,0.05,0.45,1.2,31.781695128045975,865648.077965109,865648.084826023
426,eye1,pmrnet,loop,18.831852008588612,0.02,0.347535009495914,3.2513770274817944,0.423995079472661,0.08,0.35,0.05,0.45,1.2,25.00475912503898,865648.084932681,865648.0889558
427,eye1,pmrnet,loop,16.007722006179392,0.02,0.30919304117560387,3.385034971870482,1.436389982700348,0.08,0.35,0.05,0.45,1.2,23.288340001925825,865648.089069542,865648.09420042
428,eye1,pmrnet,loop,14.249167987145483,0.02,0.5286840023472905,3.4432250540703535,1.1192010715603828,0.08,0.35,0.05,0.45,1.2,21.49027811512351,865648.0954198,865648.100511268
429,eye1,pmrnet,loop,12.852387968450785,0.02,0.36186305806040764,3.242017002776265,0.3306749276816845,0.08,0.35,0.05,0.45,1.2,18.93694295696914,865648.103248786,865648.10718359
430,eye1,pmrnet,loop,15.250124037265778,0.02,0.9265660773962736,4.11511305719614,1.3838509330525994,0.08,0.35,0.05,0.45,1.2,23.82565410491079,865648.111223821,865648.117649618
431,eye1,pmrnet,loop,20.570525084622204,0.02,0.5054729990661144,9.495671023614705,1.7808179836720228,0.08,0.35,0.05,0.45,1.2,34.502487090975045,865648.119257053,865648.131039524
432,eye1,pmrnet,loop,18.03198899142444,0.02,0.4966130945831537,3.5329849924892187,1.383746974170208,0.08,0.35,0.05,0.45,1.2,25.59533405266702,865648.131156309,865648.13656994
433,eye1,pmrnet,loop,14.610275975428522,0.02,0.3364640288054943,3.2616209937259555,0.2241909969598055,0.08,0.35,0.05,0.45,1.2,20.582551994919775,865648.137394706,865648.141217265
434,eye1,pmrnet,loop,13.115257024765015,0.02,0.33730396535247564,3.446469083428383,0.7809570524841547,0.08,0.35,0.05,0.45,1.2,19.829987126030026,865648.143226295,865648.147791294
435,eye1,pmrnet,loop,13.028128072619438,0.02,0.34939905162900686,3.839288023300469,0.3467960050329566,0.08,0.35,0.05,0.45,1.2,19.71361115258187,865648.151238369,865648.155774093
436,eye1,pmrnet,loop,13.364559039473534,0.02,0.3920099698007107,3.672088962048292,0.8855549385771155,0.08,0.35,0.05,0.45,1.2,20.46421290989965,865648.159229682,865648.164179644
437,eye1,pmrnet,loop,12.745913933031261,0.02,0.28544000815600157,3.347654012031853,0.3369390033185482,0.08,0.35,0.05,0.45,1.2,18.865946956537663,865648.167659703,865648.17162999
438,eye1,pmrnet,loop,13.738416018895805,0.02,0.3561810590326786,4.356626886874437,0.7454659789800644,0.08,0.35,0.05,0.45,1.2,21.346689943782984,865648.175232578,865648.180691089
439,eye1,pmrnet,loop,13.644916005432606,0.02,0.3830809146165848,3.564031096175313,1.4834930188953876,0.08,0.35,0.05,0.45,1.2,21.22552103511989,865648.183235875,865648.188666741
440,eye1,pmrnet,loop,13.127773068845272,0.02,0.4339379956945777,3.7453119875863194,0.7587650325149298,0.08,0.35,0.05,0.45,1.2,20.215788084641098,865648.191280576,865648.196218836
441,eye1,pmrnet,loop,12.472267961129546,0.02,0.34037698060274124,3.7119940388947725,0.3426800249144435,0.08,0.35,0.05,0.45,1.2,19.017319005541502,865648.199236929,865648.203632248
442,eye1,pmrnet,loop,12.28098792489618,0.02,0.3258389187976718,3.644963027909398,0.3132789861410856,0.08,0.35,0.05,0.45,1.2,18.715068857744335,865648.207225725,865648.211510054
443,eye1,pmrnet,loop,13.84459703695029,0.02,0.3860259894281626,4.316754988394678,1.1946189915761352,0.08,0.35,0.05,0.45,1.2,21.891997006349264,865648.215244451,865648.221142142
446,eye0,pmrnet,loop,14.250845997594297,0.02,0.40402100421488285,3.7459160666912794,1.0138519573956728,0.08,0.35,0.05,0.45,1.2,21.56463502589613,865648.198392962,865648.203557013
447,eye0,pmrnet,loop,14.086410985328257,0.02,0.36150903906673193,3.713359939865768,1.015283982269466,0.08,0.35,0.05,0.45,1.2,21.32656394653022,865648.206371157,865648.211461548
448,eye0,pmrnet,loop,15.749769983813167,0.02,0.8309619734063745,5.624838056974113,0.3561109770089388,0.08,0.35,0.05,0.45,1.2,24.71168099120259,865648.214380967,865648.221193379
449,eye0,pmrnet,loop,13.245646026916802,0.02,0.3160060150548816,3.568795043975115,0.5276290467008948,0.08,0.35,0.05,0.45,1.2,19.80807613264769,865648.222346081,865648.226758782
450,eye0,pmrnet,loop,12.945510912686586,0.02,0.34586701076477766,3.2946369610726833,0.5210470408201218,0.08,0.35,0.05,0.45,1.2,19.257061925344168,865648.230365813,865648.234527612
451,eye0,pmrnet,loop,16.097803018055856,0.02,0.5197550635784864,6.269959034398198,0.5709100514650345,0.08,0.35,0.05,0.45,1.2,25.608427167497574,865648.238387848,865648.245748967
452,eye0,pmrnet,loop,17.116339993663132,0.02,0.4796719877049327,7.359723909758031,0.6100030150264502,0.08,0.35,0.05,0.45,1.2,27.715738906152545,865648.246385812,865648.254835623
453,eye0,pmrnet,loop,19.162126001901925,0.02,0.720356940291822,7.312498986721039,0.45068003237247467,0.08,0.35,0.05,0.45,1.2,29.79566196128726,865648.256467371,865648.26495129
454,eye0,pmrnet,loop,15.061425976455212,0.02,0.35361305344849825,3.2706320052966475,0.22482709027826786,0.08,0.35,0.05,0.45,1.2,21.060498125478624,865648.265069977,865648.268919322
455,eye0,pmrnet,loop,12.558616930618882,0.02,0.7624570280313492,3.150339936837554,0.21891796495765448,0.08,0.35,0.05,0.45,1.2,18.84033186044544,865648.270353745,865648.274485674
456,eye0,pmrnet,loop,19.351413007825613,0.02,0.5540020065382123,9.949232917279005,0.4309120122343302,0.08,0.35,0.05,0.45,1.2,32.43555994387716,865648.278411293,865648.289346102
457,eye0,pmrnet,loop,23.02169508766383,0.02,0.5360939539968967,9.710520971566439,1.2631489662453532,0.08,0.35,0.05,0.45,1.2,36.68145897947252,865648.289574381,865648.301084931
459,eye0,pmrnet,loop,19.23402596730739,0.02,0.5346689140424132,9.843606036156416,0.6052539683878422,0.08,0.35,0.05,0.45,1.2,32.36755488589406,865648.302452437,865648.313436653
460,eye0,pmrnet,loop,15.731796040199697,0.02,0.4916839534416795,3.423204063437879,0.5199940642341971,0.08,0.35,0.05,0.45,1.2,22.31667812131345,865648.313564617,865648.317999762
461,eye0,pmrnet,loop,21.30309399217367,0.02,0.5667959339916706,9.881865000352263,0.517355976626277,0.08,0.35,0.05,0.45,1.2,34.41911090314388,865648.320676766,865648.331643458
462,eye0,pmrnet,loop,24.66491307131946,0.02,0.5081640556454659,10.048512020148337,0.6851919461041689,0.08,0.35,0.05,0.45,1.2,38.05678109321743,865648.331831587,865648.343073929
464,eye0,pmrnet,loop,19.709145999513566,0.02,0.5274279974400997,9.344208985567093,0.27483305893838406,0.08,0.35,0.05,0.45,1.2,32.00561604145914,865648.344109847,865648.354256925
465,eye0,pmrnet,loop,16.908249002881348,0.02,0.38367894012480974,3.6071889335289598,1.1642379686236382,0.08,0.35,0.05,0.45,1.2,24.213354845158754,865648.354369314,865648.359524713
466,eye0,pmrnet,loop,13.357022078707814,0.02,0.409828033298254,3.579339012503624,0.38541597314178944,0.08,0.35,0.05,0.45,1.2,19.88160509765148,865648.359668117,865648.364042947
467,eye0,pmrnet,loop,16.711367992684245,0.02,0.358960940502584,3.6856919759884477,1.0803199838846922,0.08,0.35,0.05,0.45,1.2,23.986340893059968,865648.370342306,865648.375467517
468,eye0,pmrnet,loop,22.61999191250652,0.02,0.5633500404655933,9.972012019716203,0.5104760639369488,0.08,0.35,0.05,0.45,1.2,35.815830036625265,865648.378398,865648.389444316
469,eye0,pmrnet,loop,19.957507960498333,0.02,0.4100600490346551,3.3580540912225842,0.4446550738066435,0.08,0.35,0.05,0.45,1.2,26.320277174562214,865648.390638618,865648.394851646
470,eye0,pmrnet,loop,16.160357045009732,0.02,0.3626779653131962,3.176481928676367,0.6218350026756525,0.08,0.35,0.05,0.45,1.2,22.471351941674946,865648.39496199,865648.399123233
471,eye0,pmrnet,loop,15.89015603531152,0.02,0.3987520467489958,3.533173003233969,0.592131051234901,0.08,0.35,0.05,0.45,1.2,22.564212136529385,865648.402397898,865648.406922252
472,eye0,pmrnet,loop,20.122814923524857,0.02,0.4954170435667038,8.11087095644325,0.24288799613714218,0.08,0.35,0.05,0.45,1.2,31.12199091967195,865648.410373797,865648.419223481
473,eye0,pmrnet,loop,18.20268901064992,0.02,0.39022904820740223,3.578400006517768,2.0496369106695056,0.08,0.35,0.05,0.45,1.2,26.370954976044594,865648.419354121,865648.425372629
474,eye0,pmrnet,loop,17.91719696484506,0.02,0.5291189299896359,5.467838956974447,0.4535889020189643,0.08,0.35,0.05,0.45,1.2,26.517743753828107,865648.426705236,865648.433156158
475,eye0,pmrnet,loop,15.982880024239421,0.02,0.319780083373189,3.2745979260653257,1.348877907730639,0.08,0.35,0.05,0.45,1.2,23.076135941408573,865648.434347387,865648.439290906
476,eye0,pmrnet,loop,20.016359048895538,0.02,0.36339706275612116,8.250529994256794,0.3955930005759001,0.08,0.35,0.05,0.45,1.2,31.175879106484352,865648.442382529,865648.451392467
477,eye0,pmrnet,loop,24.650468956679106,0.02,0.5572129739448428,10.00964397098869,1.2776819057762623,0.08,0.35,0.05,0.45,1.2,38.6450078073889,865648.452250104,865648.464095161
478,eye0,pmrnet,loop,25.64381994307041,0.02,0.7327760104089975,7.893816917203367,0.22086105309426785,0.08,0.35,0.05,0.45,1.2,36.64127392377704,865648.464310898,865648.473158909
479,eye0,pmrnet,loop,32.00977295637131,0.02,0.6483299657702446,11.22075505554676,1.5544999623671174,0.08,0.35,0.05,0.45,1.2,47.583357940055436,865648.474168151,865648.48759222
481,eye0,pmrnet,loop,26.473653968423605,0.02,0.5407199496403337,9.456352097913623,0.38727803621441126,0.08,0.35,0.05,0.45,1.2,39.00800405219197,865648.487810103,865648.498195003
483,eye0,pmrnet,loop,17.506837961263955,0.02,0.38553401827812195,3.942825016565621,0.43195695616304874,0.08,0.35,0.05,0.45,1.2,24.417153952270745,865648.500606112,865648.505366682
484,eye0,pmrnet,loop,20.753010059706867,0.02,0.3267889842391014,9.484778973273933,0.4963950486853719,0.08,0.35,0.05,0.45,1.2,33.21097306590528,865648.506373352,865648.516681652
485,eye0,pmrnet,loop,18.069515004754066,0.02,0.7978619541972876,3.3344920957461,0.24905893951654434,0.08,0.35,0.05,0.45,1.2,24.600927994213997,865648.517685963,865648.522067615
486,eye0,pmrnet,loop,15.558345010504127,0.02,0.31242892146110535,3.540828009136021,0.9320770623162389,0.08,0.35,0.05,0.45,1.2,22.49367900341749,865648.522839975,865648.527625571
487,eye0,pmrnet,loop,14.032023958861828,0.02,0.3582180943340063,3.20265197660774,0.21667906548827887,0.08,0.35,0.05,0.45,1.2,19.95957309529185,865648.530390285,865648.534168164
488,eye0,pmrnet,loop,21.533358027227223,0.02,0.4913690499961376,10.277229943312705,0.5624369950965047,0.08,0.35,0.05,0.45,1.2,35.01439401563257,865648.538405455,865648.549736974
489,eye0,pmrnet,loop,22.500275052152574,0.02,2.267322037369013,5.270189023576677,1.280809985473752,0.08,0.35,0.05,0.45,1.2,33.46859609857202,865648.549955026,865648.558773902
490,eye0,pmrnet,loop,26.724585914053023,0.02,0.6104640197008848,8.506393060088158,0.243519083596766,0.08,0.35,0.05,0.45,1.2,38.23496207743883,865648.561706789,865648.571067607
492,eye0,pmrnet,loop,18.78795202355832,0.02,3.936090972274542,3.4650680609047413,0.6792270578444004,0.08,0.35,0.05,0.45,1.2,29.018338114582,865648.571188361,865648.579269038
493,eye0,pmrnet,loop,18.471768009476364,0.02,0.3963459748774767,3.6834930069744587,0.8787070401012897,0.08,0.35,0.05,0.45,1.2,25.580314031429587,865648.582062791,865648.587021655
494,eye0,pmrnet,loop,14.529981068335474,0.02,0.32774696592241526,3.246527980081737,0.42461801785975695,0.08,0.35,0.05,0.45,1.2,20.67887403219938,865648.58714991,865648.591149113
495,eye0,pmrnet,loop,15.325514017604291,0.02,0.3335940418764949,3.6078039556741714,1.6604969277977943,0.08,0.35,0.05,0.45,1.2,23.07740894295275,865648.594411359,865648.600013598
496,eye0,pmrnet,loop,22.443855996243656,0.02,0.5792200099676847,10.04848803859204,0.7222190033644438,0.08,0.35,0.05,0.45,1.2,35.94378304816782,865648.603849643,865648.615200199
497,eye0,pmrnet,loop,27.086318004876375,0.02,0.5071429768577218,10.46476699411869,1.5387400053441525,0.08,0.35,0.05,0.45,1.2,41.74696798119694,865648.615399746,865648.62791084
499,eye0,pmrnet,loop,17.48216792475432,0.02,0.3787589957937598,3.3202619524672627,1.4513609930872917,0.08,0.35,0.05,0.45,1.2,24.782549866102634,865648.629295504,865648.634446287
500,eye0,pmrnet,loop,14.595670974813402,0.02,0.3731789765879512,4.1408350225538015,0.5494720535352826,0.08,0.35,0.05,0.45,1.2,21.809157027490436,865648.63456511,865648.639628891
501,eye0,pmrnet,loop,16.082637943327427,0.02,0.37470797542482615,5.44257799629122,0.9670470608398318,0.08,0.35,0.05,0.45,1.2,25.016970975883304,865648.642399833,865648.64918445
444,eye1,pmrnet,loop,17.523513990454376,0.02,0.4946369444951415,8.259886992163956,0.8510450134053826,0.08,0.35,0.05,0.45,1.2,29.279082940518855,865648.223284038,865648.232890157
445,eye1,pmrnet,loop,20.197699079290032,0.02,0.4631640622392297,9.6274089301005,0.4805339267477393,0.08,0.35,0.05,0.45,1.2,32.9188059983775,865648.233061423,865648.243633022
446,eye1,pmrnet,loop,24.439495988190174,0.02,1.1786490213125944,9.53358004335314,0.3993990831077099,0.08,0.35,0.05,0.45,1.2,37.70112413596362,865648.24483097,865648.255943138
448,eye1,pmrnet,loop,17.137145972810686,0.02,0.5477350205183029,7.226852001622319,0.8528969483450055,0.08,0.35,0.05,0.45,1.2,27.914629943296312,865648.256151832,865648.264779871
449,eye1,pmrnet,loop,18.32181098870933,0.02,1.7585100140422583,4.280781024135649,0.7585249841213226,0.08,0.35,0.05,0.45,1.2,27.26962701100856,865648.267235555,865648.274033631
450,eye1,pmrnet,loop,15.942288911901414,0.02,0.33619196619838476,3.6136509152129292,0.5281479097902775,0.08,0.35,0.05,0.45,1.2,22.570279703103004,865648.27524455,865648.279722828
451,eye1,pmrnet,loop,15.849672956392169,0.02,0.43155800085514784,3.5751069663092494,0.4377668956294656,0.08,0.35,0.05,0.45,1.2,22.44410481918603,865648.283254383,865648.287699153
452,eye1,pmrnet,loop,21.852473029866815,0.02,0.6200720090419054,9.565370972268283,0.28329307679086924,0.08,0.35,0.05,0.45,1.2,34.47120908796787,865648.291301048,865648.301770359
453,eye1,pmrnet,loop,18.40419799555093,0.02,0.39857893716543913,3.5522179678082466,0.5138099659234285,0.08,0.35,0.05,0.45,1.2,25.018804866448043,865648.301926705,865648.306391667
454,eye1,pmrnet,loop,22.113650105893612,0.02,0.5035760113969445,9.854536037892103,0.4343530163168907,0.08,0.35,0.05,0.45,1.2,35.05611517149955,865648.307376423,865648.31816939
455,eye1,pmrnet,loop,25.654307915829122,0.02,0.5497649544849992,10.265935095958412,0.54388795979321,0.08,0.35,0.05,0.45,1.2,39.16389592606574,865648.318419128,865648.329779365
456,eye1,pmrnet,loop,24.102443014271557,0.02,0.5331470165401697,4.420286044478416,0.4233280196785927,0.08,0.35,0.05,0.45,1.2,31.629204094968735,865648.330920224,865648.336297482
457,eye1,pmrnet,loop,20.129443029873073,0.02,0.3451440716162324,3.211407922208309,0.43072598055005074,0.08,0.35,0.05,0.45,1.2,26.266721004247664,865648.336405843,865648.340393415
458,eye1,pmrnet,loop,16.50602207519114,0.02,0.3484149929136038,3.5251269582659006,0.46067999210208654,0.08,0.35,0.05,0.45,1.2,22.99024401847273,865648.340504276,865648.344838874
459,eye1,pmrnet,loop,15.027992893010378,0.02,0.3503470215946436,3.4596469486132264,0.3737380029633641,0.08,0.35,0.05,0.45,1.2,21.36172486618161,865648.347245889,865648.351429896
460,eye1,pmrnet,loop,15.09160699788481,0.02,0.3511509858071804,3.6323750391602516,0.361358979716897,0.08,0.35,0.05,0.45,1.2,21.586492002569138,865648.355217139,865648.359562316
461,eye1,pmrnet,loop,14.702357002533972,0.02,0.3655989421531558,3.3854079665616155,0.23240491282194853,0.08,0.35,0.05,0.45,1.2,20.83576882407069,865648.363258385,865648.367242183
462,eye1,pmrnet,loop,14.92958702147007,0.02,0.36365806590765715,3.609318984672427,0.33631292171776295,0.08,0.35,0.05,0.45,1.2,21.388876993767916,865648.37122889,865648.375538489
463,eye1,pmrnet,loop,21.365302032791078,0.02,0.5582110024988651,9.766905917786062,0.40711695328354836,0.08,0.35,0.05,0.45,1.2,34.24753590635955,865648.37931002,865648.390042878
464,eye1,pmrnet,loop,23.614357924088836,0.02,0.48668403178453445,9.36466595157981,0.2509410260245204,0.08,0.35,0.05,0.45,1.2,35.8666489334777,865648.390258198,865648.400360895
465,eye1,pmrnet,loop,22.176012978889048,0.02,0.6355270743370056,4.455109941773117,0.3407290205359459,0.08,0.35,0.05,0.45,1.2,29.757379015535115,865648.401559803,865648.406991572
466,eye1,pmrnet,loop,18.089357996359468,0.02,0.3690889570862055,3.2956120558083057,0.19325094763189554,0.08,0.35,0.05,0.45,1.2,24.097309956885873,865648.407115849,865648.410974116
467,eye1,pmrnet,loop,15.083700069226325,0.02,0.3129310207441449,3.7430879892781377,0.5952800856903195,0.08,0.35,0.05,0.45,1.2,21.884999164938925,865648.411386243,865648.416037764
468,eye1,pmrnet,loop,16.410203999839723,0.02,0.38892298471182585,4.723001969978213,1.065861084498465,0.08,0.35,0.05,0.45,1.2,24.737990039028226,865648.419254819,865648.425432894
469,eye1,pmrnet,loop,15.857388963922858,0.02,0.3482659813016653,4.222866031341255,1.1305409716442227,0.08,0.35,0.05,0.45,1.2,23.70906194821,865648.427247296,865648.432949229
470,eye1,pmrnet,loop,14.196039992384613,0.02,0.3376969834789634,3.442718996666372,0.3470820374786854,0.08,0.35,0.05,0.45,1.2,20.47353801000863,865648.435229149,865648.439356901
471,eye1,pmrnet,loop,14.566080993972719,0.02,0.36280194763094187,3.562126075848937,0.6270150188356638,0.08,0.35,0.05,0.45,1.2,21.26802403628826,865648.443243849,865648.447796053
472,eye1,pmrnet,loop,14.508842024952173,0.02,0.37648004945367575,3.7173390155658126,0.47086901031434536,0.08,0.35,0.05,0.45,1.2,21.223530100286006,865648.451242841,865648.455807781
474,eye1,pmrnet,loop,13.896708027459681,0.02,0.37492101546376944,3.331460990011692,0.3843459999188781,0.08,0.35,0.05,0.45,1.2,20.13743603285402,865648.467242831,865648.471333845
476,eye1,pmrnet,loop,13.918213080614805,0.02,0.4110550507903099,3.500123042613268,0.3333650529384613,0.08,0.35,0.05,0.45,1.2,20.312756226956843,865648.483248597,865648.487493584
477,eye1,pmrnet,loop,13.588091009296477,0.02,0.3353639040142298,3.2702790340408683,0.3666989505290985,0.08,0.35,0.05,0.45,1.2,19.710432897880672,865648.491260202,865648.495232801
478,eye1,pmrnet,loop,20.329035934992135,0.02,0.5398730281740427,9.708523051813245,0.4644369473680854,0.08,0.35,0.05,0.45,1.2,33.191868962347506,865648.499329146,865648.510042527
479,eye1,pmrnet,loop,20.00600704923272,0.02,0.4663859726861119,6.836542976088822,0.24586997460573912,0.08,0.35,0.05,0.45,1.2,29.704805972613393,865648.510239371,865648.517788652
480,eye1,pmrnet,loop,28.0303789768368,0.02,0.580133986659348,9.862131089903414,0.5972760263830423,0.08,0.35,0.05,0.45,1.2,41.219920079782604,865648.522841411,865648.533881749
482,eye1,pmrnet,loop,22.34540891367942,0.02,0.46150293201208115,9.338470990769565,0.463442993350327,0.08,0.35,0.05,0.45,1.2,34.75882582981139,865648.534070505,865648.544334557
483,eye1,pmrnet,loop,21.75983297638595,0.02,0.5433839978650212,5.431376048363745,0.2036419464275241,0.08,0.35,0.05,0.45,1.2,30.08823496904224,865648.54563973,865648.551818577
484,eye1,pmrnet,loop,18.456786056049168,0.02,0.37249899469316006,3.7148139672353864,0.5552779184654355,0.08,0.35,0.05,0.45,1.2,25.24937693644315,865648.55194189,865648.556584726
485,eye1,pmrnet,loop,14.21511301305145,0.02,0.34732394851744175,3.163580084219575,0.20332494750618935,0.08,0.35,0.05,0.45,1.2,20.079341993294655,865648.556697266,865648.560411784
486,eye1,pmrnet,loop,13.366065919399261,0.02,0.48704096116125584,3.446049988269806,0.42335898615419865,0.08,0.35,0.05,0.45,1.2,19.87251585498452,865648.563275189,865648.567631921
487,eye1,pmrnet,loop,19.307113951072097,0.02,0.49608503468334675,9.504188084974885,0.36858394742012024,0.08,0.35,0.05,0.45,1.2,31.825971018150447,865648.571271571,865648.581640943
488,eye1,pmrnet,loop,21.845784038305283,0.02,0.5998729029670358,9.33689996600151,0.4631589399650693,0.08,0.35,0.05,0.45,1.2,34.3957158472389,865648.581849369,865648.592249865
489,eye1,pmrnet,loop,21.60907199140638,0.02,1.296366099268198,4.575091996230185,0.5974220111966133,0.08,0.35,0.05,0.45,1.2,30.227952098101376,865648.593612974,865648.600082127
490,eye1,pmrnet,loop,17.72690110374242,0.02,0.36727392580360174,3.460115985944867,0.2449799794703722,0.08,0.35,0.05,0.45,1.2,23.94927099496126,865648.600195921,865648.604268512
491,eye1,pmrnet,loop,14.575743931345642,0.02,0.3556140000000596,3.909621969796717,0.527527998201549,0.08,0.35,0.05,0.45,1.2,21.518507899343966,865648.604393667,865648.609186683
492,eye1,pmrnet,loop,19.413569942116737,0.02,0.5483709974214435,9.825830929912627,0.44845801312476397,0.08,0.35,0.05,0.45,1.2,32.38622988257557,865648.611269439,865648.622092568
493,eye1,pmrnet,loop,17.089596018195152,0.02,1.8165899673476815,3.3578849397599697,0.35755091812461615,0.08,0.35,0.05,0.45,1.2,24.77162184342742,865648.622306164,865648.627838539
494,eye1,pmrnet,loop,15.674508991651237,0.02,0.355008989572525,4.704018007032573,0.42375701013952494,0.08,0.35,0.05,0.45,1.2,23.30729299839586,865648.629009595,865648.634492601
495,eye1,pmrnet,loop,12.81712600030005,0.02,0.3175509627908468,3.806913970038295,0.3320039249956608,0.08,0.35,0.05,0.45,1.2,19.42359485812485,865648.63524758,865648.639704302
496,eye1,pmrnet,loop,14.243672019802034,0.02,0.3389819758012891,4.993424983695149,0.6267640274018049,0.08,0.35,0.05,0.45,1.2,22.352843006700276,865648.6432397,865648.649199094
497,eye1,pmrnet,loop,18.832047004252672,0.02,0.514378072693944,9.704950032755733,0.34258700907230377,0.08,0.35,0.05,0.45,1.2,31.54396211877465,865648.651294139,865648.661856516
502,eye0,pmrnet,loop,20.840729004703462,0.02,0.5454560741782188,9.883440914563835,0.7590199820697308,0.08,0.35,0.05,0.45,1.2,34.178645975515245,865648.650822574,865648.662011107
503,eye0,pmrnet,loop,24.1409910377115,0.02,0.5367909325286746,9.904613951221108,0.5531860515475273,0.08,0.35,0.05,0.45,1.2,37.28558197300881,865648.662382041,865648.673380482
505,eye0,pmrnet,loop,21.99862594716251,0.02,0.5036200163885951,10.579193942248821,1.729529001750052,0.08,0.35,0.05,0.45,1.2,36.960968907549976,865648.674562403,865648.687375383
506,eye0,pmrnet,loop,25.273396051488817,0.02,0.5393580067902803,9.977541049011052,0.6087799556553364,0.08,0.35,0.05,0.45,1.2,38.549075062945484,865648.687593482,865648.698719729
508,eye0,pmrnet,loop,18.09363905340433,0.02,0.5054130451753736,7.271499955095351,0.2718479372560978,0.08,0.35,0.05,0.45,1.2,28.292399990931152,865648.699630127,865648.707679273
509,eye0,pmrnet,loop,15.335817006416619,0.02,1.2985869543626904,3.3158930018544197,0.5551229696720839,0.08,0.35,0.05,0.45,1.2,22.65541993230581,865648.707820635,865648.712990492
510,eye0,pmrnet,loop,13.118908042088151,0.02,0.3349300241097808,3.539200988598168,0.582454027608037,0.08,0.35,0.05,0.45,1.2,19.725493082404135,865648.71438582,865648.718842718
511,eye0,pmrnet,loop,19.483531010337174,0.02,0.5341649521142244,9.746748954057693,0.5734799196943641,0.08,0.35,0.05,0.45,1.2,32.487924836203455,865648.722420653,865648.733275548
512,eye0,pmrnet,loop,22.702904068864882,0.02,0.6107819499447942,9.852929040789604,0.619333004578948,0.08,0.35,0.05,0.45,1.2,35.93594806417823,865648.733479181,865648.744562771
514,eye0,pmrnet,loop,21.551718935370445,0.02,0.7227839669212699,9.884997038170695,0.5032379413023591,0.08,0.35,0.05,0.45,1.2,34.81273788176477,865648.748439249,865648.759550817
515,eye0,pmrnet,loop,22.0722520025447,0.02,0.5979869747534394,7.268339046277106,0.5347130354493856,0.08,0.35,0.05,0.45,1.2,32.62329105902463,865648.759739517,865648.768140992
516,eye0,pmrnet,loop,18.984875991009176,0.02,0.45918195974081755,3.3988659270107746,0.40982593782246113,0.08,0.35,0.05,0.45,1.2,25.402749815583228,865648.768854814,865648.773122974
517,eye0,pmrnet,loop,15.185343101620674,0.02,0.34647202119231224,3.401041030883789,0.4063569940626621,0.08,0.35,0.05,0.45,1.2,21.489213147759436,865648.773238389,865648.777392492
518,eye0,pmrnet,loop,12.490259949117899,0.02,0.6140420446172357,3.165394999086857,0.5594049580395222,0.08,0.35,0.05,0.45,1.2,18.979101950861512,865648.778427175,865648.782766284
519,eye0,pmrnet,loop,16.461285995319486,0.02,0.4033499862998724,7.501621963456273,0.495914020575583,0.08,0.35,0.05,0.45,1.2,27.012171965651213,865648.786404296,865648.794805593
520,eye0,pmrnet,loop,14.166023000143468,0.02,1.2807379243895411,3.1342629808932543,0.2384479157626629,0.08,0.35,0.05,0.45,1.2,20.969471821188925,865648.795926139,865648.800580059
521,eye0,pmrnet,loop,11.97572099044919,0.02,0.34814595710486174,3.3243739744648337,0.3879329888150096,0.08,0.35,0.05,0.45,1.2,18.186173910833894,865648.802397865,865648.806458591
522,eye0,pmrnet,loop,12.980486964806914,0.02,0.38896803744137287,3.8338969461619854,0.8851230377331376,0.08,0.35,0.05,0.45,1.2,20.23847498614341,865648.810424065,865648.815532316
523,eye0,pmrnet,loop,21.01046999450773,0.02,0.5134179955348372,10.96907805185765,1.7559119733050466,0.08,0.35,0.05,0.45,1.2,36.39887801520526,865648.818390974,865648.831629955
524,eye0,pmrnet,loop,23.77033606171608,0.02,0.5279680481180549,9.430106962099671,0.6514720153063536,0.08,0.35,0.05,0.45,1.2,36.52988308724016,865648.831849745,865648.842459838
525,eye0,pmrnet,loop,27.707462082616985,0.02,0.552927958779037,7.820143015123904,0.24770305026322603,0.08,0.35,0.05,0.45,1.2,38.47823610678315,865648.845844757,865648.854466083
527,eye0,pmrnet,loop,15.961128985509276,0.02,0.3330659819766879,3.355809021741152,0.5738950567319989,0.08,0.35,0.05,0.45,1.2,22.373899045959114,865648.85459488,865648.858858029
528,eye0,pmrnet,loop,17.1676860190928,0.02,0.3442459274083376,3.881559008732438,1.5196360182017088,0.08,0.35,0.05,0.45,1.2,25.06312697343528,865648.862387555,865648.86813322
529,eye0,pmrnet,loop,19.12979199551046,0.02,0.5429961020126939,6.794923916459084,0.4184950375929475,0.08,0.35,0.05,0.45,1.2,29.036207051575182,865648.870407784,865648.878164707
530,eye0,pmrnet,loop,22.082715993747115,0.02,0.5009539891034365,9.776527993381023,0.49914303235709667,0.08,0.35,0.05,0.45,1.2,35.00934100858867,865648.878408206,865648.889185326
531,eye0,pmrnet,loop,19.222441012971103,0.02,0.4061750369146466,3.3300359500572085,0.49794302321970463,0.08,0.35,0.05,0.45,1.2,25.60659502316266,865648.890161114,865648.894395616
532,eye0,pmrnet,loop,15.653125941753387,0.02,0.33736799377948046,3.4113010624423623,0.6342779379338026,0.08,0.35,0.05,0.45,1.2,22.18607293590903,865648.89451199,865648.898895197
533,eye0,pmrnet,loop,18.0631730472669,0.02,0.33208495005965233,5.847151973284781,0.7772459648549557,0.08,0.35,0.05,0.45,1.2,27.169655935466288,865648.902417025,865648.909373764
534,eye0,pmrnet,loop,15.24962903931737,0.02,0.3445929614827037,3.347813035361469,0.5485740257427096,0.08,0.35,0.05,0.45,1.2,21.64060906190425,865648.910388344,865648.91462961
535,eye0,pmrnet,loop,16.15879195742309,0.02,0.33951899968087673,4.057642072439194,0.8267230587080121,0.08,0.35,0.05,0.45,1.2,23.532676088251172,865648.918383369,865648.923607561
536,eye0,pmrnet,loop,17.389983986504376,0.02,0.3770750481635332,5.64041396137327,0.4935970064252615,0.08,0.35,0.05,0.45,1.2,26.05107000246644,865648.926396209,865648.932907743
537,eye0,pmrnet,loop,21.497944020666182,0.02,0.5227519432082772,9.615465067327023,0.5080520641058683,0.08,0.35,0.05,0.45,1.2,34.29421309530735,865648.934437693,865648.945084581
538,eye0,pmrnet,loop,24.84935207758099,0.02,0.905929016880691,9.783411049284041,0.5188080249354243,0.08,0.35,0.05,0.45,1.2,38.20750016868114,865648.945295648,865648.956504351
539,eye0,pmrnet,loop,28.93523301463574,0.02,0.6066120695322752,9.864601073786616,0.48534502275288105,0.08,0.35,0.05,0.45,1.2,42.04179118070751,865648.957702344,865648.968659473
541,eye0,pmrnet,loop,17.730216961354017,0.02,0.5342098884284496,3.9367470890283585,0.2539149718359113,0.08,0.35,0.05,0.45,1.2,24.605088910646735,865648.96886797,865648.973593302
542,eye0,pmrnet,loop,21.441449993290007,0.02,0.48437202349305153,9.752951911650598,0.498636974953115,0.08,0.35,0.05,0.45,1.2,34.32741090338677,865648.974636492,865648.985372961
543,eye0,pmrnet,loop,18.928057048469782,0.02,0.3576769959181547,4.154435941018164,0.4653909709304571,0.08,0.35,0.05,0.45,1.2,26.055560956336556,865648.985950204,865648.990928044
544,eye0,pmrnet,loop,22.424204973503947,0.02,0.511383987031877,9.593044989742339,0.3712379839271307,0.08,0.35,0.05,0.45,1.2,35.04987193420529,865648.992017647,865649.002493889
545,eye0,pmrnet,loop,25.7148880045861,0.02,1.1562129948288202,9.601261001080275,0.41533797048032284,0.08,0.35,0.05,0.45,1.2,39.03769997097552,865649.002679713,865649.013853021
547,eye0,pmrnet,loop,15.081344055943191,0.02,0.5963880103081465,3.282123012468219,0.53178402595222,0.08,0.35,0.05,0.45,1.2,21.641639104671775,865649.014947821,865649.019358448
548,eye0,pmrnet,loop,14.186145039275289,0.02,0.3659001085907221,3.4325800370424986,0.34777307882905006,0.08,0.35,0.05,0.45,1.2,20.482398263737558,865649.022386651,865649.026533153
549,eye0,pmrnet,loop,15.373225905932486,0.02,0.3864449681714177,3.938811016269028,1.059190952219069,0.08,0.35,0.05,0.45,1.2,22.907672842592,865649.030404327,865649.035789266
550,eye0,pmrnet,loop,21.562753012403846,0.02,0.5119879497215152,9.90774400997907,1.217596000060439,0.08,0.35,0.05,0.45,1.2,35.35008097216487,865649.03840866,865649.050046546
551,eye0,pmrnet,loop,24.709039949811995,0.02,0.9363669669255614,9.611269924789667,0.4642009735107422,0.08,0.35,0.05,0.45,1.2,37.870877815037964,865649.050249943,865649.061262333
553,eye0,pmrnet,loop,20.610363106243312,0.02,0.6336530204862356,9.645165060646832,0.49153598956763744,0.08,0.35,0.05,0.45,1.2,33.53071717694402,865649.062530844,865649.073301784
554,eye0,pmrnet,loop,23.52334896568209,0.02,0.48859301023185253,9.25911997910589,1.038230024278164,0.08,0.35,0.05,0.45,1.2,36.459291979297994,865649.073497306,865649.084283842
556,eye0,pmrnet,loop,22.960465983487666,0.02,0.5710789700970054,9.598263073712587,0.4471299471333623,0.08,0.35,0.05,0.45,1.2,35.72693797443062,865649.089241717,865649.099858891
557,eye0,pmrnet,loop,24.452039040625095,0.02,0.47393899876624346,8.511508000083268,0.3908410435542464,0.08,0.35,0.05,0.45,1.2,35.97832708302885,865649.100042517,865649.109419408
559,eye0,pmrnet,loop,19.44286492653191,0.02,0.5900759715586901,8.800682029686868,0.4725739127025008,0.08,0.35,0.05,0.45,1.2,31.45619684047997,865649.110685183,865649.120548904
560,eye0,pmrnet,loop,15.405016019940376,0.02,0.3481860039755702,3.3480070997029543,0.22649101447314024,0.08,0.35,0.05,0.45,1.2,21.47770013809204,865649.120657073,865649.124580057
499,eye1,pmrnet,loop,23.289169068448246,0.02,0.510897021740675,7.034848909825087,0.5549989873543382,0.08,0.35,0.05,0.45,1.2,33.53991398736835,865648.674350274,865648.682451551
501,eye1,pmrnet,loop,16.135999001562595,0.02,0.34579902421683073,3.287225030362606,0.5106960888952017,0.08,0.35,0.05,0.45,1.2,22.429719145037232,865648.687292716,865648.691436719
502,eye1,pmrnet,loop,18.89543200377375,0.02,0.47604599967598915,9.141674032434821,0.39414200000464916,0.08,0.35,0.05,0.45,1.2,31.057294035889207,865648.692252453,865648.702264937
503,eye1,pmrnet,loop,15.796859981492162,0.02,0.332175986841321,3.7688729353249073,0.729336985386908,0.08,0.35,0.05,0.45,1.2,22.777245889045297,865648.702404924,865648.707235589
504,eye1,pmrnet,loop,13.16643797326833,0.02,0.3510109381750226,3.882913035340607,1.0603349655866623,0.08,0.35,0.05,0.45,1.2,20.61069691237062,865648.707379855,865648.712674354
505,eye1,pmrnet,loop,18.51727394387126,0.02,0.4976330092176795,9.748644079081714,0.5640009185299277,0.08,0.35,0.05,0.45,1.2,31.47755195070058,865648.715281786,865648.726092606
507,eye1,pmrnet,loop,27.82159496564418,0.02,0.5142240552231669,11.38914201874286,0.8749299449846148,0.08,0.35,0.05,0.45,1.2,42.74989098459482,865648.738756146,865648.751534937
509,eye1,pmrnet,loop,22.98438490834087,0.02,0.5320239579305053,9.489385993219912,1.0454789735376835,0.08,0.35,0.05,0.45,1.2,36.20127383302897,865648.751768686,865648.762836078
510,eye1,pmrnet,loop,27.95663196593523,0.02,0.7144350092858076,10.289452038705349,0.680204015225172,0.08,0.35,0.05,0.45,1.2,41.79072302915156,865648.76419335,865648.775877984
512,eye1,pmrnet,loop,23.047500057145953,0.02,0.589297036640346,10.024468996562064,0.42850407771766186,0.08,0.35,0.05,0.45,1.2,36.23977016806602,865648.776063612,865648.787106337
513,eye1,pmrnet,loop,27.989748981781304,0.02,0.5171579541638494,10.609265067614615,0.84490398876369,0.08,0.35,0.05,0.45,1.2,42.11107599232346,865648.788146092,865648.800117923
515,eye1,pmrnet,loop,23.102559964172542,0.02,0.877307029440999,9.664589073508978,0.5215510027483106,0.08,0.35,0.05,0.45,1.2,36.31600706987083,865648.800305329,865648.81136935
516,eye1,pmrnet,loop,25.992603972554207,0.02,0.40259002707898617,8.659636019729078,0.42354001197963953,0.08,0.35,0.05,0.45,1.2,37.62837003134191,865648.812843143,865648.822329154
517,eye1,pmrnet,loop,22.071431041695178,0.02,0.38495706394314766,3.2371319830417633,0.39621000178158283,0.08,0.35,0.05,0.45,1.2,28.23973009046167,865648.822458568,865648.826477079
519,eye1,pmrnet,loop,15.86577098350972,0.02,0.40192296728491783,3.411811892874539,0.4301950102671981,0.08,0.35,0.05,0.45,1.2,22.259700853936373,865648.832165449,865648.836409653
521,eye1,pmrnet,loop,14.819081989116967,0.02,0.40933408308774233,3.391542937606573,0.42766996193677187,0.08,0.35,0.05,0.45,1.2,21.197628971748053,865648.847272094,865648.85150087
522,eye1,pmrnet,loop,19.651035079732537,0.02,0.5129249766469002,7.063401979394257,1.5381189296022058,0.08,0.35,0.05,0.45,1.2,30.9154809653759,865648.855286687,865648.864401519
523,eye1,pmrnet,loop,16.79211691953242,0.02,0.3966080257669091,4.457367002032697,0.23230607621371746,0.08,0.35,0.05,0.45,1.2,24.02839802354574,865648.864525217,865648.869611714
524,eye1,pmrnet,loop,21.22547896578908,0.02,0.48462499398738146,9.67945100273937,0.6746950093656778,0.08,0.35,0.05,0.45,1.2,34.21424997188151,865648.871275471,865648.882114673
525,eye1,pmrnet,loop,20.030391053296626,0.02,1.7774139996618032,4.5053811045363545,0.47443900257349014,0.08,0.35,0.05,0.45,1.2,28.937625160068272,865648.882230543,865648.888988045
526,eye1,pmrnet,loop,23.222351097501814,0.02,0.5398929351940751,9.339011972770095,0.25384302716702223,0.08,0.35,0.05,0.45,1.2,35.505099032633005,865648.890115981,865648.900249278
527,eye1,pmrnet,loop,19.893647986464202,0.02,0.5419100634753704,3.469723043963313,0.5821189843118191,0.08,0.35,0.05,0.45,1.2,26.637400078214704,865648.900395626,865648.904989636
528,eye1,pmrnet,loop,21.192837972193956,0.02,0.5876959767192602,7.081040996126831,1.5638479962944984,0.08,0.35,0.05,0.45,1.2,32.575422941334544,865648.905124799,865648.914357775
529,eye1,pmrnet,loop,19.041990977711976,0.02,0.3915749257430434,3.6322540836408734,1.1389229912310839,0.08,0.35,0.05,0.45,1.2,26.354742978326975,865648.915112716,865648.920275707
530,eye1,pmrnet,loop,14.865176053717732,0.02,0.3518840530887246,3.2145079458132386,0.211009057238698,0.08,0.35,0.05,0.45,1.2,20.792577109858392,865648.920390073,865648.924167828
531,eye1,pmrnet,loop,15.328393084928393,0.02,0.35505800042301416,3.55307396966964,1.516318996436894,0.08,0.35,0.05,0.45,1.2,22.90284405145794,865648.927275417,865648.932700188
532,eye1,pmrnet,loop,20.435196929611266,0.02,0.5005840212106705,9.581990074366331,0.5005849525332451,0.08,0.35,0.05,0.45,1.2,33.16835597772151,865648.935291777,865648.945875517
533,eye1,pmrnet,loop,25.612424942664802,0.02,2.9918199870735407,9.502370026893914,0.5322280339896679,0.08,0.35,0.05,0.45,1.2,40.78884299062192,865648.946093866,865648.959120961
535,eye1,pmrnet,loop,23.295046063140035,0.02,0.4881819477304816,11.608254048042,0.6275660125538707,0.08,0.35,0.05,0.45,1.2,38.169048071466385,865648.960217357,865648.972941786
536,eye1,pmrnet,loop,25.72878892533481,0.02,0.5026969593018293,9.319797973148525,0.4624039866030216,0.08,0.35,0.05,0.45,1.2,38.163687844388186,865648.973159778,865648.983445233
538,eye1,pmrnet,loop,22.524651954881847,0.02,0.9894419927150011,7.79126409906894,0.3662330564111471,0.08,0.35,0.05,0.45,1.2,33.82159110307693,865648.987231702,865648.996379222
539,eye1,pmrnet,loop,18.885403056629002,0.02,0.3698760410770774,3.5370440455153584,0.38421398494392633,0.08,0.35,0.05,0.45,1.2,25.326537128165363,865648.996517754,865649.000809149
540,eye1,pmrnet,loop,22.549778106622398,0.02,0.4824110073968768,9.830993018113077,0.5993189988657832,0.08,0.35,0.05,0.45,1.2,35.61250113099813,865649.001629207,865649.012542401
541,eye1,pmrnet,loop,21.045896923169494,0.02,0.829411088488996,4.052824922837317,1.5360679244622588,0.08,0.35,0.05,0.45,1.2,29.614200858958064,865649.0126887,865649.019107273
542,eye1,pmrnet,loop,20.34739695955068,0.02,0.5068639293313026,4.54265798907727,1.2808400206267834,0.08,0.35,0.05,0.45,1.2,28.827758898586033,865649.020147519,865649.026478273
543,eye1,pmrnet,loop,16.381187015213072,0.02,0.34087407402694225,3.182293032296002,0.45997893903404474,0.08,0.35,0.05,0.45,1.2,22.51433306057006,865649.026597363,865649.030580865
544,eye1,pmrnet,loop,13.578165089711547,0.02,0.34976203460246325,3.8480079965665936,0.33468997571617365,0.08,0.35,0.05,0.45,1.2,20.260625096596776,865649.031314408,865649.03584722
545,eye1,pmrnet,loop,18.822925980202854,0.02,0.479924026876688,8.889686083421111,0.5037200171500444,0.08,0.35,0.05,0.45,1.2,30.846256107650696,865649.039286424,865649.049160304
546,eye1,pmrnet,loop,15.816253027878702,0.02,0.42299600318074226,3.408087999559939,0.6396300159394741,0.08,0.35,0.05,0.45,1.2,22.436967046558856,865649.049752084,865649.054223108
547,eye1,pmrnet,loop,19.645503954961896,0.02,0.496844993904233,9.747047093696892,0.5613979883491993,0.08,0.35,0.05,0.45,1.2,32.60079403091222,865649.055314534,865649.066120414
548,eye1,pmrnet,loop,22.40214799530804,0.02,0.5017670337110758,9.596663992851973,0.5303850630298257,0.08,0.35,0.05,0.45,1.2,35.180964084900914,865649.066317069,865649.076946472
549,eye1,pmrnet,loop,21.612847107462585,0.02,0.5062529817223549,5.16164000146091,0.5349440034478903,0.08,0.35,0.05,0.45,1.2,29.96568409409374,865649.078023406,865649.084226676
550,eye1,pmrnet,loop,17.531052930280566,0.02,0.3280229866504669,3.2863729866221547,0.24421000853180885,0.08,0.35,0.05,0.45,1.2,23.539658912084995,865649.08435463,865649.088213541
551,eye1,pmrnet,loop,14.37203900422901,0.02,0.36888604518026114,3.560992074199021,0.8496709633618593,0.08,0.35,0.05,0.45,1.2,21.30158808697015,865649.088343936,865649.093123809
552,eye1,pmrnet,loop,12.83249503467232,0.02,0.35517802461981773,3.299228032119572,0.6969330133870244,0.08,0.35,0.05,0.45,1.2,19.333834104798733,865649.095302076,865649.099653636
553,eye1,pmrnet,loop,12.547077029012144,0.02,0.48117898404598236,3.2831371063366532,0.4062410444021225,0.08,0.35,0.05,0.45,1.2,18.8676341637969,865649.103265855,865649.107436844
554,eye1,pmrnet,loop,20.00659389887005,0.02,0.55417709518224,10.433097020722926,0.660730991512537,0.08,0.35,0.05,0.45,1.2,33.80459900628775,865649.111317479,865649.122965995
555,eye1,pmrnet,loop,20.745542948134243,0.02,0.48458005767315626,5.564572988077998,1.694032922387123,0.08,0.35,0.05,0.45,1.2,30.63872891627252,865649.124029924,865649.13177366
556,eye1,pmrnet,loop,16.859679948538542,0.02,0.3660731017589569,3.2311619725078344,0.4457230679690838,0.08,0.35,0.05,0.45,1.2,23.052638090774416,865649.131913879,865649.135957292
557,eye1,pmrnet,loop,13.112443964928389,0.02,0.3273600013926625,3.2796829473227262,0.5930020706728101,0.08,0.35,0.05,0.45,1.2,19.462488984316586,865649.136078747,865649.140279066
561,eye0,pmrnet,loop,19.87606007605791,0.02,0.49525999929755926,9.557527024298906,0.6386799504980445,0.08,0.35,0.05,0.45,1.2,32.71752705015242,865649.126427072,865649.137119185
562,eye0,pmrnet,loop,23.674288066104054,0.02,0.4961449885740876,9.69551200978458,0.5081440322101116,0.08,0.35,0.05,0.45,1.2,36.52408909667283,865649.138286259,865649.148986589
563,eye0,pmrnet,loop,27.74736098945141,0.02,1.624753000214696,9.817183017730713,0.48775796312838793,0.08,0.35,0.05,0.45,1.2,41.827054970525204,865649.14919813,865649.161128307
565,eye0,pmrnet,loop,22.017196053639054,0.02,0.5542380968108773,8.483269019052386,0.28358190320432186,0.08,0.35,0.05,0.45,1.2,33.488285072706645,865649.162215022,865649.171536526
566,eye0,pmrnet,loop,19.7899000486359,0.02,0.3960240865126252,4.765680991113186,0.54168701171875,0.08,0.35,0.05,0.45,1.2,27.64329213798046,865649.171674816,865649.177378497
567,eye0,pmrnet,loop,17.79183093458414,0.02,0.34671591129153967,5.365904071368277,0.22509100381284952,0.08,0.35,0.05,0.45,1.2,25.879541921056806,865649.177511532,865649.183449563
568,eye0,pmrnet,loop,14.80831892695278,0.02,0.49057393334805965,3.309036954306066,0.43094297870993614,0.08,0.35,0.05,0.45,1.2,21.18887279331684,865649.184304004,865649.188534882
569,eye0,pmrnet,loop,13.161457958631217,0.02,0.3738619852811098,3.5700929583981633,0.6016460247337818,0.08,0.35,0.05,0.45,1.2,19.85705892704427,865649.19041131,865649.194957164
570,eye0,pmrnet,loop,12.611364014446735,0.02,0.38487103302031755,3.3263559453189373,0.37737004458904266,0.08,0.35,0.05,0.45,1.2,18.84996103737503,865649.198387406,865649.202476235
571,eye0,pmrnet,loop,12.74445210583508,0.02,0.3431870136409998,3.556954092346132,0.3817399265244603,0.08,0.35,0.05,0.45,1.2,19.17633313834667,865649.206395616,865649.210677858
572,eye0,pmrnet,loop,19.164972007274628,0.02,0.5178529536351562,9.660167968831956,0.5622089374810457,0.08,0.35,0.05,0.45,1.2,32.055201867222785,865649.214426556,865649.225167361
573,eye0,pmrnet,loop,16.990034957416356,0.02,0.5418210057541728,3.4587299451231956,0.823061098344624,0.08,0.35,0.05,0.45,1.2,23.963647006638347,865649.226237674,865649.231061781
574,eye0,pmrnet,loop,13.162126997485757,0.02,0.36111101508140564,3.5316681023687124,0.21816196385771036,0.08,0.35,0.05,0.45,1.2,19.423068078793584,865649.231191786,865649.235303042
575,eye0,pmrnet,loop,11.957910028286278,0.02,0.3440160071477294,3.1811289954930544,0.21705497056245804,0.08,0.35,0.05,0.45,1.2,17.85011000148952,865649.238425542,865649.242168029
576,eye0,pmrnet,loop,12.178645934909582,0.02,0.3346650628373027,3.321539959870279,0.40115206502377987,0.08,0.35,0.05,0.45,1.2,18.386003022640942,865649.246399793,865649.25045744
577,eye0,pmrnet,loop,12.470511021092534,0.02,0.38951600436121225,3.6409120075404644,0.388347078114748,0.08,0.35,0.05,0.45,1.2,19.039286111108957,865649.254399507,865649.258818599
578,eye0,pmrnet,loop,11.871329043060541,0.02,0.3532320261001587,3.3104639733210206,0.21884997840970755,0.08,0.35,0.05,0.45,1.2,17.903875020891427,865649.262405396,865649.266288307
579,eye0,pmrnet,loop,16.105176997371018,0.02,0.5321120843291283,6.9554600631818175,0.6621290231123567,0.08,0.35,0.05,0.45,1.2,26.40487816799432,865649.270441058,865649.278591217
580,eye0,pmrnet,loop,12.32607604470104,0.02,0.34032692201435566,3.4251019824296236,0.41160196997225285,0.08,0.35,0.05,0.45,1.2,18.65310691911727,865649.278703741,865649.282880996
581,eye0,pmrnet,loop,13.22068297304213,0.02,0.3657230408862233,3.5867159022018313,1.3755540130659938,0.08,0.35,0.05,0.45,1.2,20.698675929196177,865649.286516095,865649.291844409
582,eye0,pmrnet,loop,16.377459978684783,0.02,0.5518359830603004,7.263201056048274,0.7438010070472956,0.08,0.35,0.05,0.45,1.2,27.08629802484065,865649.294510647,865649.303070042
583,eye0,pmrnet,loop,17.503474024124444,0.02,1.2918530264869332,3.4219600493088365,1.1630409862846136,0.08,0.35,0.05,0.45,1.2,25.530328086204825,865649.306388048,865649.312265215
584,eye0,pmrnet,loop,23.550257086753845,0.02,0.7009810069575906,9.930994943715632,0.6796050583943725,0.08,0.35,0.05,0.45,1.2,37.01183809582144,865649.315068232,865649.326380476
585,eye0,pmrnet,loop,23.20944389794022,0.02,0.4940240178257227,6.361589999869466,0.6678339559584856,0.08,0.35,0.05,0.45,1.2,32.88289187159389,865649.326584779,865649.33410866
586,eye0,pmrnet,loop,24.617281975224614,0.02,0.5373860476538539,7.477367063984275,0.23512891493737698,0.08,0.35,0.05,0.45,1.2,35.01716400180012,865649.335336174,865649.343586469
587,eye0,pmrnet,loop,22.01571804471314,0.02,0.9574299911037087,3.5171849885955453,0.8755319286137819,0.08,0.35,0.05,0.45,1.2,29.515864953026174,865649.343704136,865649.349054575
588,eye0,pmrnet,loop,18.637301051057875,0.02,0.36893703509122133,3.7035400746390224,0.4795489367097616,0.08,0.35,0.05,0.45,1.2,25.33932709749788,865649.349192493,865649.353744805
589,eye0,pmrnet,loop,23.071652045473456,0.02,0.5604650359600782,9.682575007900596,0.552749028429389,0.08,0.35,0.05,0.45,1.2,36.01744111776352,865649.35545211,865649.366248451
590,eye0,pmrnet,loop,19.789522979408503,0.02,0.568630057387054,3.5434329183772206,0.5510819610208273,0.08,0.35,0.05,0.45,1.2,26.602667916193603,865649.366371796,865649.371035267
591,eye0,pmrnet,loop,21.373456926085055,0.02,0.5780520150437951,6.0386169934645295,0.48442010302096605,0.08,0.35,0.05,0.45,1.2,30.624546037614344,865649.373586872,865649.380688457
592,eye0,pmrnet,loop,17.971563967876136,0.02,0.3471719101071358,3.3069070195779204,0.8957110112532973,0.08,0.35,0.05,0.45,1.2,24.67135390881449,865649.380805313,865649.385355307
593,eye0,pmrnet,loop,21.7631560517475,0.02,0.3426860785111785,9.814837947487831,0.6563210627064109,0.08,0.35,0.05,0.45,1.2,34.72700114045292,865649.386400165,865649.397214423
594,eye0,pmrnet,loop,23.505617980845273,0.02,0.4135139752179384,7.383365998975933,0.5976969841867685,0.08,0.35,0.05,0.45,1.2,34.05019493922592,865649.398632343,865649.407027295
595,eye0,pmrnet,loop,22.882941993884742,0.02,0.4944839747622609,4.97916794847697,1.7810630379244685,0.08,0.35,0.05,0.45,1.2,32.28765695504844,865649.407218419,865649.414473495
596,eye0,pmrnet,loop,25.84656805265695,0.02,0.3606159007176757,9.73261590115726,0.24375703651458025,0.08,0.35,0.05,0.45,1.2,38.33355689104646,865649.415168869,865649.425506206
597,eye0,pmrnet,loop,24.15445097722113,0.02,0.38539606612175703,4.277438973076642,1.5842339489609003,0.08,0.35,0.05,0.45,1.2,32.55151996538043,865649.425635635,865649.431882956
598,eye0,pmrnet,loop,27.393819065764546,0.02,0.6973480340093374,8.294478058815002,0.23749202955514193,0.08,0.35,0.05,0.45,1.2,38.77313718814403,865649.433961815,865649.443191588
600,eye0,pmrnet,loop,16.80432492867112,0.02,0.38075505290180445,3.4346029860898852,1.5968920197337866,0.08,0.35,0.05,0.45,1.2,24.366574987396596,865649.443327905,865649.448740403
601,eye0,pmrnet,loop,22.690978017635643,0.02,0.4598910454660654,10.642919922247529,1.163397915661335,0.08,0.35,0.05,0.45,1.2,37.10718690101057,865649.450428436,865649.462695055
602,eye0,pmrnet,loop,18.74240906909108,0.02,0.4529880825430155,3.2675679540261626,0.2301840577274561,0.08,0.35,0.05,0.45,1.2,24.843149163387714,865649.462864924,865649.466815963
603,eye0,pmrnet,loop,22.52053690608591,0.02,0.5087120225653052,9.989168029278517,0.38850505370646715,0.08,0.35,0.05,0.45,1.2,35.556922011636196,865649.467776046,865649.478662921
604,eye0,pmrnet,loop,24.469426949508488,0.02,0.5499249091371894,9.069865103811026,0.2525470918044448,0.08,0.35,0.05,0.45,1.2,36.49176405426115,865649.478808136,865649.488680814
605,eye0,pmrnet,loop,28.58667797408998,0.02,0.40639506187289953,10.239172959700227,0.536266015842557,0.08,0.35,0.05,0.45,1.2,41.91851201150566,865649.489683486,865649.500865684
607,eye0,pmrnet,loop,19.66802799142897,0.02,0.3553139977157116,4.81587799731642,0.7537029450759292,0.08,0.35,0.05,0.45,1.2,27.74292293153703,865649.502161619,865649.508086929
608,eye0,pmrnet,loop,24.392329971306026,0.02,1.14442000631243,9.949931991286576,0.5475359503179789,0.08,0.35,0.05,0.45,1.2,38.18421791922301,865649.509236442,865649.520878823
609,eye0,pmrnet,loop,27.766640996560454,0.02,0.5433990154415369,10.055819991976023,0.611045048572123,0.08,0.35,0.05,0.45,1.2,41.126905052550136,865649.521111299,865649.532322156
611,eye0,pmrnet,loop,24.57384509034455,0.02,0.6274939514696598,10.000201989896595,0.32173492945730686,0.08,0.35,0.05,0.45,1.2,37.67327596116811,865649.534318328,865649.545268407
612,eye0,pmrnet,loop,22.003044956363738,0.02,0.542655005119741,3.2205929746851325,1.5842700377106667,0.08,0.35,0.05,0.45,1.2,29.500562973879276,865649.545419085,865649.550766874
614,eye0,pmrnet,loop,14.5863420329988,0.02,0.5213019903749228,3.999884007498622,0.5369880236685276,0.08,0.35,0.05,0.45,1.2,21.79451605454087,865649.554429919,865649.559488429
615,eye0,pmrnet,loop,13.41814303305,0.02,0.3645940450951457,3.4038430312648416,0.22156396880745888,0.08,0.35,0.05,0.45,1.2,19.558144078217445,865649.562398933,865649.566389225
558,eye1,pmrnet,loop,19.511039019562304,0.02,0.47629198525100946,10.474976035766304,0.4998960066586733,0.08,0.35,0.05,0.45,1.2,33.11220304723829,865649.143293581,865649.154745265
559,eye1,pmrnet,loop,22.618453949689865,0.02,0.5357019836083055,9.921179967932403,0.49395509995520115,0.08,0.35,0.05,0.45,1.2,35.71929100118577,865649.154971241,865649.165922553
561,eye1,pmrnet,loop,18.010040977969766,0.02,0.5838499637320638,5.505256005562842,0.35337102599442005,0.08,0.35,0.05,0.45,1.2,26.60251797325909,865649.171009978,865649.177452823
562,eye1,pmrnet,loop,15.115034999325871,0.02,0.3475269768387079,3.3732440788298845,1.3376689748838544,0.08,0.35,0.05,0.45,1.2,22.323475029878317,865649.177567921,865649.182626704
563,eye1,pmrnet,loop,19.57172097172588,0.02,0.4741540178656578,10.602104011923075,0.4809380043298006,0.08,0.35,0.05,0.45,1.2,33.27891700584442,865649.183593415,865649.195151117
564,eye1,pmrnet,loop,20.609866944141686,0.02,0.5397149361670017,8.133774041198194,0.21557195577770472,0.08,0.35,0.05,0.45,1.2,31.648927877284585,865649.195370254,865649.20425975
565,eye1,pmrnet,loop,18.330037943087518,0.02,0.32279291190207005,3.8259560242295265,1.0251989588141441,0.08,0.35,0.05,0.45,1.2,25.653985838033257,865649.204873952,865649.210048185
566,eye1,pmrnet,loop,22.021559067070484,0.02,0.5049789324402809,9.479142958298326,0.47297601122409105,0.08,0.35,0.05,0.45,1.2,34.62865696903318,865649.211351265,865649.221808969
567,eye1,pmrnet,loop,26.182024041190743,0.02,0.5201559979468584,9.645425947383046,0.860193045809865,0.08,0.35,0.05,0.45,1.2,39.35779903233051,865649.223011846,865649.234038215
568,eye1,pmrnet,loop,25.250506936572492,0.02,1.6925050877034664,4.507894045673311,0.7753079989925027,0.08,0.35,0.05,0.45,1.2,34.37621406894177,865649.234199241,865649.241175383
569,eye1,pmrnet,loop,28.736138017848134,0.02,0.49450097139924765,9.506101021543145,0.41113910265266895,0.08,0.35,0.05,0.45,1.2,41.297879113443194,865649.242317757,865649.252730007
571,eye1,pmrnet,loop,24.5022710878402,0.02,0.623813015408814,9.479301050305367,1.5882779844105244,0.08,0.35,0.05,0.45,1.2,38.3436631379649,865649.252942401,865649.264634293
572,eye1,pmrnet,loop,28.00524700433016,0.02,0.48249203246086836,9.615489980205894,0.5037529626861215,0.08,0.35,0.05,0.45,1.2,40.75698197968304,865649.265603845,865649.276206097
574,eye1,pmrnet,loop,22.361868992447853,0.02,0.611374038271606,9.31224797386676,0.3660740330815315,0.08,0.35,0.05,0.45,1.2,34.80156503766775,865649.276411042,865649.286701269
575,eye1,pmrnet,loop,19.47851199656725,0.02,0.5078070098534226,3.3047860488295555,0.3505520289763808,0.08,0.35,0.05,0.45,1.2,25.791657084226607,865649.287724163,865649.291887554
576,eye1,pmrnet,loop,17.126187100075185,0.02,0.3929609665647149,4.13133401889354,1.0630181059241295,0.08,0.35,0.05,0.45,1.2,24.863500191457568,865649.292016413,865649.297603958
577,eye1,pmrnet,loop,14.779648976400495,0.02,0.4054260207340121,3.411824000068009,0.230206991545856,0.08,0.35,0.05,0.45,1.2,20.97710598874837,865649.299278786,865649.303326473
578,eye1,pmrnet,loop,15.707287937402725,0.02,0.836833962239325,3.8639629492536187,0.35031605511903763,0.08,0.35,0.05,0.45,1.2,22.908400904014705,865649.307271744,865649.312323195
579,eye1,pmrnet,loop,15.825991984456778,0.02,0.553519930690527,4.192097927443683,0.4533689934760332,0.08,0.35,0.05,0.45,1.2,23.17497883606702,865649.315311399,865649.320510881
580,eye1,pmrnet,loop,14.723232015967369,0.02,0.3453139215707779,3.487817943096161,0.32751006074249744,0.08,0.35,0.05,0.45,1.2,21.033873941376804,865649.323316466,865649.327477362
581,eye1,pmrnet,loop,21.617195918224752,0.02,0.5593979731202126,10.02078305464238,0.519601977430284,0.08,0.35,0.05,0.45,1.2,34.866978923417626,865649.331338529,865649.342438916
582,eye1,pmrnet,loop,27.433416922576725,0.02,1.4718850143253803,9.945650002919137,1.1847489513456821,0.08,0.35,0.05,0.45,1.2,42.185700891166924,865649.343720887,865649.35632372
584,eye1,pmrnet,loop,22.1409120131284,0.02,0.5393779138103127,9.70373407471925,0.3708009608089924,0.08,0.35,0.05,0.45,1.2,34.904824962466954,865649.356555659,865649.367170095
585,eye1,pmrnet,loop,26.635143090970814,0.02,0.5080320406705141,9.93910909164697,1.0567050194367766,0.08,0.35,0.05,0.45,1.2,40.28898924272507,865649.368228671,865649.379732937
587,eye1,pmrnet,loop,17.019749036990106,0.02,2.2423670161515474,3.8742520846426487,0.2370449947193265,0.08,0.35,0.05,0.45,1.2,25.523413132503627,865649.379901886,865649.38625589
588,eye1,pmrnet,loop,21.16889099124819,0.02,0.5075620720162988,10.122078936547041,0.42099098209291697,0.08,0.35,0.05,0.45,1.2,34.369522981904446,865649.387422433,865649.398473584
589,eye1,pmrnet,loop,17.82465004362166,0.02,0.45289203990250826,3.7041159812361,0.4049950512126088,0.08,0.35,0.05,0.45,1.2,24.536653115972875,865649.39863661,865649.40319898
590,eye1,pmrnet,loop,14.285599929280579,0.02,0.3605650272220373,3.2237389823421836,0.23765210062265396,0.08,0.35,0.05,0.45,1.2,20.257556039467453,865649.403907079,865649.407729353
591,eye1,pmrnet,loop,18.33248301409185,0.02,0.4530729493126273,7.660867995582521,0.4310889635235071,0.08,0.35,0.05,0.45,1.2,29.027512922510503,865649.411299729,865649.419845185
592,eye1,pmrnet,loop,14.616984990425408,0.02,0.39373303297907114,3.413138911128044,0.40587293915450573,0.08,0.35,0.05,0.45,1.2,20.979729873687027,865649.419985512,865649.424198543
593,eye1,pmrnet,loop,14.283597003668547,0.02,0.3604460507631302,3.668494988232851,0.6318739615380764,0.08,0.35,0.05,0.45,1.2,21.094412004202603,865649.427272784,865649.431933843
594,eye1,pmrnet,loop,13.994219014421105,0.02,0.41534402407705784,3.542697988450527,0.45465794391930103,0.08,0.35,0.05,0.45,1.2,20.55691897086799,865649.435301062,865649.439714054
595,eye1,pmrnet,loop,15.019306913018227,0.02,0.38729002699255943,4.550281912088394,0.5998780252411962,0.08,0.35,0.05,0.45,1.2,22.706756877340375,865649.443271146,865649.448809033
596,eye1,pmrnet,loop,17.519430024549365,0.02,0.5599530413746834,7.0815309882164,0.39954506792128086,0.08,0.35,0.05,0.45,1.2,27.710459122061728,865649.451336563,865649.459378076
597,eye1,pmrnet,loop,14.926144038327038,0.02,0.39422803092747927,3.8077280623838305,1.1107859900221229,0.08,0.35,0.05,0.45,1.2,22.38888612166047,865649.459540825,865649.464853876
598,eye1,pmrnet,loop,13.621393009088933,0.02,0.37489598616957664,3.431532997637987,0.5306050879880786,0.08,0.35,0.05,0.45,1.2,20.108427080884574,865649.467280696,865649.471617968
599,eye1,pmrnet,loop,20.16292803455144,0.02,0.5571760702878237,9.846583008766174,0.49006310291588306,0.08,0.35,0.05,0.45,1.2,33.20675021652133,865649.475333688,865649.486228081
600,eye1,pmrnet,loop,22.414834005758166,0.02,4.72888897638768,4.529651021584868,0.8673450211063027,0.08,0.35,0.05,0.45,1.2,34.690719024837016,865649.486422184,865649.496548438
601,eye1,pmrnet,loop,22.80297304969281,0.02,0.5764990346506238,5.491281044669449,0.8925370639190078,0.08,0.35,0.05,0.45,1.2,31.91329019293189,865649.498045732,865649.505006524
602,eye1,pmrnet,loop,18.79989798180759,0.02,0.34798402339220047,3.3394419588148594,0.24317705538123846,0.08,0.35,0.05,0.45,1.2,24.880501019395886,865649.505141776,865649.509072761
603,eye1,pmrnet,loop,16.468218062072992,0.02,0.3500960301607847,4.556686035357416,0.7106700213626027,0.08,0.35,0.05,0.45,1.2,24.235670148953794,865649.509191762,865649.514809576
604,eye1,pmrnet,loop,20.359842921607196,0.02,0.5242450861260295,9.909451007843018,0.4217600217089057,0.08,0.35,0.05,0.45,1.2,33.365299037285155,865649.515913881,865649.526769779
605,eye1,pmrnet,loop,17.51162693835795,0.02,0.9935699636116624,3.4435129491612315,0.62205595895648,0.08,0.35,0.05,0.45,1.2,24.72076581008732,865649.526931098,865649.531990569
606,eye1,pmrnet,loop,22.573387948796153,0.02,0.6336990045383573,9.608568041585386,0.5589280044659972,0.08,0.35,0.05,0.45,1.2,35.52458299938589,865649.534319716,865649.545121566
607,eye1,pmrnet,loop,20.214664051309228,0.02,0.3959600580856204,4.5577650889754295,0.5768859991803765,0.08,0.35,0.05,0.45,1.2,27.895275197550653,865649.545301421,865649.550832383
608,eye1,pmrnet,loop,27.337736100889742,0.02,0.6003619637340307,9.906260995194316,1.0694189695641398,0.08,0.35,0.05,0.45,1.2,41.06377802938223,865649.554447285,865649.566023876
610,eye1,pmrnet,loop,22.66415802296251,0.02,0.4960140213370323,9.489704971201718,0.24433794897049665,0.08,0.35,0.05,0.45,1.2,35.044214964471756,865649.567257583,865649.577488092
611,eye1,pmrnet,loop,27.471743058413267,0.02,0.5376560147851706,9.813899989239872,1.139080966822803,0.08,0.35,0.05,0.45,1.2,41.11238002926111,865649.578874218,865649.590365367
613,eye1,pmrnet,loop,15.416206908412278,0.02,0.49038208089768887,3.2314779236912727,0.23104099091142416,0.08,0.35,0.05,0.45,1.2,21.519107903912662,865649.590494607,865649.594447783
614,eye1,pmrnet,loop,14.291223953478038,0.02,0.4293760284781456,4.174823057837784,0.450741034001112,0.08,0.35,0.05,0.45,1.2,21.49616407379508,865649.596336778,865649.601392027
616,eye0,pmrnet,loop,13.451480073854327,0.02,0.3692969912663102,3.3016559900715947,0.38767303340137005,0.08,0.35,0.05,0.45,1.2,19.6601060885936,865649.570432738,865649.574491587
617,eye0,pmrnet,loop,14.147611916996539,0.02,0.40649203583598137,3.5838360199704766,0.7676039822399616,0.08,0.35,0.05,0.45,1.2,21.055543955042957,865649.578498216,865649.583256499
618,eye0,pmrnet,loop,13.23432195931673,0.02,0.3558719763532281,3.3161609899252653,0.3422279842197895,0.08,0.35,0.05,0.45,1.2,19.398582909815012,865649.586397636,865649.590412247
619,eye0,pmrnet,loop,16.11893204972148,0.02,0.37561904173344374,5.51183894276619,1.0601269314065576,0.08,0.35,0.05,0.45,1.2,25.21651696562767,865649.594417595,865649.601365414
620,eye0,pmrnet,loop,17.199896043166518,0.02,0.5280339391902089,7.251818082295358,0.2215930726379156,0.08,0.35,0.05,0.45,1.2,27.35134113729,865649.602514143,865649.610516016
621,eye0,pmrnet,loop,14.97361995279789,0.02,0.3199889324605465,4.955445998348296,0.4558709915727377,0.08,0.35,0.05,0.45,1.2,22.854925875179468,865649.610626667,865649.61635823
622,eye0,pmrnet,loop,13.733675004914403,0.02,0.4100319929420948,3.4910551039502025,0.8308100514113903,0.08,0.35,0.05,0.45,1.2,20.61557215321809,865649.618455458,865649.623187672
623,eye0,pmrnet,loop,20.02969104796648,0.02,0.5033679772168398,10.117842932231724,0.49164402298629284,0.08,0.35,0.05,0.45,1.2,33.29254598040134,865649.626438503,865649.637552042
624,eye0,pmrnet,loop,26.57107205595821,0.02,3.504933905787766,9.70314594451338,0.7438270840793848,0.08,0.35,0.05,0.45,1.2,42.67297899033874,865649.638209705,865649.652162165
626,eye0,pmrnet,loop,26.010784902609885,0.02,1.2659040512517095,10.040550027042627,0.4755210829898715,0.08,0.35,0.05,0.45,1.2,39.94276006389409,865649.655957131,865649.667739753
628,eye0,pmrnet,loop,19.775892957113683,0.02,0.6304869893938303,8.850987069308758,0.23645604960620403,0.08,0.35,0.05,0.45,1.2,31.643823065422474,865649.667926196,865649.677644478
629,eye0,pmrnet,loop,21.191152976825833,0.02,0.9350309846922755,7.5368250254541636,0.232196063734591,0.08,0.35,0.05,0.45,1.2,32.04520505070686,865649.678424341,865649.687128709
630,eye0,pmrnet,loop,21.22810308355838,0.02,0.3800300182774663,7.230784045532346,0.37081807386130095,0.08,0.35,0.05,0.45,1.2,31.359735221229492,865649.687252797,865649.695234694
631,eye0,pmrnet,loop,26.371715939603746,0.02,0.5838020006194711,9.771040990017354,0.42565097101032734,0.08,0.35,0.05,0.45,1.2,39.3022099012509,865649.697666559,865649.708447739
633,eye0,pmrnet,loop,15.118443057872355,0.02,0.3458239370957017,3.818736062385142,0.6033820100128651,0.08,0.35,0.05,0.45,1.2,22.036385067366062,865649.708564158,865649.713332345
634,eye0,pmrnet,loop,22.737289080396295,0.02,0.5734419682994485,9.928333922289312,0.6922739557921886,0.08,0.35,0.05,0.45,1.2,36.08133892677724,865649.717825326,865649.729019973
635,eye0,pmrnet,loop,20.53798094857484,0.02,1.8916931003332138,3.316257963888347,0.539219006896019,0.08,0.35,0.05,0.45,1.2,28.43515101969242,865649.729142285,865649.734889747
637,eye0,pmrnet,loop,12.679300969466567,0.02,0.38307299837470055,3.610359039157629,0.35194389056414366,0.08,0.35,0.05,0.45,1.2,19.17467689756304,865649.738823744,865649.743169369
638,eye0,pmrnet,loop,11.72276504803449,0.02,0.36290509160608053,3.247487940825522,0.2184819895774126,0.08,0.35,0.05,0.45,1.2,17.701640070043503,865649.74645269,865649.750281818
639,eye0,pmrnet,loop,12.286391109228134,0.02,0.3518550656735897,3.6409288877621293,0.4183169221505523,0.08,0.35,0.05,0.45,1.2,18.847491984814404,865649.754502575,865649.758913994
640,eye0,pmrnet,loop,18.54417601134628,0.02,0.5882089026272297,9.630182990804315,0.5599349969998002,0.08,0.35,0.05,0.45,1.2,31.472502901777624,865649.762462268,865649.773241195
641,eye0,pmrnet,loop,16.613679006695747,0.02,0.3830640343949199,4.096835968084633,0.32205507159233093,0.08,0.35,0.05,0.45,1.2,23.56563408076763,865649.774576446,865649.779378677
642,eye0,pmrnet,loop,15.758004039525986,0.02,0.4182120319455862,3.4634950570762157,0.27551990933716297,0.08,0.35,0.05,0.45,1.2,22.06523103788495,865649.782435361,865649.786592998
643,eye0,pmrnet,loop,15.501846093684435,0.02,0.39557996205985546,3.338287933729589,0.24142698384821415,0.08,0.35,0.05,0.45,1.2,21.627140973322092,865649.790430222,865649.794405849
644,eye0,pmrnet,loop,17.229163902811706,0.02,0.37445605266839266,4.728205967694521,0.6314350757747889,0.08,0.35,0.05,0.45,1.2,25.113260998949407,865649.79846772,865649.804202122
645,eye0,pmrnet,loop,22.441530018113554,0.02,0.5176370032131672,9.953455068171024,0.5388789577409625,0.08,0.35,0.05,0.45,1.2,35.601501047238706,865649.806471747,865649.817482202
646,eye0,pmrnet,loop,23.54119496885687,0.02,0.6550829857587814,7.341339020058513,0.9538700105622411,0.08,0.35,0.05,0.45,1.2,34.641486985236405,865649.817700758,865649.826651588
647,eye0,pmrnet,loop,26.924906065687537,0.02,0.6139479810371995,9.521009982563555,0.39482093416154385,0.08,0.35,0.05,0.45,1.2,39.604684963449834,865649.827573604,865649.838103868
648,eye0,pmrnet,loop,29.536716057918966,0.02,0.517766922712326,9.489879943430424,0.47811795957386494,0.08,0.35,0.05,0.45,1.2,42.17248088363558,865649.838298733,865649.848785153
650,eye0,pmrnet,loop,19.540776032954454,0.02,0.9107489604502916,3.436369006522,0.40342099964618683,0.08,0.35,0.05,0.45,1.2,26.44131499957293,865649.85017698,865649.854927759
651,eye0,pmrnet,loop,15.954422997310758,0.02,0.35448092967271805,3.5745850764214993,0.4458260955289006,0.08,0.35,0.05,0.45,1.2,22.479315098933874,865649.855034988,865649.859410227
652,eye0,pmrnet,loop,22.565247025340796,0.02,0.4419049946591258,10.519711999222636,0.616425066255033,0.08,0.35,0.05,0.45,1.2,36.29328908547759,865649.86251138,865649.874089726
653,eye0,pmrnet,loop,29.12855497561395,0.02,3.107221913523972,9.741561952978373,0.7649990729987621,0.08,0.35,0.05,0.45,1.2,44.89233791511506,865649.875106912,865649.888721302
655,eye0,pmrnet,loop,17.919335048645735,0.02,1.2294669868424535,3.2590649789199233,0.2247809898108244,0.08,0.35,0.05,0.45,1.2,24.782648004218935,865649.888937575,865649.893651275
656,eye0,pmrnet,loop,22.2211719956249,0.02,0.4800839815288782,10.159400990232825,0.7936890469864011,0.08,0.35,0.05,0.45,1.2,35.804346014373,865649.894587507,865649.906021169
657,eye0,pmrnet,loop,24.901026976294816,0.02,0.49717200454324484,9.554442018270493,0.49608200788497925,0.08,0.35,0.05,0.45,1.2,37.59872300699353,865649.906222405,865649.916770596
659,eye0,pmrnet,loop,22.444798960350454,0.02,0.7918010232970119,8.721490972675383,0.5034779896959662,0.08,0.35,0.05,0.45,1.2,34.611568946018814,865649.920435566,865649.930452824
660,eye0,pmrnet,loop,18.313292996026576,0.02,0.3774549113586545,3.2068310538306832,0.22859591990709305,0.08,0.35,0.05,0.45,1.2,24.276174881123005,865649.93057726,865649.934390354
661,eye0,pmrnet,loop,22.055056993849576,0.02,0.49335008952766657,9.857765980996192,0.35995396319776773,0.08,0.35,0.05,0.45,1.2,34.9161270275712,865649.935488729,865649.946200229
662,eye0,pmrnet,loop,23.926188005134463,0.02,0.3837569383904338,8.78533092327416,0.618019956164062,0.08,0.35,0.05,0.45,1.2,35.86329582296312,865649.946352594,865649.95614005
664,eye0,pmrnet,loop,17.88901595864445,0.02,0.6905479822307825,5.372251966036856,0.4619720857590437,0.08,0.35,0.05,0.45,1.2,26.56378799267113,865649.959716718,865649.966242052
665,eye0,pmrnet,loop,15.101101016625762,0.02,0.35170104820281267,3.7629950093105435,0.9809680050238967,0.08,0.35,0.05,0.45,1.2,22.346765079163013,865649.966427204,865649.971523131
666,eye0,pmrnet,loop,14.108227915130556,0.02,0.35299709998071194,3.2456970075145364,0.5391830345615745,0.08,0.35,0.05,0.45,1.2,20.396105057187377,865649.974461096,865649.978599217
667,eye0,pmrnet,loop,20.67003899719566,0.02,0.5277799209579825,9.837304940447211,0.4074430325999856,0.08,0.35,0.05,0.45,1.2,33.592566891200846,865649.982457052,865649.993230137
668,eye0,pmrnet,loop,22.26506802253425,0.02,0.7644649595022202,8.193269022740424,0.5101480055600405,0.08,0.35,0.05,0.45,1.2,33.882950010336934,865649.993425875,865650.0028942
669,eye0,pmrnet,loop,20.326680969446898,0.02,1.2324379058554769,3.6251809215173125,0.3482080064713955,0.08,0.35,0.05,0.45,1.2,27.68250780329108,865650.003819248,865650.009025299
670,eye0,pmrnet,loop,17.211897065863013,0.02,0.35660003777593374,3.748003044165671,0.712290988303721,0.08,0.35,0.05,0.45,1.2,24.178791136108337,865650.009162835,865650.013980007
671,eye0,pmrnet,loop,13.823124929331243,0.02,0.34616899210959673,3.3113110112026334,0.5978749832138419,0.08,0.35,0.05,0.45,1.2,20.228479915857314,865650.014404434,865650.018660128
672,eye0,pmrnet,loop,15.472088940441608,0.02,1.8863789737224579,3.6505350144580007,0.40266092400997877,0.08,0.35,0.05,0.45,1.2,23.561663852632044,865650.022437783,865650.028377826
673,eye0,pmrnet,loop,13.676200993359089,0.02,0.37110201083123684,3.3534939866513014,0.5151540972292423,0.08,0.35,0.05,0.45,1.2,20.065951088070868,865650.030411152,865650.034651251
615,eye1,pmrnet,loop,12.467056978493929,0.02,0.360943959094584,3.473076969385147,0.390509027056396,0.08,0.35,0.05,0.45,1.2,18.841586934030055,865649.603412199,865649.607637031
616,eye1,pmrnet,loop,12.9739660769701,0.02,0.3656980115920305,3.3759019570425153,1.1898840311914682,0.08,0.35,0.05,0.45,1.2,20.055450076796113,865649.611280908,865649.616212666
617,eye1,pmrnet,loop,19.321004976518452,0.02,0.5216039717197418,9.9270970094949,0.8486890001222491,0.08,0.35,0.05,0.45,1.2,32.76839495785534,865649.619330308,865649.630628225
618,eye1,pmrnet,loop,22.04210893251002,0.02,0.47710409853607416,9.739588014781475,0.3721939865499735,0.08,0.35,0.05,0.45,1.2,34.78099503237754,865649.6308292,865649.641418602
619,eye1,pmrnet,loop,20.634368993341923,0.02,1.7075249925255775,3.2701859017834067,0.691412016749382,0.08,0.35,0.05,0.45,1.2,28.453491904400288,865649.642411143,865649.648080555
620,eye1,pmrnet,loop,16.55650301836431,0.02,0.3392149228602648,3.225306048989296,0.3134149592369795,0.08,0.35,0.05,0.45,1.2,22.58443894945085,865649.64819337,865649.652071566
621,eye1,pmrnet,loop,12.998786987736821,0.02,0.3481210442259908,3.55861010029912,0.4940599901601672,0.08,0.35,0.05,0.45,1.2,19.549578122422098,865649.652180735,865649.656581852
622,eye1,pmrnet,loop,15.860839979723096,0.02,0.37365895695984364,3.4319289261475205,0.4189230967313051,0.08,0.35,0.05,0.45,1.2,22.235350959561764,865649.663288514,865649.667513292
623,eye1,pmrnet,loop,15.761976945213974,0.02,0.34275895450264215,3.4370480570942163,0.3946879878640175,0.08,0.35,0.05,0.45,1.2,22.086471944674848,865649.671309028,865649.675483808
624,eye1,pmrnet,loop,16.36868598870933,0.02,0.48765598330646753,3.813695046119392,0.3935570130124688,0.08,0.35,0.05,0.45,1.2,23.213594031147657,865649.679463982,865649.684159161
625,eye1,pmrnet,loop,22.25998800713569,0.02,0.5097759421914816,9.901012992486358,0.3835459938272834,0.08,0.35,0.05,0.45,1.2,35.20432293564081,865649.687323779,865649.698118584
626,eye1,pmrnet,loop,24.722777889110148,0.02,0.5185789195820689,9.459262946620584,0.3279070369899273,0.08,0.35,0.05,0.45,1.2,37.178526792302726,865649.698344969,865649.708651207
627,eye1,pmrnet,loop,29.810905922204256,0.02,0.5852279718965292,10.418490041047335,0.9281190577894449,0.08,0.35,0.05,0.45,1.2,43.89274299293756,865649.709875117,865649.721807484
629,eye1,pmrnet,loop,22.14088407345116,0.02,0.5250390386208892,7.5261821039021015,0.19397202413529158,0.08,0.35,0.05,0.45,1.2,32.53607724010944,865649.722031318,865649.730276915
630,eye1,pmrnet,loop,26.926819002255797,0.02,0.46974699944257736,11.001140926964581,0.5177750717848539,0.08,0.35,0.05,0.45,1.2,41.06548200044781,865649.731141114,865649.74313026
632,eye1,pmrnet,loop,16.017577960155904,0.02,0.3632620209828019,3.276503994129598,1.4419760555028915,0.08,0.35,0.05,0.45,1.2,23.249320030771194,865649.743278248,865649.748360308
633,eye1,pmrnet,loop,21.958825062029064,0.02,0.49191294237971306,9.949606959708035,0.6112930132076144,0.08,0.35,0.05,0.45,1.2,35.161637977324425,865649.751315581,865649.762368903
634,eye1,pmrnet,loop,24.604337057098746,0.02,0.5409120349213481,9.413174004293978,0.5331080174073577,0.08,0.35,0.05,0.45,1.2,37.24153111372143,865649.762597133,865649.773084912
636,eye1,pmrnet,loop,21.504587959498167,0.02,0.545875052921474,4.675386939197779,1.0736570693552494,0.08,0.35,0.05,0.45,1.2,29.949507020972668,865649.779828045,865649.786123538
637,eye1,pmrnet,loop,17.52805197611451,0.02,0.4089759895578027,3.309044986963272,0.22650405298918486,0.08,0.35,0.05,0.45,1.2,23.62257700562477,865649.786271817,865649.79021665
638,eye1,pmrnet,loop,20.593115012161434,0.02,0.40312809869647026,4.597885999828577,1.0034390725195408,0.08,0.35,0.05,0.45,1.2,28.74756818320602,865649.795346069,865649.801350989
639,eye1,pmrnet,loop,16.47805201355368,0.02,0.3602110082283616,3.2389539992436767,0.2234779531136155,0.08,0.35,0.05,0.45,1.2,22.45069497413933,865649.801482241,865649.80530514
640,eye1,pmrnet,loop,14.458877965807915,0.02,0.34883804619312286,3.2917229691520333,0.4295289982110262,0.08,0.35,0.05,0.45,1.2,20.678967979364096,865649.807284597,865649.811354943
641,eye1,pmrnet,loop,17.330362927168608,0.02,0.5163660971447825,4.701304016634822,1.6936069587245584,0.08,0.35,0.05,0.45,1.2,26.39163999967277,865649.815383099,865649.822294834
642,eye1,pmrnet,loop,14.291321043856442,0.02,0.3863689489662647,3.411445999518037,0.1989779993891716,0.08,0.35,0.05,0.45,1.2,20.438113991729914,865649.823328409,865649.82732546
643,eye1,pmrnet,loop,14.252966037020087,0.02,0.3663949901238084,3.2732459949329495,0.38521504029631615,0.08,0.35,0.05,0.45,1.2,20.42782206237316,865649.831330867,865649.835355995
644,eye1,pmrnet,loop,21.155397058464587,0.02,0.8918119128793478,9.640689007937908,0.4525749245658517,0.08,0.35,0.05,0.45,1.2,34.29047290384769,865649.839341007,865649.850326616
645,eye1,pmrnet,loop,23.596139973960817,0.02,0.46513008419424295,9.492532000876963,0.3636899637058377,0.08,0.35,0.05,0.45,1.2,36.06749202273786,865649.850513826,865649.8608358
646,eye1,pmrnet,loop,26.16060303989798,0.02,0.5870650056749582,8.057199069298804,0.4336090059950948,0.08,0.35,0.05,0.45,1.2,37.388476120866834,865649.862392048,865649.871470378
648,eye1,pmrnet,loop,14.12474608514458,0.02,0.32701995223760605,3.438837011344731,0.20950695034116507,0.08,0.35,0.05,0.45,1.2,20.25010999906808,865649.871597123,865649.875572771
649,eye1,pmrnet,loop,14.758253935724497,0.02,0.3571190172806382,4.038067068904638,0.57620694860816,0.08,0.35,0.05,0.45,1.2,21.879646970517932,865649.879303374,865649.884275046
650,eye1,pmrnet,loop,15.597395016811788,0.02,0.3421739675104618,4.421463003382087,1.1220290325582027,0.08,0.35,0.05,0.45,1.2,23.633061020262538,865649.8872973,865649.893183209
651,eye1,pmrnet,loop,13.998538022860885,0.02,0.34802709706127644,3.3185159554705024,0.6836639950051904,0.08,0.35,0.05,0.45,1.2,20.498745070397852,865649.895302736,865649.899653199
652,eye1,pmrnet,loop,13.847609981894493,0.02,0.3710020100697875,3.4296480007469654,0.46172901056706905,0.08,0.35,0.05,0.45,1.2,20.259989003278314,865649.903308972,865649.907571619
653,eye1,pmrnet,loop,20.49595909193158,0.02,0.48429099842906,9.923574049025774,0.538103049620986,0.08,0.35,0.05,0.45,1.2,33.59192718900741,865649.911340969,865649.922287449
654,eye1,pmrnet,loop,23.586615920066833,0.02,0.5181619198992848,9.38672898337245,1.0335110127925873,0.08,0.35,0.05,0.45,1.2,36.675017836131154,865649.922509013,865649.933447929
655,eye1,pmrnet,loop,28.243836015462875,0.02,0.6949770031496882,10.049014003016055,0.9075490524992347,0.08,0.35,0.05,0.45,1.2,42.04537607412785,865649.934521934,865649.946173926
657,eye1,pmrnet,loop,17.60552905034274,0.02,1.4045899733901024,3.457178012467921,0.4909839481115341,0.08,0.35,0.05,0.45,1.2,25.108280984312294,865649.94632134,865649.951674419
658,eye1,pmrnet,loop,15.081895980983973,0.02,0.3730830503627658,3.9176850114017725,0.25335000827908516,0.08,0.35,0.05,0.45,1.2,21.776014051027595,865649.952675112,865649.957219525
659,eye1,pmrnet,loop,15.887844958342612,0.02,0.3965309588238597,5.259311990812421,1.095962943509221,0.08,0.35,0.05,0.45,1.2,24.789650851488112,865649.959342323,865649.966094506
660,eye1,pmrnet,loop,13.322098995558918,0.02,0.3518650773912668,3.5957240033894777,0.3416570834815502,0.08,0.35,0.05,0.45,1.2,19.76134515982121,865649.967308606,865649.97159811
661,eye1,pmrnet,loop,19.76623700466007,0.02,0.49135799054056406,9.727025986649096,0.566462054848671,0.08,0.35,0.05,0.45,1.2,32.7010830366984,865649.975324618,865649.98610997
662,eye1,pmrnet,loop,17.300392035394907,0.02,0.6116739241406322,4.342795931734145,0.419990043155849,0.08,0.35,0.05,0.45,1.2,24.82485193442553,865649.986339394,865649.991714381
663,eye1,pmrnet,loop,20.562350982800126,0.02,0.49394299276173115,9.573674062266946,0.2559870481491089,0.08,0.35,0.05,0.45,1.2,33.03595508597791,865649.992720576,865650.003044632
664,eye1,pmrnet,loop,18.401511944830418,0.02,1.2001459253951907,3.184512024745345,1.3867209199815989,0.08,0.35,0.05,0.45,1.2,26.32289081495255,865650.003181593,865650.008953273
665,eye1,pmrnet,loop,20.087075070478022,0.02,0.4970839945599437,7.956651970744133,0.3198869526386261,0.08,0.35,0.05,0.45,1.2,31.010697988420723,865650.009933687,865650.018707712
666,eye1,pmrnet,loop,22.53290405496955,0.02,0.5105679156258702,9.41527506802231,0.44597696978598833,0.08,0.35,0.05,0.45,1.2,35.05472400840372,865650.01884915,865650.029221658
667,eye1,pmrnet,loop,26.749443961307406,0.02,0.5182110471650958,9.837877005338669,0.5537508986890316,0.08,0.35,0.05,0.45,1.2,39.8092829125002,865650.030596937,865650.04150726
669,eye1,pmrnet,loop,21.034787059761584,0.02,0.5036510992795229,9.366351994685829,0.3486539935693145,0.08,0.35,0.05,0.45,1.2,33.403444147296256,865650.041712029,865650.05193119
670,eye1,pmrnet,loop,25.860494002699852,0.02,0.9302619146183133,10.382620966993272,0.6818909896537662,0.08,0.35,0.05,0.45,1.2,40.0052678739652,865650.052829467,865650.064824847
674,eye0,pmrnet,loop,14.309272053651512,0.02,0.36476203240454197,3.994520055130124,0.5812899908050895,0.08,0.35,0.05,0.45,1.2,21.399844131991266,865650.03841233,865650.043353281
675,eye0,pmrnet,loop,13.491135090589523,0.02,0.3632069565355778,3.41944198589772,0.37504895590245724,0.08,0.35,0.05,0.45,1.2,19.798832988925277,865650.046446242,865650.050604309
676,eye0,pmrnet,loop,20.961278933100402,0.02,0.39644399657845497,9.833624004386365,0.4160889657214284,0.08,0.35,0.05,0.45,1.2,33.75743589978665,865650.055495295,865650.066142012
677,eye0,pmrnet,loop,23.47405394539237,0.02,0.6773549830541015,9.333241963759065,0.35412691067904234,0.08,0.35,0.05,0.45,1.2,35.98877780288458,865650.066359391,865650.076724693
678,eye0,pmrnet,loop,25.942877982743084,0.02,0.49173994921147823,8.363696048036218,0.5144530441612005,0.08,0.35,0.05,0.45,1.2,37.46276702415198,865650.07789223,865650.087262508
680,eye0,pmrnet,loop,20.622291951440275,0.02,0.5864349659532309,9.414725936949253,0.6879719439893961,0.08,0.35,0.05,0.45,1.2,33.46142479833216,865650.087389965,865650.098079526
682,eye0,pmrnet,loop,16.62321900948882,0.02,0.551275908946991,5.919500021263957,0.4218710819259286,0.08,0.35,0.05,0.45,1.2,25.665866021625696,865650.103325972,865650.110219093
683,eye0,pmrnet,loop,19.24026501365006,0.02,0.48126408364623785,9.540718048810959,0.4158919909968972,0.08,0.35,0.05,0.45,1.2,31.828139137104152,865650.110466095,865650.120904548
684,eye0,pmrnet,loop,22.781055071391165,0.02,0.5569549975916743,8.257626905106008,0.23162399884313345,0.08,0.35,0.05,0.45,1.2,33.97726097293198,865650.123468058,865650.132514886
685,eye0,pmrnet,loop,19.959526951424778,0.02,0.572890043258667,4.199292045086622,0.34631206654012203,0.08,0.35,0.05,0.45,1.2,27.228021106310187,865650.132643648,865650.137762533
686,eye0,pmrnet,loop,18.685259041376412,0.02,0.3462380263954401,4.613324999809265,0.3718240186572075,0.08,0.35,0.05,0.45,1.2,26.166646086238323,865650.139225207,865650.144556904
687,eye0,pmrnet,loop,15.460742986761034,0.02,0.37738506216555834,3.7560720229521394,0.5684940842911601,0.08,0.35,0.05,0.45,1.2,22.31269415616989,865650.144699126,865650.149401318
688,eye0,pmrnet,loop,12.53131905104965,0.02,0.33493409864604473,3.283325000666082,0.40205393452197313,0.08,0.35,0.05,0.45,1.2,18.701632084883748,865650.150520849,865650.154541418
689,eye0,pmrnet,loop,19.229331985116005,0.02,0.5421560490503907,9.981482988223433,0.3119480097666383,0.08,0.35,0.05,0.45,1.2,32.214919032156466,865650.158471401,865650.169307703
690,eye0,pmrnet,loop,16.739947022870183,0.02,0.3855199320241809,3.962668008171022,1.071588951162994,0.08,0.35,0.05,0.45,1.2,24.30972391422838,865650.16946678,865650.174887019
691,eye0,pmrnet,loop,21.13576396368444,0.02,0.5159180145710707,9.848669986240566,0.5298040341585875,0.08,0.35,0.05,0.45,1.2,34.18015599865466,865650.17645661,865650.187351649
692,eye0,pmrnet,loop,24.172004079446197,0.02,0.530694960616529,9.757212013937533,0.5978329572826624,0.08,0.35,0.05,0.45,1.2,37.20774401128292,865650.187571216,865650.198457415
694,eye0,pmrnet,loop,16.409775940701365,0.02,0.49600296188145876,5.621326039545238,1.3237020466476679,0.08,0.35,0.05,0.45,1.2,26.00080698877573,865650.199391954,865650.20683339
695,eye0,pmrnet,loop,14.162820996716619,0.02,0.33422489650547504,4.439458018168807,0.9087689686566591,0.08,0.35,0.05,0.45,1.2,21.99527288004756,865650.206973095,865650.212655832
696,eye0,pmrnet,loop,12.955873040482402,0.02,0.3738088998943567,3.759183920919895,0.9099669987335801,0.08,0.35,0.05,0.45,1.2,20.148832860030232,865650.214474714,865650.219517915
697,eye0,pmrnet,loop,16.754085081629455,0.02,0.6447879131883383,5.233081057667732,0.94103894662112,0.08,0.35,0.05,0.45,1.2,25.722992999106644,865650.224565185,865650.231384735
698,eye0,pmrnet,loop,12.917772983200848,0.02,0.3333819331601262,3.376335953362286,0.3751179901883006,0.08,0.35,0.05,0.45,1.2,19.15260885991156,865650.231532633,865650.235617701
699,eye0,pmrnet,loop,17.88644096814096,0.02,0.4668700275942683,4.4205799931660295,1.228670938871801,0.08,0.35,0.05,0.45,1.2,26.152561927773057,865650.242538625,865650.248655094
700,eye0,pmrnet,loop,22.648834972642362,0.02,0.5316369934007525,9.757341002114117,0.6892399396747351,0.08,0.35,0.05,0.45,1.2,35.777052907831965,865650.250506948,865650.26148566
701,eye0,pmrnet,loop,25.63861000817269,0.02,0.5657479632645845,9.89009509794414,0.3820039564743638,0.08,0.35,0.05,0.45,1.2,38.62645702585578,865650.26170647,865650.272544829
702,eye0,pmrnet,loop,22.130300058051944,0.02,0.3514600684866309,3.2031380105763674,0.233503058552742,0.08,0.35,0.05,0.45,1.2,28.068401195667683,865650.273317556,865650.277105923
703,eye0,pmrnet,loop,18.991348915733397,0.02,0.3684230614453554,3.5149810137227178,0.9220779174938798,0.08,0.35,0.05,0.45,1.2,25.94683090839535,865650.277230518,865650.28203623
704,eye0,pmrnet,loop,15.355197014287114,0.02,0.3436490660533309,3.23325302451849,0.44279906433075666,0.08,0.35,0.05,0.45,1.2,21.52489816918969,865650.282448979,865650.286468897
705,eye0,pmrnet,loop,23.092656978406012,0.02,0.5322609795257449,9.898019023239613,1.3546390691772103,0.08,0.35,0.05,0.45,1.2,37.02757605034858,865650.290488293,865650.302273783
706,eye0,pmrnet,loop,27.560845017433167,0.02,0.6706609856337309,9.684753022156656,0.4407130181789398,0.08,0.35,0.05,0.45,1.2,40.50697204340249,865650.304015346,865650.314812238
708,eye0,pmrnet,loop,22.55502692423761,0.02,0.4759810399264097,9.481722954660654,0.9936209535226226,0.08,0.35,0.05,0.45,1.2,35.656351872347294,865650.314992669,865650.325944487
709,eye0,pmrnet,loop,26.685558957979083,0.02,0.8011939935386181,8.870859048329294,0.4353380063548684,0.08,0.35,0.05,0.45,1.2,38.94295000620186,865650.328037773,865650.338145573
710,eye0,pmrnet,loop,22.745308000594378,0.02,0.3389980411157012,3.2583940774202347,0.4240480484440923,0.08,0.35,0.05,0.45,1.2,28.916748167574404,865650.338252616,865650.342274351
711,eye0,pmrnet,loop,18.873093998990953,0.02,0.3488130168989301,3.2647140324115753,0.47098298091441393,0.08,0.35,0.05,0.45,1.2,25.10760402921587,865650.342385991,865650.346470816
712,eye0,pmrnet,loop,17.138305003754795,0.02,0.3681799862533808,3.7367979530245066,0.8078169776126742,0.08,0.35,0.05,0.45,1.2,24.201099920645355,865650.347892283,865650.352805364
713,eye0,pmrnet,loop,19.394509959965944,0.02,0.38109300658106804,7.496418082155287,0.8179839933291078,0.08,0.35,0.05,0.45,1.2,30.240005042031406,865650.35443358,865650.363129486
714,eye0,pmrnet,loop,21.32372697815299,0.02,0.6100069731473923,5.8551139663904905,0.5509040784090757,0.08,0.35,0.05,0.45,1.2,30.489751996099947,865650.36611213,865650.373128658
715,eye0,pmrnet,loop,17.408133018761873,0.02,0.34500600304454565,3.276268020272255,0.406684004701674,0.08,0.35,0.05,0.45,1.2,23.586091046780346,865650.373254109,865650.377282322
716,eye0,pmrnet,loop,14.786821906454861,0.02,0.3208370180800557,3.7201070226728916,0.2531959908083081,0.08,0.35,0.05,0.45,1.2,21.230961938016115,865650.378435274,865650.382729733
717,eye0,pmrnet,loop,14.89053398836404,0.02,0.3558850148692727,3.62207496073097,0.44163595885038376,0.08,0.35,0.05,0.45,1.2,21.460129922814666,865650.386482443,865650.390902446
718,eye0,pmrnet,loop,16.03434805292636,0.02,0.3967799711972475,4.790366976521909,0.4667548928409815,0.08,0.35,0.05,0.45,1.2,23.8382498934865,865650.394461001,865650.400115297
719,eye0,pmrnet,loop,22.76562002953142,0.02,0.5241399630904198,10.674194083549082,1.2019930873066187,0.08,0.35,0.05,0.45,1.2,37.31594716347754,865650.402513416,865650.414914282
720,eye0,pmrnet,loop,25.525867007672787,0.02,0.5671778926625848,9.530613082461059,0.5107109900563955,0.08,0.35,0.05,0.45,1.2,38.284368972852825,865650.415134658,865650.425743705
722,eye0,pmrnet,loop,16.465164022520185,0.02,1.3352020177990198,3.808037959970534,0.47377205919474363,0.08,0.35,0.05,0.45,1.2,24.23217605948448,865650.427204509,865650.432822145
723,eye0,pmrnet,loop,14.798669028095901,0.02,0.36660395562648773,4.054612945765257,0.3423229791224003,0.08,0.35,0.05,0.45,1.2,21.712208908610044,865650.434461075,865650.439224842
724,eye0,pmrnet,loop,14.918847009539604,0.02,0.35831599961966276,3.6245720693841577,0.9489109506830573,0.08,0.35,0.05,0.45,1.2,22.00064602922648,865650.442481371,865650.44741343
725,eye0,pmrnet,loop,13.967409962788224,0.02,0.36279798950999975,3.452482051216066,0.23338093888014555,0.08,0.35,0.05,0.45,1.2,20.166070942394434,865650.45048231,865650.454531338
726,eye0,pmrnet,loop,14.956668950617313,0.02,0.3869669744744897,4.176471964456141,0.5424820119515061,0.08,0.35,0.05,0.45,1.2,22.21258990149945,865650.458483178,865650.463589404
727,eye0,pmrnet,loop,16.066508018411696,0.02,0.39839395321905613,4.932968993671238,0.9853859664872289,0.08,0.35,0.05,0.45,1.2,24.533256931789218,865650.466451144,865650.472768132
728,eye0,pmrnet,loop,20.93012898694724,0.02,0.5403839750215411,10.102628963068128,0.5390319274738431,0.08,0.35,0.05,0.45,1.2,34.26217385251075,865650.474517698,865650.485700395
672,eye1,pmrnet,loop,21.066368906758726,0.02,0.5527029279619455,9.443816030398011,0.45411696191877127,0.08,0.35,0.05,0.45,1.2,33.66700482703746,865650.065718963,865650.076170082
673,eye1,pmrnet,loop,24.259875994175673,0.02,0.518155051395297,9.251391980797052,0.45796402264386415,0.08,0.35,0.05,0.45,1.2,36.637387049011885,865650.077204411,865650.087432431
675,eye1,pmrnet,loop,18.8327879877761,0.02,0.5151769146323204,9.439092013053596,0.5891479086130857,0.08,0.35,0.05,0.45,1.2,31.5262048240751,865650.087600059,865650.098143964
676,eye1,pmrnet,loop,24.570935987867415,0.02,0.6085730856284499,7.553385919891298,0.5281639751046896,0.08,0.35,0.05,0.45,1.2,35.41105896849185,865650.103261199,865650.111951804
678,eye1,pmrnet,loop,12.995045050047338,0.02,0.34111400600522757,3.558670054189861,0.5424970295280218,0.08,0.35,0.05,0.45,1.2,19.587326139770447,865650.112071437,865650.116514042
679,eye1,pmrnet,loop,19.848774070851505,0.02,0.41171605698764324,10.189708089455962,0.38705102633684874,0.08,0.35,0.05,0.45,1.2,32.98724924363196,865650.120446801,865650.13143582
680,eye1,pmrnet,loop,18.043565098196268,0.02,1.3370770029723644,3.863874007947743,0.9071610402315855,0.08,0.35,0.05,0.45,1.2,26.30167714934796,865650.131591482,865650.137699945
681,eye1,pmrnet,loop,16.778099932707846,0.02,0.42520102579146624,3.4513570135459304,0.6860930006951094,0.08,0.35,0.05,0.45,1.2,23.49075097274035,865650.139940481,865650.14450339
682,eye1,pmrnet,loop,22.224502987228334,0.02,0.48819289077073336,9.776234976015985,0.3931890241801739,0.08,0.35,0.05,0.45,1.2,35.032119878195225,865650.147359921,865650.158018206
683,eye1,pmrnet,loop,19.860591972246766,0.02,0.38718292489647865,3.8243260933086276,0.4457939649000764,0.08,0.35,0.05,0.45,1.2,26.667894955351947,865650.159066866,865650.163724463
684,eye1,pmrnet,loop,16.555690090171993,0.02,0.3799699479714036,3.7966719828546047,0.4414999857544899,0.08,0.35,0.05,0.45,1.2,23.32383200675249,865650.163870236,865650.1684886
685,eye1,pmrnet,loop,15.150835970416665,0.02,0.35754195414483547,3.2419019844383,0.2467049052938819,0.08,0.35,0.05,0.45,1.2,21.14698481429368,865650.171306367,865650.175152759
686,eye1,pmrnet,loop,22.329453960992396,0.02,0.5311130080372095,9.930538944900036,0.5458890227600932,0.08,0.35,0.05,0.45,1.2,35.48699493668973,865650.179391066,865650.19039931
687,eye1,pmrnet,loop,25.147325941361487,0.02,0.6156089948490262,9.521808009594679,0.5334349116310477,0.08,0.35,0.05,0.45,1.2,37.96817785743624,865650.190615221,865650.201286607
688,eye1,pmrnet,loop,25.861997972242534,0.02,1.7081580590456724,4.959261044859886,0.9180769557133317,0.08,0.35,0.05,0.45,1.2,35.59749403186142,865650.202485053,865650.210070979
689,eye1,pmrnet,loop,22.12192607112229,0.02,0.3599530318751931,3.474842058494687,0.37711195182055235,0.08,0.35,0.05,0.45,1.2,28.48383311331272,865650.210187611,865650.21439983
690,eye1,pmrnet,loop,19.372067996300757,0.02,0.3783630672842264,4.363305983133614,0.4659900441765785,0.08,0.35,0.05,0.45,1.2,26.729727090895175,865650.214510389,865650.219718407
691,eye1,pmrnet,loop,27.415637974627316,0.02,0.6528689991682768,10.13127900660038,0.48240204341709614,0.08,0.35,0.05,0.45,1.2,40.83218802381307,865650.224549212,865650.235830573
693,eye1,pmrnet,loop,15.462102019228041,0.02,0.605095992796123,3.1495769508183002,0.21888501942157745,0.08,0.35,0.05,0.45,1.2,21.58565998226404,865650.236042001,865650.24001595
694,eye1,pmrnet,loop,22.44703599717468,0.02,0.5175570258870721,9.656281908974051,0.47691597137600183,0.08,0.35,0.05,0.45,1.2,35.247790903411804,865650.244418018,865650.255069273
695,eye1,pmrnet,loop,20.970057928934693,0.02,0.8409910369664431,5.310892942361534,0.23843091912567616,0.08,0.35,0.05,0.45,1.2,29.510372827388345,865650.255271024,865650.261661739
696,eye1,pmrnet,loop,28.049321030266583,0.02,1.0996860219165683,9.96612396556884,0.6219940260052681,0.08,0.35,0.05,0.45,1.2,41.88712504375726,865650.265121281,865650.276809758
698,eye1,pmrnet,loop,23.020252003334463,0.02,0.4829521058127284,10.149863897822797,0.2762790536507964,0.08,0.35,0.05,0.45,1.2,36.07934706062078,865650.277008626,865650.287918261
699,eye1,pmrnet,loop,22.401824942789972,0.02,2.19304405618459,3.93316603731364,0.3867690684273839,0.08,0.35,0.05,0.45,1.2,31.064804104715584,865650.288855763,865650.295369056
700,eye1,pmrnet,loop,19.001976936124265,0.02,0.35571597982198,3.7432070821523666,0.4159649834036827,0.08,0.35,0.05,0.45,1.2,25.666864981502293,865650.295523369,865650.300038573
701,eye1,pmrnet,loop,15.401446027681231,0.02,0.38337300065904856,3.6754029570147395,0.2839710796251893,0.08,0.35,0.05,0.45,1.2,21.894193064980207,865650.300163537,865650.304506591
702,eye1,pmrnet,loop,20.2977730659768,0.02,0.36259694024920464,9.171966928988695,0.5464459536597133,0.08,0.35,0.05,0.45,1.2,32.52878288887441,865650.307390687,865650.317472058
703,eye1,pmrnet,loop,20.642945892177522,0.02,2.5634909979999065,3.85012396145612,0.3799729747697711,0.08,0.35,0.05,0.45,1.2,29.58653382640332,865650.319092094,865650.325885917
704,eye1,pmrnet,loop,19.523601979017258,0.02,0.38047495763748884,5.998733104206622,0.43066299986094236,0.08,0.35,0.05,0.45,1.2,28.48347304072231,865650.326025091,865650.332835362
705,eye1,pmrnet,loop,21.997594041749835,0.02,0.4773070104420185,9.274665033444762,0.5940069677308202,0.08,0.35,0.05,0.45,1.2,34.493573053367435,865650.333032076,865650.343378632
706,eye1,pmrnet,loop,23.43335608020425,0.02,0.5416159983724356,6.050892057828605,0.35746407229453325,0.08,0.35,0.05,0.45,1.2,32.53332820869982,865650.345933556,865650.352883983
707,eye1,pmrnet,loop,21.70576702337712,0.02,0.33852201886475086,5.40700601413846,0.4476710455492139,0.08,0.35,0.05,0.45,1.2,30.048966101929544,865650.353031417,865650.359225031
708,eye1,pmrnet,loop,24.44553899113089,0.02,0.4721649456769228,9.611663059331477,0.5385349504649639,0.08,0.35,0.05,0.45,1.2,37.21790194660425,865650.359410681,865650.370033509
709,eye1,pmrnet,loop,28.51618593558669,0.02,0.5740459309890866,10.002119932323694,0.4790989914909005,0.08,0.35,0.05,0.45,1.2,41.72145079039037,865650.371118189,865650.382173904
711,eye1,pmrnet,loop,22.91718206834048,0.02,0.33206900116056204,9.662879980169237,0.3961100010201335,0.08,0.35,0.05,0.45,1.2,35.45824105069041,865650.382320112,865650.39271163
712,eye1,pmrnet,loop,22.03723497223109,0.02,0.4142170073464513,4.3585560051724315,1.197664998471737,0.08,0.35,0.05,0.45,1.2,30.15767298322171,865650.393931367,865650.39990204
713,eye1,pmrnet,loop,18.436930025927722,0.02,0.35980797838419676,3.4790709614753723,0.5005220882594585,0.08,0.35,0.05,0.45,1.2,24.92633105404675,865650.400030885,865650.404370508
714,eye1,pmrnet,loop,14.595702989026904,0.02,0.3501779865473509,3.28662502579391,0.4627529997378588,0.08,0.35,0.05,0.45,1.2,20.845259001106022,865650.404498573,865650.408598412
715,eye1,pmrnet,loop,13.395559974014759,0.02,0.4753939574584365,3.2717660069465637,0.3747449954971671,0.08,0.35,0.05,0.45,1.2,19.667464933916925,865650.411346354,865650.415468506
716,eye1,pmrnet,loop,22.603434044867754,0.02,0.3430820070207119,10.918971034698188,2.148170955479145,0.08,0.35,0.05,0.45,1.2,38.1636580420658,865650.419333055,865650.432743692
717,eye1,pmrnet,loop,20.92188294045627,0.02,0.46050501987338066,3.95365699660033,0.8387230336666107,0.08,0.35,0.05,0.45,1.2,28.32476799059659,865650.433879555,865650.439132798
718,eye1,pmrnet,loop,18.22031196206808,0.02,0.3530150279402733,4.290573997423053,0.6009630160406232,0.08,0.35,0.05,0.45,1.2,25.61486400347203,865650.439255455,865650.444500284
719,eye1,pmrnet,loop,19.347294000908732,0.02,0.3479360602796078,7.812863914296031,0.9264659602195024,0.08,0.35,0.05,0.45,1.2,30.584559935703872,865650.444608256,865650.453695802
720,eye1,pmrnet,loop,20.900101051665843,0.02,0.39054197259247303,7.155457977205515,1.1199050350114703,0.08,0.35,0.05,0.45,1.2,31.7160060364753,865650.454651539,865650.463317728
721,eye1,pmrnet,loop,18.1650600861758,0.02,0.34670799504965544,3.524870960973203,1.3259289553388953,0.08,0.35,0.05,0.45,1.2,25.512567997537552,865650.463453565,865650.468651344
722,eye1,pmrnet,loop,14.2744779586792,0.02,0.36834191996604204,3.3212319249287248,0.3312519984319806,0.08,0.35,0.05,0.45,1.2,20.445303802005945,865650.468809259,865650.472830395
723,eye1,pmrnet,loop,19.146312959492207,0.02,0.49154204316437244,9.578609955497086,0.33665006048977375,0.08,0.35,0.05,0.45,1.2,31.703115018643437,865650.475363285,865650.485770797
724,eye1,pmrnet,loop,21.82159700896591,0.02,0.5512770731002092,9.543412015773356,0.44719595462083817,0.08,0.35,0.05,0.45,1.2,34.51348205246031,865650.485972506,865650.496515043
725,eye1,pmrnet,loop,19.49367905035615,0.02,0.37714093923568726,3.3246100647374988,0.41503203101456165,0.08,0.35,0.05,0.45,1.2,25.760462085343896,865650.498139729,865650.502256794
726,eye1,pmrnet,loop,15.617299010045826,0.02,0.3493940457701683,3.3683989895507693,0.36226806696504354,0.08,0.35,0.05,0.45,1.2,21.847360112331806,865650.502368923,865650.506449233
729,eye0,pmrnet,loop,24.27527599502355,0.02,0.6203610682860017,9.532285039313138,0.37923501804471016,0.08,0.35,0.05,0.45,1.2,36.9571571206674,865650.486582855,865650.497115199
730,eye0,pmrnet,loop,28.70984293986112,0.02,0.392446992918849,10.6478170491755,0.5904700374230742,0.08,0.35,0.05,0.45,1.2,42.49057701937854,865650.497986481,865650.509617679
732,eye0,pmrnet,loop,23.07547500822693,0.02,0.5057730013504624,9.421771042980254,0.3746240399777889,0.08,0.35,0.05,0.45,1.2,35.527643092535435,865650.509819029,865650.520121754
733,eye0,pmrnet,loop,26.446068077348173,0.02,0.6354979705065489,9.656026028096676,0.28652301989495754,0.08,0.35,0.05,0.45,1.2,39.17411509584635,865650.520982732,865650.531561217
735,eye0,pmrnet,loop,20.321873016655445,0.02,1.5138860326260328,6.990858004428446,1.3394769048318267,0.08,0.35,0.05,0.45,1.2,32.31609395854175,865650.531731068,865650.541575559
736,eye0,pmrnet,loop,23.847767035476863,0.02,0.5113160004839301,9.467985015362501,0.48237305600196123,0.08,0.35,0.05,0.45,1.2,36.459441107325254,865650.54270812,865650.553170318
737,eye0,pmrnet,loop,25.261581991799176,0.02,0.471017905510962,8.425088017247617,0.4179709358140826,0.08,0.35,0.05,0.45,1.2,36.725658850371836,865650.55333885,865650.562653314
739,eye0,pmrnet,loop,14.815010013990104,0.02,0.4580619279295206,3.9961679140105844,0.6329480092972517,0.08,0.35,0.05,0.45,1.2,22.05218786522746,865650.563256936,865650.568344507
740,eye0,pmrnet,loop,18.23176897596568,0.02,0.40409795474261045,8.456545998342335,0.4861439811065793,0.08,0.35,0.05,0.45,1.2,29.728556910157202,865650.57048299,865650.579830115
741,eye0,pmrnet,loop,22.109064972028136,0.02,0.5094580119475722,9.897927986457944,0.5701270420104265,0.08,0.35,0.05,0.45,1.2,35.23657801244408,865650.580798217,865650.591776238
742,eye0,pmrnet,loop,24.294996983371675,0.02,0.5662499461323023,9.144822950474918,0.3937350120395422,0.08,0.35,0.05,0.45,1.2,36.549804892018436,865650.591926585,865650.60203186
744,eye0,pmrnet,loop,13.119124923832715,0.02,0.3348980098962784,3.41205601580441,0.44237496331334114,0.08,0.35,0.05,0.45,1.2,19.458453912846743,865650.602804311,865650.606993885
745,eye0,pmrnet,loop,12.895521940663457,0.02,0.3833450609818101,3.31127701792866,0.6550090620294213,0.08,0.35,0.05,0.45,1.2,19.395153081603347,865650.610489442,865650.614839395
746,eye0,pmrnet,loop,12.578213005326688,0.02,0.36256201565265656,3.324834047816694,0.44247100595384836,0.08,0.35,0.05,0.45,1.2,18.858080074749886,865650.618461054,865650.622591178
747,eye0,pmrnet,loop,14.236690010875463,0.02,0.3753469791263342,4.14809794165194,1.341555966064334,0.08,0.35,0.05,0.45,1.2,22.25169089771807,865650.626452726,865650.632318079
748,eye0,pmrnet,loop,12.682974920608103,0.02,0.3900829469785094,3.4544129157438874,0.5271569825708866,0.08,0.35,0.05,0.45,1.2,19.204627765901385,865650.634463058,865650.638835032
749,eye0,pmrnet,loop,12.180570978671312,0.02,0.32937503419816494,3.2726069912314415,0.22927497047930956,0.08,0.35,0.05,0.45,1.2,18.161827974580227,865650.642570025,865650.646401595
750,eye0,pmrnet,loop,19.09381104633212,0.02,0.5494860233739018,9.71535500138998,0.5845740670338273,0.08,0.35,0.05,0.45,1.2,32.09322613812983,865650.650533259,865650.661383162
751,eye0,pmrnet,loop,16.22843206860125,0.02,1.0599159868434072,3.4610320581123233,0.538251013495028,0.08,0.35,0.05,0.45,1.2,23.437631127052008,865650.66152757,865650.666587134
752,eye0,pmrnet,loop,23.09137606061995,0.02,0.45291404239833355,9.91065299604088,0.6192440632730722,0.08,0.35,0.05,0.45,1.2,36.224187162332235,865650.670535296,865650.681518716
753,eye0,pmrnet,loop,25.77107900287956,0.02,0.4746359772980213,9.513629949651659,0.5804999964311719,0.08,0.35,0.05,0.45,1.2,38.48984492626041,865650.681697871,865650.692267159
755,eye0,pmrnet,loop,17.409699968993664,0.02,0.5515710217878222,5.366589059121907,0.4206530284136534,0.08,0.35,0.05,0.45,1.2,25.898513078317045,865650.693705447,865650.700044656
756,eye0,pmrnet,loop,13.284789049066603,0.02,0.33450499176979065,3.2832520082592964,0.21847104653716087,0.08,0.35,0.05,0.45,1.2,19.27101709563285,865650.700152197,865650.70398868
757,eye0,pmrnet,loop,16.841172007843852,0.02,0.5192800890654325,3.5470169968903065,1.031407038681209,0.08,0.35,0.05,0.45,1.2,24.0888761324808,865650.710515551,865650.715613789
758,eye0,pmrnet,loop,19.052568939514458,0.02,0.4984390689060092,6.669947993941605,0.2263300120830536,0.08,0.35,0.05,0.45,1.2,28.597286014445125,865650.718499475,865650.725894633
759,eye0,pmrnet,loop,18.31554202362895,0.02,0.32084097620099783,4.2591000674292445,2.1562179317697883,0.08,0.35,0.05,0.45,1.2,27.20170099902898,865650.726489398,865650.733225861
760,eye0,pmrnet,loop,22.969341021962464,0.02,0.5773389711976051,9.90681303665042,0.9257129859179258,0.08,0.35,0.05,0.45,1.2,36.52920601572841,865650.73453856,865650.745948909
761,eye0,pmrnet,loop,26.15388506092131,0.02,0.6715570343658328,9.711342048831284,0.6984609644860029,0.08,0.35,0.05,0.45,1.2,39.38524510860443,865650.746120456,865650.757202353
762,eye0,pmrnet,loop,25.952333002351224,0.02,0.5788709968328476,5.8353409403935075,0.26223401073366404,0.08,0.35,0.05,0.45,1.2,34.77877895031124,865650.758393324,865650.765070293
763,eye0,pmrnet,loop,22.754705976694822,0.02,0.33771200105547905,4.0691850008443,0.3474970581009984,0.08,0.35,0.05,0.45,1.2,29.659100036695598,865650.765186936,865650.769941629
764,eye0,pmrnet,loop,20.39815706666559,0.02,0.38756290450692177,4.677097895182669,0.5267550004646182,0.08,0.35,0.05,0.45,1.2,28.139572866819798,865650.770062442,865650.775654187
765,eye0,pmrnet,loop,24.176664068363607,0.02,0.49941299948841333,9.55924007575959,0.8464959682896733,0.08,0.35,0.05,0.45,1.2,37.23181311190128,865650.776595257,865650.787500927
766,eye0,pmrnet,loop,26.920042000710964,0.02,0.4868550458922982,9.641338954679668,0.5042740376666188,0.08,0.35,0.05,0.45,1.2,39.70251003894955,865650.787680292,865650.798313339
768,eye0,pmrnet,loop,19.154006033204496,0.02,3.1614069594070315,4.175110952928662,0.37564197555184364,0.08,0.35,0.05,0.45,1.2,29.016165921092032,865650.798973627,865650.806686094
769,eye0,pmrnet,loop,15.096061979420483,0.02,0.35875895991921425,3.273083013482392,0.25707599706947803,0.08,0.35,0.05,0.45,1.2,21.134979949891566,865650.806807759,865650.810696997
770,eye0,pmrnet,loop,14.850730076432228,0.02,0.3857429837808013,3.2414160668849945,0.39456808008253574,0.08,0.35,0.05,0.45,1.2,21.022457207180558,865650.814498686,865650.818520711
771,eye0,pmrnet,loop,14.91884293500334,0.02,0.33943401649594307,3.3421219559386373,0.4393539857119322,0.08,0.35,0.05,0.45,1.2,21.18975289314985,865650.822536635,865650.82665781
772,eye0,pmrnet,loop,14.939095010049641,0.02,0.38714392576366663,3.615963039919734,0.24567102082073689,0.08,0.35,0.05,0.45,1.2,21.337872996553777,865650.830497891,865650.834747029
773,eye0,pmrnet,loop,14.622061979025602,0.02,0.34114602021873,3.2977809896692634,0.37674594204872847,0.08,0.35,0.05,0.45,1.2,20.787734930962323,865650.838483287,865650.842499265
774,eye0,pmrnet,loop,18.79687304608524,0.02,0.48418506048619747,7.402778952382505,0.36074791569262743,0.08,0.35,0.05,0.45,1.2,29.194584974646567,865650.846494085,865650.854742287
775,eye0,pmrnet,loop,15.822028974071145,0.02,0.3518469166010618,3.8572041084989905,0.7457240717485547,0.08,0.35,0.05,0.45,1.2,22.92680407091975,865650.854881479,865650.859836569
776,eye0,pmrnet,loop,21.980881923809648,0.02,0.5944960284978151,10.195799986831844,0.7735539693385363,0.08,0.35,0.05,0.45,1.2,35.69473190847784,865650.862499169,865650.874063558
777,eye0,pmrnet,loop,25.670945993624628,0.02,1.917269080877304,9.269156958907843,0.3610179992392659,0.08,0.35,0.05,0.45,1.2,39.36839003264904,865650.874275335,865650.885823341
779,eye0,pmrnet,loop,22.435866063460708,0.02,0.3543109633028507,10.34750195685774,1.3735719257965684,0.08,0.35,0.05,0.45,1.2,36.661250909417866,865650.886649884,865650.898725563
780,eye0,pmrnet,loop,25.903583969920874,0.02,0.4831720143556595,10.298651061020792,0.5725169321522117,0.08,0.35,0.05,0.45,1.2,39.407923977449535,865650.898906781,865650.910261572
782,eye0,pmrnet,loop,19.48903896845877,0.02,1.2020230060443282,6.013879901729524,0.46280305832624435,0.08,0.35,0.05,0.45,1.2,29.317744934558867,865650.912306724,865650.919986097
783,eye0,pmrnet,loop,16.18648204021156,0.02,0.4319350700825453,3.5991810727864504,0.5458870436996222,0.08,0.35,0.05,0.45,1.2,22.913485226780175,865650.920175123,865650.924752388
784,eye0,pmrnet,loop,15.111695975065231,0.02,0.4295669496059418,4.096474964171648,0.6980410544201732,0.08,0.35,0.05,0.45,1.2,22.485778943262993,865650.926521975,865650.93174645
785,eye0,pmrnet,loop,15.069272951222956,0.02,0.6646789843216538,4.000992979854345,0.5567239131778479,0.08,0.35,0.05,0.45,1.2,22.441668828576802,865650.934550686,865650.939773663
786,eye0,pmrnet,loop,21.72801096457988,0.02,0.6308830343186855,10.532580083236098,0.7458110339939594,0.08,0.35,0.05,0.45,1.2,35.78728511612862,865650.942590036,865650.95450009
727,eye1,pmrnet,loop,12.729234993457794,0.02,0.35364192444831133,3.4809299977496266,0.4393960116431117,0.08,0.35,0.05,0.45,1.2,19.153202927298842,865650.507356123,865650.511630364
728,eye1,pmrnet,loop,12.393611948937178,0.02,0.334783922880888,3.2617980614304543,0.40689599700272083,0.08,0.35,0.05,0.45,1.2,18.54708993025124,865650.515359676,865650.519363765
729,eye1,pmrnet,loop,16.09539403580129,0.02,0.5084930453449488,6.365296896547079,0.8979550329968333,0.08,0.35,0.05,0.45,1.2,26.01713901069015,865650.523361882,865650.531134038
730,eye1,pmrnet,loop,12.641010107472539,0.02,0.4003590438514948,3.6069219931960106,0.44049497228115797,0.08,0.35,0.05,0.45,1.2,19.2387861168012,865650.531300551,865650.535748623
731,eye1,pmrnet,loop,13.542516971938312,0.02,0.33956998959183693,4.563517984934151,0.4535060143098235,0.08,0.35,0.05,0.45,1.2,21.049110960774122,865650.539361992,865650.544718958
732,eye1,pmrnet,loop,16.68969204183668,0.02,0.4844219656661153,7.409360958263278,0.6958849262446165,0.08,0.35,0.05,0.45,1.2,27.429359892010687,865650.547345519,865650.55593559
733,eye1,pmrnet,loop,12.979738065041602,0.02,0.3616389585658908,3.323857090435922,0.5678919842466712,0.08,0.35,0.05,0.45,1.2,19.383126098290084,865650.556041048,865650.560294728
734,eye1,pmrnet,loop,13.013933086767793,0.02,0.39369496516883373,4.346034023910761,0.3534939605742693,0.08,0.35,0.05,0.45,1.2,20.257156036421655,865650.563303949,865650.568397496
735,eye1,pmrnet,loop,18.564033904112875,0.02,0.5231579998508096,9.638065937906504,0.5008570151403546,0.08,0.35,0.05,0.45,1.2,31.376114857010542,865650.571353448,865650.582016167
736,eye1,pmrnet,loop,21.057982929050922,0.02,0.46188803389668465,9.69513796735555,0.22581906523555517,0.08,0.35,0.05,0.45,1.2,33.59082799553872,865650.582195701,865650.592578975
737,eye1,pmrnet,loop,25.992645998485386,0.02,0.5568249616771936,9.582105907611549,0.6906950147822499,0.08,0.35,0.05,0.45,1.2,38.97227188255638,865650.594753182,865650.605583393
738,eye1,pmrnet,loop,28.409459977410734,0.02,0.47633808571845293,9.531406103633344,0.34789799246937037,0.08,0.35,0.05,0.45,1.2,40.9151021592319,865650.605712175,865650.616068381
740,eye1,pmrnet,loop,25.29223694000393,0.02,0.5122210131958127,9.872831054963171,0.7754940306767821,0.08,0.35,0.05,0.45,1.2,38.602783038839696,865650.617927949,865650.629089073
741,eye1,pmrnet,loop,27.00648596510291,0.02,0.7702200673520565,8.475244976580143,0.31248899176716805,0.08,0.35,0.05,0.45,1.2,38.71444000080228,865650.629315065,865650.638873443
743,eye1,pmrnet,loop,17.013622098602355,0.02,0.3291730536147952,3.339493996463716,1.517183962278068,0.08,0.35,0.05,0.45,1.2,24.349473110958932,865650.639832492,865650.645018611
744,eye1,pmrnet,loop,16.419493011198938,0.02,0.3541860496625304,4.386021057143807,0.4274599486961961,0.08,0.35,0.05,0.45,1.2,23.73716006670147,865650.647325119,865650.652493067
745,eye1,pmrnet,loop,18.151546944864094,0.02,0.33099798019975424,6.205426994711161,0.43294206261634827,0.08,0.35,0.05,0.45,1.2,27.270913982391356,865650.655324802,865650.662294471
746,eye1,pmrnet,loop,23.30995094962418,0.02,1.5420239651575685,9.865765925496817,0.4511249717324972,0.08,0.35,0.05,0.45,1.2,37.31886581201106,865650.663661102,865650.675520635
747,eye1,pmrnet,loop,25.579188019037247,0.02,0.49523101188242435,9.185677976347506,0.4427119856700301,0.08,0.35,0.05,0.45,1.2,37.852808992937206,865650.675735296,865650.685859452
749,eye1,pmrnet,loop,25.67702892702073,0.02,0.8866830030456185,10.144689003936946,1.1668700026348233,0.08,0.35,0.05,0.45,1.2,40.025270936638115,865650.68989607,865650.702094979
750,eye1,pmrnet,loop,24.037424009293318,0.02,1.9190969178453088,4.151158966124058,0.22740697022527456,0.08,0.35,0.05,0.45,1.2,32.48508686348796,865650.702226701,865650.70852485
751,eye1,pmrnet,loop,27.13949605822563,0.02,0.5115090170875192,7.968863006681204,0.3848850028589368,0.08,0.35,0.05,0.45,1.2,38.15475308485329,865650.710830501,865650.719696195
753,eye1,pmrnet,loop,15.08968393318355,0.02,0.33737404737621546,3.2131660263985395,0.42522698640823364,0.08,0.35,0.05,0.45,1.2,21.215450993366538,865650.719808625,865650.723784679
754,eye1,pmrnet,loop,16.47540193516761,0.02,0.35794300492852926,4.126788000576198,1.4222580939531326,0.08,0.35,0.05,0.45,1.2,24.53239103462547,865650.727332421,865650.733239638
755,eye1,pmrnet,loop,22.11011096369475,0.02,0.43309107422828674,9.715502965264022,0.33395609352737665,0.08,0.35,0.05,0.45,1.2,34.742661096714436,865650.736460411,865650.74694353
756,eye1,pmrnet,loop,24.429375072941184,0.02,2.05792800989002,7.925642072223127,0.21458999253809452,0.08,0.35,0.05,0.45,1.2,36.777535147592424,865650.747132999,865650.757331591
757,eye1,pmrnet,loop,23.64708308596164,0.02,0.4199519753456116,3.974847961217165,1.5975759597495198,0.08,0.35,0.05,0.45,1.2,31.789458982273935,865650.758626375,865650.764619045
758,eye1,pmrnet,loop,20.823555998504162,0.02,0.35603006836026907,4.194502951577306,0.5639940500259399,0.08,0.35,0.05,0.45,1.2,28.088083068467675,865650.764749348,865650.769864139
759,eye1,pmrnet,loop,18.2623720029369,0.02,0.36127609200775623,3.9030599873512983,1.1117649264633656,0.08,0.35,0.05,0.45,1.2,25.78847300875932,865650.769995954,865650.775372286
760,eye1,pmrnet,loop,19.338445970788598,0.02,0.777684967033565,6.203173077665269,0.3937969449907541,0.08,0.35,0.05,0.45,1.2,28.863100960478185,865650.777142468,865650.784517517
761,eye1,pmrnet,loop,15.180270071141422,0.02,0.3326830919831991,3.24258697219193,0.22692303173244,0.08,0.35,0.05,0.45,1.2,21.13246316704899,865650.784625732,865650.78842824
762,eye1,pmrnet,loop,14.382680994458497,0.02,0.3800309496000409,3.333315020427108,0.591432093642652,0.08,0.35,0.05,0.45,1.2,20.837459058128296,865650.791394643,865650.795699659
763,eye1,pmrnet,loop,20.60769300442189,0.02,0.5045200232416391,9.46850294712931,0.651218113489449,0.08,0.35,0.05,0.45,1.2,33.38193408828229,865650.799367992,865650.809992728
764,eye1,pmrnet,loop,22.936391993425786,0.02,0.5045749712735415,9.313796064816415,0.33814599737524986,0.08,0.35,0.05,0.45,1.2,35.24290902689099,865650.810233391,865650.820390438
765,eye1,pmrnet,loop,29.104324989020824,0.02,0.907495035789907,11.12700707744807,1.0419499594718218,0.08,0.35,0.05,0.45,1.2,44.33077706173062,865650.821549863,865650.834626907
767,eye1,pmrnet,loop,23.28397100791335,0.02,0.5078359972685575,9.258404024876654,0.3282909747213125,0.08,0.35,0.05,0.45,1.2,35.528502004779874,865650.834850197,865650.844945434
768,eye1,pmrnet,loop,24.971953011117876,0.02,0.47437590546905994,7.373995031230152,0.9614850860089064,0.08,0.35,0.05,0.45,1.2,35.93180903382599,865650.845892295,865650.854702539
769,eye1,pmrnet,loop,22.114099003374577,0.02,0.3686539130285382,4.346459987573326,0.3488139482215047,0.08,0.35,0.05,0.45,1.2,29.328026852197944,865650.854849634,865650.859913828
770,eye1,pmrnet,loop,19.095280091278255,0.02,0.342531013302505,3.532374044880271,1.0506679536774755,0.08,0.35,0.05,0.45,1.2,26.170853103138505,865650.860038339,865650.864964154
771,eye1,pmrnet,loop,15.782566973939538,0.02,0.33144804183393717,3.2751290127635,0.4233990330249071,0.08,0.35,0.05,0.45,1.2,21.96254306156188,865650.865690029,865650.869720293
772,eye1,pmrnet,loop,13.441874994896352,0.02,0.36479299888014793,3.4688619198277593,0.2247330266982317,0.08,0.35,0.05,0.45,1.2,19.65026294030249,865650.871390244,865650.875448875
773,eye1,pmrnet,loop,13.406679965555668,0.02,0.33762003295123577,3.390155965462327,0.38801098708063364,0.08,0.35,0.05,0.45,1.2,19.672466951049863,865650.879366731,865650.883482745
774,eye1,pmrnet,loop,20.737437065690756,0.02,0.3236510092392564,10.04330301657319,1.166734960861504,0.08,0.35,0.05,0.45,1.2,34.421126052364706,865650.887346176,865650.898880216
775,eye1,pmrnet,loop,25.909206015057862,0.02,2.0765609806403518,10.417203069664538,0.4906679969280958,0.08,0.35,0.05,0.45,1.2,41.043638062290846,865650.89913614,865650.912121201
777,eye1,pmrnet,loop,22.61795394588262,0.02,0.6331319455057383,10.17878798302263,0.4056170582771301,0.08,0.35,0.05,0.45,1.2,35.985490932688116,865650.913749474,865650.92496769
778,eye1,pmrnet,loop,24.859052035026252,0.02,0.5949490005150437,9.041131008416414,0.4221179988235235,0.08,0.35,0.05,0.45,1.2,37.06725004278123,865650.925218786,865650.935277829
780,eye1,pmrnet,loop,18.596733920276165,0.02,0.5855499766767025,7.3740980587899685,0.7451000856235623,0.08,0.35,0.05,0.45,1.2,29.451482041366397,865650.93644933,865650.945154599
781,eye1,pmrnet,loop,15.311431023292243,0.02,0.4346659407019615,3.720248001627624,0.45526796020567417,0.08,0.35,0.05,0.45,1.2,22.071612925827502,865650.945327811,865650.949938281
782,eye1,pmrnet,loop,13.343035010620952,0.02,0.47227798495441675,3.884514910168946,0.26864593382924795,0.08,0.35,0.05,0.45,1.2,20.11847383957356,865650.951413117,865650.95603883
783,eye1,pmrnet,loop,16.526275081560016,0.02,0.6430289940908551,6.5174829214811325,0.7072710432112217,0.08,0.35,0.05,0.45,1.2,26.544058040343224,865650.959422567,865650.96729084
787,eye0,pmrnet,loop,26.529010967351496,0.02,0.6786760641261935,9.514551959000528,0.3997830208390951,0.08,0.35,0.05,0.45,1.2,39.27202201131731,865650.956777904,865650.9673715
789,eye0,pmrnet,loop,16.08708593994379,0.02,0.4327970091253519,3.701596986502409,1.3591689057648182,0.08,0.35,0.05,0.45,1.2,23.730648841336368,865650.967573738,865650.973067725
790,eye0,pmrnet,loop,21.226263022981584,0.02,0.6277239881455898,10.404067928902805,0.7218770915642381,0.08,0.35,0.05,0.45,1.2,35.129932031594215,865650.974520833,865650.986275305
791,eye0,pmrnet,loop,19.04509903397411,0.02,0.5340829957276583,4.281011992134154,0.8020319510251284,0.08,0.35,0.05,0.45,1.2,26.81222597286105,865650.986546602,865650.992164322
792,eye0,pmrnet,loop,27.45596505701542,0.02,0.7902670186012983,12.174727977253497,0.5018380470573902,0.08,0.35,0.05,0.45,1.2,43.0727980999276,865650.99517521,865651.008642724
794,eye0,pmrnet,loop,24.478649022057652,0.02,0.6333299679681659,11.806985014118254,0.4461640492081642,0.08,0.35,0.05,0.45,1.2,39.515128053352235,865651.008916199,865651.021803529
796,eye0,pmrnet,loop,15.314018004573882,0.02,0.7616879884153605,4.146503051742911,0.5400149384513497,0.08,0.35,0.05,0.45,1.2,22.9122239831835,865651.023328979,865651.028777572
797,eye0,pmrnet,loop,14.231870067305863,0.02,0.6027529016137123,4.1888050036504865,0.4544000839814544,0.08,0.35,0.05,0.45,1.2,21.627828056551515,865651.030517992,865651.035764439
798,eye0,pmrnet,loop,13.507426949217916,0.02,0.5315429298207164,3.5948649747297168,0.437141046859324,0.08,0.35,0.05,0.45,1.2,20.22097590062767,865651.038546154,865651.043109998
799,eye0,pmrnet,loop,13.365149963647127,0.02,0.3698259824886918,3.4859549487009645,0.674828072078526,0.08,0.35,0.05,0.45,1.2,20.045758966915308,865651.04650629,865651.051037151
800,eye0,pmrnet,loop,13.119854032993317,0.02,0.3918790025636554,3.390860976651311,0.5721329944208264,0.08,0.35,0.05,0.45,1.2,19.624727006629108,865651.054505601,865651.058860779
801,eye0,pmrnet,loop,12.679259991273284,0.02,0.37249596789479256,3.4132549772039056,0.22650999017059803,0.08,0.35,0.05,0.45,1.2,18.84152092654258,865651.062476811,865651.066489314
802,eye0,pmrnet,loop,14.860910945571959,0.02,0.5051490152254701,5.02821197733283,0.6988949608057737,0.08,0.35,0.05,0.45,1.2,23.243166898936032,865651.070506902,865651.07673966
803,eye0,pmrnet,loop,12.787126936018467,0.02,0.4051190335303545,3.3271999564021826,0.483138021081686,0.08,0.35,0.05,0.45,1.2,19.15258394703269,865651.078519204,865651.082734894
804,eye0,pmrnet,loop,12.814035057090223,0.02,0.3605870297178626,3.341791918501258,0.6209450075402856,0.08,0.35,0.05,0.45,1.2,19.287359012849628,865651.086506944,865651.090830543
805,eye0,pmrnet,loop,20.270294044166803,0.02,0.650197034701705,10.435196105390787,0.7285979809239507,0.08,0.35,0.05,0.45,1.2,34.234285165183245,865651.094540557,865651.106355165
806,eye0,pmrnet,loop,19.90801200736314,0.02,0.5118700210005045,6.693408009596169,0.2410550368949771,0.08,0.35,0.05,0.45,1.2,29.50434507485479,865651.106615846,865651.114062606
807,eye0,pmrnet,loop,23.210292914882302,0.02,0.5094730295240879,9.369802894070745,0.23229490034282207,0.08,0.35,0.05,0.45,1.2,35.471863738819955,865651.115322063,865651.125434103
808,eye0,pmrnet,loop,26.39860799536109,0.02,0.3644790267571807,9.841109975241125,0.9303330443799496,0.08,0.35,0.05,0.45,1.2,39.68453004173934,865651.125553879,865651.136690158
810,eye0,pmrnet,loop,20.28556598816067,0.02,0.6945509230718017,7.686959928832948,0.4669460467994213,0.08,0.35,0.05,0.45,1.2,31.28402288686484,865651.137867506,865651.146716534
811,eye0,pmrnet,loop,16.631005913950503,0.02,0.34396396949887276,3.494272008538246,0.4582880064845085,0.08,0.35,0.05,0.45,1.2,23.07752989847213,865651.146834283,865651.151131044
812,eye0,pmrnet,loop,19.41091800108552,0.02,0.36465597804635763,9.953889064490795,0.416426919400692,0.08,0.35,0.05,0.45,1.2,32.29588996302336,865651.151243943,865651.161979222
813,eye0,pmrnet,loop,20.275386981666088,0.02,1.1484900023788214,6.278260028921068,0.5041999975219369,0.08,0.35,0.05,0.45,1.2,30.356337010487913,865651.162981077,865651.170912386
814,eye0,pmrnet,loop,21.452071028761566,0.02,0.5161029985174537,7.980254013091326,0.5381159717217088,0.08,0.35,0.05,0.45,1.2,32.63654401209205,865651.171122605,865651.18015764
815,eye0,pmrnet,loop,25.252441060729325,0.02,0.5505729932337999,9.889299049973488,0.45040599070489407,0.08,0.35,0.05,0.45,1.2,38.292719094641505,865651.181136483,865651.192027488
816,eye0,pmrnet,loop,28.728897916153073,0.02,0.6871760124340653,10.100280051119626,0.5109419580549002,0.08,0.35,0.05,0.45,1.2,42.17729593776166,865651.192273485,865651.203572489
818,eye0,pmrnet,loop,24.3755109841004,0.02,0.538173015229404,9.698756970465183,0.5119509296491742,0.08,0.35,0.05,0.45,1.2,37.27439189944416,865651.204608096,865651.21535756
819,eye0,pmrnet,loop,27.51289401203394,0.02,0.5436399951577187,9.766412898898125,0.6892150267958641,0.08,0.35,0.05,0.45,1.2,40.662161932885645,865651.215563954,865651.226563803
821,eye0,pmrnet,loop,23.565065930597484,0.02,0.5200590239837766,9.830880910158157,0.7443069480359554,0.08,0.35,0.05,0.45,1.2,36.81031281277537,865651.227657558,865651.238753474
822,eye0,pmrnet,loop,26.080189971253276,0.02,0.5248229717835784,9.449192089959979,0.3859379794448614,0.08,0.35,0.05,0.45,1.2,38.59014301244169,865651.238978246,865651.249338863
823,eye0,pmrnet,loop,24.79442406911403,0.02,0.8831230225041509,3.8633960066363215,1.1650619562715292,0.08,0.35,0.05,0.45,1.2,32.85600505452603,865651.250210274,865651.256122142
824,eye0,pmrnet,loop,23.167139035649598,0.02,0.37408003117889166,4.903694964013994,1.0358759900555015,0.08,0.35,0.05,0.45,1.2,31.630790020897983,865651.256249997,865651.262563968
825,eye0,pmrnet,loop,18.984886934049428,0.02,0.3612089203670621,3.1875480199232697,0.2177360001951456,0.08,0.35,0.05,0.45,1.2,24.901379874534904,865651.262684067,865651.26645086
826,eye0,pmrnet,loop,23.118122946470976,0.02,0.4922359948977828,10.024006944149733,0.6892309756949544,0.08,0.35,0.05,0.45,1.2,36.473596861213444,865651.267446192,865651.278652227
827,eye0,pmrnet,loop,26.034269016236067,0.02,0.5423389375209808,9.503343957476318,0.7180360844358802,0.08,0.35,0.05,0.45,1.2,38.947987995669244,865651.278874278,865651.289638782
829,eye0,pmrnet,loop,22.01136597432196,0.02,0.5255199503153563,9.961667936295271,0.46006194315850735,0.08,0.35,0.05,0.45,1.2,35.108615804091095,865651.290805089,865651.30175277
830,eye0,pmrnet,loop,19.296518992632627,0.02,0.48404501285403967,3.6852569319307804,1.0143979452550411,0.08,0.35,0.05,0.45,1.2,26.630218882672487,865651.301924069,865651.307108006
831,eye0,pmrnet,loop,23.149049025960267,0.02,0.5207459907978773,9.85308806411922,0.6989589892327785,0.08,0.35,0.05,0.45,1.2,36.37184207011014,865651.307955569,865651.319028948
832,eye0,pmrnet,loop,26.351292966865003,0.02,1.1781139764934778,9.496807004325092,0.38541306275874376,0.08,0.35,0.05,0.45,1.2,39.561627010442315,865651.319239435,865651.330300395
834,eye0,pmrnet,loop,22.887675906531513,0.02,0.5249809473752975,10.638782056048512,0.5219459999352694,0.08,0.35,0.05,0.45,1.2,36.72338490989059,865651.331287904,865651.342974137
835,eye0,pmrnet,loop,25.543950032442808,0.02,0.5041180411353707,9.482398978434503,0.5231929244473577,0.08,0.35,0.05,0.45,1.2,38.20365997646004,865651.343190017,865651.353700324
837,eye0,pmrnet,loop,25.534613057971,0.02,0.47339603770524263,9.822762105613947,0.4035889869555831,0.08,0.35,0.05,0.45,1.2,38.38436018824577,865651.359127979,865651.369828546
838,eye0,pmrnet,loop,22.14656595606357,0.02,0.5368239944800735,3.4202960086986423,0.5126870237290859,0.08,0.35,0.05,0.45,1.2,28.76637298297137,865651.370040466,865651.374510702
840,eye0,pmrnet,loop,18.809529021382332,0.02,0.562835019081831,7.013513008132577,0.4824571078643203,0.08,0.35,0.05,0.45,1.2,29.01833415646106,865651.379252021,865651.387311303
841,eye0,pmrnet,loop,21.65485604200512,0.02,0.49022200983017683,9.675953071564436,0.5581580335274339,0.08,0.35,0.05,0.45,1.2,34.52918915692717,865651.387499455,865651.398224379
842,eye0,pmrnet,loop,27.887870091944933,0.02,0.5863410187885165,9.739026078023016,0.7770770462229848,0.08,0.35,0.05,0.45,1.2,41.14031423497945,865651.401424145,865651.412527328
844,eye0,pmrnet,loop,22.966086980886757,0.02,0.4747059429064393,9.721096022985876,0.8430179441347718,0.08,0.35,0.05,0.45,1.2,36.15490689091384,865651.412703539,865651.423742948
845,eye0,pmrnet,loop,22.981030982919037,0.02,0.5444720154628158,5.884304991923273,0.42014196515083313,0.08,0.35,0.05,0.45,1.2,31.979949955455957,865651.424978736,865651.431828168
846,eye0,pmrnet,loop,19.47191101498902,0.02,0.3568349638953805,3.559914999641478,0.5297990282997489,0.08,0.35,0.05,0.45,1.2,26.068460006825624,865651.431941186,865651.436388009
847,eye0,pmrnet,loop,15.861583990044892,0.02,0.3644259413704276,3.236628952436149,0.7404269417747855,0.08,0.35,0.05,0.45,1.2,22.353065825626253,865651.436504677,865651.440846388
784,eye1,pmrnet,loop,16.565312049351633,0.02,3.310267929919064,3.8896859623491764,0.2930419286713004,0.08,0.35,0.05,0.45,1.2,26.208307870291172,865650.967905483,865650.975399024
785,eye1,pmrnet,loop,19.540359964594245,0.02,0.6283910479396582,8.762314915657043,0.312232063151896,0.08,0.35,0.05,0.45,1.2,31.39329799134284,865650.976739008,865650.986442673
786,eye1,pmrnet,loop,18.698135041631758,0.02,2.9815309680998325,3.7854709662497044,0.2799619687721133,0.08,0.35,0.05,0.45,1.2,27.895098944753407,865650.986622431,865650.993669709
787,eye1,pmrnet,loop,25.41938703507185,0.02,0.6475059781223536,11.54076203238219,0.5720079643651843,0.08,0.35,0.05,0.45,1.2,40.32966300994158,865650.995698297,865651.008459206
789,eye1,pmrnet,loop,21.476596943102777,0.02,0.6457499694079161,10.658970917575061,0.5976100219413638,0.08,0.35,0.05,0.45,1.2,35.52892785202712,865651.008751537,865651.020654485
790,eye1,pmrnet,loop,28.623673948459327,0.02,0.8253330597653985,11.913438909687102,0.4675870295614004,0.08,0.35,0.05,0.45,1.2,43.98003294747323,865651.022663626,865651.035870587
792,eye1,pmrnet,loop,23.585173999890685,0.02,0.6722930120304227,9.793341043405235,0.37830101791769266,0.08,0.35,0.05,0.45,1.2,36.579109073244034,865651.036126011,865651.046970531
794,eye1,pmrnet,loop,19.412811961956322,0.02,0.5091489292681217,9.929302032105625,0.3584038931876421,0.08,0.35,0.05,0.45,1.2,32.35966681651771,865651.048139215,865651.058936565
795,eye1,pmrnet,loop,15.414249966852367,0.02,0.4629070172086358,3.2221439760178328,0.23793301079422235,0.08,0.35,0.05,0.45,1.2,21.487233970873056,865651.059085747,865651.063009112
796,eye1,pmrnet,loop,21.248765056952834,0.02,0.38521597161889076,8.622902096249163,0.4833550192415714,0.08,0.35,0.05,0.45,1.2,32.89023814406246,865651.06742004,865651.076911883
797,eye1,pmrnet,loop,25.429181987419724,0.02,0.5535619566217065,9.846709086559713,0.7481350330635905,0.08,0.35,0.05,0.45,1.2,38.72758806366473,865651.078012921,865651.089161872
798,eye1,pmrnet,loop,28.466845978982747,0.02,0.5186139605939388,9.886418003588915,0.5278619937598705,0.08,0.35,0.05,0.45,1.2,41.54973993692547,865651.08933379,865651.100267252
800,eye1,pmrnet,loop,25.183346937410533,0.02,0.5482078995555639,9.6802010666579,1.1868409346789122,0.08,0.35,0.05,0.45,1.2,38.74859683830291,865651.101707296,865651.113123036
801,eye1,pmrnet,loop,28.364642057567835,0.02,1.0192010086029768,9.576885029673576,0.4983410472050309,0.08,0.35,0.05,0.45,1.2,41.60906914304942,865651.113277434,865651.124372393
803,eye1,pmrnet,loop,24.573863949626684,0.02,0.5350050050765276,9.943478973582387,0.6770030595362186,0.08,0.35,0.05,0.45,1.2,37.879350987821816,865651.125563834,865651.136719768
804,eye1,pmrnet,loop,25.164040038362145,0.02,0.4738570423796773,7.571947993710637,0.3808400360867381,0.08,0.35,0.05,0.45,1.2,35.7406851105392,865651.136952711,865651.145379781
805,eye1,pmrnet,loop,29.176380019634962,0.02,0.7506959373131394,9.990692953579128,0.5254959687590599,0.08,0.35,0.05,0.45,1.2,42.59326487928629,865651.146192472,865651.157459878
807,eye1,pmrnet,loop,22.24217599723488,0.02,1.4766959939152002,6.97517697699368,0.5468690069392323,0.08,0.35,0.05,0.45,1.2,33.390917975083,865651.15766465,865651.166663733
808,eye1,pmrnet,loop,27.841000934131444,0.02,0.5438029766082764,11.468822020106018,0.5771920550614595,0.08,0.35,0.05,0.45,1.2,42.580817985907196,865651.167740686,865651.180331057
810,eye1,pmrnet,loop,23.106910986825824,0.02,0.6674000760540366,9.878324926830828,0.6103320047259331,0.08,0.35,0.05,0.45,1.2,36.41296799443662,865651.180578804,865651.191735395
812,eye1,pmrnet,loop,23.350219009444118,0.02,0.6465449696406722,10.102216037921607,0.5663300398737192,0.08,0.35,0.05,0.45,1.2,36.815310056880115,865651.196801464,865651.208117482
813,eye1,pmrnet,loop,27.229500003159046,0.02,0.6436150288209319,10.606762953102589,0.48759300261735916,0.08,0.35,0.05,0.45,1.2,41.117470987699924,865651.208326725,865651.220065208
815,eye1,pmrnet,loop,17.524613067507744,0.02,0.6389680784195662,4.088249057531357,0.3614069428294897,0.08,0.35,0.05,0.45,1.2,24.763237146288155,865651.221410236,865651.226499256
816,eye1,pmrnet,loop,15.252440935000777,0.02,0.36054011434316635,3.687610966153443,0.8970990311354399,0.08,0.35,0.05,0.45,1.2,22.347691046632825,865651.227350725,865651.232296224
817,eye1,pmrnet,loop,15.183047973550856,0.02,0.39425306022167206,3.8230849895626307,0.7132739992812276,0.08,0.35,0.05,0.45,1.2,22.263660022616385,865651.235364984,865651.24029586
818,eye1,pmrnet,loop,14.361790963448584,0.02,0.34271308686584234,3.4541009226813912,0.39867893792688847,0.08,0.35,0.05,0.45,1.2,20.707283910922705,865651.243348146,865651.247543876
819,eye1,pmrnet,loop,14.922566013410687,0.02,0.36423502024263144,3.8355380529537797,0.5660250317305326,0.08,0.35,0.05,0.45,1.2,21.83836411833763,865651.251406975,865651.256173018
820,eye1,pmrnet,loop,15.316088101826608,0.02,0.3586970269680023,3.7812059745192528,1.133226091042161,0.08,0.35,0.05,0.45,1.2,22.739217194356023,865651.259362649,865651.264636
821,eye1,pmrnet,loop,21.296674967743456,0.02,0.5343250231817365,10.27762796729803,0.4756490234285593,0.08,0.35,0.05,0.45,1.2,34.73427698165178,865651.267396554,865651.278684725
822,eye1,pmrnet,loop,24.225948960520327,0.02,0.532147940248251,9.58646007347852,0.6624800153076649,0.08,0.35,0.05,0.45,1.2,37.15703698955476,865651.278901998,865651.289683557
823,eye1,pmrnet,loop,28.4463360439986,0.02,0.4910539137199521,10.207922081463039,0.3874299582093954,0.08,0.35,0.05,0.45,1.2,41.682741997390984,865651.290884396,865651.30197128
825,eye1,pmrnet,loop,18.884013989008963,0.02,0.5295869195833802,5.6019650073722005,0.20435696933418512,0.08,0.35,0.05,0.45,1.2,27.369922885298728,865651.302212277,865651.308548949
826,eye1,pmrnet,loop,16.545580932870507,0.02,0.4655839875340462,3.8508570287376642,0.4788880469277501,0.08,0.35,0.05,0.45,1.2,23.490909996069966,865651.309483782,865651.314279455
827,eye1,pmrnet,loop,13.73690995387733,0.02,0.34384196624159813,3.5933100152760744,0.2609699731692672,0.08,0.35,0.05,0.45,1.2,20.085031908564268,865651.315341175,865651.319539549
828,eye1,pmrnet,loop,13.639277080073953,0.02,0.3560949116945267,3.3330480800941586,0.47434307634830475,0.08,0.35,0.05,0.45,1.2,19.95276314821094,865651.323347255,865651.327511021
829,eye1,pmrnet,loop,17.39766600076109,0.02,0.5192139651626348,6.936760968528688,0.49972604028880596,0.08,0.35,0.05,0.45,1.2,27.50336697474122,865651.331381872,865651.339338073
830,eye1,pmrnet,loop,17.333563999272883,0.02,0.37987506948411465,6.86864007730037,0.6054911063984036,0.08,0.35,0.05,0.45,1.2,27.33757025245577,865651.339488543,865651.347342828
831,eye1,pmrnet,loop,17.119984957389534,0.02,0.49081502947956324,6.1123640043661,0.21118007134646177,0.08,0.35,0.05,0.45,1.2,26.084344062581657,865651.348383906,865651.355198674
832,eye1,pmrnet,loop,13.996075023896992,0.02,0.36544608883559704,3.965214011259377,0.36732200533151627,0.08,0.35,0.05,0.45,1.2,20.84405712932348,865651.355445578,865651.360143901
833,eye1,pmrnet,loop,13.798090978525579,0.02,0.3724530106410384,3.8388909306377172,0.4093520110473037,0.08,0.35,0.05,0.45,1.2,20.568786930851637,865651.36339413,865651.368015088
834,eye1,pmrnet,loop,20.26323799509555,0.02,0.4989019362255931,9.863940067589283,0.805187039077282,0.08,0.35,0.05,0.45,1.2,33.581267037987715,865651.371379829,865651.382548386
835,eye1,pmrnet,loop,21.387705928646028,0.02,1.4230979140847921,7.132269907742739,0.48706005327403545,0.08,0.35,0.05,0.45,1.2,32.58013380374759,865651.382699996,865651.391742881
836,eye1,pmrnet,loop,25.737234973348677,0.02,0.5027089500799775,10.12546697165817,0.729902065359056,0.08,0.35,0.05,0.45,1.2,39.24531296044588,865651.392801903,865651.404160514
838,eye1,pmrnet,loop,20.457922015339136,0.02,0.5304970545694232,9.380512055940926,0.721486983820796,0.08,0.35,0.05,0.45,1.2,33.24041810967029,865651.404387221,865651.415020338
839,eye1,pmrnet,loop,27.794301975518465,0.02,0.450212974101305,9.85541904810816,0.6143370410427451,0.08,0.35,0.05,0.45,1.2,40.864271038770674,865651.41950502,865651.430425526
841,eye1,pmrnet,loop,22.489145048893988,0.02,0.49344298895448446,9.64380893856287,0.4948209971189499,0.08,0.35,0.05,0.45,1.2,35.27121797353029,865651.430625305,865651.441257906
842,eye1,pmrnet,loop,26.68476803228259,0.02,0.5511880153790116,10.095783043652773,0.6205859826877713,0.08,0.35,0.05,0.45,1.2,40.102325074002145,865651.442255397,865651.453523421
844,eye1,pmrnet,loop,17.995522008277476,0.02,0.5652619292959571,5.265207961201668,1.4895719941705465,0.08,0.35,0.05,0.45,1.2,27.465563892945646,865651.453651609,865651.460972139
845,eye1,pmrnet,loop,21.800308022648096,0.02,0.5214590346440673,9.617592091672122,0.34586701076477766,0.08,0.35,0.05,0.45,1.2,34.43522615972906,865651.462360279,865651.472845707
846,eye1,pmrnet,loop,24.434127961285412,0.02,0.4750650841742754,9.565412998199463,0.4692109068855643,0.08,0.35,0.05,0.45,1.2,37.09381695054471,865651.473037583,865651.483547836
848,eye0,pmrnet,loop,17.762491945177317,0.02,0.3780880942940712,7.492744014598429,0.4026649985462427,0.08,0.35,0.05,0.45,1.2,28.18598905261606,865651.442542734,865651.450816557
849,eye0,pmrnet,loop,14.007761958055198,0.02,0.3352969652041793,3.35675198584795,0.5010589957237244,0.08,0.35,0.05,0.45,1.2,20.35086990483105,865651.450937472,865651.455130848
850,eye0,pmrnet,loop,13.887642999179661,0.02,0.375193078070879,3.5519060911610723,0.6498829461634159,0.08,0.35,0.05,0.45,1.2,20.614625114575027,865651.458501914,865651.463079216
851,eye0,pmrnet,loop,13.385542086325586,0.02,0.3542209742590785,3.400381072424352,0.4070519935339689,0.08,0.35,0.05,0.45,1.2,19.697196126542984,865651.466484577,865651.470646467
852,eye0,pmrnet,loop,18.596188980154693,0.02,0.34432101529091597,8.828709018416703,0.26340398471802473,0.08,0.35,0.05,0.45,1.2,30.182622998580335,865651.474488894,865651.483925681
853,eye0,pmrnet,loop,22.73142896592617,0.02,1.3173830229789019,9.576729033142328,0.3592839930206537,0.08,0.35,0.05,0.45,1.2,36.13482501506805,865651.484876173,865651.496129927
854,eye0,pmrnet,loop,22.218044032342732,0.02,1.6040499322116375,3.5006669349968433,2.305326983332634,0.08,0.35,0.05,0.45,1.2,31.778087882883845,865651.496275307,865651.503685577
855,eye0,pmrnet,loop,19.249737029895186,0.02,0.3682210808619857,3.4032120602205396,0.4692310467362404,0.08,0.35,0.05,0.45,1.2,25.64040121771395,865651.504545832,865651.508786799
856,eye0,pmrnet,loop,15.760758891701698,0.02,0.37164706736803055,3.581102006137371,0.5127940094098449,0.08,0.35,0.05,0.45,1.2,22.376301974616943,865651.508900926,865651.513366718
857,eye0,pmrnet,loop,12.690567993558943,0.02,0.3300280077382922,3.216262091882527,0.34279702231287956,0.08,0.35,0.05,0.45,1.2,18.72965511549264,865651.514475956,865651.518365286
858,eye0,pmrnet,loop,13.11652094591409,0.02,0.37403206806629896,3.538315067999065,0.4235459491610527,0.08,0.35,0.05,0.45,1.2,19.602414031140505,865651.522524507,865651.526860704
859,eye0,pmrnet,loop,19.687799969688058,0.02,0.5091449711471796,10.071980999782681,0.3482080064713955,0.08,0.35,0.05,0.45,1.2,32.76713394708931,865651.53057019,865651.541500151
860,eye0,pmrnet,loop,17.18209800310433,0.02,0.5136020481586456,4.251120029948652,0.6344459252431989,0.08,0.35,0.05,0.45,1.2,24.731266006454824,865651.541664227,865651.547063762
861,eye0,pmrnet,loop,20.828192005865276,0.02,0.5118240369483829,9.849595022387803,0.3885451005771756,0.08,0.35,0.05,0.45,1.2,33.728156165778636,865651.548027949,865651.558778385
862,eye0,pmrnet,loop,26.90045302733779,0.02,3.304269048385322,9.929378982633352,0.744217075407505,0.08,0.35,0.05,0.45,1.2,43.02831813376397,865651.558941206,865651.572919565
864,eye0,pmrnet,loop,22.780974046327174,0.02,0.5134459352120757,9.992090985178947,0.6054450059309602,0.08,0.35,0.05,0.45,1.2,36.041955972649156,865651.57382639,865651.584938022
865,eye0,pmrnet,loop,24.333444889634848,0.02,0.49802090507000685,8.64921894390136,0.26755896396934986,0.08,0.35,0.05,0.45,1.2,35.89824370257556,865651.585145,865651.594560319
867,eye0,pmrnet,loop,13.36183596868068,0.02,0.34492602571845055,3.4152179723605514,0.46857004053890705,0.08,0.35,0.05,0.45,1.2,19.740550007298587,865651.595498362,865651.599727347
868,eye0,pmrnet,loop,13.656883034855127,0.02,0.37278595846146345,3.638419904746115,1.5168130630627275,0.08,0.35,0.05,0.45,1.2,21.334901961125432,865651.602562804,865651.608091105
869,eye0,pmrnet,loop,18.647088087163866,0.02,0.4923510132357478,9.576300042681396,0.5681529873982072,0.08,0.35,0.05,0.45,1.2,31.433892130479215,865651.610512985,865651.621150293
870,eye0,pmrnet,loop,24.28449597209692,0.02,0.7250719936564565,9.660539915785193,0.5368870915845037,0.08,0.35,0.05,0.45,1.2,37.35699497312307,865651.623933817,865651.634857065
871,eye0,pmrnet,loop,21.826840937137604,0.02,0.48074801452457905,4.332561977207661,0.6035929545760155,0.08,0.35,0.05,0.45,1.2,29.393743883445858,865651.63505144,865651.6404688
872,eye0,pmrnet,loop,26.58933901693672,0.02,0.5126479081809521,9.658294031396508,0.3588520921766758,0.08,0.35,0.05,0.45,1.2,39.269133048690854,865651.642769673,865651.653300057
873,eye0,pmrnet,loop,29.07370903994888,0.02,0.46818796545267105,9.412945015355945,0.4886050010100007,0.08,0.35,0.05,0.45,1.2,41.593447021767496,865651.653482089,865651.663852354
875,eye0,pmrnet,loop,24.98994499910623,0.02,0.6339759565889835,9.37831704504788,0.37828704807907343,0.08,0.35,0.05,0.45,1.2,37.53052504882216,865651.665516235,865651.675907516
876,eye0,pmrnet,loop,27.921069995500147,0.02,0.4860929911956191,9.674413944594562,0.6562330527231097,0.08,0.35,0.05,0.45,1.2,40.88780998401344,865651.676089727,865651.686906964
878,eye0,pmrnet,loop,20.826172083616257,0.02,0.535178929567337,6.42443704418838,0.5792389856651425,0.08,0.35,0.05,0.45,1.2,30.515027043037115,865651.68841189,865651.695951136
879,eye0,pmrnet,loop,16.83499990031123,0.02,0.3477089339867234,3.214924014173448,0.39857206866145134,0.08,0.35,0.05,0.45,1.2,22.946204917132853,865651.696067481,865651.700028982
880,eye0,pmrnet,loop,18.601568997837603,0.02,1.4695508871227503,5.011949106119573,0.737752066925168,0.08,0.35,0.05,0.45,1.2,27.970821058005093,865651.702644313,865651.709863962
881,eye0,pmrnet,loop,23.928351001814008,0.02,0.39114500395953655,10.515809990465641,0.5200300365686417,0.08,0.35,0.05,0.45,1.2,37.505336032807826,865651.711831886,865651.723259349
882,eye0,pmrnet,loop,27.217015041969717,0.02,0.5556379910558462,9.757293039001524,0.8463249541819096,0.08,0.35,0.05,0.45,1.2,40.526271026208995,865651.723458066,865651.734617856
884,eye0,pmrnet,loop,17.933089984580874,0.02,0.8190220687538385,4.865249036811292,0.4846070660278201,0.08,0.35,0.05,0.45,1.2,26.251968156173824,865651.735302579,865651.741471851
885,eye0,pmrnet,loop,18.110260949470103,0.02,0.3940979950129986,6.540130008943379,0.22323406301438808,0.08,0.35,0.05,0.45,1.2,27.417723016440867,865651.742560444,865651.749718204
886,eye0,pmrnet,loop,15.942108002491295,0.02,0.3738399827852845,3.610651008784771,1.1038209777325392,0.08,0.35,0.05,0.45,1.2,23.18041997179389,865651.750530461,865651.755619013
887,eye0,pmrnet,loop,21.551418001763523,0.02,0.508246012032032,9.728742064908147,0.5285770166665316,0.08,0.35,0.05,0.45,1.2,34.46698309537023,865651.758530423,865651.769296539
888,eye0,pmrnet,loop,24.091753992252052,0.02,0.5422539543360472,9.383584023453295,0.48240204341709614,0.08,0.35,0.05,0.45,1.2,36.64999401345849,865651.76949729,865651.779906025
889,eye0,pmrnet,loop,28.481193934567273,0.02,0.5341620417311788,9.438609005883336,0.4559180233627558,0.08,0.35,0.05,0.45,1.2,41.05988300554454,865651.781935017,865651.79236439
891,eye0,pmrnet,loop,22.544282022863626,0.02,0.484253978356719,9.24714410211891,0.28865004424005747,0.08,0.35,0.05,0.45,1.2,34.71433014757931,865651.792545381,865651.802566037
892,eye0,pmrnet,loop,26.6966960625723,0.02,0.6020560394972563,9.62392590008676,0.3724789712578058,0.08,0.35,0.05,0.45,1.2,39.44515697341412,865651.804187885,865651.814786955
894,eye0,pmrnet,loop,19.70606204122305,0.02,0.522522022947669,7.861276040785015,0.5793569143861532,0.08,0.35,0.05,0.45,1.2,30.819217019341885,865651.814971468,865651.823935043
895,eye0,pmrnet,loop,23.46631302498281,0.02,0.5271330010145903,8.069058996625245,0.6817949470132589,0.08,0.35,0.05,0.45,1.2,34.8942999696359,865651.826485476,865651.835763981
896,eye0,pmrnet,loop,20.16192104201764,0.02,0.484808930195868,3.5380449844524264,0.5985500756651163,0.08,0.35,0.05,0.45,1.2,26.933325032331048,865651.835907249,865651.840528907
897,eye0,pmrnet,loop,16.48457197006792,0.02,0.34488202072679996,3.4048999659717083,0.5184890469536185,0.08,0.35,0.05,0.45,1.2,22.902843003720044,865651.840651916,865651.844920467
898,eye0,pmrnet,loop,14.56424593925476,0.02,0.36868907045572996,3.762621898204088,0.4227010067552328,0.08,0.35,0.05,0.45,1.2,21.26825791466981,865651.846515119,865651.85106937
899,eye0,pmrnet,loop,22.333245957270265,0.02,0.514487037435174,10.477147996425629,1.3897609896957874,0.08,0.35,0.05,0.45,1.2,36.86464198082685,865651.854524822,865651.86690681
900,eye0,pmrnet,loop,19.058554084040225,0.02,0.379938050173223,3.4501670161262155,0.2601540181785822,0.08,0.35,0.05,0.45,1.2,25.298813168518244,865651.867610443,865651.871701059
901,eye0,pmrnet,loop,16.16659201681614,0.02,0.3502999898046255,3.3252580324187875,1.35857705026865,0.08,0.35,0.05,0.45,1.2,23.3507270893082,865651.871844163,865651.876878555
902,eye0,pmrnet,loop,14.150306931696832,0.02,0.3672590246424079,3.5506829153746367,0.4967020358890295,0.08,0.35,0.05,0.45,1.2,20.714950907602905,865651.878515652,865651.882930679
903,eye0,pmrnet,loop,14.473489951342344,0.02,0.3446700284257531,3.8146490696817636,0.6657120538875461,0.08,0.35,0.05,0.45,1.2,21.448521103337406,865651.886498042,865651.891323352
904,eye0,pmrnet,loop,13.519942993298173,0.02,0.3307570004835725,3.2282969914376736,0.342568033374846,0.08,0.35,0.05,0.45,1.2,19.571565018594264,865651.894537177,865651.898439042
848,eye1,pmrnet,loop,14.33967100456357,0.02,0.4831639816984534,3.575569950044155,0.5980540299788117,0.08,0.35,0.05,0.45,1.2,21.14645896628499,865651.484935711,865651.489592775
849,eye1,pmrnet,loop,12.695714947767556,0.02,0.3549379762262106,3.4515130100771785,0.7956939516589046,0.08,0.35,0.05,0.45,1.2,19.447859885729848,865651.491415288,865651.496017723
850,eye1,pmrnet,loop,12.342546018771827,0.02,0.4122670507058501,3.51494993083179,0.3475260455161333,0.08,0.35,0.05,0.45,1.2,18.7672890458256,865651.499458548,865651.50373361
851,eye1,pmrnet,loop,18.979598069563508,0.02,0.5148929776623845,9.856308926828206,0.6581459892913699,0.08,0.35,0.05,0.45,1.2,32.15894596334547,865651.507408698,865651.518438677
852,eye1,pmrnet,loop,20.65779408439994,0.02,0.6205930840224028,8.732204092666507,0.20414602477103472,0.08,0.35,0.05,0.45,1.2,32.36473728585988,865651.518629209,865651.52818658
853,eye1,pmrnet,loop,25.334592908620834,0.02,1.0980860097333789,10.01942390576005,0.71761105209589,0.08,0.35,0.05,0.45,1.2,39.31971387621015,865651.529095446,865651.540931103
854,eye1,pmrnet,loop,28.190640034154058,0.02,0.5840599769726396,9.562538005411625,0.5327350227162242,0.08,0.35,0.05,0.45,1.2,41.019973039254545,865651.541176724,865651.551856655
856,eye1,pmrnet,loop,22.879083058796823,0.02,0.5053909262642264,8.673169068060815,0.37101597990840673,0.08,0.35,0.05,0.45,1.2,34.57865903303027,865651.553133166,865651.562683159
857,eye1,pmrnet,loop,21.034908946603537,0.02,2.3135169176384807,3.3656929153949022,0.40972395800054073,0.08,0.35,0.05,0.45,1.2,29.27384273763746,865651.562819096,865651.568908329
858,eye1,pmrnet,loop,24.67617893125862,0.02,0.5129140336066484,9.792400058358908,0.4844829672947526,0.08,0.35,0.05,0.45,1.2,37.615975990518926,865651.569827606,865651.580618071
859,eye1,pmrnet,loop,29.217210947535932,0.02,2.3724089842289686,9.610529989004135,0.41759200394153595,0.08,0.35,0.05,0.45,1.2,43.76774192471057,865651.580828045,865651.593229124
861,eye1,pmrnet,loop,25.677386089228094,0.02,0.6215359317138791,10.419192956760526,0.7086560362949967,0.08,0.35,0.05,0.45,1.2,39.576771013997494,865651.594076717,865651.605826547
862,eye1,pmrnet,loop,21.69216296169907,0.02,0.39633107371628284,3.2966710859909654,0.23398199118673801,0.08,0.35,0.05,0.45,1.2,27.769147112593053,865651.605983213,865651.6099105
863,eye1,pmrnet,loop,24.98737594578415,0.02,0.5115160020068288,9.508706978522241,0.4228629404678941,0.08,0.35,0.05,0.45,1.2,37.580461866781114,865651.610830746,865651.621274406
864,eye1,pmrnet,loop,22.17925596050918,0.02,0.5490230396389961,3.502322011627257,0.9919930016621947,0.08,0.35,0.05,0.45,1.2,29.372594013437627,865651.621492443,865651.626536143
865,eye1,pmrnet,loop,18.36365507915616,0.02,0.3190160496160388,3.4499040339142084,0.3700209781527519,0.08,0.35,0.05,0.45,1.2,24.652596140839158,865651.626650414,865651.630789625
866,eye1,pmrnet,loop,21.57052292022854,0.02,0.4607270238921046,9.63963009417057,0.3773779608309269,0.08,0.35,0.05,0.45,1.2,34.19825799912214,865651.631586146,865651.642064396
867,eye1,pmrnet,loop,24.444459937512875,0.02,0.5393379833549261,9.667649050243199,0.5246370565146208,0.08,0.35,0.05,0.45,1.2,37.32608402762562,865651.642275733,865651.653007972
868,eye1,pmrnet,loop,22.13937696069479,0.02,0.36237493623048067,3.7790749920532107,0.5240869941189885,0.08,0.35,0.05,0.45,1.2,28.95491388309747,865651.654106328,865651.658772215
869,eye1,pmrnet,loop,18.90677399933338,0.02,0.3844350576400757,3.7871620152145624,0.5530320340767503,0.08,0.35,0.05,0.45,1.2,25.78140310626477,865651.658883624,865651.663608488
870,eye1,pmrnet,loop,15.604438027366996,0.02,0.34994003362953663,3.3927400363609195,0.9118210291489959,0.08,0.35,0.05,0.45,1.2,22.408939126506446,865651.663720567,865651.668375319
871,eye1,pmrnet,loop,14.635711908340454,0.02,0.32304495107382536,3.2329000532627106,0.5084649892523885,0.08,0.35,0.05,0.45,1.2,20.850121901929377,865651.671411076,865651.675475731
872,eye1,pmrnet,loop,22.067343001253903,0.02,0.5069940816611052,10.238121962174773,0.8194299880415201,0.08,0.35,0.05,0.45,1.2,35.7818890331313,865651.679410442,865651.690975553
873,eye1,pmrnet,loop,24.985800962895155,0.02,0.4872209392488003,9.465910028666258,0.400595017708838,0.08,0.35,0.05,0.45,1.2,37.48952694851905,865651.691607907,865651.701962168
875,eye1,pmrnet,loop,16.82845293544233,0.02,0.36549498327076435,4.521406022831798,0.514511950314045,0.08,0.35,0.05,0.45,1.2,24.379865891858934,865651.70454334,865651.709945134
876,eye1,pmrnet,loop,21.08925301581621,0.02,0.49422995653003454,9.84144804533571,0.5209969822317362,0.08,0.35,0.05,0.45,1.2,34.0959279999137,865651.711416992,865651.722274192
877,eye1,pmrnet,loop,22.140154032967985,0.02,1.3292130315676332,6.3004730036482215,0.39069901686161757,0.08,0.35,0.05,0.45,1.2,32.310539085045455,865651.723374399,865651.731395203
878,eye1,pmrnet,loop,18.4654810000211,0.02,0.33751898445189,3.707478055730462,0.23017905186861753,0.08,0.35,0.05,0.45,1.2,24.89065709207207,865651.731513889,865651.735789356
879,eye1,pmrnet,loop,15.888787107542157,0.02,0.3323600394651294,4.277057014405727,0.7707609329372644,0.08,0.35,0.05,0.45,1.2,23.418965094350277,865651.735900903,865651.74128141
880,eye1,pmrnet,loop,14.393879915587604,0.02,0.3564170328900218,3.56289092451334,0.49434101674705744,0.08,0.35,0.05,0.45,1.2,20.957528889738022,865651.743441908,865651.747855845
881,eye1,pmrnet,loop,14.159937039949,0.02,0.37174299359321594,3.607483929954469,0.3354360815137625,0.08,0.35,0.05,0.45,1.2,20.624600045010446,865651.751376154,865651.755691105
882,eye1,pmrnet,loop,20.42042906396091,0.02,0.4925898974761367,9.68761695548892,0.4231509519740939,0.08,0.35,0.05,0.45,1.2,33.17378686890006,865651.759415387,865651.770019252
883,eye1,pmrnet,loop,24.019045056775212,0.02,0.513251987285912,9.620639961212873,0.40949194226413965,0.08,0.35,0.05,0.45,1.2,36.712428947538136,865651.771143353,865651.781687274
884,eye1,pmrnet,loop,24.630926898680627,0.02,0.5336139583960176,7.3000999400392175,0.6333780474960804,0.08,0.35,0.05,0.45,1.2,35.24801884461194,865651.781901299,865651.790368919
885,eye1,pmrnet,loop,28.220715932548046,0.02,0.47755998093634844,9.680674993433058,0.5085020093247294,0.08,0.35,0.05,0.45,1.2,41.03745291624218,865651.791359587,865651.80202681
887,eye1,pmrnet,loop,23.199076997116208,0.02,0.5649230442941189,9.810021030716598,0.541273970156908,0.08,0.35,0.05,0.45,1.2,36.26529504228383,865651.802226485,865651.813143177
888,eye1,pmrnet,loop,26.435463107191026,0.02,0.5139660788699985,9.535758988931775,0.2469660248607397,0.08,0.35,0.05,0.45,1.2,38.88215419985354,865651.814151567,865651.824448668
890,eye1,pmrnet,loop,16.345854965038598,0.02,1.5387029852718115,3.8714699912816286,0.49218395724892616,0.08,0.35,0.05,0.45,1.2,24.398211898840962,865651.824594927,865651.830497519
891,eye1,pmrnet,loop,20.917230984196067,0.02,0.5025919526815414,10.514801018871367,0.6285730050876737,0.08,0.35,0.05,0.45,1.2,34.71319696083665,865651.831490844,865651.843137302
892,eye1,pmrnet,loop,22.59050600696355,0.02,0.6086590001359582,8.693912997841835,0.23394799791276455,0.08,0.35,0.05,0.45,1.2,34.27702600285411,865651.843342979,865651.852880021
893,eye1,pmrnet,loop,20.880388910882175,0.02,1.4974839286878705,3.4321300918236375,0.7412430131807923,0.08,0.35,0.05,0.45,1.2,28.701245944574474,865651.853568095,865651.859239194
894,eye1,pmrnet,loop,16.934270970523357,0.02,0.3339829854667187,3.206367022357881,0.4487650003284216,0.08,0.35,0.05,0.45,1.2,23.073385978676377,865651.859372741,865651.863362132
895,eye1,pmrnet,loop,13.660287950187922,0.02,0.3566789673641324,3.4764319425448775,0.8417780045419931,0.08,0.35,0.05,0.45,1.2,20.485176864638923,865651.863481338,865651.868156511
896,eye1,pmrnet,loop,14.380814973264933,0.02,0.3632730804383755,4.704069928266108,0.46439003199338913,0.08,0.35,0.05,0.45,1.2,22.062548013962804,865651.871414605,865651.876946658
897,eye1,pmrnet,loop,16.522177029401064,0.02,0.4847160307690501,6.819808972068131,0.45605399645864964,0.08,0.35,0.05,0.45,1.2,26.432756028696893,865651.87939583,865651.887156862
898,eye1,pmrnet,loop,19.80115391779691,0.02,0.5011610919609666,9.777689003385603,0.7903139339759946,0.08,0.35,0.05,0.45,1.2,33.02031794711947,865651.887434843,865651.898504511
899,eye1,pmrnet,loop,24.201933993026614,0.02,1.073380932211876,9.819846949540079,0.40393800009042025,0.08,0.35,0.05,0.45,1.2,37.64909987486899,865651.899675577,865651.910973241
900,eye1,pmrnet,loop,24.604590027593076,0.02,0.4986559506505728,7.029765984043479,0.7199030369520187,0.08,0.35,0.05,0.45,1.2,35.002914999239145,865651.911197798,865651.919446647
902,eye1,pmrnet,loop,20.65731689799577,0.02,0.5875329952687025,10.031364974565804,0.3989189863204956,0.08,0.35,0.05,0.45,1.2,33.82513385415077,865651.920618247,865651.931636554
903,eye1,pmrnet,loop,19.50824202504009,0.02,0.6607939722016454,4.69458696898073,1.3600019738078117,0.08,0.35,0.05,0.45,1.2,28.373624940030275,865651.931841074,865651.938556918
905,eye0,pmrnet,loop,15.003474080003798,0.02,0.38631202187389135,3.7650259910151362,1.292385975830257,0.08,0.35,0.05,0.45,1.2,22.59719806872308,865651.90254696,865651.907991035
906,eye0,pmrnet,loop,18.471592920832336,0.02,0.5453239427879453,8.070221054367721,0.34567201510071754,0.08,0.35,0.05,0.45,1.2,29.58280993308872,865651.910566847,865651.919528533
907,eye0,pmrnet,loop,15.154329012148082,0.02,0.32315694261342287,3.291353932581842,1.0110909352079034,0.08,0.35,0.05,0.45,1.2,21.92993082255125,865651.919654346,865651.924280164
908,eye0,pmrnet,loop,13.811502954922616,0.02,0.40081399492919445,3.4386449260637164,0.6419570418074727,0.08,0.35,0.05,0.45,1.2,20.442918917723,865651.926525522,865651.931007227
909,eye0,pmrnet,loop,13.342338032089174,0.02,0.392759102396667,3.361087990924716,0.34093798603862524,0.08,0.35,0.05,0.45,1.2,19.58712311144918,865651.934512325,865651.938607418
910,eye0,pmrnet,loop,13.58569203875959,0.02,0.3810090711340308,3.440949018113315,0.5501119885593653,0.08,0.35,0.05,0.45,1.2,20.1077621165663,865651.942547121,865651.946919563
911,eye0,pmrnet,loop,13.892970979213715,0.02,0.3689200384542346,4.133278038352728,0.2408039290457964,0.08,0.35,0.05,0.45,1.2,20.785972985066472,865651.95055207,865651.955295377
912,eye0,pmrnet,loop,18.27378896996379,0.02,0.5160740111023188,8.161342004314065,0.5293219583109021,0.08,0.35,0.05,0.45,1.2,29.630526943691073,865651.958537808,865651.967745116
913,eye0,pmrnet,loop,14.733516029082239,0.02,0.3565730294212699,3.6116839619353414,0.4262960283085704,0.08,0.35,0.05,0.45,1.2,21.27806904874742,865651.967879749,865651.97227454
914,eye0,pmrnet,loop,15.754886087961495,0.02,0.51544897723943,5.868750042282045,0.3668710123747587,0.08,0.35,0.05,0.45,1.2,24.655956119857727,865651.974613503,865651.981364987
915,eye0,pmrnet,loop,13.81799194496125,0.02,0.3280129749327898,3.897954011335969,0.7524819811806083,0.08,0.35,0.05,0.45,1.2,20.946440912410615,865651.982518127,865651.98749694
916,eye0,pmrnet,loop,15.745137934572995,0.02,0.4956150660291314,5.633880035020411,0.7752079982310534,0.08,0.35,0.05,0.45,1.2,24.79984103385359,865651.990587444,865651.997492779
917,eye0,pmrnet,loop,19.450102001428604,0.02,0.47591503243893385,9.778196923434734,0.4507440607994795,0.08,0.35,0.05,0.45,1.2,32.30495801810175,865651.998560717,865652.009266178
918,eye0,pmrnet,loop,16.204060055315495,0.02,0.46923698391765356,3.6643040366470814,0.5381440278142691,0.08,0.35,0.05,0.45,1.2,23.025745103694497,865652.00941765,865652.014089616
919,eye0,pmrnet,loop,15.08853503037244,0.02,0.38086099084466696,5.739587009884417,0.40532404091209173,0.08,0.35,0.05,0.45,1.2,23.764307072013615,865652.01451718,865652.021043214
920,eye0,pmrnet,loop,19.034024910070002,0.02,0.5017130170017481,9.509352967143059,0.4622500855475664,0.08,0.35,0.05,0.45,1.2,31.657340979762374,865652.022583487,865652.033057427
921,eye0,pmrnet,loop,21.751365973614156,0.02,0.5921979900449514,9.524349006824195,0.48565107863396406,0.08,0.35,0.05,0.45,1.2,34.503564049117266,865652.033240883,865652.043843665
923,eye0,pmrnet,loop,20.977021078579128,0.02,0.6276050116866827,10.59613295365125,0.685323029756546,0.08,0.35,0.05,0.45,1.2,35.036082073673604,865652.047296371,865652.059206053
924,eye0,pmrnet,loop,25.446273968555033,0.02,0.5443809786811471,10.114082950167358,1.6469490947201848,0.08,0.35,0.05,0.45,1.2,39.90168699212372,865652.059439624,865652.071745475
926,eye0,pmrnet,loop,20.579632953740656,0.02,0.55917096324265,9.46126296184957,0.3821270074695349,0.08,0.35,0.05,0.45,1.2,33.13219388630241,865652.072613755,865652.083016935
927,eye0,pmrnet,loop,21.588557050563395,0.02,2.00475100427866,6.650194060057402,0.24854193907231092,0.08,0.35,0.05,0.45,1.2,32.642044053971766,865652.083191472,865652.092095415
928,eye0,pmrnet,loop,25.21889004856348,0.02,0.49862603191286325,9.844523039646447,0.47121394891291857,0.08,0.35,0.05,0.45,1.2,38.18325306903571,865652.092979124,865652.103794
929,eye0,pmrnet,loop,28.65687699522823,0.02,0.46375300735235214,9.454415994696319,0.37809903733432293,0.08,0.35,0.05,0.45,1.2,41.103145034611224,865652.105004266,865652.115301103
931,eye0,pmrnet,loop,24.160839966498315,0.02,0.5087489262223244,9.49168298393488,0.5055890651419759,0.08,0.35,0.05,0.45,1.2,36.81686094179749,865652.116436465,865652.126943139
932,eye0,pmrnet,loop,27.072213008068502,0.02,0.4996630595996976,9.722406044602394,0.5629659863188863,0.08,0.35,0.05,0.45,1.2,40.00724809858948,865652.127137651,865652.137923312
934,eye0,pmrnet,loop,16.274358960799873,0.02,0.37349702324718237,3.3900439739227295,0.3388680052012205,0.08,0.35,0.05,0.45,1.2,22.526767963171004,865652.139161833,865652.14326447
935,eye0,pmrnet,loop,16.77593099884689,0.02,0.35552901681512594,4.3014989932999015,0.6492780521512032,0.08,0.35,0.05,0.45,1.2,24.232237061113118,865652.146528423,865652.151835012
936,eye0,pmrnet,loop,22.91005605366081,0.02,0.512236962094903,10.315026040188968,0.6177779287099838,0.08,0.35,0.05,0.45,1.2,36.505096984654664,865652.154591568,865652.16603717
937,eye0,pmrnet,loop,27.49011607374996,0.02,0.5506490124389529,9.950639912858605,0.496514025144279,0.08,0.35,0.05,0.45,1.2,40.637919024191795,865652.1676879,865652.178686301
939,eye0,pmrnet,loop,18.448406015522778,0.02,0.4929029382765293,5.777896963991225,0.6182140205055475,0.08,0.35,0.05,0.45,1.2,27.487419938296078,865652.178893538,865652.185782974
940,eye0,pmrnet,loop,18.894635955803096,0.02,0.5225390195846558,5.612843902781606,0.8551490027457476,0.08,0.35,0.05,0.45,1.2,28.035167880915104,865652.187307668,865652.194298666
941,eye0,pmrnet,loop,21.524418029002845,0.02,0.4781229654327035,9.455271996557713,0.5197250284254551,0.08,0.35,0.05,0.45,1.2,34.12753801941872,865652.194542986,865652.204996612
942,eye0,pmrnet,loop,24.832160910591483,0.02,0.548713025636971,7.375017972663045,0.5165149923413992,0.08,0.35,0.05,0.45,1.2,35.4224069012329,865652.207933395,865652.216374137
943,eye0,pmrnet,loop,20.802128012292087,0.02,0.3221730003133416,3.1762169674038887,0.4054389428347349,0.08,0.35,0.05,0.45,1.2,26.85595692284405,865652.2165091,865652.220413202
944,eye0,pmrnet,loop,17.024326021783054,0.02,0.3178879851475358,3.204239998012781,0.6637650076299906,0.08,0.35,0.05,0.45,1.2,23.36021901257336,865652.220518115,865652.224704245
945,eye0,pmrnet,loop,22.837573080323637,0.02,0.5528089823201299,9.749709977768362,0.5325500387698412,0.08,0.35,0.05,0.45,1.2,35.82264207918197,865652.227750366,865652.238585975
946,eye0,pmrnet,loop,28.63449405413121,0.02,2.3762769997119904,10.530235012993217,0.7265650201588869,0.08,0.35,0.05,0.45,1.2,44.4175710869953,865652.238817529,865652.252451221
948,eye0,pmrnet,loop,18.87428597547114,0.02,0.4279449349269271,4.136409028433263,0.35659794230014086,0.08,0.35,0.05,0.45,1.2,25.94523788113147,865652.253909672,865652.258831059
949,eye0,pmrnet,loop,21.600476000458002,0.02,0.48856204375624657,9.742917027324438,0.40050200186669827,0.08,0.35,0.05,0.45,1.2,34.382457073405384,865652.258992577,865652.269625071
950,eye0,pmrnet,loop,27.100912062451243,0.02,0.5472620250657201,9.727323078550398,0.6897450657561421,0.08,0.35,0.05,0.45,1.2,40.2152422318235,865652.272231128,865652.283196029
952,eye0,pmrnet,loop,16.879167989827693,0.02,0.3447580384090543,4.401931073516607,1.0588349541649222,0.08,0.35,0.05,0.45,1.2,24.834692055918275,865652.283306382,865652.289112199
953,eye0,pmrnet,loop,22.53925194963813,0.02,0.5426619900390506,9.556539007462561,0.4976650234311819,0.08,0.35,0.05,0.45,1.2,35.28611797057092,865652.292243481,865652.302840838
954,eye0,pmrnet,loop,19.473867025226355,0.02,0.4584419075399637,3.394974977709353,0.9846820030361414,0.08,0.35,0.05,0.45,1.2,26.46196591351181,865652.303006137,865652.307844498
955,eye0,pmrnet,loop,20.77317307703197,0.02,0.5452090408653021,5.645958008244634,0.5296749295666814,0.08,0.35,0.05,0.45,1.2,29.644015055708586,865652.310491923,865652.317213206
956,eye0,pmrnet,loop,16.91387000028044,0.02,0.3602940123528242,3.337693982757628,0.3917620051652193,0.08,0.35,0.05,0.45,1.2,23.15362000055611,865652.317333016,865652.321423037
957,eye0,pmrnet,loop,13.658641022630036,0.02,0.3372130449861288,3.160897991620004,0.23055996280163527,0.08,0.35,0.05,0.45,1.2,19.537312022037803,865652.322507792,865652.326236747
958,eye0,pmrnet,loop,20.77245805412531,0.02,0.5316809983924031,9.839298902079463,0.415004906244576,0.08,0.35,0.05,0.45,1.2,33.70844286084175,865652.330628449,865652.341419083
959,eye0,pmrnet,loop,18.751595984213054,0.02,1.902153016999364,3.610313986428082,0.3762110136449337,0.08,0.35,0.05,0.45,1.2,26.790274001285432,865652.341578047,865652.347466966
960,eye0,pmrnet,loop,18.926126998849213,0.02,0.38794788997620344,4.566966090351343,0.44418906327337027,0.08,0.35,0.05,0.45,1.2,26.47523004245013,865652.350311849,865652.3557112
961,eye0,pmrnet,loop,19.239104934968054,0.02,0.3684770781546831,7.423565955832601,0.4653040086850524,0.08,0.35,0.05,0.45,1.2,29.64645197764039,865652.355834913,865652.364092629
904,eye1,pmrnet,loop,22.582761012017727,0.02,0.48943597357720137,9.18677996378392,0.23861404042690992,0.08,0.35,0.05,0.45,1.2,34.64759098980576,865651.939784893,865651.949700135
905,eye1,pmrnet,loop,19.801116082817316,0.02,0.36011601332575083,3.6390619352459908,1.1487429728731513,0.08,0.35,0.05,0.45,1.2,27.099037004262208,865651.949839558,865651.954987741
906,eye1,pmrnet,loop,18.98792409338057,0.02,0.3540199249982834,6.201916956342757,0.5750469863414764,0.08,0.35,0.05,0.45,1.2,28.268907961063086,865651.955111694,865651.962243051
907,eye1,pmrnet,loop,23.684660904109478,0.02,0.5226570647209883,9.870962938293815,0.2460189862176776,0.08,0.35,0.05,0.45,1.2,36.47429989334196,865651.964368987,865651.975009096
908,eye1,pmrnet,loop,21.464123972691596,0.02,0.9644409874454141,4.018023028038442,0.7341840537264943,0.08,0.35,0.05,0.45,1.2,29.330772041901945,865651.975141027,865651.980857922
909,eye1,pmrnet,loop,22.501630010083318,0.02,0.49204204697161913,7.424451992847025,0.4220469854772091,0.08,0.35,0.05,0.45,1.2,32.99017103537917,865651.981625584,865651.989964533
910,eye1,pmrnet,loop,19.202223047614098,0.02,0.33973203971982,3.2614299561828375,1.0430519469082355,0.08,0.35,0.05,0.45,1.2,25.99643699042499,865651.99008962,865651.994734061
911,eye1,pmrnet,loop,15.177936991676688,0.02,0.3478729631751776,3.1460809987038374,0.4356300923973322,0.08,0.35,0.05,0.45,1.2,21.257521045953034,865651.994848858,865651.998778747
912,eye1,pmrnet,loop,22.6181949255988,0.02,0.5452469922602177,9.83125704806298,0.48587191849946976,0.08,0.35,0.05,0.45,1.2,35.630570884421466,865652.003424187,865652.014287054
913,eye1,pmrnet,loop,23.490229970775545,0.02,0.52022491581738,7.808011025190353,0.3931510727852583,0.08,0.35,0.05,0.45,1.2,34.361616984568535,865652.014507023,865652.02322891
914,eye1,pmrnet,loop,26.756718987599015,0.02,0.467076082713902,9.524516062811017,0.5017980001866817,0.08,0.35,0.05,0.45,1.2,39.400109133310615,865652.024070245,865652.034564159
915,eye1,pmrnet,loop,31.41073905862868,0.02,2.4428159231320024,9.66017006430775,0.43946399819105864,0.08,0.35,0.05,0.45,1.2,46.10318904425949,865652.03474455,865652.047287514
917,eye1,pmrnet,loop,23.775998037308455,0.02,0.5639850860461593,3.768047085031867,0.47014199662953615,0.08,0.35,0.05,0.45,1.2,30.728172205016016,865652.050988749,865652.055791486
918,eye1,pmrnet,loop,20.918030058965087,0.02,0.37982407957315445,4.146678955294192,0.527258962392807,0.08,0.35,0.05,0.45,1.2,28.12179205622524,865652.055945635,865652.060999697
919,eye1,pmrnet,loop,17.13350904174149,0.02,0.3509500529617071,3.4169330028817058,0.3859760472550988,0.08,0.35,0.05,0.45,1.2,23.43736814484,865652.061133219,865652.065287419
920,eye1,pmrnet,loop,15.563066932372749,0.02,0.4025179659947753,3.62720200791955,0.35498791839927435,0.08,0.35,0.05,0.45,1.2,22.097774824686347,865652.067400966,865652.071785942
921,eye1,pmrnet,loop,17.578053986653686,0.02,0.38426800165325403,5.693105049431324,0.3979660104960203,0.08,0.35,0.05,0.45,1.2,26.203393048234283,865652.075394448,865652.081870051
922,eye1,pmrnet,loop,15.440910938195884,0.02,0.3419989952817559,3.556151990778744,0.5070170154795051,0.08,0.35,0.05,0.45,1.2,21.996078939735888,865652.083396021,865652.087801469
923,eye1,pmrnet,loop,17.52688898704946,0.02,0.5244979402050376,5.577782052569091,0.4116710042580962,0.08,0.35,0.05,0.45,1.2,26.190839984081684,865652.091442516,865652.09795689
924,eye1,pmrnet,loop,15.096955001354218,0.02,0.3377710236236453,3.2495929626747966,0.6414050003513694,0.08,0.35,0.05,0.45,1.2,21.475723988004027,865652.099366515,865652.103595596
925,eye1,pmrnet,loop,15.103054931387305,0.02,0.35411794669926167,3.497387981042266,0.40530099067837,0.08,0.35,0.05,0.45,1.2,21.5098618498072,865652.10741373,865652.111670825
926,eye1,pmrnet,loop,19.543315982446074,0.02,0.50797697622329,7.731141988188028,0.5222629988566041,0.08,0.35,0.05,0.45,1.2,30.454697945713995,865652.115418006,865652.124179811
927,eye1,pmrnet,loop,18.74486799351871,0.02,0.3483489854261279,5.4692080011591315,1.3168510049581528,0.08,0.35,0.05,0.45,1.2,28.02927598506212,865652.12431516,865652.131449977
928,eye1,pmrnet,loop,22.566353087313473,0.02,0.48818602226674557,9.612040012143552,0.7648069877177477,0.08,0.35,0.05,0.45,1.2,35.58138610944152,865652.132474731,865652.14334024
929,eye1,pmrnet,loop,23.05414795409888,0.02,1.6603630501776934,6.356852944009006,0.346304033882916,0.08,0.35,0.05,0.45,1.2,33.5676679821685,865652.143534076,865652.151898036
930,eye1,pmrnet,loop,21.663837949745357,0.02,0.35332900006324053,4.858391010202467,0.7250410271808505,0.08,0.35,0.05,0.45,1.2,29.750598987191914,865652.15263883,865652.158576091
931,eye1,pmrnet,loop,18.326862016692758,0.02,0.29054097831249237,3.2475129701197147,0.4217310342937708,0.08,0.35,0.05,0.45,1.2,24.436646999418734,865652.15934888,865652.163308953
932,eye1,pmrnet,loop,14.13074100855738,0.02,0.33528299536556005,3.195545985363424,0.23466406855732203,0.08,0.35,0.05,0.45,1.2,20.046234057843684,865652.163415552,865652.167181289
933,eye1,pmrnet,loop,21.178879076614976,0.02,0.5433610640466213,9.84864798374474,0.46455906704068184,0.08,0.35,0.05,0.45,1.2,34.18544719144702,865652.171441708,865652.182298869
934,eye1,pmrnet,loop,20.688712946139276,0.02,0.32663997262716293,4.89186099730432,1.5287089627236128,0.08,0.35,0.05,0.45,1.2,29.58592287879437,865652.183129057,865652.189876606
935,eye1,pmrnet,loop,17.112363944761455,0.02,0.34613104071468115,3.6464750301092863,0.3418800188228488,0.08,0.35,0.05,0.45,1.2,23.59685003440827,865652.190035206,865652.194369934
936,eye1,pmrnet,loop,14.129513059742749,0.02,0.32407697290182114,3.2781990012153983,0.45205000787973404,0.08,0.35,0.05,0.45,1.2,20.3338390417397,865652.195401829,865652.199456434
937,eye1,pmrnet,loop,20.86237003095448,0.02,0.48002402763813734,9.86886490136385,0.506906071677804,0.08,0.35,0.05,0.45,1.2,33.86816503163427,865652.203400856,865652.214257135
938,eye1,pmrnet,loop,23.444526945240796,0.02,0.5499239778146148,9.328745887614787,0.5661869654431939,0.08,0.35,0.05,0.45,1.2,36.03938377611339,865652.214463239,865652.224908666
940,eye1,pmrnet,loop,21.186845027841628,0.02,0.5319470074027777,9.988468023948371,0.4604969872161746,0.08,0.35,0.05,0.45,1.2,34.31775704640895,865652.227808247,865652.238789622
941,eye1,pmrnet,loop,20.740288076922297,0.02,0.39462302811443806,6.733822985552251,0.36967999767512083,0.08,0.35,0.05,0.45,1.2,30.388414088264106,865652.238913505,865652.246411881
942,eye1,pmrnet,loop,24.344988050870597,0.02,0.3748340532183647,7.817071978934109,0.6834650412201881,0.08,0.35,0.05,0.45,1.2,35.37035912424326,865652.249209207,865652.25808504
943,eye1,pmrnet,loop,26.92099893465638,0.02,0.49010803923010826,9.426999022252858,0.5252870032563806,0.08,0.35,0.05,0.45,1.2,39.51339299939573,865652.258286725,865652.268729835
945,eye1,pmrnet,loop,21.948673063889146,0.02,0.5648951046168804,9.027783991768956,0.404885970056057,0.08,0.35,0.05,0.45,1.2,34.096238130331045,865652.269898044,865652.279896075
946,eye1,pmrnet,loop,18.81671801675111,0.02,0.352847040630877,3.515440970659256,0.9258129866793752,0.08,0.35,0.05,0.45,1.2,25.760819014720617,865652.280039086,865652.28483354
947,eye1,pmrnet,loop,15.081463963724673,0.02,0.3179030027240515,3.4494460560381413,0.4575829952955246,0.08,0.35,0.05,0.45,1.2,21.45639601778239,865652.284942098,865652.289167336
948,eye1,pmrnet,loop,20.40521998424083,0.02,0.5503490101546049,9.943152079358697,0.6048439536243677,0.08,0.35,0.05,0.45,1.2,33.653565027378505,865652.291440179,865652.302539079
949,eye1,pmrnet,loop,24.102102033793926,0.02,0.6258209468796849,10.198536096140742,0.6789700128138065,0.08,0.35,0.05,0.45,1.2,37.75542908962816,865652.302820891,865652.314324887
950,eye1,pmrnet,loop,27.348272036761045,0.02,0.5127050681039691,9.179743006825447,0.6176619790494442,0.08,0.35,0.05,0.45,1.2,39.808382090739904,865652.315330623,865652.325641282
952,eye1,pmrnet,loop,20.843190955929458,0.02,0.4232010105624795,8.646229980513453,0.45218796003609896,0.08,0.35,0.05,0.45,1.2,32.51480990704149,865652.325751266,865652.335273276
953,eye1,pmrnet,loop,25.022621965035796,0.02,0.5604940233752131,9.92307299748063,0.7028150139376521,0.08,0.35,0.05,0.45,1.2,38.35900399982929,865652.336334614,865652.347521713
955,eye1,pmrnet,loop,16.902556060813367,0.02,2.2271779598668218,4.867064068093896,0.7124680560082197,0.08,0.35,0.05,0.45,1.2,26.859266144782303,865652.347734227,865652.355541363
956,eye1,pmrnet,loop,21.409939043223858,0.02,0.48148108180612326,10.265397024340928,0.6744640413671732,0.08,0.35,0.05,0.45,1.2,34.98128119073808,865652.356694853,865652.368116787
957,eye1,pmrnet,loop,24.18534900061786,0.02,0.5202980246394873,9.56203299574554,0.5455309292301536,0.08,0.35,0.05,0.45,1.2,36.96321095023304,865652.36833295,865652.378961477
959,eye1,pmrnet,loop,20.172719028778374,0.02,0.7007600506767631,9.63562703691423,0.6324700079858303,0.08,0.35,0.05,0.45,1.2,33.2915761243552,865652.380117088,865652.39108645
962,eye0,pmrnet,loop,17.53049995750189,0.02,0.49700308591127396,3.656791988760233,0.7377160945907235,0.08,0.35,0.05,0.45,1.2,24.572011126764117,865652.365561399,865652.370453219
963,eye0,pmrnet,loop,14.396680053323507,0.02,0.3718109801411629,3.5977339139208198,0.8287620730698109,0.08,0.35,0.05,0.45,1.2,21.3449870204553,865652.370589815,865652.375388397
964,eye0,pmrnet,loop,14.021221082657576,0.02,0.3375440137460828,3.727069008164108,0.3999510081484914,0.08,0.35,0.05,0.45,1.2,20.635785112716256,865652.378617528,865652.383082362
965,eye0,pmrnet,loop,20.35719493869692,0.02,0.48455502837896347,9.93939710315317,0.500172027386725,0.08,0.35,0.05,0.45,1.2,33.431319097615784,865652.38656154,865652.39748614
966,eye0,pmrnet,loop,19.28901392966509,0.02,0.5320400232449174,6.006969953887165,0.246120966039598,0.08,0.35,0.05,0.45,1.2,28.224144872836767,865652.397702389,865652.404487941
967,eye0,pmrnet,loop,20.8344740094617,0.02,0.48656598664820194,7.153528975322843,0.9101950563490391,0.08,0.35,0.05,0.45,1.2,31.534764027781783,865652.405551352,865652.414102019
968,eye0,pmrnet,loop,22.170067997649312,0.02,0.36530091892927885,8.298825938254595,0.6096489960327744,0.08,0.35,0.05,0.45,1.2,33.593843850865966,865652.414232622,865652.423506673
969,eye0,pmrnet,loop,19.02946992777288,0.02,0.35279407165944576,3.3687090035527945,0.4478179616853595,0.08,0.35,0.05,0.45,1.2,25.348790964670478,865652.424265865,865652.42843546
970,eye0,pmrnet,loop,15.852454933337867,0.02,0.33004104625433683,3.5793400602415204,0.8507799357175827,0.08,0.35,0.05,0.45,1.2,22.762615975551306,865652.428566699,865652.433327214
971,eye0,pmrnet,loop,14.648584998212755,0.02,0.3246759297326207,4.697502939961851,0.6127969827502966,0.08,0.35,0.05,0.45,1.2,22.43356085065752,865652.434557115,865652.440192327
972,eye0,pmrnet,loop,14.247074024751782,0.02,0.36711699794977903,3.6058450350537896,1.3145479606464505,0.08,0.35,0.05,0.45,1.2,21.6845840184018,865652.442572397,865652.447860267
973,eye0,pmrnet,loop,14.136751065962017,0.02,0.3809289773926139,3.9882209384813905,0.9193900041282177,0.08,0.35,0.05,0.45,1.2,21.575290985964237,865652.45053002,865652.455818831
974,eye0,pmrnet,loop,12.768918997608125,0.02,0.3742600092664361,3.247465007007122,0.33165200147777796,0.08,0.35,0.05,0.45,1.2,18.87229601535946,865652.458566517,865652.462520097
975,eye0,pmrnet,loop,19.617751939222217,0.02,0.49918494187295437,9.806522051803768,0.5653019761666656,0.08,0.35,0.05,0.45,1.2,32.6387609090656,865652.466565055,865652.477436755
976,eye0,pmrnet,loop,21.894391044043005,0.02,0.5163629539310932,9.259311947971582,0.3559079486876726,0.08,0.35,0.05,0.45,1.2,34.17597389463335,865652.477650871,865652.487782966
978,eye0,pmrnet,loop,17.401463934220374,0.02,0.5686880322173238,7.458069012500346,0.833428930491209,0.08,0.35,0.05,0.45,1.2,28.41164990942925,865652.490567678,865652.499428359
979,eye0,pmrnet,loop,13.187969918362796,0.02,0.3339870600029826,3.191858995705843,0.2180009614676237,0.08,0.35,0.05,0.45,1.2,19.081816935539244,865652.499539837,865652.503283934
980,eye0,pmrnet,loop,12.181526981294155,0.02,0.35129894968122244,3.209408954717219,0.22491102572530508,0.08,0.35,0.05,0.45,1.2,18.1171459114179,865652.50656048,865652.510346391
981,eye0,pmrnet,loop,12.286428012885153,0.02,0.39081694558262825,3.331669024191797,0.22734107915312052,0.08,0.35,0.05,0.45,1.2,18.386255061812697,865652.514570172,865652.518520271
982,eye0,pmrnet,loop,12.06736103631556,0.02,0.3963490016758442,3.233333001844585,0.2209019148722291,0.08,0.35,0.05,0.45,1.2,18.067944954708217,865652.522519482,865652.526370312
983,eye0,pmrnet,loop,18.98108795285225,0.02,0.4104720428586006,9.80386696755886,0.5499119870364666,0.08,0.35,0.05,0.45,1.2,31.895338950306176,865652.530587684,865652.541352377
984,eye0,pmrnet,loop,23.419693927280605,0.02,0.5225619534030557,10.2163270348683,0.5928829777985811,0.08,0.35,0.05,0.45,1.2,36.90146589335054,865652.542527482,865652.553859878
985,eye0,pmrnet,loop,27.621750021353364,0.02,1.2336119543761015,10.06608596071601,0.7442699279636145,0.08,0.35,0.05,0.45,1.2,41.81571786440909,865652.554086247,865652.566130871
987,eye0,pmrnet,loop,23.712449008598924,0.02,0.5001190584152937,10.151942959055305,0.5799239734187722,0.08,0.35,0.05,0.45,1.2,37.09443499948829,865652.567127207,865652.578359758
988,eye0,pmrnet,loop,26.79188793990761,0.02,0.5320300115272403,8.84623802267015,1.531262998469174,0.08,0.35,0.05,0.45,1.2,39.85141897257417,865652.578599531,865652.589509652
990,eye0,pmrnet,loop,25.267685065045953,0.02,0.6527419900521636,10.037605999968946,0.6124979117885232,0.08,0.35,0.05,0.45,1.2,38.720530966855584,865652.592819176,865652.604122786
991,eye0,pmrnet,loop,27.68802607897669,0.02,0.47890597488731146,9.423102019354701,0.3986919764429331,0.08,0.35,0.05,0.45,1.2,40.138726049661635,865652.60431082,865652.614612052
993,eye0,pmrnet,loop,20.442819921299815,0.02,0.6502720061689615,6.554584950208664,0.5906140431761742,0.08,0.35,0.05,0.45,1.2,30.388290920853613,865652.615709775,865652.62350572
994,eye0,pmrnet,loop,16.255898983217776,0.02,0.4107239656150341,3.124489914625883,0.23805198725312948,0.08,0.35,0.05,0.45,1.2,22.17916485071182,865652.623614278,865652.627387857
995,eye0,pmrnet,loop,15.35064703784883,0.02,0.3720569657161832,3.222138970158994,0.39967591874301434,0.08,0.35,0.05,0.45,1.2,21.49451889246702,865652.630557458,865652.634551595
996,eye0,pmrnet,loop,22.0989310182631,0.02,0.5795380566269159,9.786222013644874,0.39556599222123623,0.08,0.35,0.05,0.45,1.2,35.010257080756126,865652.638607003,865652.649368897
997,eye0,pmrnet,loop,18.902375944890082,0.02,0.47992204781621695,3.5318610025569797,0.5223240004852414,0.08,0.35,0.05,0.45,1.2,25.58648299574852,865652.649706398,865652.654240854
998,eye0,pmrnet,loop,23.339243954978883,0.02,0.6125459913164377,10.017975931987166,0.5009649321436882,0.08,0.35,0.05,0.45,1.2,36.620730810426174,865652.655614481,865652.666746478
999,eye0,pmrnet,loop,26.277392986230552,0.02,0.5126990145072341,9.806407964788377,0.5038239760324359,0.08,0.35,0.05,0.45,1.2,39.2503239415586,865652.666929598,865652.677753138
1001,eye0,pmrnet,loop,19.6239649085328,0.02,0.6554670399054885,7.040095049887896,0.6191969150677323,0.08,0.35,0.05,0.45,1.2,30.088723913393913,865652.678923816,865652.687239048
1002,eye0,pmrnet,loop,16.1099269753322,0.02,0.3440700238570571,3.4884550841525197,0.6096229190006852,0.08,0.35,0.05,0.45,1.2,22.70207500234246,865652.687351433,865652.691793809
1003,eye0,pmrnet,loop,15.439384034834802,0.02,0.39939896669238806,3.4683479461818933,0.7048819679766893,0.08,0.35,0.05,0.45,1.2,22.16201291568577,865652.694619406,865652.699192281
1004,eye0,pmrnet,loop,15.551139018498361,0.02,0.3396670799702406,3.9472280768677592,0.5200100131332874,0.08,0.35,0.05,0.45,1.2,22.508044188469647,865652.702565864,865652.707373021
1005,eye0,pmrnet,loop,21.783347008749843,0.02,0.5013180198147893,10.035760933533311,0.5012620240449905,0.08,0.35,0.05,0.45,1.2,34.97168798614293,865652.710634311,865652.721673324
1006,eye0,pmrnet,loop,23.333227960392833,0.02,1.3837820151820779,6.772069958969951,0.3345450386404991,0.08,0.35,0.05,0.45,1.2,33.97362497318536,865652.722802476,865652.731293321
1007,eye0,pmrnet,loop,19.950235029682517,0.02,0.7235560333356261,3.41314694378525,0.4425810184329748,0.08,0.35,0.05,0.45,1.2,26.679519025236367,865652.731399641,865652.735979168
1008,eye0,pmrnet,loop,17.12193596176803,0.02,0.37801696453243494,3.4946450032293797,1.2309809681028128,0.08,0.35,0.05,0.45,1.2,24.375578897632657,865652.736115832,865652.741219744
1009,eye0,pmrnet,loop,21.062037092633545,0.02,0.5113909719511867,9.630701038986444,0.4663240397349,0.08,0.35,0.05,0.45,1.2,33.820453143306075,865652.74261991,865652.753228858
1010,eye0,pmrnet,loop,19.753910950385034,0.02,2.7602899353951216,3.625126904807985,0.22589194122701883,0.08,0.35,0.05,0.45,1.2,28.515219731815158,865652.753378134,865652.759989828
1011,eye0,pmrnet,loop,23.76089198514819,0.02,0.5054309731349349,10.032511898316443,0.5398479988798499,0.08,0.35,0.05,0.45,1.2,36.98868285547942,865652.760987053,865652.772065385
1012,eye0,pmrnet,loop,23.694243049249053,0.02,0.8849420119076967,6.254587089642882,0.6180070340633392,0.08,0.35,0.05,0.45,1.2,33.60177918486298,865652.772309853,865652.780067921
1013,eye0,pmrnet,loop,21.273164078593254,0.02,0.35028590355068445,4.140951088629663,0.4885600646957755,0.08,0.35,0.05,0.45,1.2,28.402961135469376,865652.780736275,865652.785716335
1014,eye0,pmrnet,loop,25.462094112299383,0.02,0.3530500689521432,10.369988973252475,1.4124760637059808,0.08,0.35,0.05,0.45,1.2,39.74760921820998,865652.785838023,865652.797973823
1016,eye0,pmrnet,loop,22.13452896103263,0.02,0.5222359905019403,10.294476989656687,0.7406099466606975,0.08,0.35,0.05,0.45,1.2,35.84185188785195,865652.799225702,865652.810783639
1017,eye0,pmrnet,loop,24.806661065667868,0.02,0.49581192433834076,9.561910992488265,0.49101701006293297,0.08,0.35,0.05,0.45,1.2,37.505400992557405,865652.810975718,865652.821525088
960,eye1,pmrnet,loop,23.911357042379677,0.02,0.5958060501143336,9.729000041261315,0.5763649241998792,0.08,0.35,0.05,0.45,1.2,36.962528057955204,865652.391993004,865652.402894671
962,eye1,pmrnet,loop,14.617247972637415,0.02,1.30699691362679,3.642747993580997,0.8060209220275283,0.08,0.35,0.05,0.45,1.2,22.52301380187273,865652.403982325,865652.409738433
963,eye1,pmrnet,loop,18.832431989721954,0.02,0.5220860475674272,9.596961084753275,0.43779402039945126,0.08,0.35,0.05,0.45,1.2,31.539273142442106,865652.411465461,865652.422022862
964,eye1,pmrnet,loop,22.144183982163668,0.02,1.00277503952384,8.847879013046622,0.3508960362523794,0.08,0.35,0.05,0.45,1.2,34.49573407098651,865652.423201862,865652.433403776
965,eye1,pmrnet,loop,20.536308060400188,0.02,1.5654830494895577,3.3179610036313534,1.4467040309682488,0.08,0.35,0.05,0.45,1.2,29.016456144489347,865652.43353453,865652.439864898
966,eye1,pmrnet,loop,18.445340916514397,0.02,0.3636099863797426,4.006845992989838,0.8784739766269922,0.08,0.35,0.05,0.45,1.2,25.844270872510968,865652.440594044,865652.44584324
967,eye1,pmrnet,loop,14.274189947173,0.02,0.4104559775441885,3.179262042976916,0.19668100867420435,0.08,0.35,0.05,0.45,1.2,20.210588976368307,865652.445954508,865652.449741158
968,eye1,pmrnet,loop,18.962995032779872,0.02,0.626441091299057,9.56864794716239,0.8031489560380578,0.08,0.35,0.05,0.45,1.2,32.111233027279376,865652.451500188,865652.462498973
969,eye1,pmrnet,loop,18.00639508292079,0.02,0.502233044244349,4.8397049540653825,0.8190659573301673,0.08,0.35,0.05,0.45,1.2,26.317399038560687,865652.463449285,865652.469610747
970,eye1,pmrnet,loop,16.51781192049384,0.02,0.3719019005075097,3.729821997694671,0.6906460039317608,0.08,0.35,0.05,0.45,1.2,23.46018182262778,865652.471398221,865652.47619099
971,eye1,pmrnet,loop,15.72312496136874,0.02,0.34716492518782616,3.314865054562688,0.39977498818188906,0.08,0.35,0.05,0.45,1.2,21.93492992930114,865652.479403853,865652.483465933
972,eye1,pmrnet,loop,17.31136895250529,0.02,0.3285260172560811,3.8337239529937506,1.54934695456177,0.08,0.35,0.05,0.45,1.2,25.17296587731689,865652.487411115,865652.49312297
973,eye1,pmrnet,loop,15.62153804115951,0.02,0.35170605406165123,3.3987630158662796,0.3437969135120511,0.08,0.35,0.05,0.45,1.2,21.86580402459949,865652.495407848,865652.499502376
974,eye1,pmrnet,loop,17.08901207894087,0.02,0.3443759633228183,3.6536409752443433,1.6326549230143428,0.08,0.35,0.05,0.45,1.2,24.86968394052237,865652.50340772,865652.509038613
975,eye1,pmrnet,loop,18.123910995200276,0.02,0.3830590285360813,4.175169044174254,1.234211027622223,0.08,0.35,0.05,0.45,1.2,26.066350095532833,865652.512349912,865652.518142606
976,eye1,pmrnet,loop,17.03339593950659,0.02,0.3453230019658804,4.526073927991092,0.8318489417433739,0.08,0.35,0.05,0.45,1.2,24.886641811206935,865652.519417697,865652.525121202
977,eye1,pmrnet,loop,15.282563050277531,0.02,0.3482970641925931,3.3042950090020895,0.3751080948859453,0.08,0.35,0.05,0.45,1.2,21.460263218358158,865652.527411509,865652.531439466
978,eye1,pmrnet,loop,22.761442000046372,0.02,0.5288439569994807,10.469781002029777,0.5021420074626803,0.08,0.35,0.05,0.45,1.2,36.41220896653831,865652.535485495,865652.546986793
979,eye1,pmrnet,loop,22.671679966151714,0.02,0.49128395039588213,7.057818002067506,0.2311189891770482,0.08,0.35,0.05,0.45,1.2,32.60190090779215,865652.547185994,865652.554966696
980,eye1,pmrnet,loop,23.011007928289473,0.02,0.49667502753436565,6.344631081447005,0.40307710878551006,0.08,0.35,0.05,0.45,1.2,32.40539114605635,865652.556130227,865652.563375064
981,eye1,pmrnet,loop,19.01497202925384,0.02,0.3225479740649462,3.1887179939076304,0.4523620009422302,0.08,0.35,0.05,0.45,1.2,25.128599998168646,865652.563484022,865652.567447898
982,eye1,pmrnet,loop,15.24976606015116,0.02,0.323773012496531,3.3458289690315723,0.5144529277458787,0.08,0.35,0.05,0.45,1.2,21.58382096942514,865652.56756712,865652.571751401
983,eye1,pmrnet,loop,22.181724081747234,0.02,0.6099350284785032,10.256409063003957,0.4016989842057228,0.08,0.35,0.05,0.45,1.2,35.599767157435416,865652.575484053,865652.586752621
984,eye1,pmrnet,loop,18.17351800855249,0.02,0.49022794701159,3.203311003744602,0.2341379877179861,0.08,0.35,0.05,0.45,1.2,24.25119494702667,865652.586885181,865652.590813183
985,eye1,pmrnet,loop,20.120874047279358,0.02,0.5739459302276373,6.879520951770246,0.39924297016113997,0.08,0.35,0.05,0.45,1.2,30.12358389943838,865652.592976695,865652.600829906
986,eye1,pmrnet,loop,15.957894967868924,0.02,0.3416669787839055,3.1939189648255706,0.2518949331715703,0.08,0.35,0.05,0.45,1.2,21.89537584464997,865652.60094805,865652.604735803
987,eye1,pmrnet,loop,14.614182990044355,0.02,0.3269159933552146,3.3042740542441607,0.3773110220208764,0.08,0.35,0.05,0.45,1.2,20.772684059664606,865652.607452394,865652.611461147
988,eye1,pmrnet,loop,21.816747961565852,0.02,0.5979649722576141,9.714120998978615,0.9455010294914246,0.08,0.35,0.05,0.45,1.2,35.224334962293504,865652.615474044,865652.62673212
989,eye1,pmrnet,loop,24.43025796674192,0.02,0.46528398524969816,9.656809968873858,0.3720340318977833,0.08,0.35,0.05,0.45,1.2,37.07438595276326,865652.626919069,865652.637413735
990,eye1,pmrnet,loop,28.334659058600664,0.02,0.5745859816670418,9.647769969888031,0.5821329541504383,0.08,0.35,0.05,0.45,1.2,41.289147964306174,865652.638582866,865652.649387934
992,eye1,pmrnet,loop,22.947485093027353,0.02,0.47649804037064314,9.627185994759202,0.4657539539039135,0.08,0.35,0.05,0.45,1.2,35.66692308206111,865652.649568432,865652.660138338
993,eye1,pmrnet,loop,26.760528911836445,0.02,0.5241120234131813,9.726582909934223,0.5138119449838996,0.08,0.35,0.05,0.45,1.2,39.67503579016775,865652.661255634,865652.672020628
995,eye1,pmrnet,loop,21.597197977826,0.02,0.5080599803477526,9.761672001332045,0.5025219870731235,0.08,0.35,0.05,0.45,1.2,34.51945194657892,865652.67222339,865652.682996124
996,eye1,pmrnet,loop,26.239469065330923,0.02,0.864114030264318,10.177125106565654,0.6163670914247632,0.08,0.35,0.05,0.45,1.2,40.04707529358566,865652.684048659,865652.695706821
998,eye1,pmrnet,loop,21.542407921515405,0.02,0.49194006714969873,9.17135295458138,1.1431570164859295,0.08,0.35,0.05,0.45,1.2,34.49885795973241,865652.696341474,865652.707148356
999,eye1,pmrnet,loop,24.995396961458027,0.02,0.5287500098347664,9.737365995533764,0.4886679816991091,0.08,0.35,0.05,0.45,1.2,37.900180948525666,865652.707915136,865652.718670561
1000,eye1,pmrnet,loop,27.890054043382406,0.02,0.5040600663051009,9.762231027707458,0.4977020435035229,0.08,0.35,0.05,0.45,1.2,40.804047180898486,865652.718869763,865652.729634384
1002,eye1,pmrnet,loop,23.78584200050682,0.02,0.6075910059735179,10.062464978545904,0.3952559782192111,0.08,0.35,0.05,0.45,1.2,37.00115396324545,865652.73060188,865652.741667654
1003,eye1,pmrnet,loop,20.96709201578051,0.02,0.5045060534030199,4.171985085122287,0.41963602416217327,0.08,0.35,0.05,0.45,1.2,28.213219178467988,865652.741821801,865652.746918182
1004,eye1,pmrnet,loop,25.09042900055647,0.02,0.5069209728389978,8.668308961205184,2.0818900084123015,0.08,0.35,0.05,0.45,1.2,38.49754894301295,865652.74785318,865652.759110784
1005,eye1,pmrnet,loop,27.26332505699247,0.02,0.8652840042486787,8.759021991863847,0.4707559710368514,0.08,0.35,0.05,0.45,1.2,39.50838702414185,865652.759257213,865652.769352601
1007,eye1,pmrnet,loop,23.227971978485584,0.02,0.5129589699208736,9.973534033633769,0.4751289961859584,0.08,0.35,0.05,0.45,1.2,36.33959397822618,865652.770492195,865652.781454395
1008,eye1,pmrnet,loop,26.12023998517543,0.02,1.0284259915351868,9.232516051270068,0.48477400559931993,0.08,0.35,0.05,0.45,1.2,39.015956033580004,865652.781670321,865652.792416544
1010,eye1,pmrnet,loop,17.54224009346217,0.02,0.5386869888752699,4.805105971172452,0.22910302504897118,0.08,0.35,0.05,0.45,1.2,25.26513607855886,865652.794403823,865652.799977222
1011,eye1,pmrnet,loop,17.63180596753955,0.02,0.3558950265869498,6.73754804302007,0.9395189117640257,0.08,0.35,0.05,0.45,1.2,27.814767948910593,865652.800102377,865652.808135593
1012,eye1,pmrnet,loop,14.284895034506917,0.02,0.3492380492389202,3.3369140001013875,0.9186890674754977,0.08,0.35,0.05,0.45,1.2,21.03973615132272,865652.80825236,865652.812857471
1013,eye1,pmrnet,loop,19.7229259647429,0.02,0.5202210741117597,9.8546709632501,0.5245599895715714,0.08,0.35,0.05,0.45,1.2,32.77237799167633,865652.815464126,865652.826364148
1014,eye1,pmrnet,loop,16.900061047635972,0.02,1.3363540638238192,3.3274380257353187,0.3981970949098468,0.08,0.35,0.05,0.45,1.2,24.112050232104956,865652.826548624,865652.831611106
1015,eye1,pmrnet,loop,14.182827901095152,0.02,0.33678195904940367,3.9293660083785653,0.4085300024598837,0.08,0.35,0.05,0.45,1.2,21.007505870983003,865652.832287641,865652.836962566
1016,eye1,pmrnet,loop,14.380584005266428,0.02,2.0908559672534466,3.3910850761458278,0.315331039018929,0.08,0.35,0.05,0.45,1.2,22.32785608768463,865652.839431962,865652.845229487
1019,eye0,pmrnet,loop,18.692531972192228,0.02,0.5276940064504743,6.420525023713708,1.4030210440978408,0.08,0.35,0.05,0.45,1.2,29.19377204645425,865652.823197775,865652.831549427
1020,eye0,pmrnet,loop,15.998570015653968,0.02,0.3267689608037472,3.8903399836272,1.026652054861188,0.08,0.35,0.05,0.45,1.2,23.3923310149461,865652.831679924,865652.836924072
1021,eye0,pmrnet,loop,15.31873201020062,0.02,0.39292301516979933,4.5936600072309375,0.6604290101677179,0.08,0.35,0.05,0.45,1.2,23.115744042769073,865652.83866653,865652.84431392
1022,eye0,pmrnet,loop,22.23504602443427,0.02,0.6205339450389147,10.907715070061386,1.1494699865579605,0.08,0.35,0.05,0.45,1.2,37.06276502609253,865652.846619577,865652.859297853
1023,eye0,pmrnet,loop,24.314757087267935,0.02,0.5097320536151528,9.205774986185133,0.2191959647461772,0.08,0.35,0.05,0.45,1.2,36.3994600918144,865652.859512332,865652.869447535
1024,eye0,pmrnet,loop,23.06772000156343,0.02,0.3292170586064458,4.443172947503626,1.246255007572472,0.08,0.35,0.05,0.45,1.2,31.236365015245973,865652.870250257,865652.876269215
1025,eye0,pmrnet,loop,19.90120904520154,0.02,0.3814359661191702,3.6598820006474853,0.689835986122489,0.08,0.35,0.05,0.45,1.2,26.782362998090683,865652.876440338,865652.881171818
1026,eye0,pmrnet,loop,16.493380069732666,0.02,0.35315402783453465,3.753088996745646,0.4031930584460497,0.08,0.35,0.05,0.45,1.2,23.152816152758895,865652.881323661,865652.885833353
1027,eye0,pmrnet,loop,14.620675006881356,0.02,0.3508479567244649,3.8012469885870814,1.2999820755794644,0.08,0.35,0.05,0.45,1.2,22.222752027772366,865652.886578602,865652.892030918
1028,eye0,pmrnet,loop,18.327674944885075,0.02,0.5476230289787054,8.255115943029523,0.37621590308845043,0.08,0.35,0.05,0.45,1.2,29.656629819981752,865652.894626205,865652.903805828
1029,eye0,pmrnet,loop,21.62037300877273,0.02,0.4740550648421049,10.051517048850656,0.6466389168053865,0.08,0.35,0.05,0.45,1.2,34.942584039270876,865652.903994752,865652.915167474
1030,eye0,pmrnet,loop,29.09050800371915,0.02,0.5648599471896887,10.487386025488377,1.003599027171731,0.08,0.35,0.05,0.45,1.2,43.296353003568946,865652.918650262,865652.93070666
1032,eye0,pmrnet,loop,25.05402604583651,0.02,0.519455992616713,10.631454992108047,0.7635459769517183,0.08,0.35,0.05,0.45,1.2,39.118483007512985,865652.930892824,865652.942807779
1034,eye0,pmrnet,loop,16.35295699816197,0.02,0.5241889739409089,5.219674087129533,0.6292230682447553,0.08,0.35,0.05,0.45,1.2,24.876043127477168,865652.943872289,865652.950245858
1035,eye0,pmrnet,loop,16.649308963678777,0.02,0.3516329452395439,6.703270017169416,0.9736389620229602,0.08,0.35,0.05,0.45,1.2,26.827850888110696,865652.95058215,865652.95861099
1036,eye0,pmrnet,loop,18.395023071207106,0.02,0.3717440413311124,8.922820910811424,0.37581101059913635,0.08,0.35,0.05,0.45,1.2,30.215399033948778,865652.958754538,865652.968425325
1037,eye0,pmrnet,loop,18.055205000564456,0.02,0.5566679174080491,4.526374978013337,1.6071479767560959,0.08,0.35,0.05,0.45,1.2,26.895395872741936,865652.96946457,865652.976155176
1038,eye0,pmrnet,loop,16.144794994033873,0.02,0.38845196831971407,3.863966907374561,1.7698339652270079,0.08,0.35,0.05,0.45,1.2,24.317047834955154,865652.976291175,865652.982313672
1039,eye0,pmrnet,loop,12.17305799946189,0.02,0.3412429941818118,3.2872409792616963,0.2175739500671625,0.08,0.35,0.05,0.45,1.2,18.16911592297256,865652.982564854,865652.986411138
1040,eye0,pmrnet,loop,12.15108297765255,0.02,0.46924897469580173,3.1659520464017987,0.21511409431695938,0.08,0.35,0.05,0.45,1.2,18.151398093067108,865652.990607589,865652.994458202
1041,eye0,pmrnet,loop,17.434301087632775,0.02,0.3824010491371155,7.46447907295078,1.3555740006268024,0.08,0.35,0.05,0.45,1.2,28.786755210347472,865652.998606283,865653.007809174
1042,eye0,pmrnet,loop,21.80151699576527,0.02,0.5343419034034014,10.439184959977865,0.4761499585583806,0.08,0.35,0.05,0.45,1.2,35.401193817704915,865653.008796151,865653.020246367
1043,eye0,pmrnet,loop,18.724750028923154,0.02,0.7536659250035882,3.5177270183339715,0.5848619621247053,0.08,0.35,0.05,0.45,1.2,25.731004934385417,865653.020382038,865653.025238568
1044,eye0,pmrnet,loop,21.99365699198097,0.02,0.4971669986844063,9.55999200232327,0.39102090522646904,0.08,0.35,0.05,0.45,1.2,34.591836898215114,865653.026127523,865653.036576191
1045,eye0,pmrnet,loop,24.7939060209319,0.02,0.523196067661047,9.604969061911106,0.5527179455384612,0.08,0.35,0.05,0.45,1.2,37.62478909604251,865653.036763159,865653.04744465
1046,eye0,pmrnet,loop,28.672538930550218,0.02,0.55943604093045,9.649193030782044,0.49302796833217144,0.08,0.35,0.05,0.45,1.2,41.52419597059488,865653.048690507,865653.059392636
1048,eye0,pmrnet,loop,21.378429024480283,0.02,0.558061059564352,7.723893970251083,0.34682091791182756,0.08,0.35,0.05,0.45,1.2,32.157204972207545,865653.059608259,865653.068237462
1049,eye0,pmrnet,loop,28.217268059961498,0.02,5.083800991997123,8.577057044021785,0.2601980231702328,0.08,0.35,0.05,0.45,1.2,44.28832411915064,865653.069222927,865653.083144436
1051,eye0,pmrnet,loop,23.229006910696626,0.02,0.37415302358567715,9.79871698655188,0.8352280128747225,0.08,0.35,0.05,0.45,1.2,36.387104933708905,865653.083285714,865653.094294135
1052,eye0,pmrnet,loop,22.293020971119404,0.02,0.5240099271759391,4.741281038150191,0.5923359422013164,0.08,0.35,0.05,0.45,1.2,30.30064787864685,865653.095569965,865653.101428028
1053,eye0,pmrnet,loop,18.657242064364254,0.02,0.3446020418778062,3.360440954566002,0.6161059718579054,0.08,0.35,0.05,0.45,1.2,25.128391032665967,865653.101539842,865653.105861245
1054,eye0,pmrnet,loop,15.296509023755789,0.02,0.37273799534887075,3.275442053563893,0.3432899247854948,0.08,0.35,0.05,0.45,1.2,21.437978997454046,865653.106577984,865653.11056967
1055,eye0,pmrnet,loop,15.231439960189164,0.02,0.3581648925319314,3.224654938094318,0.4073349991813302,0.08,0.35,0.05,0.45,1.2,21.371594789996742,865653.114583064,865653.118573521
1056,eye0,pmrnet,loop,16.90994994714856,0.02,0.5858259974047542,4.794414970092475,0.3426420735195279,0.08,0.35,0.05,0.45,1.2,24.782832988165318,865653.122597444,865653.128320864
1057,eye0,pmrnet,loop,15.211732010357082,0.02,0.3673169994726777,3.3135180128738284,0.42525294702500105,0.08,0.35,0.05,0.45,1.2,21.467819969728588,865653.130585438,865653.134691749
1058,eye0,pmrnet,loop,16.169438022188842,0.02,0.3752319607883692,4.118844051845372,0.6667139241471887,0.08,0.35,0.05,0.45,1.2,23.48022795896977,865653.138556869,865653.143718123
1059,eye0,pmrnet,loop,17.155943089164793,0.02,0.5599699215963483,5.055713001638651,0.5291970446705818,0.08,0.35,0.05,0.45,1.2,25.450823057070373,865653.146628491,865653.152773863
1060,eye0,pmrnet,loop,21.725503960624337,0.02,0.47349301166832447,9.09820303786546,1.2612229911610484,0.08,0.35,0.05,0.45,1.2,34.70842300131917,865653.154578714,865653.165412173
1061,eye0,pmrnet,loop,25.52325197029859,0.02,0.8216769201681018,9.751318022608757,0.4268520278856158,0.08,0.35,0.05,0.45,1.2,38.67309894096106,865653.166278164,865653.177278623
1062,eye0,pmrnet,loop,22.488589980639517,0.02,0.3543869825080037,3.925903933122754,0.6160449702292681,0.08,0.35,0.05,0.45,1.2,29.53492586649954,865653.177416477,865653.182313103
1063,eye0,pmrnet,loop,19.436454051174223,0.02,0.40005205664783716,3.403977956622839,0.49434404354542494,0.08,0.35,0.05,0.45,1.2,25.884828107990323,865653.183031699,865653.187330388
1064,eye0,pmrnet,loop,15.580809907987714,0.02,0.3397370455786586,3.154765930958092,0.6085130153223872,0.08,0.35,0.05,0.45,1.2,21.83382589984685,865653.187440561,865653.191543869
1065,eye0,pmrnet,loop,15.28609893284738,0.02,1.1195159750059247,3.214164054952562,0.4428148968145251,0.08,0.35,0.05,0.45,1.2,22.21259385962039,865653.194541299,865653.199318155
1066,eye0,pmrnet,loop,16.178079997189343,0.02,0.5297140451148152,3.975302097387612,1.1871880851686,0.08,0.35,0.05,0.45,1.2,24.02028422486037,865653.202586321,865653.208278986
1067,eye0,pmrnet,loop,14.521308010444045,0.02,0.36633398849517107,3.3229580149054527,0.42385898996144533,0.08,0.35,0.05,0.45,1.2,20.784459003806113,865653.210578938,865653.214692338
1068,eye0,pmrnet,loop,15.147131052799523,0.02,0.34185696858912706,3.4136150497943163,1.0069520212709904,0.08,0.35,0.05,0.45,1.2,22.059555092453955,865653.218624315,865653.223387076
1069,eye0,pmrnet,loop,21.000843960791826,0.02,0.5305460654199123,9.669227059930563,0.5138979759067297,0.08,0.35,0.05,0.45,1.2,33.86451506204903,865653.226595399,865653.23730961
1070,eye0,pmrnet,loop,23.11703492887318,0.02,0.6556899752467871,8.712786948308349,0.6463429890573025,0.08,0.35,0.05,0.45,1.2,35.28185484148562,865653.237479405,865653.247494582
1071,eye0,pmrnet,loop,26.797219994477928,0.02,0.5728160031139851,9.632547036744654,0.6180759519338608,0.08,0.35,0.05,0.45,1.2,39.770658986270426,865653.248418056,865653.25924232
1073,eye0,pmrnet,loop,22.33464107848704,0.02,0.706171034835279,10.166487074457109,0.5030339816585183,0.08,0.35,0.05,0.45,1.2,35.86033316943794,865653.259541747,865653.270918001
1017,eye1,pmrnet,loop,12.812067987397313,0.02,0.37969695404171944,3.3589520025998354,0.5001539830118418,0.08,0.35,0.05,0.45,1.2,19.20087092705071,865652.847491036,865652.851730074
1018,eye1,pmrnet,loop,14.611239079385996,0.02,0.41257496923208237,5.054152105003595,0.7082419469952583,0.08,0.35,0.05,0.45,1.2,22.93620810061693,865652.855422816,865652.861598171
1019,eye1,pmrnet,loop,12.361859087832272,0.02,0.36684900987893343,3.189180977642536,0.4714470123872161,0.08,0.35,0.05,0.45,1.2,18.539336087740956,865652.863389937,865652.867417712
1020,eye1,pmrnet,loop,13.194598956033587,0.02,0.3742449916899204,3.973843064159155,0.5612389650195837,0.08,0.35,0.05,0.45,1.2,20.253925976902245,865652.871409266,865652.876318869
1021,eye1,pmrnet,loop,14.517831965349615,0.02,0.5837260978296399,4.562232061289251,1.1131620267406106,0.08,0.35,0.05,0.45,1.2,22.926952151209115,865652.879452301,865652.885711838
1022,eye1,pmrnet,loop,12.851456995122135,0.02,0.3511959221214056,3.718174062669277,0.6218489725142717,0.08,0.35,0.05,0.45,1.2,19.692675952427088,865652.887423044,865652.892114503
1023,eye1,pmrnet,loop,13.225642032921314,0.02,0.4473179578781128,4.189156927168369,0.4808040102943778,0.08,0.35,0.05,0.45,1.2,20.492920928262173,865652.895440074,865652.900557621
1024,eye1,pmrnet,loop,13.216968975029886,0.02,0.36401196848601103,3.999436041340232,0.8376350160688162,0.08,0.35,0.05,0.45,1.2,20.568052000924943,865652.90341635,865652.90861771
1025,eye1,pmrnet,loop,11.929168947972357,0.02,0.3407170297577977,3.413759986869991,0.23879797663539648,0.08,0.35,0.05,0.45,1.2,18.07244394123554,865652.911405388,865652.915398955
1026,eye1,pmrnet,loop,12.843896984122694,0.02,0.41767000220716,3.6133560352027416,0.9130309335887432,0.08,0.35,0.05,0.45,1.2,19.937953955121337,865652.91943836,865652.924382689
1027,eye1,pmrnet,loop,11.747235083021224,0.02,0.349957961589098,3.317757975310087,0.24912809021770954,0.08,0.35,0.05,0.45,1.2,17.814079110138117,865652.927438211,865652.931355325
1028,eye1,pmrnet,loop,16.603013034909964,0.02,0.4397140583023429,3.911030013114214,0.4869919503107667,0.08,0.35,0.05,0.45,1.2,23.590749056637286,865652.939441154,865652.944279272
1029,eye1,pmrnet,loop,16.810996923595667,0.02,0.3542869817465544,3.55925306212157,1.2227019760757685,0.08,0.35,0.05,0.45,1.2,24.09723894353956,865652.947420097,865652.952556649
1030,eye1,pmrnet,loop,17.22715504001826,0.02,0.3447260241955519,4.456143011339009,0.8011860772967339,0.08,0.35,0.05,0.45,1.2,24.979210152849554,865652.955438986,865652.961041499
1031,eye1,pmrnet,loop,15.853918972425163,0.02,0.3521429607644677,3.523440915159881,0.42350206058472395,0.08,0.35,0.05,0.45,1.2,22.303004908934234,865652.963438435,865652.967737791
1032,eye1,pmrnet,loop,16.253253095783293,0.02,0.28770999051630497,3.4884429769590497,0.5722088972106576,0.08,0.35,0.05,0.45,1.2,22.751614960469304,865652.971857273,865652.976205924
1033,eye1,pmrnet,loop,16.890654922463,0.02,0.5176810082048178,3.4507049713283777,1.5091090463101864,0.08,0.35,0.05,0.45,1.2,24.51814994830638,865652.979434882,865652.984912754
1034,eye1,pmrnet,loop,16.54142001643777,0.02,0.3893650136888027,3.5922169918194413,1.2093110708519816,0.08,0.35,0.05,0.45,1.2,23.882313092797993,865652.98744111,865652.992632254
1035,eye1,pmrnet,loop,16.504304949194193,0.02,0.3719510277733207,3.5418240586295724,1.308606006205082,0.08,0.35,0.05,0.45,1.2,23.876686041802166,865652.995442674,865653.000665311
1036,eye1,pmrnet,loop,15.513570979237556,0.02,0.3461869200691581,3.4471539547666907,0.5375760374590755,0.08,0.35,0.05,0.45,1.2,21.99448789153248,865653.003412307,865653.007743477
1037,eye1,pmrnet,loop,23.22950109373778,0.02,0.4965860862284899,10.60045906342566,0.9482229361310601,0.08,0.35,0.05,0.45,1.2,37.42476917952299,865653.011481577,865653.023527356
1038,eye1,pmrnet,loop,25.81756201107055,0.02,0.5001579411327839,9.443831979297101,0.5118430126458406,0.08,0.35,0.05,0.45,1.2,38.423394944146274,865653.023729051,865653.03418544
1040,eye1,pmrnet,loop,23.8668629899621,0.02,0.5598010029643774,9.838850004598498,0.391370034776628,0.08,0.35,0.05,0.45,1.2,36.8068840323016,865653.037581111,865653.048371796
1041,eye1,pmrnet,loop,21.80242899339646,0.02,0.5511579802259803,4.853059072047472,0.37183600943535566,0.08,0.35,0.05,0.45,1.2,29.728482055105268,865653.048601053,865653.054377475
1042,eye1,pmrnet,loop,27.53065200522542,0.02,0.6330899195745587,7.999077904969454,0.7451730780303478,0.08,0.35,0.05,0.45,1.2,39.05799290779978,865653.058796585,865653.068174659
1044,eye1,pmrnet,loop,15.636601950973272,0.02,0.3601300995796919,3.4126479877159,0.3474940313026309,0.08,0.35,0.05,0.45,1.2,21.906874069571494,865653.068298136,865653.072418674
1045,eye1,pmrnet,loop,15.362203004769981,0.02,0.34417095594108105,3.9366900455206633,0.5049289902672172,0.08,0.35,0.05,0.45,1.2,22.29799299649894,865653.075426809,865653.080212962
1046,eye1,pmrnet,loop,14.895412023179233,0.02,0.3798330435529351,3.5508800065144897,0.43057603761553764,0.08,0.35,0.05,0.45,1.2,21.406701110862194,865653.083453743,865653.087815447
1047,eye1,pmrnet,loop,14.375872910022736,0.02,0.3526040818542242,3.2446120167151093,0.3496260615065694,0.08,0.35,0.05,0.45,1.2,20.472715070098637,865653.091417828,865653.095364924
1048,eye1,pmrnet,loop,21.581162000074983,0.02,0.4955829354003072,9.908156003803015,0.7953710155561566,0.08,0.35,0.05,0.45,1.2,34.93027195483446,865653.099438465,865653.110638043
1049,eye1,pmrnet,loop,24.230723036453128,0.02,0.6729790475219488,9.435800020582974,0.408558058552444,0.08,0.35,0.05,0.45,1.2,36.89806016311049,865653.110838716,865653.121356562
1050,eye1,pmrnet,loop,23.061895044520497,0.02,0.46059791930019855,3.7693299818784,1.1889400193467736,0.08,0.35,0.05,0.45,1.2,30.630762965045868,865653.122838694,865653.128257846
1051,eye1,pmrnet,loop,22.348401020281017,0.02,0.3813729854300618,6.486656027846038,0.36209600511938334,0.08,0.35,0.05,0.45,1.2,31.7285260386765,865653.128382435,865653.135612945
1052,eye1,pmrnet,loop,25.019090971909463,0.02,0.5074320361018181,9.78085899259895,0.27382804546505213,0.08,0.35,0.05,0.45,1.2,37.73121004607528,865653.135789465,865653.146351968
1053,eye1,pmrnet,loop,23.44116393942386,0.02,0.9882060112431645,4.338130936957896,0.34723407588899136,0.08,0.35,0.05,0.45,1.2,31.26473496351391,865653.14717018,865653.152844042
1054,eye1,pmrnet,loop,20.56900504976511,0.02,0.3494450356811285,3.881871933117509,0.8438680088147521,0.08,0.35,0.05,0.45,1.2,27.794190027378498,865653.152965279,865653.158040777
1055,eye1,pmrnet,loop,17.09154504351318,0.02,0.3547440283000469,3.3463190775364637,0.7494409801438451,0.08,0.35,0.05,0.45,1.2,23.692049129493533,865653.158181477,865653.162632231
1056,eye1,pmrnet,loop,13.753679930232465,0.02,0.3834060626104474,3.3022999996319413,0.2190149389207363,0.08,0.35,0.05,0.45,1.2,19.80840093139559,865653.163458548,865653.167363626
1057,eye1,pmrnet,loop,20.843441947363317,0.02,0.4810310201719403,10.08493802510202,0.48655399587005377,0.08,0.35,0.05,0.45,1.2,34.04596498850733,865653.171467667,865653.182520853
1058,eye1,pmrnet,loop,23.14581605605781,0.02,0.5266810767352581,9.272573981434107,0.360128004103899,0.08,0.35,0.05,0.45,1.2,35.45519911833107,865653.182733363,865653.19289338
1059,eye1,pmrnet,loop,27.432486996985972,0.02,0.46967994421720505,9.680037968792021,1.09209306538105,0.08,0.35,0.05,0.45,1.2,40.82429797537625,865653.194006331,865653.20524863
1061,eye1,pmrnet,loop,21.63719793315977,0.02,0.48882607370615005,9.289357927627861,0.35745801869779825,0.08,0.35,0.05,0.45,1.2,33.92283995319158,865653.205455303,865653.215591587
1062,eye1,pmrnet,loop,25.188282947055995,0.02,0.513328006491065,9.5667929854244,0.38467696867883205,0.08,0.35,0.05,0.45,1.2,37.80308090765029,865653.216746204,865653.227211472
1063,eye1,pmrnet,loop,27.79295202344656,0.02,1.3573899632319808,8.876485982909799,0.2271569101139903,0.08,0.35,0.05,0.45,1.2,40.40398487970233,865653.22742422,865653.237885778
1065,eye1,pmrnet,loop,21.973746945150197,0.02,0.5726610543206334,7.178316940553486,0.23439095821231604,0.08,0.35,0.05,0.45,1.2,32.10911589823663,865653.240218657,865653.248204432
1066,eye1,pmrnet,loop,18.310808925889432,0.02,0.36847195588052273,3.4285230794921517,0.4875139566138387,0.08,0.35,0.05,0.45,1.2,24.745317917875944,865653.248325814,865653.252610639
1067,eye1,pmrnet,loop,21.639614016748965,0.02,0.36762701347470284,10.366752976551652,0.54998102132231,0.08,0.35,0.05,0.45,1.2,35.07397502809763,865653.252722192,865653.264006938
1068,eye1,pmrnet,loop,26.109017082490027,0.02,0.5672499537467957,10.068397037684917,0.4980539670214057,0.08,0.35,0.05,0.45,1.2,39.392718040943144,865653.265411678,865653.276545848
1070,eye1,pmrnet,loop,22.195666912011802,0.02,1.4224880142137408,10.030634002760053,0.4986019339412451,0.08,0.35,0.05,0.45,1.2,36.29739086292684,865653.276817525,865653.288769766
1071,eye1,pmrnet,loop,23.58855796046555,0.02,0.5300230113789439,6.303709000349045,1.5900039579719305,0.08,0.35,0.05,0.45,1.2,34.16229393016547,865653.289808863,865653.298233144
1074,eye0,pmrnet,loop,23.656319943256676,0.02,0.5439210217446089,6.245611002668738,0.8879489032551646,0.08,0.35,0.05,0.45,1.2,33.483800870925194,865653.272631176,865653.280309298
1075,eye0,pmrnet,loop,23.853727034293115,0.02,0.5453720223158598,6.9499879609793425,0.5581640871241689,0.08,0.35,0.05,0.45,1.2,34.05725110471249,865653.280522072,865653.288575998
1076,eye0,pmrnet,loop,21.23836404643953,0.02,0.3627960104495287,3.6824039416387677,0.4511240404099226,0.08,0.35,0.05,0.45,1.2,27.884688038937746,865653.289533288,865653.294029855
1077,eye0,pmrnet,loop,17.50537706539035,0.02,0.3586809616535902,3.453256911598146,0.40261493995785713,0.08,0.35,0.05,0.45,1.2,23.86992987859994,865653.294151143,865653.298365964
1078,eye0,pmrnet,loop,15.378857962787151,0.02,0.3541590413078666,4.040408995933831,1.3201169203966856,0.08,0.35,0.05,0.45,1.2,23.243542920425533,865653.298592843,865653.304307843
1079,eye0,pmrnet,loop,13.881011982448399,0.02,0.37709297612309456,3.4327349858358502,0.48078899271786213,0.08,0.35,0.05,0.45,1.2,20.321628937125205,865653.306588703,865653.310879626
1080,eye0,pmrnet,loop,20.721371984109282,0.02,0.5250960821285844,10.144839994609356,0.49995805602520704,0.08,0.35,0.05,0.45,1.2,34.04126611687243,865653.314618036,865653.325788425
1081,eye0,pmrnet,loop,23.33390002604574,0.02,0.5075260996818542,9.530163020826876,0.4398920573294163,0.08,0.35,0.05,0.45,1.2,35.961481203883885,865653.325992402,865653.336470511
1082,eye0,pmrnet,loop,27.304543065838516,0.02,0.4883239744231105,9.963040938600898,0.4825480282306671,0.08,0.35,0.05,0.45,1.2,40.38845600709319,865653.337575054,865653.348509511
1084,eye0,pmrnet,loop,22.06695801578462,0.02,0.5068700993433595,9.484756970778108,0.6995920557528734,0.08,0.35,0.05,0.45,1.2,34.90817714165896,865653.348717984,865653.359409793
1085,eye0,pmrnet,loop,28.3264999743551,0.02,0.5475740181282163,9.74132597912103,0.9237719932571054,0.08,0.35,0.05,0.45,1.2,41.68917196486145,865653.362524893,865653.373738203
1087,eye0,pmrnet,loop,23.745052982121706,0.02,0.5054010543972254,9.516353951767087,1.3284870656207204,0.08,0.35,0.05,0.45,1.2,37.24529505390674,865653.373944064,865653.385294858
1088,eye0,pmrnet,loop,27.36706903669983,0.02,0.5159589927643538,9.658416965976357,0.4488700069487095,0.08,0.35,0.05,0.45,1.2,40.14031500238925,865653.386362599,865653.396986547
1090,eye0,pmrnet,loop,22.156377090141177,0.02,0.46993198338896036,9.678467060439289,0.5986019968986511,0.08,0.35,0.05,0.45,1.2,35.053378130868076,865653.397165974,865653.407913514
1091,eye0,pmrnet,loop,25.652601034380496,0.02,0.5280249752104282,9.535745019093156,0.4476530011743307,0.08,0.35,0.05,0.45,1.2,38.31402402985841,865653.408967228,865653.419479252
1093,eye0,pmrnet,loop,20.89494396932423,0.02,0.4789390368387103,9.973766980692744,0.7527009584009647,0.08,0.35,0.05,0.45,1.2,34.25035094525665,865653.419653208,865653.430859079
1094,eye0,pmrnet,loop,24.541717022657394,0.02,0.49715093336999416,9.732897044159472,0.26496697682887316,0.08,0.35,0.05,0.45,1.2,37.18673197701573,865653.432080024,865653.442575517
1096,eye0,pmrnet,loop,14.313689898699522,0.02,0.40789402555674314,5.021148012019694,0.345373060554266,0.08,0.35,0.05,0.45,1.2,22.238104996830224,865653.44271089,865653.448485687
1097,eye0,pmrnet,loop,15.501944930292666,0.02,0.502342008985579,6.021570996381342,0.5993898957967758,0.08,0.35,0.05,0.45,1.2,24.775247831456362,865653.450619086,865653.457742772
1098,eye0,pmrnet,loop,13.272951007820666,0.02,0.3697640495374799,3.705951967276633,0.8661660831421614,0.08,0.35,0.05,0.45,1.2,20.36483310777694,865653.458640689,865653.463582874
1099,eye0,pmrnet,loop,12.248412007465959,0.02,0.37265499122440815,3.2891409937292337,0.4036930622532964,0.08,0.35,0.05,0.45,1.2,18.463901054672895,865653.466561762,865653.470627477
1100,eye0,pmrnet,loop,19.113136921077967,0.02,0.5190479569137096,9.963075979612768,0.47300802543759346,0.08,0.35,0.05,0.45,1.2,32.218268883042036,865653.474604269,865653.485560052
1101,eye0,pmrnet,loop,21.824806928634644,0.02,0.5267119267955422,9.450818062759936,0.5924730794504285,0.08,0.35,0.05,0.45,1.2,34.54480999764055,865653.485771365,865653.496341875
1102,eye0,pmrnet,loop,26.047674007713795,0.02,0.5178109277039766,9.81884601060301,0.683701946400106,0.08,0.35,0.05,0.45,1.2,39.21803289242089,865653.497611061,865653.508631988
1103,eye0,pmrnet,loop,28.81291601806879,0.02,0.626435037702322,9.621208999305964,0.3352611092850566,0.08,0.35,0.05,0.45,1.2,41.54582116436213,865653.508884657,865653.51946801
1105,eye0,pmrnet,loop,22.990404977463186,0.02,0.494115985929966,8.024328970350325,0.5048309685662389,0.08,0.35,0.05,0.45,1.2,34.163680902309714,865653.520759819,865653.529783529
1106,eye0,pmrnet,loop,19.37904697842896,0.02,0.38009299896657467,3.348361002281308,0.6153160938993096,0.08,0.35,0.05,0.45,1.2,25.87281707357615,865653.529897062,865653.534241075
1107,eye0,pmrnet,loop,22.378375055268407,0.02,0.4672710783779621,9.683012962341309,0.5311639979481697,0.08,0.35,0.05,0.45,1.2,35.209823093935846,865653.534626274,865653.545308239
1108,eye0,pmrnet,loop,24.817445082589984,0.02,0.5237939767539501,7.936401991173625,0.9265419794246554,0.08,0.35,0.05,0.45,1.2,36.35418302994221,865653.546431158,865653.555818412
1109,eye0,pmrnet,loop,23.408387089148164,0.02,0.36878802347928286,5.798756028525531,0.37669402081519365,0.08,0.35,0.05,0.45,1.2,32.10262516196817,865653.555933222,865653.562477907
1110,eye0,pmrnet,loop,24.84864497091621,0.02,0.5410820012912154,6.91037904471159,0.3912840038537979,0.08,0.35,0.05,0.45,1.2,34.84139002077281,865653.564144204,865653.571987498
1111,eye0,pmrnet,loop,20.766017958521843,0.02,0.32342004124075174,3.182176034897566,0.33771805465221405,0.08,0.35,0.05,0.45,1.2,26.759332089312373,865653.572130393,865653.57597398
1112,eye0,pmrnet,loop,18.470937036909163,0.02,0.3612210275605321,4.095187061466277,1.1978739639744163,0.08,0.35,0.05,0.45,1.2,26.275219089910387,865653.576093335,865653.581747895
1113,eye0,pmrnet,loop,19.90090007893741,0.02,0.3828429616987705,3.9327630074694753,1.7144730081781745,0.08,0.35,0.05,0.45,1.2,28.08097905628383,865653.585216499,865653.59124689
1114,eye0,pmrnet,loop,17.51319889444858,0.02,0.3844320308417082,4.820363014005125,0.34533196594566107,0.08,0.35,0.05,0.45,1.2,25.21332590524107,865653.591377861,865653.596928278
1115,eye0,pmrnet,loop,16.08781097456813,0.02,0.3459190484136343,3.2718880102038383,1.3554609613493085,0.08,0.35,0.05,0.45,1.2,23.21107899453491,865653.598598399,865653.60357194
1116,eye0,pmrnet,loop,20.747098024003208,0.02,0.5665250355377793,8.656863938085735,0.45978010166436434,0.08,0.35,0.05,0.45,1.2,32.580267099291085,865653.606616478,865653.616300145
1117,eye0,pmrnet,loop,16.898942063562572,0.02,0.3634779714047909,3.197174984961748,0.5421200767159462,0.08,0.35,0.05,0.45,1.2,23.151715096645056,865653.616418099,865653.620521086
1118,eye0,pmrnet,loop,21.627197042107582,0.02,0.5190370138734579,9.538235026411712,0.6505389465019107,0.08,0.35,0.05,0.45,1.2,34.48500802889466,865653.622609786,865653.633318121
1119,eye0,pmrnet,loop,17.495031002908945,0.02,0.37836201954633,3.219670965336263,0.2179170260205865,0.08,0.35,0.05,0.45,1.2,23.460981013812123,865653.633438816,865653.637255008
1120,eye0,pmrnet,loop,21.36781404260546,0.02,0.4830459365621209,9.709567064419389,0.4141309764236212,0.08,0.35,0.05,0.45,1.2,34.124558020010596,865653.638588613,865653.649195849
1121,eye0,pmrnet,loop,23.753490997478366,0.02,0.5231150425970554,9.35062498319894,0.3685849951580167,0.08,0.35,0.05,0.45,1.2,36.14581601843238,865653.649408223,865653.659651106
1122,eye0,pmrnet,loop,27.60525105986744,0.02,0.569032970815897,9.537058067508042,0.38003595545887947,0.08,0.35,0.05,0.45,1.2,40.24137805365026,865653.661084829,865653.671571533
1124,eye0,pmrnet,loop,21.508649922907352,0.02,0.48421602696180344,9.150200057774782,0.2251151017844677,0.08,0.35,0.05,0.45,1.2,33.51818110942841,865653.671753562,865653.681613562
1125,eye0,pmrnet,loop,29.77109095081687,0.02,0.5650380626320839,10.57901803869754,0.6487090140581131,0.08,0.35,0.05,0.45,1.2,43.713856066204606,865653.686150996,865653.697944391
1127,eye0,pmrnet,loop,25.011138059198856,0.02,0.4872470162808895,10.101312072947621,0.5954880034551024,0.08,0.35,0.05,0.45,1.2,38.34518515188247,865653.698137376,865653.709321933
1128,eye0,pmrnet,loop,24.300827994011343,0.02,0.5530769703909755,5.383622017689049,0.21517893765121698,0.08,0.35,0.05,0.45,1.2,32.60270591974258,865653.710529365,865653.716681634
1129,eye0,pmrnet,loop,20.4665909986943,0.02,0.3355391090735793,3.308044048026204,0.4773070104420185,0.08,0.35,0.05,0.45,1.2,26.7374811662361,865653.716795321,865653.720916434
1130,eye0,pmrnet,loop,16.70441497117281,0.02,0.3190509742125869,3.3959069987758994,0.46373496297746897,0.08,0.35,0.05,0.45,1.2,23.033107907138763,865653.721044076,865653.725223113
1131,eye0,pmrnet,loop,13.975571026094258,0.02,0.3726569702848792,3.263290971517563,0.33646600786596537,0.08,0.35,0.05,0.45,1.2,20.097984975762664,865653.726590708,865653.730563359
1072,eye1,pmrnet,loop,21.636461024172604,0.02,0.3658639034256339,4.2810209561139345,0.9731070604175329,0.08,0.35,0.05,0.45,1.2,29.406452944129704,865653.298729129,865653.304349408
1073,eye1,pmrnet,loop,19.104710081592202,0.02,0.38826896343380213,4.043758031912148,0.9604190709069371,0.08,0.35,0.05,0.45,1.2,26.647156147845088,865653.304494748,865653.309887483
1074,eye1,pmrnet,loop,23.115925956517458,0.02,0.5103120347484946,10.017624939791858,0.47804799396544695,0.08,0.35,0.05,0.45,1.2,36.271910925023256,865653.310960794,865653.321967287
1075,eye1,pmrnet,loop,23.087305948138237,0.02,1.0203870479017496,5.736603052355349,1.035840017721057,0.08,0.35,0.05,0.45,1.2,33.03013606611639,865653.322215992,865653.330009258
1076,eye1,pmrnet,loop,27.056909049861133,0.02,0.4794650012627244,10.035171988420188,0.6206840043887496,0.08,0.35,0.05,0.45,1.2,40.342230043932794,865653.330910689,865653.342046587
1078,eye1,pmrnet,loop,21.845270064659417,0.02,0.5315080052241683,9.7134510288015,0.4550419980660081,0.08,0.35,0.05,0.45,1.2,34.69527109675109,865653.3422732,865653.352973693
1079,eye1,pmrnet,loop,21.51990495622158,0.02,1.331895007751882,5.2820739801973104,0.23664406035095453,0.08,0.35,0.05,0.45,1.2,30.520518004521726,865653.353866519,865653.360717538
1080,eye1,pmrnet,loop,18.948836950585246,0.02,0.35983696579933167,4.522163071669638,0.4902370274066925,0.08,0.35,0.05,0.45,1.2,26.471074015460907,865653.360843111,865653.366215544
1081,eye1,pmrnet,loop,15.014033066108823,0.02,0.33828895539045334,3.2667999621480703,0.38321700412780046,0.08,0.35,0.05,0.45,1.2,21.152338987775146,865653.366361253,865653.370349851
1082,eye1,pmrnet,loop,18.710602074861526,0.02,0.4936289042234421,9.599713026545942,0.5087649915367365,0.08,0.35,0.05,0.45,1.2,31.462708997167645,865653.371511612,865653.382114259
1083,eye1,pmrnet,loop,17.124244943261147,0.02,0.5123598966747522,5.021195043809712,0.7377219153568149,0.08,0.35,0.05,0.45,1.2,25.545521799102424,865653.382326324,865653.388598059
1084,eye1,pmrnet,loop,20.694833947345614,0.02,0.5040810210630298,9.609089000150561,0.49860100261867046,0.08,0.35,0.05,0.45,1.2,33.45660497117788,865653.389624562,865653.400237079
1085,eye1,pmrnet,loop,23.894442012533545,0.02,0.6069649243727326,9.841330931521952,0.6376530509442091,0.08,0.35,0.05,0.45,1.2,37.13039091937244,865653.400418839,865653.411505284
1086,eye1,pmrnet,loop,26.563261984847486,0.02,0.49822102300822735,8.669184986501932,0.6527579389512539,0.08,0.35,0.05,0.45,1.2,38.5334259333089,865653.412423256,865653.422243809
1087,eye1,pmrnet,loop,22.99396402668208,0.02,0.4046889953315258,3.548452048562467,0.4270459758117795,0.08,0.35,0.05,0.45,1.2,29.52415104638785,865653.422363071,865653.426743503
1088,eye1,pmrnet,loop,18.981200992129743,0.02,0.34378503914922476,3.243184997700155,0.3332030028104782,0.08,0.35,0.05,0.45,1.2,25.0513740317896,865653.426879409,865653.43079992
1089,eye1,pmrnet,loop,22.842586040496826,0.02,0.49082201439887285,9.562578052282333,0.6806609453633428,0.08,0.35,0.05,0.45,1.2,35.726647052541374,865653.431995302,865653.442729833
1090,eye1,pmrnet,loop,20.451555028557777,0.02,0.43784501031041145,3.337183967232704,1.747797941789031,0.08,0.35,0.05,0.45,1.2,28.124381947889923,865653.442884863,865653.448408088
1091,eye1,pmrnet,loop,22.270357003435493,0.02,0.49342308193445206,8.062914945185184,0.28975296299904585,0.08,0.35,0.05,0.45,1.2,33.26644799355418,865653.449449436,865653.45829595
1092,eye1,pmrnet,loop,20.389331970363855,0.02,0.4682530416175723,5.3366380743682384,0.2058929530903697,0.08,0.35,0.05,0.45,1.2,28.550116039440034,865653.458473066,865653.464484253
1093,eye1,pmrnet,loop,21.567838033661246,0.02,0.33477297984063625,8.401342085562646,0.38415705785155296,0.08,0.35,0.05,0.45,1.2,32.83811015691608,865653.464610325,865653.473730967
1094,eye1,pmrnet,loop,25.291339959949255,0.02,0.5027359584346414,9.77345707360655,0.5544810555875301,0.08,0.35,0.05,0.45,1.2,38.272014047577976,865653.474691695,865653.485523029
1095,eye1,pmrnet,loop,28.014619019813836,0.02,0.5408220458775759,9.538023034110665,0.4938109777867794,0.08,0.35,0.05,0.45,1.2,40.737275077588855,865653.485743009,865653.49631628
1097,eye1,pmrnet,loop,24.210290983319283,0.02,0.48032193444669247,9.796275990083814,0.623897067271173,0.08,0.35,0.05,0.45,1.2,37.26078597512096,865653.497747439,865653.508648404
1098,eye1,pmrnet,loop,26.903477031737566,0.02,0.6259819492697716,9.51408501714468,0.379153061658144,0.08,0.35,0.05,0.45,1.2,39.57269705981016,865653.508892854,865653.519412509
1100,eye1,pmrnet,loop,23.421021993272007,0.02,0.5534000229090452,9.578129975125194,1.3104620156809688,0.08,0.35,0.05,0.45,1.2,37.01301400698721,865653.520624879,865653.532067359
1101,eye1,pmrnet,loop,25.933758006431162,0.02,0.47315494157373905,9.4670889666304,0.46680099330842495,0.08,0.35,0.05,0.45,1.2,38.490802907943724,865653.532241585,865653.542649079
1103,eye1,pmrnet,loop,19.97657201718539,0.02,0.5266119260340929,7.887908024713397,0.39459101390093565,0.08,0.35,0.05,0.45,1.2,30.935682981833814,865653.544020862,865653.552830436
1104,eye1,pmrnet,loop,19.42086999770254,0.02,0.36338705103844404,6.558094988577068,0.4698979901149869,0.08,0.35,0.05,0.45,1.2,28.962250027433036,865653.552951446,865653.560343192
1105,eye1,pmrnet,loop,26.903338031843305,0.02,0.5600890144705772,10.293364059180021,0.9082059841603041,0.08,0.35,0.05,0.45,1.2,40.814997089654206,865653.564133045,865653.575895157
1107,eye1,pmrnet,loop,16.695186961442232,0.02,1.0917600011453032,4.159681033343077,0.550127006135881,0.08,0.35,0.05,0.45,1.2,24.64675500206649,865653.57602253,865653.581824562
1108,eye1,pmrnet,loop,18.106576055288315,0.02,0.3920580493286252,4.991193069145083,0.7484110537916422,0.08,0.35,0.05,0.45,1.2,26.388238227553664,865653.585173618,865653.591305542
1109,eye1,pmrnet,loop,15.582708991132677,0.02,0.394991016946733,3.237480064854026,1.6762129962444305,0.08,0.35,0.05,0.45,1.2,23.041393069177865,865653.591541888,865653.596850822
1110,eye1,pmrnet,loop,14.301509945653379,0.02,0.3632109146565199,3.448589937761426,0.3379969857633114,0.08,0.35,0.05,0.45,1.2,20.601307783834635,865653.599488578,865653.603638627
1111,eye1,pmrnet,loop,15.549676958471537,0.02,0.47101499512791634,4.006840987131,1.0035770246759057,0.08,0.35,0.05,0.45,1.2,23.181109965406357,865653.607473707,865653.612955605
1112,eye1,pmrnet,loop,15.118818962946534,0.02,0.3597360337153077,4.459524992853403,0.3419129643589258,0.08,0.35,0.05,0.45,1.2,22.42999295387417,865653.61543247,865653.620593861
1113,eye1,pmrnet,loop,20.908014033921063,0.02,0.6891620578244328,9.66067099943757,0.6194859743118286,0.08,0.35,0.05,0.45,1.2,34.027333065494894,865653.623481565,865653.634451397
1114,eye1,pmrnet,loop,25.608097086660564,0.02,2.5457729352638125,9.53037803992629,0.5109600024297833,0.08,0.35,0.05,0.45,1.2,40.34520806428045,865653.634632033,865653.647219655
1116,eye1,pmrnet,loop,21.34972100611776,0.02,0.5570570938289165,9.467341005802155,0.5084179574623704,0.08,0.35,0.05,0.45,1.2,34.0325370632112,865653.648567412,865653.659100923
1117,eye1,pmrnet,loop,23.789764964021742,0.02,0.46561891213059425,9.380288887768984,0.4883370129391551,0.08,0.35,0.05,0.45,1.2,36.274009776860474,865653.65927508,865653.669609851
1118,eye1,pmrnet,loop,26.452007004991174,0.02,0.546986935660243,8.610212011262774,0.4425080260261893,0.08,0.35,0.05,0.45,1.2,38.20171397794038,865653.67074193,865653.680342049
1120,eye1,pmrnet,loop,15.586093999445438,0.02,1.6802309546619654,3.2647199695929885,0.21204689983278513,0.08,0.35,0.05,0.45,1.2,22.893091823533176,865653.680456565,865653.685613817
1121,eye1,pmrnet,loop,14.039014000445604,0.02,0.37902104668319225,3.668540040962398,0.6254148902371526,0.08,0.35,0.05,0.45,1.2,20.861989978328346,865653.687462727,865653.692135969
1122,eye1,pmrnet,loop,13.443081988953054,0.02,0.3442290471866727,3.3152129035443068,0.5222150357440114,0.08,0.35,0.05,0.45,1.2,19.774738975428043,865653.69542725,865653.699609163
1123,eye1,pmrnet,loop,13.741053990088403,0.02,0.3290139138698578,3.4224640112370253,0.6977750454097986,0.08,0.35,0.05,0.45,1.2,20.340306960605083,865653.70352595,865653.707975466
1124,eye1,pmrnet,loop,14.106883900240064,0.02,0.3948640078306198,3.6948530469089746,0.819054082967341,0.08,0.35,0.05,0.45,1.2,21.165655037946998,865653.71150149,865653.716410491
1125,eye1,pmrnet,loop,20.249231019988656,0.02,0.5103449802845716,9.863649029284716,0.745887984521687,0.08,0.35,0.05,0.45,1.2,33.519113014079636,865653.719500642,865653.730621016
1126,eye1,pmrnet,loop,22.492751013487577,0.02,0.4923220258206129,9.24081599805504,0.3804280422627926,0.08,0.35,0.05,0.45,1.2,34.75631707962602,865653.730820711,865653.740934668
1127,eye1,pmrnet,loop,26.232892065308988,0.02,0.6060060113668442,9.903194033540785,0.47865789383649826,0.08,0.35,0.05,0.45,1.2,39.370750004053114,865653.741754255,865653.752742659
1129,eye1,pmrnet,loop,21.059149992652237,0.02,0.5031160544604063,9.780187043361366,0.4719060380011797,0.08,0.35,0.05,0.45,1.2,33.96435912847519,865653.752951579,865653.763707297
1132,eye0,pmrnet,loop,20.771434996277094,0.02,0.49626699183136225,9.628069936297834,0.6903150351718068,0.08,0.35,0.05,0.45,1.2,33.736086959578095,865653.734611886,865653.74542716
1133,eye0,pmrnet,loop,24.20259197242558,0.02,0.7145990384742618,9.888899978250265,0.6783800199627876,0.08,0.35,0.05,0.45,1.2,37.63447100911289,865653.745645507,865653.756927959
1134,eye0,pmrnet,loop,22.712026024237275,0.02,0.5145309260115027,4.313332028687,0.5470759933814406,0.08,0.35,0.05,0.45,1.2,30.236964972317217,865653.758131571,865653.763506913
1135,eye0,pmrnet,loop,20.006016013212502,0.02,0.3179429331794381,3.9978940039873123,0.9198690531775355,0.08,0.35,0.05,0.45,1.2,27.391722003556787,865653.763633979,865653.76886992
1136,eye0,pmrnet,loop,16.37581503018737,0.02,0.3413539379835129,3.3045290037989616,0.6798030808568001,0.08,0.35,0.05,0.45,1.2,22.85150105282664,865653.768983018,865653.773308975
1137,eye0,pmrnet,loop,14.129251008853316,0.02,0.3481298917904496,3.353375941514969,0.7895389571785927,0.08,0.35,0.05,0.45,1.2,20.770295799337326,865653.774639962,865653.779131262
1138,eye0,pmrnet,loop,14.823236037045717,0.02,0.32547605223953724,3.8401579950004816,1.0814350098371506,0.08,0.35,0.05,0.45,1.2,22.220305094122885,865653.782646514,865653.787893865
1139,eye0,pmrnet,loop,13.610864989459515,0.02,0.3541349433362484,3.408776014111936,0.3984159557148814,0.08,0.35,0.05,0.45,1.2,19.92219190262258,865653.790589147,865653.794750724
1140,eye0,pmrnet,loop,13.62099009566009,0.02,0.3434770042076707,3.4450310049578547,0.433253007940948,0.08,0.35,0.05,0.45,1.2,19.992751112766562,865653.798608065,865653.802830053
1141,eye0,pmrnet,loop,15.641133999451995,0.02,1.0043029906228185,3.770345007069409,0.37351599894464016,0.08,0.35,0.05,0.45,1.2,22.93929799608886,865653.807770201,865653.812918823
1142,eye0,pmrnet,loop,13.474002946168184,0.02,0.3488239599391818,3.430402954109013,0.41935802437365055,0.08,0.35,0.05,0.45,1.2,19.82258788459003,865653.814622068,865653.818820883
1143,eye0,pmrnet,loop,13.399800984188914,0.02,0.3178820479661226,3.3545560436323285,0.5320010241121054,0.08,0.35,0.05,0.45,1.2,19.75424009989947,865653.822611253,865653.826815878
1144,eye0,pmrnet,loop,19.89367906935513,0.02,0.5295779556035995,9.735689964145422,0.4953540628775954,0.08,0.35,0.05,0.45,1.2,32.804301051981746,865653.83061686,865653.841378013
1145,eye0,pmrnet,loop,24.221940082497895,0.02,0.6252030143514276,10.883082984946668,0.7084009703248739,0.08,0.35,0.05,0.45,1.2,38.58862705212086,865653.841557297,865653.853774457
1147,eye0,pmrnet,loop,20.011320943012834,0.02,0.5394730251282454,9.682638919912279,0.5507039604708552,0.08,0.35,0.05,0.45,1.2,32.93413684852421,865653.854929067,865653.865702498
1148,eye0,pmrnet,loop,21.617764024995267,0.02,0.538766966201365,8.678545011207461,0.24587998632341623,0.08,0.35,0.05,0.45,1.2,33.230955988727516,865653.865907276,865653.875370892
1149,eye0,pmrnet,loop,19.50829999987036,0.02,0.36270893178880215,4.139458993449807,0.7425830699503422,0.08,0.35,0.05,0.45,1.2,26.90305099505931,865653.876093883,865653.881338858
1150,eye0,pmrnet,loop,16.779369907453656,0.02,0.33405201975256205,4.0432310197502375,0.8267030352726579,0.08,0.35,0.05,0.45,1.2,24.133355982229112,865653.881474763,865653.886678988
1151,eye0,pmrnet,loop,12.912860955111682,0.02,0.36699906922876835,3.322015982121229,0.37534197326749563,0.08,0.35,0.05,0.45,1.2,19.127217979729174,865653.886816812,865653.890881456
1152,eye0,pmrnet,loop,12.559107039123774,0.02,0.3570650005713105,3.383737988770008,0.23681297898292542,0.08,0.35,0.05,0.45,1.2,18.686723007448016,865653.894619302,865653.898597182
1153,eye0,pmrnet,loop,19.454271998256445,0.02,0.4887579707428813,9.758414002135396,0.7206070004031062,0.08,0.35,0.05,0.45,1.2,32.57205097153783,865653.902592196,865653.913560436
1154,eye0,pmrnet,loop,22.164624999277294,0.02,0.5966189783066511,9.501035907305777,0.4657639656215906,0.08,0.35,0.05,0.45,1.2,34.87804385051131,865653.913776302,865653.92434017
1156,eye0,pmrnet,loop,20.092746941372752,0.02,0.5366519326344132,9.56180493813008,0.4125310806557536,0.08,0.35,0.05,0.45,1.2,32.753734892793,865653.927894867,865653.938406332
1157,eye0,pmrnet,loop,23.548437980934978,0.02,0.5122979637235403,10.022137081250548,0.7876020390540361,0.08,0.35,0.05,0.45,1.2,37.0204750649631,865653.938607791,865653.949930327
1159,eye0,pmrnet,loop,12.949813972227275,0.02,0.3951259423047304,3.494534990750253,0.3937319852411747,0.08,0.35,0.05,0.45,1.2,19.383206890523432,865653.951187313,865653.955470938
1160,eye0,pmrnet,loop,12.217390933074057,0.02,0.37845002952963114,3.600226016715169,0.2175540430471301,0.08,0.35,0.05,0.45,1.2,18.563621022365986,865653.958611017,865653.962807509
1161,eye0,pmrnet,loop,12.865563039667904,0.02,0.34474197309464216,4.04284696560353,0.5082570714876056,0.08,0.35,0.05,0.45,1.2,19.91140904985368,865653.966628196,865653.971524375
1162,eye0,pmrnet,loop,24.795029079541564,0.02,1.604349003173411,10.107062989845872,1.1608429485931993,0.08,0.35,0.05,0.45,1.2,39.817284021154045,865653.978648827,865653.991521879
1163,eye0,pmrnet,loop,28.900303062982857,0.02,0.5365160759538412,9.710988029837608,0.42956601828336716,0.08,0.35,0.05,0.45,1.2,41.72737318705767,865653.993019212,865654.003696972
1165,eye0,pmrnet,loop,23.531741928309202,0.02,0.4645489389076829,9.632277069613338,0.5088320467621088,0.08,0.35,0.05,0.45,1.2,36.28739998359233,865654.003858988,865654.014465142
1166,eye0,pmrnet,loop,21.937347017228603,0.02,0.40067604277282953,4.474026965908706,0.5799649516120553,0.08,0.35,0.05,0.45,1.2,29.542014977522193,865654.015486504,865654.020941427
1167,eye0,pmrnet,loop,18.005975987762213,0.02,0.361319980584085,3.2296390272676945,0.42064604349434376,0.08,0.35,0.05,0.45,1.2,24.167581039108335,865654.021067001,865654.025078899
1168,eye0,pmrnet,loop,16.493520000949502,0.02,0.34741999115794897,4.1790519608184695,0.5206320201978087,0.08,0.35,0.05,0.45,1.2,23.690623973123728,865654.02658814,865654.031635525
1169,eye0,pmrnet,loop,17.28313392959535,0.02,0.4325410118326545,4.0388950146734715,1.3702919241040945,0.08,0.35,0.05,0.45,1.2,25.27486188020557,865654.034652046,865654.040494054
1170,eye0,pmrnet,loop,15.978200943209231,0.02,0.3992950078099966,3.8843259681016207,0.35433610901236534,0.08,0.35,0.05,0.45,1.2,22.766158028133212,865654.042619764,865654.047258023
1171,eye0,pmrnet,loop,15.687296981923282,0.02,0.42742001824080944,3.5718069411814213,0.35727000795304775,0.08,0.35,0.05,0.45,1.2,22.19379394929856,865654.050679248,865654.055036122
1172,eye0,pmrnet,loop,21.319201099686325,0.02,0.5791529547423124,9.250483009964228,0.23748097009956837,0.08,0.35,0.05,0.45,1.2,33.53631803449244,865654.058669372,865654.068736965
1173,eye0,pmrnet,loop,19.59479390643537,0.02,0.37251401226967573,5.402751034125686,0.44983101543039083,0.08,0.35,0.05,0.45,1.2,27.96988996826112,865654.068856049,865654.075081407
1174,eye0,pmrnet,loop,23.11052696313709,0.02,0.5056950030848384,9.405193966813385,0.48144301399588585,0.08,0.35,0.05,0.45,1.2,35.6528589470312,865654.076273129,865654.086665926
1175,eye0,pmrnet,loop,25.74526600074023,0.02,0.5387649871408939,9.610043955035508,0.37962000351399183,0.08,0.35,0.05,0.45,1.2,38.42369494643062,865654.086840821,865654.097369663
1177,eye0,pmrnet,loop,18.79327092319727,0.02,1.5386169543489814,5.890953936614096,0.4362079780548811,0.08,0.35,0.05,0.45,1.2,28.809049792215227,865654.098690024,865654.106556188
1178,eye0,pmrnet,loop,15.245990012772381,0.02,0.32977398950606585,3.265954088419676,0.8035720093175769,0.08,0.35,0.05,0.45,1.2,21.7952901000157,865654.106678045,865654.111077609
1179,eye0,pmrnet,loop,15.286777983419597,0.02,0.4033430013805628,3.495465964078903,0.6851289654150605,0.08,0.35,0.05,0.45,1.2,22.020715914294122,865654.114603635,865654.119187781
1180,eye0,pmrnet,loop,19.020344014279544,0.02,0.5087649915367365,7.2526519652456045,0.5694439169019461,0.08,0.35,0.05,0.45,1.2,29.50120488796383,865654.122659163,865654.130990434
1181,eye0,pmrnet,loop,15.389060019515455,0.02,0.37063099443912506,3.514330950565636,0.4178959643468261,0.08,0.35,0.05,0.45,1.2,21.84191792886704,865654.131125112,865654.135428239
1182,eye0,pmrnet,loop,16.808911925181746,0.02,0.4010589327663183,5.4071019403636456,0.43501495383679867,0.08,0.35,0.05,0.45,1.2,25.202087752148508,865654.138673402,865654.144916842
1183,eye0,pmrnet,loop,21.429743035696447,0.02,0.4985290579497814,9.860572055913508,0.6260799709707499,0.08,0.35,0.05,0.45,1.2,34.564924120530485,865654.146619678,865654.157605381
1184,eye0,pmrnet,loop,24.006720050238073,0.02,0.5250719841569662,9.446518961340189,0.4709959030151367,0.08,0.35,0.05,0.45,1.2,36.59930689875036,865654.157808925,865654.168252177
1186,eye0,pmrnet,loop,21.45528991241008,0.02,0.5678400630131364,9.538913960568607,0.5150840152055025,0.08,0.35,0.05,0.45,1.2,34.227127951197325,865654.17121651,865654.18183885
1187,eye0,pmrnet,loop,23.929381975904107,0.02,0.4717849660664797,9.379594004712999,0.5054880166426301,0.08,0.35,0.05,0.45,1.2,36.436248963326214,865654.18202479,865654.192382149
1130,eye1,pmrnet,loop,26.607295963913202,0.02,0.5224129417911172,10.1684529799968,0.7246329914778471,0.08,0.35,0.05,0.45,1.2,40.172794877178966,865653.765908539,865653.77732458
1132,eye1,pmrnet,loop,20.252204034477472,0.02,0.47279498539865017,8.443709928542376,0.6776910740882158,0.08,0.35,0.05,0.45,1.2,31.996400022506712,865653.777512953,865653.787107703
1133,eye1,pmrnet,loop,23.676993907429278,0.02,0.6706540007144213,9.424563031643629,0.3698760410770774,0.08,0.35,0.05,0.45,1.2,36.292086980864404,865653.788135658,865653.798601318
1134,eye1,pmrnet,loop,29.163550934754312,0.02,0.5327709950506687,11.62235508672893,1.2226620456203818,0.08,0.35,0.05,0.45,1.2,44.69133906215429,865653.798777639,865653.812156017
1136,eye1,pmrnet,loop,25.95114102587104,0.02,0.5757641047239304,10.53983997553587,0.6140170153230429,0.08,0.35,0.05,0.45,1.2,39.83076212145388,865653.813352133,865653.825082293
1138,eye1,pmrnet,loop,20.676776999607682,0.02,0.5183470202609897,9.676279034465551,0.48093602526932955,0.08,0.35,0.05,0.45,1.2,33.50233907960356,865653.825269641,865653.835945741
1139,eye1,pmrnet,loop,21.451930981129408,0.02,0.5412430036813021,6.623540073633194,0.6930810632184148,0.08,0.35,0.05,0.45,1.2,31.459795121662317,865653.836932435,865653.844790854
1140,eye1,pmrnet,loop,19.42508004140109,0.02,0.5569709464907646,4.121709032915533,1.1548579204827547,0.08,0.35,0.05,0.45,1.2,27.40861794129014,865653.844998521,865653.850832435
1141,eye1,pmrnet,loop,15.305906999856234,0.02,0.3794110380113125,3.2042370876297355,0.22410601377487183,0.08,0.35,0.05,0.45,1.2,21.263661139272152,865653.85097435,865653.854782488
1142,eye1,pmrnet,loop,18.585124984383583,0.02,0.4954909672960639,9.456047089770436,0.40945596992969513,0.08,0.35,0.05,0.45,1.2,31.096119011379777,865653.855769096,865653.866130648
1143,eye1,pmrnet,loop,18.430775962769985,0.02,2.098411903716624,4.195207031443715,0.6429620552808046,0.08,0.35,0.05,0.45,1.2,27.517356953211127,865653.867108536,865653.87404556
1144,eye1,pmrnet,loop,17.720157047733665,0.02,0.38144306745380163,5.205596913583577,0.3547279629856348,0.08,0.35,0.05,0.45,1.2,25.811924991756676,865653.875461806,865653.881403814
1145,eye1,pmrnet,loop,16.904517076909542,0.02,0.36764401011168957,3.636372974142432,1.168146962299943,0.08,0.35,0.05,0.45,1.2,24.226681023463605,865653.883484897,865653.888657301
1146,eye1,pmrnet,loop,17.281490960158408,0.02,0.38921600207686424,3.607450984418392,1.6385660273954272,0.08,0.35,0.05,0.45,1.2,25.06672397404909,865653.891467641,865653.89710313
1147,eye1,pmrnet,loop,20.273359958082438,0.02,0.5152360536158085,7.5166759779676795,0.5935889203101397,0.08,0.35,0.05,0.45,1.2,31.048860909976064,865653.899538367,865653.908164328
1148,eye1,pmrnet,loop,20.143614034168422,0.02,0.39600301533937454,6.521124974824488,0.8916310034692287,0.08,0.35,0.05,0.45,1.2,30.102373027801512,865653.908293504,865653.916102639
1149,eye1,pmrnet,loop,23.56539899483323,0.02,0.4958569770678878,9.454039973206818,0.3851529909297824,0.08,0.35,0.05,0.45,1.2,36.05044893603772,865653.917258079,865653.927593682
1150,eye1,pmrnet,loop,26.19644603691995,0.02,0.5173820536583662,9.395513916388154,0.5979519337415695,0.08,0.35,0.05,0.45,1.2,38.85729394070804,865653.927783048,865653.938294473
1151,eye1,pmrnet,loop,29.894600971601903,0.02,0.4448950057849288,9.97226603794843,0.4264430608600378,0.08,0.35,0.05,0.45,1.2,42.8882050761953,865653.93921616,865653.950060312
1153,eye1,pmrnet,loop,25.130063062533736,0.02,0.5673539126291871,9.78881202172488,0.7761279121041298,0.08,0.35,0.05,0.45,1.2,38.41235690899193,865653.950301662,865653.961434442
1154,eye1,pmrnet,loop,28.105403995141387,0.02,0.6127019878476858,8.446737076155841,0.3710170276463032,0.08,0.35,0.05,0.45,1.2,39.685860086791216,865653.963049048,865653.972479934
1156,eye1,pmrnet,loop,22.849916946142912,0.02,0.5235150456428528,9.626924991607666,0.488224090076983,0.08,0.35,0.05,0.45,1.2,35.63858107347041,865653.972722878,865653.983362126
1157,eye1,pmrnet,loop,27.006170013919473,0.02,0.46977598685771227,9.941016091033816,0.7210010662674904,0.08,0.35,0.05,0.45,1.2,40.28796315807849,865653.984454303,865653.995586829
1159,eye1,pmrnet,loop,21.72132406849414,0.02,0.5023140693083405,9.58545389585197,0.5529859336093068,0.08,0.35,0.05,0.45,1.2,34.51207796726376,865653.995799886,865654.006441135
1160,eye1,pmrnet,loop,25.068962946534157,0.02,1.0135750053450465,7.272701011970639,1.4494460774585605,0.08,0.35,0.05,0.45,1.2,36.9546850413084,865654.008120942,865654.017856935
1161,eye1,pmrnet,loop,22.810137015767395,0.02,0.3560440381988883,3.546301042661071,1.7456399509683251,0.08,0.35,0.05,0.45,1.2,30.60812204759568,865654.018019587,865654.023667839
1162,eye1,pmrnet,loop,26.0838019894436,0.02,0.35183096770197153,9.866306092590094,0.38359896279871464,0.08,0.35,0.05,0.45,1.2,38.83553801253438,865654.024406852,865654.035009032
1163,eye1,pmrnet,loop,23.56309408787638,0.02,0.5101639544591308,4.1839779587462544,0.6339340470731258,0.08,0.35,0.05,0.45,1.2,31.04117004815489,865654.035230286,865654.040558845
1164,eye1,pmrnet,loop,22.151264012791216,0.02,0.3206459805369377,3.881247015669942,1.8124349880963564,0.08,0.35,0.05,0.45,1.2,30.31559199709445,865654.041200777,865654.047215351
1165,eye1,pmrnet,loop,21.960938000120223,0.02,0.3690730081871152,6.648470996879041,0.7051279535517097,0.08,0.35,0.05,0.45,1.2,31.833609958738087,865654.04737089,865654.055093884
1166,eye1,pmrnet,loop,24.654509965330362,0.02,0.4812220577150583,9.627563995309174,0.4597189836204052,0.08,0.35,0.05,0.45,1.2,37.373015001975,865654.05528799,865654.065857031
1168,eye1,pmrnet,loop,23.47387105692178,0.02,0.4468249389901757,9.810400079004467,0.4712650552392006,0.08,0.35,0.05,0.45,1.2,36.35236113015562,865654.070084541,865654.080813572
1169,eye1,pmrnet,loop,26.00463095586747,0.02,0.5043459823355079,9.375525987707078,0.5124739836901426,0.08,0.35,0.05,0.45,1.2,38.5469769096002,865654.081020724,865654.091413516
1171,eye1,pmrnet,loop,17.83432299271226,0.02,0.5876539507880807,5.6563339894637465,0.2176789566874504,0.08,0.35,0.05,0.45,1.2,26.445989889651536,865654.092920055,865654.099382137
1172,eye1,pmrnet,loop,14.022162999026477,0.02,0.34812605008482933,3.2641220605000854,0.5393830360844731,0.08,0.35,0.05,0.45,1.2,20.323794145695864,865654.09948739,865654.103639238
1173,eye1,pmrnet,loop,16.94506302010268,0.02,0.473089050501585,6.270728074014187,0.39667903911322355,0.08,0.35,0.05,0.45,1.2,26.235559183731674,865654.10748888,865654.114629872
1174,eye1,pmrnet,loop,21.18242101278156,0.02,1.306076068431139,9.669146966189146,0.4351560492068529,0.08,0.35,0.05,0.45,1.2,34.7428000966087,865654.115525673,865654.126936647
1175,eye1,pmrnet,loop,23.533897008746862,0.02,0.4866180242970586,9.399103000760078,0.3449780633673072,0.08,0.35,0.05,0.45,1.2,35.914596097171305,865654.127125799,865654.137356993
1176,eye1,pmrnet,loop,27.453770046122372,0.02,0.7153860060498118,9.676991030573845,0.4769889637827873,0.08,0.35,0.05,0.45,1.2,40.473136046528815,865654.138475671,865654.149345523
1178,eye1,pmrnet,loop,22.34829298686236,0.02,0.5064610159024596,9.605902945622802,0.7133170729503036,0.08,0.35,0.05,0.45,1.2,35.323974021337925,865654.149552256,865654.160378415
1179,eye1,pmrnet,loop,26.23945497907698,0.02,0.7059240015223622,9.697735076770186,0.4663369618356228,0.08,0.35,0.05,0.45,1.2,39.25945101920515,865654.161467956,865654.172338475
1181,eye1,pmrnet,loop,20.55001398548484,0.02,0.5111010977998376,9.385045967064798,0.35429990384727716,0.08,0.35,0.05,0.45,1.2,32.95046095419675,865654.172536158,865654.182787168
1182,eye1,pmrnet,loop,23.712263093329966,0.02,0.7991559104993939,9.069820051081479,0.38047798443585634,0.08,0.35,0.05,0.45,1.2,36.11171703934669,865654.183768524,865654.19401837
1183,eye1,pmrnet,loop,25.630110991187394,0.02,0.3947960212826729,8.957545040175319,0.46572997234761715,0.08,0.35,0.05,0.45,1.2,37.598182024993,865654.194186576,865654.204004961
1185,eye1,pmrnet,loop,21.116686053574085,0.02,0.49157801549881697,9.710130048915744,0.36573002580553293,0.08,0.35,0.05,0.45,1.2,33.83412414379418,865654.205062383,865654.215630371
1186,eye1,pmrnet,loop,18.62405799329281,0.02,0.40443893522024155,3.771875984966755,1.2662719236686826,0.08,0.35,0.05,0.45,1.2,26.216644837148486,865654.215763883,865654.221206729
1187,eye1,pmrnet,loop,16.43092092126608,0.02,0.3796980017796159,4.329761024564505,0.45327097177505493,0.08,0.35,0.05,0.45,1.2,23.743650919385253,865654.221919926,865654.227082912
1188,eye1,pmrnet,loop,15.000576036982238,0.02,0.43802603613585234,5.554907955229282,0.238527893088758,0.08,0.35,0.05,0.45,1.2,23.38203792143613,865654.227489276,865654.233721169
1189,eye1,pmrnet,loop,13.27201398089528,0.02,0.3461610758677125,3.678512992337346,0.5623530596494675,0.08,0.35,0.05,0.45,1.2,20.009041108749805,865654.235474618,865654.240061901
1190,eye1,pmrnet,loop,20.45459602959454,0.02,0.4879920743405819,9.825333021581173,1.4899399830028415,0.08,0.35,0.05,0.45,1.2,34.407861108519135,865654.243508363,865654.255312093
1188,eye0,pmrnet,loop,28.13746698666364,0.02,0.566151924431324,9.404822951182723,0.3688560100272298,0.08,0.35,0.05,0.45,1.2,40.627297872304915,865654.194319618,865654.204660036
1190,eye0,pmrnet,loop,22.714713006280363,0.02,0.5090159829705954,9.489779942668974,0.5517619429156184,0.08,0.35,0.05,0.45,1.2,35.41527087483555,865654.204823738,865654.21537476
1191,eye0,pmrnet,loop,20.537905977107584,0.02,1.0984180262312293,3.311173990368843,0.3377359826117754,0.08,0.35,0.05,0.45,1.2,27.43523397631943,865654.216520386,865654.221267942
1192,eye0,pmrnet,loop,18.21084995754063,0.02,0.3618969349190593,4.484503995627165,0.7722649024799466,0.08,0.35,0.05,0.45,1.2,25.9795157905668,865654.221390928,865654.227009818
1193,eye0,pmrnet,loop,15.361277968622744,0.02,0.3457008861005306,4.0008838986977935,0.751037965528667,0.08,0.35,0.05,0.45,1.2,22.608900718949734,865654.227131346,865654.232229213
1194,eye0,pmrnet,loop,15.043162042275071,0.02,0.37547003012150526,3.7439150037243962,1.2203670339658856,0.08,0.35,0.05,0.45,1.2,22.532914110086857,865654.234640309,865654.239980298
1195,eye0,pmrnet,loop,14.247923041693866,0.02,0.34653593320399523,3.2991369953379035,1.0081799700856209,0.08,0.35,0.05,0.45,1.2,21.051775940321384,865654.242599675,865654.24725375
1196,eye0,pmrnet,loop,14.159405953250825,0.02,0.344175030477345,3.9076129905879498,0.355422031134367,0.08,0.35,0.05,0.45,1.2,20.916616005450486,865654.250626929,865654.255234355
1197,eye0,pmrnet,loop,15.841100947000086,0.02,0.5349959246814251,5.374848959036171,0.4028520779684186,0.08,0.35,0.05,0.45,1.2,24.3037979086861,865654.258671747,865654.264984959
1198,eye0,pmrnet,loop,21.132596069946885,0.02,0.49504695925861597,9.953959961421788,1.26884994097054,0.08,0.35,0.05,0.45,1.2,35.00045293159783,865654.266625991,865654.278344314
1199,eye0,pmrnet,loop,25.173906004056334,0.02,0.5541370483115315,9.716129978187382,0.5544209852814674,0.08,0.35,0.05,0.45,1.2,38.148594015836714,865654.279629929,865654.290455276
1201,eye0,pmrnet,loop,17.71532592829317,0.02,0.6018460262566805,7.446786039508879,0.4378529265522957,0.08,0.35,0.05,0.45,1.2,28.351810920611022,865654.290647963,865654.299135014
1202,eye0,pmrnet,loop,18.33300106227398,0.02,0.5134360399097204,6.503776996396482,0.6115820724517107,0.08,0.35,0.05,0.45,1.2,28.11179617103189,865654.30019269,865654.307821864
1203,eye0,pmrnet,loop,14.352901023812592,0.02,0.33219996839761734,3.204760025255382,0.42855297215282917,0.08,0.35,0.05,0.45,1.2,20.46841398961842,865654.307945232,865654.311911011
1204,eye0,pmrnet,loop,13.615548028610647,0.02,0.39202801417559385,3.787284018471837,0.45844598207622766,0.08,0.35,0.05,0.45,1.2,20.403306043334304,865654.314604485,865654.319242685
1205,eye0,pmrnet,loop,13.23646295350045,0.02,0.3403219161555171,3.3935420215129852,0.5656939465552568,0.08,0.35,0.05,0.45,1.2,19.686020837724207,865654.322632675,865654.326932504
1206,eye0,pmrnet,loop,12.960648047737777,0.02,0.33779197838157415,3.3723049564287066,0.3756979713216424,0.08,0.35,0.05,0.45,1.2,19.1964429538697,865654.330639412,865654.334725478
1207,eye0,pmrnet,loop,13.009830960072577,0.02,0.35944697447121143,3.273312933743,0.5709140095859766,0.08,0.35,0.05,0.45,1.2,19.363504877872764,865654.338639949,865654.342843868
1208,eye0,pmrnet,loop,19.773462088778615,0.02,0.5187400383874774,10.007485980167985,0.4815149586647749,0.08,0.35,0.05,0.45,1.2,32.93120306599885,865654.34666793,865654.35767617
1209,eye0,pmrnet,loop,16.81912993080914,0.02,0.40865305345505476,3.7210480077192187,0.8407989516854286,0.08,0.35,0.05,0.45,1.2,23.93962994366884,865654.35782003,865654.362790776
1210,eye0,pmrnet,loop,18.54623795952648,0.02,0.5018770461902022,7.249639020301402,0.8088899776339531,0.08,0.35,0.05,0.45,1.2,29.256644003652035,865654.364026254,865654.372587173
1211,eye0,pmrnet,loop,15.020388062112033,0.02,0.3607079852372408,3.4989630803465843,0.5638089496642351,0.08,0.35,0.05,0.45,1.2,21.593868077360092,865654.372706643,865654.377130352
1212,eye0,pmrnet,loop,12.673374032601714,0.02,0.3455110127106309,3.3671410055831075,0.4775809356942773,0.08,0.35,0.05,0.45,1.2,19.01360698658973,865654.378661463,865654.382851947
1213,eye0,pmrnet,loop,14.863871037960052,0.02,0.4988410510122776,5.497514037415385,0.4890949930995703,0.08,0.35,0.05,0.45,1.2,23.499321119487284,865654.386625849,865654.393111703
1214,eye0,pmrnet,loop,13.514844933524728,0.02,0.3387599717825651,3.5887539852410555,1.2543880147859454,0.08,0.35,0.05,0.45,1.2,20.846746905334292,865654.394649407,865654.399831622
1215,eye0,pmrnet,loop,19.80998902581632,0.02,0.49980299081653357,10.385081055574119,0.6345900474116206,0.08,0.35,0.05,0.45,1.2,33.4794631196186,865654.402674629,865654.414194692
1216,eye0,pmrnet,loop,21.00023697130382,0.02,0.5434589693322778,8.137595956213772,0.36655692383646965,0.08,0.35,0.05,0.45,1.2,32.19784882068634,865654.414407161,865654.423455281
1217,eye0,pmrnet,loop,24.672184023074806,0.02,0.48125803004950285,9.643173892982304,0.7037979084998369,0.08,0.35,0.05,0.45,1.2,37.65041385460645,865654.424366459,865654.435195247
1219,eye0,pmrnet,loop,19.251534016802907,0.02,0.6094340933486819,9.396803914569318,0.5197330610826612,0.08,0.35,0.05,0.45,1.2,31.927505085803567,865654.435386406,865654.445912885
1220,eye0,pmrnet,loop,23.999725002795458,0.02,0.5727639654651284,9.93708602618426,1.233321032486856,0.08,0.35,0.05,0.45,1.2,37.8928960269317,865654.446986221,865654.458729853
1221,eye0,pmrnet,loop,26.63872204720974,0.02,0.5245809443295002,9.511576034128666,0.4609880270436406,0.08,0.35,0.05,0.45,1.2,39.285867052711545,865654.45894075,865654.469438413
1222,eye0,pmrnet,loop,30.505258007906377,0.02,0.7894000736996531,9.560053003951907,0.4978919168934226,0.08,0.35,0.05,0.45,1.2,43.50260300245136,865654.470525553,865654.481373395
1224,eye0,pmrnet,loop,25.094746961258352,0.02,0.6413500523194671,9.403213043697178,0.47985895071178675,0.08,0.35,0.05,0.45,1.2,37.76916900798678,865654.481576386,865654.492101357
1225,eye0,pmrnet,loop,30.11572000104934,0.02,1.0197869269177318,9.456555009819567,0.5395479965955019,0.08,0.35,0.05,0.45,1.2,43.28160993438214,865654.494175142,865654.505191562
1227,eye0,pmrnet,loop,19.99792398419231,0.02,1.4033580664545298,4.168050014413893,0.33636100124567747,0.08,0.35,0.05,0.45,1.2,28.05569306630641,865654.505304446,865654.511212485
1228,eye0,pmrnet,loop,20.525334984995425,0.02,0.5986510077491403,6.984392995946109,0.25170203298330307,0.08,0.35,0.05,0.45,1.2,30.510081021673976,865654.51197405,865654.519809189
1229,eye0,pmrnet,loop,17.84270303323865,0.02,0.38660503923892975,4.401318961754441,0.4588969750329852,0.08,0.35,0.05,0.45,1.2,25.239524009265004,865654.519948342,865654.525195461
1230,eye0,pmrnet,loop,16.65310002863407,0.02,0.3127900417894125,3.9346220437437296,1.223789993673563,0.08,0.35,0.05,0.45,1.2,24.274302107840775,865654.526603761,865654.53207524
1231,eye0,pmrnet,loop,19.767606048844755,0.02,0.40827097836881876,8.006462943740189,0.23029197473078966,0.08,0.35,0.05,0.45,1.2,30.56263194568455,865654.53461285,865654.543258216
1232,eye0,pmrnet,loop,16.322331968694925,0.02,0.33054896630346775,3.5573489731177688,0.6180979544296861,0.08,0.35,0.05,0.45,1.2,22.978327862545846,865654.543375993,865654.547882204
1233,eye0,pmrnet,loop,19.68299795407802,0.02,0.3559220349416137,7.790114963427186,0.538242980837822,0.08,0.35,0.05,0.45,1.2,30.51727793328464,865654.5506263,865654.559311016
1234,eye0,pmrnet,loop,23.329418967477977,0.02,0.5381570663303137,9.619007003493607,0.49889995716512203,0.08,0.35,0.05,0.45,1.2,36.13548299446702,865654.560370677,865654.571027378
1235,eye0,pmrnet,loop,22.015264024958014,0.02,1.7231629462912679,4.362718085758388,0.549566000699997,0.08,0.35,0.05,0.45,1.2,30.800711057707666,865654.571144407,865654.577780221
1236,eye0,pmrnet,loop,29.045785893686116,0.02,0.6727009313181043,10.798915987834334,0.6076389690861106,0.08,0.35,0.05,0.45,1.2,43.275041781924664,865654.580799806,865654.59288
1238,eye0,pmrnet,loop,25.103247025981545,0.02,0.5864240229129791,10.497979004867375,0.8473389316350222,0.08,0.35,0.05,0.45,1.2,39.18498898539692,865654.593142586,865654.605074971
1239,eye0,pmrnet,loop,23.680511047132313,0.02,0.6364070577546954,4.115043906494975,0.45391195453703403,0.08,0.35,0.05,0.45,1.2,31.035873965919016,865654.606516437,865654.611722361
1240,eye0,pmrnet,loop,20.33240010496229,0.02,0.4474339075386524,3.637645044364035,0.47596392687410116,0.08,0.35,0.05,0.45,1.2,27.043442983739077,865654.611881583,865654.616443142
1241,eye0,pmrnet,loop,16.941615962423384,0.02,0.44238707050681114,3.638188005425036,0.41274994146078825,0.08,0.35,0.05,0.45,1.2,23.584940979816018,865654.616627604,865654.621121333
1242,eye0,pmrnet,loop,14.989726012572646,0.02,0.4168440354987979,3.7022900069132447,0.48758299089968204,0.08,0.35,0.05,0.45,1.2,21.74644304588437,865654.622631566,865654.627238788
1243,eye0,pmrnet,loop,14.833824010565877,0.02,0.46584103256464005,3.7394880782812834,0.2963220467790961,0.08,0.35,0.05,0.45,1.2,21.485475168190895,865654.630649752,865654.635151957
1191,eye1,pmrnet,loop,22.93428801931441,0.02,0.568823073990643,8.876838022843003,0.22427295334637165,0.08,0.35,0.05,0.45,1.2,34.754222069494425,865654.256191813,865654.265862215
1192,eye1,pmrnet,loop,20.470449002459645,0.02,1.1597650591284037,3.2733939588069916,0.4342249594628811,0.08,0.35,0.05,0.45,1.2,27.48783297985792,865654.266599912,865654.271467517
1193,eye1,pmrnet,loop,17.175578977912664,0.02,0.35948900040239096,3.779557067900896,0.5020180251449347,0.08,0.35,0.05,0.45,1.2,23.966643071360885,865654.27160013,865654.276241505
1194,eye1,pmrnet,loop,13.11775401700288,0.02,0.33463502768427134,3.322014003060758,0.23646396584808826,0.08,0.35,0.05,0.45,1.2,19.160867013595997,865654.276359164,865654.280252557
1195,eye1,pmrnet,loop,12.323788017965853,0.02,0.3631949657574296,3.2614199444651604,0.38074504118412733,0.08,0.35,0.05,0.45,1.2,18.47914796937257,865654.283523297,865654.28752895
1196,eye1,pmrnet,loop,19.485630909912288,0.02,0.5341059295460582,9.97013901360333,0.7409860845655203,0.08,0.35,0.05,0.45,1.2,32.880861937627195,865654.291512494,865654.302758333
1197,eye1,pmrnet,loop,22.259798017330468,0.02,0.5105889867991209,9.580118930898607,0.526358955539763,0.08,0.35,0.05,0.45,1.2,35.02686489056796,865654.302983693,865654.313601365
1199,eye1,pmrnet,loop,19.526651012711227,0.02,1.2196570169180632,9.927098988555372,0.34933898132294416,0.08,0.35,0.05,0.45,1.2,33.172745999507605,865654.315510923,865654.327007543
1200,eye1,pmrnet,loop,19.377084099687636,0.02,0.33360300585627556,6.999158067628741,0.47446798998862505,0.08,0.35,0.05,0.45,1.2,29.334313163161276,865654.327118773,865654.334926342
1201,eye1,pmrnet,loop,22.921248921193182,0.02,0.4967650165781379,9.634440997615457,0.3583830548450351,0.08,0.35,0.05,0.45,1.2,35.56083799023181,865654.336049259,865654.346539475
1202,eye1,pmrnet,loop,25.934351957403123,0.02,0.49315905198454857,9.779034997336566,0.6235919427126646,0.08,0.35,0.05,0.45,1.2,38.9801379494369,865654.346724955,865654.357621382
1203,eye1,pmrnet,loop,30.422308016568422,0.02,1.5170089900493622,9.509399998933077,0.47242501750588417,0.08,0.35,0.05,0.45,1.2,44.071142023056744,865654.358679308,865654.370178711
1205,eye1,pmrnet,loop,25.87921090889722,0.02,0.551181030459702,9.76568297483027,1.1048130691051483,0.08,0.35,0.05,0.45,1.2,39.45088798329234,865654.370351223,865654.381773384
1206,eye1,pmrnet,loop,29.343058937229216,0.02,0.5606790073215961,9.489596937783062,0.4874060396105051,0.08,0.35,0.05,0.45,1.2,42.03074092194438,865654.382767809,865654.393306085
1208,eye1,pmrnet,loop,23.82091898471117,0.02,0.5224860506132245,9.382108924910426,0.5134260281920433,0.08,0.35,0.05,0.45,1.2,36.38893998842686,865654.393503685,865654.403922182
1209,eye1,pmrnet,loop,21.552623016759753,0.02,0.4943809472024441,3.7671399768441916,0.42710709385573864,0.08,0.35,0.05,0.45,1.2,28.391251034662126,865654.405034479,865654.409723598
1210,eye1,pmrnet,loop,17.903610016219318,0.02,0.3432169323787093,3.5966699942946434,0.3748079761862755,0.08,0.35,0.05,0.45,1.2,24.368304919078945,865654.409828281,865654.414143292
1211,eye1,pmrnet,loop,15.602294937707484,0.02,0.36374200135469437,3.6057299003005028,0.4667199682444334,0.08,0.35,0.05,0.45,1.2,22.188486807607113,865654.415474495,865654.419910989
1212,eye1,pmrnet,loop,15.498619992285967,0.02,0.34162099473178387,3.5672769881784916,0.48210297245532274,0.08,0.35,0.05,0.45,1.2,22.039620947651564,865654.42348507,865654.42787634
1213,eye1,pmrnet,loop,22.98195706680417,0.02,1.6729299677535892,9.794779005460441,0.4362909821793437,0.08,0.35,0.05,0.45,1.2,37.03595702219754,865654.431523695,865654.44342834
1214,eye1,pmrnet,loop,22.884984966367483,0.02,1.5451769577339292,5.832909955643117,0.4527909914031625,0.08,0.35,0.05,0.45,1.2,32.86586287114769,865654.443568226,865654.451399679
1215,eye1,pmrnet,loop,29.1629689745605,0.02,0.5883810808882117,9.798994986340404,0.47060800716280937,0.08,0.35,0.05,0.45,1.2,42.17095304895192,865654.454888891,865654.465747572
1217,eye1,pmrnet,loop,21.435791975818574,0.02,0.5071460036560893,7.151191006414592,0.5703700007870793,0.08,0.35,0.05,0.45,1.2,31.814498986676334,865654.465929405,865654.474158583
1218,eye1,pmrnet,loop,25.761418044567108,0.02,0.5121820140630007,9.742186986841261,0.4668340552598238,0.08,0.35,0.05,0.45,1.2,38.63262110073119,865654.475830781,865654.486552521
1219,eye1,pmrnet,loop,28.488028910942376,0.02,0.5305398954078555,9.664252051152289,0.4172909539192915,0.08,0.35,0.05,0.45,1.2,41.25011181142181,865654.486735633,865654.497348323
1221,eye1,pmrnet,loop,20.644320058636367,0.02,3.020119038410485,4.254692001268268,0.2550799399614334,0.08,0.35,0.05,0.45,1.2,30.32421103827655,865654.498113069,865654.505643299
1222,eye1,pmrnet,loop,18.083887989632785,0.02,0.36231300327926874,4.243524046614766,0.7897180039435625,0.08,0.35,0.05,0.45,1.2,25.62944304347038,865654.50575611,865654.511151905
1223,eye1,pmrnet,loop,15.994141926057637,0.02,0.3844130551442504,3.8888939889147878,1.3045539380982518,0.08,0.35,0.05,0.45,1.2,23.722002908214925,865654.511552621,865654.517130769
1224,eye1,pmrnet,loop,15.805189963430166,0.02,0.3590340493246913,4.178111092187464,0.9223880479112267,0.08,0.35,0.05,0.45,1.2,23.414723152853547,865654.519551246,865654.52501105
1225,eye1,pmrnet,loop,14.883792027831078,0.02,0.3640420036390424,3.8951949682086706,0.34608703572303057,0.08,0.35,0.05,0.45,1.2,21.63911603540182,865654.527553216,865654.532158792
1226,eye1,pmrnet,loop,14.969864045269787,0.02,0.3599210176616907,3.8361879996955395,0.5913849454373121,0.08,0.35,0.05,0.45,1.2,21.907358008064328,865654.535526052,865654.540313905
1227,eye1,pmrnet,loop,20.010629086755216,0.02,0.3532550763338804,9.052630979567766,0.5519050173461437,0.08,0.35,0.05,0.45,1.2,32.118420160003005,865654.543464672,865654.553422819
1228,eye1,pmrnet,loop,19.849875941872597,0.02,0.6652679294347763,6.695518968626857,0.35035808105021715,0.08,0.35,0.05,0.45,1.2,29.711020920984446,865654.553619986,865654.561331719
1229,eye1,pmrnet,loop,22.388241020962596,0.02,0.5009910091757774,8.880911977030337,0.22220297250896692,0.08,0.35,0.05,0.45,1.2,34.142346979677676,865654.562334572,865654.571939282
1230,eye1,pmrnet,loop,20.026706042699516,0.02,0.36298693157732487,4.341728985309601,0.8961490821093321,0.08,0.35,0.05,0.45,1.2,27.777571041695772,865654.572043531,865654.577644946
1231,eye1,pmrnet,loop,23.38290400803089,0.02,0.4631750052794814,10.193219990469515,0.571659067645669,0.08,0.35,0.05,0.45,1.2,36.760958071425556,865654.577841089,865654.589069857
1232,eye1,pmrnet,loop,23.534821928478777,0.02,0.6322209956124425,5.667012068443,0.6124699721112847,0.08,0.35,0.05,0.45,1.2,32.5965249646455,865654.59037904,865654.597291342
1233,eye1,pmrnet,loop,20.288707921281457,0.02,0.443256925791502,3.7433640100061893,0.45282591599971056,0.08,0.35,0.05,0.45,1.2,27.078154773078857,865654.597474595,865654.602114423
1234,eye1,pmrnet,loop,17.052671988494694,0.02,0.4398199962452054,3.5377159947529435,0.6746980361640453,0.08,0.35,0.05,0.45,1.2,23.854906015656887,865654.602294875,865654.606947468
1235,eye1,pmrnet,loop,23.19101197645068,0.02,1.1905860155820847,10.589685058221221,1.3325728941708803,0.08,0.35,0.05,0.45,1.2,38.453855944424866,865654.608041855,865654.621155266
1236,eye1,pmrnet,loop,27.263496071100235,0.02,0.5888340529054403,10.377730941399932,0.918667996302247,0.08,0.35,0.05,0.45,1.2,41.29872906170785,865654.621410725,865654.633296572
1238,eye1,pmrnet,loop,22.462610038928688,0.02,0.6079630693420768,4.796304041519761,1.3394379056990147,0.08,0.35,0.05,0.45,1.2,31.35631505548954,865654.637889886,865654.644634469
1239,eye1,pmrnet,loop,23.89870397746563,0.02,0.44972391333431005,8.163906983099878,0.7082009688019753,0.08,0.35,0.05,0.45,1.2,35.37053584270179,865654.644816384,865654.654138786
1241,eye1,pmrnet,loop,23.699988960288465,0.02,0.6906080525368452,10.62032300978899,0.575006939470768,0.08,0.35,0.05,0.45,1.2,37.73592696208507,865654.658191081,865654.670078096
1242,eye1,pmrnet,loop,29.19058594852686,0.02,1.8907350022345781,10.752411908470094,0.6449020002037287,0.08,0.35,0.05,0.45,1.2,44.62863485943526,865654.670348142,865654.683637032
1246,eye1,pmrnet,loop,14.089419972151518,0.02,0.5604180041700602,4.162910976447165,0.5487370071932673,0.08,0.35,0.05,0.45,1.2,21.51148595996201,865654.695540209,865654.700812707
1248,eye1,pmrnet,loop,22.704961011186242,0.02,0.6998180178925395,11.385684018023312,0.5665849894285202,0.08,0.35,0.05,0.45,1.2,37.50704803653061,865654.71291313,865654.725565984
1250,eye1,pmrnet,loop,21.76363591570407,0.02,0.7212290074676275,10.08674199692905,0.898486003279686,0.08,0.35,0.05,0.45,1.2,35.62009292338043,865654.729055931,865654.740763107
1251,eye1,pmrnet,loop,18.14909593667835,0.02,0.4313529934734106,3.3837809460237622,0.4643400898203254,0.08,0.35,0.05,0.45,1.2,24.578569965995847,865654.740938661,865654.74521841
1252,eye1,pmrnet,loop,23.053452023305,0.02,0.5082660354673862,9.779397980310023,1.6861240146681666,0.08,0.35,0.05,0.45,1.2,37.17724005375057,865654.7462171,865654.758191422
1244,eye0,pmrnet,loop,16.266079037450254,0.02,0.5015290807932615,5.106971017085016,0.385988038033247,0.08,0.35,0.05,0.45,1.2,24.410567173361777,865654.638658017,865654.644653026
1245,eye0,pmrnet,loop,18.06918892543763,0.02,0.6128449458628893,6.932870950549841,0.3038329305127263,0.08,0.35,0.05,0.45,1.2,28.068737752363084,865654.646674478,865654.654524689
1246,eye0,pmrnet,loop,14.85756493639201,0.02,0.45406597200781107,3.7856879644095898,0.42384606786072254,0.08,0.35,0.05,0.45,1.2,21.67116494067013,865654.654717872,865654.659381757
1247,eye0,pmrnet,loop,19.25746095366776,0.02,0.6450850050896406,7.9767529387027025,0.28877705335617065,0.08,0.35,0.05,0.45,1.2,30.318075950816272,865654.662939961,865654.67185126
1248,eye0,pmrnet,loop,24.530026013962924,0.02,0.6063780747354031,11.071325046941638,0.3612530417740345,0.08,0.35,0.05,0.45,1.2,38.718982177414,865654.673152907,865654.685192542
1249,eye0,pmrnet,loop,22.81217009294778,0.02,0.5501429550349712,5.27470710221678,0.33728405833244324,0.08,0.35,0.05,0.45,1.2,31.124304208531974,865654.685381262,865654.691544089
1251,eye0,pmrnet,loop,22.96391094569117,0.02,0.6696550408378243,11.089393054135144,0.5415230989456177,0.08,0.35,0.05,0.45,1.2,37.41448213960975,865654.695531621,865654.707832916
1252,eye0,pmrnet,loop,28.066336060874164,0.02,0.6326839793473482,11.528635048307478,0.6910329684615135,0.08,0.35,0.05,0.45,1.2,43.0686880569905,865654.708145815,865654.72099888
1254,eye0,pmrnet,loop,19.30727798026055,0.02,0.6212559528648853,5.253511015325785,0.3118149470537901,0.08,0.35,0.05,0.45,1.2,27.64385989550501,865654.722196653,865654.728383853
1255,eye0,pmrnet,loop,16.08881400898099,0.02,0.4833199782297015,3.6250159610062838,0.560190062969923,0.08,0.35,0.05,0.45,1.2,22.907340011186896,865654.728566127,865654.733234973
1256,eye0,pmrnet,loop,18.10325705446303,0.02,0.4138069925829768,6.6712829284369946,1.5678269555792212,0.08,0.35,0.05,0.45,1.2,28.90617393106222,865654.734665749,865654.743318949
1257,eye0,pmrnet,loop,22.03584008384496,0.02,0.5298069445416331,9.791070013307035,0.40912197437137365,0.08,0.35,0.05,0.45,1.2,34.915839016065,865654.744589801,865654.755320336
1258,eye0,pmrnet,loop,19.08575207926333,0.02,0.3642779774963856,3.9753339951857924,0.6360680563375354,0.08,0.35,0.05,0.45,1.2,26.21143210828304,865654.755462672,865654.760438748
1259,eye0,pmrnet,loop,21.025403984822333,0.02,0.5112589569762349,7.957470021210611,0.4419520264491439,0.08,0.35,0.05,0.45,1.2,32.08608498945832,865654.761537374,865654.770448465
1260,eye0,pmrnet,loop,24.45323602296412,0.02,3.0699738999828696,7.862268015742302,0.46441296581178904,0.08,0.35,0.05,0.45,1.2,37.99989090450108,865654.770547788,865654.781944828
1262,eye0,pmrnet,loop,20.499260048381984,0.02,0.5342629738152027,10.312078054994345,0.5631049862131476,0.08,0.35,0.05,0.45,1.2,34.058706063404685,865654.782716839,865654.794127124
1263,eye0,pmrnet,loop,26.90475690178573,0.02,1.1061110999435186,11.051959008909762,2.0228290231898427,0.08,0.35,0.05,0.45,1.2,43.23565603382885,865654.794419559,865654.808601396
1265,eye0,pmrnet,loop,25.034436956048012,0.02,0.5115199601277709,10.726522072218359,0.6975639844313264,0.08,0.35,0.05,0.45,1.2,39.120042972825466,865654.810933487,865654.822869689
1267,eye0,pmrnet,loop,20.988885080441833,0.02,0.6082060281187296,10.10446494910866,1.1066379956901073,0.08,0.35,0.05,0.45,1.2,34.95819405335933,865654.823142956,865654.834963087
1268,eye0,pmrnet,loop,25.44376696459949,0.02,0.569446012377739,10.258956928737462,0.551335047930479,0.08,0.35,0.05,0.45,1.2,38.97350495364517,865654.836106306,865654.847486599
1270,eye0,pmrnet,loop,20.939604961313307,0.02,1.0482689831405878,9.922855999320745,0.42659102473407984,0.08,0.35,0.05,0.45,1.2,34.48732096850872,865654.847722303,865654.859120656
1271,eye0,pmrnet,loop,19.627082045190036,0.02,0.4119310760870576,3.7202941020950675,0.4757929127663374,0.08,0.35,0.05,0.45,1.2,26.385100136138497,865654.861270166,865654.86587852
1272,eye0,pmrnet,loop,17.92510796803981,0.02,0.38003106601536274,4.145395010709763,1.686986070126295,0.08,0.35,0.05,0.45,1.2,26.28752011489123,865654.866032863,865654.87224565
1273,eye0,pmrnet,loop,14.425848959945142,0.02,0.4068949492648244,3.5312939435243607,0.4745339974761009,0.08,0.35,0.05,0.45,1.2,20.988571850210427,865654.872402783,865654.876815775
1274,eye0,pmrnet,loop,15.587756992317736,0.02,0.57515490334481,5.968522047623992,0.7481700740754604,0.08,0.35,0.05,0.45,1.2,25.029604017361997,865654.878753803,865654.886046265
1275,eye0,pmrnet,loop,21.24142402317375,0.02,0.5536990938708186,11.96872303262353,0.477495021186769,0.08,0.35,0.05,0.45,1.2,36.391341170854865,865654.886767576,865654.899767987
1276,eye0,pmrnet,loop,26.328273001126945,0.02,0.6340919062495232,10.13169705402106,0.6238200003281236,0.08,0.35,0.05,0.45,1.2,39.86788196172565,865654.901534583,865654.912924743
1277,eye0,pmrnet,loop,28.968621976673603,0.02,0.523814931511879,9.193793055601418,0.7829959504306316,0.08,0.35,0.05,0.45,1.2,41.61922591421753,865654.913132469,865654.923633622
1279,eye0,pmrnet,loop,24.834912968799472,0.02,0.6912120152264833,9.490780998021364,0.5899539683014154,0.08,0.35,0.05,0.45,1.2,37.75685995034873,865654.924865583,865654.935638006
1280,eye0,pmrnet,loop,27.417480014264584,0.02,0.5067110760137439,9.356757975183427,0.5690270336344838,0.08,0.35,0.05,0.45,1.2,39.99997609909624,865654.935856499,865654.946289562
1282,eye0,pmrnet,loop,24.1975209210068,0.02,0.6186229875311255,9.581382968463004,1.3674079673364758,0.08,0.35,0.05,0.45,1.2,37.9149348443374,865654.947638948,865654.959206941
1283,eye0,pmrnet,loop,27.610245975665748,0.02,0.5348339909687638,9.3256690306589,1.3904590159654617,0.08,0.35,0.05,0.45,1.2,41.01120801325887,865654.959438464,865654.9706899
1285,eye0,pmrnet,loop,26.059766998514533,0.02,0.419646967202425,9.1214639833197,0.9808309841901064,0.08,0.35,0.05,0.45,1.2,38.73170893322676,865654.974754302,865654.985276624
1286,eye0,pmrnet,loop,28.76927691977471,0.02,0.5528919864445925,9.615896036848426,0.3964350325986743,0.08,0.35,0.05,0.45,1.2,41.4844999756664,865654.985489332,865654.996055129
1288,eye0,pmrnet,loop,25.967890047468245,0.02,0.5787599366158247,9.940891060978174,0.5473019555211067,0.08,0.35,0.05,0.45,1.2,39.18484300058335,865654.998323701,865655.009391301
1289,eye0,pmrnet,loop,29.301010072231293,0.02,0.5508179310709238,10.211460990831256,0.3998150350525975,0.08,0.35,0.05,0.45,1.2,42.61310402918607,865655.009630817,865655.020793486
1291,eye0,pmrnet,loop,25.596685940399766,0.02,0.792857026681304,9.758639032952487,0.37348701152950525,0.08,0.35,0.05,0.45,1.2,38.67166901156306,865655.022302682,865655.033228252
1292,eye0,pmrnet,loop,28.450855053961277,0.02,0.470208004117012,9.733480052091181,0.5346060497686267,0.08,0.35,0.05,0.45,1.2,41.339149159938096,865655.03341257,865655.044151335
1294,eye0,pmrnet,loop,22.03375904355198,0.02,0.5467219743877649,7.476446917280555,0.4141549579799175,0.08,0.35,0.05,0.45,1.2,32.62108289320022,865655.045435029,865655.053872783
1295,eye0,pmrnet,loop,18.099121982231736,0.02,0.3617670154199004,3.419555025175214,0.22662803530693054,0.08,0.35,0.05,0.45,1.2,24.25707205813378,865655.053998883,865655.058007113
1296,eye0,pmrnet,loop,15.096585033461452,0.02,0.3277960931882262,3.218207973986864,0.9235700126737356,0.08,0.35,0.05,0.45,1.2,21.716159113310276,865655.05860374,865655.063073554
1297,eye0,pmrnet,loop,21.339928964152932,0.02,0.5150319775566459,9.695648099295795,0.471891020424664,0.08,0.35,0.05,0.45,1.2,34.172500061430036,865655.066702479,865655.077385533
1298,eye0,pmrnet,loop,18.86286702938378,0.02,1.2410799972712994,3.709650016389787,0.4723939346149564,0.08,0.35,0.05,0.45,1.2,26.43599097765982,865655.07755425,865655.082977759
1299,eye0,pmrnet,loop,19.478337955661118,0.02,0.6522159092128277,5.135974031873047,0.4274500533938408,0.08,0.35,0.05,0.45,1.2,27.843977950140832,865655.085445965,865655.09166209
1300,eye0,pmrnet,loop,16.176434000954032,0.02,0.37811300717294216,3.2365850638598204,1.0267990874126554,0.08,0.35,0.05,0.45,1.2,22.96793115939945,865655.091787324,865655.096429122
1301,eye0,pmrnet,loop,22.031866014003754,0.02,0.3647750709205866,10.587405995465815,0.7431789999827743,0.08,0.35,0.05,0.45,1.2,35.87722608037293,865655.098656792,865655.110352571
1302,eye0,pmrnet,loop,25.946595007553697,0.02,0.5484420107677579,9.27125196903944,0.7020250195637345,0.08,0.35,0.05,0.45,1.2,38.61831400692463,865655.111814773,865655.12233703
1303,eye0,pmrnet,loop,22.760445019230247,0.02,0.40116196032613516,3.9294030284509063,0.398350995965302,0.08,0.35,0.05,0.45,1.2,29.63936100397259,865655.122490735,865655.127219965
1304,eye0,pmrnet,loop,27.121856925077736,0.02,0.5401549860835075,9.60443401709199,0.7293379167094827,0.08,0.35,0.05,0.45,1.2,40.145783844962715,865655.128776045,865655.139650467
1306,eye0,pmrnet,loop,20.89464699383825,0.02,0.5021919496357441,8.557767025195062,0.667680986225605,0.08,0.35,0.05,0.45,1.2,32.77228695489466,865655.139833152,865655.149561135
1253,eye1,pmrnet,loop,26.064353063702583,0.02,0.5716709420084953,9.471760015003383,0.488505931571126,0.08,0.35,0.05,0.45,1.2,38.746289952285586,865654.758739466,865654.769271876
1255,eye1,pmrnet,loop,15.624580904841423,0.02,0.7444170769304037,3.517996985465288,0.6687149871140718,0.08,0.35,0.05,0.45,1.2,22.705709954351185,865654.770039033,865654.774970452
1256,eye1,pmrnet,loop,19.182813935913146,0.02,0.4139369120821357,10.173827991820872,0.5098619731143117,0.08,0.35,0.05,0.45,1.2,32.43044081293046,865654.775497868,865654.786595986
1257,eye1,pmrnet,loop,24.7785160318017,0.02,0.5654749693349004,11.373320943675935,0.587499001994729,0.08,0.35,0.05,0.45,1.2,39.454810946807264,865654.787733169,865654.800260257
1259,eye1,pmrnet,loop,23.869450902566314,0.02,0.5897550145164132,12.391067924909294,1.9724740413948894,0.08,0.35,0.05,0.45,1.2,40.97274788338691,865654.800535477,865654.815489545
1260,eye1,pmrnet,loop,31.412036973051727,0.02,0.6249770522117615,12.332192971371114,1.0298299603164196,0.08,0.35,0.05,0.45,1.2,47.54903695695102,865654.817113258,865654.831100968
1262,eye1,pmrnet,loop,26.99730999302119,0.02,0.5641010357066989,10.361970984376967,0.5411680322140455,0.08,0.35,0.05,0.45,1.2,40.6145500453189,865654.831356053,865654.842824014
1264,eye1,pmrnet,loop,20.889573963359,0.02,0.5895320791751146,7.774287019856274,0.4238579422235489,0.08,0.35,0.05,0.45,1.2,31.827251004613935,865654.844066883,865654.852855059
1265,eye1,pmrnet,loop,17.69636000972241,0.02,0.3803839208558202,3.7171909352764487,0.5884140264242887,0.08,0.35,0.05,0.45,1.2,24.532348892278968,865654.853045123,865654.857731501
1266,eye1,pmrnet,loop,25.473115034401417,0.02,0.5657750880345702,10.994035052135587,1.355710905045271,0.08,0.35,0.05,0.45,1.2,40.53863607961684,865654.860660356,865654.873576519
1267,eye1,pmrnet,loop,31.220484059304,0.02,0.6473830435425043,10.07559197023511,1.4136680401861668,0.08,0.35,0.05,0.45,1.2,45.50712711326778,865654.87525603,865654.887393258
1269,eye1,pmrnet,loop,27.402511914260685,0.02,2.594721969217062,8.986682980321348,0.5735530285164714,0.08,0.35,0.05,0.45,1.2,41.707469892315565,865654.887557027,865654.899712541
1271,eye1,pmrnet,loop,24.589317035861313,0.02,0.6831689970567822,10.314909974113107,0.3836510004475713,0.08,0.35,0.05,0.45,1.2,38.12104700747877,865654.901656117,865654.91303842
1272,eye1,pmrnet,loop,27.6239060331136,0.02,0.4819639725610614,9.915364091284573,0.5011640023440123,0.08,0.35,0.05,0.45,1.2,40.672398099303244,865654.913242537,865654.924141591
1274,eye1,pmrnet,loop,23.183317971415818,0.02,0.5358359776437283,9.47459798771888,0.3920170711353421,0.08,0.35,0.05,0.45,1.2,35.73576900791377,865654.925436785,865654.935839812
1275,eye1,pmrnet,loop,25.676887948065996,0.02,0.5432600155472755,9.458004031330347,0.38630294147878885,0.08,0.35,0.05,0.45,1.2,38.214454936422406,865654.936014875,865654.946402898
1276,eye1,pmrnet,loop,23.348376038484275,0.02,0.390170025639236,3.616735921241343,0.6168889813125134,0.08,0.35,0.05,0.45,1.2,30.122170966677366,865654.947520276,865654.952144344
1277,eye1,pmrnet,loop,20.080958027392626,0.02,0.35620201379060745,3.65595705807209,0.6711019668728113,0.08,0.35,0.05,0.45,1.2,26.914219066128133,865654.952262079,865654.956945642
1278,eye1,pmrnet,loop,18.79445801023394,0.02,0.38045900873839855,3.4247859148308635,2.8454900020733476,0.08,0.35,0.05,0.45,1.2,27.595192935876547,865654.957076633,865654.963727633
1280,eye1,pmrnet,loop,19.996054004877806,0.02,0.46497792936861515,5.2466129418462515,0.6336059886962175,0.08,0.35,0.05,0.45,1.2,28.49125086478889,865654.974721928,865654.981067517
1281,eye1,pmrnet,loop,17.533706035465002,0.02,0.3801609855145216,3.5370950354263186,0.4245659802109003,0.08,0.35,0.05,0.45,1.2,24.02552803661674,865654.982332367,865654.986674467
1282,eye1,pmrnet,loop,14.674759935587645,0.02,0.3649709979072213,3.414912964217365,0.5517610115930438,0.08,0.35,0.05,0.45,1.2,21.156404909305273,865654.987552914,865654.99188484
1283,eye1,pmrnet,loop,14.882885967381299,0.02,0.351743889041245,3.7827909691259265,0.4984369734302163,0.08,0.35,0.05,0.45,1.2,21.665857798978685,865654.995527944,865655.00016116
1284,eye1,pmrnet,loop,21.01807703729719,0.02,0.5459670210257173,9.8324129357934,0.4430209519341588,0.08,0.35,0.05,0.45,1.2,33.989477946050464,865655.003542805,865655.014364769
1285,eye1,pmrnet,loop,18.641127971932292,0.02,1.597164897248149,3.4009470837190747,0.4787769867107272,0.08,0.35,0.05,0.45,1.2,26.26801693961024,865655.014580585,865655.020057865
1286,eye1,pmrnet,loop,23.40465399902314,0.02,0.5482140695676208,9.755949955433607,0.548223964869976,0.08,0.35,0.05,0.45,1.2,36.40704198889434,865655.022036872,865655.032889804
1287,eye1,pmrnet,loop,26.639470015652478,0.02,0.5038200179114938,10.111145093105733,0.4767670761793852,0.08,0.35,0.05,0.45,1.2,39.88120220284909,865655.03310142,865655.044193643
1289,eye1,pmrnet,loop,23.447180981747806,0.02,0.5553410155698657,10.021053021773696,1.1279520113021135,0.08,0.35,0.05,0.45,1.2,37.30152703039348,865655.045434178,865655.057139208
1290,eye1,pmrnet,loop,25.84361599292606,0.02,0.4739080322906375,9.42538701929152,0.3699909429997206,0.08,0.35,0.05,0.45,1.2,38.26290198750794,865655.05733449,865655.067604324
1292,eye1,pmrnet,loop,21.095557953231037,0.02,0.49741100519895554,9.367336053401232,0.5569380009546876,0.08,0.35,0.05,0.45,1.2,33.66724301278592,865655.068572745,865655.078995015
1293,eye1,pmrnet,loop,23.422884987667203,0.02,0.4578069783747196,8.935275953263044,0.8323289221152663,0.08,0.35,0.05,0.45,1.2,35.79829684142023,865655.079165101,865655.08939089
1294,eye1,pmrnet,loop,22.467500995844603,0.02,0.8632990065962076,4.474450019188225,0.8305730298161507,0.08,0.35,0.05,0.45,1.2,30.785823051445185,865655.090336161,865655.096504759
1295,eye1,pmrnet,loop,19.14587407372892,0.02,0.3747899318113923,3.8242379669100046,0.40622008964419365,0.08,0.35,0.05,0.45,1.2,25.901122062094508,865655.096646825,865655.101252338
1296,eye1,pmrnet,loop,15.258174971677363,0.02,0.35880994983017445,3.2669530482962728,0.422891927883029,0.08,0.35,0.05,0.45,1.2,21.456829897686838,865655.101384552,865655.105433618
1297,eye1,pmrnet,loop,13.312143040820956,0.02,0.3794330405071378,3.3757559722289443,0.2396970521658659,0.08,0.35,0.05,0.45,1.2,19.457029105722903,865655.107561821,865655.111557072
1299,eye1,pmrnet,loop,23.572331992909312,0.02,0.5667470395565033,9.45539295207709,0.47848199028521776,0.08,0.35,0.05,0.45,1.2,36.22295397482812,865655.127453734,865655.137954808
1300,eye1,pmrnet,loop,27.30319299735129,0.02,0.6976519944146276,9.723686031065881,0.2288420218974352,0.08,0.35,0.05,0.45,1.2,40.10337304472923,865655.13910343,865655.149754046
1302,eye1,pmrnet,loop,16.05076005216688,0.02,0.3886499907821417,3.8104259874671698,0.542100053280592,0.08,0.35,0.05,0.45,1.2,22.94193608369678,865655.149898744,865655.154640194
1303,eye1,pmrnet,loop,13.64813803229481,0.02,0.3381309797987342,3.9434320060536265,0.5131480284035206,0.08,0.35,0.05,0.45,1.2,20.59284904655069,865655.155511262,865655.160306373
1304,eye1,pmrnet,loop,19.64854309335351,0.02,0.5613990360870957,9.585415944457054,0.6813859799876809,0.08,0.35,0.05,0.45,1.2,32.62674405388534,865655.163547172,865655.174375952
1305,eye1,pmrnet,loop,21.876655984669924,0.02,0.528494012542069,9.201478096656501,0.37245696876198053,0.08,0.35,0.05,0.45,1.2,34.12908506263048,865655.174570389,865655.18467324
1306,eye1,pmrnet,loop,19.586729002185166,0.02,0.3789399052038789,3.837485914118588,0.7263269508257508,0.08,0.35,0.05,0.45,1.2,26.679481772333382,865655.185509543,865655.190452606
1307,eye1,pmrnet,loop,15.605479013174772,0.02,0.34451496321707964,3.255222924053669,0.36400696262717247,0.08,0.35,0.05,0.45,1.2,21.719223863072692,865655.190576458,865655.194540518
1308,eye1,pmrnet,loop,12.35476101282984,0.02,0.34532102290540934,3.276442992500961,0.225916039198637,0.08,0.35,0.05,0.45,1.2,18.352441067434846,865655.195510803,865655.199358736
1309,eye1,pmrnet,loop,13.537329970858991,0.02,0.3391079371795058,3.323109936900437,1.4427959686145186,0.08,0.35,0.05,0.45,1.2,20.79234381355345,865655.203504456,865655.208609747
1310,eye1,pmrnet,loop,15.743292984552681,0.02,0.5374921020120382,6.300916080363095,0.4792379913851619,0.08,0.35,0.05,0.45,1.2,25.210939158312975,865655.211566651,865655.218884802
1311,eye1,pmrnet,loop,13.35520704742521,0.02,0.323881977237761,3.8511899765580893,0.8464639540761709,0.08,0.35,0.05,0.45,1.2,20.52674295529723,865655.219543944,865655.224565728
1312,eye1,pmrnet,loop,19.13172099739313,0.02,0.545416958630085,9.79433604516089,0.49037300050258636,0.08,0.35,0.05,0.45,1.2,32.11184700168669,865655.227580991,865655.238411591
1313,eye1,pmrnet,loop,16.36497804429382,0.02,0.5540649872273207,3.4885730128735304,0.23059197701513767,0.08,0.35,0.05,0.45,1.2,22.788208021409808,865655.239440365,865655.243713939
1314,eye1,pmrnet,loop,15.757411951199174,0.02,0.3468920476734638,6.519716931506991,0.4730670480057597,0.08,0.35,0.05,0.45,1.2,25.247087978385387,865655.243833137,865655.251173252
1307,eye0,pmrnet,loop,26.52555808890611,0.02,1.9920669728890061,9.6437509637326,0.42377004865556955,0.08,0.35,0.05,0.45,1.2,40.735146074183284,865655.151200608,865655.163260687
1309,eye0,pmrnet,loop,21.4312489842996,0.02,0.5523680010810494,9.416962042450905,0.8734910516068339,0.08,0.35,0.05,0.45,1.2,34.42407007943839,865655.163462312,865655.174305644
1310,eye0,pmrnet,loop,25.496709044091403,0.02,0.49205904360860586,9.835602948442101,0.5770849529653788,0.08,0.35,0.05,0.45,1.2,38.55145598910749,865655.175534253,865655.186439496
1311,eye0,pmrnet,loop,28.739194036461413,0.02,0.5074290093034506,9.242407977581024,1.362451002933085,0.08,0.35,0.05,0.45,1.2,42.00148202627897,865655.18663871,865655.197751556
1313,eye0,pmrnet,loop,24.116343935020268,0.02,0.4947730340063572,9.438906912691891,0.6149070104584098,0.08,0.35,0.05,0.45,1.2,36.814930892176925,865655.19871673,865655.209266003
1314,eye0,pmrnet,loop,26.824100990779698,0.02,0.5503100110217929,9.647376951761544,0.3651230363175273,0.08,0.35,0.05,0.45,1.2,39.53691098988056,865655.209479676,865655.220042967
1316,eye0,pmrnet,loop,22.54955901298672,0.02,0.5004400154575706,9.886918007396162,0.4819899331778288,0.08,0.35,0.05,0.45,1.2,35.56890696901828,865655.2210365,865655.231906337
1317,eye0,pmrnet,loop,25.4362610867247,0.02,0.5135160172358155,9.5566650852561,0.6694740150123835,0.08,0.35,0.05,0.45,1.2,38.325916204228996,865655.232122401,865655.242862568
1319,eye0,pmrnet,loop,22.93347893282771,0.02,0.7669959450140595,4.973761970177293,0.7399559253826737,0.08,0.35,0.05,0.45,1.2,31.564192773401736,865655.250016953,865655.256498309
1320,eye0,pmrnet,loop,20.31668904237449,0.02,0.3455949481576681,4.60133096203208,0.3751430194824934,0.08,0.35,0.05,0.45,1.2,27.78875797204673,865655.25662747,865655.261949849
1321,eye0,pmrnet,loop,23.952785995788872,0.02,0.5983340088278055,6.536538014188409,0.37492497358471155,0.08,0.35,0.05,0.45,1.2,33.612582992389804,865655.266144927,865655.273655269
1322,eye0,pmrnet,loop,26.808399008587003,0.02,0.46237208880484104,9.617278003133833,0.6744189886376262,0.08,0.35,0.05,0.45,1.2,39.7124680891633,865655.273824744,865655.284579316
1324,eye0,pmrnet,loop,23.639154969714582,0.02,0.5754929734393954,10.035166051238775,0.5726319504901767,0.08,0.35,0.05,0.45,1.2,36.97244594488293,865655.286363898,865655.297547814
1325,eye0,pmrnet,loop,27.391839073970914,0.02,0.5810119910165668,10.272876010276377,0.714836991392076,0.08,0.35,0.05,0.45,1.2,41.11056406665593,865655.297799689,865655.309368912
1327,eye0,pmrnet,loop,23.199344985187054,0.02,0.5786169786006212,9.743675007484853,0.4829519893974066,0.08,0.35,0.05,0.45,1.2,36.15458896066993,865655.310509677,865655.321315705
1328,eye0,pmrnet,loop,25.80008504446596,0.02,0.522820046171546,9.435432031750679,0.529618002474308,0.08,0.35,0.05,0.45,1.2,38.43795512486249,865655.321497138,865655.331985474
1330,eye0,pmrnet,loop,21.171668078750372,0.02,0.5029119784012437,9.49637102894485,0.45379099901765585,0.08,0.35,0.05,0.45,1.2,33.77474208511412,865655.333041475,865655.343495273
1331,eye0,pmrnet,loop,23.66134792100638,0.02,0.469231978058815,9.409808903001249,0.5078850081190467,0.08,0.35,0.05,0.45,1.2,36.19827381018549,865655.343666219,865655.354053731
1333,eye0,pmrnet,loop,19.16660205461085,0.02,0.5005790153518319,9.678118047304451,0.47366705257445574,0.08,0.35,0.05,0.45,1.2,31.968966169841586,865655.355043917,865655.365696729
1334,eye0,pmrnet,loop,21.723447018302977,0.02,0.50377007573843,9.471621015109122,0.4435760201886296,0.08,0.35,0.05,0.45,1.2,34.29241412933916,865655.365903435,865655.376323072
1335,eye0,pmrnet,loop,25.918596074916422,0.02,0.4757120041176677,10.089696967042983,0.6494920235127211,0.08,0.35,0.05,0.45,1.2,39.28349706958979,865655.377371527,865655.388586936
1336,eye0,pmrnet,loop,28.50721892900765,0.02,0.5726959789171815,9.436586988158524,0.4546879790723324,0.08,0.35,0.05,0.45,1.2,41.121189875155686,865655.388780091,865655.399244574
1338,eye0,pmrnet,loop,23.905782960355282,0.02,0.5621190648525953,9.560507023707032,0.5057710222899914,0.08,0.35,0.05,0.45,1.2,36.6841800712049,865655.400152281,865655.410781226
1339,eye0,pmrnet,loop,26.564156054519117,0.02,0.5360569339245558,9.525443078018725,0.4799340385943651,0.08,0.35,0.05,0.45,1.2,39.25559010505676,865655.410966646,865655.421508657
1340,eye0,pmrnet,loop,30.039316974580288,0.02,0.4977219505235553,9.641777956858277,0.49322599079459906,0.08,0.35,0.05,0.45,1.2,42.82204287275672,865655.422419075,865655.433052324
1342,eye0,pmrnet,loop,23.110463051125407,0.02,0.4698029952123761,8.132367976941168,0.4205679288133979,0.08,0.35,0.05,0.45,1.2,34.28320195209235,865655.433239322,865655.442262459
1343,eye0,pmrnet,loop,27.054092031903565,0.02,1.1178679997101426,9.680398041382432,0.4107740242034197,0.08,0.35,0.05,0.45,1.2,40.41313209719956,865655.443065239,865655.454274775
1344,eye0,pmrnet,loop,24.49990704189986,0.02,0.45041204430162907,4.467856022529304,0.45442208647727966,0.08,0.35,0.05,0.45,1.2,32.02259719520807,865655.454416031,865655.459789077
1345,eye0,pmrnet,loop,27.941484935581684,0.02,0.5006649298593402,9.444769006222486,0.479924026876688,0.08,0.35,0.05,0.45,1.2,40.5168428985402,865655.460873955,865655.471299949
1347,eye0,pmrnet,loop,22.550947964191437,0.02,0.5525259766727686,9.504495072178543,0.5035880021750927,0.08,0.35,0.05,0.45,1.2,35.26155701521784,865655.471486313,865655.482047365
1348,eye0,pmrnet,loop,19.670114037580788,0.02,0.3610110143199563,3.56553599704057,0.46601996291428804,0.08,0.35,0.05,0.45,1.2,26.2126810118556,865655.48284428,865655.487237074
1349,eye0,pmrnet,loop,17.121158889494836,0.02,0.3291700268164277,4.2361191008239985,0.8197220740839839,0.08,0.35,0.05,0.45,1.2,24.656170091219245,865655.487371611,865655.492756937
1350,eye0,pmrnet,loop,16.559988958761096,0.02,0.3704639384523034,4.538274020887911,0.7206429727375507,0.08,0.35,0.05,0.45,1.2,24.33936989083886,865655.494635254,865655.500264909
1351,eye0,pmrnet,loop,22.586222970858216,0.02,0.5016919458284974,10.3581229923293,0.7909709820523858,0.08,0.35,0.05,0.45,1.2,36.3870088910684,865655.502708442,865655.514359834
1352,eye0,pmrnet,loop,18.472991068847477,0.02,0.34062599297612906,3.249456058256328,0.2215999411419034,0.08,0.35,0.05,0.45,1.2,24.434673061221837,865655.514503844,865655.518315826
1353,eye0,pmrnet,loop,24.26034107338637,0.02,0.5191669333726168,10.73561399243772,1.3996269553899765,0.08,0.35,0.05,0.45,1.2,39.06474895458668,865655.51951704,865655.532171906
1354,eye0,pmrnet,loop,21.541228983551264,0.02,0.5408379947766662,3.452667035162449,1.2175169540569186,0.08,0.35,0.05,0.45,1.2,28.902250967547296,865655.532310478,865655.537521755
1355,eye0,pmrnet,loop,25.03634092863649,0.02,0.5063689313828945,9.5926410285756,0.5028500454500318,0.08,0.35,0.05,0.45,1.2,37.788200934045015,865655.538483067,865655.54908544
1356,eye0,pmrnet,loop,26.87730803154409,0.02,1.0445259977132082,7.413099054247141,1.2553329579532146,0.08,0.35,0.05,0.45,1.2,38.74026604145765,865655.549282393,865655.55899578
1358,eye0,pmrnet,loop,23.000844987109303,0.02,0.5422339309006929,10.321676032617688,0.5819170037284493,0.08,0.35,0.05,0.45,1.2,36.59667195435613,865655.559810585,865655.571257082
1359,eye0,pmrnet,loop,25.550863007083535,0.02,0.4906200338155031,9.46682202629745,0.46333903446793556,0.08,0.35,0.05,0.45,1.2,38.12164410166442,865655.57145494,865655.581876216
1361,eye0,pmrnet,loop,21.70533803291619,0.02,0.4838670138269663,10.122249950654805,0.5422509275376797,0.08,0.35,0.05,0.45,1.2,35.00370592493564,865655.583019087,865655.59416793
1362,eye0,pmrnet,loop,24.54498503357172,0.02,0.6969040259718895,9.468836011365056,0.5104219308122993,0.08,0.35,0.05,0.45,1.2,37.37114700172096,865655.594400925,865655.605077658
1363,eye0,pmrnet,loop,28.381936950609088,0.02,0.493306084536016,9.78876301087439,0.5063250428065658,0.08,0.35,0.05,0.45,1.2,41.32033108882606,865655.606194387,865655.616983297
1365,eye0,pmrnet,loop,23.199151968583465,0.02,0.616678036749363,9.324866929091513,0.8191160159185529,0.08,0.35,0.05,0.45,1.2,36.10981295034289,865655.617177267,865655.627938509
1366,eye0,pmrnet,loop,28.429542086087167,0.02,0.635584001429379,9.691907092928886,0.5492409691214561,0.08,0.35,0.05,0.45,1.2,41.45627414956689,865655.630360574,865655.641237794
1368,eye0,pmrnet,loop,23.13779399264604,0.02,0.47992507461458445,9.355837013572454,0.8240719325840473,0.08,0.35,0.05,0.45,1.2,35.94762801341712,865655.641423696,865655.652084037
1369,eye0,pmrnet,loop,28.863055049441755,0.02,0.8216409478336573,11.280018952675164,0.5146019393578172,0.08,0.35,0.05,0.45,1.2,43.62931688930839,865655.653262127,865655.665878976
1371,eye0,pmrnet,loop,16.794897033832967,0.02,0.3434940008446574,3.217792953364551,0.2271271077916026,0.08,0.35,0.05,0.45,1.2,22.733311095833777,865655.666159985,865655.669948728
1372,eye0,pmrnet,loop,14.965406968258321,0.02,0.3485709894448519,3.793732961639762,1.3476519379764795,0.08,0.35,0.05,0.45,1.2,22.605362857319413,865655.67069825,865655.676188453
1315,eye1,pmrnet,loop,16.945409937761724,0.02,0.5510830087587237,7.428412907756865,0.3795910160988569,0.08,0.35,0.05,0.45,1.2,27.45449687037617,865655.252073449,865655.260432953
1316,eye1,pmrnet,loop,14.404603047296405,0.02,0.49494008999317884,3.79438407253474,0.23336196318268776,0.08,0.35,0.05,0.45,1.2,21.07728917300701,865655.26143811,865655.265961307
1317,eye1,pmrnet,loop,12.4956329818815,0.02,0.3400149289518595,3.315126057714224,0.9374700020998716,0.08,0.35,0.05,0.45,1.2,19.238243970647453,865655.267528484,865655.272121366
1318,eye1,pmrnet,loop,17.943779937922955,0.02,2.2244900465011597,3.621026990003884,0.24697906337678432,0.08,0.35,0.05,0.45,1.2,26.18627603780478,865655.279544744,865655.285637488
1319,eye1,pmrnet,loop,22.837057011201978,0.02,0.6344319554045796,10.001094080507755,0.4148039733991027,0.08,0.35,0.05,0.45,1.2,36.037387020513414,865655.287548321,865655.298599161
1320,eye1,pmrnet,loop,26.413573999889195,0.02,1.0525669204071164,9.965704986825585,0.393908005207777,0.08,0.35,0.05,0.45,1.2,39.97575391232967,865655.29883189,865655.31024454
1321,eye1,pmrnet,loop,30.308656045235693,0.02,0.5386000266298652,9.89565800409764,0.37962303031235933,0.08,0.35,0.05,0.45,1.2,43.27253710627556,865655.311395543,865655.322209939
1323,eye1,pmrnet,loop,25.620486005209386,0.02,1.2088599614799023,9.685687022283673,0.3746460424736142,0.08,0.35,0.05,0.45,1.2,39.039679031446575,865655.322389504,865655.333659176
1324,eye1,pmrnet,loop,29.405241017229855,0.02,0.8063219720497727,9.458996006287634,0.532269012182951,0.08,0.35,0.05,0.45,1.2,42.35282800775021,865655.334715527,865655.345513583
1326,eye1,pmrnet,loop,24.157443083822727,0.02,0.6093339761719108,9.464849950745702,0.6346619920805097,0.08,0.35,0.05,0.45,1.2,37.01628900282085,865655.345693814,865655.356403147
1327,eye1,pmrnet,loop,28.4061289858073,0.02,0.6067448994144797,9.930221014656126,0.6587189855054021,0.08,0.35,0.05,0.45,1.2,41.75181388538331,865655.357524827,865655.368721067
1329,eye1,pmrnet,loop,23.350371047854424,0.02,0.6102879997342825,9.658188908360898,0.6223649252206087,0.08,0.35,0.05,0.45,1.2,36.39121288117021,865655.368912227,865655.379803611
1330,eye1,pmrnet,loop,26.857591001316905,0.02,0.479587004519999,9.453522972762585,0.7551669841632247,0.08,0.35,0.05,0.45,1.2,39.69586796276271,865655.380690981,865655.391379746
1332,eye1,pmrnet,loop,21.39337791595608,0.02,0.48727996181696653,9.486684924922884,0.5060170078650117,0.08,0.35,0.05,0.45,1.2,34.02335981056094,865655.391573541,865655.402054013
1333,eye1,pmrnet,loop,24.81906593311578,0.02,0.4782759351655841,9.424856980331242,0.6915109697729349,0.08,0.35,0.05,0.45,1.2,37.56370981838554,865655.402953356,865655.413548499
1334,eye1,pmrnet,loop,27.289527002722025,0.02,0.47169008757919073,9.310657042078674,0.5752239376306534,0.08,0.35,0.05,0.45,1.2,39.79709807001054,865655.413729779,865655.424087841
1336,eye1,pmrnet,loop,24.47678497992456,0.02,0.5204930203035474,9.523860993795097,0.4731969675049186,0.08,0.35,0.05,0.45,1.2,37.14433596152812,865655.426895383,865655.437413455
1337,eye1,pmrnet,loop,26.856051990762353,0.02,0.4667929606512189,9.3705520266667,0.44146389700472355,0.08,0.35,0.05,0.45,1.2,39.284860875084995,865655.437582009,865655.447861307
1339,eye1,pmrnet,loop,22.593740024603903,0.02,0.5333588924258947,9.709517005831003,0.5009709857404232,0.08,0.35,0.05,0.45,1.2,35.48758690860122,865655.448992643,865655.459737037
1340,eye1,pmrnet,loop,26.047454099170864,0.02,0.518142944201827,10.245717014186084,0.5581839941442013,0.08,0.35,0.05,0.45,1.2,39.519498051702975,865655.459936976,865655.471259564
1342,eye1,pmrnet,loop,21.549924975261092,0.02,0.6674750475212932,9.416454937309027,0.36009703762829304,0.08,0.35,0.05,0.45,1.2,34.143951997719704,865655.472455699,865655.482900265
1343,eye1,pmrnet,loop,25.141532067209482,0.02,1.731896074488759,9.362251963466406,0.38109300658106804,0.08,0.35,0.05,0.45,1.2,38.766773111745714,865655.483084766,865655.494560553
1344,eye1,pmrnet,loop,22.81174808740616,0.02,0.6383499130606651,3.855030983686447,0.30647695530205965,0.08,0.35,0.05,0.45,1.2,29.76160593945533,865655.495500632,865655.500300801
1345,eye1,pmrnet,loop,19.6659779176116,0.02,0.7553000468760729,3.3404870191589,0.7063419325277209,0.08,0.35,0.05,0.45,1.2,26.61810691617429,865655.500421624,865655.505224037
1346,eye1,pmrnet,loop,16.00942702498287,0.02,0.3668589051812887,3.3256718888878822,0.6030109943822026,0.08,0.35,0.05,0.45,1.2,22.454968813434242,865655.505340559,865655.509636364
1347,eye1,pmrnet,loop,15.050861984491348,0.02,0.37503300700336695,3.3863650169223547,1.4368819538503885,0.08,0.35,0.05,0.45,1.2,22.399141962267457,865655.511548388,865655.516746945
1348,eye1,pmrnet,loop,14.814069028943777,0.02,0.3642570227384567,4.094937001354992,0.5696549778804183,0.08,0.35,0.05,0.45,1.2,21.992918030917643,865655.519549537,865655.524578673
1349,eye1,pmrnet,loop,14.373531099408865,0.02,0.44637301471084356,3.8713649846613407,0.3453069366514683,0.08,0.35,0.05,0.45,1.2,21.186576035432516,865655.527544215,865655.532207634
1350,eye1,pmrnet,loop,14.362143934704363,0.02,0.37174997851252556,3.58183600474149,0.7621119730174541,0.08,0.35,0.05,0.45,1.2,21.22784189097583,865655.535548962,865655.540264922
1351,eye1,pmrnet,loop,19.94263695087284,0.02,0.48828707076609135,9.479150990955532,0.4052410367876291,0.08,0.35,0.05,0.45,1.2,32.46531604938209,865655.543540975,865655.553914048
1352,eye1,pmrnet,loop,16.998998005874455,0.02,1.0555839398875833,3.493668045848608,0.4369280068203807,0.08,0.35,0.05,0.45,1.2,24.135177998431026,865655.554053128,865655.559039721
1353,eye1,pmrnet,loop,24.516849080100656,0.02,4.387256922200322,9.957390022464097,0.4546680720523,0.08,0.35,0.05,0.45,1.2,41.46616409681737,865655.559825982,865655.574625881
1354,eye1,pmrnet,loop,27.369165094569325,0.02,0.5007339641451836,9.496549027971923,0.7218740647658706,0.08,0.35,0.05,0.45,1.2,40.2383221514523,865655.574827993,865655.585547807
1356,eye1,pmrnet,loop,23.283916991204023,0.02,0.6111660040915012,6.553417071700096,0.4519079811871052,0.08,0.35,0.05,0.45,1.2,33.050408048182724,865655.589984734,865655.597601827
1357,eye1,pmrnet,loop,19.340845989063382,0.02,0.35357801243662834,3.2938270596787333,0.3544379724189639,0.08,0.35,0.05,0.45,1.2,25.492689033597706,865655.597725836,865655.601727939
1358,eye1,pmrnet,loop,22.25077000912279,0.02,0.3450399963185191,9.825772955082357,0.6974179996177554,0.08,0.35,0.05,0.45,1.2,35.26900096014142,865655.601837213,865655.61270582
1359,eye1,pmrnet,loop,21.791251958347857,0.02,0.5196210695430636,5.327920080162585,0.47043291851878166,0.08,0.35,0.05,0.45,1.2,30.259226026572286,865655.613997743,865655.620316132
1360,eye1,pmrnet,loop,18.412466975860298,0.02,0.3403819864615798,3.759284969419241,0.48380205407738686,0.08,0.35,0.05,0.45,1.2,25.145935985818504,865655.620422739,865655.625006468
1361,eye1,pmrnet,loop,14.554357971064746,0.02,0.3179259365424514,3.2017399789765477,0.5843320395797491,0.08,0.35,0.05,0.45,1.2,20.808355926163493,865655.625113029,865655.629217325
1362,eye1,pmrnet,loop,13.176843989640474,0.02,0.3694719634950161,3.290122956968844,0.6830130005255342,0.08,0.35,0.05,0.45,1.2,19.669451910629867,865655.631566062,865655.635908948
1363,eye1,pmrnet,loop,18.361338996328413,0.02,0.4995329072698951,8.658696082420647,0.3989259712398052,0.08,0.35,0.05,0.45,1.2,30.06849395725876,865655.63960461,865655.649162219
1364,eye1,pmrnet,loop,15.395610011182725,0.02,0.3509629750624299,3.7552809808403254,0.8743599755689502,0.08,0.35,0.05,0.45,1.2,22.52621394265443,865655.649284136,865655.65426511
1365,eye1,pmrnet,loop,12.788512045517564,0.02,0.3421700093895197,3.414536011405289,0.403650919906795,0.08,0.35,0.05,0.45,1.2,19.098868986219166,865655.655566397,865655.659727198
1366,eye1,pmrnet,loop,13.748227967880666,0.02,0.33043697476387024,3.3360569505020976,1.5454159583896399,0.08,0.35,0.05,0.45,1.2,21.110137851536273,865655.663544119,865655.668756299
1367,eye1,pmrnet,loop,13.183776056393981,0.02,0.3596110036596656,3.893313929438591,0.4500909708440304,0.08,0.35,0.05,0.45,1.2,20.036791960336267,865655.671557424,865655.676260781
1368,eye1,pmrnet,loop,12.696165940724313,0.02,0.3319079987704754,3.6129499785602093,0.3325960133224726,0.08,0.35,0.05,0.45,1.2,19.12361993137747,865655.67956455,865655.683842257
1369,eye1,pmrnet,loop,14.099288964644074,0.02,0.34133309964090586,4.378213081508875,1.0812589898705482,0.08,0.35,0.05,0.45,1.2,22.050094135664402,865655.687512354,865655.693313376
1370,eye1,pmrnet,loop,12.87224399857223,0.02,0.34889800008386374,3.907962003722787,0.3441530279815197,0.08,0.35,0.05,0.45,1.2,19.6232570303604,865655.695554749,865655.700156034
1371,eye1,pmrnet,loop,12.921557063236833,0.02,0.32879202626645565,3.6655470030382276,0.7603279082104564,0.08,0.35,0.05,0.45,1.2,19.82622400075197,865655.703518947,865655.708273863
1372,eye1,pmrnet,loop,17.606076900847256,0.02,0.485336990095675,7.545953965745866,1.4604759635403752,0.08,0.35,0.05,0.45,1.2,29.24784382022917,865655.711535605,865655.721027765
1373,eye0,pmrnet,loop,14.483151957392693,0.02,0.34738797694444656,3.6863639252260327,1.0713820811361074,0.08,0.35,0.05,0.45,1.2,21.738285940699278,865655.678669888,865655.683775271
1374,eye0,pmrnet,loop,15.901698963716626,0.02,0.4894139710813761,4.337288090027869,1.7533570062369108,0.08,0.35,0.05,0.45,1.2,24.63175803106278,865655.686681898,865655.693262196
1375,eye0,pmrnet,loop,14.666841016151011,0.02,0.37485198117792606,4.234979045577347,0.8245110511779785,0.08,0.35,0.05,0.45,1.2,22.25118309408426,865655.694661982,865655.700096586
1376,eye0,pmrnet,loop,14.551018946804106,0.02,0.34511100966483355,3.658527974039316,1.3796479906886816,0.08,0.35,0.05,0.45,1.2,22.084305921196936,865655.702666304,865655.708049903
1377,eye0,pmrnet,loop,14.006208977662027,0.02,0.377985998056829,4.117437987588346,0.38678490091115236,0.08,0.35,0.05,0.45,1.2,21.038417864218353,865655.710691704,865655.71557423
1378,eye0,pmrnet,loop,13.284213026054204,0.02,0.33272907603532076,3.3064859453588724,0.6271169986575842,0.08,0.35,0.05,0.45,1.2,19.70054504610598,865655.718654376,865655.722920939
1379,eye0,pmrnet,loop,19.77317500859499,0.02,0.5107729230076075,9.600966004654765,0.6568389944732189,0.08,0.35,0.05,0.45,1.2,32.69175293073058,865655.726709406,865655.737478555
1380,eye0,pmrnet,loop,20.400541019625962,0.02,1.0713679948821664,6.2456849263980985,0.2242260379716754,0.08,0.35,0.05,0.45,1.2,30.0918199788779,865655.738633828,865655.746175516
1381,eye0,pmrnet,loop,16.774861956946552,0.02,0.37906295619904995,3.4014550037682056,0.5593909882009029,0.08,0.35,0.05,0.45,1.2,23.26477090511471,865655.746278351,865655.750618511
1382,eye0,pmrnet,loop,13.69940594304353,0.02,0.33873599022626877,3.932348918169737,0.5910230102017522,0.08,0.35,0.05,0.45,1.2,20.711513861641286,865655.750749774,865655.75561229
1383,eye0,pmrnet,loop,16.638664063066244,0.02,0.38999004755169153,7.1416140999644995,0.3950480604544282,0.08,0.35,0.05,0.45,1.2,26.715316271036862,865655.758693508,865655.766620476
1384,eye0,pmrnet,loop,12.45495502371341,0.02,0.3673749743029475,3.1782810110598803,0.21964102052152157,0.08,0.35,0.05,0.45,1.2,18.370252029597758,865655.766740137,865655.770505736
1385,eye0,pmrnet,loop,14.280587900429964,0.02,1.5502459136769176,3.5138230305165052,0.651097041554749,0.08,0.35,0.05,0.45,1.2,22.145753886178134,865655.774685009,865655.780400577
1386,eye0,pmrnet,loop,12.238894938491285,0.02,0.35171094350516796,3.2073809998109937,0.21495705004781485,0.08,0.35,0.05,0.45,1.2,18.16294393185526,865655.782653617,865655.78642788
1387,eye0,pmrnet,loop,12.990855029784143,0.02,0.4273769445717335,3.866613027639687,0.2425439888611436,0.08,0.35,0.05,0.45,1.2,19.677388990856706,865655.790712745,865655.795249772
1388,eye0,pmrnet,loop,12.321457033976912,0.02,0.3974019782617688,3.3700759522616863,0.22265897132456303,0.08,0.35,0.05,0.45,1.2,18.46159393582493,865655.79865917,865655.802649533
1389,eye0,pmrnet,loop,12.983034015633166,0.02,0.4937159828841686,3.9608259685337543,0.23497198708355427,0.08,0.35,0.05,0.45,1.2,19.82254795413464,865655.806689803,865655.811379727
1390,eye0,pmrnet,loop,12.14187394361943,0.02,0.370176974684,3.362952033057809,0.22142205853015184,0.08,0.35,0.05,0.45,1.2,18.24642500989139,865655.81465304,865655.818607856
1391,eye0,pmrnet,loop,19.361529033631086,0.02,0.5011849571019411,10.010615922510624,0.6792310159653425,0.08,0.35,0.05,0.45,1.2,32.70256092920899,865655.822704758,865655.833896321
1392,eye0,pmrnet,loop,24.120496003888547,0.02,0.6651239236816764,10.335462051443756,0.9243689710274339,0.08,0.35,0.05,0.45,1.2,38.19545095004141,865655.834798122,865655.846723632
1393,eye0,pmrnet,loop,26.81291801854968,0.02,0.48336503095924854,9.670828003436327,0.42714900337159634,0.08,0.35,0.05,0.45,1.2,39.54426005631685,865655.846902972,865655.857484785
1394,eye0,pmrnet,loop,31.397534999996424,0.02,0.5588470958173275,10.380501975305378,0.6692659808322787,0.08,0.35,0.05,0.45,1.2,45.15615005195141,865655.858529828,865655.870139003
1396,eye0,pmrnet,loop,25.657207937911153,0.02,0.4936419427394867,9.32946300599724,0.4002329660579562,0.08,0.35,0.05,0.45,1.2,38.030545852705835,865655.87031258,865655.880536429
1397,eye0,pmrnet,loop,28.814975055865943,0.02,0.49766304437071085,9.37473401427269,0.3748720046132803,0.08,0.35,0.05,0.45,1.2,41.21224411912262,865655.881515353,865655.891763171
1399,eye0,pmrnet,loop,20.07454400882125,0.02,0.5037019727751613,6.4732530154287815,0.22355502005666494,0.08,0.35,0.05,0.45,1.2,29.425054017081855,865655.89196047,865655.899161406
1400,eye0,pmrnet,loop,17.204397940076888,0.02,0.2720290794968605,3.4039230085909367,0.39537798147648573,0.08,0.35,0.05,0.45,1.2,23.42572800964117,865655.900288953,865655.904360562
1401,eye0,pmrnet,loop,15.192797058261931,0.02,0.3563759382814169,3.11627599876374,0.2454390050843358,0.08,0.35,0.05,0.45,1.2,21.060888000391422,865655.90669946,865655.910417775
1402,eye0,pmrnet,loop,22.260489990003407,0.02,0.5281259072944522,9.746464900672436,0.5379110807552934,0.08,0.35,0.05,0.45,1.2,35.22299187872559,865655.914740345,865655.925553665
1403,eye0,pmrnet,loop,25.976501987315714,0.02,0.5124949384480715,9.542764979414642,0.5585069302469492,0.08,0.35,0.05,0.45,1.2,38.740268835425375,865655.926724326,865655.937338601
1404,eye0,pmrnet,loop,28.635761002078652,0.02,0.6425440078601241,9.313044021837413,0.5851350724697113,0.08,0.35,0.05,0.45,1.2,41.3264841042459,865655.937525802,865655.94806712
1406,eye0,pmrnet,loop,24.399152025580406,0.02,0.4888050025328994,9.883671998977661,0.5062030395492911,0.08,0.35,0.05,0.45,1.2,37.427832066640256,865655.949088571,865655.959967735
1407,eye0,pmrnet,loop,22.630582097917795,0.02,0.5144489696249366,5.1106869941577315,0.447814934886992,0.08,0.35,0.05,0.45,1.2,30.853532996587454,865655.960196295,865655.966269583
1408,eye0,pmrnet,loop,20.519485929980874,0.02,0.46220002695918083,4.460365977138281,0.3462540917098522,0.08,0.35,0.05,0.45,1.2,27.938306025788187,865655.966958466,865655.972227539
1409,eye0,pmrnet,loop,18.39863695204258,0.02,0.3783729625865817,3.4322839928790927,2.0229739602655172,0.08,0.35,0.05,0.45,1.2,26.38226786777377,865655.972341527,865655.978175393
1410,eye0,pmrnet,loop,16.189771005883813,0.02,0.366745050996542,4.150700988247991,0.7847509114071727,0.08,0.35,0.05,0.45,1.2,23.641967956535517,865655.97873335,865655.984035812
1411,eye0,pmrnet,loop,21.71889808960259,0.02,0.345214968547225,9.668970014899969,0.920380000025034,0.08,0.35,0.05,0.45,1.2,34.803463073074816,865655.986697613,865655.99763258
1412,eye0,pmrnet,loop,22.631479892879725,0.02,0.5267700180411339,7.326619932428002,0.9220070205628872,0.08,0.35,0.05,0.45,1.2,33.556876863911754,865655.997839461,865656.006615344
1413,eye0,pmrnet,loop,19.17207392398268,0.02,0.3231670707464218,3.4250079188495874,0.2170470543205738,0.08,0.35,0.05,0.45,1.2,25.28729596789926,865656.007259445,865656.011224873
1414,eye0,pmrnet,loop,16.335458029061556,0.02,0.3237919881939888,4.382347106002271,0.3978500608354807,0.08,0.35,0.05,0.45,1.2,23.589447184093295,865656.011353049,865656.016457334
1415,eye0,pmrnet,loop,14.741339022293687,0.02,0.3744791029021144,3.3372370526194572,0.5747940158471465,0.08,0.35,0.05,0.45,1.2,21.177849193662404,865656.018645721,865656.022932469
1416,eye0,pmrnet,loop,14.63388605043292,0.02,0.3519150195643306,3.3451749477535486,0.5260350881144404,0.08,0.35,0.05,0.45,1.2,21.00701110586524,865656.026670556,865656.030893999
1417,eye0,pmrnet,loop,14.554401976056397,0.02,0.38545997813344,3.4424260957166553,0.3456040285527706,0.08,0.35,0.05,0.45,1.2,20.87789207845926,865656.034709548,865656.03888328
1418,eye0,pmrnet,loop,19.951096968725324,0.02,0.4561609821394086,8.960742969065905,0.23985502775758505,0.08,0.35,0.05,0.45,1.2,31.75785594768822,865656.042691606,865656.052348803
1419,eye0,pmrnet,loop,20.359407062642276,0.02,0.7327150087803602,3.5272829700261354,0.7516159676015377,0.08,0.35,0.05,0.45,1.2,27.52102100905031,865656.055813719,865656.06082563
1420,eye0,pmrnet,loop,23.02553504705429,0.02,0.49950904212892056,9.574940893799067,0.4556420026347041,0.08,0.35,0.05,0.45,1.2,35.70562698561698,865656.061030543,865656.071561182
1421,eye0,pmrnet,loop,23.365987930446863,0.02,0.48013695050030947,6.769806961528957,0.2366499975323677,0.08,0.35,0.05,0.45,1.2,33.002581840008496,865656.072483737,865656.079970814
1422,eye0,pmrnet,loop,19.417902920395136,0.02,0.345769920386374,3.150620963424444,0.5029840394854546,0.08,0.35,0.05,0.45,1.2,25.567277843691407,865656.080092142,865656.084091809
1423,eye0,pmrnet,loop,15.414449968375266,0.02,0.324677093885839,3.222008002921939,0.4038289189338684,0.08,0.35,0.05,0.45,1.2,21.51496398411691,865656.084206775,865656.088157569
1424,eye0,pmrnet,loop,14.123981003649533,0.02,0.3579799085855484,3.336430061608553,0.5418739747256041,0.08,0.35,0.05,0.45,1.2,20.510264948569237,865656.090699389,865656.094935964
1425,eye0,pmrnet,loop,17.303200089372694,0.02,0.5294460570439696,6.442149984650314,0.5179829895496368,0.08,0.35,0.05,0.45,1.2,26.942779120616613,865656.098694199,865656.106184182
1373,eye1,pmrnet,loop,21.272226003929973,0.02,0.5237050354480743,8.596064988523722,0.42976695112884045,0.08,0.35,0.05,0.45,1.2,32.97176297903061,865655.723212324,865655.732762281
1374,eye1,pmrnet,loop,17.861295025795698,0.02,0.42605504859238863,3.7447880022227764,0.3488599322736263,0.08,0.35,0.05,0.45,1.2,24.530998008884488,865655.732900683,865655.737420718
1375,eye1,pmrnet,loop,14.72227496560663,0.02,0.31274696812033653,3.900730051100254,0.5774189485237002,0.08,0.35,0.05,0.45,1.2,21.66317093335092,865655.737559769,865655.742350944
1376,eye1,pmrnet,loop,22.214270080439746,0.02,0.3583009820431471,9.593449998646975,0.3981699701398611,0.08,0.35,0.05,0.45,1.2,34.71419103126973,865655.747560425,865655.757910723
1377,eye1,pmrnet,loop,25.610024924390018,0.02,0.5710009718313813,9.985881042666733,0.680426019243896,0.08,0.35,0.05,0.45,1.2,38.99733295813203,865655.7581385,865655.769376391
1378,eye1,pmrnet,loop,28.620673925615847,0.02,0.5144210299476981,8.392466930672526,0.33455691300332546,0.08,0.35,0.05,0.45,1.2,40.012118799239396,865655.77121477,865655.780456628
1380,eye1,pmrnet,loop,17.84378499723971,0.02,0.34683593548834324,4.064883105456829,0.8277059532701969,0.08,0.35,0.05,0.45,1.2,25.233209991455077,865655.780577606,865655.785817369
1381,eye1,pmrnet,loop,17.187911900691688,0.02,0.32432295847684145,3.8119590608403087,1.565873040817678,0.08,0.35,0.05,0.45,1.2,25.040066960826515,865655.787527375,865655.793229831
1382,eye1,pmrnet,loop,16.784050967544317,0.02,0.4224049625918269,3.564839018508792,1.3604369014501572,0.08,0.35,0.05,0.45,1.2,24.281731850095092,865655.795547877,865655.800895804
1383,eye1,pmrnet,loop,15.651538036763668,0.02,0.3810729831457138,3.4890930401161313,0.4164649872109294,0.08,0.35,0.05,0.45,1.2,22.08816904723644,865655.803545572,865655.807832462
1384,eye1,pmrnet,loop,16.66295505128801,0.02,0.3789520123973489,3.5149719333276153,1.4609049540013075,0.08,0.35,0.05,0.45,1.2,24.16778395101428,865655.811557962,865655.816913046
1385,eye1,pmrnet,loop,21.800807095132768,0.02,0.5201689200475812,9.617717005312443,0.4203760763630271,0.08,0.35,0.05,0.45,1.2,34.50906909685582,865655.819559935,865655.830118944
1386,eye1,pmrnet,loop,21.007073926739395,0.02,0.5002419929951429,5.900045041926205,0.6767440354451537,0.08,0.35,0.05,0.45,1.2,30.234104997105895,865655.830317113,865655.837394659
1387,eye1,pmrnet,loop,17.7727920236066,0.02,0.34741905983537436,3.3929409692063928,0.38197298999875784,0.08,0.35,0.05,0.45,1.2,24.045125042647122,865655.838107197,865655.842229781
1388,eye1,pmrnet,loop,14.759692014195025,0.02,0.35939295776188374,3.156167920678854,0.24886801838874817,0.08,0.35,0.05,0.45,1.2,20.67412091102451,865655.843520878,865655.847285551
1389,eye1,pmrnet,loop,15.89506701566279,0.02,0.41756301652640104,3.436616971157491,1.0649709729477763,0.08,0.35,0.05,0.45,1.2,22.964217976294456,865655.851570346,865655.856489799
1390,eye1,pmrnet,loop,18.75926391221583,0.02,0.5938000977039337,6.808646023273468,0.4241159185767174,0.08,0.35,0.05,0.45,1.2,28.735825951769947,865655.859596178,865655.867423132
1391,eye1,pmrnet,loop,16.4017389761284,0.02,0.33639196772128344,4.2589709628373384,0.9869160130620003,0.08,0.35,0.05,0.45,1.2,24.13401791974902,865655.867552051,865655.873134623
1392,eye1,pmrnet,loop,14.924461953341961,0.02,0.37191901355981827,3.392932005226612,0.41970203164964914,0.08,0.35,0.05,0.45,1.2,21.25901500377804,865655.875541668,865655.879726464
1393,eye1,pmrnet,loop,14.864542055875063,0.02,0.35254296381026506,3.418017062358558,0.38399803452193737,0.08,0.35,0.05,0.45,1.2,21.169100116565822,865655.883580772,865655.887735605
1394,eye1,pmrnet,loop,16.793539049103856,0.02,0.3936260472983122,4.9830160569399595,0.7590600289404392,0.08,0.35,0.05,0.45,1.2,25.079241182282566,865655.891597273,865655.897733256
1395,eye1,pmrnet,loop,20.937601919285953,0.02,0.5112739745527506,9.199181105941534,0.6260130321606994,0.08,0.35,0.05,0.45,1.2,33.42407003194094,865655.89961062,865655.909947455
1396,eye1,pmrnet,loop,16.871631960384548,0.02,0.36059203557670116,3.2791930716484785,0.2334269229322672,0.08,0.35,0.05,0.45,1.2,22.894843990541993,865655.910077073,865655.913950612
1397,eye1,pmrnet,loop,14.480306999757886,0.02,0.3660420188680291,3.272947040386498,0.4407159285619855,0.08,0.35,0.05,0.45,1.2,20.710011987574397,865655.915548189,865655.919628172
1398,eye1,pmrnet,loop,21.02188498247415,0.02,0.601920997723937,9.597965981811285,0.4670009948313236,0.08,0.35,0.05,0.45,1.2,33.83877295684069,865655.92357059,865655.934237951
1399,eye1,pmrnet,loop,20.02165501471609,0.02,0.4969510482624173,5.591957014985383,0.7740800501778722,0.08,0.35,0.05,0.45,1.2,29.03464312814176,865655.934443673,865655.941307218
1400,eye1,pmrnet,loop,19.345167907886207,0.02,0.47080591320991516,5.397545988671482,0.3630340797826648,0.08,0.35,0.05,0.45,1.2,27.726553889550267,865655.94246834,865655.948700121
1401,eye1,pmrnet,loop,16.290592029690742,0.02,0.3048270009458065,3.43048304785043,0.44969492591917515,0.08,0.35,0.05,0.45,1.2,22.625597004406153,865655.949528968,865655.953714308
1402,eye1,pmrnet,loop,20.861536031588912,0.02,0.5322679644450545,9.835380944423378,0.36280497442930937,0.08,0.35,0.05,0.45,1.2,33.74198991488665,865655.95562321,865655.966354201
1403,eye1,pmrnet,loop,18.572478089481592,0.02,0.4022270441055298,3.3463810104876757,1.3084369711577892,0.08,0.35,0.05,0.45,1.2,25.779523115232585,865655.967077104,865655.972134481
1404,eye1,pmrnet,loop,16.564878984354436,0.02,0.36399392411112785,4.503080970607698,1.0751179652288556,0.08,0.35,0.05,0.45,1.2,24.657071844302116,865655.972252984,865655.97819547
1405,eye1,pmrnet,loop,14.408726012334228,0.02,0.3788979956880212,3.7921499460935593,0.3378540277481079,0.08,0.35,0.05,0.45,1.2,21.067627981863914,865655.979599722,865655.984108891
1406,eye1,pmrnet,loop,15.874734963290393,0.02,2.199686015956104,3.4232130274176598,0.44170895125716925,0.08,0.35,0.05,0.45,1.2,24.089342957921325,865655.987578513,865655.993643397
1407,eye1,pmrnet,loop,16.78497903048992,0.02,0.4006469389423728,6.253700004890561,0.3863549791276455,0.08,0.35,0.05,0.45,1.2,25.9756809534505,865655.995581753,865656.002622835
1408,eye1,pmrnet,loop,14.328157063573599,0.02,0.3366009332239628,3.566427039913833,0.7775890408083797,0.08,0.35,0.05,0.45,1.2,21.158774077519773,865656.003554259,865656.008235199
1409,eye1,pmrnet,loop,20.801955950446427,0.02,0.49942394252866507,9.52961202710867,1.1934359790757298,0.08,0.35,0.05,0.45,1.2,34.17442789915949,865656.011553637,865656.022776617
1410,eye1,pmrnet,loop,22.101984941400588,0.02,0.5477849626913667,6.6475250059738755,0.4352980758994818,0.08,0.35,0.05,0.45,1.2,31.88259298596531,865656.024515729,865656.032146853
1411,eye1,pmrnet,loop,20.718734012916684,0.02,0.377763994038105,4.215091001242399,1.9705910235643387,0.08,0.35,0.05,0.45,1.2,29.432180031761526,865656.032268604,865656.038832297
1412,eye1,pmrnet,loop,16.56261400785297,0.02,0.38698106072843075,3.1973939621821046,0.19758997950702906,0.08,0.35,0.05,0.45,1.2,22.494579010270535,865656.038963244,865656.042745547
1413,eye1,pmrnet,loop,13.588991947472095,0.02,0.33675506711006165,3.3738950733095407,0.5110380006954074,0.08,0.35,0.05,0.45,1.2,19.960680088587104,865656.043619169,865656.047841103
1414,eye1,pmrnet,loop,13.361181947402656,0.02,0.4874760052189231,3.35142994299531,0.2361650113016367,0.08,0.35,0.05,0.45,1.2,19.586252906918524,865656.051606677,865656.055682069
1415,eye1,pmrnet,loop,13.906075968407094,0.02,0.38630992639809847,3.8388149114325643,0.4723559832200408,0.08,0.35,0.05,0.45,1.2,20.753556789457797,865656.059598124,865656.064295885
1416,eye1,pmrnet,loop,20.19580698106438,0.02,0.4915940808132291,10.058060055598617,0.52113295532763,0.08,0.35,0.05,0.45,1.2,33.41659407280386,865656.067582327,865656.078653608
1417,eye1,pmrnet,loop,23.371284012682736,0.02,1.206283108331263,9.377058013342321,0.4560500383377075,0.08,0.35,0.05,0.45,1.2,36.560675172694026,865656.078858762,865656.089898676
1418,eye1,pmrnet,loop,27.265354990959167,0.02,0.5483010318130255,9.701768052764237,0.621116952970624,0.08,0.35,0.05,0.45,1.2,40.28654102850705,865656.090989665,865656.10186144
1420,eye1,pmrnet,loop,21.54912706464529,0.02,0.4978430224582553,9.23303293529898,0.4807329969480634,0.08,0.35,0.05,0.45,1.2,33.91073601935059,865656.102071624,865656.11228373
1422,eye1,pmrnet,loop,18.050446989946067,0.02,1.9847500370815396,6.189377047121525,0.519493012689054,0.08,0.35,0.05,0.45,1.2,28.894067086838184,865656.116229007,865656.124923107
1423,eye1,pmrnet,loop,14.75456403568387,0.02,0.38073596078902483,3.2553999917581677,0.9997800225391984,0.08,0.35,0.05,0.45,1.2,21.54048001077026,865656.12506016,865656.129696397
1424,eye1,pmrnet,loop,19.737427006475627,0.02,0.49276393838226795,9.163026930764318,1.4805910177528858,0.08,0.35,0.05,0.45,1.2,33.0238088933751,865656.131611237,865656.142748022
1425,eye1,pmrnet,loop,22.02958008274436,0.02,0.35715289413928986,9.358759969472885,0.4944170359522104,0.08,0.35,0.05,0.45,1.2,34.389909982308744,865656.142898035,865656.153108716
1426,eye0,pmrnet,loop,13.732029940001667,0.02,0.3188750706613064,3.229340072721243,0.4208380123600364,0.08,0.35,0.05,0.45,1.2,19.85108309574425,865656.106712806,865656.110682089
1427,eye0,pmrnet,loop,14.106470975093544,0.02,0.364609993994236,3.603614983148873,0.5024390993639827,0.08,0.35,0.05,0.45,1.2,20.727135051600634,865656.114655442,865656.119126326
1428,eye0,pmrnet,loop,17.638914985582232,0.02,0.599368941038847,7.153581012971699,0.22713409271091223,0.08,0.35,0.05,0.45,1.2,27.76899903230369,865656.122747108,865656.130727631
1429,eye0,pmrnet,loop,13.868976035155356,0.02,0.3156360471621156,3.2609020126983523,0.592648983001709,0.08,0.35,0.05,0.45,1.2,20.18816307801753,865656.130857231,865656.135026793
1430,eye0,pmrnet,loop,13.65777407772839,0.02,0.35594706423580647,3.3701680367812514,0.4502480151131749,0.08,0.35,0.05,0.45,1.2,19.984137193858622,865656.138707925,865656.142884532
1431,eye0,pmrnet,loop,21.634124917909503,0.02,0.4929499700665474,9.804486995562911,1.9062530482187867,0.08,0.35,0.05,0.45,1.2,35.98781493175775,865656.146724547,865656.158928753
1432,eye0,pmrnet,loop,22.260113968513906,0.02,0.5052119959145784,6.930244970135391,1.0471530258655548,0.08,0.35,0.05,0.45,1.2,32.89272396042943,865656.159141993,865656.16762504
1433,eye0,pmrnet,loop,26.674409047700465,0.02,0.7941470248624682,9.73048503510654,0.39492303039878607,0.08,0.35,0.05,0.45,1.2,39.74396413806826,865656.169186999,865656.18010715
1435,eye0,pmrnet,loop,21.42057497985661,0.02,0.5201799795031548,9.560351027175784,0.6050521042197943,0.08,0.35,0.05,0.45,1.2,34.25615809075534,865656.180305651,865656.190991827
1436,eye0,pmrnet,loop,26.522593921981752,0.02,1.8165339715778828,9.666727972216904,0.37508190143853426,0.08,0.35,0.05,0.45,1.2,40.53093776721507,865656.192303217,865656.204162148
1438,eye0,pmrnet,loop,20.67281201016158,0.02,0.48386293929070234,9.241883992217481,0.3608320839703083,0.08,0.35,0.05,0.45,1.2,32.90939102564007,865656.204364329,865656.214451482
1439,eye0,pmrnet,loop,26.42371505498886,0.02,0.5143630551174283,9.959766990505159,0.398796983063221,0.08,0.35,0.05,0.45,1.2,39.44664208367467,865656.217397642,865656.228271208
1441,eye0,pmrnet,loop,14.90616099908948,0.02,0.6142179481685162,3.4141259966418147,0.4595699720084667,0.08,0.35,0.05,0.45,1.2,21.544074915908276,865656.228403965,865656.232892166
1442,eye0,pmrnet,loop,18.572311964817345,0.02,0.5019980017095804,8.97866697050631,0.41097402572631836,0.08,0.35,0.05,0.45,1.2,30.613950962759553,865656.234734245,865656.244626407
1443,eye0,pmrnet,loop,21.294045029208064,0.02,0.8003909606486559,9.435889078304172,0.35455101169645786,0.08,0.35,0.05,0.45,1.2,34.03487607985735,865656.24482617,865656.255417534
1444,eye0,pmrnet,loop,22.022184915840626,0.02,0.5724970251321793,5.182155990041792,0.46110094990581274,0.08,0.35,0.05,0.45,1.2,30.38793888092041,865656.257998605,865656.264214971
1445,eye0,pmrnet,loop,18.15512392204255,0.02,0.3322979900985956,3.349174978211522,0.39744097739458084,0.08,0.35,0.05,0.45,1.2,24.384037867747246,865656.264338103,865656.268417245
1446,eye0,pmrnet,loop,14.557488961145282,0.02,0.3422879381105304,3.3926109317690134,0.6222670199349523,0.08,0.35,0.05,0.45,1.2,21.064654850959776,865656.268531261,865656.272888668
1447,eye0,pmrnet,loop,12.312898063100874,0.02,0.31222705729305744,3.2889690482988954,0.43784594163298607,0.08,0.35,0.05,0.45,1.2,18.501940110325812,865656.274673795,865656.27871306
1448,eye0,pmrnet,loop,12.06078811082989,0.02,0.33877091482281685,3.3010520273819566,0.2199220471084118,0.08,0.35,0.05,0.45,1.2,18.070533100143074,865656.282669857,865656.28652986
1449,eye0,pmrnet,loop,12.303009978495538,0.02,0.3670819569379091,3.395234001800418,0.3969300305470824,0.08,0.35,0.05,0.45,1.2,18.612255967780946,865656.290681643,865656.294841188
1450,eye0,pmrnet,loop,17.11212599184364,0.02,0.542924040928483,7.967374054715037,0.4854300059378147,0.08,0.35,0.05,0.45,1.2,28.257854093424974,865656.298722721,865656.307718854
1451,eye0,pmrnet,loop,14.265786041505635,0.02,0.35425100941210985,3.93016601447016,0.7831329712644219,0.08,0.35,0.05,0.45,1.2,21.483336036652325,865656.307873921,865656.312941743
1452,eye0,pmrnet,loop,23.31085701007396,0.02,0.5361669464036822,10.29397000093013,0.5047420272603631,0.08,0.35,0.05,0.45,1.2,36.795735984668134,865656.318719308,865656.330054749
1453,eye0,pmrnet,loop,27.850489947013557,0.02,0.5537039833143353,10.267114965245128,0.5723009817302227,0.08,0.35,0.05,0.45,1.2,41.39360987730324,865656.331269692,865656.342663383
1455,eye0,pmrnet,loop,21.312983008101583,0.02,0.5819409852847457,8.360640960745513,0.4473340231925249,0.08,0.35,0.05,0.45,1.2,32.852898977324365,865656.342874642,865656.352265
1456,eye0,pmrnet,loop,25.919961044564843,0.02,0.3602019278332591,10.168655076995492,0.6054670084267855,0.08,0.35,0.05,0.45,1.2,39.20428505782038,865656.353804689,865656.364939405
1457,eye0,pmrnet,loop,22.682903101667762,0.02,0.5785879911854863,3.510876093059778,0.45454001519829035,0.08,0.35,0.05,0.45,1.2,29.376907201111315,865656.365228476,865656.369772922
1458,eye0,pmrnet,loop,27.08960499148816,0.02,0.47286192420870066,10.080329957418144,0.9485860355198383,0.08,0.35,0.05,0.45,1.2,40.74138290863484,865656.370745472,865656.382247825
1459,eye0,pmrnet,loop,30.1486540120095,0.02,0.6205469835549593,9.595446987077594,0.7208529859781265,0.08,0.35,0.05,0.45,1.2,43.23550096862018,865656.382438462,865656.393375857
1461,eye0,pmrnet,loop,26.089408085681498,0.02,0.4908100236207247,9.97268594801426,0.6272849859669805,0.08,0.35,0.05,0.45,1.2,39.33018904328346,865656.394363309,865656.405454636
1462,eye0,pmrnet,loop,28.889559907838702,0.02,0.4975909832865,9.672189014963806,0.5030289757996798,0.08,0.35,0.05,0.45,1.2,41.712368881888686,865656.405650745,865656.416324027
1464,eye0,pmrnet,loop,21.66019205469638,0.02,0.510444981046021,5.624879035167396,0.47854194417595863,0.08,0.35,0.05,0.45,1.2,30.424058015085755,865656.418618529,865656.425232918
1465,eye0,pmrnet,loop,18.68457207456231,0.02,0.3346820594742894,3.9476979291066527,0.6722499383613467,0.08,0.35,0.05,0.45,1.2,25.7892020015046,865656.425371724,865656.430326592
1466,eye0,pmrnet,loop,14.974856050685048,0.02,0.33076200634241104,3.2850420102477074,0.3690130542963743,0.08,0.35,0.05,0.45,1.2,21.10967312157154,865656.430700731,865656.434685857
1467,eye0,pmrnet,loop,21.7558000003919,0.02,0.49092399422079325,9.869329980574548,0.39657100569456816,0.08,0.35,0.05,0.45,1.2,34.66262498088181,865656.438778844,865656.449536196
1468,eye0,pmrnet,loop,20.066068973392248,0.02,2.470641047693789,3.3009740291163325,0.4079189384356141,0.08,0.35,0.05,0.45,1.2,28.395602988637982,865656.449736192,865656.455916139
1469,eye0,pmrnet,loop,16.895505017600954,0.02,0.34390506334602833,3.3829340245574713,0.3681710222736001,0.08,0.35,0.05,0.45,1.2,23.140515127778052,865656.456718906,865656.460814162
1470,eye0,pmrnet,loop,14.883900992572308,0.02,0.351303955540061,3.39623203035444,0.3928110236302018,0.08,0.35,0.05,0.45,1.2,21.17424800209701,865656.462731403,865656.466872025
1471,eye0,pmrnet,loop,15.430465922690928,0.02,0.3553139977157116,3.4377500414848328,0.9689109865576029,0.08,0.35,0.05,0.45,1.2,22.342440948449074,865656.470725288,865656.475487508
1472,eye0,pmrnet,loop,19.624465028755367,0.02,0.518777989782393,7.966305012814701,0.5516119999811053,0.08,0.35,0.05,0.45,1.2,30.811160031333564,865656.478713364,865656.487750487
1473,eye0,pmrnet,loop,15.82176296506077,0.02,0.3421040019020438,3.3805379644036293,0.4203059943392873,0.08,0.35,0.05,0.45,1.2,22.11471092570573,865656.487873527,865656.492016734
1474,eye0,pmrnet,loop,15.459398040547967,0.02,1.174149103462696,3.323285956867039,0.4482610384002328,0.08,0.35,0.05,0.45,1.2,22.555094139277934,865656.494777215,865656.499723191
1475,eye0,pmrnet,loop,16.561060096137226,0.02,0.5228240042924881,4.73285501357168,0.890490016900003,0.08,0.35,0.05,0.45,1.2,24.857229130901395,865656.502747467,865656.508894108
1476,eye0,pmrnet,loop,14.465235988609493,0.02,0.35293400287628174,3.3584178891032934,0.4144099075347185,0.08,0.35,0.05,0.45,1.2,20.740997788123785,865656.510741288,865656.514867298
1477,eye0,pmrnet,loop,15.532552963122725,0.02,0.32371003180742264,4.2770589934661984,0.6780630210414529,0.08,0.35,0.05,0.45,1.2,22.961385009437798,865656.518724403,865656.524003463
1478,eye0,pmrnet,loop,20.79642203170806,0.02,0.5285250954329967,9.623038000427186,0.4869019612669945,0.08,0.35,0.05,0.45,1.2,33.584887088835245,865656.526697202,865656.537336094
1479,eye0,pmrnet,loop,21.620699088089168,0.02,0.7686020107939839,7.504114066250622,0.4532119492068887,0.08,0.35,0.05,0.45,1.2,32.49662711434066,865656.537503002,865656.546229402
1480,eye0,pmrnet,loop,18.2401459896937,0.02,0.3371930215507746,3.269701963290572,0.3420430002734065,0.08,0.35,0.05,0.45,1.2,24.339083974808453,865656.54696886,865656.55091803
1481,eye0,pmrnet,loop,14.410868985578418,0.02,0.3369830083101988,3.3543159952387214,0.42878102976828814,0.08,0.35,0.05,0.45,1.2,20.680949018895625,865656.55103757,865656.555157911
1427,eye1,pmrnet,loop,15.587485977448523,0.02,0.5559459095820785,5.686448072083294,0.9749210439622402,0.08,0.35,0.05,0.45,1.2,24.954801003076135,865656.155586489,865656.16280452
1428,eye1,pmrnet,loop,12.402632040902972,0.02,0.4895740421488881,3.290531923994422,0.33820990938693285,0.08,0.35,0.05,0.45,1.2,18.670947916433214,865656.163570828,865656.167689513
1429,eye1,pmrnet,loop,12.511900975368917,0.02,0.3297349903732538,3.573970985598862,0.3899449948221445,0.08,0.35,0.05,0.45,1.2,18.955551946163176,865656.171574042,865656.175867929
1430,eye1,pmrnet,loop,19.722354016266763,0.02,0.5346400430426002,10.363269946537912,0.6579740438610315,0.08,0.35,0.05,0.45,1.2,33.42823804970831,865656.17959052,865656.191146973
1431,eye1,pmrnet,loop,16.205098945647478,0.02,0.39247190579771996,3.3622300252318382,0.6287400610744953,0.08,0.35,0.05,0.45,1.2,22.73854093775153,865656.191315055,865656.195698781
1432,eye1,pmrnet,loop,14.73144197370857,0.02,0.37168303970247507,4.182721022516489,0.4009309923276305,0.08,0.35,0.05,0.45,1.2,21.836777028255163,865656.197338742,865656.202294339
1433,eye1,pmrnet,loop,12.756007025018334,0.02,0.34419901203364134,3.9611220126971602,0.5194800905883312,0.08,0.35,0.05,0.45,1.2,19.730808140337466,865656.203562713,865656.208387793
1434,eye1,pmrnet,loop,16.57246402464807,0.02,0.5107410252094269,3.4994600573554635,0.7146589923650026,0.08,0.35,0.05,0.45,1.2,23.447324099577962,865656.215547953,865656.220273054
1435,eye1,pmrnet,loop,16.376015031710267,0.02,0.3384340088814497,3.533888957463205,0.7196778897196054,0.08,0.35,0.05,0.45,1.2,23.118015887774526,865656.223554701,865656.228147046
1436,eye1,pmrnet,loop,22.510158945806324,0.02,0.48758694902062416,9.743046015501022,0.5288200918585062,0.08,0.35,0.05,0.45,1.2,35.419612002186476,865656.231589222,865656.242349197
1437,eye1,pmrnet,loop,25.875517982058227,0.02,0.3832790534943342,9.066664963029325,0.49264903645962477,0.08,0.35,0.05,0.45,1.2,37.96811103504151,865656.243841116,865656.253784091
1438,eye1,pmrnet,loop,25.995317962951958,0.02,2.4949279613792896,4.750340944156051,0.7317719282582402,0.08,0.35,0.05,0.45,1.2,36.12235879674554,865656.253994931,865656.261972326
1439,eye1,pmrnet,loop,29.344961047172546,0.02,0.5200009327381849,9.52959805727005,0.4683039151132107,0.08,0.35,0.05,0.45,1.2,42.01286395229399,865656.262872998,865656.273391433
1441,eye1,pmrnet,loop,24.590156972408295,0.02,0.46140304766595364,9.455214021727443,1.2936610728502274,0.08,0.35,0.05,0.45,1.2,37.95043511465192,865656.273563739,865656.284774551
1442,eye1,pmrnet,loop,27.949813986197114,0.02,0.5103889852762222,9.495652979239821,0.39172801189124584,0.08,0.35,0.05,0.45,1.2,40.4975839626044,865656.285804476,865656.296202995
1444,eye1,pmrnet,loop,23.28527404461056,0.02,0.535444007255137,9.675464010797441,1.0639190440997481,0.08,0.35,0.05,0.45,1.2,36.710101106762885,865656.296400044,865656.307675673
1445,eye1,pmrnet,loop,27.863429975695908,0.02,1.4151919167488813,9.572859038598835,0.5590589717030525,0.08,0.35,0.05,0.45,1.2,41.560539902746676,865656.308775763,865656.320323611
1447,eye1,pmrnet,loop,22.4822040181607,0.02,0.48668193630874157,9.720767964608967,0.34890801180154085,0.08,0.35,0.05,0.45,1.2,35.18856193087995,865656.320523356,865656.331080253
1448,eye1,pmrnet,loop,26.03964798618108,0.02,0.6267339922487736,9.52199602033943,0.48675795551389456,0.08,0.35,0.05,0.45,1.2,38.825135954283176,865656.33207045,865656.34270643
1449,eye1,pmrnet,loop,28.582872939296067,0.02,0.5683999042958021,9.448832948692143,0.3964639035984874,0.08,0.35,0.05,0.45,1.2,41.1465696958825,865656.342904696,865656.353319087
1451,eye1,pmrnet,loop,24.39048304222524,0.02,0.5686279619112611,9.82074299827218,0.4311429802328348,0.08,0.35,0.05,0.45,1.2,37.36099698264152,865656.354442834,865656.36526386
1452,eye1,pmrnet,loop,26.83302597142756,0.02,0.5240470636636019,9.288921020925045,0.45310903806239367,0.08,0.35,0.05,0.45,1.2,39.2491030940786,865656.365509887,865656.375776555
1454,eye1,pmrnet,loop,25.49942396581173,0.02,0.5098870024085045,10.078081046231091,0.6798150716349483,0.08,0.35,0.05,0.45,1.2,38.91720708608627,865656.379312429,865656.390580861
1455,eye1,pmrnet,loop,28.45269499812275,0.02,0.6765389116480947,9.665073943324387,0.4852350102737546,0.08,0.35,0.05,0.45,1.2,41.42954286336899,865656.390775434,865656.401602823
1457,eye1,pmrnet,loop,24.140649009495974,0.02,0.5433120531961322,9.518465958535671,0.45415491331368685,0.08,0.35,0.05,0.45,1.2,36.80658193454146,865656.402912801,865656.413429356
1458,eye1,pmrnet,loop,28.032440925017,0.02,0.6673639873042703,10.559748974628747,0.5600600270554423,0.08,0.35,0.05,0.45,1.2,41.96961391400546,865656.413601272,865656.425388943
1460,eye1,pmrnet,loop,23.490075953304768,0.02,0.5017719231545925,9.420417016372085,0.37989707197993994,0.08,0.35,0.05,0.45,1.2,35.94216196481138,865656.426682817,865656.436985519
1461,eye1,pmrnet,loop,26.1624000268057,0.02,0.4781930474564433,9.600435034371912,0.4731490043923259,0.08,0.35,0.05,0.45,1.2,38.86417711302638,865656.437174319,865656.447726574
1463,eye1,pmrnet,loop,22.746917908079922,0.02,0.5235150456428528,10.030386038124561,0.8683479391038418,0.08,0.35,0.05,0.45,1.2,36.31916693095118,865656.449025828,865656.460448563
1464,eye1,pmrnet,loop,25.27553995605558,0.02,0.5470199976116419,9.440966066904366,0.3632879815995693,0.08,0.35,0.05,0.45,1.2,37.77681400217116,865656.460695364,865656.471047141
1466,eye1,pmrnet,loop,21.344020031392574,0.02,0.4702069563791156,10.196481947787106,0.4756560083478689,0.08,0.35,0.05,0.45,1.2,34.63636494390666,865656.472110301,865656.483253195
1467,eye1,pmrnet,loop,23.893538978882134,0.02,0.7324910257011652,9.337352006696165,0.34928100649267435,0.08,0.35,0.05,0.45,1.2,36.46266301777214,865656.483452415,865656.493871998
1468,eye1,pmrnet,loop,27.48524397611618,0.02,0.6180719938129187,9.484504000283778,0.5361910443753004,0.08,0.35,0.05,0.45,1.2,40.274011014588176,865656.494892847,865656.50553215
1470,eye1,pmrnet,loop,21.580333006568253,0.02,0.49026100896298885,9.188643074594438,0.3538769669830799,0.08,0.35,0.05,0.45,1.2,33.76311405710876,865656.505732643,865656.515766016
1471,eye1,pmrnet,loop,24.71684606280178,0.02,0.4817829467356205,9.392690961249173,0.38972601760178804,0.08,0.35,0.05,0.45,1.2,37.13104598838836,865656.516706045,865656.526970736
1472,eye1,pmrnet,loop,27.071535005234182,0.02,0.49392401706427336,9.258464095182717,0.4561078967526555,0.08,0.35,0.05,0.45,1.2,39.430031014233826,865656.527186168,865656.537395104
1474,eye1,pmrnet,loop,24.521406972780824,0.02,0.5266430089250207,9.420229005627334,0.774507992900908,0.08,0.35,0.05,0.45,1.2,37.392786980234085,865656.540260723,865656.55098274
1475,eye1,pmrnet,loop,27.231571031734347,0.02,0.4737069830298424,9.532430092804134,0.5815520416945219,0.08,0.35,0.05,0.45,1.2,39.969260149262844,865656.551173257,865656.561761687
1477,eye1,pmrnet,loop,21.834927960298955,0.02,0.7171700708568096,7.191521930508316,0.8310079574584961,0.08,0.35,0.05,0.45,1.2,32.724627919122575,865656.563764839,865656.572504945
1478,eye1,pmrnet,loop,18.39024294167757,0.02,0.3287269501015544,3.528160974383354,0.6390430498868227,0.08,0.35,0.05,0.45,1.2,25.0361739160493,865656.572632779,865656.577128937
1479,eye1,pmrnet,loop,20.291563007049263,0.02,0.3086850047111511,9.033285081386566,0.4990330198779702,0.08,0.35,0.05,0.45,1.2,32.28256611302495,865656.577255954,865656.587097405
1480,eye1,pmrnet,loop,24.513847078196704,0.02,0.5897659575566649,9.897802025079727,0.40498794987797737,0.08,0.35,0.05,0.45,1.2,37.55640301071107,865656.588496946,865656.599390031
1482,eye1,pmrnet,loop,17.022648942656815,0.02,0.5474890349432826,6.974813994020224,0.8962620049715042,0.08,0.35,0.05,0.45,1.2,27.591213976591824,865656.599617778,865656.608036772
1483,eye1,pmrnet,loop,18.335207947529852,0.02,2.2004779893904924,5.569558939896524,0.731196952983737,0.08,0.35,0.05,0.45,1.2,28.986441829800604,865656.608917301,865656.617418828
1484,eye1,pmrnet,loop,20.981039036996663,0.02,0.47572702169418335,9.656621026806533,0.4061070503666997,0.08,0.35,0.05,0.45,1.2,33.669494135864085,865656.617593816,865656.628132727
1485,eye1,pmrnet,loop,22.892622044309974,0.02,0.5410939920693636,8.075523073785007,0.21774193737655878,0.08,0.35,0.05,0.45,1.2,33.8769810475409,865656.629279662,865656.638114602
1486,eye1,pmrnet,loop,19.4052429869771,0.02,0.35394798032939434,3.585651982575655,0.540002016350627,0.08,0.35,0.05,0.45,1.2,26.034844966232775,865656.638216302,865656.642696175
1487,eye1,pmrnet,loop,15.850035939365625,0.02,0.3700079396367073,3.3503819722682238,0.6744550773873925,0.08,0.35,0.05,0.45,1.2,22.394880928657948,865656.642814936,865656.647210067
1488,eye1,pmrnet,loop,19.24833096563816,0.02,0.4943539388477802,9.449667995795608,0.4932619631290436,0.08,0.35,0.05,0.45,1.2,31.83561486341059,865656.648238956,865656.658676764
1489,eye1,pmrnet,loop,18.943358096294105,0.02,0.6526050856336951,6.453686044551432,0.46905502676963806,0.08,0.35,0.05,0.45,1.2,28.66870425324887,865656.658865073,865656.666440794
1482,eye0,pmrnet,loop,14.12562804762274,0.02,0.36351499147713184,3.359492984600365,0.523568014614284,0.08,0.35,0.05,0.45,1.2,20.52220403831452,865656.558694374,865656.562941311
1483,eye0,pmrnet,loop,16.178893041796982,0.02,0.5188320064917207,5.542194005101919,0.2912019845098257,0.08,0.35,0.05,0.45,1.2,24.681121037900446,865656.566710748,865656.573063373
1484,eye0,pmrnet,loop,21.1099210428074,0.02,0.4628850147128105,10.298011940903962,0.5545440362766385,0.08,0.35,0.05,0.45,1.2,34.57536203470081,865656.574746026,865656.586062012
1485,eye0,pmrnet,loop,26.25309699214995,0.02,0.627466943114996,10.11578703764826,0.552264042198658,0.08,0.35,0.05,0.45,1.2,39.69861501511186,865656.587979216,865656.599275338
1487,eye0,pmrnet,loop,19.024609006009996,0.02,0.5517100216820836,7.693312945775688,0.4655469674617052,0.08,0.35,0.05,0.45,1.2,29.88517894092947,865656.599474212,865656.60818528
1488,eye0,pmrnet,loop,17.343386076390743,0.02,0.34853408578783274,4.165590042248368,1.1420650407671928,0.08,0.35,0.05,0.45,1.2,25.149575245194136,865656.60891691,865656.614573322
1489,eye0,pmrnet,loop,13.55285500176251,0.02,0.3512209514155984,3.374541993252933,0.4159939708188176,0.08,0.35,0.05,0.45,1.2,19.844611917249857,865656.614709785,865656.618851825
1490,eye0,pmrnet,loop,13.796672923490405,0.02,0.3763199783861637,3.349954029545188,0.7405129726976156,0.08,0.35,0.05,0.45,1.2,20.41345990411937,865656.622697614,865656.627164698
1491,eye0,pmrnet,loop,13.426179997622967,0.02,0.34583103843033314,3.3697589533403516,0.4365140339359641,0.08,0.35,0.05,0.45,1.2,19.728284023329614,865656.630710965,865656.634863287
1492,eye0,pmrnet,loop,19.95186705607921,0.02,0.4922749940305948,9.714833926409483,0.5167360650375485,0.08,0.35,0.05,0.45,1.2,32.825712041556834,865656.638732575,865656.649456858
1493,eye0,pmrnet,loop,24.001615005545318,0.02,0.505025964230299,9.873613016679883,0.7068740669637918,0.08,0.35,0.05,0.45,1.2,37.23712805341929,865656.650489624,865656.661575746
1494,eye0,pmrnet,loop,23.99550995323807,0.02,0.5434249760583043,5.927780061028898,1.3834150740876794,0.08,0.35,0.05,0.45,1.2,34.00013006441295,865656.661784164,865656.669639221
1495,eye0,pmrnet,loop,20.81973198801279,0.02,0.33323594834655523,3.3062450820580125,0.3686801064759493,0.08,0.35,0.05,0.45,1.2,26.977893124893306,865656.670524445,865656.674532843
1496,eye0,pmrnet,loop,18.2400019839406,0.02,0.3312380285933614,4.460519994609058,0.5822979146614671,0.08,0.35,0.05,0.45,1.2,25.764057921804486,865656.674647808,865656.680022097
1497,eye0,pmrnet,loop,15.510173048824072,0.02,0.3048480721190572,3.520697937346995,1.2616689782589674,0.08,0.35,0.05,0.45,1.2,22.74738803654909,865656.680273539,865656.685360983
1498,eye0,pmrnet,loop,12.8613559063524,0.02,0.347874010913074,3.254170995205641,0.371738919056952,0.08,0.35,0.05,0.45,1.2,18.985139831528066,865656.68680726,865656.690781295
1499,eye0,pmrnet,loop,14.244823018088937,0.02,0.5207030335441232,4.581489018164575,0.40679494850337505,0.08,0.35,0.05,0.45,1.2,21.90381001830101,865656.694724642,865656.700234031
1500,eye0,pmrnet,loop,13.530844007618725,0.02,0.3530089743435383,3.6103620659559965,0.9043170139193535,0.08,0.35,0.05,0.45,1.2,20.548532061837612,865656.702720738,865656.707588656
1501,eye0,pmrnet,loop,12.523908982984722,0.02,0.3674470353871584,3.3581689931452274,0.22273894865065813,0.08,0.35,0.05,0.45,1.2,18.622263960167764,865656.710702071,865656.714650756
1502,eye0,pmrnet,loop,12.5248710392043,0.02,0.31503697391599417,3.2132030464708805,0.5112240323796868,0.08,0.35,0.05,0.45,1.2,18.71433509197086,865656.718681056,865656.722720764
1503,eye0,pmrnet,loop,12.872154940851033,0.02,0.38692494854331017,3.6423010751605034,0.41173200588673353,0.08,0.35,0.05,0.45,1.2,19.46311297044158,865656.726695484,865656.731136905
1504,eye0,pmrnet,loop,19.612682983279228,0.02,0.5107700126245618,9.765816968865693,0.9336959337815642,0.08,0.35,0.05,0.45,1.2,32.972965898551045,865656.734734795,865656.745945634
1505,eye0,pmrnet,loop,22.5211379583925,0.02,0.5059409886598587,9.556618984788656,0.7093478925526142,0.08,0.35,0.05,0.45,1.2,35.44304582439363,865656.74615129,865656.756923709
1506,eye0,pmrnet,loop,26.41189598944038,0.02,0.5316019523888826,9.732186910696328,0.4493320593610406,0.08,0.35,0.05,0.45,1.2,39.27501691188663,865656.75816989,865656.768883435
1508,eye0,pmrnet,loop,17.260208958759904,0.02,0.4153340123593807,5.9325359761714935,0.48863794654607773,0.08,0.35,0.05,0.45,1.2,26.246716893836854,865656.769033174,865656.775870351
1509,eye0,pmrnet,loop,20.856142044067383,0.02,0.4964499967172742,9.694795939140022,0.37957506719976664,0.08,0.35,0.05,0.45,1.2,33.57696304712445,865656.776964583,865656.787535854
1510,eye0,pmrnet,loop,17.601142986677587,0.02,0.9274090407416224,3.415897022932768,0.3437489503994584,0.08,0.35,0.05,0.45,1.2,24.438198000751434,865656.787662768,865656.792350083
1511,eye0,pmrnet,loop,15.961133991368115,0.02,0.3831899957731366,3.2373530557379127,0.3905240446329117,0.08,0.35,0.05,0.45,1.2,22.122201087512074,865656.794767909,865656.798779218
1512,eye0,pmrnet,loop,23.645218927413225,0.02,0.5421469686552882,10.563083924353123,0.6443110760301352,0.08,0.35,0.05,0.45,1.2,37.54476089645177,865656.80278101,865656.814531291
1513,eye0,pmrnet,loop,25.89051495306194,0.02,0.4757989663630724,9.222068008966744,0.4225509474053979,0.08,0.35,0.05,0.45,1.2,38.16093287579715,865656.814724204,865656.824845196
1515,eye0,pmrnet,loop,23.798078065738082,0.02,0.6155540468171239,9.950231993570924,0.5971789360046387,0.08,0.35,0.05,0.45,1.2,37.11104304213077,865656.827727491,865656.838891162
1516,eye0,pmrnet,loop,26.532922056503594,0.02,0.49863301683217287,9.689487982541323,0.40975899901241064,0.08,0.35,0.05,0.45,1.2,39.2808020548895,865656.839095632,865656.849694239
1518,eye0,pmrnet,loop,24.17731995228678,0.02,0.6287529831752181,10.36287599708885,0.846027978695929,0.08,0.35,0.05,0.45,1.2,38.164976911246775,865656.851639285,865656.863477523
1519,eye0,pmrnet,loop,23.10905302874744,0.02,1.8395469523966312,4.279170068912208,0.71330601349473,0.08,0.35,0.05,0.45,1.2,32.09107606355101,865656.863645985,865656.870478466
1520,eye0,pmrnet,loop,26.265613036230206,0.02,0.343914027325809,9.490648051723838,0.4726089537143707,0.08,0.35,0.05,0.45,1.2,38.72278406899422,865656.871396228,865656.881703808
1521,eye0,pmrnet,loop,29.1598989861086,0.02,0.5072740605100989,9.782413020730019,0.47088798601180315,0.08,0.35,0.05,0.45,1.2,42.07047405336052,865656.88190547,865656.892666564
1523,eye0,pmrnet,loop,26.062068063765764,0.02,1.1894910130649805,9.707065997645259,0.4936920013278723,0.08,0.35,0.05,0.45,1.2,39.602317075803875,865656.894316454,865656.905707217
1524,eye0,pmrnet,loop,28.560822014696896,0.02,0.581410015001893,9.36963502317667,0.41346403304487467,0.08,0.35,0.05,0.45,1.2,41.07533108592033,865656.905910684,865656.916275799
1526,eye0,pmrnet,loop,25.625067995861173,0.02,0.6872019730508327,10.12018893379718,1.0056579485535622,0.08,0.35,0.05,0.45,1.2,39.58811685126275,865656.917663597,865656.929477187
1527,eye0,pmrnet,loop,29.035493964329362,0.02,0.5616729613393545,10.04103000741452,0.6576830055564642,0.08,0.35,0.05,0.45,1.2,42.4458799386397,865656.929695869,865656.940956809
1529,eye0,pmrnet,loop,22.605143021792173,0.02,0.5101429997012019,6.744278012774885,0.538590014912188,0.08,0.35,0.05,0.45,1.2,32.54815404918045,865656.942871301,865656.950664765
1530,eye0,pmrnet,loop,18.803288927301764,0.02,0.3638350171968341,3.3767750719562173,0.4028710536658764,0.08,0.35,0.05,0.45,1.2,25.09677007012069,865656.950788411,865656.954932098
1531,eye0,pmrnet,loop,15.059295925311744,0.02,0.35690097138285637,3.401216003112495,0.4405630752444267,0.08,0.35,0.05,0.45,1.2,21.40797597505152,865656.95505836,865656.959257288
1532,eye0,pmrnet,loop,15.772401005961001,0.02,0.3814640222117305,3.8749559316784143,1.049146056175232,0.08,0.35,0.05,0.45,1.2,23.227967016026376,865656.962733533,865656.968039326
1533,eye0,pmrnet,loop,16.122802975587547,0.02,0.39252894930541515,4.145690007135272,1.1756930034607649,0.08,0.35,0.05,0.45,1.2,23.986714935488997,865656.970744752,865656.976458954
1534,eye0,pmrnet,loop,21.535358973778784,0.02,0.4946109838783741,9.75634006317705,0.9576260345056653,0.08,0.35,0.05,0.45,1.2,34.89393605533987,865656.978730532,865656.989939618
1535,eye0,pmrnet,loop,24.139071931131184,0.02,0.5038210656493902,9.61056596133858,0.35663601011037827,0.08,0.35,0.05,0.45,1.2,36.76009496822953,865656.990141561,865657.000613181
1536,eye0,pmrnet,loop,22.417888045310974,0.02,1.3706219615414739,3.350634011439979,0.5246970104053617,0.08,0.35,0.05,0.45,1.2,29.813841028697787,865657.001714196,865657.006960384
1537,eye0,pmrnet,loop,21.74200303852558,0.02,0.34754001535475254,6.4722769893705845,0.43396803084760904,0.08,0.35,0.05,0.45,1.2,31.145788074098526,865657.007099836,865657.014353883
1538,eye0,pmrnet,loop,18.206126987934113,0.02,0.3631910076364875,3.8321350002661347,0.21883693989366293,0.08,0.35,0.05,0.45,1.2,24.770289935730396,865657.014472774,865657.018887203
1490,eye1,pmrnet,loop,17.304533976130188,0.02,0.3606289392337203,3.4520180197432637,1.4829320134595037,0.08,0.35,0.05,0.45,1.2,24.750112948566674,865656.667575488,865656.672871326
1491,eye1,pmrnet,loop,16.467003035359085,0.02,0.3587560495361686,3.811649978160858,0.3522449405863881,0.08,0.35,0.05,0.45,1.2,23.139654003642498,865656.675580015,865656.680102931
1492,eye1,pmrnet,loop,17.062844010069966,0.02,0.34182402305305004,3.6696639144793153,1.1674560373649001,0.08,0.35,0.05,0.45,1.2,24.39178798496723,865656.68358827,865656.688767455
1493,eye1,pmrnet,loop,22.332174004986882,0.02,0.5100660491734743,9.522333042696118,0.3994000144302845,0.08,0.35,0.05,0.45,1.2,34.91397311128676,865656.691672782,865656.702105074
1494,eye1,pmrnet,loop,25.195655063726008,0.02,1.9178070360794663,7.4072340503335,1.4065109426155686,0.08,0.35,0.05,0.45,1.2,38.07720709275454,865656.702306193,865656.713038167
1495,eye1,pmrnet,loop,28.659770963713527,0.02,0.4785120254382491,9.636453003622591,0.35456393379718065,0.08,0.35,0.05,0.45,1.2,41.27929992657155,865656.714100382,865656.72457048
1497,eye1,pmrnet,loop,23.48655799869448,0.02,0.5487740272656083,9.582658996805549,0.35654299426823854,0.08,0.35,0.05,0.45,1.2,36.124534017033874,865656.725047004,865656.73553551
1498,eye1,pmrnet,loop,27.208829065784812,0.02,0.49198803026229143,9.743359056301415,0.47242699656635523,0.08,0.35,0.05,0.45,1.2,40.06660314891487,865656.736618468,865656.747326984
1499,eye1,pmrnet,loop,29.155600001104176,0.02,0.6495919078588486,8.774371002800763,0.38705707993358374,0.08,0.35,0.05,0.45,1.2,41.11661999169737,865656.747531849,865656.75734329
1501,eye1,pmrnet,loop,24.734396021813154,0.02,0.535183004103601,9.851384907960892,0.4981870297342539,0.08,0.35,0.05,0.45,1.2,37.7691509636119,865656.758173783,865656.769059103
1502,eye1,pmrnet,loop,27.729609981179237,0.02,0.5358360940590501,9.77319001685828,0.5266399821266532,0.08,0.35,0.05,0.45,1.2,40.71527607422322,865656.769287752,865656.780123919
1504,eye1,pmrnet,loop,23.87784793972969,0.02,0.47849700786173344,10.101247928105295,0.7757130078971386,0.08,0.35,0.05,0.45,1.2,37.383305883593856,865656.781053587,865656.792409591
1505,eye1,pmrnet,loop,26.1245749425143,0.02,0.509737990796566,9.226978057995439,0.38316904101520777,0.08,0.35,0.05,0.45,1.2,38.39446003232151,865656.792605247,865656.802725645
1507,eye1,pmrnet,loop,17.561358050443232,0.02,1.4869819860905409,3.739760024473071,0.43157499749213457,0.08,0.35,0.05,0.45,1.2,25.369675058498977,865656.804642481,865656.810301195
1508,eye1,pmrnet,loop,15.119849937036633,0.02,0.42387202847748995,3.5164389992132783,0.40631601586937904,0.08,0.35,0.05,0.45,1.2,21.61647698059678,865656.81158159,865656.81592858
1509,eye1,pmrnet,loop,15.17991698347032,0.02,0.34332298673689365,3.605928039178252,0.5464400164783001,0.08,0.35,0.05,0.45,1.2,21.825608025863765,865656.819561886,865656.824057827
1510,eye1,pmrnet,loop,15.48991003073752,0.02,0.4553541075438261,3.9447930175811052,0.4462439101189375,0.08,0.35,0.05,0.45,1.2,22.486301065981387,865656.827589784,865656.832436609
1511,eye1,pmrnet,loop,14.850783976726234,0.02,0.3712129546329379,3.4974669106304646,0.4181410185992718,0.08,0.35,0.05,0.45,1.2,21.287604860588907,865656.835579352,865656.839866508
1512,eye1,pmrnet,loop,15.56212396826595,0.02,0.35947002470493317,4.225176991894841,0.4656250821426511,0.08,0.35,0.05,0.45,1.2,22.762396067008375,865656.84359602,865656.848646566
1513,eye1,pmrnet,loop,15.158317983150482,0.02,0.3909040242433548,3.814750933088362,0.5275360308587551,0.08,0.35,0.05,0.45,1.2,22.041508971340953,865656.85157847,865656.856311894
1514,eye1,pmrnet,loop,14.623063034377992,0.02,0.3808080218732357,3.627715981565416,0.2501980634406209,0.08,0.35,0.05,0.45,1.2,21.031785101257263,865656.859586576,865656.863845585
1515,eye1,pmrnet,loop,14.63065401185304,0.02,0.38229802157729864,3.7463640328496695,0.21079299040138721,0.08,0.35,0.05,0.45,1.2,21.120109056681393,865656.867583566,865656.871923306
1516,eye1,pmrnet,loop,22.019763011485338,0.02,0.5349699640646577,10.76404599007219,0.44306006748229265,0.08,0.35,0.05,0.45,1.2,35.91183903310448,865656.875638102,865656.887380779
1517,eye1,pmrnet,loop,24.86148092430085,0.02,0.5020899698138237,9.707878925837576,0.48798101488500834,0.08,0.35,0.05,0.45,1.2,37.709430834837256,865656.887592896,865656.898291357
1519,eye1,pmrnet,loop,21.059304010123014,0.02,0.5302410572767258,9.877144009806216,0.501294038258493,0.08,0.35,0.05,0.45,1.2,34.117983115464455,865656.899718068,865656.910627198
1520,eye1,pmrnet,loop,20.435455022379756,0.02,0.4932659212499857,6.508796010166407,0.2451990731060505,0.08,0.35,0.05,0.45,1.2,29.832716026902197,865656.910825821,865656.918073485
1521,eye1,pmrnet,loop,24.173093028366566,0.02,0.4765320336446166,9.847834007814527,0.5547739565372467,0.08,0.35,0.05,0.45,1.2,37.202233026362954,865656.918998847,865656.929878493
1522,eye1,pmrnet,loop,23.000475019216537,0.02,0.49920508172363043,5.813817027956247,0.35377894528210163,0.08,0.35,0.05,0.45,1.2,31.817276074178515,865656.930109221,865656.936776398
1523,eye1,pmrnet,loop,26.66391304228455,0.02,0.46597199980169535,9.772552992217243,0.5239079473540187,0.08,0.35,0.05,0.45,1.2,39.576345981657504,865656.937744723,865656.948507741
1525,eye1,pmrnet,loop,21.43875602632761,0.02,0.5564800230786204,9.722554008476436,0.4249800695106387,0.08,0.35,0.05,0.45,1.2,34.292770127393304,865656.9487166,865656.959421099
1526,eye1,pmrnet,loop,19.80235695373267,0.02,0.3571000415831804,4.1616769740357995,0.8285000221803784,0.08,0.35,0.05,0.45,1.2,27.299633991532026,865656.960506478,865656.965853999
1527,eye1,pmrnet,loop,15.680277021601796,0.02,0.36849197931587696,3.2542290864512324,0.1934219617396593,0.08,0.35,0.05,0.45,1.2,21.646420049108563,865656.965984824,865656.969801242
1528,eye1,pmrnet,loop,14.340401976369321,0.02,0.3498089499771595,3.955107997171581,0.631841947324574,0.08,0.35,0.05,0.45,1.2,21.427160870842634,865656.971593426,865656.976530426
1529,eye1,pmrnet,loop,19.711169064976275,0.02,0.48533594235777855,9.632013970986009,0.254384009167552,0.08,0.35,0.05,0.45,1.2,32.23290298748761,865656.979597805,865656.989969987
1530,eye1,pmrnet,loop,16.39076799619943,0.02,0.35841099452227354,3.4024680498987436,0.8505879668518901,0.08,0.35,0.05,0.45,1.2,23.152235007472335,865656.99010662,865656.994718377
1531,eye1,pmrnet,loop,20.490907947532833,0.02,0.5018069641664624,9.818518999963999,0.9031860390678048,0.08,0.35,0.05,0.45,1.2,33.8644199507311,865656.995662542,865657.00688664
1532,eye1,pmrnet,loop,23.52679695468396,0.02,0.531790079548955,9.731190046295524,0.6159930489957333,0.08,0.35,0.05,0.45,1.2,36.55577012952417,865657.007112554,865657.017992003
1533,eye1,pmrnet,loop,28.74974999576807,0.02,0.4982169484719634,10.638407082296908,0.8412210736423731,0.08,0.35,0.05,0.45,1.2,42.87759510017931,865657.019304563,865657.031282971
1535,eye1,pmrnet,loop,23.884905967861414,0.02,0.5578640848398209,10.051548946648836,0.4272919613867998,0.08,0.35,0.05,0.45,1.2,37.07161096073687,865657.031519942,865657.042557179
1536,eye1,pmrnet,loop,27.424640953540802,0.02,0.5024480633437634,9.673314983956516,0.37912698462605476,0.08,0.35,0.05,0.45,1.2,40.129530985467134,865657.043610907,865657.054166362
1538,eye1,pmrnet,loop,16.26011508051306,0.02,0.375748029910028,3.995913080871105,0.46637700870633125,0.08,0.35,0.05,0.45,1.2,23.248153200000523,865657.054301464,865657.059139837
1539,eye1,pmrnet,loop,17.470412072725594,0.02,0.35661307629197836,7.948295911774039,0.49623800441622734,0.08,0.35,0.05,0.45,1.2,28.421559065207838,865657.059616333,865657.068417909
1540,eye1,pmrnet,loop,16.328645986504853,0.02,0.5655230488628149,4.226516932249069,0.6519019370898604,0.08,0.35,0.05,0.45,1.2,23.922587904706596,865657.069902295,865657.075346745
1541,eye1,pmrnet,loop,19.664005027152598,0.02,0.3328019520267844,9.545666980557144,1.2869189959019423,0.08,0.35,0.05,0.45,1.2,32.97939295563847,865657.075584702,865657.086750441
1542,eye1,pmrnet,loop,23.900503059849143,0.02,0.5168470088392496,9.713114006444812,0.48728694673627615,0.08,0.35,0.05,0.45,1.2,36.76775102186948,865657.088337781,865657.099055539
1543,eye1,pmrnet,loop,26.483047986403108,0.02,0.48268900718539953,9.475728962570429,0.4930680152028799,0.08,0.35,0.05,0.45,1.2,39.084533971361815,865657.099254945,865657.109707016
1545,eye1,pmrnet,loop,17.74203300010413,0.02,0.5248020170256495,4.734240006655455,0.5924151046201587,0.08,0.35,0.05,0.45,1.2,25.74349012840539,865657.111252739,865657.117104651
1546,eye1,pmrnet,loop,13.678901013918221,0.02,0.32272201497107744,3.1431729439646006,0.4090439761057496,0.08,0.35,0.05,0.45,1.2,19.703839948959647,865657.117235701,865657.12111095
1547,eye1,pmrnet,loop,11.855478980578482,0.02,0.3510010428726673,3.182247979566455,0.21930993534624577,0.08,0.35,0.05,0.45,1.2,17.75803793836385,865657.123603431,865657.127356282
1548,eye1,pmrnet,loop,19.013922079466283,0.02,0.5598890129476786,9.866455104202032,0.5044949939474463,0.08,0.35,0.05,0.45,1.2,32.09476119056344,865657.131651786,865657.142583315
1539,eye0,pmrnet,loop,22.94394397176802,0.02,1.1830589501187205,9.809897979721427,0.4312830278649926,0.08,0.35,0.05,0.45,1.2,36.51818392947316,865657.020267987,865657.031692719
1540,eye0,pmrnet,loop,20.506793982349336,0.02,0.5253719864413142,4.454817972145975,0.4329729126766324,0.08,0.35,0.05,0.45,1.2,28.069956853613256,865657.031912263,865657.03732583
1541,eye0,pmrnet,loop,17.498831963166595,0.02,0.3165199887007475,3.489768016152084,0.34986098762601614,0.08,0.35,0.05,0.45,1.2,23.80498095564544,865657.038230448,865657.042386849
1542,eye0,pmrnet,loop,20.29592206235975,0.02,0.35515299532562494,9.626195998862386,0.5023069679737091,0.08,0.35,0.05,0.45,1.2,32.92957802452147,865657.042768296,865657.053252306
1543,eye0,pmrnet,loop,18.051375984214246,0.02,0.5308140534907579,3.5678079584613442,1.5256329206749797,0.08,0.35,0.05,0.45,1.2,25.825630916841327,865657.053452671,865657.059077345
1544,eye0,pmrnet,loop,23.530939943157136,0.02,0.5401209928095341,9.882551967166364,1.3641489204019308,0.08,0.35,0.05,0.45,1.2,37.467761823534964,865657.06083754,865657.072624874
1545,eye0,pmrnet,loop,25.949036004021764,0.02,0.5087569588795304,9.297241922467947,0.4714250098913908,0.08,0.35,0.05,0.45,1.2,38.37645989526063,865657.072834493,865657.083112617
1547,eye0,pmrnet,loop,16.774049028754234,0.02,0.5395819898694754,3.6626741057261825,1.4513389905914664,0.08,0.35,0.05,0.45,1.2,24.577644114941357,865657.084421294,865657.090075318
1548,eye0,pmrnet,loop,21.091443952172995,0.02,0.427194987423718,9.715745924040675,0.5038629751652479,0.08,0.35,0.05,0.45,1.2,33.888247838802634,865657.091815575,865657.102462966
1549,eye0,pmrnet,loop,25.352990021929145,0.02,0.5036300281062722,9.837327990680933,0.7547870045527816,0.08,0.35,0.05,0.45,1.2,38.59873504526913,865657.103696473,865657.114792789
1551,eye0,pmrnet,loop,20.68650897126645,0.02,0.6234010215848684,9.931044070981443,0.7150999736040831,0.08,0.35,0.05,0.45,1.2,34.10605403743685,865657.114994779,865657.126265022
1552,eye0,pmrnet,loop,26.783598004840314,0.02,0.5952400388196111,9.980273898690939,0.6784279830753803,0.08,0.35,0.05,0.45,1.2,40.18753992542624,865657.129176667,865657.140431177
1554,eye0,pmrnet,loop,15.53887699265033,0.02,0.6174669833853841,3.876602975651622,0.22064102813601494,0.08,0.35,0.05,0.45,1.2,22.40358797982335,865657.140609605,865657.145324716
1555,eye0,pmrnet,loop,16.447533038444817,0.02,0.48748706467449665,6.60008704289794,0.4434760194271803,0.08,0.35,0.05,0.45,1.2,26.128583165444432,865657.146770852,865657.154302326
1556,eye0,pmrnet,loop,14.787413994781673,0.02,0.3579769982025027,4.594843019731343,1.0001510381698608,0.08,0.35,0.05,0.45,1.2,22.890385050885378,865657.154758076,865657.16071126
1557,eye0,pmrnet,loop,12.654644902795553,0.02,0.4194999346509576,3.293463960289955,0.2156500704586506,0.08,0.35,0.05,0.45,1.2,18.733258868195115,865657.162718703,865657.166647579
1558,eye0,pmrnet,loop,15.12379792984575,0.02,0.5403590621426702,5.32873603515327,0.5293700378388166,0.08,0.35,0.05,0.45,1.2,23.672263064980505,865657.170786727,865657.177185741
1559,eye0,pmrnet,loop,12.883077026344836,0.02,0.3386120079085231,3.3730489667505026,0.5345549434423447,0.08,0.35,0.05,0.45,1.2,19.279292944446205,865657.178767718,865657.183014144
1560,eye0,pmrnet,loop,13.532028067857027,0.02,0.348250032402575,3.418876091018319,1.2539679883047938,0.08,0.35,0.05,0.45,1.2,20.703122179582714,865657.186710365,865657.191731736
1561,eye0,pmrnet,loop,19.01858509518206,0.02,0.5328480619937181,9.561126003973186,0.437206937931478,0.08,0.35,0.05,0.45,1.2,31.699766099080442,865657.194755867,865657.205287686
1562,eye0,pmrnet,loop,19.593879929743707,0.02,0.7497600745409727,7.37717398442328,0.39812095928937197,0.08,0.35,0.05,0.45,1.2,30.26893494799733,865657.205405475,865657.213931
1563,eye0,pmrnet,loop,22.047178936190903,0.02,0.6382099818438292,8.163474034518003,0.3848099149763584,0.08,0.35,0.05,0.45,1.2,33.3836728675291,865657.215267346,865657.224454226
1564,eye0,pmrnet,loop,18.265743972733617,0.02,0.33309601712971926,3.321981057524681,0.5185019690543413,0.08,0.35,0.05,0.45,1.2,24.589323016442357,865657.224567984,865657.228741823
1565,eye0,pmrnet,loop,18.144923029467463,0.02,0.35744800698012114,6.958495010621846,0.514365965500474,0.08,0.35,0.05,0.45,1.2,28.125232012569903,865657.22885812,865657.236688835
1566,eye0,pmrnet,loop,19.5664499187842,0.02,0.512275961227715,7.161804009228945,0.5530770868062973,0.08,0.35,0.05,0.45,1.2,29.943606976047157,865657.237953005,865657.246180547
1567,eye0,pmrnet,loop,17.466709949076176,0.02,0.3228570567443967,3.8393379654735327,1.7043190309777856,0.08,0.35,0.05,0.45,1.2,25.48322400227189,865657.246282979,865657.252149776
1568,eye0,pmrnet,loop,16.476109973154962,0.02,0.356200966052711,3.385341027751565,0.725757097825408,0.08,0.35,0.05,0.45,1.2,23.093409064784645,865657.254760577,865657.259228102
1569,eye0,pmrnet,loop,18.86160601861775,0.02,0.62228599563241,5.768726929090917,0.5470870528370142,0.08,0.35,0.05,0.45,1.2,27.94970599617809,865657.262743505,865657.269682183
1570,eye0,pmrnet,loop,19.333327072672546,0.02,0.47298893332481384,6.631782976910472,0.3747489536181092,0.08,0.35,0.05,0.45,1.2,28.96284793652594,865657.270743189,865657.278223129
1571,eye0,pmrnet,loop,17.106472980231047,0.02,0.3292650217190385,3.6364500410854816,1.1223920155316591,0.08,0.35,0.05,0.45,1.2,24.344580058567225,865657.278977238,865657.284065588
1572,eye0,pmrnet,loop,17.9497089702636,0.02,0.32466405536979437,4.393750918097794,1.5431270003318787,0.08,0.35,0.05,0.45,1.2,26.361250944063066,865657.286715709,865657.292977525
1573,eye0,pmrnet,loop,17.315834993496537,0.02,0.35290897358208895,4.11262409761548,1.2293719919398427,0.08,0.35,0.05,0.45,1.2,25.160740056633948,865657.29471758,865657.300412795
1574,eye0,pmrnet,loop,22.557905060239136,0.02,0.5437410436570644,9.896773961372674,0.5091340281069279,0.08,0.35,0.05,0.45,1.2,35.6575540933758,865657.30277281,865657.313723041
1575,eye0,pmrnet,loop,21.140821976587176,0.02,0.5625250050798059,5.017215968109667,0.8513439679518342,0.08,0.35,0.05,0.45,1.2,29.721906917728482,865657.313944388,865657.320375867
1576,eye0,pmrnet,loop,25.465470971539617,0.02,0.4828160163015127,9.713226929306984,1.3002569321542978,0.08,0.35,0.05,0.45,1.2,39.11177084930241,865657.32127149,865657.332768334
1577,eye0,pmrnet,loop,28.178286971524358,0.02,0.6961270701140165,9.506283095106483,0.37159002386033535,0.08,0.35,0.05,0.45,1.2,40.90228716060519,865657.332975908,865657.343550666
1579,eye0,pmrnet,loop,18.0111660156399,0.02,0.5315679591149092,3.844004007987678,0.43453206308186054,0.08,0.35,0.05,0.45,1.2,24.971270045824348,865657.344711769,865657.349522304
1580,eye0,pmrnet,loop,15.658898977562785,0.02,0.3446890041232109,3.92169295810163,0.23139896802604198,0.08,0.35,0.05,0.45,1.2,22.306679907813667,865657.350740787,865657.355238865
1581,eye0,pmrnet,loop,17.813659040257335,0.02,0.38420199416577816,6.047497969120741,0.2634540433064103,0.08,0.35,0.05,0.45,1.2,26.658813046850263,865657.358767151,865657.365462636
1582,eye0,pmrnet,loop,15.414364053867757,0.02,0.39277004543691874,3.376065054908395,0.45441591646522284,0.08,0.35,0.05,0.45,1.2,21.787615070678292,865657.366908824,865657.371132372
1583,eye0,pmrnet,loop,15.568257076665759,0.02,0.40484603960067034,3.938564914278686,0.22648891899734735,0.08,0.35,0.05,0.45,1.2,22.28815694954246,865657.374785043,865657.379355158
1584,eye0,pmrnet,loop,15.036946977488697,0.02,0.35829399712383747,3.406489035114646,0.37313904613256454,0.08,0.35,0.05,0.45,1.2,21.324869055859743,865657.382754826,865657.386892949
1585,eye0,pmrnet,loop,16.45536592695862,0.02,0.35848806146532297,4.029787960462272,1.2735839700326324,0.08,0.35,0.05,0.45,1.2,24.267225918918847,865657.390718035,865657.396380115
1586,eye0,pmrnet,loop,14.894617954269052,0.02,0.37938193418085575,3.353056963533163,0.4336329875513911,0.08,0.35,0.05,0.45,1.2,21.21068983953446,865657.398722292,865657.402888632
1587,eye0,pmrnet,loop,16.542649012990296,0.02,1.9997800700366497,3.501744009554386,0.35384297370910645,0.08,0.35,0.05,0.45,1.2,24.548016066290437,865657.406750711,865657.412606415
1588,eye0,pmrnet,loop,20.638316054828465,0.02,0.5070669576525688,9.264577995054424,0.23774500004947186,0.08,0.35,0.05,0.45,1.2,32.79770600758493,865657.41476148,865657.424771344
1589,eye0,pmrnet,loop,23.255312931723893,0.02,0.5901940166950226,9.595797979272902,0.3796899691224098,0.08,0.35,0.05,0.45,1.2,35.970994896814226,865657.424890459,865657.435456682
1590,eye0,pmrnet,loop,27.114031021483243,0.02,0.5423100665211678,9.674133034422994,0.373134040273726,0.08,0.35,0.05,0.45,1.2,39.85360816270113,865657.436794851,865657.447384984
1592,eye0,pmrnet,loop,17.39380299113691,0.02,2.5946779642254114,3.2839449122548103,0.39822293911129236,0.08,0.35,0.05,0.45,1.2,25.82064880672842,865657.447525403,865657.453802557
1593,eye0,pmrnet,loop,14.317938941530883,0.02,0.34562498331069946,3.3406290458515286,0.3417310072109103,0.08,0.35,0.05,0.45,1.2,20.49592397790402,865657.454767777,865657.458796034
1549,eye1,pmrnet,loop,23.306849994696677,0.02,0.3942160401493311,9.500148938968778,0.3807690227404237,0.08,0.35,0.05,0.45,1.2,35.73198399655521,865657.144669053,865657.154944716
1550,eye1,pmrnet,loop,21.065418026410043,0.02,0.3790580667555332,3.9840919198468328,0.45828893780708313,0.08,0.35,0.05,0.45,1.2,28.03685695081949,865657.155951517,865657.16077318
1551,eye1,pmrnet,loop,18.53493007365614,0.02,0.35127298906445503,4.223370924592018,0.8255119901150465,0.08,0.35,0.05,0.45,1.2,26.08508597742766,865657.160911333,865657.166311761
1552,eye1,pmrnet,loop,16.252116998657584,0.02,0.351303955540061,3.626152058131993,0.44240697752684355,0.08,0.35,0.05,0.45,1.2,22.82197998985648,865657.167677689,865657.172097833
1553,eye1,pmrnet,loop,19.688269938342273,0.02,0.5119999404996634,7.191114011220634,0.2314720768481493,0.08,0.35,0.05,0.45,1.2,29.77285596691072,865657.175668039,865657.183603098
1554,eye1,pmrnet,loop,17.143551958724856,0.02,0.33446995075792074,3.571729059331119,1.5102199977263808,0.08,0.35,0.05,0.45,1.2,24.709970966540276,865657.183711162,865657.189127888
1555,eye1,pmrnet,loop,16.812245943583548,0.02,0.5166159244254231,4.124711966142058,0.5912620108574629,0.08,0.35,0.05,0.45,1.2,24.19483584500849,865657.191632623,865657.196865764
1556,eye1,pmrnet,loop,15.567385009489954,0.02,0.3140559419989586,3.340843948535621,0.4445090889930725,0.08,0.35,0.05,0.45,1.2,21.816793989017604,865657.199590687,865657.203690379
1557,eye1,pmrnet,loop,15.682165045291185,0.02,0.3426740877330303,3.5277759889140725,0.39657705929130316,0.08,0.35,0.05,0.45,1.2,22.09919218122959,865657.20760658,865657.211873898
1558,eye1,pmrnet,loop,15.7024129293859,0.02,0.3972760168835521,3.5651359939947724,0.3897950518876314,0.08,0.35,0.05,0.45,1.2,22.204619992151855,865657.215610972,865657.219963502
1559,eye1,pmrnet,loop,16.51157799642533,0.02,0.37983397487550974,4.473287961445749,0.36341510713100433,0.08,0.35,0.05,0.45,1.2,23.878115039877592,865657.223624533,865657.228841357
1560,eye1,pmrnet,loop,20.254789968021214,0.02,0.5761160282418132,7.464873022399843,0.9700830560177565,0.08,0.35,0.05,0.45,1.2,31.415862074680625,865657.231641873,865657.240653462
1561,eye1,pmrnet,loop,16.4636840345338,0.02,0.3565039951354265,3.283146070316434,0.5166589980944991,0.08,0.35,0.05,0.45,1.2,22.769993098080157,865657.240774827,865657.244931399
1562,eye1,pmrnet,loop,15.680750948376954,0.02,0.3570991102606058,3.2874050084501505,0.9522619657218456,0.08,0.35,0.05,0.45,1.2,22.427517032809554,865657.24762069,865657.252217722
1563,eye1,pmrnet,loop,23.005037917755544,0.02,1.567812985740602,9.826282039284706,0.5888020386919379,0.08,0.35,0.05,0.45,1.2,37.13793498147279,865657.255626933,865657.267610396
1564,eye1,pmrnet,loop,25.706288986839354,0.02,0.5139269633218646,9.626183076761663,0.43071398977190256,0.08,0.35,0.05,0.45,1.2,38.42711301669478,865657.267809491,865657.278380825
1565,eye1,pmrnet,loop,23.382788058370352,0.02,1.0218929965049028,3.4389729844406247,0.34362298902124166,0.08,0.35,0.05,0.45,1.2,30.33727702833712,865657.279322113,865657.284126899
1566,eye1,pmrnet,loop,20.562850055284798,0.02,0.33024593722075224,3.2854650635272264,1.5210920246317983,0.08,0.35,0.05,0.45,1.2,27.849653080664574,865657.284238856,865657.289375931
1567,eye1,pmrnet,loop,16.819348908029497,0.02,0.3499978920444846,3.6288920091465116,0.23131701163947582,0.08,0.35,0.05,0.45,1.2,23.179555820859967,865657.289490851,865657.293701316
1568,eye1,pmrnet,loop,15.507076983340085,0.02,0.3547240048646927,3.9096419932320714,0.5535390228033066,0.08,0.35,0.05,0.45,1.2,22.474982004240154,865657.295639765,865657.300457921
1569,eye1,pmrnet,loop,21.71721903141588,0.02,0.5171410739421844,10.195130947977304,0.396706978790462,0.08,0.35,0.05,0.45,1.2,34.97619803212583,865657.303626777,865657.314736257
1570,eye1,pmrnet,loop,19.333187025040388,0.02,0.5282569909468293,4.63982904329896,0.3161430358886719,0.08,0.35,0.05,0.45,1.2,26.967416095174848,865657.314937702,865657.320422304
1571,eye1,pmrnet,loop,21.382003906182945,0.02,0.4833359271287918,8.326607989147305,0.45091891661286354,0.08,0.35,0.05,0.45,1.2,32.792866739071904,865657.321278431,865657.33053966
1572,eye1,pmrnet,loop,19.263677997514606,0.02,0.387219013646245,4.9266660353168845,0.514928949996829,0.08,0.35,0.05,0.45,1.2,27.242491996474563,865657.330661185,865657.336490218
1573,eye1,pmrnet,loop,15.68196201696992,0.02,0.3649399150162935,3.480497980490327,0.5200969753786922,0.08,0.35,0.05,0.45,1.2,22.19749688785523,865657.336612011,865657.340977811
1574,eye1,pmrnet,loop,21.066301967948675,0.02,0.5010990425944328,9.493070072494447,0.83500100299716,0.08,0.35,0.05,0.45,1.2,34.045472086034714,865657.343600715,865657.354430368
1575,eye1,pmrnet,loop,23.803250049240887,0.02,0.4912430886179209,9.52693703584373,0.5879909731447697,0.08,0.35,0.05,0.45,1.2,36.559421146847306,865657.354629777,865657.365236468
1576,eye1,pmrnet,loop,28.385334997437894,0.02,0.5359089700505137,10.125219007022679,0.7126370910555124,0.08,0.35,0.05,0.45,1.2,41.9091000655666,865657.366513172,865657.377887428
1578,eye1,pmrnet,loop,25.71219706442207,0.02,3.629931015893817,9.25197801552713,0.36484398879110813,0.08,0.35,0.05,0.45,1.2,41.108950084634124,865657.37810505,865657.391352438
1580,eye1,pmrnet,loop,21.7718438943848,0.02,0.5301689961925149,9.621742996387184,0.3412840887904167,0.08,0.35,0.05,0.45,1.2,34.415039975754915,865657.393056108,865657.403549839
1581,eye1,pmrnet,loop,21.98396495077759,0.02,0.47653703950345516,6.685897940769792,0.9330540196970105,0.08,0.35,0.05,0.45,1.2,32.229453950747846,865657.403735965,865657.411831893
1582,eye1,pmrnet,loop,26.448220014572144,0.02,0.5439840024337173,9.650775929912925,0.5048629827797413,0.08,0.35,0.05,0.45,1.2,39.297842929698525,865657.41366452,865657.424364731
1584,eye1,pmrnet,loop,21.302737994119525,0.02,0.4779940936714411,9.669262915849686,0.6623739609494805,0.08,0.35,0.05,0.45,1.2,34.26236896459013,865657.424546742,865657.435356844
1585,eye1,pmrnet,loop,25.291285011917353,0.02,0.5684549687430263,9.61273699067533,0.49333006609231234,0.08,0.35,0.05,0.45,1.2,38.11580703742802,865657.436739917,865657.447414963
1586,eye1,pmrnet,loop,28.6520270165056,0.02,0.4960900405421853,9.730287012644112,1.023635035380721,0.08,0.35,0.05,0.45,1.2,42.052039105072616,865657.447593734,865657.458844207
1588,eye1,pmrnet,loop,19.938361016102135,0.02,0.5111789796501398,4.602327942848206,1.1627289932221174,0.08,0.35,0.05,0.45,1.2,28.364596931822597,865657.459992428,865657.46626904
1589,eye1,pmrnet,loop,15.76445996761322,0.02,0.35567895974963903,3.186882007867098,0.21635298617184162,0.08,0.35,0.05,0.45,1.2,21.673373921401797,865657.466405383,865657.470164575
1590,eye1,pmrnet,loop,14.633427956141531,0.02,0.354530056938529,3.9635589346289635,1.1463050032034516,0.08,0.35,0.05,0.45,1.2,22.247821950912474,865657.471637549,865657.477102201
1591,eye1,pmrnet,loop,14.654431957751513,0.02,1.7402259400114417,3.4491040278226137,0.37771696224808693,0.08,0.35,0.05,0.45,1.2,22.371478887833653,865657.479624988,865657.485192308
1592,eye1,pmrnet,loop,20.50775906536728,0.02,0.48894400242716074,9.642745950259268,1.317393034696579,0.08,0.35,0.05,0.45,1.2,34.106842052750295,865657.48766453,865657.49911399
1593,eye1,pmrnet,loop,26.498929015360773,0.02,2.288226969540119,9.79057198856026,1.1845059925690293,0.08,0.35,0.05,0.45,1.2,41.91223396603018,865657.499910354,865657.513174302
1595,eye1,pmrnet,loop,21.32711000740528,0.02,0.5449890159070492,9.656304959207773,0.5585340550169349,0.08,0.35,0.05,0.45,1.2,34.23693803753704,865657.513381359,865657.52414164
1596,eye1,pmrnet,loop,21.622876985929906,0.02,0.5378120113164186,6.079911021515727,0.4138890653848648,0.08,0.35,0.05,0.45,1.2,30.804489084146915,865657.525474472,865657.53250653
1597,eye1,pmrnet,loop,18.124878988601267,0.02,0.32452691812068224,3.747084061615169,0.3645840333774686,0.08,0.35,0.05,0.45,1.2,24.711074001714586,865657.532641296,865657.537077761
1598,eye1,pmrnet,loop,14.805247075855732,0.02,0.4206739831715822,3.6171659594401717,0.5859480006620288,0.08,0.35,0.05,0.45,1.2,21.579035019129513,865657.537203236,865657.541827317
1599,eye1,pmrnet,loop,13.174964929930866,0.02,0.4835129948332906,3.88208101503551,0.22286002058535814,0.08,0.35,0.05,0.45,1.2,19.913418960385023,865657.543677144,865657.548266018
1600,eye1,pmrnet,loop,13.926830957643688,0.02,0.33333501778542995,3.715149941854179,1.3902069767937064,0.08,0.35,0.05,0.45,1.2,21.515522894077,865657.551647711,865657.557086681
1601,eye1,pmrnet,loop,18.873858964070678,0.02,0.43298606760799885,9.529144037514925,0.45066094025969505,0.08,0.35,0.05,0.45,1.2,31.436650009453295,865657.559689404,865657.570102648
1602,eye1,pmrnet,loop,23.633124073967338,0.02,1.410242053680122,9.97449504211545,0.5011881003156304,0.08,0.35,0.05,0.45,1.2,37.66904927007854,865657.571043839,865657.582930337
1603,eye1,pmrnet,loop,26.339454925619066,0.02,0.518977059982717,9.494209080003202,0.5479960236698389,0.08,0.35,0.05,0.45,1.2,39.05063708927482,865657.583143845,865657.593705553
1594,eye0,pmrnet,loop,14.311612001620233,0.02,0.3769980976358056,3.474641009233892,0.24298694916069508,0.08,0.35,0.05,0.45,1.2,20.556238057650624,865657.462763505,865657.466858457
1595,eye0,pmrnet,loop,16.431024996563792,0.02,0.3360300324857235,4.364265943877399,1.590984989888966,0.08,0.35,0.05,0.45,1.2,24.87230596281588,865657.470755349,865657.477046924
1596,eye0,pmrnet,loop,18.637789064086974,0.02,0.5899709649384022,7.748514995910227,0.21720398217439651,0.08,0.35,0.05,0.45,1.2,29.34347900711,865657.478766741,865657.487322859
1597,eye0,pmrnet,loop,15.126890037208796,0.02,0.334937940351665,3.233768977224827,0.88739104103297,0.08,0.35,0.05,0.45,1.2,21.732987995818256,865657.487424586,865657.491880944
1598,eye0,pmrnet,loop,14.330261969007552,0.02,0.4050970310345292,3.6389250308275223,0.3506430657580495,0.08,0.35,0.05,0.45,1.2,20.87492709662765,865657.494758155,865657.499153197
1599,eye0,pmrnet,loop,20.318032940849662,0.02,0.48459996469318867,9.469259064644575,0.4687579348683357,0.08,0.35,0.05,0.45,1.2,32.89064990505576,865657.50278632,865657.513209519
1600,eye0,pmrnet,loop,23.131511989049613,0.02,0.5212700925767422,9.543213993310928,0.6299499655142426,0.08,0.35,0.05,0.45,1.2,35.975946040451525,865657.513397179,865657.524092112
1601,eye0,pmrnet,loop,28.095504036173224,0.02,0.5170870572328568,10.059910011477768,0.9975449647754431,0.08,0.35,0.05,0.45,1.2,41.82004606965929,865657.525549628,865657.537124641
1603,eye0,pmrnet,loop,22.798180929385126,0.02,0.5054339999333024,9.340348071418703,0.7781829917803407,0.08,0.35,0.05,0.45,1.2,35.57214599251747,865657.537341745,865657.547966197
1604,eye0,pmrnet,loop,21.388086024671793,0.02,0.5546360043808818,4.4488770654425025,0.5500690313056111,0.08,0.35,0.05,0.45,1.2,29.091668125800787,865657.549071014,865657.554624859
1605,eye0,pmrnet,loop,17.591106006875634,0.02,0.38467603735625744,3.377937013283372,0.3764410503208637,0.08,0.35,0.05,0.45,1.2,23.880160107836126,865657.554757779,865657.558897119
1606,eye0,pmrnet,loop,15.616526012308896,0.02,0.34308398608118296,5.19298599101603,0.4382129991427064,0.08,0.35,0.05,0.45,1.2,23.740808988548814,865657.559016649,865657.564991353
1607,eye0,pmrnet,loop,20.852637942880392,0.02,0.49779494293034077,9.926934959366918,1.11989991273731,0.08,0.35,0.05,0.45,1.2,34.54726775791496,865657.566750632,865657.578295738
1608,eye0,pmrnet,loop,23.715554969385266,0.02,0.5798590136691928,9.553497075103223,0.5856070201843977,0.08,0.35,0.05,0.45,1.2,36.58451807834208,865657.578509063,865657.589228554
1609,eye0,pmrnet,loop,27.985994005575776,0.02,0.5014309426769614,9.887116961181164,0.4951340379193425,0.08,0.35,0.05,0.45,1.2,41.01967594735324,865657.590682472,865657.601566651
1611,eye0,pmrnet,loop,16.744563938118517,0.02,0.5279820179566741,3.579147974960506,0.5781250074505806,0.08,0.35,0.05,0.45,1.2,23.579818938486277,865657.601778824,865657.606464452
1612,eye0,pmrnet,loop,14.076848980039358,0.02,0.3325709840282798,3.575311042368412,0.4125430714339018,0.08,0.35,0.05,0.45,1.2,20.54727407786995,865657.607545109,865657.611865825
1613,eye0,pmrnet,loop,13.76440201420337,0.02,0.3435579128563404,3.9639530004933476,0.5370300495997071,0.08,0.35,0.05,0.45,1.2,20.758942977152763,865657.614777505,865657.619622302
1614,eye0,pmrnet,loop,15.637070056982338,0.02,0.3323619021102786,5.819660029374063,0.6476680282503366,0.08,0.35,0.05,0.45,1.2,24.586760016717015,865657.62276418,865657.629564158
1615,eye0,pmrnet,loop,19.47035302873701,0.02,0.49712799955159426,9.674108936451375,0.5346490070223808,0.08,0.35,0.05,0.45,1.2,32.32623897176236,865657.630758806,865657.641465256
1616,eye0,pmrnet,loop,17.727607977576554,0.02,0.5096230888739228,4.755681962706149,0.8613429963588715,0.08,0.35,0.05,0.45,1.2,26.004256025515495,865657.641665462,865657.647792509
1617,eye0,pmrnet,loop,17.682316014543176,0.02,0.3475459525361657,5.425470066256821,1.3527648989111185,0.08,0.35,0.05,0.45,1.2,26.95809693224728,865657.648690282,865657.655816329
1618,eye0,pmrnet,loop,13.999494025483727,0.02,0.34354208037257195,3.5352068953216076,0.3978889435529709,0.08,0.35,0.05,0.45,1.2,20.426131944730876,865657.655925408,865657.660202332
1619,eye0,pmrnet,loop,12.559610069729388,0.02,0.3701699897646904,3.3214460127055645,0.35166903398931026,0.08,0.35,0.05,0.45,1.2,18.75289510618895,865657.662788077,865657.666831637
1620,eye0,pmrnet,loop,12.574983993545175,0.02,0.33905101008713245,3.4457100555300713,0.2297640312463045,0.08,0.35,0.05,0.45,1.2,18.73950909040868,865657.670901263,865657.674915998
1621,eye0,pmrnet,loop,12.682073982432485,0.02,0.36711792927235365,3.5461190855130553,0.3995239967480302,0.08,0.35,0.05,0.45,1.2,19.144834993965922,865657.67877909,865657.683092179
1622,eye0,pmrnet,loop,12.81993300653994,0.02,0.33319892827421427,3.3436239464208484,0.8356390753760934,0.08,0.35,0.05,0.45,1.2,19.482394956611095,865657.686786345,865657.691299031
1623,eye0,pmrnet,loop,19.456705078482628,0.02,0.5158699350431561,10.190138942562044,0.48166397027671337,0.08,0.35,0.05,0.45,1.2,32.79437792636454,865657.694811514,865657.70599976
1624,eye0,pmrnet,loop,22.00565009843558,0.02,0.5079250549897552,9.338857023976743,0.5697030574083328,0.08,0.35,0.05,0.45,1.2,34.57213523481041,865657.706204574,865657.716621642
1625,eye0,pmrnet,loop,26.084882905706763,0.02,0.5131240468472242,9.572069044224918,0.5170020740479231,0.08,0.35,0.05,0.45,1.2,38.83707807082683,865657.718167649,865657.728770385
1626,eye0,pmrnet,loop,26.788366958498955,0.02,0.4702670266851783,7.884256890974939,0.2441549440845847,0.08,0.35,0.05,0.45,1.2,37.537045820243655,865657.728943976,865657.737543116
1628,eye0,pmrnet,loop,24.466690025292337,0.02,2.1311769960448146,9.575878037139773,0.5191859090700746,0.08,0.35,0.05,0.45,1.2,38.842930967547,865657.739133405,865657.75136017
1629,eye0,pmrnet,loop,22.393001010641456,0.02,0.6002419395372272,4.83516906388104,0.3876399714499712,0.08,0.35,0.05,0.45,1.2,30.366051985509692,865657.751532099,865657.757355646
1630,eye0,pmrnet,loop,26.71062294393778,0.02,0.6285120034590364,9.646929916925728,0.3826309693977237,0.08,0.35,0.05,0.45,1.2,39.518695833720265,865657.759083399,865657.769741975
1631,eye0,pmrnet,loop,24.882831959985197,0.02,1.9812220707535744,3.239481942728162,0.8275000145658851,0.08,0.35,0.05,0.45,1.2,33.081035988032816,865657.769935206,865657.775983776
1632,eye0,pmrnet,loop,28.211171040311456,0.02,0.531549914740026,8.109642891213298,0.4265549359843135,0.08,0.35,0.05,0.45,1.2,39.42891878224909,865657.778312561,865657.787380814
1634,eye0,pmrnet,loop,16.3035528967157,0.02,0.34130108542740345,3.17448191344738,0.5966940661892295,0.08,0.35,0.05,0.45,1.2,22.566029961779712,865657.787498755,865657.791611501
1635,eye0,pmrnet,loop,20.34073299728334,0.02,0.3968810196965933,8.096446050330997,0.4913649754598737,0.08,0.35,0.05,0.45,1.2,31.4754250427708,865657.794732263,865657.803717432
1636,eye0,pmrnet,loop,24.78030603379011,0.02,0.7233059732243419,9.641629992984235,0.3894089022651315,0.08,0.35,0.05,0.45,1.2,37.68465090226382,865657.805470749,865657.816225629
1637,eye0,pmrnet,loop,28.142872033640742,0.02,0.4954549949616194,10.016437037847936,0.7388789672404528,0.08,0.35,0.05,0.45,1.2,41.54364303369075,865657.816406251,865657.827657564
1639,eye0,pmrnet,loop,26.123653980903327,0.02,1.8364760326221585,9.951248997822404,0.91256492305547,0.08,0.35,0.05,0.45,1.2,40.97394393440336,865657.829074361,865657.84177518
1640,eye0,pmrnet,loop,28.527398011647165,0.02,0.5532680079340935,9.347754064947367,0.35453401505947113,0.08,0.35,0.05,0.45,1.2,40.932954099588095,865657.841992911,865657.852248994
1642,eye0,pmrnet,loop,24.634286062791944,0.02,0.47513796016573906,9.753684047609568,0.48863294068723917,0.08,0.35,0.05,0.45,1.2,37.50174101125449,865657.853775328,865657.864493254
1643,eye0,pmrnet,loop,27.037658961489797,0.02,0.5487429443746805,9.337941068224609,0.35832205321639776,0.08,0.35,0.05,0.45,1.2,39.43266502730548,865657.864720718,865657.874966294
1645,eye0,pmrnet,loop,25.10109997820109,0.02,1.7575810197740793,9.592924965545535,1.3762549497187138,0.08,0.35,0.05,0.45,1.2,39.97786091323942,865657.876440033,865657.889167381
1646,eye0,pmrnet,loop,27.622202062048018,0.02,0.47826895024627447,9.413159918040037,0.513734994456172,0.08,0.35,0.05,0.45,1.2,40.1773659247905,865657.889351549,865657.899757229
1648,eye0,pmrnet,loop,19.02942091692239,0.02,1.5992179978638887,3.464269102551043,0.7119519868865609,0.08,0.35,0.05,0.45,1.2,26.95486000422388,865657.901527796,865657.90730352
1649,eye0,pmrnet,loop,15.233934973366559,0.02,0.3701600944623351,3.357168985530734,0.42037898674607277,0.08,0.35,0.05,0.45,1.2,21.5316430401057,865657.907429074,865657.911577059
1650,eye0,pmrnet,loop,14.479894074611366,0.02,0.3571690758690238,3.340500988997519,0.4231410566717386,0.08,0.35,0.05,0.45,1.2,20.750705196149646,865657.914770892,865657.918891938
1651,eye0,pmrnet,loop,14.466750086285174,0.02,0.36608800292015076,3.4453669795766473,0.3503250190988183,0.08,0.35,0.05,0.45,1.2,20.77853008788079,865657.922785744,865657.926947877
1605,eye1,pmrnet,loop,23.479860043153167,0.02,0.7311559747904539,9.652709006331861,0.568700022995472,0.08,0.35,0.05,0.45,1.2,36.58242504727095,865657.596030845,865657.606984002
1606,eye1,pmrnet,loop,22.464971989393234,0.02,0.4785970086231828,6.157517083920538,0.22442894987761974,0.08,0.35,0.05,0.45,1.2,31.475515031814574,865657.607177929,865657.614038873
1607,eye1,pmrnet,loop,26.75546705722809,0.02,0.4940619692206383,9.566345950588584,0.49301900435239077,0.08,0.35,0.05,0.45,1.2,39.4588939813897,865657.615843992,865657.626397923
1608,eye1,pmrnet,loop,30.43306793551892,0.02,1.5992509433999658,9.392325999215245,0.5742199718952179,0.08,0.35,0.05,0.45,1.2,44.14886485002935,865657.626577656,865657.638144012
1610,eye1,pmrnet,loop,24.015642004087567,0.02,0.6989850662648678,7.580435951240361,0.34371798392385244,0.08,0.35,0.05,0.45,1.2,34.78878100551665,865657.639241805,865657.647865618
1611,eye1,pmrnet,loop,20.332362037152052,0.02,0.36700896453112364,3.4021108876913786,0.5083730211481452,0.08,0.35,0.05,0.45,1.2,26.759854910522698,865657.647973491,865657.652251339
1612,eye1,pmrnet,loop,16.29532699007541,0.02,0.3336489899083972,3.184434026479721,0.4026800161227584,0.08,0.35,0.05,0.45,1.2,22.366090022586285,865657.652362097,865657.656283121
1613,eye1,pmrnet,loop,18.961447989568114,0.02,0.5296120652928948,5.158881074748933,1.6881899209693074,0.08,0.35,0.05,0.45,1.2,28.48813105057925,865657.659640534,865657.667017762
1614,eye1,pmrnet,loop,18.38101597968489,0.02,0.5846379790455103,4.961838945746422,1.3366260100156069,0.08,0.35,0.05,0.45,1.2,27.414118914492427,865657.667623413,865657.674506899
1615,eye1,pmrnet,loop,23.11938803177327,0.02,0.5339630879461765,9.62307897862047,0.36099599674344063,0.08,0.35,0.05,0.45,1.2,35.787426095083354,865657.67679528,865657.687313877
1616,eye1,pmrnet,loop,26.83014504145831,0.02,0.46194903552532196,10.629600030370057,0.5111630307510495,0.08,0.35,0.05,0.45,1.2,40.582857138104735,865657.687489547,865657.699092838
1618,eye1,pmrnet,loop,17.385386978276074,0.02,0.5209909286350012,4.803339019417763,0.4007479874417186,0.08,0.35,0.05,0.45,1.2,25.260464913770555,865657.700061894,865657.705787441
1619,eye1,pmrnet,loop,18.10903800651431,0.02,0.47354702837765217,6.049730000086129,0.38569001480937004,0.08,0.35,0.05,0.45,1.2,27.16800504978746,865657.707670693,865657.714580171
1620,eye1,pmrnet,loop,19.61773307994008,0.02,0.32011501025408506,7.561902981251478,0.6105590146034956,0.08,0.35,0.05,0.45,1.2,30.260310086049138,865657.715663955,865657.724156882
1621,eye1,pmrnet,loop,23.33000092767179,0.02,0.529472017660737,9.585821069777012,0.49175997264683247,0.08,0.35,0.05,0.45,1.2,36.08705398775637,865657.725329888,865657.735937475
1622,eye1,pmrnet,loop,26.800103951245546,0.02,1.1748638935387135,9.697708068415523,0.45601301826536655,0.08,0.35,0.05,0.45,1.2,40.27868893146515,865657.736148236,865657.747477454
1624,eye1,pmrnet,loop,19.725195015780628,0.02,0.504994997754693,6.598611013032496,0.8335859747603536,0.08,0.35,0.05,0.45,1.2,29.81238700132817,865657.748603071,865657.756540848
1625,eye1,pmrnet,loop,16.13112003542483,0.02,0.3537969896569848,3.4929090179502964,0.5031919572502375,0.08,0.35,0.05,0.45,1.2,22.631018000282346,865657.75666553,865657.761015706
1626,eye1,pmrnet,loop,14.80044994968921,0.02,0.3865569597110152,3.340295981615782,0.40266604628413916,0.08,0.35,0.05,0.45,1.2,21.079968937300144,865657.763624458,865657.767754185
1627,eye1,pmrnet,loop,21.394324023276567,0.02,0.4945179680362344,9.80808597523719,0.4721299046650529,0.08,0.35,0.05,0.45,1.2,34.319057871215044,865657.771641205,865657.782416447
1628,eye1,pmrnet,loop,23.628802970051765,0.02,0.5058349343016744,9.233379969373345,0.36065198946744204,0.08,0.35,0.05,0.45,1.2,35.878669863194226,865657.782619969,865657.792720336
1629,eye1,pmrnet,loop,27.05425606109202,0.02,0.4936890909448266,9.52450605109334,0.3944489872083068,0.08,0.35,0.05,0.45,1.2,39.61690019033849,865657.793800754,865657.804213908
1631,eye1,pmrnet,loop,21.558559965342283,0.02,0.5471729673445225,9.422854986041784,0.4640839761123061,0.08,0.35,0.05,0.45,1.2,34.142671894840895,865657.804422492,865657.814857143
1632,eye1,pmrnet,loop,23.443498997949064,0.02,0.6397889228537679,5.625987076200545,0.4213849315419793,0.08,0.35,0.05,0.45,1.2,32.280659928545354,865657.818123781,865657.824811462
1633,eye1,pmrnet,loop,19.709513057023287,0.02,0.37623499520123005,3.6029909970238805,0.22914097644388676,0.08,0.35,0.05,0.45,1.2,26.067880025692283,865657.824937638,865657.829146271
1634,eye1,pmrnet,loop,16.288995975628495,0.02,0.37790299393236637,3.3911429345607758,0.741666997782886,0.08,0.35,0.05,0.45,1.2,22.949708901904522,865657.829283959,865657.833794949
1635,eye1,pmrnet,loop,16.133555909618735,0.02,0.4987779539078474,5.068597034551203,0.478508067317307,0.08,0.35,0.05,0.45,1.2,24.32943896539509,865657.835662754,865657.841709026
1636,eye1,pmrnet,loop,14.248783932998776,0.02,0.3690070006996393,3.3280120696872473,0.5442999536171556,0.08,0.35,0.05,0.45,1.2,20.640102957002817,865657.843652227,865657.847893814
1637,eye1,pmrnet,loop,14.45403799880296,0.02,0.3470280207693577,3.5436630714684725,0.6397779798135161,0.08,0.35,0.05,0.45,1.2,21.134507070854305,865657.851637219,865657.856167967
1638,eye1,pmrnet,loop,18.03261903114617,0.02,0.4027980612590909,7.099970011040568,0.6832539802417159,0.08,0.35,0.05,0.45,1.2,28.368641083687542,865657.859628808,865657.867815159
1639,eye1,pmrnet,loop,14.152544899843633,0.02,0.37393392994999886,3.2891039736568928,0.3918679431080818,0.08,0.35,0.05,0.45,1.2,20.357450746558605,865657.867949055,865657.872004253
1640,eye1,pmrnet,loop,20.31758800148964,0.02,0.4597509978339076,9.462052956223488,0.5768280243501067,0.08,0.35,0.05,0.45,1.2,32.96621997989714,865657.875739046,865657.886238119
1641,eye1,pmrnet,loop,17.570544965565205,0.02,0.4732579691335559,3.276958945207298,0.7987009594216943,0.08,0.35,0.05,0.45,1.2,24.26946283932775,865657.887011142,865657.891560356
1642,eye1,pmrnet,loop,19.38682107720524,0.02,0.40789099875837564,8.859572000801563,0.48091099597513676,0.08,0.35,0.05,0.45,1.2,31.285195072740315,865657.891695868,865657.901444505
1643,eye1,pmrnet,loop,22.742882021702826,0.02,0.4102909006178379,10.473466943949461,0.3769210306927562,0.08,0.35,0.05,0.45,1.2,36.15356089696288,865657.901608797,865657.912869876
1644,eye1,pmrnet,loop,27.600198984146118,0.02,0.501296017318964,9.905020939186215,1.3015830190852284,0.08,0.35,0.05,0.45,1.2,41.458098959736525,865657.914087571,865657.925796045
1646,eye1,pmrnet,loop,22.114193998277187,0.02,0.5360699724406004,9.671533945947886,0.22989592980593443,0.08,0.35,0.05,0.45,1.2,34.701693846471606,865657.92601089,865657.936448867
1648,eye1,pmrnet,loop,26.18581592105329,0.02,0.710394000634551,10.634377948008478,0.5435229977592826,0.08,0.35,0.05,0.45,1.2,40.2241108674556,865657.944767758,865657.956656792
1650,eye1,pmrnet,loop,21.622103988192976,0.02,1.587639912031591,4.191769054159522,0.28967694379389286,0.08,0.35,0.05,0.45,1.2,29.84118989817798,865657.962162279,865657.96823198
1651,eye1,pmrnet,loop,19.18930106330663,0.02,0.46758796088397503,4.303718917071819,0.6859080167487264,0.08,0.35,0.05,0.45,1.2,26.79651595801115,865657.968410561,865657.973868169
1652,eye1,pmrnet,loop,28.666174039244652,0.02,0.6513079861178994,10.662495973519981,1.1873140465468168,0.08,0.35,0.05,0.45,1.2,43.31729204542935,865657.978911534,865657.991413495
1654,eye1,pmrnet,loop,28.03435700479895,0.02,0.5886430153623223,9.532475029118359,1.2867850018665195,0.08,0.35,0.05,0.45,1.2,41.59226005114615,865657.995510367,865658.006918952
1656,eye1,pmrnet,loop,24.866878986358643,0.02,1.639906084164977,10.548621998168528,0.5133840022608638,0.08,0.35,0.05,0.45,1.2,39.71879107095301,865658.007187378,865658.019889966
1658,eye1,pmrnet,loop,16.092321020551026,0.02,0.5019559757784009,4.048379953019321,0.5619770381599665,0.08,0.35,0.05,0.45,1.2,23.354633987508713,865658.02214087,865658.027253635
1659,eye1,pmrnet,loop,13.40039900969714,0.02,0.4222459392622113,3.9696110179647803,0.48811896704137325,0.08,0.35,0.05,0.45,1.2,20.430374933965503,865658.027751223,865658.032631445
1660,eye1,pmrnet,loop,15.027967980131507,0.02,0.4829429090023041,4.8880670219659805,1.1808319250121713,0.08,0.35,0.05,0.45,1.2,23.72980983611196,865658.035775617,865658.042327788
1661,eye1,pmrnet,loop,17.774822073988616,0.02,0.4602380795404315,8.393301977775991,0.5966530879959464,0.08,0.35,0.05,0.45,1.2,29.375015219300984,865658.043691825,865658.053142428
1662,eye1,pmrnet,loop,21.744928904809058,0.02,0.577283906750381,10.571407969109714,0.6280179368332028,0.08,0.35,0.05,0.45,1.2,35.671638717502354,865658.053404281,865658.065181794
1663,eye1,pmrnet,loop,25.299118016846478,0.02,0.6331689655780792,8.384929038584232,0.424389960244298,0.08,0.35,0.05,0.45,1.2,36.891605981253086,865658.067362357,865658.076805466
1665,eye1,pmrnet,loop,14.28122806828469,0.02,0.4538589855656028,3.8969320012256503,0.5697109736502171,0.08,0.35,0.05,0.45,1.2,21.35173002872616,865658.077004253,865658.081925511
1652,eye0,pmrnet,loop,14.384215930476785,0.02,0.3513009287416935,3.3251000568270683,0.4790800157934427,0.08,0.35,0.05,0.45,1.2,20.689696931838988,865657.930778666,865657.934934388
1653,eye0,pmrnet,loop,15.903539955615997,0.02,0.38701307494193316,4.937404999509454,0.4115119809284806,0.08,0.35,0.05,0.45,1.2,23.789470010995863,865657.938784038,865657.944520458
1654,eye0,pmrnet,loop,22.20572903752327,0.02,0.6417719414457679,10.03579399548471,0.330984010361135,0.08,0.35,0.05,0.45,1.2,35.36427898481488,865657.947883179,865657.958892305
1655,eye0,pmrnet,loop,22.518177051097155,0.02,1.0879680048674345,6.1698510544374585,0.9349420433863997,0.08,0.35,0.05,0.45,1.2,32.860938153788446,865657.959080499,865657.967273524
1656,eye0,pmrnet,loop,21.01373707409948,0.02,0.47025398816913366,3.7930540274828672,1.351353945210576,0.08,0.35,0.05,0.45,1.2,28.778399034962057,865657.968223286,865657.9738384
1657,eye0,pmrnet,loop,17.53753691446036,0.02,0.455038039945066,3.6533790407702327,0.3012110246345401,0.08,0.35,0.05,0.45,1.2,24.0971650198102,865657.974021555,865657.9784315
1658,eye0,pmrnet,loop,15.266843955032527,0.02,0.46020897570997477,3.8827209500595927,1.07672403100878,0.08,0.35,0.05,0.45,1.2,22.836497911810874,865657.978809391,865657.984229373
1659,eye0,pmrnet,loop,14.395709033124149,0.02,0.45328191481530666,3.6785060074180365,0.5055590299889445,0.08,0.35,0.05,0.45,1.2,21.183055985346435,865657.98678977,865657.991427561
1660,eye0,pmrnet,loop,14.716819045133889,0.02,0.4781760508194566,4.056142992340028,0.48865494318306446,0.08,0.35,0.05,0.45,1.2,21.889793031476437,865657.994794201,865657.99981765
1661,eye0,pmrnet,loop,14.485161984339356,0.02,0.4844410577788949,3.882491961121559,0.4843970527872443,0.08,0.35,0.05,0.45,1.2,21.486492056027053,865658.002803674,865658.007655374
1662,eye0,pmrnet,loop,24.27270100452006,0.02,0.6198090268298984,12.118534999899566,1.9479549955576658,0.08,0.35,0.05,0.45,1.2,41.10900002680719,865658.010824068,865658.025511132
1663,eye0,pmrnet,loop,29.30964296683669,0.02,0.6223440868780017,10.738214943557978,0.5218189908191562,0.08,0.35,0.05,0.45,1.2,43.342020988091825,865658.026734792,865658.038617746
1665,eye0,pmrnet,loop,18.520201090723276,0.02,0.42333093006163836,3.460585023276508,1.2871860526502132,0.08,0.35,0.05,0.45,1.2,25.841303096711634,865658.038794563,865658.043966048
1666,eye0,pmrnet,loop,29.078896972350776,0.02,0.7198579842224717,10.531810927204788,0.7723190356045961,0.08,0.35,0.05,0.45,1.2,43.25288491938263,865658.050568123,865658.062592939
1668,eye0,pmrnet,loop,27.201596996746957,0.02,0.7275959942489862,10.707899928092957,0.8231790270656347,0.08,0.35,0.05,0.45,1.2,41.61027194615453,865658.064595361,865658.076854752
1670,eye0,pmrnet,loop,21.96343697141856,0.02,0.5687939701601863,9.798226994462311,0.278339022770524,0.08,0.35,0.05,0.45,1.2,34.75879695881158,865658.077109485,865658.087755428
1671,eye0,pmrnet,loop,19.909719936549664,0.02,0.46203809324651957,3.854215028695762,0.45699102338403463,0.08,0.35,0.05,0.45,1.2,26.83296408187598,865658.088997899,865658.093771382
1672,eye0,pmrnet,loop,16.990312025882304,0.02,0.3454319667071104,3.7747350288555026,0.904774060472846,0.08,0.35,0.05,0.45,1.2,24.16525308191776,865658.093895909,865658.098921129
1673,eye0,pmrnet,loop,13.331123976968229,0.02,0.32669492065906525,3.711804049089551,0.23668399080634117,0.08,0.35,0.05,0.45,1.2,19.756306937523185,865658.099055189,865658.103330628
1674,eye0,pmrnet,loop,12.7811060519889,0.02,0.37174008321017027,3.3077599946409464,0.3920519957318902,0.08,0.35,0.05,0.45,1.2,19.002658125571905,865658.10677848,865658.110850308
1675,eye0,pmrnet,loop,19.065189990215003,0.02,0.48655399587005377,9.56033996772021,0.32468303106725216,0.08,0.35,0.05,0.45,1.2,31.58676698487252,865658.114830677,865658.125203038
1676,eye0,pmrnet,loop,17.34540401957929,0.02,0.5788520211353898,4.47963597252965,1.1519190156832337,0.08,0.35,0.05,0.45,1.2,25.705811028927563,865658.125341666,865658.131552362
1677,eye0,pmrnet,loop,15.199023066088557,0.02,0.35546498838812113,3.6300739739090204,1.1605869513005018,0.08,0.35,0.05,0.45,1.2,22.4951489796862,865658.132328845,865658.137475185
1678,eye0,pmrnet,loop,12.26470002438873,0.02,0.3720800159499049,3.193871001712978,0.2217430155724287,0.08,0.35,0.05,0.45,1.2,18.20239405762404,865658.138821909,865658.142609816
1679,eye0,pmrnet,loop,17.078519915230572,0.02,0.5256710574030876,7.135343970730901,0.9882330195978284,0.08,0.35,0.05,0.45,1.2,27.877767962962388,865658.146842878,865658.155492528
1680,eye0,pmrnet,loop,15.38738701492548,0.02,0.5322039360180497,3.48433805629611,1.3875369913876057,0.08,0.35,0.05,0.45,1.2,22.941465998627244,865658.156465955,865658.161870271
1681,eye0,pmrnet,loop,12.649322976358235,0.02,0.3878530114889145,3.3847729209810495,0.6341399857774377,0.08,0.35,0.05,0.45,1.2,19.206088894605635,865658.162793983,865658.167201044
1682,eye0,pmrnet,loop,12.861105031333864,0.02,0.3658989444375038,3.5187479807063937,0.804728944785893,0.08,0.35,0.05,0.45,1.2,19.700480901263653,865658.170792537,865658.175482144
1683,eye0,pmrnet,loop,18.682613037526608,0.02,0.4864759976044297,9.496387094259262,0.5478030070662498,0.08,0.35,0.05,0.45,1.2,31.363279136456548,865658.178840327,865658.189371507
1684,eye0,pmrnet,loop,19.617824000306427,0.02,0.7742319721728563,6.392130046151578,0.40089699905365705,0.08,0.35,0.05,0.45,1.2,29.335083017684518,865658.190809078,865658.198376784
1685,eye0,pmrnet,loop,22.953202947974205,0.02,0.4737940616905689,9.637764072977006,0.4428840475156903,0.08,0.35,0.05,0.45,1.2,35.65764513015747,865658.19922589,865658.209780754
1686,eye0,pmrnet,loop,19.77308199275285,0.02,0.5536458920687437,3.7657800130546093,0.4310759250074625,0.08,0.35,0.05,0.45,1.2,26.673583822883664,865658.209919032,865658.214669789
1687,eye0,pmrnet,loop,15.766572090797126,0.02,0.3788820467889309,3.129979013465345,0.4183240234851837,0.08,0.35,0.05,0.45,1.2,21.843757174536584,865658.214805092,865658.218732557
1688,eye0,pmrnet,loop,17.228964949026704,0.02,0.38758700247853994,4.771905019879341,0.34408411011099815,0.08,0.35,0.05,0.45,1.2,24.88254108149558,865658.222760243,865658.228264037
1689,eye0,pmrnet,loop,22.80042297206819,0.02,0.3853600937873125,10.008911020122468,0.7514430908486247,0.08,0.35,0.05,0.45,1.2,36.096137176826595,865658.230757386,865658.241903578
1690,eye0,pmrnet,loop,27.60531904641539,0.02,2.3861450608819723,9.009430999867618,0.2397160278633237,0.08,0.35,0.05,0.45,1.2,41.3906111350283,865658.243142536,865658.254778296
1692,eye0,pmrnet,loop,15.996175003238022,0.02,0.3242320381104946,3.473194083198905,0.6181260105222464,0.08,0.35,0.05,0.45,1.2,22.561727135069667,865658.254891332,865658.259307117
1693,eye0,pmrnet,loop,15.908374916762114,0.02,0.34858204890042543,3.831806010566652,0.3466530470177531,0.08,0.35,0.05,0.45,1.2,22.585416023246943,865658.262761219,865658.267288482
1694,eye0,pmrnet,loop,22.008622996509075,0.02,0.5139110144227743,9.657601010985672,0.4887189716100693,0.08,0.35,0.05,0.45,1.2,34.81885399352759,865658.270796109,865658.281456869
1695,eye0,pmrnet,loop,23.586243973113596,0.02,0.645817955955863,4.101537982933223,1.3904550578445196,0.08,0.35,0.05,0.45,1.2,31.8740549698472,865658.284965735,865658.291104067
1696,eye0,pmrnet,loop,26.290622074157,0.02,0.32320304308086634,9.770434000529349,0.5436539649963379,0.08,0.35,0.05,0.45,1.2,39.07791308276355,865658.291238963,865658.301876612
1698,eye0,pmrnet,loop,24.67282093130052,0.02,0.6045220652595162,10.031327023170888,0.47420396003872156,0.08,0.35,0.05,0.45,1.2,37.932873979769646,865658.305286757,865658.31639737
1699,eye0,pmrnet,loop,21.997945033945143,0.02,0.47440791968256235,4.159742966294289,0.5753299919888377,0.08,0.35,0.05,0.45,1.2,29.35742591191083,865658.316581913,865658.321791789
1700,eye0,pmrnet,loop,28.275638003833592,0.02,0.5217649741098285,9.869344998151064,0.4756100242957473,0.08,0.35,0.05,0.45,1.2,41.29235800039023,865658.325270472,865658.336137887
1702,eye0,pmrnet,loop,22.915381006896496,0.02,0.7314760005101562,9.481006069108844,0.36810897290706635,0.08,0.35,0.05,0.45,1.2,35.64597204942256,865658.336334069,865658.346915254
1703,eye0,pmrnet,loop,25.79338802024722,0.02,0.6516299908980727,8.894570986740291,0.3462228924036026,0.08,0.35,0.05,0.45,1.2,37.835811890289186,865658.347970613,865658.357863462
1704,eye0,pmrnet,loop,32.74063498247415,0.02,4.220096976496279,10.016005951911211,0.6593270227313042,0.08,0.35,0.05,0.45,1.2,49.78606493361295,865658.357982423,865658.372878425
1706,eye0,pmrnet,loop,32.08691393956542,0.02,4.273440921679139,9.702289942651987,0.4510709550231695,0.08,0.35,0.05,0.45,1.2,48.66371575891972,865658.373936139,865658.388363561
1708,eye0,pmrnet,loop,24.763048044405878,0.02,0.4889400443062186,7.615266949869692,0.5309330299496651,0.08,0.35,0.05,0.45,1.2,35.54818806853145,865658.388543182,865658.397178735
1709,eye0,pmrnet,loop,21.58495900221169,0.02,0.38901204243302345,3.4401901066303253,0.4302109591662884,0.08,0.35,0.05,0.45,1.2,27.994372110441326,865658.397810455,865658.402070091
1666,eye1,pmrnet,loop,17.89907389320433,0.02,0.4950639558956027,3.896904061548412,1.5224759699776769,0.08,0.35,0.05,0.45,1.2,25.96351788062602,865658.087698809,865658.093613702
1667,eye1,pmrnet,loop,16.18310797493905,0.02,0.3623819211497903,3.455857979133725,0.5360629875212908,0.08,0.35,0.05,0.45,1.2,22.687410862743853,865658.095612222,865658.099966918
1668,eye1,pmrnet,loop,21.779114962555468,0.02,0.5480209365487099,9.198409970849752,0.2057870151475072,0.08,0.35,0.05,0.45,1.2,33.881332885101436,865658.103679228,865658.113631851
1669,eye1,pmrnet,loop,18.044000025838614,0.02,0.32824696972966194,3.38179396931082,0.5092340288683772,0.08,0.35,0.05,0.45,1.2,24.41327499374747,865658.113746148,865658.117965698
1670,eye1,pmrnet,loop,16.896505025215447,0.02,0.33944996539503336,3.976121894083917,0.9331729961559176,0.08,0.35,0.05,0.45,1.2,24.295249880850314,865658.119638411,865658.124887499
1671,eye1,pmrnet,loop,15.527998912148178,0.02,0.3712150501087308,3.2835310557857156,0.3132439451292157,0.08,0.35,0.05,0.45,1.2,21.64598896317184,865658.127619708,865658.13158798
1672,eye1,pmrnet,loop,16.962097957730293,0.02,0.37328607868403196,3.44183505512774,1.640041940845549,0.08,0.35,0.05,0.45,1.2,24.567261032387613,865658.135635368,865658.14109085
1673,eye1,pmrnet,loop,15.830507967621088,0.02,0.3730350872501731,3.546410007402301,0.4215460503473878,0.08,0.35,0.05,0.45,1.2,22.32149911262095,865658.143686924,865658.148028192
1674,eye1,pmrnet,loop,15.29177906922996,0.02,0.3360200207680464,3.2660950673744082,0.3337169764563441,0.08,0.35,0.05,0.45,1.2,21.377611133828758,865658.151622738,865658.155558903
1675,eye1,pmrnet,loop,16.569752944633365,0.02,0.3392279613763094,3.6165560595691204,1.3212059857323766,0.08,0.35,0.05,0.45,1.2,23.99674295131117,865658.159628664,865658.164905902
1676,eye1,pmrnet,loop,19.144232966937125,0.02,0.538727967068553,6.999526056461036,0.3412259975448251,0.08,0.35,0.05,0.45,1.2,29.173712988011538,865658.167669991,865658.175549984
1677,eye1,pmrnet,loop,15.411266940645874,0.02,0.3237500786781311,3.497825004160404,0.38241699803620577,0.08,0.35,0.05,0.45,1.2,21.765259021520613,865658.175681939,865658.179886194
1678,eye1,pmrnet,loop,15.304796979762614,0.02,0.33425597939640284,3.3382080728188157,0.5353989545255899,0.08,0.35,0.05,0.45,1.2,21.66265998650342,865658.183640399,865658.18784851
1679,eye1,pmrnet,loop,21.617855061776936,0.02,0.4968580324202776,9.528385940939188,0.5348630947992206,0.08,0.35,0.05,0.45,1.2,34.32796212993562,865658.191669109,865658.2022297
1680,eye1,pmrnet,loop,21.95389789994806,0.02,0.5182509776204824,7.471536984667182,0.20381598733365536,0.08,0.35,0.05,0.45,1.2,32.29750184956938,865658.202441518,865658.210635822
1681,eye1,pmrnet,loop,25.194052956067026,0.02,0.47788198571652174,9.31602402124554,0.33803400583565235,0.08,0.35,0.05,0.45,1.2,37.47599296886474,865658.21181197,865658.221944458
1682,eye1,pmrnet,loop,23.373267031274736,0.02,0.3421229775995016,3.9006919832900167,1.7485240241512656,0.08,0.35,0.05,0.45,1.2,31.51460601631552,865658.222201498,865658.228193165
1683,eye1,pmrnet,loop,20.791253075003624,0.02,0.3488740185275674,3.90492205042392,0.4622699925675988,0.08,0.35,0.05,0.45,1.2,27.65731913652271,865658.228963896,865658.233680207
1684,eye1,pmrnet,loop,16.825544997118413,0.02,0.3554580034688115,3.251042915508151,0.38564507849514484,0.08,0.35,0.05,0.45,1.2,22.96769099459052,865658.233791093,865658.237783569
1685,eye1,pmrnet,loop,14.705182984471321,0.02,0.35378499887883663,3.360625938512385,0.23851997684687376,0.08,0.35,0.05,0.45,1.2,20.808113898709415,865658.239778722,865658.243731981
1686,eye1,pmrnet,loop,14.709189999848604,0.02,0.34124706871807575,3.3758729696273804,0.3552159760147333,0.08,0.35,0.05,0.45,1.2,20.931526014208792,865658.247732527,865658.251805151
1687,eye1,pmrnet,loop,22.112117032520473,0.02,0.49427791964262724,9.712027967907488,1.4184879837557673,0.08,0.35,0.05,0.45,1.2,35.886910903826355,865658.255651011,865658.267276275
1688,eye1,pmrnet,loop,21.691700094379485,0.02,0.3728509182110429,6.596371065825224,0.5357180489227176,0.08,0.35,0.05,0.45,1.2,31.346640127338468,865658.267419992,865658.274925214
1689,eye1,pmrnet,loop,26.951134903356433,0.02,0.5011779721826315,9.836606099270284,2.1587589289993048,0.08,0.35,0.05,0.45,1.2,41.59767790380865,865658.275756358,865658.288253384
1691,eye1,pmrnet,loop,17.31156196910888,0.02,0.7259439444169402,5.12379000429064,0.5079939728602767,0.08,0.35,0.05,0.45,1.2,25.819289890676735,865658.28839442,865658.294752387
1692,eye1,pmrnet,loop,21.370079019106925,0.02,0.49875699914991856,9.958646027371287,0.7551109883934259,0.08,0.35,0.05,0.45,1.2,34.732593034021555,865658.295665572,865658.306878595
1693,eye1,pmrnet,loop,24.253145908005536,0.02,0.5802700761705637,9.63690597563982,0.4934919998049736,0.08,0.35,0.05,0.45,1.2,37.11381395962089,865658.307120298,865658.317831437
1694,eye1,pmrnet,loop,28.61932700034231,0.02,0.4839099710807204,10.401712963357568,0.5066039739176631,0.08,0.35,0.05,0.45,1.2,42.16155390869826,865658.318873421,865658.330266175
1696,eye1,pmrnet,loop,23.63615098875016,0.02,0.4982099635526538,9.848836925812066,0.6003630114719272,0.08,0.35,0.05,0.45,1.2,36.733560889586805,865658.330473363,865658.341421471
1698,eye1,pmrnet,loop,24.003191967494786,0.02,1.6502459766343236,9.89843299612403,0.6013070233166218,0.08,0.35,0.05,0.45,1.2,38.30317796356976,865658.345775494,865658.357926142
1699,eye1,pmrnet,loop,26.62413497455418,0.02,0.5834160838276148,9.43513389211148,0.465693068690598,0.08,0.35,0.05,0.45,1.2,39.25837801918387,865658.358131693,865658.368616565
1701,eye1,pmrnet,loop,22.56890304852277,0.02,0.5367869744077325,9.979916969314218,0.499376910738647,0.08,0.35,0.05,0.45,1.2,35.734983902983366,865658.36968252,865658.380699312
1702,eye1,pmrnet,loop,26.282868930138648,0.02,1.7907579895108938,9.444563067518175,0.3707209834828973,0.08,0.35,0.05,0.45,1.2,40.03891097065061,865658.380876245,865658.392482682
1704,eye1,pmrnet,loop,22.750115022063255,0.02,0.618810998275876,10.126552078872919,0.7151549216359854,0.08,0.35,0.05,0.45,1.2,36.360633020848034,865658.393625479,865658.405086619
1705,eye1,pmrnet,loop,26.976300054229796,0.02,1.2485829647630453,10.25972596835345,0.580240972340107,0.08,0.35,0.05,0.45,1.2,41.2148499596864,865658.405293193,865658.417382365
1707,eye1,pmrnet,loop,15.914964955300093,0.02,0.4808739759027958,3.355663036927581,0.21312199532985687,0.08,0.35,0.05,0.45,1.2,22.114623963460325,865658.418409943,865658.422460055
1708,eye1,pmrnet,loop,19.655816024169326,0.02,0.4748109495267272,9.613838978111744,0.4987099673599005,0.08,0.35,0.05,0.45,1.2,32.393175919167696,865658.423681058,865658.434268955
1709,eye1,pmrnet,loop,23.64530600607395,0.02,0.4842680646106601,9.540110011585057,1.0439190082252026,0.08,0.35,0.05,0.45,1.2,36.86360309049487,865658.435258094,865658.446326848
1710,eye1,pmrnet,loop,24.164568982087076,0.02,0.49524300266057253,6.906616035848856,0.9791499469429255,0.08,0.35,0.05,0.45,1.2,34.69557796753943,865658.446535191,865658.454916592
1712,eye1,pmrnet,loop,14.721752959303558,0.02,0.30209298711270094,3.78829101100564,0.33753400202840567,0.08,0.35,0.05,0.45,1.2,21.299670959450303,865658.457183384,865658.461611527
1713,eye1,pmrnet,loop,12.853057007305324,0.02,0.32559200190007687,3.4439340233802795,0.4090750589966774,0.08,0.35,0.05,0.45,1.2,19.181658091582356,865658.463633202,865658.467812063
1714,eye1,pmrnet,loop,12.677293037995696,0.02,0.3571759443730116,3.4565930254757404,0.22669602185487747,0.08,0.35,0.05,0.45,1.2,18.867758029699324,865658.471664404,865658.475705137
1715,eye1,pmrnet,loop,13.90593801625073,0.02,0.3339049872010946,4.324660054408014,0.7118319626897573,0.08,0.35,0.05,0.45,1.2,21.426335020549594,865658.479633054,865658.485003685
1716,eye1,pmrnet,loop,13.798474916256964,0.02,0.34222297836095095,4.04695700854063,0.9473960381001234,0.08,0.35,0.05,0.45,1.2,21.285050941258667,865658.487628582,865658.4929655
1717,eye1,pmrnet,loop,12.486152932979167,0.02,0.3323700511828065,3.511758055537939,0.24288997519761324,0.08,0.35,0.05,0.45,1.2,18.723171014897524,865658.495634706,865658.49972199
1718,eye1,pmrnet,loop,12.88190798368305,0.02,0.3416219260543585,3.6179680610075593,0.5807779962196946,0.08,0.35,0.05,0.45,1.2,19.57227596696466,865658.503646199,865658.508186812
1719,eye1,pmrnet,loop,12.498644995503128,0.02,0.3705589333549142,3.4656169591471553,0.38782297633588314,0.08,0.35,0.05,0.45,1.2,18.87264386434108,865658.511648321,865658.51587257
1720,eye1,pmrnet,loop,18.86630104854703,0.02,0.4893180448561907,9.72957001067698,0.43732800986617804,0.08,0.35,0.05,0.45,1.2,31.672517113946377,865658.519652411,865658.530309173
1721,eye1,pmrnet,loop,16.03092299774289,0.02,0.9695409098640084,3.596198046579957,0.5359479691833258,0.08,0.35,0.05,0.45,1.2,23.28260992337018,865658.530440822,865658.535542844
1722,eye1,pmrnet,loop,19.44728195667267,0.02,0.5024679703637958,9.599582059308887,0.3679869696497917,0.08,0.35,0.05,0.45,1.2,32.06731895599514,865658.536556729,865658.547027366
1710,eye0,pmrnet,loop,19.11818003281951,0.02,0.33672607969492674,4.00410802103579,0.7802520412951708,0.08,0.35,0.05,0.45,1.2,26.389266174845396,865658.402550554,865658.407671925
1711,eye0,pmrnet,loop,15.908430912531912,0.02,0.2648010849952698,3.316850052215159,0.7057610200718045,0.08,0.35,0.05,0.45,1.2,22.345843069814144,865658.408243848,865658.412531534
1712,eye0,pmrnet,loop,14.172806986607611,0.02,0.35779201425611973,3.41089500579983,0.2427039435133338,0.08,0.35,0.05,0.45,1.2,20.334197950176893,865658.414853133,865658.418864846
1713,eye0,pmrnet,loop,17.23060803487897,0.02,0.5633500404655933,5.85244398098439,0.7954780012369156,0.08,0.35,0.05,0.45,1.2,26.591880057565866,865658.422779823,865658.429991565
1714,eye0,pmrnet,loop,17.429339000955224,0.02,0.34306792076677084,6.29962794482708,0.8691969560459256,0.08,0.35,0.05,0.45,1.2,27.091231822595,865658.430746987,865658.438259151
1715,eye0,pmrnet,loop,20.693454891443253,0.02,0.5599840078502893,9.549501934088767,0.5937449168413877,0.08,0.35,0.05,0.45,1.2,33.5466857502237,865658.438887847,865658.449591602
1716,eye0,pmrnet,loop,18.013792927376926,0.02,0.47367997467517853,4.393798997625709,0.3344400320202112,0.08,0.35,0.05,0.45,1.2,25.365711931698023,865658.449779523,865658.454981824
1717,eye0,pmrnet,loop,16.645752009935677,0.02,0.4816879518330097,3.725568065419793,1.3796589337289333,0.08,0.35,0.05,0.45,1.2,24.382666960917412,865658.456095017,865658.461682341
1718,eye0,pmrnet,loop,21.967464010231197,0.02,0.4678739933297038,10.801048018038273,1.0162820108234882,0.08,0.35,0.05,0.45,1.2,36.40266803242266,865658.462786752,865658.475072493
1719,eye0,pmrnet,loop,20.571228000335395,0.02,0.7444450166076422,3.4765880554914474,1.3220889959484339,0.08,0.35,0.05,0.45,1.2,28.264350068382917,865658.476202871,865658.481746307
1720,eye0,pmrnet,loop,16.363920993171632,0.02,0.3575070295482874,3.17002204246819,0.21148798987269402,0.08,0.35,0.05,0.45,1.2,22.252938055060802,865658.481868643,865658.485607962
1721,eye0,pmrnet,loop,20.874471985735,0.02,0.5000169621780515,10.155708063393831,0.7330359658226371,0.08,0.35,0.05,0.45,1.2,34.41323297712952,865658.48679748,865658.498186767
1722,eye0,pmrnet,loop,24.551069014705718,0.02,0.5010879831388593,9.790843003429472,0.39558298885822296,0.08,0.35,0.05,0.45,1.2,37.38858299013227,865658.499243668,865658.509931789
1723,eye0,pmrnet,loop,26.882605045102537,0.02,0.5156780825927854,9.318317985162139,0.3559360047802329,0.08,0.35,0.05,0.45,1.2,39.22253711763769,865658.510142818,865658.52033324
1725,eye0,pmrnet,loop,21.42004098277539,0.02,0.6173899164423347,8.735487936064601,0.22894307039678097,0.08,0.35,0.05,0.45,1.2,33.151861905679105,865658.52142671,865658.531008973
1726,eye0,pmrnet,loop,26.134341023862362,0.02,2.103451988659799,10.082395048812032,0.48219901509582996,0.08,0.35,0.05,0.45,1.2,40.95238707643002,865658.531123294,865658.543791774
1728,eye0,pmrnet,loop,24.374325992539525,0.02,0.6032310193404555,9.259218932129443,0.5380619550123811,0.08,0.35,0.05,0.45,1.2,36.9248378990218,865658.547769146,865658.558170253
1729,eye0,pmrnet,loop,21.03283698670566,0.02,0.3746489528566599,3.4080620389431715,0.8250470273196697,0.08,0.35,0.05,0.45,1.2,27.79059500582516,865658.558289892,865658.562897937
1730,eye0,pmrnet,loop,24.99402593821287,0.02,0.47381396871060133,10.036690975539386,0.6166549865156412,0.08,0.35,0.05,0.45,1.2,38.2711858689785,865658.563799009,865658.574926646
1732,eye0,pmrnet,loop,14.379831030964851,0.02,0.5062130512669683,4.407002008520067,0.3955489955842495,0.08,0.35,0.05,0.45,1.2,21.838595086336134,865658.575142702,865658.580451904
1733,eye0,pmrnet,loop,12.686540954746306,0.02,0.32243202440440655,3.2080309465527534,0.5508479662239552,0.08,0.35,0.05,0.45,1.2,18.91785189192742,865658.582745998,865658.586827526
1734,eye0,pmrnet,loop,12.411393923684955,0.02,0.34952908754348755,3.260651952587068,0.2271690173074603,0.08,0.35,0.05,0.45,1.2,18.39874398112297,865658.59078376,865658.594621358
1735,eye0,pmrnet,loop,12.550781946629286,0.02,0.3546609077602625,3.308588988147676,0.4074079915881157,0.08,0.35,0.05,0.45,1.2,18.77143983412534,865658.598758897,865658.602829806
1736,eye0,pmrnet,loop,19.385416992008686,0.02,0.5198318976908922,9.853553026914597,0.5478060338646173,0.08,0.35,0.05,0.45,1.2,32.45660795047879,865658.606810718,865658.61773244
1737,eye0,pmrnet,loop,22.465193062089384,0.02,0.6794079672545195,9.801445063203573,0.45016093645244837,0.08,0.35,0.05,0.45,1.2,35.54620702899992,865658.617948812,865658.628880431
1738,eye0,pmrnet,loop,26.363309007138014,0.02,0.5751410499215126,9.692395105957985,0.4144790582358837,0.08,0.35,0.05,0.45,1.2,39.195324221253394,865658.630166323,865658.640848926
1740,eye0,pmrnet,loop,14.72929900046438,0.02,0.4727579653263092,3.382769995369017,0.4731880035251379,0.08,0.35,0.05,0.45,1.2,21.208014964684843,865658.641024291,865658.645353267
1741,eye0,pmrnet,loop,13.13061302062124,0.02,0.40819193236529827,4.092788905836642,0.47682796139270067,0.08,0.35,0.05,0.45,1.2,20.25842182021588,865658.646845497,865658.651823552
1742,eye0,pmrnet,loop,23.535878979600966,0.02,0.5376109620556235,9.678737027570605,1.2859250418841839,0.08,0.35,0.05,0.45,1.2,37.18815201111138,865658.65879418,865658.670296986
1743,eye0,pmrnet,loop,25.448292959481478,0.02,0.5441230023279786,7.458626059815288,0.6451240042224526,0.08,0.35,0.05,0.45,1.2,36.246166025847195,865658.671631133,865658.680279409
1744,eye0,pmrnet,loop,21.469427971169353,0.02,0.3295299829915166,3.2223480520769954,0.4196939989924431,0.08,0.35,0.05,0.45,1.2,27.591000005230306,865658.680397529,865658.684369398
1745,eye0,pmrnet,loop,17.801303998567164,0.02,0.3062839386984706,3.329108003526926,0.5202849861234426,0.08,0.35,0.05,0.45,1.2,24.106980926916002,865658.684614223,865658.688770125
1746,eye0,pmrnet,loop,15.909912995994091,0.02,0.34330307971686125,3.449292038567364,0.3775219665840268,0.08,0.35,0.05,0.45,1.2,22.230030080862342,865658.690777559,865658.694947902
1747,eye0,pmrnet,loop,15.791673911735415,0.02,0.3575519658625126,3.3836920047178864,0.3801829880103469,0.08,0.35,0.05,0.45,1.2,22.06310087032616,865658.698777066,865658.702898761
1748,eye0,pmrnet,loop,17.720910953357816,0.02,0.34746399614959955,3.5350429825484753,2.2638499503955245,0.08,0.35,0.05,0.45,1.2,26.017267882451414,865658.706751205,865658.712897826
1749,eye0,pmrnet,loop,22.26197300478816,0.02,0.5142389563843608,9.648586972616613,0.5154050886631012,0.08,0.35,0.05,0.45,1.2,35.090204022452234,865658.714828935,865658.725507706
1750,eye0,pmrnet,loop,25.901535991579294,0.02,1.7485750140622258,9.364844998344779,0.4263009177520871,0.08,0.35,0.05,0.45,1.2,39.591256921738385,865658.725675466,865658.737215668
1751,eye0,pmrnet,loop,30.403500073589385,0.02,0.514135928824544,9.602620033547282,1.3408579397946596,0.08,0.35,0.05,0.45,1.2,44.01111397575587,865658.738328643,865658.749786753
1753,eye0,pmrnet,loop,25.203744997270405,0.02,0.508768018335104,9.764041053131223,0.47133001498878,0.08,0.35,0.05,0.45,1.2,38.09788408372551,865658.749980443,865658.760725051
1754,eye0,pmrnet,loop,28.76590599771589,0.02,0.6192889995872974,9.58064803853631,0.4090530565008521,0.08,0.35,0.05,0.45,1.2,41.52489609234035,865658.761746377,865658.772355983
1756,eye0,pmrnet,loop,23.22029392234981,0.02,0.6238420028239489,9.24208597280085,0.5201390013098717,0.08,0.35,0.05,0.45,1.2,35.75636089928448,865658.772562707,865658.782949172
1757,eye0,pmrnet,loop,20.102693000808358,0.02,0.7440850604325533,3.183182096108794,0.23842102382332087,0.08,0.35,0.05,0.45,1.2,26.418381181173025,865658.783734836,865658.787900781
1758,eye0,pmrnet,loop,19.17356497142464,0.02,0.3259149380028248,6.449792999774218,0.23659307043999434,0.08,0.35,0.05,0.45,1.2,28.335865979641675,865658.788027908,865658.795040459
1759,eye0,pmrnet,loop,17.752237035892904,0.02,2.975253970362246,3.332106047309935,0.22536003962159157,0.08,0.35,0.05,0.45,1.2,26.434957093186675,865658.79515524,865658.801688181
1760,eye0,pmrnet,loop,15.918072080239654,0.02,0.3536270232871175,3.84387094527483,0.9472909150645137,0.08,0.35,0.05,0.45,1.2,23.212860963866113,865658.802778116,865658.807923117
1761,eye0,pmrnet,loop,15.397783950902522,0.02,0.40156999602913857,3.641525050625205,0.6202009972184896,0.08,0.35,0.05,0.45,1.2,22.211079994775353,865658.810808306,865658.815471935
1762,eye0,pmrnet,loop,14.994443044997752,0.02,0.4808589583262801,3.3155290875583887,0.5755670135840774,0.08,0.35,0.05,0.45,1.2,21.516398104466496,865658.81876535,865658.823137532
1763,eye0,pmrnet,loop,21.477450034581125,0.02,0.5134630482643843,9.890002082102,0.42365293484181166,0.08,0.35,0.05,0.45,1.2,34.45456809978932,865658.826860878,865658.837688542
1764,eye0,pmrnet,loop,24.64478905312717,0.02,1.2622550129890442,9.410082013346255,0.35972404293715954,0.08,0.35,0.05,0.45,1.2,37.82685012239963,865658.837892757,865658.848925414
1765,eye0,pmrnet,loop,22.418457898311317,0.02,1.1913639027625322,3.234931966289878,0.3949240781366825,0.08,0.35,0.05,0.45,1.2,29.389677845500408,865658.849946887,865658.854768394
1723,eye1,pmrnet,loop,22.708447999320924,0.02,0.5463319830596447,9.441970963962376,0.47944008838385344,0.08,0.35,0.05,0.45,1.2,35.3261910347268,865658.547889874,865658.55835814
1724,eye1,pmrnet,loop,27.270199032500386,0.02,0.4784190095961094,10.427257046103477,0.5195969715714455,0.08,0.35,0.05,0.45,1.2,40.84547205977142,865658.559561919,865658.570987712
1725,eye1,pmrnet,loop,29.866465949453413,0.02,0.5136700347065926,9.563680971041322,0.3631699364632368,0.08,0.35,0.05,0.45,1.2,42.45698689166456,865658.571212803,865658.581653797
1727,eye1,pmrnet,loop,26.286103995516896,0.02,0.8916490478441119,9.992882958613336,0.6149959517642856,0.08,0.35,0.05,0.45,1.2,39.93563195373863,865658.582711064,865658.594211119
1728,eye1,pmrnet,loop,28.467753087170422,0.02,0.4923950182273984,9.20321000739932,0.36264501977711916,0.08,0.35,0.05,0.45,1.2,40.67600313257426,865658.594403056,865658.604461889
1730,eye1,pmrnet,loop,24.12081090733409,0.02,0.6172939902171493,9.72768198698759,0.49256591591984034,0.08,0.35,0.05,0.45,1.2,37.10835280045867,865658.60541486,865658.616253009
1731,eye1,pmrnet,loop,27.129243011586368,0.02,0.5024329293519258,9.798777056857944,0.5685510113835335,0.08,0.35,0.05,0.45,1.2,40.14900400917977,865658.616458691,865658.627329147
1733,eye1,pmrnet,loop,24.141389061696827,0.02,0.5880589596927166,10.198905016295612,0.7931279251351953,0.08,0.35,0.05,0.45,1.2,37.87148096282035,865658.628899401,865658.640480122
1734,eye1,pmrnet,loop,27.627347968518734,0.02,0.6899989675730467,10.151010006666183,0.491495942696929,0.08,0.35,0.05,0.45,1.2,41.10985288545489,865658.640701924,865658.65203493
1736,eye1,pmrnet,loop,23.07552204001695,0.02,0.5674920976161957,9.502175031229854,0.48934691585600376,0.08,0.35,0.05,0.45,1.2,35.784536084719,865658.653062548,865658.66362204
1737,eye1,pmrnet,loop,26.195398066192865,0.02,0.5794870667159557,9.737079963088036,0.697266892530024,0.08,0.35,0.05,0.45,1.2,39.35923198852688,865658.663795652,865658.67481006
1746,eye1,pmrnet,loop,14.69664799515158,0.02,0.3338789101690054,3.360664937645197,0.40587608236819506,0.08,0.35,0.05,0.45,1.2,20.947067925333975,865658.731832779,865658.735933469
1748,eye1,pmrnet,loop,17.11645198520273,0.02,0.3812570357695222,5.9616839280352,0.44810096733272076,0.08,0.35,0.05,0.45,1.2,26.05749391634017,865658.747699239,865658.754490615
1750,eye1,pmrnet,loop,14.17501806281507,0.02,0.35089789889752865,3.3255049493163824,0.3697789506986737,0.08,0.35,0.05,0.45,1.2,20.371199861727654,865658.763641342,865658.767687795
1751,eye1,pmrnet,loop,15.227086027152836,0.02,0.392631976865232,3.835858078673482,0.9205520618706942,0.08,0.35,0.05,0.45,1.2,22.526128144562243,865658.771659169,865658.77680868
1752,eye1,pmrnet,loop,13.957084971480072,0.02,0.3460949519649148,3.417989006265998,0.19627995789051056,0.08,0.35,0.05,0.45,1.2,20.067448887601493,865658.779647244,865658.783607863
1753,eye1,pmrnet,loop,14.719716971740127,0.02,0.32554403878748417,3.854395938105881,0.601281994022429,0.08,0.35,0.05,0.45,1.2,21.65093894265592,865658.787657894,865658.79243957
1754,eye1,pmrnet,loop,15.094371978193521,0.02,0.35757001023739576,4.199072951450944,0.668963068164885,0.08,0.35,0.05,0.45,1.2,22.469978008046745,865658.795658207,865658.800884068
1755,eye1,pmrnet,loop,21.78329206071794,0.02,0.49744697753340006,11.022689985111356,0.449766987003386,0.08,0.35,0.05,0.45,1.2,35.90319601036608,865658.803670429,865658.815640953
1756,eye1,pmrnet,loop,23.93429004587233,0.02,0.49278000369668007,9.192971047013998,0.3280569799244404,0.08,0.35,0.05,0.45,1.2,36.09809807650745,865658.815847412,865658.825861763
1757,eye1,pmrnet,loop,27.045615017414093,0.02,0.43748889584094286,9.106658981181681,0.5142469890415668,0.08,0.35,0.05,0.45,1.2,39.25400988347828,865658.826982883,865658.837041635
1759,eye1,pmrnet,loop,21.4926180196926,0.02,0.5332580767571926,9.383511962369084,0.4663409199565649,0.08,0.35,0.05,0.45,1.2,34.02572897877544,865658.837243609,865658.847627195
1761,eye1,pmrnet,loop,27.102921972982585,0.02,0.45485899318009615,10.104511049576104,0.5601730663329363,0.08,0.35,0.05,0.45,1.2,40.37246508207172,865658.858255127,865658.86937513
1763,eye1,pmrnet,loop,17.6710820524022,0.02,0.5984560120850801,3.872653003782034,0.39043708238750696,0.08,0.35,0.05,0.45,1.2,24.682628150656818,865658.871220221,865658.876082189
1764,eye1,pmrnet,loop,15.477073029614985,0.02,1.975325052626431,3.386224969290197,0.40547794196754694,0.08,0.35,0.05,0.45,1.2,23.39410099349916,865658.876189921,865658.881957202
1765,eye1,pmrnet,loop,14.544998062774539,0.02,0.3514790441840887,4.538970999419689,0.4538310458883643,0.08,0.35,0.05,0.45,1.2,22.03927915226668,865658.883749061,865658.889093669
1766,eye1,pmrnet,loop,20.462682005017996,0.02,0.5300489719957113,9.848259971477091,0.5445609567686915,0.08,0.35,0.05,0.45,1.2,33.535551905259496,865658.892156678,865658.903080137
1767,eye1,pmrnet,loop,23.942288011312485,0.02,1.1153799714520574,9.887136053293943,0.35489199217408895,0.08,0.35,0.05,0.45,1.2,37.44969602823257,865658.903270174,865658.914628196
1769,eye1,pmrnet,loop,20.884508034214377,0.02,1.6906179953366518,9.761777007952332,0.32990798354148865,0.08,0.35,0.05,0.45,1.2,34.81681102104485,865658.915926135,865658.927708935
1770,eye1,pmrnet,loop,22.263917955569923,0.02,0.460905022919178,6.9230650551617146,1.8943250179290771,0.08,0.35,0.05,0.45,1.2,33.6922130515799,865658.927879024,865658.937157691
1771,eye1,pmrnet,loop,24.44317494519055,0.02,0.40768494363874197,8.577878004871309,0.35963195841759443,0.08,0.35,0.05,0.45,1.2,35.93836985211819,865658.938060053,865658.947405627
1772,eye1,pmrnet,loop,25.065811001695693,0.02,2.5998640339821577,5.4319839691743255,0.47366193030029535,0.08,0.35,0.05,0.45,1.2,35.72132093515247,865658.947591642,865658.95609754
1774,eye1,pmrnet,loop,21.97035902645439,0.02,2.2505370434373617,9.482495952397585,0.46663801185786724,0.08,0.35,0.05,0.45,1.2,36.3200300341472,865658.956939473,865658.969139675
1775,eye1,pmrnet,loop,25.044578942470253,0.02,0.5281689809635282,9.954937966540456,0.4798539448529482,0.08,0.35,0.05,0.45,1.2,38.15753983482718,865658.969318606,865658.980282045
1777,eye1,pmrnet,loop,20.820411038585007,0.02,0.6215519970282912,9.631985914893448,0.4725409671664238,0.08,0.35,0.05,0.45,1.2,33.696489917673176,865658.981469581,865658.992196238
1778,eye1,pmrnet,loop,23.656328092329204,0.02,0.5172870587557554,9.7001560498029,0.4814260173588991,0.08,0.35,0.05,0.45,1.2,36.50519721824676,865658.992402043,865659.003101463
1780,eye1,pmrnet,loop,13.577619916759431,0.02,1.0807199869304895,3.356872941367328,0.4475050373002887,0.08,0.35,0.05,0.45,1.2,20.612717882357536,865659.004276278,865659.009161687
1781,eye1,pmrnet,loop,16.38271100819111,0.02,0.38315600249916315,3.5608240868896246,0.40497491136193275,0.08,0.35,0.05,0.45,1.2,22.881666008941828,865659.015686297,865659.020035627
1782,eye1,pmrnet,loop,22.831430076621473,0.02,0.5153840174898505,9.964265045709908,0.35485299304127693,0.08,0.35,0.05,0.45,1.2,35.81593213286251,865659.023717752,865659.034552818
1783,eye1,pmrnet,loop,27.086017071269453,0.02,0.5622960161417723,10.260167066007853,1.2981360778212547,0.08,0.35,0.05,0.45,1.2,41.35661623124033,865659.034755793,865659.046876869
1785,eye1,pmrnet,loop,21.60171396099031,0.02,1.4498010277748108,7.866595988161862,0.5302570061758161,0.08,0.35,0.05,0.45,1.2,33.598367983102804,865659.047682574,865659.057529668
1786,eye1,pmrnet,loop,21.155672962777317,0.02,0.5175219848752022,6.528598023578525,0.36833598278462887,0.08,0.35,0.05,0.45,1.2,30.72012895401567,865659.05773862,865659.065153547
1787,eye1,pmrnet,loop,25.313874008134007,0.02,0.4786680219694972,10.210236068814993,0.7071370491757989,0.08,0.35,0.05,0.45,1.2,38.859915148094295,865659.065982941,865659.077379512
1788,eye1,pmrnet,loop,27.756727999076247,0.02,0.6170059787109494,9.35902597848326,0.32205600291490555,0.08,0.35,0.05,0.45,1.2,40.20481595918536,865659.077593635,865659.08789222
1790,eye1,pmrnet,loop,20.70386800915003,0.02,1.101412926800549,6.434572977013886,0.4230609629303217,0.08,0.35,0.05,0.45,1.2,30.812914875894784,865659.089018522,865659.096977916
1791,eye1,pmrnet,loop,16.91554905846715,0.02,0.34505792427808046,3.395361010916531,0.4177970113232732,0.08,0.35,0.05,0.45,1.2,23.223765004985033,865659.097099917,865659.101258405
1792,eye1,pmrnet,loop,15.710138017311692,0.02,0.3308659652248025,3.584053018130362,0.5079930415377021,0.08,0.35,0.05,0.45,1.2,22.283050042204557,865659.103699015,865659.108122195
1793,eye1,pmrnet,loop,16.210058005526662,0.02,0.3651910228654742,4.1662040166556835,0.45416492503136396,0.08,0.35,0.05,0.45,1.2,23.345617970079182,865659.111705184,865659.116690964
1794,eye1,pmrnet,loop,16.411977005191147,0.02,0.3734950441867113,3.4326709574088454,1.4622840099036694,0.08,0.35,0.05,0.45,1.2,23.830427016690372,865659.119693151,865659.124961997
1795,eye1,pmrnet,loop,15.333254006691277,0.02,0.35063002724200487,3.37769603356719,0.5223030457273126,0.08,0.35,0.05,0.45,1.2,21.733883113227783,865659.127702491,865659.131953333
1766,eye0,pmrnet,loop,19.014387973584235,0.02,0.34918799065053463,3.399498062208295,0.422151992097497,0.08,0.35,0.05,0.45,1.2,25.33522601854056,865658.855262265,865658.859433366
1767,eye0,pmrnet,loop,15.226860996335745,0.02,0.3427129704505205,3.247566055506468,0.5671810358762741,0.08,0.35,0.05,0.45,1.2,21.534321058169006,865658.859557244,865658.863714925
1768,eye0,pmrnet,loop,14.044480980373919,0.02,0.35788409877568483,3.2038509380072355,0.23625500034540892,0.08,0.35,0.05,0.45,1.2,19.992471017502247,865658.866803085,865658.870601316
1769,eye0,pmrnet,loop,21.664796047843993,0.02,0.520983012393117,10.307624004781246,0.6429760251194239,0.08,0.35,0.05,0.45,1.2,35.28637909013778,865658.87481823,865658.88629043
1770,eye0,pmrnet,loop,24.098776979371905,0.02,0.4522360395640135,9.390865103341639,0.4919359926134348,0.08,0.35,0.05,0.45,1.2,36.58381411489099,865658.886457236,865658.896792781
1771,eye0,pmrnet,loop,22.97532302327454,0.02,0.5248080706223845,4.971946938894689,0.2448749728500843,0.08,0.35,0.05,0.45,1.2,30.866953005641697,865658.89799738,865658.903739454
1772,eye0,pmrnet,loop,19.83072597067803,0.02,0.331538962200284,3.4015208948403597,1.0925880633294582,0.08,0.35,0.05,0.45,1.2,26.806373891048132,865658.903837768,865658.908663686
1773,eye0,pmrnet,loop,16.409815987572074,0.02,0.3441349836066365,3.5367909586057067,0.6630400894209743,0.08,0.35,0.05,0.45,1.2,23.10378201920539,865658.9087668,865658.913310994
1774,eye0,pmrnet,loop,14.523967984132469,0.02,0.4207210149616003,3.6129660438746214,0.630304915830493,0.08,0.35,0.05,0.45,1.2,21.337959958799182,865658.914830791,865658.919495069
1775,eye0,pmrnet,loop,13.825295958667994,0.02,0.3267759457230568,3.3316799672320485,0.41861901991069317,0.08,0.35,0.05,0.45,1.2,20.05237089153379,865658.922788144,865658.926865413
1776,eye0,pmrnet,loop,16.318688984028995,0.02,2.3387540131807327,3.739238018169999,0.5478550447151065,0.08,0.35,0.05,0.45,1.2,25.094536060094832,865658.930801461,865658.937427559
1777,eye0,pmrnet,loop,13.929206994362175,0.02,0.3538599703460932,3.3000539988279343,0.6397779798135161,0.08,0.35,0.05,0.45,1.2,20.372898943349718,865658.938813254,865658.943107244
1778,eye0,pmrnet,loop,13.756886008195579,0.02,0.3527470398694277,3.392655053175986,0.45281602069735527,0.08,0.35,0.05,0.45,1.2,20.105104121938346,865658.946805475,865658.951003929
1779,eye0,pmrnet,loop,18.575118971057236,0.02,0.3953969571739435,8.217171067371964,0.45528297778218985,0.08,0.35,0.05,0.45,1.2,29.792969973385333,865658.954822823,865658.963890934
1780,eye0,pmrnet,loop,15.550178941339254,0.02,0.3478290745988488,3.3464040607213974,0.4397840239107609,0.08,0.35,0.05,0.45,1.2,21.83419610057026,865658.964800894,865658.968935134
1781,eye0,pmrnet,loop,16.449038055725396,0.02,0.3777348902076483,6.186073995195329,0.5156249972060323,0.08,0.35,0.05,0.45,1.2,25.678471938334404,865658.97082207,865658.977901952
1782,eye0,pmrnet,loop,16.640866990201175,0.02,0.5154079990461469,6.410815985873342,0.4209419712424278,0.08,0.35,0.05,0.45,1.2,26.13803294636309,865658.978816475,865658.986164027
1783,eye0,pmrnet,loop,20.149694988504052,0.02,0.48440799582749605,9.848388959653676,0.4474329762160778,0.08,0.35,0.05,0.45,1.2,33.0799249202013,865658.986959896,865658.997740669
1784,eye0,pmrnet,loop,23.463977966457605,0.02,1.0520089417696,8.635667036287487,1.4910679310560226,0.08,0.35,0.05,0.45,1.2,36.79272187557071,865658.997945141,865659.009124344
1785,eye0,pmrnet,loop,28.497088002040982,0.02,0.6528840167447925,10.550701059401035,0.3999710315838456,0.08,0.35,0.05,0.45,1.2,42.250644109770654,865659.01062223,865659.022226337
1787,eye0,pmrnet,loop,22.997489082627,0.02,0.6318070227280259,9.290839079767466,0.5172370001673698,0.08,0.35,0.05,0.45,1.2,35.58737218528986,865659.022425458,865659.032865893
1788,eye0,pmrnet,loop,24.883607984520495,0.02,0.8002180838957429,7.059975061565638,0.4073759773746133,0.08,0.35,0.05,0.45,1.2,35.30117710735649,865659.034553548,865659.042821665
1790,eye0,pmrnet,loop,12.809879961423576,0.02,0.38093701004981995,3.212957992218435,0.3438990097492933,0.08,0.35,0.05,0.45,1.2,18.897673973441123,865659.042948001,865659.046886014
1791,eye0,pmrnet,loop,12.666131020523608,0.02,0.3367530880495906,3.2568060560151935,0.4024999216198921,0.08,0.35,0.05,0.45,1.2,18.812190086208282,865659.05081473,865659.054811009
1792,eye0,pmrnet,loop,18.456346937455237,0.02,0.5177810089662671,8.665574947372079,0.6638759514316916,0.08,0.35,0.05,0.45,1.2,30.453578845225273,865659.058822462,865659.068670189
1793,eye0,pmrnet,loop,14.970152988098562,0.02,0.34269492607563734,3.331816988065839,0.7727779448032379,0.08,0.35,0.05,0.45,1.2,21.567442847043274,865659.068805533,865659.073253057
1794,eye0,pmrnet,loop,19.52698698733002,0.02,0.5412099417299032,9.98582097236067,0.3698159707710147,0.08,0.35,0.05,0.45,1.2,32.57383387219161,865659.074981745,865659.085879105
1795,eye0,pmrnet,loop,25.256210006773472,0.02,2.867946051992476,10.178172960877419,0.6419529672712088,0.08,0.35,0.05,0.45,1.2,41.094281986914574,865659.085988029,865659.099676618
1797,eye0,pmrnet,loop,21.45703893620521,0.02,0.5126879550516605,9.460616041906178,0.389991095289588,0.08,0.35,0.05,0.45,1.2,33.97033402845263,865659.101651292,865659.112015204
1798,eye0,pmrnet,loop,20.404916955158114,0.02,0.4852220881730318,6.124277017079294,0.22197794169187546,0.08,0.35,0.05,0.45,1.2,29.386394002102314,865659.112200897,865659.119032798
1799,eye0,pmrnet,loop,18.46681605093181,0.02,0.3694210899993777,4.08335798420012,0.4429799737408757,0.08,0.35,0.05,0.45,1.2,25.512575098872183,865659.120267937,865659.125163971
1800,eye0,pmrnet,loop,25.71421000175178,0.02,0.49483508337289095,10.936434962786734,2.1801310358569026,0.08,0.35,0.05,0.45,1.2,41.47561108376831,865659.126866848,865659.140478823
1801,eye0,pmrnet,loop,27.500638971105218,0.02,0.5402630195021629,7.759972009807825,0.21313794422894716,0.08,0.35,0.05,0.45,1.2,38.16401194464415,865659.141821848,865659.150335672
1802,eye0,pmrnet,loop,24.70342500600964,0.02,0.3019139403477311,3.7084149662405252,1.1563660809770226,0.08,0.35,0.05,0.45,1.2,32.020119993574916,865659.150440519,865659.15560744
1803,eye0,pmrnet,loop,20.731135038658977,0.02,0.3483969485387206,3.249900066293776,0.3869859501719475,0.08,0.35,0.05,0.45,1.2,26.86641800366342,865659.155718601,865659.159704161
1804,eye0,pmrnet,loop,24.557218072004616,0.02,0.4906699759885669,9.663078002631664,0.757942907512188,0.08,0.35,0.05,0.45,1.2,37.618908958137034,865659.160686516,865659.171598797
1805,eye0,pmrnet,loop,25.46941803302616,0.02,0.5841800011694431,7.584540988318622,0.6461660377681255,0.08,0.35,0.05,0.45,1.2,36.43430506028235,865659.171764796,865659.180580077
1806,eye0,pmrnet,loop,25.864424998871982,0.02,0.5329709965735674,6.21507503092289,0.6404839223250747,0.08,0.35,0.05,0.45,1.2,35.40295494869351,865659.18165562,865659.189044582
1807,eye0,pmrnet,loop,22.344960016198456,0.02,0.35627291072160006,3.749120980501175,0.34204497933387756,0.08,0.35,0.05,0.45,1.2,28.942398886755107,865659.189146278,865659.193594012
1808,eye0,pmrnet,loop,19.384482060559094,0.02,0.38990809116512537,3.952053957618773,0.6570749683305621,0.08,0.35,0.05,0.45,1.2,26.533519077673553,865659.193703246,865659.198702519
1809,eye0,pmrnet,loop,16.03372802492231,0.02,0.338092097081244,3.18867398891598,0.39990898221731186,0.08,0.35,0.05,0.45,1.2,22.110403093136846,865659.199493957,865659.203420855
1810,eye0,pmrnet,loop,22.06097193993628,0.02,0.49557804595679045,9.643183904699981,0.5182690219953656,0.08,0.35,0.05,0.45,1.2,34.868002912588416,865659.20685813,865659.217515644
1811,eye0,pmrnet,loop,20.880625932477415,0.02,0.5323310615494847,4.780473071150482,0.5375620676204562,0.08,0.35,0.05,0.45,1.2,28.880992132797836,865659.218554686,865659.224405501
1812,eye0,pmrnet,loop,17.086528008803725,0.02,0.3099319292232394,3.411601996049285,0.4151989705860615,0.08,0.35,0.05,0.45,1.2,23.37326090466231,865659.224543646,865659.228680652
1813,eye0,pmrnet,loop,15.179406036622822,0.02,0.3453519893810153,3.3121940214186907,0.37344801239669323,0.08,0.35,0.05,0.45,1.2,21.36040005981922,865659.230811289,865659.234842497
1814,eye0,pmrnet,loop,16.878025024197996,0.02,0.41440397035330534,4.687960958108306,0.6735839415341616,0.08,0.35,0.05,0.45,1.2,24.803973894193767,865659.238833671,865659.244610071
1815,eye0,pmrnet,loop,15.572713920846581,0.02,0.37219596561044455,3.6844670539721847,0.5005269777029753,0.08,0.35,0.05,0.45,1.2,22.279903918132185,865659.246815944,865659.251373395
1816,eye0,pmrnet,loop,22.326829959638417,0.02,0.4891280550509691,10.193007998168468,0.686915940605104,0.08,0.35,0.05,0.45,1.2,35.84588195346296,865659.254826561,865659.26619616
1817,eye0,pmrnet,loop,26.346488972194493,0.02,0.5134419770911336,10.048103984445333,0.39185304194688797,0.08,0.35,0.05,0.45,1.2,39.449887975677846,865659.267330991,865659.278284944
1818,eye0,pmrnet,loop,22.793106036260724,0.02,0.3824059385806322,3.4874280681833625,0.510753015987575,0.08,0.35,0.05,0.45,1.2,29.323693059012292,865659.278420003,865659.282800921
1796,eye1,pmrnet,loop,15.67395799793303,0.02,0.3647799603641033,3.372500999830663,0.9521049214527011,0.08,0.35,0.05,0.45,1.2,22.513343879580496,865659.135673165,865659.140362787
1797,eye1,pmrnet,loop,15.0515470886603,0.02,0.3530950052663684,3.360131988301873,0.4113221075385809,0.08,0.35,0.05,0.45,1.2,21.32609618976712,865659.143684734,865659.147809594
1798,eye1,pmrnet,loop,14.82056500390172,0.02,0.34361600410193205,3.3191690454259515,0.31893898267298937,0.08,0.35,0.05,0.45,1.2,20.95228903610259,865659.151665526,865659.155647515
1799,eye1,pmrnet,loop,15.249368967488408,0.02,0.36686891689896584,3.40749800670892,0.7040770724415779,0.08,0.35,0.05,0.45,1.2,21.87781296353787,865659.159666623,865659.164145302
1801,eye1,pmrnet,loop,21.394283045083284,0.02,0.5761249922215939,9.801125968806446,0.3219139762222767,0.08,0.35,0.05,0.45,1.2,34.2434479823336,865659.17572782,865659.186427554
1803,eye1,pmrnet,loop,23.456268943846226,0.02,1.073839026503265,7.2271740064024925,0.2021050313487649,0.08,0.35,0.05,0.45,1.2,34.109387008100754,865659.196124326,865659.204627927
1804,eye1,pmrnet,loop,19.95144202373922,0.02,0.34255010541528463,3.295108093880117,0.8101280545815825,0.08,0.35,0.05,0.45,1.2,26.5492282776162,865659.204744113,865659.209192172
1805,eye1,pmrnet,loop,16.3407560903579,0.02,0.3099939785897732,3.606845042668283,0.4024549853056669,0.08,0.35,0.05,0.45,1.2,22.81005009692162,865659.209331037,865659.213650642
1806,eye1,pmrnet,loop,21.946956985630095,0.02,0.5030889296904206,9.684138000011444,0.8482439443469048,0.08,0.35,0.05,0.45,1.2,35.13242785967886,865659.216289297,865659.227325261
1807,eye1,pmrnet,loop,24.18626192957163,0.02,0.46902394387871027,9.254427975974977,0.39242301136255264,0.08,0.35,0.05,0.45,1.2,36.45213686078787,865659.227516922,865659.237633358
1808,eye1,pmrnet,loop,23.159004980698228,0.02,0.40856492705643177,5.07610896602273,0.36103895399719477,0.08,0.35,0.05,0.45,1.2,31.154717827774583,865659.238829919,865659.244675944
1809,eye1,pmrnet,loop,21.55980304814875,0.02,0.8028220618143678,4.456775961443782,1.0288259945809841,0.08,0.35,0.05,0.45,1.2,29.998227065987884,865659.244856937,865659.251145763
1810,eye1,pmrnet,loop,17.44292106013745,0.02,0.3400529967620969,3.2568140886723995,0.23739400785416365,0.08,0.35,0.05,0.45,1.2,23.42718215342611,865659.251263218,865659.255097779
1811,eye1,pmrnet,loop,16.703563975170255,0.02,0.4936860641464591,4.504804033786058,0.5725460359826684,0.08,0.35,0.05,0.45,1.2,24.42460010908544,865659.256856148,865659.262427605
1812,eye1,pmrnet,loop,14.010519022122025,0.02,0.3337679663673043,3.5506979329511523,0.2471769694238901,0.08,0.35,0.05,0.45,1.2,20.29216189086437,865659.263671509,865659.267803506
1813,eye1,pmrnet,loop,14.135012053884566,0.02,0.33943692687898874,3.573877038434148,0.40511798579245806,0.08,0.35,0.05,0.45,1.2,20.60344400499016,865659.271677685,865659.275996452
1814,eye1,pmrnet,loop,20.52831498440355,0.02,0.5088360048830509,9.6164729911834,0.632448005490005,0.08,0.35,0.05,0.45,1.2,33.43607198596001,865659.279700372,865659.290458624
1815,eye1,pmrnet,loop,23.36696395650506,0.02,0.47560303937643766,9.75374598056078,0.493554980494082,0.08,0.35,0.05,0.45,1.2,36.23986795693636,865659.290641791,865659.301365195
1816,eye1,pmrnet,loop,26.304196915589273,0.02,0.39074395317584276,8.791967993602157,0.605472014285624,0.08,0.35,0.05,0.45,1.2,38.242380876652895,865659.302584008,865659.312372527
1818,eye1,pmrnet,loop,21.53529296629131,0.02,0.5028060404583812,10.086224996484816,0.581962987780571,0.08,0.35,0.05,0.45,1.2,34.856286991015075,865659.312569898,865659.323741449
1819,eye1,pmrnet,loop,24.42326210439205,0.02,0.5348999984562397,9.008074994198978,0.2199009759351611,0.08,0.35,0.05,0.45,1.2,36.33613807298243,865659.324936028,865659.334699311
1820,eye1,pmrnet,loop,28.523284010589123,0.02,2.4623930221423507,9.04110400006175,0.535522005520761,0.08,0.35,0.05,0.45,1.2,42.71230303831398,865659.334827007,865659.346866384
1822,eye1,pmrnet,loop,26.723864022642374,0.02,2.2131180157884955,10.409676004201174,0.5837499629706144,0.08,0.35,0.05,0.45,1.2,42.080408005602656,865659.347998935,865659.361206015
1824,eye1,pmrnet,loop,19.221285940147936,0.02,0.49382203724235296,7.544237072579563,0.39761397056281567,0.08,0.35,0.05,0.45,1.2,29.806959020532666,865659.361406076,865659.369842222
1825,eye1,pmrnet,loop,18.250892986543477,0.02,0.485782977193594,5.206651985645294,0.4185279831290245,0.08,0.35,0.05,0.45,1.2,26.511855932511388,865659.370829144,865659.376940493
1826,eye1,pmrnet,loop,15.61833603773266,0.02,0.3879308933392167,4.565857001580298,0.35121897235512733,0.08,0.35,0.05,0.45,1.2,23.0733429050073,865659.377071694,865659.382377122
1827,eye1,pmrnet,loop,12.909015058539808,0.02,0.35174202639609575,3.281787969172001,0.4278901033103466,0.08,0.35,0.05,0.45,1.2,19.12043515741825,865659.383675226,865659.387736935
1828,eye1,pmrnet,loop,18.841259996406734,0.02,0.4766288911923766,9.12210694514215,0.4386159125715494,0.08,0.35,0.05,0.45,1.2,31.02861174531281,865659.391700061,865659.401737763
1829,eye1,pmrnet,loop,14.822538942098618,0.02,0.406568986363709,3.26143903657794,0.25062100030481815,0.08,0.35,0.05,0.45,1.2,20.891167965345083,865659.40186945,865659.405788326
1830,eye1,pmrnet,loop,19.361477927304804,0.02,0.5367180565372109,9.744610986672342,0.40852196980267763,0.08,0.35,0.05,0.45,1.2,32.20132894031703,865659.407705122,865659.418395503
1831,eye1,pmrnet,loop,22.64553599525243,0.02,0.6654770113527775,9.860386024229228,0.6374299991875887,0.08,0.35,0.05,0.45,1.2,35.958829030022024,865659.418584931,865659.429748757
1832,eye1,pmrnet,loop,28.63455901388079,0.02,0.48538600094616413,11.19052094873041,1.0158250806853175,0.08,0.35,0.05,0.45,1.2,43.47629104424268,865659.431114279,865659.44380647
1834,eye1,pmrnet,loop,18.12390296254307,0.02,0.3674819599837065,3.6232180427759886,1.4681179309263825,0.08,0.35,0.05,0.45,1.2,25.732720896229146,865659.443975347,865659.449434447
1835,eye1,pmrnet,loop,22.403988987207413,0.02,0.5031540058553219,10.1592349819839,0.6830160273239017,0.08,0.35,0.05,0.45,1.2,35.899394002370535,865659.450437773,865659.461783689
1836,eye1,pmrnet,loop,25.268831057474017,0.02,0.5097739631310105,9.855573065578938,0.3700689412653446,0.08,0.35,0.05,0.45,1.2,38.15424702744931,865659.461982966,865659.472718847
1838,eye1,pmrnet,loop,20.960267982445657,0.02,0.6432780064642429,9.687163983471692,0.6650459254160523,0.08,0.35,0.05,0.45,1.2,34.10575589779765,865659.473550935,865659.484547072
1839,eye1,pmrnet,loop,18.40625994373113,0.02,0.4902349319308996,3.970026969909668,0.8507089223712683,0.08,0.35,0.05,0.45,1.2,25.867230767942964,865659.484751858,865659.490063204
1840,eye1,pmrnet,loop,22.68106397241354,0.02,0.4787769867107272,9.766704053618014,0.4416219890117645,0.08,0.35,0.05,0.45,1.2,35.518167001754044,865659.491718853,865659.502406447
1841,eye1,pmrnet,loop,19.76127503439784,0.02,0.5535819800570607,3.7344320444390178,0.7326179184019566,0.08,0.35,0.05,0.45,1.2,26.931906977295874,865659.502534867,865659.507555811
1842,eye1,pmrnet,loop,22.908608079887927,0.02,0.4821930779144168,9.414781001396477,0.39105594623833895,0.08,0.35,0.05,0.45,1.2,35.34663810543716,865659.508483683,865659.518772161
1843,eye1,pmrnet,loop,19.367075990885496,0.02,0.4483358934521675,3.2193559454753995,0.7257959805428982,0.08,0.35,0.05,0.45,1.2,25.91056381035596,865659.518906075,865659.523299944
1844,eye1,pmrnet,loop,17.546394024975598,0.02,0.3976370207965374,5.046295002102852,0.3906650235876441,0.08,0.35,0.05,0.45,1.2,25.53099107146263,865659.523713319,865659.529548431
1845,eye1,pmrnet,loop,15.591819072142243,0.02,0.3259180812165141,3.2695609843358397,0.3729270538315177,0.08,0.35,0.05,0.45,1.2,21.710225191526114,865659.531694207,865659.535662941
1846,eye1,pmrnet,loop,16.527736093848944,0.02,0.3807919565588236,3.493551048450172,1.0333859827369452,0.08,0.35,0.05,0.45,1.2,23.585465081594883,865659.539759518,865659.544667533
1847,eye1,pmrnet,loop,15.912720933556557,0.02,0.3705130657181144,3.5831559216603637,0.38679002318531275,0.08,0.35,0.05,0.45,1.2,22.403179944120346,865659.547781094,865659.552121804
1848,eye1,pmrnet,loop,16.555418027564883,0.02,0.4722180310636759,4.166826023720205,0.5008740117773414,0.08,0.35,0.05,0.45,1.2,23.845336094126104,865659.555692959,865659.560833307
1849,eye1,pmrnet,loop,15.790989040397108,0.02,0.3546570660546422,3.7180179497227073,0.3409819910302758,0.08,0.35,0.05,0.45,1.2,22.35464604720473,865659.563724141,865659.568138105
1850,eye1,pmrnet,loop,15.522176050581038,0.02,0.33384503331035376,3.2362809870392084,0.6904629990458488,0.08,0.35,0.05,0.45,1.2,21.932765069976448,865659.571677223,865659.575938115
1851,eye1,pmrnet,loop,21.792960003949702,0.02,0.5140620050951838,9.356945054605603,0.6168449763208628,0.08,0.35,0.05,0.45,1.2,34.43081203997135,865659.579789651,865659.59027797
1852,eye1,pmrnet,loop,22.940296912565827,0.02,0.34230202436447144,8.024518960155547,0.7325620390474796,0.08,0.35,0.05,0.45,1.2,34.189679936133324,865659.590393454,865659.59949318
1819,eye0,pmrnet,loop,26.8765389919281,0.02,0.498164095915854,9.692349005490541,0.46810705680400133,0.08,0.35,0.05,0.45,1.2,39.685159150138496,865659.284293905,865659.29495302
1821,eye0,pmrnet,loop,21.860094973817468,0.02,0.5934349028393626,9.848939022049308,0.49606291577219963,0.08,0.35,0.05,0.45,1.2,34.948531814478336,865659.295134677,865659.306073644
1822,eye0,pmrnet,loop,20.889405044727027,0.02,0.5347930127754807,5.262905964627862,0.22882595658302307,0.08,0.35,0.05,0.45,1.2,29.065929978713392,865659.307146191,865659.313173166
1823,eye0,pmrnet,loop,16.99568808544427,0.02,0.33667392563074827,3.3078169217333198,0.404670019634068,0.08,0.35,0.05,0.45,1.2,23.194848952442406,865659.313299177,865659.317348669
1824,eye0,pmrnet,loop,15.124290017411113,0.02,0.41593494825065136,3.6631369730457664,0.6350449984893203,0.08,0.35,0.05,0.45,1.2,21.98840693719685,865659.318831787,865659.323546209
1825,eye0,pmrnet,loop,14.470797032117844,0.02,0.36813400220125914,3.3428430324420333,0.4096239572390914,0.08,0.35,0.05,0.45,1.2,20.741398024000226,865659.32684104,865659.330961937
1826,eye0,pmrnet,loop,22.249636007472873,0.02,0.529356999322772,10.736230993643403,0.7011389825493097,0.08,0.35,0.05,0.45,1.2,36.366362982988356,865659.334840261,865659.346807532
1827,eye0,pmrnet,loop,26.446920004673302,0.02,0.5887780571356416,9.96118295006454,0.5133450031280518,0.08,0.35,0.05,0.45,1.2,39.660226015001534,865659.348012465,865659.359076431
1829,eye0,pmrnet,loop,21.284890943206847,0.02,0.5092169158160686,9.78719093836844,0.4793120315298438,0.08,0.35,0.05,0.45,1.2,34.2106108289212,865659.359275882,865659.370052188
1830,eye0,pmrnet,loop,25.615129037760198,0.02,0.5001109093427658,9.838517988100648,0.9996040025725961,0.08,0.35,0.05,0.45,1.2,39.10336193777621,865659.371112292,865659.382451017
1831,eye0,pmrnet,loop,28.060261975042522,0.02,0.5042640259489417,9.272266062907875,0.5333099979907274,0.08,0.35,0.05,0.45,1.2,40.520102061890064,865659.382655566,865659.392965971
1833,eye0,pmrnet,loop,24.041162920184433,0.02,0.6172229768708348,9.866180014796555,0.6035770056769252,0.08,0.35,0.05,0.45,1.2,37.27814291752875,865659.393996543,865659.405084098
1834,eye0,pmrnet,loop,26.621224940754473,0.02,0.6330779287964106,9.333329973742366,0.48032798804342747,0.08,0.35,0.05,0.45,1.2,39.217960831336676,865659.405286241,865659.41573355
1836,eye0,pmrnet,loop,20.07404202595353,0.02,0.6919919978827238,4.881208995357156,0.5811559967696667,0.08,0.35,0.05,0.45,1.2,28.378399015963076,865659.419170092,865659.425325035
1837,eye0,pmrnet,loop,16.22016297187656,0.02,0.3184620290994644,3.174636047333479,0.6050370866432786,0.08,0.35,0.05,0.45,1.2,22.468298134952782,865659.425441854,865659.429540232
1838,eye0,pmrnet,loop,13.547847978770733,0.02,0.3320000832900405,3.3069680212065578,0.4969829460605979,0.08,0.35,0.05,0.45,1.2,19.833799029327928,865659.430800753,865659.434936991
1839,eye0,pmrnet,loop,14.919645967893302,0.02,0.5422399844974279,4.696020041592419,0.26924500707536936,0.08,0.35,0.05,0.45,1.2,22.577151001058517,865659.438869393,865659.444377353
1840,eye0,pmrnet,loop,13.39489605743438,0.02,0.3573800204321742,3.5141879925504327,0.24527707137167454,0.08,0.35,0.05,0.45,1.2,19.66174114178866,865659.446804547,865659.450921686
1841,eye0,pmrnet,loop,14.42863408010453,0.02,0.35161804407835007,4.398672957904637,0.48904295545071363,0.08,0.35,0.05,0.45,1.2,21.81796803753823,865659.454784232,865659.460023982
1842,eye0,pmrnet,loop,19.77566198911518,0.02,0.5194840487092733,9.703536983579397,0.36891200579702854,0.08,0.35,0.05,0.45,1.2,32.517595027200876,865659.462848377,865659.473440793
1843,eye0,pmrnet,loop,16.82929298840463,0.02,0.562682980671525,4.023389075882733,0.410682987421751,0.08,0.35,0.05,0.45,1.2,23.97604803238064,865659.473566233,865659.478563253
1844,eye0,pmrnet,loop,14.538054005242884,0.02,0.35408197436481714,3.594818990677595,0.6376899546012282,0.08,0.35,0.05,0.45,1.2,21.274644924886523,865659.479754378,865659.484341185
1845,eye0,pmrnet,loop,15.939575037918985,0.02,0.34095102455466986,6.00891700014472,0.6680219667032361,0.08,0.35,0.05,0.45,1.2,25.10746502932161,865659.486793316,865659.493811433
1846,eye0,pmrnet,loop,13.061916921287775,0.02,0.32780400943011045,3.461039043031633,0.3973430721089244,0.08,0.35,0.05,0.45,1.2,19.39810304585844,865659.494813101,865659.49899959
1847,eye0,pmrnet,loop,19.669675966724753,0.02,0.5146949551999569,9.813857031986117,0.508583034388721,0.08,0.35,0.05,0.45,1.2,32.65681098829955,865659.502841057,865659.513678796
1848,eye0,pmrnet,loop,22.226080996915698,0.02,0.5902380216866732,9.353722096420825,0.4848779644817114,0.08,0.35,0.05,0.45,1.2,34.804919079504906,865659.513875027,865659.524304317
1849,eye0,pmrnet,loop,26.362712029367685,0.02,2.6275489944964647,8.097467944025993,0.219144974835217,0.08,0.35,0.05,0.45,1.2,39.45687394272536,865659.525566179,865659.536510743
1851,eye0,pmrnet,loop,20.725118927657604,0.02,0.5049769533798099,9.496072074398398,0.39156293496489525,0.08,0.35,0.05,0.45,1.2,33.26773089040071,865659.536616895,865659.547009939
1852,eye0,pmrnet,loop,24.891259032301605,0.02,0.5220650928094983,9.832593030296266,0.7824620697647333,0.08,0.35,0.05,0.45,1.2,38.1783792251721,865659.548107802,865659.559245481
1854,eye0,pmrnet,loop,17.5778929842636,0.02,0.5083290161564946,7.4796880362555385,0.642425031401217,0.08,0.35,0.05,0.45,1.2,28.358335068076848,865659.559440007,865659.568070892
1855,eye0,pmrnet,loop,20.89254790917039,0.02,0.4778970032930374,9.526954963803291,0.5555320531129837,0.08,0.35,0.05,0.45,1.2,33.60293192937971,865659.568892528,865659.579453399
1856,eye0,pmrnet,loop,23.96722894627601,0.02,0.5493999924510717,9.755205945111811,0.6398339755833149,0.08,0.35,0.05,0.45,1.2,37.061668859422205,865659.579652669,865659.590597662
1857,eye0,pmrnet,loop,21.036755992099643,0.02,0.3782539861276746,3.262366051785648,0.558001920580864,0.08,0.35,0.05,0.45,1.2,27.385377950593828,865659.591537693,865659.595736607
1858,eye0,pmrnet,loop,16.88349700998515,0.02,0.3475509583950043,3.223351901397109,0.21800200920552015,0.08,0.35,0.05,0.45,1.2,22.82240187898278,865659.595863423,865659.599652586
1859,eye0,pmrnet,loop,22.80381601303816,0.02,0.3978729946538806,9.927965933457017,0.475135981105268,0.08,0.35,0.05,0.45,1.2,35.75479092225432,865659.602839661,865659.613641255
1860,eye0,pmrnet,loop,26.75156097393483,0.02,0.5149460630491376,9.927592007443309,0.5051209591329098,0.08,0.35,0.05,0.45,1.2,39.849220003560184,865659.614709084,865659.625657378
1861,eye0,pmrnet,loop,29.212891939096153,0.02,0.5192799726501107,9.397450019605458,0.4040671046823263,0.08,0.35,0.05,0.45,1.2,41.683689036034046,865659.62586763,865659.636188977
1863,eye0,pmrnet,loop,23.92645098734647,0.02,0.6381570128723979,8.765230071730912,0.5634459666907787,0.08,0.35,0.05,0.45,1.2,36.04328403864056,865659.637072287,865659.647039445
1864,eye0,pmrnet,loop,20.15394193585962,0.02,0.3597709583118558,3.371472004801035,0.40416500996798277,0.08,0.35,0.05,0.45,1.2,26.439349908940493,865659.647201018,865659.651336666
1865,eye0,pmrnet,loop,16.457753023132682,0.02,0.36535889375954866,3.291386994533241,0.5879489472135901,0.08,0.35,0.05,0.45,1.2,22.85244785863906,865659.651464939,865659.655709864
1866,eye0,pmrnet,loop,21.98143699206412,0.02,0.4878119798377156,9.535943972878158,0.4488470731303096,0.08,0.35,0.05,0.45,1.2,34.6040400179103,865659.658828874,865659.669301982
1867,eye0,pmrnet,loop,18.740460043773055,0.02,0.3698570653796196,3.6662870552390814,0.6639509228989482,0.08,0.35,0.05,0.45,1.2,25.590555087290703,865659.669430933,865659.67413132
1868,eye0,pmrnet,loop,22.471526986919343,0.02,0.49573706928640604,9.741924004629254,0.44336996506899595,0.08,0.35,0.05,0.45,1.2,35.302558025904,865659.675249228,865659.685930821
1869,eye0,pmrnet,loop,25.455698953010142,0.02,0.520645990036428,9.614088106900454,0.4873459693044424,0.08,0.35,0.05,0.45,1.2,38.227779019251464,865659.686361716,865659.696984353
1870,eye0,pmrnet,loop,28.799031977541745,0.02,0.5259419558569789,9.626606944948435,0.2604579785838723,0.08,0.35,0.05,0.45,1.2,41.36203885693103,865659.697983056,865659.708396506
1872,eye0,pmrnet,loop,23.42276507988572,0.02,0.6553300190716982,9.497681981883943,0.45745493844151497,0.08,0.35,0.05,0.45,1.2,36.183232019282876,865659.708547401,865659.71915838
1873,eye0,pmrnet,loop,29.355094069615006,0.02,1.6652930062264204,8.686551009304821,0.25025708600878716,0.08,0.35,0.05,0.45,1.2,42.107195171155034,865659.722557296,865659.733159924
1875,eye0,pmrnet,loop,17.495273030363023,0.02,0.3559570759534836,3.2678820425644517,0.5299650365486741,0.08,0.35,0.05,0.45,1.2,23.79907718542963,865659.733284172,865659.737438207
1876,eye0,pmrnet,loop,15.176621964201331,0.02,0.3230109577998519,3.49178200121969,0.5633221007883549,0.08,0.35,0.05,0.45,1.2,21.704737024009226,865659.738809878,865659.743188261
1877,eye0,pmrnet,loop,14.881712035275996,0.02,0.3894750261679292,3.3268139231950045,0.4009499680250883,0.08,0.35,0.05,0.45,1.2,21.148950952664016,865659.74684495,865659.750962512
1853,eye1,pmrnet,loop,25.840642978437245,0.02,0.5431179888546467,8.0057920422405,0.4916239995509386,0.08,0.35,0.05,0.45,1.2,37.03117700908333,865659.60142202,865659.610463067
1854,eye1,pmrnet,loop,24.57472204696387,0.02,0.4623320419341326,5.430663004517555,0.7334590191021562,0.08,0.35,0.05,0.45,1.2,33.35117611251772,865659.610639861,865659.617266704
1855,eye1,pmrnet,loop,29.331392026506364,0.02,0.477264984510839,10.879307985305786,0.48007199075073004,0.08,0.35,0.05,0.45,1.2,43.31803698707372,865659.618254265,865659.630091432
1857,eye1,pmrnet,loop,22.650516009889543,0.02,0.4820029716938734,8.20344197563827,0.5725648952648044,0.08,0.35,0.05,0.45,1.2,34.0585258524865,865659.630289961,865659.639548495
1858,eye1,pmrnet,loop,29.08614999614656,0.02,0.5596689879894257,10.546953068114817,0.6632650038227439,0.08,0.35,0.05,0.45,1.2,43.006037056073545,865659.642282903,865659.654053313
1860,eye1,pmrnet,loop,24.197870050556958,0.02,0.4600880201905966,10.099743027240038,0.5030850879848003,0.08,0.35,0.05,0.45,1.2,37.41078618597239,865659.654239374,865659.665302935
1861,eye1,pmrnet,loop,24.699090979993343,0.02,0.5090530030429363,5.93558803666383,1.0971480514854193,0.08,0.35,0.05,0.45,1.2,34.39088007118553,865659.666331154,865659.67387346
1862,eye1,pmrnet,loop,23.430626024492085,0.02,0.46682998072355986,5.643698037602007,0.5111059872433543,0.08,0.35,0.05,0.45,1.2,32.202260030061005,865659.6740526,865659.680674657
1863,eye1,pmrnet,loop,20.42067307047546,0.02,0.35591202322393656,3.1951379496604204,1.393018988892436,0.08,0.35,0.05,0.45,1.2,27.51474203225225,865659.680789179,865659.685733516
1864,eye1,pmrnet,loop,23.75007001683116,0.02,0.4826339427381754,9.553691023029387,0.3557410091161728,0.08,0.35,0.05,0.45,1.2,36.29213599171489,865659.686739182,865659.697131744
1865,eye1,pmrnet,loop,26.7994599416852,0.02,0.6268949946388602,9.734036982990801,0.5917670205235481,0.08,0.35,0.05,0.45,1.2,39.90215893983841,865659.697296432,865659.708249583
1867,eye1,pmrnet,loop,23.61325395759195,0.02,2.0355699816718698,9.446335956454277,0.3939160378649831,0.08,0.35,0.05,0.45,1.2,37.63907593358308,865659.709325152,865659.721201475
1868,eye1,pmrnet,loop,26.564317056909204,0.02,0.5284659564495087,9.534809039905667,0.4832400009036064,0.08,0.35,0.05,0.45,1.2,39.260832054167984,865659.721674912,865659.732221911
1870,eye1,pmrnet,loop,22.799253929406404,0.02,0.5015010247007012,10.107291978783906,0.397311057895422,0.08,0.35,0.05,0.45,1.2,35.95535799078643,865659.733587089,865659.744593722
1871,eye1,pmrnet,loop,25.197281036525965,0.02,0.5860190140083432,9.31734696496278,0.347943976521492,0.08,0.35,0.05,0.45,1.2,37.59859099201858,865659.74481003,865659.755061849
1873,eye1,pmrnet,loop,20.587087026797235,0.02,0.4705630708485842,9.512301068753004,0.3671729937195778,0.08,0.35,0.05,0.45,1.2,33.0871241601184,865659.756238952,865659.766589394
1874,eye1,pmrnet,loop,16.570842009969056,0.02,0.355422031134367,3.2319589518010616,0.33420207910239697,0.08,0.35,0.05,0.45,1.2,22.64242507200688,865659.766720616,865659.770642481
1875,eye1,pmrnet,loop,14.029806014150381,0.02,0.3761060070246458,3.4163700183853507,0.7030080305412412,0.08,0.35,0.05,0.45,1.2,20.675290070101617,865659.771675995,865659.776171745
1876,eye1,pmrnet,loop,13.48316902294755,0.02,0.35557697992771864,3.3868090249598026,0.23869192227721214,0.08,0.35,0.05,0.45,1.2,19.614246950112282,865659.779712455,865659.783693778
1877,eye1,pmrnet,loop,13.86809698306024,0.02,0.5181820597499609,3.5374750150367618,0.3785060252994299,0.08,0.35,0.05,0.45,1.2,20.452260083146392,865659.787713656,865659.792148094
1878,eye1,pmrnet,loop,20.504450076259673,0.02,0.36595400888472795,10.265019023790956,0.4812630359083414,0.08,0.35,0.05,0.45,1.2,33.766686144843696,865659.795740233,865659.806852816
1879,eye1,pmrnet,loop,25.15047590713948,0.02,0.5292410496622324,10.49691194202751,0.6084439810365438,0.08,0.35,0.05,0.45,1.2,38.935072879865764,865659.807932957,865659.819568029
1881,eye1,pmrnet,loop,19.90978606045246,0.02,0.46790100168436766,9.500319953076541,0.7224188884720206,0.08,0.35,0.05,0.45,1.2,32.75042590368539,865659.819773352,865659.830464689
1882,eye1,pmrnet,loop,18.200675025582314,0.02,0.49865792971104383,3.668735036626458,1.2423930456861854,0.08,0.35,0.05,0.45,1.2,25.760461037606,865659.831415065,865659.83682509
1883,eye1,pmrnet,loop,14.407624956220388,0.02,0.38452702574431896,3.317108959890902,0.37471402902156115,0.08,0.35,0.05,0.45,1.2,20.63397497087717,865659.837024945,865659.841101582
1884,eye1,pmrnet,loop,15.53458091802895,0.02,0.3737970255315304,5.868106964044273,0.36996195558458567,0.08,0.35,0.05,0.45,1.2,24.296446863189338,865659.843684677,865659.85029688
1885,eye1,pmrnet,loop,19.963326049037278,0.02,0.5324890371412039,9.561758954077959,0.9157819440588355,0.08,0.35,0.05,0.45,1.2,33.123355984315275,865659.851784667,865659.862795263
1886,eye1,pmrnet,loop,20.00966004561633,0.02,1.4027499128133059,5.710938014090061,0.8731849957257509,0.08,0.35,0.05,0.45,1.2,30.146532968245445,865659.862923355,865659.870910563
1887,eye1,pmrnet,loop,22.662692004814744,0.02,0.3620790084823966,8.884423063136637,0.3811580827459693,0.08,0.35,0.05,0.45,1.2,34.440352159179746,865659.872004133,865659.881632128
1888,eye1,pmrnet,loop,26.645960984751582,0.02,0.4867089446634054,10.444439947605133,0.9316980140283704,0.08,0.35,0.05,0.45,1.2,40.65880789104849,865659.881820407,865659.893683871
1890,eye1,pmrnet,loop,15.265261055901647,0.02,0.3503280458971858,3.2712919637560844,0.21293305326253176,0.08,0.35,0.05,0.45,1.2,21.249814118817447,865659.894607389,865659.898442251
1891,eye1,pmrnet,loop,12.862500036135316,0.02,0.2822319511324167,3.256832016631961,0.45764294918626547,0.08,0.35,0.05,0.45,1.2,19.009206953085958,865659.900111233,865659.90410829
1892,eye1,pmrnet,loop,12.768667889758945,0.02,0.37383101880550385,3.5536629147827625,0.44032209552824497,0.08,0.35,0.05,0.45,1.2,19.286483918875454,865659.907715144,865659.912083273
1893,eye1,pmrnet,loop,15.987172955647111,0.02,0.49461203161627054,6.6638089483603835,0.48505503218621016,0.08,0.35,0.05,0.45,1.2,25.780648967809974,865659.915727042,865659.923370917
1894,eye1,pmrnet,loop,13.229361968114972,0.02,0.33890700433403254,4.1898059425875545,0.41245296597480774,0.08,0.35,0.05,0.45,1.2,20.320527881011365,865659.923740832,865659.928682289
1895,eye1,pmrnet,loop,12.063493020832539,0.02,0.3421030705794692,3.270397079177201,0.21468393970280886,0.08,0.35,0.05,0.45,1.2,18.040677110292016,865659.931758124,865659.935585597
1896,eye1,pmrnet,loop,19.343411084264517,0.02,0.4821439506486058,9.854463976807892,0.8211800595745444,0.08,0.35,0.05,0.45,1.2,32.65119907129556,865659.939774288,865659.95093265
1897,eye1,pmrnet,loop,18.494765972718596,0.02,0.5056760273873806,5.020446027629077,0.8866590214893222,0.08,0.35,0.05,0.45,1.2,27.057547049224375,865659.951741601,865659.958154803
1898,eye1,pmrnet,loop,22.738385945558548,0.02,0.4799949238076806,9.750252007506788,0.5127289332449436,0.08,0.35,0.05,0.45,1.2,35.63136181011796,865659.959722764,865659.970466299
1899,eye1,pmrnet,loop,25.70848003961146,0.02,0.49398199189454317,9.67967789620161,0.6648160051554441,0.08,0.35,0.05,0.45,1.2,38.696955932863055,865659.970666302,865659.981505282
1900,eye1,pmrnet,loop,27.55845698993653,0.02,0.5082179559394717,8.00391100347042,0.2557559637352824,0.08,0.35,0.05,0.45,1.2,38.476341913081704,865659.982656466,865659.991424811
1901,eye1,pmrnet,loop,29.934513964690268,0.02,0.3947369987145066,9.424627060070634,0.48776401672512293,0.08,0.35,0.05,0.45,1.2,42.39164204020053,865659.99156185,865660.001869478
1903,eye1,pmrnet,loop,21.060441038571298,0.02,0.5102399736642838,4.658326040953398,0.824840972200036,0.08,0.35,0.05,0.45,1.2,29.203848025389014,865660.003140435,865660.009134254
1904,eye1,pmrnet,loop,17.40563800558448,0.02,0.3489539958536625,3.277067909948528,0.6555709987878799,0.08,0.35,0.05,0.45,1.2,23.837230910174547,865660.009266766,865660.013548639
1905,eye1,pmrnet,loop,15.671781031414866,0.02,0.39540999568998814,3.276120056398213,0.44743495527654886,0.08,0.35,0.05,0.45,1.2,21.940746038779615,865660.015764574,865660.019883856
1906,eye1,pmrnet,loop,16.554414993152022,0.02,0.3533790586516261,3.553515998646617,1.2123399646952748,0.08,0.35,0.05,0.45,1.2,23.82365001514554,865660.023715772,865660.028835334
1907,eye1,pmrnet,loop,15.434016939252615,0.02,0.3529239911586046,3.279287018813193,0.4465649835765362,0.08,0.35,0.05,0.45,1.2,21.662792932800947,865660.031704909,865660.035783996
1908,eye1,pmrnet,loop,15.455708024092019,0.02,0.3496620338410139,3.3579360460862517,0.43575605377554893,0.08,0.35,0.05,0.45,1.2,21.74906215779483,865660.039731145,865660.043874791
1909,eye1,pmrnet,loop,15.637128031812608,0.02,0.45607308857142925,3.4528400283306837,0.37800497375428677,0.08,0.35,0.05,0.45,1.2,22.074046122469007,865660.047837426,865660.052124757
1910,eye1,pmrnet,loop,20.32311598304659,0.02,0.3590509295463562,8.299787994474173,0.49748201854526997,0.08,0.35,0.05,0.45,1.2,31.62943692561239,865660.055722476,865660.064879216
1878,eye0,pmrnet,loop,15.478035900741816,0.02,0.3508449299260974,3.8401040947064757,0.5685630021616817,0.08,0.35,0.05,0.45,1.2,22.38754792753607,865659.754868065,865659.75962783
1879,eye0,pmrnet,loop,18.601738032884896,0.02,0.3769759787246585,7.176480023190379,0.4486780380830169,0.08,0.35,0.05,0.45,1.2,28.75387207288295,865659.762817552,865659.770820187
1880,eye0,pmrnet,loop,21.951375994831324,0.02,0.4711099900305271,10.071679018437862,0.7018949836492538,0.08,0.35,0.05,0.45,1.2,35.346059986948966,865659.770993309,865659.782238471
1881,eye0,pmrnet,loop,26.170143042691052,0.02,0.5449330201372504,9.639173047617078,0.36560301668941975,0.08,0.35,0.05,0.45,1.2,38.8698521271348,865659.783976462,865659.794526828
1882,eye0,pmrnet,loop,28.56022701598704,0.02,0.4642970161512494,9.356252034194767,0.46868808567523956,0.08,0.35,0.05,0.45,1.2,40.999464152008294,865659.794695861,865659.804985573
1884,eye0,pmrnet,loop,24.187188944779336,0.02,0.5594580434262753,9.681745083071291,0.3893990069627762,0.08,0.35,0.05,0.45,1.2,36.96779107823968,865659.806119894,865659.816751071
1885,eye0,pmrnet,loop,20.627874066121876,0.02,0.5165080074220896,3.3506100298836827,0.5191820673644543,0.08,0.35,0.05,0.45,1.2,27.1641741707921,865659.81687407,865659.821260657
1886,eye0,pmrnet,loop,17.04442605841905,0.02,0.36947999615222216,3.455969039350748,0.552964978851378,0.08,0.35,0.05,0.45,1.2,23.572840072773396,865659.82136744,865659.82574615
1887,eye0,pmrnet,loop,16.954899998381734,0.02,0.6263880059123039,4.861439927481115,1.36430689599365,0.08,0.35,0.05,0.45,1.2,25.9570348277688,865659.826873357,865659.833725886
1888,eye0,pmrnet,loop,15.553326928056777,0.02,0.33863598946481943,4.1357449954375625,1.051139086484909,0.08,0.35,0.05,0.45,1.2,23.228846999444066,865659.834867686,865659.840393468
1889,eye0,pmrnet,loop,15.69577504415065,0.02,0.37989404518157244,4.095446085557342,1.2409250484779477,0.08,0.35,0.05,0.45,1.2,23.56204022336751,865659.842887999,865659.848604607
1890,eye0,pmrnet,loop,21.977407042868435,0.02,0.43433799874037504,10.141292936168611,0.47235400415956974,0.08,0.35,0.05,0.45,1.2,35.17539198193699,865659.851906159,865659.862954707
1891,eye0,pmrnet,loop,21.916345111094415,0.02,0.5160279106348753,6.953870062716305,0.33967604395002127,0.08,0.35,0.05,0.45,1.2,31.875919128395616,865659.863153202,865659.870963172
1892,eye0,pmrnet,loop,19.62034695316106,0.02,0.33692806027829647,3.812795039266348,0.6744679994881153,0.08,0.35,0.05,0.45,1.2,26.59453805219382,865659.871911978,865659.876736454
1893,eye0,pmrnet,loop,16.183984000235796,0.02,0.36684900987893343,3.594049019739032,0.560177955776453,0.08,0.35,0.05,0.45,1.2,22.855059985630213,865659.876847728,865659.88136903
1894,eye0,pmrnet,loop,14.342925976961851,0.02,0.34933199640363455,3.314028959721327,1.0504510719329119,0.08,0.35,0.05,0.45,1.2,21.206738005019723,865659.882882939,865659.887597011
1895,eye0,pmrnet,loop,13.293224037624896,0.02,0.371705973520875,3.1851540552452207,0.21749199368059635,0.08,0.35,0.05,0.45,1.2,19.217576060071586,865659.890841833,865659.894616419
1896,eye0,pmrnet,loop,21.08282095286995,0.02,0.4974260227754712,10.194651084020734,0.9148070821538568,0.08,0.35,0.05,0.45,1.2,34.83970514182001,865659.898866647,865659.910474093
1897,eye0,pmrnet,loop,23.879147018305957,0.02,0.6262380629777908,9.565922082401812,0.4710960201919079,0.08,0.35,0.05,0.45,1.2,36.69240318387747,865659.910676055,865659.92133973
1898,eye0,pmrnet,loop,28.827075962908566,0.02,0.9389129700139165,10.289692087098956,0.6579440087080002,0.08,0.35,0.05,0.45,1.2,42.86362502872944,865659.92246916,865659.934356257
1900,eye0,pmrnet,loop,18.364718067459762,0.02,1.8067810451611876,3.3279419876635075,0.36154408007860184,0.08,0.35,0.05,0.45,1.2,26.010985180363058,865659.934536103,865659.940032721
1901,eye0,pmrnet,loop,18.306987010873854,0.02,0.4883490037173033,5.810013972222805,0.519486959092319,0.08,0.35,0.05,0.45,1.2,27.27483694590628,865659.941225314,865659.948043669
1902,eye0,pmrnet,loop,14.201040961779654,0.02,0.3303680568933487,3.2585860462859273,0.23436301853507757,0.08,0.35,0.05,0.45,1.2,20.174358083494006,865659.948183491,865659.952007041
1903,eye0,pmrnet,loop,19.90365597885102,0.02,0.3361429553478956,10.211735963821411,0.37768506444990635,0.08,0.35,0.05,0.45,1.2,32.97921996247023,865659.954852238,865659.96577817
1904,eye0,pmrnet,loop,23.145451094023883,0.02,0.5346930120140314,8.929720963351429,0.39997196290642023,0.08,0.35,0.05,0.45,1.2,35.15983703229576,865659.967224442,865659.977089301
1905,eye0,pmrnet,loop,19.434980931691825,0.02,0.35349803511053324,3.514978918246925,0.361950951628387,0.08,0.35,0.05,0.45,1.2,25.81540883667767,865659.977217328,865659.981447979
1906,eye0,pmrnet,loop,20.99226403515786,0.02,0.33963099122047424,8.39893997181207,0.7471309509128332,0.08,0.35,0.05,0.45,1.2,32.627965949103235,865659.981586792,865659.991073034
1907,eye0,pmrnet,loop,25.7177350576967,0.02,0.5369560094550252,9.540927945636213,0.34386792685836554,0.08,0.35,0.05,0.45,1.2,38.2894869396463,865659.993445868,865660.00386817
1909,eye0,pmrnet,loop,20.326875033788383,0.02,0.472082057967782,9.853098075836897,0.2393369795754552,0.08,0.35,0.05,0.45,1.2,33.041392147168516,865660.004051586,865660.014616478
1910,eye0,pmrnet,loop,21.252141916193068,0.02,0.5443060072138906,7.088440004736185,0.4656449891626835,0.08,0.35,0.05,0.45,1.2,31.500532917305826,865660.01551225,865660.023610938
1911,eye0,pmrnet,loop,24.013233021833003,0.02,0.3941491013392806,9.489753050729632,0.7936250185593963,0.08,0.35,0.05,0.45,1.2,36.84076019246131,865660.023762647,865660.034440553
1913,eye0,pmrnet,loop,17.962584039196372,0.02,0.558538013137877,7.985608070157468,0.4935560282319784,0.08,0.35,0.05,0.45,1.2,29.150286150723694,865660.03548948,865660.044527702
1914,eye0,pmrnet,loop,20.54429892450571,0.02,0.48975704703480005,9.586564032360911,0.3958549350500107,0.08,0.35,0.05,0.45,1.2,33.16647493895143,865660.044705829,865660.055178516
1915,eye0,pmrnet,loop,27.308319928124547,0.02,1.7276600701734424,11.14483701530844,0.6562339840456843,0.08,0.35,0.05,0.45,1.2,42.98705099765211,865660.056481984,865660.070011236
1916,eye0,pmrnet,loop,31.424336950294673,0.02,0.6687699351459742,10.709977941587567,0.6018470739945769,0.08,0.35,0.05,0.45,1.2,45.55493190102279,865660.070216151,865660.082197349
1918,eye0,pmrnet,loop,20.084992051124573,0.02,0.49085007049143314,3.3084070309996605,0.231705023907125,0.08,0.35,0.05,0.45,1.2,26.26595417652279,865660.082964413,865660.086995646
1919,eye0,pmrnet,loop,17.143770935945213,0.02,0.3508729860186577,3.8094529882073402,0.8214929839596152,0.08,0.35,0.05,0.45,1.2,24.275589894130825,865660.087141699,865660.09212376
1920,eye0,pmrnet,loop,17.070138943381608,0.02,0.36931096110492945,3.946721088141203,0.9709059959277511,0.08,0.35,0.05,0.45,1.2,24.50707698855549,865660.094832039,865660.10011921
1921,eye0,pmrnet,loop,16.43360801972449,0.02,0.34230505116283894,3.6758319474756718,0.7018720498308539,0.08,0.35,0.05,0.45,1.2,23.30361706819385,865660.102831189,865660.107551423
1922,eye0,pmrnet,loop,15.747435041703284,0.02,0.3885480109602213,3.367349971085787,0.3408440388739109,0.08,0.35,0.05,0.45,1.2,21.9941770626232,865660.110837451,865660.114934428
1923,eye0,pmrnet,loop,18.326111952774227,0.02,1.7829700373113155,4.479820025153458,0.482016010209918,0.08,0.35,0.05,0.45,1.2,27.220918025448917,865660.118837102,865660.125582163
1924,eye0,pmrnet,loop,18.55540694668889,0.02,0.4786199424415827,3.6087019834667444,1.4626409392803907,0.08,0.35,0.05,0.45,1.2,26.255369811877607,865660.128330204,865660.133880549
1925,eye0,pmrnet,loop,16.859026974998415,0.02,0.37339795380830765,3.66035895422101,1.3819390442222357,0.08,0.35,0.05,0.45,1.2,24.424722927249967,865660.134837211,865660.140253123
1926,eye0,pmrnet,loop,17.29397603776306,0.02,0.3758789971470833,3.3059860579669476,2.259960980154574,0.08,0.35,0.05,0.45,1.2,25.385802073031662,865660.142814568,865660.14875663
1927,eye0,pmrnet,loop,23.245324031449854,0.02,0.5941959097981453,10.136755066923797,1.1532760690897703,0.08,0.35,0.05,0.45,1.2,37.279551077261566,865660.150892099,865660.162776838
1928,eye0,pmrnet,loop,26.15672000683844,0.02,0.4662880674004555,9.547922993078828,0.789821962825954,0.08,0.35,0.05,0.45,1.2,39.11075303014368,865660.1629522,865660.173756728
1930,eye0,pmrnet,loop,18.739013001322746,0.02,0.5327159306034446,6.69092801399529,0.33938197884708643,0.08,0.35,0.05,0.45,1.2,28.452038924768566,865660.174914542,865660.18247796
1931,eye0,pmrnet,loop,16.062297043390572,0.02,0.32235204707831144,4.193875007331371,0.5287220701575279,0.08,0.35,0.05,0.45,1.2,23.25724616795778,865660.182825188,865660.187870398
1932,eye0,pmrnet,loop,16.253416892141104,0.02,0.3751270705834031,3.8051940500736237,1.120139961130917,0.08,0.35,0.05,0.45,1.2,23.703877973929046,865660.190829797,865660.196130482
1933,eye0,pmrnet,loop,21.561441011726856,0.02,0.49371307250112295,9.612631984055042,0.5287269596010447,0.08,0.35,0.05,0.45,1.2,34.346513027884065,865660.198871183,865660.209506743
1911,eye1,pmrnet,loop,19.27678391803056,0.02,0.5387570708990097,4.115354968234897,0.4858409520238638,0.08,0.35,0.05,0.45,1.2,26.56673690918833,865660.066762283,865660.071902661
1912,eye1,pmrnet,loop,15.452821040526032,0.02,0.34414289984852076,3.309929044917226,0.47150300815701485,0.08,0.35,0.05,0.45,1.2,21.728395993448792,865660.072021895,865660.07614771
1913,eye1,pmrnet,loop,14.874032000079751,0.02,0.34864700865000486,3.3584299962967634,0.22543699014931917,0.08,0.35,0.05,0.45,1.2,20.956545995175837,865660.079705267,865660.083638057
1914,eye1,pmrnet,loop,17.634693067520857,0.02,0.5185629706829786,5.938563030213118,0.22593094035983086,0.08,0.35,0.05,0.45,1.2,26.467750008776783,865660.087783775,865660.094467297
1915,eye1,pmrnet,loop,15.291183954104781,0.02,0.3530820831656456,3.783595049753785,0.34006196074187756,0.08,0.35,0.05,0.45,1.2,21.917923047766088,865660.095717056,865660.100194059
1916,eye1,pmrnet,loop,21.91472495906055,0.02,0.3514380659908056,10.035899933427572,0.8007989963516593,0.08,0.35,0.05,0.45,1.2,35.252861954830585,865660.103697125,865660.114885594
1917,eye1,pmrnet,loop,18.833733978681266,0.02,0.5520780105143785,3.4486870281398296,0.22620800882577896,0.08,0.35,0.05,0.45,1.2,25.210707026161252,865660.115647225,865660.119874474
1918,eye1,pmrnet,loop,16.26460300758481,0.02,0.3367919707670808,4.114038893021643,0.9256029734387994,0.08,0.35,0.05,0.45,1.2,23.791036844812332,865660.11999785,865660.125374531
1919,eye1,pmrnet,loop,16.740738064981997,0.02,0.3971420228481293,5.250619957223535,0.5102609284222126,0.08,0.35,0.05,0.45,1.2,25.048760973475872,865660.127761366,865660.133919662
1920,eye1,pmrnet,loop,15.014514909125865,0.02,0.35994499921798706,3.6187010118737817,0.5619750590994954,0.08,0.35,0.05,0.45,1.2,21.705135979317127,865660.135721744,865660.140262639
1921,eye1,pmrnet,loop,15.796441002748907,0.02,1.3913899892941117,3.624369972385466,0.36725099198520184,0.08,0.35,0.05,0.45,1.2,23.329451956413685,865660.143729803,865660.149113077
1922,eye1,pmrnet,loop,15.428971964865923,0.02,0.9084910852834582,3.4933119313791394,0.6713790353387594,0.08,0.35,0.05,0.45,1.2,22.65215401686728,865660.151741591,865660.156814983
1923,eye1,pmrnet,loop,14.891146100126207,0.02,0.3584868973121047,3.739850944839418,0.4941269289702177,0.08,0.35,0.05,0.45,1.2,21.633610871247946,865660.159752863,865660.164345703
1924,eye1,pmrnet,loop,18.907450954429805,0.02,0.49540004692971706,7.684482028707862,0.5196969723328948,0.08,0.35,0.05,0.45,1.2,29.757030002400278,865660.167730417,865660.176430495
1925,eye1,pmrnet,loop,16.82215102482587,0.02,0.4884550580754876,3.396317013539374,1.0401170002296567,0.08,0.35,0.05,0.45,1.2,23.897040096670388,865660.177489514,865660.182414838
1926,eye1,pmrnet,loop,14.280030969530344,0.02,0.35651703365147114,3.5367929376661777,0.3383060684427619,0.08,0.35,0.05,0.45,1.2,20.661647009290753,865660.183709732,865660.187941662
1927,eye1,pmrnet,loop,15.083995065651834,0.02,0.36903994623571634,4.3959179893136024,0.3448100760579109,0.08,0.35,0.05,0.45,1.2,22.343763077259062,865660.1917048,865660.196814861
1928,eye1,pmrnet,loop,20.55017207749188,0.02,0.48455107025802135,9.697168017737567,0.4182159900665283,0.08,0.35,0.05,0.45,1.2,33.300107155554,865660.199748914,865660.210349385
1929,eye1,pmrnet,loop,23.441668949089944,0.02,0.5393939791247249,9.682647068984807,0.5412639584392309,0.08,0.35,0.05,0.45,1.2,36.354973955638705,865660.210546446,865660.221310396
1930,eye1,pmrnet,loop,29.221158009022474,0.02,1.4935439685359597,10.315330931916833,0.7097630295902491,0.08,0.35,0.05,0.45,1.2,43.889795939065515,865660.222639157,865660.235158126
1932,eye1,pmrnet,loop,23.112580995075405,0.02,0.5135569954290986,8.940370986238122,0.36313908640295267,0.08,0.35,0.05,0.45,1.2,35.07964806314558,865660.23537074,865660.24518832
1933,eye1,pmrnet,loop,19.571251003071666,0.02,0.3528209635987878,3.2020879443734884,0.34440099261701107,0.08,0.35,0.05,0.45,1.2,25.62056090366095,865660.245816386,865660.249715948
1934,eye1,pmrnet,loop,16.738001024350524,0.02,0.3574698930606246,4.383202991448343,0.3849329659715295,0.08,0.35,0.05,0.45,1.2,24.01360687483102,865660.249826166,865660.254952049
1935,eye1,pmrnet,loop,13.403958058916032,0.02,0.3501040628179908,3.210733993910253,0.4121290985494852,0.08,0.35,0.05,0.45,1.2,19.52692521419376,865660.255713824,865660.259687041
1936,eye1,pmrnet,loop,13.416609028354287,0.02,0.3560709301382303,3.2035670010372996,0.504925032146275,0.08,0.35,0.05,0.45,1.2,19.63117199167609,865660.26370397,865660.267768773
1937,eye1,pmrnet,loop,13.91229999717325,0.02,0.40193507447838783,3.6755820037797093,0.5359579809010029,0.08,0.35,0.05,0.45,1.2,20.67577505633235,865660.271719518,865660.276333343
1938,eye1,pmrnet,loop,14.633640996180475,0.02,0.3779529361054301,3.906718920916319,1.1344890808686614,0.08,0.35,0.05,0.45,1.2,22.202801934070884,865660.279704265,865660.285123663
1939,eye1,pmrnet,loop,19.913583993911743,0.02,0.5097649991512299,9.799449937418103,0.40289596654474735,0.08,0.35,0.05,0.45,1.2,32.77569489702582,865660.287759024,865660.298471765
1940,eye1,pmrnet,loop,23.105403990484774,0.02,1.0185500141233206,9.57682600710541,0.4670670023187995,0.08,0.35,0.05,0.45,1.2,36.3178470140323,865660.298669071,865660.309732109
1941,eye1,pmrnet,loop,25.409032008610666,0.02,0.5527730099856853,8.032468031160533,0.580432009883225,0.08,0.35,0.05,0.45,1.2,36.72470505964011,865660.310939832,865660.32010587
1943,eye1,pmrnet,loop,14.700958970934153,0.02,0.36517297849059105,4.171852022409439,0.7625570287927985,0.08,0.35,0.05,0.45,1.2,22.15054100062698,865660.320236041,865660.325535989
1944,eye1,pmrnet,loop,16.95340999867767,0.02,0.3526260843500495,7.538114092312753,0.23751100525259972,0.08,0.35,0.05,0.45,1.2,27.231661180593072,865660.327728186,865660.335856788
1945,eye1,pmrnet,loop,14.1172690782696,0.02,0.34171203151345253,3.8294889964163303,0.34439004957675934,0.08,0.35,0.05,0.45,1.2,20.78286015577614,865660.336574548,865660.341090388
1946,eye1,pmrnet,loop,13.591980910860002,0.02,0.3607149701565504,3.4309240290895104,1.1147439945489168,0.08,0.35,0.05,0.45,1.2,20.64836390465498,865660.343727192,865660.348633853
1947,eye1,pmrnet,loop,12.992184958420694,0.02,0.404848949983716,3.5361030604690313,0.4409890389069915,0.08,0.35,0.05,0.45,1.2,19.52412600778043,865660.351720883,865660.356103164
1948,eye1,pmrnet,loop,18.66384397726506,0.02,0.5089589394629002,9.167445939965546,0.4113869508728385,0.08,0.35,0.05,0.45,1.2,30.901635807566343,865660.35975522,865660.369843503
1949,eye1,pmrnet,loop,16.832333989441395,0.02,2.1339990198612213,3.4133760491386056,0.5439019296318293,0.08,0.35,0.05,0.45,1.2,25.07361098807305,865660.369989432,865660.376081054
1950,eye1,pmrnet,loop,16.55564398970455,0.02,0.6392169743776321,5.99724194034934,0.3518969751894474,0.08,0.35,0.05,0.45,1.2,25.693999879620968,865660.376884479,865660.383873267
1951,eye1,pmrnet,loop,13.417048961855471,0.02,1.0814369888976216,3.3135919366031885,0.39352697785943747,0.08,0.35,0.05,0.45,1.2,20.355604865215717,865660.38401526,865660.388804098
1952,eye1,pmrnet,loop,12.356051011011004,0.02,0.34139608033001423,3.2410260755568743,0.5245690699666739,0.08,0.35,0.05,0.45,1.2,18.613042236864565,865660.391704681,865660.395812005
1953,eye1,pmrnet,loop,13.158397050574422,0.02,0.4993228940293193,4.056668956764042,0.3594269510358572,0.08,0.35,0.05,0.45,1.2,20.22381585240364,865660.399767287,865660.404683152
1954,eye1,pmrnet,loop,12.380023021250963,0.02,0.3063540207222104,3.5695440601557493,0.41133794002234936,0.08,0.35,0.05,0.45,1.2,18.81725904215127,865660.407687265,865660.411974791
1955,eye1,pmrnet,loop,16.65525999851525,0.02,0.5467779701575637,3.554323920980096,0.4267619224265218,0.08,0.35,0.05,0.45,1.2,23.333123812079428,865660.419790368,865660.424318646
1956,eye1,pmrnet,loop,16.192112932913005,0.02,0.3604090306907892,3.3636230509728193,0.4787829238921404,0.08,0.35,0.05,0.45,1.2,22.544927938468753,865660.427721787,865660.431924842
1957,eye1,pmrnet,loop,16.11808396410197,0.02,0.3605339443311095,3.430158016271889,0.38320000749081373,0.08,0.35,0.05,0.45,1.2,22.44197593219578,865660.43574593,865660.43992011
1958,eye1,pmrnet,loop,17.2407430363819,0.02,0.4113130271434784,4.515536944381893,0.41640899144113064,0.08,0.35,0.05,0.45,1.2,24.7340019993484,865660.443767488,865660.449111021
1959,eye1,pmrnet,loop,23.747220053337514,0.02,0.5663849879056215,9.834922035224736,0.4057880723848939,0.08,0.35,0.05,0.45,1.2,36.704315148852764,865660.452878043,865660.463685823
1960,eye1,pmrnet,loop,27.60539494920522,0.02,0.5059069953858852,9.622449055314064,1.579222036525607,0.08,0.35,0.05,0.45,1.2,41.462973036430775,865660.463904923,865660.475613106
1962,eye1,pmrnet,loop,25.06126498337835,0.02,0.5451040342450142,10.658083949238062,0.5342899821698666,0.08,0.35,0.05,0.45,1.2,38.94874294903129,865660.477469833,865660.4892078
1963,eye1,pmrnet,loop,22.692717029713094,0.02,0.374741037376225,4.942187923006713,0.2367269480600953,0.08,0.35,0.05,0.45,1.2,30.396372938156127,865660.489354206,865660.494908216
1934,eye0,pmrnet,loop,25.32375603914261,0.02,0.5425859708338976,9.925296064466238,0.4997509531676769,0.08,0.35,0.05,0.45,1.2,38.44138902761042,865660.210369984,865660.221338118
1936,eye0,pmrnet,loop,16.27783803269267,0.02,0.533060054294765,4.544837051071227,0.4169460153207183,0.08,0.35,0.05,0.45,1.2,23.92268115337938,865660.222935579,865660.228430944
1937,eye0,pmrnet,loop,15.041511971503496,0.02,0.36808697041124105,3.4923419589176774,0.5263460334390402,0.08,0.35,0.05,0.45,1.2,21.578286934271453,865660.230876252,865660.235263268
1938,eye0,pmrnet,loop,21.487163030542433,0.02,0.35202200524508953,9.803283028304577,0.7894090376794338,0.08,0.35,0.05,0.45,1.2,34.58187710177153,865660.238831919,865660.249777361
1939,eye0,pmrnet,loop,24.652663967572153,0.02,0.5059730028733611,9.299302008002996,0.36424596328288317,0.08,0.35,0.05,0.45,1.2,36.97218494173139,865660.250842142,865660.261012213
1940,eye0,pmrnet,loop,23.957065073773265,0.02,0.5436710780486465,6.164906080812216,0.4897010512650013,0.08,0.35,0.05,0.45,1.2,33.305343283899134,865660.26118696,865660.268385587
1941,eye0,pmrnet,loop,23.773203953169286,0.02,0.4468369297683239,4.199644085019827,1.2829930055886507,0.08,0.35,0.05,0.45,1.2,31.852677973546086,865660.270341469,865660.276271239
1942,eye0,pmrnet,loop,19.94044496677816,0.02,0.35445508547127247,3.380881971679628,0.3869229694828391,0.08,0.35,0.05,0.45,1.2,26.212704993411897,865660.276384781,865660.280507282
1943,eye0,pmrnet,loop,16.548939049243927,0.02,0.3604849334806204,3.8690969813615084,0.33723795786499977,0.08,0.35,0.05,0.45,1.2,23.265758921951054,865660.280617963,865660.285185103
1944,eye0,pmrnet,loop,20.988987060263753,0.02,0.6232989253476262,9.674319997429848,0.5172950914129615,0.08,0.35,0.05,0.45,1.2,33.95390107445419,865660.28687755,865660.297692995
1945,eye0,pmrnet,loop,23.783163051120937,0.02,0.5511760246008635,9.604634018614888,0.5074440268799663,0.08,0.35,0.05,0.45,1.2,36.59641712121665,865660.297892157,865660.308556102
1946,eye0,pmrnet,loop,24.143341928720474,0.02,0.5824719555675983,6.053332006558776,0.49794302321970463,0.08,0.35,0.05,0.45,1.2,33.42708891406656,865660.309852019,865660.316986187
1947,eye0,pmrnet,loop,21.3037469657138,0.02,0.38520502857863903,3.6331319715827703,1.0748410131782293,0.08,0.35,0.05,0.45,1.2,28.546924979053436,865660.317122341,865660.322215843
1948,eye0,pmrnet,loop,17.0549179892987,0.02,0.36773202009499073,3.1232789624482393,0.21925801411271095,0.08,0.35,0.05,0.45,1.2,22.91518698595464,865660.322326566,865660.326037089
1949,eye0,pmrnet,loop,14.626553049311042,0.02,0.33295899629592896,3.6539320135489106,0.8572801016271114,0.08,0.35,0.05,0.45,1.2,21.62072416078299,865660.326832852,865660.331677254
1950,eye0,pmrnet,loop,15.899779042229056,0.02,1.1705240467563272,4.134572925977409,0.8329299744218588,0.08,0.35,0.05,0.45,1.2,24.18780598938465,865660.334881506,865660.341019779
1951,eye0,pmrnet,loop,17.65733491629362,0.02,0.4074370954185724,7.317042094655335,0.234051956795156,0.08,0.35,0.05,0.45,1.2,27.765866063162683,865660.342887093,865660.350845934
1952,eye0,pmrnet,loop,21.74652903340757,0.02,0.5648679798468947,9.575515985488892,0.983336940407753,0.08,0.35,0.05,0.45,1.2,35.02024993915111,865660.351875567,865660.362999802
1953,eye0,pmrnet,loop,25.403714971616864,0.02,0.484591000713408,10.414842050522566,0.6465940969064832,0.08,0.35,0.05,0.45,1.2,39.09974211975932,865660.363183188,865660.374729822
1955,eye0,pmrnet,loop,15.508179902099073,0.02,0.5738579202443361,3.5028759157285094,1.3487699907273054,0.08,0.35,0.05,0.45,1.2,23.083683728799222,865660.375547404,865660.380973137
1956,eye0,pmrnet,loop,22.33105292543769,0.02,0.5276689771562815,10.777601040899754,1.623446005396545,0.08,0.35,0.05,0.45,1.2,37.40976894889027,865660.382935187,865660.395864413
1957,eye0,pmrnet,loop,26.224227040074766,0.02,0.5312339635565877,9.511864045634866,0.35823299549520016,0.08,0.35,0.05,0.45,1.2,38.77555804476142,865660.397425118,865660.407827002
1959,eye0,pmrnet,loop,20.584619021974504,0.02,0.5117480177432299,9.49749699793756,0.3260199446231127,0.08,0.35,0.05,0.45,1.2,33.069883982278405,865660.407989123,865660.418324878
1960,eye0,pmrnet,loop,26.196543010883033,0.02,0.582371954806149,10.17831708304584,1.6555370530113578,0.08,0.35,0.05,0.45,1.2,40.76276910174638,865660.419588512,865660.432005284
1962,eye0,pmrnet,loop,20.5051590455696,0.02,0.5224789492785931,9.485412971116602,0.23205799516290426,0.08,0.35,0.05,0.45,1.2,32.8951089611277,865660.432212503,865660.442452927
1963,eye0,pmrnet,loop,26.381966075859964,0.02,1.6381100285798311,10.559430927969515,0.5059191025793552,0.08,0.35,0.05,0.45,1.2,41.235426134988664,865660.443694013,865660.456398091
1965,eye0,pmrnet,loop,14.750194968655705,0.02,0.5178569117560983,3.437167964875698,0.38985605351626873,0.08,0.35,0.05,0.45,1.2,21.24507589880377,865660.456559414,865660.460904637
1966,eye0,pmrnet,loop,13.73304205480963,0.02,0.535184983164072,3.896459937095642,0.6001299479976296,0.08,0.35,0.05,0.45,1.2,20.914816923066972,865660.462924635,865660.467956802
1967,eye0,pmrnet,loop,14.446882996708155,0.02,0.39213697891682386,3.904413082636893,1.5569980023428798,0.08,0.35,0.05,0.45,1.2,22.45043106060475,865660.470885313,865660.476739101
1968,eye0,pmrnet,loop,13.655512011609972,0.02,0.9270720183849335,3.4839449217543006,0.7379540475085378,0.08,0.35,0.05,0.45,1.2,20.954482999257742,865660.47886777,865660.484017075
1969,eye0,pmrnet,loop,12.751302914693952,0.02,0.3529239911586046,3.4339550184085965,0.5495169898495078,0.08,0.35,0.05,0.45,1.2,19.23769891411066,865660.486845635,865660.491182327
1970,eye0,pmrnet,loop,13.868491048924625,0.02,0.36218902096152306,4.0217520436272025,1.0831549298018217,0.08,0.35,0.05,0.45,1.2,21.48558704331517,865660.494901052,865660.500368394
1971,eye0,pmrnet,loop,12.490279041230679,0.02,0.37099095061421394,3.398200962692499,0.40799705311656,0.08,0.35,0.05,0.45,1.2,18.81746800765395,865660.502881701,865660.507059203
1972,eye0,pmrnet,loop,13.718630070798099,0.02,0.3469199873507023,3.6820298992097378,1.4711610274389386,0.08,0.35,0.05,0.45,1.2,21.368740984797476,865660.510855766,865660.516356271
1973,eye0,pmrnet,loop,17.607871908694506,0.02,1.2722609099000692,3.462700988166034,0.7284448947757483,0.08,0.35,0.05,0.45,1.2,25.221278701536356,865660.522850892,865660.528314672
1974,eye0,pmrnet,loop,23.08076003100723,0.02,0.5144149763509631,9.864271036349237,0.5437880754470825,0.08,0.35,0.05,0.45,1.2,36.15323411915451,865660.53093289,865660.541855877
1975,eye0,pmrnet,loop,25.810620980337262,0.02,0.4966569831594825,9.836331941187382,0.24993298575282097,0.08,0.35,0.05,0.45,1.2,38.543542890436946,865660.542071711,865660.552655144
1976,eye0,pmrnet,loop,30.241872067563236,0.02,0.5403890972957015,9.686979930847883,0.5757339531555772,0.08,0.35,0.05,0.45,1.2,43.194975048862396,865660.554351128,865660.565154846
1978,eye0,pmrnet,loop,25.56840900797397,0.02,0.4807970253750682,9.494277997873724,1.2970790266990662,0.08,0.35,0.05,0.45,1.2,38.990563057921825,865660.565346617,865660.576619316
1979,eye0,pmrnet,loop,26.999813970178366,0.02,0.5708499811589718,7.279871962964535,0.4030349664390087,0.08,0.35,0.05,0.45,1.2,37.40357088074088,865660.577866418,865660.586120695
1980,eye0,pmrnet,loop,22.895317059010267,0.02,0.3522629849612713,3.237905097194016,0.25266106240451336,0.08,0.35,0.05,0.45,1.2,28.888146203570066,865660.586242243,865660.590085336
1981,eye0,pmrnet,loop,19.864956033416092,0.02,0.34184602554887533,3.3106489572674036,1.2781510595232248,0.08,0.35,0.05,0.45,1.2,26.945602075755595,865660.590192932,865660.595123828
1982,eye0,pmrnet,loop,17.311139963567257,0.02,0.371999922208488,3.628235077485442,0.6872779922559857,0.08,0.35,0.05,0.45,1.2,24.14865295551717,865660.595951336,865660.600639089
1983,eye0,pmrnet,loop,19.757166039198637,0.02,0.4545580595731735,7.138097076676786,0.682741985656321,0.08,0.35,0.05,0.45,1.2,30.182563161104916,865660.602878378,865660.611154104
1984,eye0,pmrnet,loop,17.38205796573311,0.02,0.33545494079589844,4.152847919613123,1.0755829280242324,0.08,0.35,0.05,0.45,1.2,25.095943754166363,865660.611283676,865660.616847817
1985,eye0,pmrnet,loop,22.44153304491192,0.02,0.5387670826166868,9.84329089988023,0.6661469815298915,0.08,0.35,0.05,0.45,1.2,35.63973800893873,865660.618927458,865660.629976225
1986,eye0,pmrnet,loop,25.449205888435245,0.02,0.5844789557158947,9.606870939023793,0.6856829859316349,0.08,0.35,0.05,0.45,1.2,38.476238769106565,865660.6301745,865660.641052068
1987,eye0,pmrnet,loop,27.014537947252393,0.02,0.6448440253734589,7.398650981485844,0.6459059659391642,0.08,0.35,0.05,0.45,1.2,37.85393892005086,865660.64199796,865660.650688031
1989,eye0,pmrnet,loop,15.862587955780327,0.02,0.42357901111245155,3.2577631063759327,1.1278559686616063,0.08,0.35,0.05,0.45,1.2,22.821786041930316,865660.650865024,865660.65567457
1990,eye0,pmrnet,loop,15.201980015262961,0.02,0.3782139392569661,3.4514679573476315,0.34559902269393206,0.08,0.35,0.05,0.45,1.2,21.52726093456149,865660.658907436,865660.663083032
1964,eye1,pmrnet,loop,20.4457821091637,0.02,0.5804249085485935,3.6537899868562818,0.230391975492239,0.08,0.35,0.05,0.45,1.2,27.060388980060814,865660.496265422,865660.500730507
1965,eye1,pmrnet,loop,19.459878909401596,0.02,0.33697602339088917,6.277799955569208,0.3346409648656845,0.08,0.35,0.05,0.45,1.2,28.559295853227376,865660.50086366,865660.507813405
1966,eye1,pmrnet,loop,22.063425974920392,0.02,0.6452379748225212,9.60400397889316,0.257559004239738,0.08,0.35,0.05,0.45,1.2,34.72022693287581,865660.507978482,865660.518485691
1967,eye1,pmrnet,loop,21.201011026278138,0.02,0.5436979699879885,4.431192064657807,1.3070889981463552,0.08,0.35,0.05,0.45,1.2,29.632990059070288,865660.519410185,865660.525692634
1968,eye1,pmrnet,loop,19.104178994894028,0.02,0.4461359931156039,5.130845005623996,0.23071595933288336,0.08,0.35,0.05,0.45,1.2,27.06187595296651,865660.525856636,865660.531664761
1969,eye1,pmrnet,loop,16.223361948505044,0.02,0.32894511241465807,4.310116055421531,0.4186879377812147,0.08,0.35,0.05,0.45,1.2,23.431111054122447,865660.531794825,865660.536852874
1970,eye1,pmrnet,loop,21.69589896220714,0.02,0.5013420013710856,9.595452924259007,0.5491690244525671,0.08,0.35,0.05,0.45,1.2,34.4918629122898,865660.53974793,865660.550394514
1971,eye1,pmrnet,loop,20.133289974182844,0.02,1.9180260132998228,3.8098329678177834,0.6497600115835667,0.08,0.35,0.05,0.45,1.2,28.660908966884016,865660.550522897,865660.556900772
1972,eye1,pmrnet,loop,20.799866993911564,0.02,0.5110009806230664,7.147734053432941,0.24801609106361866,0.08,0.35,0.05,0.45,1.2,30.85661811903119,865660.557729468,865660.565636647
1973,eye1,pmrnet,loop,17.111132037825882,0.02,0.4673770163208246,3.2613229705020785,0.5208349321037531,0.08,0.35,0.05,0.45,1.2,23.510666956752537,865660.565767299,865660.570017095
1974,eye1,pmrnet,loop,15.552282915450633,0.02,0.3508959198370576,3.4657689975574613,0.9562720078974962,0.08,0.35,0.05,0.45,1.2,22.475219840742646,865660.57175358,865660.576526796
1975,eye1,pmrnet,loop,20.530113019049168,0.02,0.5593460518866777,8.593341917730868,0.648929039016366,0.08,0.35,0.05,0.45,1.2,32.48173002768308,865660.579771948,865660.589573959
1976,eye1,pmrnet,loop,18.081065034493804,0.02,1.4104230795055628,3.7119759945198894,0.3581650089472532,0.08,0.35,0.05,0.45,1.2,25.711629117466508,865660.589712815,865660.595193779
1977,eye1,pmrnet,loop,21.826701005920768,0.02,0.6656289333477616,9.70547809265554,0.48147491179406643,0.08,0.35,0.05,0.45,1.2,34.829282943718134,865660.59615481,865660.607007906
1978,eye1,pmrnet,loop,24.420510977506638,0.02,1.9811439560726285,8.01803299691528,0.47796708531677723,0.08,0.35,0.05,0.45,1.2,37.04765501581132,865660.607193112,865660.617670758
1979,eye1,pmrnet,loop,28.609717963263392,0.02,0.7161839166656137,10.15261490829289,0.5186869530007243,0.08,0.35,0.05,0.45,1.2,42.14720374122262,865660.618541469,865660.629929486
1981,eye1,pmrnet,loop,17.00028101913631,0.02,0.36064290907233953,3.3869820181280375,0.6216670153662562,0.08,0.35,0.05,0.45,1.2,23.51957296170294,865660.630088401,865660.634457966
1982,eye1,pmrnet,loop,15.668953070417047,0.02,0.5060309777036309,4.686444997787476,0.23592589423060417,0.08,0.35,0.05,0.45,1.2,23.247354940138756,865660.635767196,865660.641196003
1983,eye1,pmrnet,loop,14.990283991210163,0.02,0.34632289316505194,3.3941270085051656,1.0950049618259072,0.08,0.35,0.05,0.45,1.2,21.975738854706286,865660.643750587,865660.648586291
1984,eye1,pmrnet,loop,21.481623989529908,0.02,0.606694957241416,9.834413998760283,0.9161368943750858,0.08,0.35,0.05,0.45,1.2,34.98886983990669,865660.651787686,865660.663145389
1985,eye1,pmrnet,loop,23.058371036313474,0.02,0.52057602442801,7.495327037759125,0.3993849968537688,0.08,0.35,0.05,0.45,1.2,33.623659095354384,865660.664376681,865660.672792418
1986,eye1,pmrnet,loop,24.575654068030417,0.02,0.35106996074318886,8.642351953312755,0.4803090123459697,0.08,0.35,0.05,0.45,1.2,36.19938499443233,865660.672903153,865660.682377258
1987,eye1,pmrnet,loop,25.195399997755885,0.02,0.5537589313462377,6.753655965439975,0.22526399698108435,0.08,0.35,0.05,0.45,1.2,34.87807889152318,865660.683534189,865660.691067269
1988,eye1,pmrnet,loop,21.143011981621385,0.02,0.31573802698403597,3.124610986560583,0.4730899818241596,0.08,0.35,0.05,0.45,1.2,27.206450976990162,865660.691170174,865660.695083899
1989,eye1,pmrnet,loop,19.938749028369784,0.02,0.3387019969522953,6.160820019431412,0.25269598700106144,0.08,0.35,0.05,0.45,1.2,28.840967031754552,865660.695196067,865660.701948561
1990,eye1,pmrnet,loop,16.73860801383853,0.02,0.3257550997659564,3.2588921021670103,0.4399860044941306,0.08,0.35,0.05,0.45,1.2,22.913241220265625,865660.702792767,865660.706817655
1991,eye1,pmrnet,loop,13.730124104768038,0.02,0.35578804090619087,3.425754955969751,0.3299230011180043,0.08,0.35,0.05,0.45,1.2,19.991590102761982,865660.707766485,865660.711878222
1992,eye1,pmrnet,loop,14.946586918085814,0.02,0.436230911873281,4.275006940588355,0.6701269885525107,0.08,0.35,0.05,0.45,1.2,22.47795175909996,865660.715781584,865660.721163198
1993,eye1,pmrnet,loop,20.528950029984117,0.02,0.50304492469877,9.759758017025888,0.7659709081053734,0.08,0.35,0.05,0.45,1.2,33.70772387981415,865660.723784887,865660.734814146
1994,eye1,pmrnet,loop,24.39570496790111,0.02,1.0971289593726397,9.625057922676206,0.5856920033693314,0.08,0.35,0.05,0.45,1.2,37.853583853319286,865660.735441656,865660.746750118
1996,eye1,pmrnet,loop,20.09707095567137,0.02,0.5030159372836351,9.763182955794036,0.4980160156264901,0.08,0.35,0.05,0.45,1.2,33.01128586437553,865660.747821513,865660.758589803
1997,eye1,pmrnet,loop,22.69615000113845,0.02,0.5164239555597305,9.414145024493337,0.517542939633131,0.08,0.35,0.05,0.45,1.2,35.294261920824646,865660.758810293,865660.76925892
1998,eye1,pmrnet,loop,21.18374197743833,0.02,1.173533033579588,4.188749007880688,0.47209695912897587,0.08,0.35,0.05,0.45,1.2,29.16812097802758,865660.769978566,865660.775813567
1999,eye1,pmrnet,loop,20.999207044951618,0.02,0.5506268935278058,6.654598983004689,0.43819204438477755,0.08,0.35,0.05,0.45,1.2,30.79262496586889,865660.776055637,865660.783699275
2000,eye1,pmrnet,loop,17.133605084381998,0.02,0.39542303420603275,3.408459946513176,0.23461505770683289,0.08,0.35,0.05,0.45,1.2,23.322103122808038,865660.783863885,865660.787902686
2001,eye1,pmrnet,loop,14.1130939591676,0.02,0.3569680266082287,3.5095480270683765,0.434138928540051,0.08,0.35,0.05,0.45,1.2,20.563748941384254,865660.788650772,865660.79295172
2002,eye1,pmrnet,loop,14.724620967172086,0.02,0.35829900298267603,4.519824986346066,0.9922849712893367,0.08,0.35,0.05,0.45,1.2,22.745029927790164,865660.795761378,865660.801632088
2003,eye1,pmrnet,loop,20.38747596088797,0.02,0.49826002214103937,10.566614102572203,0.5052300402894616,0.08,0.35,0.05,0.45,1.2,34.10758012589068,865660.80378949,865660.815360091
2004,eye1,pmrnet,loop,23.855670006014407,0.02,0.5692790728062391,8.731464040465653,0.2196320565417409,0.08,0.35,0.05,0.45,1.2,35.52604517582804,865660.817380774,865660.82690162
2005,eye1,pmrnet,loop,21.504534990526736,0.02,1.8390839686617255,3.2498750369995832,0.5154110258445144,0.08,0.35,0.05,0.45,1.2,29.258905022032557,865660.827014645,865660.832619224
2006,eye1,pmrnet,loop,18.284294987097383,0.02,0.3765999572351575,3.390860976651311,0.4410570254549384,0.08,0.35,0.05,0.45,1.2,24.642812946438788,865660.833259419,865660.83746822
2007,eye1,pmrnet,loop,15.106861013919115,0.02,0.36929792258888483,3.8223719457164407,0.5684139905497432,0.08,0.35,0.05,0.45,1.2,22.016944872774182,865660.837599454,865660.842359804
2008,eye1,pmrnet,loop,12.83120398875326,0.02,0.33727800473570824,3.4792019287124276,0.6093269912526011,0.08,0.35,0.05,0.45,1.2,19.407010913453995,865660.843727002,865660.848153121
2009,eye1,pmrnet,loop,12.354884995147586,0.02,0.3414289094507694,3.277234034612775,0.3869199426844716,0.08,0.35,0.05,0.45,1.2,18.5104678818956,865660.851740063,865660.85574592
2010,eye1,pmrnet,loop,15.468144905753434,0.02,0.5492899799719453,6.341560976579785,0.2460669493302703,0.08,0.35,0.05,0.45,1.2,24.755062811635433,865660.859790617,865660.866928004
2011,eye1,pmrnet,loop,18.08367995545268,0.02,0.33196399454027414,9.264035965315998,0.26272505056113005,0.08,0.35,0.05,0.45,1.2,30.09240496587008,865660.867753338,865660.87761232
2012,eye1,pmrnet,loop,22.852504975162446,0.02,0.5672340048477054,9.759683976881206,0.735501991584897,0.08,0.35,0.05,0.45,1.2,36.06492494847625,865660.879386856,865660.89044984
2013,eye1,pmrnet,loop,26.45159000530839,0.02,0.3340180264785886,10.17580705229193,1.0062369983643293,0.08,0.35,0.05,0.45,1.2,40.117652082443236,865660.89060078,865660.902117321
2014,eye1,pmrnet,loop,30.28026595711708,0.02,0.9570160182192922,9.441385045647621,0.36932399962097406,0.08,0.35,0.05,0.45,1.2,43.19799102060497,865660.903247447,865660.914015672
2016,eye1,pmrnet,loop,24.913395987823606,0.02,0.5415359046310186,9.518897044472396,0.5357109475880861,0.08,0.35,0.05,0.45,1.2,37.659539884515105,865660.914189717,865660.924786294
1991,eye0,pmrnet,loop,22.00236392673105,0.02,0.4943079547956586,9.90077096503228,0.6364330183714628,0.08,0.35,0.05,0.45,1.2,35.18387586493045,865660.666919262,865660.677951363
1992,eye0,pmrnet,loop,25.031314929947257,0.02,0.5201350431889296,9.629376931115985,0.49706792924553156,0.08,0.35,0.05,0.45,1.2,37.8278948334977,865660.67840281,865660.689049881
1993,eye0,pmrnet,loop,29.223607038147748,0.02,0.6763850105926394,9.80030291248113,0.5587700288742781,0.08,0.35,0.05,0.45,1.2,42.40906499009579,865660.690274722,865660.701310739
1995,eye0,pmrnet,loop,23.85419502388686,0.02,0.6206480320543051,9.491967968642712,0.4594220081344247,0.08,0.35,0.05,0.45,1.2,36.5762330327183,865660.701507066,865660.712079651
1997,eye0,pmrnet,loop,18.735121004283428,0.02,0.5717900348827243,6.468293024227023,0.24899793788790703,0.08,0.35,0.05,0.45,1.2,28.17420200128108,865660.715809382,865660.723098918
1998,eye0,pmrnet,loop,15.008457005023956,0.02,0.34626293927431107,3.358455025590956,0.5081160925328732,0.08,0.35,0.05,0.45,1.2,21.371291062422095,865660.72322835,865660.727441456
1999,eye0,pmrnet,loop,14.264528988860548,0.02,0.3544929204508662,3.1994490418583155,0.34352601505815983,0.08,0.35,0.05,0.45,1.2,20.311996966227888,865660.730868714,865660.73476645
2000,eye0,pmrnet,loop,21.29423792939633,0.02,0.5217919824644923,9.692101972177625,0.7196939550340176,0.08,0.35,0.05,0.45,1.2,34.377825839072464,865660.73893048,865660.749864746
2001,eye0,pmrnet,loop,24.27915600128472,0.02,0.5091630155220628,9.579129982739687,0.7461700588464737,0.08,0.35,0.05,0.45,1.2,37.26361905839294,865660.750083186,865660.760918364
2002,eye0,pmrnet,loop,28.740903013385832,0.02,0.5116789834573865,10.086004971526563,0.7124930853024125,0.08,0.35,0.05,0.45,1.2,42.20108005367219,865660.762138458,865660.773449165
2004,eye0,pmrnet,loop,26.172459009103477,0.02,2.499005990102887,10.25829603895545,0.6127990782260895,0.08,0.35,0.05,0.45,1.2,41.6925601163879,865660.773647047,865660.787017783
2006,eye0,pmrnet,loop,20.24795801844448,0.02,0.5297090392559767,7.411680067889392,1.196105033159256,0.08,0.35,0.05,0.45,1.2,31.535452158749102,865660.788094729,865660.797232782
2007,eye0,pmrnet,loop,16.643094015307724,0.02,0.359630910679698,3.6332850577309728,0.3431210061535239,0.08,0.35,0.05,0.45,1.2,23.129130989871918,865660.797360641,865660.801696931
2008,eye0,pmrnet,loop,14.059385051950812,0.02,0.36158901639282703,3.2849370036274195,0.5913039203733206,0.08,0.35,0.05,0.45,1.2,20.447214992344378,865660.802944285,865660.807182428
2009,eye0,pmrnet,loop,13.951026950962842,0.02,0.31889090314507484,3.5836600000038743,0.35906105767935514,0.08,0.35,0.05,0.45,1.2,20.362638911791144,865660.810881016,865660.815142882
2010,eye0,pmrnet,loop,13.927971944212914,0.02,0.4106060368940234,3.3987860661000013,0.4353029653429985,0.08,0.35,0.05,0.45,1.2,20.322667012549935,865660.818944147,865660.823189092
2011,eye0,pmrnet,loop,20.33975801896304,0.02,0.5116410320624709,9.773861966095865,0.47978805378079414,0.08,0.35,0.05,0.45,1.2,33.255049070902174,865660.826903038,865660.837668917
2012,eye0,pmrnet,loop,22.696883999742568,0.02,0.5320289637893438,7.203090004622936,1.6287079779431224,0.08,0.35,0.05,0.45,1.2,34.21071094609797,865660.838731593,865660.848095841
2013,eye0,pmrnet,loop,25.18395404331386,0.02,0.3654459724202752,9.665111894719303,0.40751800406724215,0.08,0.35,0.05,0.45,1.2,37.77202991452068,865660.848212094,865660.858650549
2015,eye0,pmrnet,loop,15.10963193140924,0.02,0.4211969207972288,3.8199570262804627,0.9929960360750556,0.08,0.35,0.05,0.45,1.2,22.493781914561986,865660.859481091,865660.864715683
2016,eye0,pmrnet,loop,19.89685301668942,0.02,0.4519270732998848,9.664982091635466,0.5572460358962417,0.08,0.35,0.05,0.45,1.2,32.72100821752101,865660.866896149,865660.877570788
2017,eye0,pmrnet,loop,20.64531308133155,0.02,1.8650289857760072,4.736552014946938,0.4086060216650367,0.08,0.35,0.05,0.45,1.2,29.80550010371953,865660.87937858,865660.886389323
2018,eye0,pmrnet,loop,16.657814965583384,0.02,0.36308495327830315,3.251994028687477,0.3398850094527006,0.08,0.35,0.05,0.45,1.2,22.762778957001863,865660.886515537,865660.890470777
2019,eye0,pmrnet,loop,13.375986949540675,0.02,0.39632804691791534,3.527545020915568,0.42219890747219324,0.08,0.35,0.05,0.45,1.2,19.87205892484635,865660.890911748,865660.895258126
2020,eye0,pmrnet,loop,13.286255998536944,0.02,0.545153976418078,3.473373013548553,0.28554804157465696,0.08,0.35,0.05,0.45,1.2,19.74033103007823,865660.898932702,865660.903237261
2021,eye0,pmrnet,loop,12.932765996083617,0.02,0.3649869468063116,3.284970996901393,0.40858297143131495,0.08,0.35,0.05,0.45,1.2,19.141306911222635,865660.906894145,865660.91095294
2022,eye0,pmrnet,loop,14.084234018810093,0.02,0.37466397043317556,4.343254957348108,0.524942995980382,0.08,0.35,0.05,0.45,1.2,21.477095942571758,865660.914930143,865660.920173256
2023,eye0,pmrnet,loop,16.592249972745776,0.02,0.5215100245550275,6.674963980913162,0.6541649345308542,0.08,0.35,0.05,0.45,1.2,26.59288891274482,865660.922898418,865660.930749776
2024,eye0,pmrnet,loop,16.448670998215675,0.02,0.46777399256825447,6.402428960427642,0.8833310566842556,0.08,0.35,0.05,0.45,1.2,26.352205007895826,865660.93092151,865660.938675521
2025,eye0,pmrnet,loop,20.357217988930643,0.02,0.4959680372849107,9.636253933422267,0.36612898111343384,0.08,0.35,0.05,0.45,1.2,33.00556894075125,865660.940153422,865660.950652331
2026,eye0,pmrnet,loop,18.7212839955464,0.02,1.3599590165540576,4.478515009395778,0.4123459802940488,0.08,0.35,0.05,0.45,1.2,27.122104001790284,865660.950835031,865660.957086251
2027,eye0,pmrnet,loop,20.28632489964366,0.02,0.41479698847979307,3.712426987476647,2.712390967644751,0.08,0.35,0.05,0.45,1.2,29.27593984324485,865660.959880672,865660.966720594
2028,eye0,pmrnet,loop,23.729890934191644,0.02,0.48093998339027166,10.361667023971677,0.4899639170616865,0.08,0.35,0.05,0.45,1.2,37.21246185861528,865660.966900794,865660.978233803
2030,eye0,pmrnet,loop,17.924063024111092,0.02,1.1851120507344604,5.992496036924422,0.3474969416856766,0.08,0.35,0.05,0.45,1.2,27.59916805345565,865660.981040603,865660.988566177
2031,eye0,pmrnet,loop,16.421697102487087,0.02,0.35543693229556084,3.297966090030968,0.5874329945072532,0.08,0.35,0.05,0.45,1.2,22.812533119320868,865660.990891694,865660.995132834
2032,eye0,pmrnet,loop,22.613159962929785,0.02,0.5249729147180915,9.646026068367064,0.3217380726709962,0.08,0.35,0.05,0.45,1.2,35.255897018685936,865660.998899682,865661.009392966
2033,eye0,pmrnet,loop,19.203459029085934,0.02,0.3435120452195406,3.691399935632944,0.4943020176142454,0.08,0.35,0.05,0.45,1.2,25.882673027552663,865661.009522928,865661.014052419
2034,eye0,pmrnet,loop,17.961418954655528,0.02,0.412563094869256,4.348436952568591,0.9574770228937268,0.08,0.35,0.05,0.45,1.2,25.8298960249871,865661.015160259,865661.020879075
2035,eye0,pmrnet,loop,15.810418059118092,0.02,0.36645703949034214,3.28316492959857,0.24948001373559237,0.08,0.35,0.05,0.45,1.2,21.859520041942595,865661.022898194,865661.026797528
2036,eye0,pmrnet,loop,24.300143937580287,0.02,0.5009740125387907,10.309856035746634,1.629152917303145,0.08,0.35,0.05,0.45,1.2,38.890126903168856,865661.030914339,865661.043354785
2037,eye0,pmrnet,loop,24.72410397604108,0.02,0.557563966140151,5.545459920540452,0.7378379814326763,0.08,0.35,0.05,0.45,1.2,33.71496584415436,865661.04500747,865661.051848811
2038,eye0,pmrnet,loop,27.559572947211564,0.02,0.4805839853361249,9.76049609016627,0.4963859682902694,0.08,0.35,0.05,0.45,1.2,40.44703899100423,865661.052014587,865661.062752522
2040,eye0,pmrnet,loop,24.401005008257926,0.02,0.5441029788926244,9.813213953748345,1.1864680564031005,0.08,0.35,0.05,0.45,1.2,38.094789997301994,865661.064188166,865661.075732582
2041,eye0,pmrnet,loop,27.3560929344967,0.02,0.9305180283263326,9.541912004351616,0.3858610289171338,0.08,0.35,0.05,0.45,1.2,40.36438399609178,865661.075897037,865661.086755884
2043,eye0,pmrnet,loop,17.88128900807351,0.02,0.3866039915010333,4.334337892942131,0.3304830752313137,0.08,0.35,0.05,0.45,1.2,25.082713967747985,865661.088368753,865661.093420383
2044,eye0,pmrnet,loop,15.915861004032195,0.02,0.36934902891516685,3.7664889823645353,0.45438401866704226,0.08,0.35,0.05,0.45,1.2,22.656083033978938,865661.094933456,865661.099523941
2045,eye0,pmrnet,loop,15.42576588690281,0.02,0.3490650560706854,3.3079030690714717,0.5735610611736774,0.08,0.35,0.05,0.45,1.2,21.806295073218642,865661.102872217,865661.107102978
2046,eye0,pmrnet,loop,15.501976013183594,0.02,0.478010973893106,3.5358479944989085,0.3354469081386924,0.08,0.35,0.05,0.45,1.2,22.0012818897143,865661.110898513,865661.115248101
2047,eye0,pmrnet,loop,15.46992699149996,0.02,0.3615149762481451,3.4466501092538238,0.5951239727437496,0.08,0.35,0.05,0.45,1.2,22.023216049745677,865661.118881222,865661.123284831
2048,eye0,pmrnet,loop,15.80518705304712,0.02,0.38274703547358513,3.385644988156855,0.9856279939413071,0.08,0.35,0.05,0.45,1.2,22.709207070618866,865661.12693515,865661.131689392
2017,eye1,pmrnet,loop,28.776813996955752,0.02,0.5019730888307095,9.357301983982325,0.505847972817719,0.08,0.35,0.05,0.45,1.2,41.291937042586504,865660.926353229,865660.936718971
2019,eye1,pmrnet,loop,24.70076596364379,0.02,2.0201009465381503,9.34694497846067,0.5030459724366665,0.08,0.35,0.05,0.45,1.2,38.720857861079274,865660.936910416,865660.948781059
2020,eye1,pmrnet,loop,28.207995928823948,0.02,0.5309090483933687,9.695159969851375,0.39736798498779535,0.08,0.35,0.05,0.45,1.2,40.981432932056485,865660.949732827,865660.960356843
2022,eye1,pmrnet,loop,18.349808058701456,0.02,1.2389199109748006,4.234325955621898,0.598102924413979,0.08,0.35,0.05,0.45,1.2,26.571156849712132,865660.960565879,865660.966637656
2023,eye1,pmrnet,loop,15.440870891325176,0.02,0.34999591298401356,3.2774809515103698,0.42431498877704144,0.08,0.35,0.05,0.45,1.2,21.6426627445966,865660.9677458,865660.971797842
2024,eye1,pmrnet,loop,15.623776009306312,0.02,0.46558596659451723,3.318220959044993,0.5377670750021935,0.08,0.35,0.05,0.45,1.2,22.095350009948014,865660.975726919,865660.980048737
2025,eye1,pmrnet,loop,15.972369001246989,0.02,0.38390804547816515,3.390589030459523,0.912272953428328,0.08,0.35,0.05,0.45,1.2,22.809139030613004,865660.983780231,865660.988467276
2026,eye1,pmrnet,loop,22.42454804945737,0.02,0.49166101962327957,10.114032891578972,0.6088980007916689,0.08,0.35,0.05,0.45,1.2,35.78913996145129,865660.991772259,865661.002987394
2027,eye1,pmrnet,loop,25.618807994760573,0.02,0.6353959906846285,9.817554033361375,0.5943790310993791,0.08,0.35,0.05,0.45,1.2,38.816137049905954,865661.003203409,865661.014251282
2028,eye1,pmrnet,loop,24.227748974226415,0.02,0.4288560012355447,4.533085040748119,0.5561959696933627,0.08,0.35,0.05,0.45,1.2,31.89588598590344,865661.015410642,865661.020929066
2029,eye1,pmrnet,loop,21.5579429641366,0.02,0.3899320727214217,3.8655729731544852,0.9873829549178481,0.08,0.35,0.05,0.45,1.2,28.950830964930354,865661.021085654,865661.026328843
2030,eye1,pmrnet,loop,17.814813065342605,0.02,0.3645569086074829,3.6560960579663515,0.19036908634006977,0.08,0.35,0.05,0.45,1.2,24.175835118256508,865661.026443492,865661.030654786
2031,eye1,pmrnet,loop,15.049692010506988,0.02,0.34378492273390293,3.4013440599665046,0.42512500658631325,0.08,0.35,0.05,0.45,1.2,21.369945999793707,865661.031788304,865661.035958852
2032,eye1,pmrnet,loop,15.811500954441726,0.02,0.5113260122016072,3.8498740177601576,0.6406619213521481,0.08,0.35,0.05,0.45,1.2,22.963362905755638,865661.039786768,865661.044789142
2033,eye1,pmrnet,loop,14.724968932569027,0.02,0.3452720120549202,3.354530083015561,0.32149406615644693,0.08,0.35,0.05,0.45,1.2,20.896265093795954,865661.047750173,865661.051771705
2034,eye1,pmrnet,loop,14.61664994712919,0.02,0.3213400486856699,3.254608018323779,0.4111890448257327,0.08,0.35,0.05,0.45,1.2,20.75378705896437,865661.055745036,865661.059732467
2035,eye1,pmrnet,loop,20.54495003540069,0.02,0.407914980314672,9.126933058723807,0.3978370223194361,0.08,0.35,0.05,0.45,1.2,32.6276350967586,865661.063797657,865661.073730719
2036,eye1,pmrnet,loop,17.023316002450883,0.02,0.33396598882973194,3.498528036288917,0.5833660252392292,0.08,0.35,0.05,0.45,1.2,23.58917605280876,865661.073862146,865661.078278259
2037,eye1,pmrnet,loop,15.357250929810107,0.02,0.3595479065552354,3.872866043820977,0.4126019775867462,0.08,0.35,0.05,0.45,1.2,22.152266857773064,865661.080035883,865661.084681122
2038,eye1,pmrnet,loop,15.968236955814064,0.02,1.030281069688499,4.022607929073274,0.5470929900184274,0.08,0.35,0.05,0.45,1.2,23.718218944594263,865661.087760977,865661.093361213
2039,eye1,pmrnet,loop,16.82086498476565,0.02,0.3899730509147048,5.92463300563395,0.2065720036625862,0.08,0.35,0.05,0.45,1.2,25.49204304497689,865661.095761291,865661.102282766
2040,eye1,pmrnet,loop,21.768448990769684,0.02,0.49964291974902153,9.877900942228734,1.1278890306130052,0.08,0.35,0.05,0.45,1.2,35.423881883360444,865661.103792826,865661.115298733
2041,eye1,pmrnet,loop,24.205292109400034,0.02,0.47674798406660557,9.465451003052294,0.38335705175995827,0.08,0.35,0.05,0.45,1.2,36.68084814827889,865661.11547859,865661.125804641
2042,eye1,pmrnet,loop,27.967378962785006,0.02,0.5110889906063676,9.649813990108669,0.4474030574783683,0.08,0.35,0.05,0.45,1.2,40.72568500097841,865661.127026837,865661.137635622
2044,eye1,pmrnet,loop,23.928864975459874,0.02,1.9885939545929432,9.465843089856207,0.46245893463492393,0.08,0.35,0.05,0.45,1.2,37.99576095454395,865661.137817371,865661.149734768
2045,eye1,pmrnet,loop,30.92291799839586,0.02,2.535842009820044,9.796194033697248,1.7589059425517917,0.08,0.35,0.05,0.45,1.2,47.16385998446494,865661.150706381,865661.164797853
2047,eye1,pmrnet,loop,21.66305494029075,0.02,0.5168919451534748,5.682323011569679,0.45448599848896265,0.08,0.35,0.05,0.45,1.2,30.466755895502864,865661.165022691,865661.171676873
2048,eye1,pmrnet,loop,22.09474705159664,0.02,0.48041297122836113,6.335698999464512,0.6877160631120205,0.08,0.35,0.05,0.45,1.2,31.748575085401534,865661.172673361,865661.180177566
2049,eye1,pmrnet,loop,19.90898698568344,0.02,0.8360749343410134,4.562350921332836,0.3618610789999366,0.08,0.35,0.05,0.45,1.2,27.819273920357226,865661.180299806,865661.186060421
2050,eye1,pmrnet,loop,17.07308308687061,0.02,0.3899190342053771,3.96964093670249,0.7507109548896551,0.08,0.35,0.05,0.45,1.2,24.33335401266813,865661.186183171,865661.191293707
2051,eye1,pmrnet,loop,22.635665955021977,0.02,2.2229120368137956,9.991268976591527,0.48924097791314125,0.08,0.35,0.05,0.45,1.2,37.48908794634044,865661.1922206,865661.204924517
2052,eye1,pmrnet,loop,24.88911198452115,0.02,0.5041839322075248,9.24370193388313,0.36273698788136244,0.08,0.35,0.05,0.45,1.2,37.14973483849317,865661.205136151,865661.215247376
2054,eye1,pmrnet,loop,20.80930699594319,0.02,0.48400391824543476,10.039521963335574,0.4870740231126547,0.08,0.35,0.05,0.45,1.2,33.96990690063685,865661.216293828,865661.227304929
2055,eye1,pmrnet,loop,22.658529924228787,0.02,0.6792229833081365,8.803096949122846,0.23171002976596355,0.08,0.35,0.05,0.45,1.2,34.52255988642573,865661.22751001,865661.237224533
2056,eye1,pmrnet,loop,19.879127969034016,0.02,0.3439849242568016,3.7112970603629947,0.5431149620562792,0.08,0.35,0.05,0.45,1.2,26.62752491571009,865661.237915376,865661.242514038
2057,eye1,pmrnet,loop,16.778839053586125,0.02,0.3673930186778307,3.267558990046382,1.2072899844497442,0.08,0.35,0.05,0.45,1.2,23.77108104676008,865661.242640062,865661.247482567
2058,eye1,pmrnet,loop,13.039646088145673,0.02,0.33742806408554316,3.249521949328482,0.43753907084465027,0.08,0.35,0.05,0.45,1.2,19.214135172404347,865661.247787667,865661.251812563
2059,eye1,pmrnet,loop,14.939963002689183,0.02,2.2362960735335946,3.3111360389739275,0.4114439943805337,0.08,0.35,0.05,0.45,1.2,23.048839109577237,865661.255822516,865661.261781653
2060,eye1,pmrnet,loop,12.929189950227737,0.02,0.35835697781294584,3.3942629816010594,0.26186800096184015,0.08,0.35,0.05,0.45,1.2,19.09367791060358,865661.263825231,865661.26784
2061,eye1,pmrnet,loop,13.173060957342386,0.02,0.3628690028563142,3.239979036152363,0.7588289445266128,0.08,0.35,0.05,0.45,1.2,19.684737940877675,865661.271791108,865661.276153081
2062,eye1,pmrnet,loop,13.341321027837694,0.02,0.36056991666555405,3.628626000136137,0.6189169362187386,0.08,0.35,0.05,0.45,1.2,20.099433880858122,865661.279781979,865661.284390337
2063,eye1,pmrnet,loop,19.129241001792252,0.02,0.535483006387949,9.602488949894905,0.3151849377900362,0.08,0.35,0.05,0.45,1.2,31.73239789586514,865661.287793603,865661.298247219
2065,eye1,pmrnet,loop,13.714547967538238,0.02,0.43871207162737846,3.4298780374228954,0.3779190592467785,0.08,0.35,0.05,0.45,1.2,20.11105713583529,865661.3047235,865661.308970322
2066,eye1,pmrnet,loop,12.927243951708078,0.02,0.3393420483916998,3.7338410038501024,0.43490389361977577,0.08,0.35,0.05,0.45,1.2,19.585330897569655,865661.311743949,865661.316252327
2067,eye1,pmrnet,loop,12.574343010783195,0.02,0.35480596125125885,3.5338050220161676,0.34453708212822676,0.08,0.35,0.05,0.45,1.2,18.957491076178847,865661.319734761,865661.32396812
2068,eye1,pmrnet,loop,19.090197049081326,0.02,0.5055230576545,9.60645405575633,0.6350139155983925,0.08,0.35,0.05,0.45,1.2,31.987188078090547,865661.327805037,865661.338552604
2069,eye1,pmrnet,loop,16.59489399753511,0.02,0.4468909464776516,4.534266074188054,0.41654298547655344,0.08,0.35,0.05,0.45,1.2,24.142594003677367,865661.338728822,865661.344126905
2070,eye1,pmrnet,loop,20.304571953602135,0.02,0.4872779827564955,10.06199000403285,0.39909593760967255,0.08,0.35,0.05,0.45,1.2,33.40293587800116,865661.344955016,865661.355903919
2071,eye1,pmrnet,loop,24.18267203029245,0.02,0.6309270393103361,9.792041964828968,1.2865670723840594,0.08,0.35,0.05,0.45,1.2,38.04220810681581,865661.356140922,865661.367850997
2072,eye1,pmrnet,loop,28.555528027936816,0.02,0.6097430596128106,10.088433045893908,0.5094120278954506,0.08,0.35,0.05,0.45,1.2,41.91311616133898,865661.369085483,865661.380293599
2049,eye0,pmrnet,loop,21.10335906036198,0.02,0.4894520388916135,9.22292098402977,0.41615008376538754,0.08,0.35,0.05,0.45,1.2,33.38188216704876,865661.134926893,865661.145056004
2050,eye0,pmrnet,loop,17.53286295570433,0.02,0.37508795503526926,3.3590520033612847,0.6192290456965566,0.08,0.35,0.05,0.45,1.2,24.03623195979744,865661.145200903,865661.149554664
2051,eye0,pmrnet,loop,21.60898398142308,0.02,0.5341649521142244,9.682382922619581,0.4910239949822426,0.08,0.35,0.05,0.45,1.2,34.46655585113913,865661.150991272,865661.16169948
2052,eye0,pmrnet,loop,24.277177988551557,0.02,0.5762149812653661,9.595162933692336,0.3705680137500167,0.08,0.35,0.05,0.45,1.2,36.969123917259274,865661.161894009,865661.172436422
2053,eye0,pmrnet,loop,29.778987052850425,0.02,0.5127700278535485,10.651123011484742,0.696233008056879,0.08,0.35,0.05,0.45,1.2,43.789113100245594,865661.174146483,865661.186007036
2055,eye0,pmrnet,loop,18.99889193009585,0.02,0.7196849910542369,4.123365972191095,0.3458969295024872,0.08,0.35,0.05,0.45,1.2,26.33783982284367,865661.186176377,865661.191365614
2056,eye0,pmrnet,loop,17.314305994659662,0.02,0.34345698077231646,3.5093940095975995,1.2222289806231856,0.08,0.35,0.05,0.45,1.2,24.539385965652762,865661.192675083,865661.197750377
2057,eye0,pmrnet,loop,16.233072034083307,0.02,0.5019769305363297,4.729414009489119,0.5958739202469587,0.08,0.35,0.05,0.45,1.2,24.210336894355713,865661.198910121,865661.204737808
2058,eye0,pmrnet,loop,14.676098013296723,0.02,0.3599469782784581,3.5320009337738156,0.4127320135012269,0.08,0.35,0.05,0.45,1.2,21.130777938850223,865661.206945281,865661.211250208
2059,eye0,pmrnet,loop,15.081824967637658,0.02,0.33947895281016827,3.93188395537436,0.5854530027136207,0.08,0.35,0.05,0.45,1.2,22.088640878535806,865661.214867212,865661.219724342
2060,eye0,pmrnet,loop,14.393570949323475,0.02,0.37514790892601013,3.400773974135518,0.41601096745580435,0.08,0.35,0.05,0.45,1.2,20.735503799840806,865661.2229133,865661.227105439
2061,eye0,pmrnet,loop,14.118541032075882,0.02,0.340317958034575,3.286627004854381,0.3924119519069791,0.08,0.35,0.05,0.45,1.2,20.287897946871816,865661.230880056,865661.234899616
2062,eye0,pmrnet,loop,21.98433002922684,0.02,0.405492028221488,10.531752021051943,0.9669499704614282,0.08,0.35,0.05,0.45,1.2,36.0385240489617,865661.238928125,865661.250832767
2063,eye0,pmrnet,loop,18.053087987937033,0.02,0.40271703619509935,3.2237860141322017,0.2088920446112752,0.08,0.35,0.05,0.45,1.2,24.038483082875608,865661.251136667,865661.254972285
2064,eye0,pmrnet,loop,22.21324492711574,0.02,0.519710942171514,10.044422000646591,0.8657840080559254,0.08,0.35,0.05,0.45,1.2,35.79316187798977,865661.255769619,865661.267200202
2065,eye0,pmrnet,loop,23.186245001852512,0.02,0.5073850043118,7.996162981726229,0.33678195904940367,0.08,0.35,0.05,0.45,1.2,34.176574946939944,865661.267402665,865661.276243406
2066,eye0,pmrnet,loop,26.246631983667612,0.02,0.3412429941818118,9.638580027967691,0.3969329409301281,0.08,0.35,0.05,0.45,1.2,38.77338794674724,865661.276994389,865661.287371486
2068,eye0,pmrnet,loop,21.050565992482007,0.02,0.5409480072557926,9.539548074826598,0.6464510224759579,0.08,0.35,0.05,0.45,1.2,33.927513097040354,865661.287587911,865661.298315321
2069,eye0,pmrnet,loop,26.237922022119164,0.02,1.8454560777172446,9.955915971659124,0.4136590287089348,0.08,0.35,0.05,0.45,1.2,40.602953100204466,865661.299354907,865661.311570616
2071,eye0,pmrnet,loop,21.218580077402294,0.02,0.5824440158903599,9.86744393594563,0.44944894034415483,0.08,0.35,0.05,0.45,1.2,34.26791696958244,865661.311790064,865661.322689913
2072,eye0,pmrnet,loop,21.170168998651206,0.02,0.41171396151185036,4.139719996601343,1.1183640453964472,0.08,0.35,0.05,0.45,1.2,28.989967002160846,865661.325040862,865661.330710976
2073,eye0,pmrnet,loop,17.271530930884182,0.02,0.3665969707071781,3.271052031777799,0.40385802276432514,0.08,0.35,0.05,0.45,1.2,23.463037956133483,865661.330839921,865661.334881663
2074,eye0,pmrnet,loop,13.076202012598515,0.02,0.33143803011626005,3.2126439036801457,0.21483306773006916,0.08,0.35,0.05,0.45,1.2,18.985117014124988,865661.334996191,865661.338755395
2075,eye0,pmrnet,loop,20.078991074115038,0.02,0.39316900074481964,9.957985021173954,0.5582190351560712,0.08,0.35,0.05,0.45,1.2,33.13836413118988,865661.342915042,865661.353825064
2076,eye0,pmrnet,loop,17.733134096488357,0.02,0.5996259860694408,3.377504996024072,0.5619860021397471,0.08,0.35,0.05,0.45,1.2,24.422251080721615,865661.355010369,865661.359549978
2077,eye0,pmrnet,loop,20.84030897822231,0.02,0.3574499860405922,10.154758929274976,0.541163026355207,0.08,0.35,0.05,0.45,1.2,34.043680919893085,865661.35967072,865661.370724595
2078,eye0,pmrnet,loop,24.82949593104422,0.02,0.5453750491142273,9.89995407871902,0.5545821040868759,0.08,0.35,0.05,0.45,1.2,37.97940716296434,865661.371782048,865661.382782557
2080,eye0,pmrnet,loop,18.289503059349954,0.02,0.5993249360471964,8.494860026985407,0.2694020513445139,0.08,0.35,0.05,0.45,1.2,29.80309007372707,865661.383017757,865661.392381849
2081,eye0,pmrnet,loop,22.286814055405557,0.02,0.5752400029450655,9.89024993032217,0.5295909941196442,0.08,0.35,0.05,0.45,1.2,35.431894982792436,865661.393451519,865661.404447266
2082,eye0,pmrnet,loop,25.22237994708121,0.02,0.5753659643232822,9.671629988588393,0.5219690501689911,0.08,0.35,0.05,0.45,1.2,38.14134495016187,865661.40468266,865661.415452318
2084,eye0,pmrnet,loop,21.50208700913936,0.02,0.5957729881629348,9.92767105344683,0.735545065253973,0.08,0.35,0.05,0.45,1.2,34.911076116003095,865661.416609673,865661.427869415
2085,eye0,pmrnet,loop,24.435973027721047,0.02,0.5931099876761436,9.54463193193078,0.6325519643723965,0.08,0.35,0.05,0.45,1.2,37.35626691170037,865661.428102066,865661.438872944
2087,eye0,pmrnet,loop,20.27285797521472,0.02,0.455301022157073,9.26674494985491,0.25224697310477495,0.08,0.35,0.05,0.45,1.2,32.39715092033148,865661.440873479,865661.450848214
2088,eye0,pmrnet,loop,17.58511597290635,0.02,0.4993869224563241,4.1831559501588345,0.5492930067703128,0.08,0.35,0.05,0.45,1.2,24.96695185229182,865661.450997483,865661.456229613
2089,eye0,pmrnet,loop,18.848531995899975,0.02,0.37840299773961306,4.219411057420075,2.0603820448741317,0.08,0.35,0.05,0.45,1.2,27.656728095933794,865661.45890343,865661.465561917
2090,eye0,pmrnet,loop,19.17799306102097,0.02,0.40300004184246063,6.449229898862541,0.22394105326384306,0.08,0.35,0.05,0.45,1.2,28.404164054989813,865661.46688438,865661.473960796
2091,eye0,pmrnet,loop,23.69404793716967,0.02,0.49966201186180115,10.272167040966451,0.8545169839635491,0.08,0.35,0.05,0.45,1.2,37.47039397396147,865661.474917647,865661.486544502
2092,eye0,pmrnet,loop,26.53747797012329,0.02,0.5885260179638863,9.620083030313253,0.4847409436479211,0.08,0.35,0.05,0.45,1.2,39.38082796204835,865661.486763885,865661.497457754
2093,eye0,pmrnet,loop,30.41500796098262,0.02,0.5146019393578172,9.768074029125273,0.5179219879209995,0.08,0.35,0.05,0.45,1.2,43.36560591738671,865661.498602601,865661.509403716
2095,eye0,pmrnet,loop,25.072950986213982,0.02,0.5274330032989383,9.560866048559546,0.4849580582231283,0.08,0.35,0.05,0.45,1.2,37.796208096295594,865661.509626289,865661.520200066
2096,eye0,pmrnet,loop,29.400066938251257,0.02,0.4974220646545291,10.483060032129288,0.4637900274246931,0.08,0.35,0.05,0.45,1.2,42.994339062459765,865661.521151477,865661.532596396
2098,eye0,pmrnet,loop,17.597828060388565,0.02,0.41470699943602085,3.269492066465318,0.5082279676571488,0.08,0.35,0.05,0.45,1.2,23.94025509394705,865661.532740042,865661.536932732
2099,eye0,pmrnet,loop,20.765151013620198,0.02,0.507093034684658,8.46302101854235,0.27476903051137924,0.08,0.35,0.05,0.45,1.2,32.16003409735858,865661.538923333,865661.548168659
2100,eye0,pmrnet,loop,17.530384939163923,0.02,0.35209290217608213,3.9814310148358345,0.352686969563365,0.08,0.35,0.05,0.45,1.2,24.366595825739203,865661.548316548,865661.553003183
2101,eye0,pmrnet,loop,15.595986042171717,0.02,0.36463793367147446,3.3359640510752797,0.5496819503605366,0.08,0.35,0.05,0.45,1.2,21.996269977279006,865661.554887506,865661.559138011
2102,eye0,pmrnet,loop,22.843325044959784,0.02,0.5158710991963744,10.270926053635776,0.7300249999389052,0.08,0.35,0.05,0.45,1.2,36.51014719773084,865661.562935827,865661.574453361
2103,eye0,pmrnet,loop,25.392797077074647,0.02,0.4902529763057828,9.471883997321129,0.46078197192400694,0.08,0.35,0.05,0.45,1.2,37.965716022625564,865661.574647901,865661.585071357
2104,eye0,pmrnet,loop,30.579638900235295,0.02,0.5778499180451035,10.027150041423738,1.2256100308150053,0.08,0.35,0.05,0.45,1.2,44.56024889051914,865661.586496757,865661.598327965
2106,eye0,pmrnet,loop,25.9199480060488,0.02,0.7697680266574025,9.7931909840554,0.7327069761231542,0.08,0.35,0.05,0.45,1.2,39.365613992884754,865661.598509745,865661.609805883
2107,eye0,pmrnet,loop,29.61530303582549,0.02,0.6481619784608483,9.541200939565897,0.4723269958049059,0.08,0.35,0.05,0.45,1.2,42.42699294965714,865661.610908122,865661.62157042
2074,eye1,pmrnet,loop,24.372778018005192,0.02,0.5442081019282341,9.7968690097332,0.7092870073392987,0.08,0.35,0.05,0.45,1.2,37.573142137005924,865661.381197204,865661.392248252
2075,eye1,pmrnet,loop,28.494063997641206,0.02,0.5916670197620988,9.944999939762056,0.46012201346457005,0.08,0.35,0.05,0.45,1.2,41.64085297062993,865661.393442627,865661.404439881
2077,eye1,pmrnet,loop,23.368826019577682,0.02,0.5833510076627135,9.748650016263127,0.43775804806500673,0.08,0.35,0.05,0.45,1.2,36.28858509156853,865661.404682152,865661.41545252
2078,eye1,pmrnet,loop,27.613471960648894,0.02,0.6052119424566627,10.178667027503252,0.3742990083992481,0.08,0.35,0.05,0.45,1.2,40.921649939008056,865661.416607917,865661.427766643
2080,eye1,pmrnet,loop,16.61938603501767,0.02,0.4120758967474103,4.032903932966292,0.5336749600246549,0.08,0.35,0.05,0.45,1.2,23.748040824756025,865661.427931986,865661.432910969
2081,eye1,pmrnet,loop,15.37062507122755,0.02,0.36130205262452364,3.3727879635989666,0.22571394219994545,0.08,0.35,0.05,0.45,1.2,21.480429029650985,865661.435771215,865661.439731329
2082,eye1,pmrnet,loop,16.513222944922745,0.02,0.3681450616568327,4.360166029073298,0.46379503328353167,0.08,0.35,0.05,0.45,1.2,23.855329068936406,865661.443750343,865661.448942731
2083,eye1,pmrnet,loop,15.768104000017047,0.02,0.3587600076571107,3.818579949438572,0.31363905873149633,0.08,0.35,0.05,0.45,1.2,22.409083015844224,865661.451775996,865661.45626718
2084,eye1,pmrnet,loop,17.00058695860207,0.02,0.34484092611819506,4.157542018219829,1.3163250405341387,0.08,0.35,0.05,0.45,1.2,24.96929494347423,865661.459749123,865661.465568113
2085,eye1,pmrnet,loop,15.345197985880077,0.02,0.3615400055423379,3.3932150108739734,0.43745303992182016,0.08,0.35,0.05,0.45,1.2,21.687406042218207,865661.467789637,865661.471982194
2086,eye1,pmrnet,loop,21.942186052910984,0.02,0.5103249568492174,9.899267926812172,0.41690305806696415,0.08,0.35,0.05,0.45,1.2,34.918681994639336,865661.475819913,865661.486646862
2087,eye1,pmrnet,loop,26.410266989842057,0.02,2.0246299682185054,9.205887094140053,0.27571700047701597,0.08,0.35,0.05,0.45,1.2,40.06650105267763,865661.487678189,865661.499184933
2088,eye1,pmrnet,loop,32.32112794648856,0.02,2.2441690089181066,10.269765043631196,0.7625470170751214,0.08,0.35,0.05,0.45,1.2,47.74760901611299,865661.499886743,865661.513163695
2090,eye1,pmrnet,loop,31.86224098317325,0.02,2.6870130095630884,10.841522016562521,0.7612430490553379,0.08,0.35,0.05,0.45,1.2,48.3020190583542,865661.514552476,865661.528842792
2092,eye1,pmrnet,loop,22.625576937571168,0.02,0.7396350847557187,4.9034899566322565,0.8307639509439468,0.08,0.35,0.05,0.45,1.2,31.24946592990309,865661.529271246,865661.535745528
2093,eye1,pmrnet,loop,19.6517399745062,0.02,0.32314599957317114,3.4736309899017215,0.5252750124782324,0.08,0.35,0.05,0.45,1.2,26.123791976459323,865661.536518383,865661.540840688
2094,eye1,pmrnet,loop,15.783782000653446,0.02,0.35144202411174774,3.314501023851335,0.4267749609425664,0.08,0.35,0.05,0.45,1.2,22.026500009559093,865661.540948537,865661.545041531
2095,eye1,pmrnet,loop,15.598062076605856,0.02,0.38166798185557127,3.497426980175078,1.2771059991791844,0.08,0.35,0.05,0.45,1.2,22.90426303781569,865661.547768425,865661.552924862
2096,eye1,pmrnet,loop,18.034952925518155,0.02,0.5084190052002668,6.629304029047489,0.4867550451308489,0.08,0.35,0.05,0.45,1.2,27.80943100489676,865661.555805855,865661.563430772
2097,eye1,pmrnet,loop,15.362960984930396,0.02,0.35137298982590437,3.404396935366094,1.303866971284151,0.08,0.35,0.05,0.45,1.2,22.572597881406544,865661.563767759,865661.568827676
2098,eye1,pmrnet,loop,14.438727055676281,0.02,0.34485897049307823,3.4091880079358816,0.46483997721225023,0.08,0.35,0.05,0.45,1.2,20.80761401131749,865661.571753484,865661.575972621
2099,eye1,pmrnet,loop,15.098051051609218,0.02,0.4788729129359126,3.9439640240743756,0.48254302237182856,0.08,0.35,0.05,0.45,1.2,22.153431010991333,865661.579794872,865661.58470064
2100,eye1,pmrnet,loop,14.487215899862349,0.02,0.3937289584428072,3.4865241032093763,0.4713709931820631,0.08,0.35,0.05,0.45,1.2,20.988839954696594,865661.587807124,865661.592159037
2101,eye1,pmrnet,loop,15.32315497752279,0.02,0.394423957914114,3.973362036049366,0.8798909839242697,0.08,0.35,0.05,0.45,1.2,22.72083195541054,865661.595815867,865661.601064014
2102,eye1,pmrnet,loop,17.620550002902746,0.02,0.4863259382545948,6.7690679570659995,0.3880319418385625,0.08,0.35,0.05,0.45,1.2,27.4139758400619,865661.60378563,865661.611429445
2103,eye1,pmrnet,loop,19.46746197063476,0.02,0.4860759945586324,8.604157948866487,0.47190196346491575,0.08,0.35,0.05,0.45,1.2,31.17959787752479,865661.611783408,865661.621345998
2104,eye1,pmrnet,loop,18.31387507263571,0.02,0.7397499866783619,3.897650050930679,1.2867769692093134,0.08,0.35,0.05,0.45,1.2,26.388052079454063,865661.622337085,865661.62826154
2105,eye1,pmrnet,loop,14.5691919606179,0.02,0.37513801362365484,3.3138159196823835,0.5060159601271152,0.08,0.35,0.05,0.45,1.2,20.914161854051052,865661.628390788,865661.632586067
2106,eye1,pmrnet,loop,13.730364968068898,0.02,0.3578609321266413,3.3090179786086082,0.36596099380403757,0.08,0.35,0.05,0.45,1.2,19.913204872608183,865661.63578312,865661.63981623
2107,eye1,pmrnet,loop,20.311034983024,0.02,0.47413993161171675,9.633622015826404,0.5514189833775163,0.08,0.35,0.05,0.45,1.2,33.12021591383964,865661.643804912,865661.654464718
2108,eye1,pmrnet,loop,23.21769203990698,0.02,0.5013899644836783,9.738645050674677,0.5198619328439236,0.08,0.35,0.05,0.45,1.2,36.127588987909256,865661.654679899,865661.665440348
2109,eye1,pmrnet,loop,27.606192976236343,0.02,0.5265210056677461,9.661952964961529,0.477449968457222,0.08,0.35,0.05,0.45,1.2,40.42211691532284,865661.6672321,865661.677898542
2111,eye1,pmrnet,loop,23.02145096473396,0.02,0.588497961871326,10.149631067179143,0.6408659974113107,0.08,0.35,0.05,0.45,1.2,36.55044599119574,865661.67807169,865661.689451119
2112,eye1,pmrnet,loop,27.296107029542327,0.02,0.5156070692464709,10.08820696733892,0.747454003430903,0.08,0.35,0.05,0.45,1.2,40.79737506955862,865661.690442944,865661.701794728
2114,eye1,pmrnet,loop,20.76305798254907,0.02,0.5823789397254586,7.71517597604543,1.0578809306025505,0.08,0.35,0.05,0.45,1.2,32.26849382892251,865661.702043977,865661.711399923
2115,eye1,pmrnet,loop,18.49502802360803,0.02,0.40670798625797033,3.9577119750902057,0.6479439325630665,0.08,0.35,0.05,0.45,1.2,25.65739191751927,865661.712189874,865661.717202478
2116,eye1,pmrnet,loop,14.774819021113217,0.02,0.36452896893024445,3.4213910112157464,0.4342249594628811,0.08,0.35,0.05,0.45,1.2,21.144963960722087,865661.717330886,865661.721551313
2117,eye1,pmrnet,loop,18.202398088760674,0.02,0.36224396899342537,8.504228084348142,0.38301595486700535,0.08,0.35,0.05,0.45,1.2,29.601886096969245,865661.723797504,865661.733047346
2118,eye1,pmrnet,loop,21.43228892236948,0.02,0.6249599391594529,9.289538953453302,0.3556000301614404,0.08,0.35,0.05,0.45,1.2,33.852387845143674,865661.734076117,865661.744346897
2119,eye1,pmrnet,loop,26.23554994352162,0.02,0.45292393770068884,9.656393085606396,2.1747740684077144,0.08,0.35,0.05,0.45,1.2,40.66964103523642,865661.744933413,865661.757218018
2121,eye1,pmrnet,loop,21.84507600031793,0.02,0.5076529923826456,9.675565990619361,0.4517320776358247,0.08,0.35,0.05,0.45,1.2,34.63002706095576,865661.758330521,865661.768966012
2122,eye1,pmrnet,loop,24.801976047456264,0.02,0.50095294136554,9.712881059385836,0.5995259853079915,0.08,0.35,0.05,0.45,1.2,37.76533603351563,865661.769178391,865661.779992237
2124,eye1,pmrnet,loop,20.800067926757038,0.02,0.5051060579717159,10.223625926300883,0.4869289696216583,0.08,0.35,0.05,0.45,1.2,34.165728880651294,865661.780910874,865661.792127115
2132,eye1,pmrnet,loop,25.34133300650865,0.02,0.5348230479285121,9.875423973426223,0.5043490091338754,0.08,0.35,0.05,0.45,1.2,38.40592903699726,865661.850306766,865661.861221878
2134,eye1,pmrnet,loop,22.131736972369254,0.02,0.4962270613759756,6.832942017354071,0.4235520027577877,0.08,0.35,0.05,0.45,1.2,32.03445805385709,865661.866397367,865661.874150508
2137,eye1,pmrnet,loop,18.509296933189034,0.02,0.5500420229509473,5.904907011426985,0.4122540121898055,0.08,0.35,0.05,0.45,1.2,27.52649997975677,865661.887866966,865661.894734707
2138,eye1,pmrnet,loop,15.6047249911353,0.02,0.31843408942222595,3.367405035533011,0.4639100516214967,0.08,0.35,0.05,0.45,1.2,21.90447416771203,865661.895749552,865661.899899579
2139,eye1,pmrnet,loop,15.437146998010576,0.02,0.36128994543105364,3.281744080595672,0.36108598578721285,0.08,0.35,0.05,0.45,1.2,21.591267009824513,865661.903796521,865661.907800923
2140,eye1,pmrnet,loop,22.103505092673004,0.02,0.5117929540574551,9.777744999155402,0.42959197890013456,0.08,0.35,0.05,0.45,1.2,34.972635024785994,865661.911816016,865661.922535722
2141,eye1,pmrnet,loop,24.792582960799336,0.02,0.5261719925329089,9.50966589152813,0.5295430310070515,0.08,0.35,0.05,0.45,1.2,37.507963875867425,865661.922728471,865661.933294329
2109,eye0,pmrnet,loop,24.780211970210075,0.02,0.5065869772806764,9.57212201319635,0.4001309862360358,0.08,0.35,0.05,0.45,1.2,37.409051946923135,865661.622394823,865661.632874211
2110,eye0,pmrnet,loop,28.037069947458804,0.02,0.5282779457047582,9.416757966391742,0.376163050532341,0.08,0.35,0.05,0.45,1.2,40.508268910087644,865661.633878775,865661.644200532
2112,eye0,pmrnet,loop,18.423681030981243,0.02,0.4833609564229846,5.192395998165011,0.6770020117983222,0.08,0.35,0.05,0.45,1.2,26.92643999736756,865661.644372268,865661.650725428
2113,eye0,pmrnet,loop,22.168327937833965,0.02,0.5149029893800616,9.717682958580554,0.7659730035811663,0.08,0.35,0.05,0.45,1.2,35.316886889375745,865661.651539527,865661.66253868
2114,eye0,pmrnet,loop,24.97274801135063,0.02,0.4808079684153199,9.85069596208632,0.36207796074450016,0.08,0.35,0.05,0.45,1.2,37.81632990259677,865661.662717976,865661.673412022
2115,eye0,pmrnet,loop,28.49796903319657,0.02,0.5296809831634164,9.47148003615439,0.5296890158206224,0.08,0.35,0.05,0.45,1.2,41.178819068334995,865661.674470006,865661.685005879
2117,eye0,pmrnet,loop,21.42306708265096,0.02,0.776045024394989,7.272455026395619,0.5709800170734525,0.08,0.35,0.05,0.45,1.2,32.19254715051502,865661.685449899,865661.694069861
2119,eye0,pmrnet,loop,22.727719973772764,0.02,0.6150460103526711,10.208545019850135,1.6159269725903869,0.08,0.35,0.05,0.45,1.2,37.317237976565956,865661.699070734,865661.71151102
2120,eye0,pmrnet,loop,26.44674899056554,0.02,0.5367930280044675,9.559047059156,0.3831509966403246,0.08,0.35,0.05,0.45,1.2,39.07574007436633,865661.712820322,865661.723299995
2122,eye0,pmrnet,loop,18.782276893034577,0.02,0.47776196151971817,7.377746980637312,0.4346210043877363,0.08,0.35,0.05,0.45,1.2,29.222406839579342,865661.723483182,865661.731773737
2123,eye0,pmrnet,loop,15.89659892488271,0.02,0.3538700984790921,3.7081240443512797,0.42835494969040155,0.08,0.35,0.05,0.45,1.2,22.536948017403482,865661.732466735,865661.73695731
2124,eye0,pmrnet,loop,13.753917999565601,0.02,0.348358997143805,3.233635099604726,0.41062000673264265,0.08,0.35,0.05,0.45,1.2,19.896532103046773,865661.738891095,865661.742883943
2125,eye0,pmrnet,loop,15.871674986556172,0.02,0.3826129250228405,3.9729339769110084,1.8203220097348094,0.08,0.35,0.05,0.45,1.2,24.19754389822483,865661.746894351,865661.753070527
2126,eye0,pmrnet,loop,20.403494010679424,0.02,0.5343409720808268,9.75694099906832,0.45625504571944475,0.08,0.35,0.05,0.45,1.2,33.30103102754802,865661.754922449,865661.765670776
2127,eye0,pmrnet,loop,23.109077010303736,0.02,0.48454198986291885,9.646737016737461,0.45944401063025,0.08,0.35,0.05,0.45,1.2,35.849800027534364,865661.76585409,865661.776445304
2128,eye0,pmrnet,loop,26.5510359313339,0.02,0.4942950326949358,9.60716197732836,0.3817270044237375,0.08,0.35,0.05,0.45,1.2,39.18421994578093,865661.777472839,865661.787956523
2130,eye0,pmrnet,loop,19.41652607638389,0.02,0.3742340486496687,7.637734990566969,0.8353000739589334,0.08,0.35,0.05,0.45,1.2,30.41379518955946,865661.788112493,865661.796960031
2131,eye0,pmrnet,loop,19.747810903936625,0.02,0.5151319783180952,6.184970960021019,0.3310790052637458,0.08,0.35,0.05,0.45,1.2,28.928992847539483,865661.798328817,865661.805360456
2132,eye0,pmrnet,loop,16.136526013724506,0.02,0.4683589795604348,3.3364980481565,0.4845079965889454,0.08,0.35,0.05,0.45,1.2,22.575891038030385,865661.805528615,865661.80981836
2133,eye0,pmrnet,loop,18.236399977467954,0.02,0.32831996213644743,8.359003928489983,0.4198829410597682,0.08,0.35,0.05,0.45,1.2,29.49360680915415,865661.810879772,865661.81998722
2134,eye0,pmrnet,loop,15.219456981867552,0.02,0.34691905602812767,3.308714018203318,0.49557595048099756,0.08,0.35,0.05,0.45,1.2,21.520666006579994,865661.820887856,865661.825039299
2135,eye0,pmrnet,loop,14.426951995119452,0.02,0.3671700833365321,3.6070550559088588,1.4403039822354913,0.08,0.35,0.05,0.45,1.2,21.991481116600333,865661.826901026,865661.832315867
2136,eye0,pmrnet,loop,13.259967905469239,0.02,0.35998295061290264,3.517628996632993,0.43643300887197256,0.08,0.35,0.05,0.45,1.2,19.724012861587106,865661.834903437,865661.839217758
2137,eye0,pmrnet,loop,20.468703005462885,0.02,0.4809600068256259,10.46626700554043,0.6131560076028109,0.08,0.35,0.05,0.45,1.2,34.17908602543175,865661.842933583,865661.854494455
2138,eye0,pmrnet,loop,22.038931027054787,0.02,0.5501549458131194,7.105616037733853,1.7718180315569043,0.08,0.35,0.05,0.45,1.2,33.61652004215867,865661.854706867,865661.864134982
2139,eye0,pmrnet,loop,26.613688096404076,0.02,0.4963800311088562,10.543501004576683,0.5947649478912354,0.08,0.35,0.05,0.45,1.2,40.39833407998085,865661.865142478,865661.876777753
2141,eye0,pmrnet,loop,20.78151097521186,0.02,0.4916039761155844,9.23035095911473,0.39005407597869635,0.08,0.35,0.05,0.45,1.2,33.04351998642087,865661.876971461,865661.887084027
2142,eye0,pmrnet,loop,25.75828996486962,0.02,0.544824986718595,9.602920967154205,0.4713969537988305,0.08,0.35,0.05,0.45,1.2,38.52743287254125,865661.889509988,865661.900129798
2144,eye0,pmrnet,loop,18.677961081266403,0.02,0.4602359840646386,8.1209969939664,0.30616705771535635,0.08,0.35,0.05,0.45,1.2,29.715361117012797,865661.90029999,865661.909187786
2145,eye0,pmrnet,loop,23.95046700257808,0.02,0.5328780971467495,9.738425957038999,0.5527139874175191,0.08,0.35,0.05,0.45,1.2,36.924485044181345,865661.911704481,865661.922529141
2146,eye0,pmrnet,loop,26.699997019022703,0.02,0.5322119686752558,9.603756945580244,0.49600808415561914,0.08,0.35,0.05,0.45,1.2,39.48197401743382,865661.92271479,865661.9333473
2147,eye0,pmrnet,loop,28.17580907139927,0.02,0.5541620776057243,7.314152084290981,0.39291102439165115,0.08,0.35,0.05,0.45,1.2,38.58703425768763,865661.934631201,865661.942892809
2149,eye0,pmrnet,loop,21.630587987601757,0.02,0.597322010435164,8.375197066925466,0.503316055983305,0.08,0.35,0.05,0.45,1.2,33.2564231209457,865661.943009783,865661.952486022
2150,eye0,pmrnet,loop,18.166782916523516,0.02,0.38276100531220436,3.2271069940179586,0.2345200628042221,0.08,0.35,0.05,0.45,1.2,24.1611709786579,865661.953246805,865661.957091483
2151,eye0,pmrnet,loop,16.57925604376942,0.02,0.36869500763714314,3.6090200301259756,0.6939240265637636,0.08,0.35,0.05,0.45,1.2,23.4008951080963,865661.95890143,865661.963573284
2152,eye0,pmrnet,loop,16.232772963121533,0.02,0.3511790418997407,3.340488998219371,0.702198944054544,0.08,0.35,0.05,0.45,1.2,22.776639947295187,865661.966901103,865661.971295344
2153,eye0,pmrnet,loop,16.248041996732354,0.02,0.5330858984962106,3.3208189997822046,0.6011469522491097,0.08,0.35,0.05,0.45,1.2,22.853093847259878,865661.974924696,865661.97938003
2154,eye0,pmrnet,loop,16.793643939308822,0.02,0.3421070287004113,3.8446300895884633,0.9322519181296229,0.08,0.35,0.05,0.45,1.2,24.06263297572732,865661.982875462,865661.987994685
2155,eye0,pmrnet,loop,18.560339929535985,0.02,0.4130449378862977,6.018087035045028,0.48635504208505154,0.08,0.35,0.05,0.45,1.2,27.62782694455236,865661.990911846,865661.997829532
2156,eye0,pmrnet,loop,16.15183404646814,0.02,0.39722095243632793,3.6258510081097484,0.5411719903349876,0.08,0.35,0.05,0.45,1.2,22.8660779973492,865661.998926239,865662.00349073
2157,eye0,pmrnet,loop,15.65259206108749,0.02,0.39076502434909344,3.3417849335819483,0.4111500456929207,0.08,0.35,0.05,0.45,1.2,21.94629206471145,865662.00691666,865662.011060573
2158,eye0,pmrnet,loop,22.623902885243297,0.02,0.5639259470626712,10.075331083498895,0.51310402341187,0.08,0.35,0.05,0.45,1.2,35.92626393921673,865662.014946831,865662.026099758
2159,eye0,pmrnet,loop,26.190108968876302,0.02,0.5006029969081283,10.07725391536951,0.8482140256091952,0.08,0.35,0.05,0.45,1.2,39.766179906763135,865662.026308175,865662.037734786
2161,eye0,pmrnet,loop,20.58965398464352,0.02,0.5825089756399393,8.36685299873352,0.24610792752355337,0.08,0.35,0.05,0.45,1.2,31.93512388654053,865662.03907775,865662.048273786
2162,eye0,pmrnet,loop,17.08795002195984,0.02,0.329892965964973,3.7817630218341947,0.3480170853435993,0.08,0.35,0.05,0.45,1.2,23.697623095102607,865662.048380806,865662.052840683
2163,eye0,pmrnet,loop,16.34939992800355,0.02,0.37351902574300766,3.713752026669681,1.1532569769769907,0.08,0.35,0.05,0.45,1.2,23.739927957393228,865662.054930575,865662.060171349
2164,eye0,pmrnet,loop,21.966414991766214,0.02,0.5169900832697749,9.887350955978036,0.49644801765680313,0.08,0.35,0.05,0.45,1.2,35.01720404867083,865662.062955137,865662.073856506
2165,eye0,pmrnet,loop,24.62889498565346,0.02,0.5414870101958513,9.481430053710938,0.47539500519633293,0.08,0.35,0.05,0.45,1.2,37.27720705475658,865662.074089562,865662.084588435
2166,eye0,pmrnet,loop,29.67680909205228,0.02,0.5104929441586137,10.365382069721818,1.1038880329579115,0.08,0.35,0.05,0.45,1.2,43.80657213889062,865662.085724161,865662.097704392
2168,eye0,pmrnet,loop,22.76428893674165,0.02,0.5602859891951084,8.086274960078299,0.35258394200354815,0.08,0.35,0.05,0.45,1.2,33.913433828018604,865662.097931611,865662.10693127
2144,eye1,pmrnet,loop,23.347417009063065,0.02,0.45518495608121157,9.37130197416991,0.8039620006456971,0.08,0.35,0.05,0.45,1.2,36.12786593995988,865661.945424336,865661.956055307
2146,eye1,pmrnet,loop,29.23052094411105,0.02,1.871066982857883,8.075151010416448,0.7503799861297011,0.08,0.35,0.05,0.45,1.2,42.07711892351508,865661.967380119,865661.978077069
2148,eye1,pmrnet,loop,17.68453198019415,0.02,0.3479339648038149,3.2724799821153283,0.2007409930229187,0.08,0.35,0.05,0.45,1.2,23.655686920136212,865661.978847806,865661.982669233
2149,eye1,pmrnet,loop,14.9894580245018,0.02,0.34394196700304747,3.629304002970457,0.31962490174919367,0.08,0.35,0.05,0.45,1.2,21.432328896224497,865661.983750284,865661.988043377
2150,eye1,pmrnet,loop,16.760892001911998,0.02,0.37862593308091164,3.940940019674599,1.7601860454306006,0.08,0.35,0.05,0.45,1.2,24.990644000098108,865661.991802604,865661.997882743
2151,eye1,pmrnet,loop,22.05105300527066,0.02,0.5423279944807291,10.396503028459847,0.46906399074941874,0.08,0.35,0.05,0.45,1.2,35.60894801896065,865661.99983313,865662.01124157
2152,eye1,pmrnet,loop,21.4483110466972,0.02,0.5410559242591262,6.197496084496379,0.5145160248503089,0.08,0.35,0.05,0.45,1.2,30.851379080303012,865662.011454956,865662.01870875
2153,eye1,pmrnet,loop,25.061518070288002,0.02,0.5132729420438409,9.329234017059207,0.7881759665906429,0.08,0.35,0.05,0.45,1.2,37.84220099598169,865662.019759832,865662.030390934
2154,eye1,pmrnet,loop,21.563329035416245,0.02,0.37093902938067913,3.663629060611129,0.39709301199764013,0.08,0.35,0.05,0.45,1.2,28.144990137405692,865662.030531074,865662.034963019
2155,eye1,pmrnet,loop,17.372086993418634,0.02,0.3423430025577545,3.173855016939342,0.2229319652542472,0.08,0.35,0.05,0.45,1.2,23.261216978169976,865662.035101337,865662.038840723
2156,eye1,pmrnet,loop,14.380562934093177,0.02,0.3247030545026064,3.391048056073487,0.4121579695492983,0.08,0.35,0.05,0.45,1.2,20.658472014218567,865662.039790521,865662.043918707
2157,eye1,pmrnet,loop,15.1701649883762,0.02,0.32790505792945623,3.3772389870136976,1.214892021380365,0.08,0.35,0.05,0.45,1.2,22.240201054699718,865662.047856706,865662.052776968
2158,eye1,pmrnet,loop,14.548563049174845,0.02,0.42974797543138266,3.6490120692178607,0.3390070050954819,0.08,0.35,0.05,0.45,1.2,21.11633009891957,865662.055806612,865662.060224632
2159,eye1,pmrnet,loop,20.830692956224084,0.02,0.49928203225135803,9.837277932092547,0.40688703302294016,0.08,0.35,0.05,0.45,1.2,33.72413995359093,865662.06383105,865662.074575011
2160,eye1,pmrnet,loop,23.250608006492257,0.02,0.49740506801754236,9.421032969839871,0.36329205613583326,0.08,0.35,0.05,0.45,1.2,35.6823381004855,865662.07478207,865662.085064306
2161,eye1,pmrnet,loop,27.850726037286222,0.02,0.4875139566138387,10.300574009306729,0.7211959455162287,0.08,0.35,0.05,0.45,1.2,41.51000994872302,865662.0862226,865662.097732437
2163,eye1,pmrnet,loop,20.829098066315055,0.02,0.555626000277698,7.691630977205932,0.6584040820598602,0.08,0.35,0.05,0.45,1.2,31.884759125858544,865662.097943966,865662.106850101
2164,eye1,pmrnet,loop,25.404925923794508,0.02,0.5083730211481452,10.303446091711521,0.6348280003294349,0.08,0.35,0.05,0.45,1.2,39.00157303698361,865662.108045039,865662.119492285
2165,eye1,pmrnet,loop,29.08613800536841,0.02,0.7427689852192998,10.13321802020073,0.5871080793440342,0.08,0.35,0.05,0.45,1.2,42.69923309013247,865662.119778941,865662.13124271
2168,eye1,pmrnet,loop,19.286477006971836,0.02,0.5200039595365524,8.14323197118938,0.9460789151489735,0.08,0.35,0.05,0.45,1.2,31.04579185284674,865662.136041009,865662.145650744
2169,eye1,pmrnet,loop,23.79325800575316,0.02,0.5859730299562216,11.141494964249432,0.5889369640499353,0.08,0.35,0.05,0.45,1.2,38.25966296400875,865662.14590896,865662.158226067
2170,eye1,pmrnet,loop,28.58773001935333,0.02,0.5993259837850928,10.193228023126721,0.6446150364354253,0.08,0.35,0.05,0.45,1.2,42.17489906270057,865662.159651749,865662.171089525
2172,eye1,pmrnet,loop,23.96792301442474,0.02,0.5938659887760878,10.216563008725643,0.4398999735713005,0.08,0.35,0.05,0.45,1.2,37.36825198549777,865662.171357222,865662.182608103
2173,eye1,pmrnet,loop,28.227786999195814,0.02,2.4528299691155553,8.251545950770378,0.4299440188333392,0.08,0.35,0.05,0.45,1.2,41.512106937915085,865662.183802331,865662.194937268
2175,eye1,pmrnet,loop,25.471399072557688,0.02,0.584430992603302,10.947843082249165,1.6304500168189406,0.08,0.35,0.05,0.45,1.2,40.784123164229094,865662.195154562,865662.208317871
2177,eye1,pmrnet,loop,25.025296956300735,0.02,0.5219369195401669,11.075521004386246,0.5891550099477172,0.08,0.35,0.05,0.45,1.2,39.361909890174864,865662.211822992,865662.224010156
2179,eye1,pmrnet,loop,24.398996960371733,0.02,2.997198957018554,11.69585797470063,0.5387850105762482,0.08,0.35,0.05,0.45,1.2,41.78083890266716,865662.224289491,865662.239521995
2181,eye1,pmrnet,loop,21.34969807229936,0.02,0.626581022515893,10.574696003459394,0.5997769767418504,0.08,0.35,0.05,0.45,1.2,35.3007520750165,865662.240808711,865662.252610437
2182,eye1,pmrnet,loop,24.514326942153275,0.02,0.6354110082611442,9.569856920279562,0.7481980137526989,0.08,0.35,0.05,0.45,1.2,37.61779288444668,865662.252891057,865662.263844968
2184,eye1,pmrnet,loop,13.518398976884782,0.02,0.4336700076237321,3.467481932602823,0.23807596880942583,0.08,0.35,0.05,0.45,1.2,19.80762688592076,865662.26484781,865662.268987507
2185,eye1,pmrnet,loop,12.573118088766932,0.02,0.5533060757443309,3.3827649895101786,0.3568229731172323,0.08,0.35,0.05,0.45,1.2,19.016012127138673,865662.271818524,865662.276111669
2186,eye1,pmrnet,loop,13.347100000828505,0.02,0.348657020367682,3.71623900718987,1.0933619923889637,0.08,0.35,0.05,0.45,1.2,20.65535802077502,865662.279796359,865662.284954931
2187,eye1,pmrnet,loop,19.87877395004034,0.02,0.4065789980813861,5.094654974527657,2.1983759943395853,0.08,0.35,0.05,0.45,1.2,29.728383916988967,865662.29185469,865662.299554677
2188,eye1,pmrnet,loop,23.17742200102657,0.02,0.5269399844110012,10.093995952047408,0.4484870005398989,0.08,0.35,0.05,0.45,1.2,36.39684493802488,865662.299851557,865662.310921647
2189,eye1,pmrnet,loop,28.205619077198207,0.02,0.8648450020700693,10.650665033608675,0.48733095172792673,0.08,0.35,0.05,0.45,1.2,42.35846006460488,865662.312015276,865662.324018708
2191,eye1,pmrnet,loop,23.259919020347297,0.02,0.6454800022765994,9.842230938374996,0.4169909516349435,0.08,0.35,0.05,0.45,1.2,36.314620912633835,865662.324306241,865662.335211569
2192,eye1,pmrnet,loop,21.931517985649407,0.02,0.4286249168217182,4.390554968267679,0.34583895467221737,0.08,0.35,0.05,0.45,1.2,29.24653682541102,865662.336788186,865662.341953508
2193,eye1,pmrnet,loop,19.7336949640885,0.02,0.40175800677388906,3.695982974022627,1.6359490109607577,0.08,0.35,0.05,0.45,1.2,27.617384955845772,865662.342090651,865662.347824655
2194,eye1,pmrnet,loop,17.053543007932603,0.02,0.3636820474639535,3.489866037853062,1.4177249977365136,0.08,0.35,0.05,0.45,1.2,24.47481609098613,865662.347942077,865662.35321363
2195,eye1,pmrnet,loop,19.741336931474507,0.02,0.4227049648761749,4.789459984749556,1.6433909768238664,0.08,0.35,0.05,0.45,1.2,28.746892857924102,865662.357114766,865662.363970696
2196,eye1,pmrnet,loop,20.524623920209706,0.02,0.39259903132915497,8.065516944043338,0.23957400117069483,0.08,0.35,0.05,0.45,1.2,31.372313896752893,865662.364125144,865662.372823167
2197,eye1,pmrnet,loop,28.011537971906364,0.02,0.5762859946116805,9.821675950661302,0.5060710245743394,0.08,0.35,0.05,0.45,1.2,41.065570941753684,865662.377474116,865662.388378739
2199,eye1,pmrnet,loop,23.738278076052666,0.02,0.608412898145616,9.75798605941236,1.2889489298686385,0.08,0.35,0.05,0.45,1.2,37.54362596347928,865662.388586837,865662.400242806
2200,eye1,pmrnet,loop,20.907828933559358,0.02,0.5244089988991618,3.415426006540656,0.5598739953711629,0.08,0.35,0.05,0.45,1.2,27.557537934370337,865662.400982208,865662.405482163
2201,eye1,pmrnet,loop,17.573031946085393,0.02,0.36208098754286766,3.775468096137047,0.45368506107479334,0.08,0.35,0.05,0.45,1.2,24.3142660908401,865662.405625006,865662.410216497
2202,eye1,pmrnet,loop,15.312339994125068,0.02,0.3680650843307376,3.3952631056308746,0.45566295739263296,0.08,0.35,0.05,0.45,1.2,21.681331141479312,865662.411805333,865662.416024601
2203,eye1,pmrnet,loop,15.845095040276647,0.02,0.47473504673689604,3.671135986223817,0.6354479119181633,0.08,0.35,0.05,0.45,1.2,22.77641398515552,865662.419845063,865662.424626755
2204,eye1,pmrnet,loop,22.144344984553754,0.02,0.5699340254068375,9.893900016322732,0.6448549684137106,0.08,0.35,0.05,0.45,1.2,35.40303399469703,865662.42788447,865662.438993756
2205,eye1,pmrnet,loop,21.81644702795893,0.02,0.5383550887927413,5.6072709849104285,1.3327979249879718,0.08,0.35,0.05,0.45,1.2,31.44487102665007,865662.439257431,865662.446736379
2206,eye1,pmrnet,loop,26.252369047142565,0.02,1.4670880045741796,9.724257048219442,0.259650987572968,0.08,0.35,0.05,0.45,1.2,39.853365087509154,865662.447788699,865662.459240122
2169,eye0,pmrnet,loop,27.258906047791243,0.02,0.5025590071454644,10.32914302777499,0.584502937272191,0.08,0.35,0.05,0.45,1.2,40.825111019983886,865662.108075691,865662.119492376
2171,eye0,pmrnet,loop,23.946903995238245,0.02,2.1266479743644595,9.962583077140152,0.4507199628278613,0.08,0.35,0.05,0.45,1.2,38.636855009570716,865662.119778226,865662.132318802
2173,eye0,pmrnet,loop,17.01173302717507,0.02,0.5327879916876554,4.125324077904224,0.8294960716739297,0.08,0.35,0.05,0.45,1.2,24.649341168440877,865662.136034197,865662.141522221
2174,eye0,pmrnet,loop,15.069355955347419,0.02,0.47216902021318674,3.7065079668536782,0.5170439835637808,0.08,0.35,0.05,0.45,1.2,21.915076925978063,865662.142953151,865662.147649216
2175,eye0,pmrnet,loop,22.74140703957528,0.02,0.7524789543822408,10.769642889499664,0.8746449602767825,0.08,0.35,0.05,0.45,1.2,37.288173843733965,865662.150991784,865662.163389419
2176,eye0,pmrnet,loop,23.117938893847167,0.02,0.7422929629683495,5.942193092778325,0.3321149852126837,0.08,0.35,0.05,0.45,1.2,32.284539934806524,865662.164818486,865662.171835764
2177,eye0,pmrnet,loop,19.88331601023674,0.02,0.4138159565627575,3.779142047278583,0.46670192386955023,0.08,0.35,0.05,0.45,1.2,26.69297593794763,865662.172010188,865662.176670268
2178,eye0,pmrnet,loop,16.88050595112145,0.02,0.4563649417832494,3.9752949960529804,0.4559280350804329,0.08,0.35,0.05,0.45,1.2,23.91809392403811,865662.176848329,865662.181736274
2179,eye0,pmrnet,loop,22.062421077862382,0.02,0.6180440541356802,10.607680073007941,0.7936700712889433,0.08,0.35,0.05,0.45,1.2,36.231815276294945,865662.182966466,865662.194986499
2180,eye0,pmrnet,loop,27.32516801916063,0.02,0.6213440792635083,10.452887043356895,1.9968119449913502,0.08,0.35,0.05,0.45,1.2,42.54621108677238,865662.195246112,865662.208317946
2182,eye0,pmrnet,loop,26.862388011068106,0.02,0.6849309429526329,11.15406199824065,0.6847959011793137,0.08,0.35,0.05,0.45,1.2,41.5361768534407,865662.211468844,865662.223993326
2184,eye0,pmrnet,loop,26.250509079545736,0.02,2.9914159094914794,11.638669995591044,0.6005539325997233,0.08,0.35,0.05,0.45,1.2,43.63114891722798,865662.224287859,865662.239519347
2186,eye0,pmrnet,loop,24.97270400635898,0.02,2.439508098177612,10.473762988112867,0.6212970474734902,0.08,0.35,0.05,0.45,1.2,40.65727214012295,865662.2408445,865662.254379673
2187,eye0,pmrnet,loop,30.017873970791698,0.02,2.1591580007225275,9.99817403499037,0.704736914485693,0.08,0.35,0.05,0.45,1.2,45.02994292099029,865662.254633419,865662.26749603
2189,eye0,pmrnet,loop,22.4416540004313,0.02,2.791390987113118,3.741382039152086,1.1993939988315105,0.08,0.35,0.05,0.45,1.2,32.32382102552801,865662.268325645,865662.276058083
2190,eye0,pmrnet,loop,18.865393940359354,0.02,0.3804679727181792,3.44105192925781,0.5212549585849047,0.08,0.35,0.05,0.45,1.2,25.358168800920247,865662.276208106,865662.28055128
2191,eye0,pmrnet,loop,15.267016016878188,0.02,0.3598760813474655,3.6504969466477633,0.33774005714803934,0.08,0.35,0.05,0.45,1.2,21.765129102021454,865662.280673799,865662.285022187
2192,eye0,pmrnet,loop,12.82938604708761,0.02,0.33389299642294645,3.1748469918966293,0.22162997629493475,0.08,0.35,0.05,0.45,1.2,18.70975601170212,865662.286922819,865662.29065341
2193,eye0,pmrnet,loop,13.594891992397606,0.02,0.3813250223174691,3.7619619397446513,0.36294199526309967,0.08,0.35,0.05,0.45,1.2,20.251120949722825,865662.294981404,865662.299487946
2194,eye0,pmrnet,loop,13.566844048909843,0.02,0.42590999510139227,3.7197100464254618,0.44511002488434315,0.08,0.35,0.05,0.45,1.2,20.30757411532104,865662.302936882,865662.307528123
2195,eye0,pmrnet,loop,21.449829917401075,0.02,1.21500703971833,10.687259957194328,0.5883880658075213,0.08,0.35,0.05,0.45,1.2,36.09048498012125,865662.310987954,865662.323479025
2196,eye0,pmrnet,loop,24.863900966010988,0.02,0.6295180646702647,10.092363110743463,0.4989610752090812,0.08,0.35,0.05,0.45,1.2,38.234743216633795,865662.323741219,865662.33496262
2198,eye0,pmrnet,loop,15.666258987039328,0.02,0.4316680133342743,3.544198931194842,1.1658599833026528,0.08,0.35,0.05,0.45,1.2,22.957985914871095,865662.336761766,865662.341903836
2199,eye0,pmrnet,loop,13.68703693151474,0.02,0.49914303235709667,4.148612963035703,0.4414200084283948,0.08,0.35,0.05,0.45,1.2,20.926212935335933,865662.342904534,865662.347994044
2200,eye0,pmrnet,loop,12.37608096562326,0.02,0.3449219511821866,3.256778931245208,0.23886398412287235,0.08,0.35,0.05,0.45,1.2,18.366645832173525,865662.350910947,865662.354751775
2201,eye0,pmrnet,loop,13.77869804855436,0.02,0.43221795931458473,4.282683017663658,0.56025804951787,0.08,0.35,0.05,0.45,1.2,21.203857075050472,865662.358947596,865662.364223081
2202,eye0,pmrnet,loop,12.62561499606818,0.02,0.3813250223174691,3.418902982957661,0.3883889876306057,0.08,0.35,0.05,0.45,1.2,18.964231988973914,865662.366950761,865662.371139625
2203,eye0,pmrnet,loop,14.319801004603505,0.02,0.40219095535576344,3.9075860986486077,1.6641010297462344,0.08,0.35,0.05,0.45,1.2,22.44367908835411,865662.374928553,865662.380902671
2204,eye0,pmrnet,loop,19.31123691610992,0.02,0.5311190616339445,9.968979051336646,0.49879204016178846,0.08,0.35,0.05,0.45,1.2,32.4601270692423,865662.382962574,865662.393961951
2205,eye0,pmrnet,loop,23.024140973575413,0.02,0.5536930402740836,9.753353078849614,0.4198820097371936,0.08,0.35,0.05,0.45,1.2,35.9010691024363,865662.395016059,865662.405743582
2206,eye0,pmrnet,loop,27.152303024195135,0.02,0.6833849474787712,9.876361000351608,0.40717702358961105,0.08,0.35,0.05,0.45,1.2,40.26922599561512,865662.406973188,865662.417940702
2207,eye0,pmrnet,loop,28.641745098866522,0.02,0.9977059671655297,8.04828794207424,0.2747670514509082,0.08,0.35,0.05,0.45,1.2,40.1125060595572,865662.418178541,865662.427499872
2209,eye0,pmrnet,loop,18.043718999251723,0.02,0.3851690562441945,3.731689997948706,0.4539400106295943,0.08,0.35,0.05,0.45,1.2,24.764518064074217,865662.428469558,865662.433040668
2210,eye0,pmrnet,loop,16.12417004071176,0.02,0.41684601455926895,3.510687965899706,0.2751699648797512,0.08,0.35,0.05,0.45,1.2,22.476873986050485,865662.434987134,865662.439190147
2211,eye0,pmrnet,loop,16.34241605643183,0.02,0.41210500057786703,3.6214409628883004,0.4608940798789263,0.08,0.35,0.05,0.45,1.2,22.986856099776922,865662.442982846,865662.447477568
2212,eye0,pmrnet,loop,16.76030200906098,0.02,1.1721330229192972,3.4025709610432386,0.42499403934925795,0.08,0.35,0.05,0.45,1.2,23.91000003237277,865662.45096418,865662.455964226
2213,eye0,pmrnet,loop,23.502510972321033,0.02,0.6386919412761927,10.404809028841555,0.7338669383898377,0.08,0.35,0.05,0.45,1.2,37.42987888082862,865662.458997061,865662.470774881
2214,eye0,pmrnet,loop,20.414569997228682,0.02,0.39151590317487717,3.393316059373319,0.24307193234562874,0.08,0.35,0.05,0.45,1.2,26.592473892122506,865662.471728011,865662.475756218
2215,eye0,pmrnet,loop,19.014457007870078,0.02,0.38668501656502485,5.72669692337513,0.41579396929591894,0.08,0.35,0.05,0.45,1.2,27.69363291710615,865662.475894918,865662.482424547
2216,eye0,pmrnet,loop,22.357429028488696,0.02,0.5270009860396385,9.799007908441126,0.5378769710659981,0.08,0.35,0.05,0.45,1.2,35.37131489403546,865662.482971781,865662.493836202
2217,eye0,pmrnet,loop,24.831626913510263,0.02,2.689241082407534,6.36130606289953,0.26004493702203035,0.08,0.35,0.05,0.45,1.2,36.292218995839356,865662.495069092,865662.504380471
2218,eye0,pmrnet,loop,27.007916010916233,0.02,0.35715498961508274,9.093216969631612,0.6401239661499858,0.08,0.35,0.05,0.45,1.2,39.24841193631291,865662.50453373,865662.514624578
2220,eye0,pmrnet,loop,25.78144404105842,0.02,0.6509410450235009,9.992384002543986,0.979397096671164,0.08,0.35,0.05,0.45,1.2,39.55416618529707,865662.517913493,865662.529536794
2221,eye0,pmrnet,loop,23.98407005239278,0.02,0.49427198246121407,5.175561993382871,0.4091899609193206,0.08,0.35,0.05,0.45,1.2,32.213093989156185,865662.529729705,865662.535809218
2223,eye0,pmrnet,loop,22.44048600550741,0.02,0.587797025218606,9.823161992244422,0.47060800716280937,0.08,0.35,0.05,0.45,1.2,35.472053030133246,865662.539520737,865662.550403003
2224,eye0,pmrnet,loop,25.03513905685395,0.02,0.47267694026231766,9.509308962151408,0.49882102757692337,0.08,0.35,0.05,0.45,1.2,37.6659459868446,865662.550584884,865662.561066182
2225,eye0,pmrnet,loop,28.696077060885727,0.02,0.5712669808417559,9.508425020612776,0.37658598739653826,0.08,0.35,0.05,0.45,1.2,41.302355049736796,865662.562340219,865662.572797076
2227,eye0,pmrnet,loop,16.547414008527994,0.02,0.39761094376444817,3.248059074394405,0.2266999799758196,0.08,0.35,0.05,0.45,1.2,22.569784006662665,865662.57291476,865662.576787421
2228,eye0,pmrnet,loop,14.977043028920889,0.02,0.3640590002760291,3.554726019501686,0.4039360210299492,0.08,0.35,0.05,0.45,1.2,21.449764069728552,865662.578963155,865662.583286119
2229,eye0,pmrnet,loop,14.972734032198787,0.02,0.3416950348764658,3.7249410524964333,0.3475070698186755,0.08,0.35,0.05,0.45,1.2,21.53687718939036,865662.586936342,865662.591350862
2216,eye1,pmrnet,loop,25.716854026541114,0.02,0.5226080538704991,9.510670905001462,0.39779196958988905,0.08,0.35,0.05,0.45,1.2,38.29792495500296,865662.528963244,865662.539394837
2218,eye1,pmrnet,loop,23.47142994403839,0.02,1.4280220493674278,9.64029401075095,0.4594990750774741,0.08,0.35,0.05,0.45,1.2,37.14924507923424,865662.541759722,865662.553288061
2219,eye1,pmrnet,loop,26.271937997080386,0.02,0.45910500921308994,9.530997020192444,0.7086490513756871,0.08,0.35,0.05,0.45,1.2,39.120689077861606,865662.553457127,865662.564156349
2223,eye1,pmrnet,loop,21.100071957334876,0.02,1.2576259905472398,4.1715080151334405,0.8451419416815042,0.08,0.35,0.05,0.45,1.2,29.52434790469706,865662.584987053,865662.591261667
2224,eye1,pmrnet,loop,17.017140984535217,0.02,0.3666309639811516,3.256871015764773,0.21946593187749386,0.08,0.35,0.05,0.45,1.2,23.010108896158634,865662.591404683,865662.595248004
2225,eye1,pmrnet,loop,14.288016012869775,0.02,0.43598597403615713,3.8972519105300307,0.4438330652192235,0.08,0.35,0.05,0.45,1.2,21.215086962655185,865662.595810185,865662.60058761
2226,eye1,pmrnet,loop,13.638633070513606,0.02,0.3549830289557576,3.466996015049517,0.38307392969727516,0.08,0.35,0.05,0.45,1.2,19.993686044216155,865662.603802074,865662.608007386
2227,eye1,pmrnet,loop,21.435563918203115,0.02,0.7137870416045189,10.75823197606951,0.4750810330733657,0.08,0.35,0.05,0.45,1.2,35.53266396895051,865662.611924401,865662.623872076
2228,eye1,pmrnet,loop,25.223369942978024,0.02,0.5605840124189854,10.633397032506764,0.435790978372097,0.08,0.35,0.05,0.45,1.2,39.00314196627587,865662.624098934,865662.635729266
2230,eye1,pmrnet,loop,22.36868708860129,0.02,0.5375890759751201,10.853501036763191,0.6398600526154041,0.08,0.35,0.05,0.45,1.2,36.549637253955005,865662.636980955,865662.649012453
2231,eye1,pmrnet,loop,25.00730997417122,0.02,0.5318779731169343,9.484596084803343,0.4711630754172802,0.08,0.35,0.05,0.45,1.2,37.64494710750878,865662.649231761,865662.65971993
2233,eye1,pmrnet,loop,20.550249028019607,0.02,0.5500250263139606,9.69695090316236,0.21209102123975754,0.08,0.35,0.05,0.45,1.2,33.159315978735684,865662.660942435,865662.671401926
2234,eye1,pmrnet,loop,16.787832020781934,0.02,0.3623110242187977,3.35730891674757,0.46215299516916275,0.08,0.35,0.05,0.45,1.2,23.119604956917463,865662.67152665,865662.675708735
2235,eye1,pmrnet,loop,13.079460011795163,0.02,0.3473160322755575,3.262935089878738,0.6365049630403519,0.08,0.35,0.05,0.45,1.2,19.47621609698981,865662.675823187,865662.680070267
2236,eye1,pmrnet,loop,12.889130972325802,0.02,0.36248203832656145,3.3943280577659607,0.389641965739429,0.08,0.35,0.05,0.45,1.2,19.18558303415775,865662.683801896,865662.687948635
2237,eye1,pmrnet,loop,13.795522972941399,0.02,0.36019599065184593,3.4914709394797683,1.2899469584226608,0.08,0.35,0.05,0.45,1.2,21.087136861495672,865662.691782282,865662.696924147
2238,eye1,pmrnet,loop,15.641406993381679,0.02,1.4382560038939118,3.490628907456994,0.2372520975768566,0.08,0.35,0.05,0.45,1.2,22.95754400230944,865662.70167298,865662.706839433
2239,eye1,pmrnet,loop,12.670082040131092,0.02,0.36687497049570084,3.3191369147971272,0.39830105379223824,0.08,0.35,0.05,0.45,1.2,18.904394979216157,865662.707852633,865662.711937195
2240,eye1,pmrnet,loop,12.927387957461178,0.02,0.3587530227378011,3.4677250077947974,0.6006520707160234,0.08,0.35,0.05,0.45,1.2,19.5045180587098,865662.71583584,865662.72026322
2241,eye1,pmrnet,loop,12.829044950194657,0.02,0.36778696812689304,3.655708977021277,0.3876779228448868,0.08,0.35,0.05,0.45,1.2,19.390218818187712,865662.723822371,865662.728233847
2242,eye1,pmrnet,loop,13.611224945634604,0.02,0.35560294054448605,3.4216309431940317,1.488520996645093,0.08,0.35,0.05,0.45,1.2,21.026979826018213,865662.731819002,865662.737085013
2243,eye1,pmrnet,loop,19.29852704051882,0.02,0.5317390896379948,9.941791999153793,0.4969509318470955,0.08,0.35,0.05,0.45,1.2,32.4190090611577,865662.739869634,865662.75084069
2244,eye1,pmrnet,loop,22.403566050343215,0.02,0.4884490044787526,9.627041989006102,0.4120749654248357,0.08,0.35,0.05,0.45,1.2,35.081132009252904,865662.751485745,865662.762013873
2245,eye1,pmrnet,loop,23.753196001052856,0.02,0.5440129898488522,7.136252010241151,0.3500450402498245,0.08,0.35,0.05,0.45,1.2,33.93350604139268,865662.763403042,865662.771433908
2246,eye1,pmrnet,loop,20.827807020395994,0.02,0.38938503712415695,4.306219983845949,0.31501089688390493,0.08,0.35,0.05,0.45,1.2,27.988422938250004,865662.771566782,865662.776577659
2247,eye1,pmrnet,loop,18.70545803103596,0.02,0.35254110116511583,4.256088985130191,1.2150119291618466,0.08,0.35,0.05,0.45,1.2,26.67910004649311,865662.776699558,865662.782523481
2248,eye1,pmrnet,loop,23.464986006729305,0.02,0.532507081516087,9.859470999799669,0.514448038302362,0.08,0.35,0.05,0.45,1.2,36.52141212634742,865662.784445143,865662.79535206
2249,eye1,pmrnet,loop,26.292467955499887,0.02,0.5008520092815161,9.683064999990165,0.50876394379884,0.08,0.35,0.05,0.45,1.2,39.13514890857041,865662.795555225,865662.806248402
2250,eye1,pmrnet,loop,23.848784971050918,0.02,0.39997510612010956,3.403308102861047,0.5420759553089738,0.08,0.35,0.05,0.45,1.2,30.344144135341047,865662.807529018,865662.811874636
2251,eye1,pmrnet,loop,19.997381954453886,0.02,0.3384590381756425,3.367140074260533,0.3711299505084753,0.08,0.35,0.05,0.45,1.2,26.224111017398535,865662.812015373,865662.816092363
2252,eye1,pmrnet,loop,15.794513979926705,0.02,0.34323800355196,3.198218997567892,0.21572993136942387,0.08,0.35,0.05,0.45,1.2,21.70170091241598,865662.816200971,865662.8199584
2253,eye1,pmrnet,loop,17.199311056174338,0.02,0.38327393122017384,4.095587064512074,1.057421904988587,0.08,0.35,0.05,0.45,1.2,24.88559395689517,865662.823895205,865662.829431805
2254,eye1,pmrnet,loop,22.307641920633614,0.02,0.506532029248774,9.761118097230792,0.4729810170829296,0.08,0.35,0.05,0.45,1.2,35.19827306419611,865662.831867633,865662.842608791
2255,eye1,pmrnet,loop,24.958139983937144,0.02,0.4987369757145643,9.5569200348109,0.46309095341712236,0.08,0.35,0.05,0.45,1.2,37.62688794787973,865662.842809435,865662.853328716
2256,eye1,pmrnet,loop,22.923037060536444,0.02,0.5170449148863554,3.996392013505101,0.3548680106177926,0.08,0.35,0.05,0.45,1.2,29.941341999545692,865662.854494268,865662.859362937
2257,eye1,pmrnet,loop,19.234535982832313,0.02,0.3531150287017226,3.659388981759548,0.25089201517403126,0.08,0.35,0.05,0.45,1.2,25.647932008467613,865662.859479429,865662.863743154
2258,eye1,pmrnet,loop,19.02023097500205,0.02,0.35629700869321823,6.879940046928823,0.48639101441949606,0.08,0.35,0.05,0.45,1.2,28.892859045043586,865662.863874284,865662.871597277
2259,eye1,pmrnet,loop,16.246847924776375,0.02,0.32502098474651575,3.3345380797982216,0.7028839318081737,0.08,0.35,0.05,0.45,1.2,22.759290921129285,865662.87253132,865662.876894007
2260,eye1,pmrnet,loop,21.754533052444458,0.02,0.4629389150068164,9.65573894791305,0.48883003182709217,0.08,0.35,0.05,0.45,1.2,34.512040947191416,865662.879861588,865662.890469556
2261,eye1,pmrnet,loop,25.530525017529726,0.02,0.519677996635437,9.773742058314383,0.4600400570780039,0.08,0.35,0.05,0.45,1.2,38.43398512955755,865662.891561293,865662.902315302
2262,eye1,pmrnet,loop,22.20509701874107,0.02,0.3585619851946831,3.185375011526048,1.0634548962116241,0.08,0.35,0.05,0.45,1.2,28.962488911673425,865662.902451069,865662.907058709
2263,eye1,pmrnet,loop,19.692583940923214,0.02,0.37094298750162125,3.8921480299904943,1.1595740215852857,0.08,0.35,0.05,0.45,1.2,27.265248980000614,865662.907192297,865662.912615196
2264,eye1,pmrnet,loop,18.557699979282916,0.02,0.49078103620558977,5.466719041578472,0.19487598910927773,0.08,0.35,0.05,0.45,1.2,26.860076046176253,865662.913396808,865662.919549703
2265,eye1,pmrnet,loop,15.039862017147243,0.02,0.31782302539795637,3.654437023214996,0.3267249558120966,0.08,0.35,0.05,0.45,1.2,21.48884702157229,865662.919801197,865662.924100442
2266,eye1,pmrnet,loop,15.569288050755858,0.02,0.37630193401128054,3.6662439815700054,0.8346090326085687,0.08,0.35,0.05,0.45,1.2,22.59644299894571,865662.927821744,865662.932699185
2267,eye1,pmrnet,loop,14.945328934118152,0.02,0.374543946236372,3.459493978880346,0.46707200817763805,0.08,0.35,0.05,0.45,1.2,21.396438867412506,865662.935843017,865662.940144391
2268,eye1,pmrnet,loop,15.463195974007249,0.02,0.4114310722798109,3.89257597271353,0.5880150711163878,0.08,0.35,0.05,0.45,1.2,22.505218090116976,865662.943838366,865662.948730753
2269,eye1,pmrnet,loop,14.345973962917924,0.02,0.33938896376639605,3.3230639528483152,0.20930601749569178,0.08,0.35,0.05,0.45,1.2,20.367732897028326,865662.951810714,865662.955682785
2270,eye1,pmrnet,loop,21.733900997787714,0.02,0.516131054610014,10.112955002114177,0.650451984256506,0.08,0.35,0.05,0.45,1.2,35.16343903876841,865662.959858516,865662.971138558
2273,eye1,pmrnet,loop,15.570797957479954,0.02,0.44604705180972815,4.033287987112999,0.3217939520254731,0.08,0.35,0.05,0.45,1.2,22.521926948428153,865662.984381954,865662.989183394
2230,eye0,pmrnet,loop,16.117013059556484,0.02,0.3576250746846199,3.8012079894542694,1.47689797449857,0.08,0.35,0.05,0.45,1.2,23.902744098193942,865662.594927645,865662.600563583
2231,eye0,pmrnet,loop,21.526922937482595,0.02,0.5382619565352798,9.757805964909494,0.7592039182782173,0.08,0.35,0.05,0.45,1.2,34.732194777205585,865662.602986027,865662.614041886
2232,eye0,pmrnet,loop,24.444399983622134,0.02,0.608825939707458,9.774180012755096,0.4096169723197818,0.08,0.35,0.05,0.45,1.2,37.38702290840447,865662.61423484,865662.625027995
2233,eye0,pmrnet,loop,26.931483997032046,0.02,0.5620309384539723,8.295234991237521,0.39409997407346964,0.08,0.35,0.05,0.45,1.2,38.33284990079701,865662.626333667,865662.635585515
2235,eye0,pmrnet,loop,20.98088397178799,0.02,0.3536470467224717,9.130921913310885,0.5925769219174981,0.08,0.35,0.05,0.45,1.2,33.20802985373885,865662.635694261,865662.645771707
2236,eye0,pmrnet,loop,17.983159981667995,0.02,0.40115497540682554,3.37364396546036,0.5194909172132611,0.08,0.35,0.05,0.45,1.2,24.42744983974844,865662.646549461,865662.650843947
2237,eye0,pmrnet,loop,20.739355008117855,0.02,0.38354797288775444,9.862535982392728,0.4469549749046564,0.08,0.35,0.05,0.45,1.2,33.582393938303,865662.65097468,865662.661667967
2238,eye0,pmrnet,loop,21.586201968602836,0.02,0.5495520308613777,7.71143299061805,0.43436093255877495,0.08,0.35,0.05,0.45,1.2,32.43154792264104,865662.661889431,865662.670585188
2239,eye0,pmrnet,loop,25.03374102525413,0.02,0.4986310377717018,9.521953063085675,0.3974300343543291,0.08,0.35,0.05,0.45,1.2,37.601755160465835,865662.671682127,865662.682100676
2240,eye0,pmrnet,loop,27.58703101426363,0.02,0.5071109626442194,9.405823890119791,0.5134450038895011,0.08,0.35,0.05,0.45,1.2,40.16341087091714,865662.682296352,865662.69272332
2242,eye0,pmrnet,loop,24.443111033178866,0.02,0.49956399016082287,10.718098026700318,0.5979479756206274,0.08,0.35,0.05,0.45,1.2,38.40872102566063,865662.693901042,865662.705717111
2243,eye0,pmrnet,loop,26.953360997140408,0.02,0.5024400306865573,9.306144900619984,0.34341204445809126,0.08,0.35,0.05,0.45,1.2,39.25535797290504,865662.706144482,865662.716296994
2245,eye0,pmrnet,loop,22.86720892880112,0.02,0.5324059166014194,10.140646016225219,0.3728000447154045,0.08,0.35,0.05,0.45,1.2,36.06306090634316,865662.717302111,865662.728348638
2246,eye0,pmrnet,loop,20.29852697160095,0.02,0.5415820050984621,4.173345980234444,0.6444589234888554,0.08,0.35,0.05,0.45,1.2,27.80791388042271,865662.728488998,865662.733848698
2247,eye0,pmrnet,loop,16.932473983615637,0.02,0.36970688961446285,3.3845739671960473,0.22508203983306885,0.08,0.35,0.05,0.45,1.2,23.061836880259214,865662.734572849,865662.738552481
2248,eye0,pmrnet,loop,15.784242074005306,0.02,0.3854980459436774,5.644674994982779,0.5020849639549851,0.08,0.35,0.05,0.45,1.2,24.466500078886746,865662.738939809,865662.74547241
2249,eye0,pmrnet,loop,19.755812012590468,0.02,0.5089720943942666,9.533855016343296,0.4567280411720276,0.08,0.35,0.05,0.45,1.2,32.405367164500056,865662.747013087,865662.757513246
2250,eye0,pmrnet,loop,25.556728010997176,0.02,0.6080599268898368,8.836520952172577,0.6803100695833564,0.08,0.35,0.05,0.45,1.2,37.831618959642945,865662.761257898,865662.77138328
2252,eye0,pmrnet,loop,14.568473096005619,0.02,0.3345200093463063,3.901422955095768,0.7709499914199114,0.08,0.35,0.05,0.45,1.2,21.725366051867603,865662.771526048,865662.77653319
2253,eye0,pmrnet,loop,12.92877399828285,0.02,0.32960507087409496,3.4557260805740952,0.24222407955676317,0.08,0.35,0.05,0.45,1.2,19.1063292292878,865662.778934808,865662.782962684
2254,eye0,pmrnet,loop,18.12456699553877,0.02,0.37528108805418015,8.402771083638072,0.4939769860357046,0.08,0.35,0.05,0.45,1.2,29.546596153266727,865662.786954801,865662.796227214
2255,eye0,pmrnet,loop,21.89864602405578,0.02,0.5147310439497232,9.924247046001256,0.39169995579868555,0.08,0.35,0.05,0.45,1.2,34.87932406980544,865662.797238386,865662.808069584
2256,eye0,pmrnet,loop,24.732141057029366,0.02,0.48556108959019184,9.421458933502436,0.7987440330907702,0.08,0.35,0.05,0.45,1.2,37.58790511321276,865662.808266191,865662.818972567
2258,eye0,pmrnet,loop,21.17471199017018,0.02,0.5753539735451341,7.597355986945331,0.23954501375555992,0.08,0.35,0.05,0.45,1.2,31.736966964416204,865662.823140557,865662.831553338
2259,eye0,pmrnet,loop,17.40844000596553,0.02,0.34315395168960094,3.3117480343207717,0.5190529627725482,0.08,0.35,0.05,0.45,1.2,23.73239495474845,865662.831681838,865662.835856115
2260,eye0,pmrnet,loop,21.46020403597504,0.02,0.48543699085712433,10.182332945987582,0.6230419967323542,0.08,0.35,0.05,0.45,1.2,34.9010159695521,865662.836684991,865662.847976373
2261,eye0,pmrnet,loop,24.706350057385862,0.02,0.5331940483301878,9.848909918218851,0.6885170005261898,0.08,0.35,0.05,0.45,1.2,37.92697102446109,865662.848221175,865662.859292241
2262,eye0,pmrnet,loop,31.91009594593197,0.02,0.5722190253436565,9.669381892308593,1.3614320196211338,0.08,0.35,0.05,0.45,1.2,45.66312888320535,865662.862960468,865662.874564165
2264,eye0,pmrnet,loop,26.419152040034533,0.02,0.5199670558795333,9.446712909266353,0.4925909452140331,0.08,0.35,0.05,0.45,1.2,39.02842295039445,865662.874751783,865662.885211597
2265,eye0,pmrnet,loop,30.522388056851923,0.02,0.5108750192448497,9.560668957419693,0.6746889557689428,0.08,0.35,0.05,0.45,1.2,43.41862098928541,865662.886636607,865662.897383419
2267,eye0,pmrnet,loop,24.28343892097473,0.02,0.5110419588163495,8.704333915375173,0.4826179938390851,0.08,0.35,0.05,0.45,1.2,36.13143278900534,865662.897585209,865662.907283675
2268,eye0,pmrnet,loop,21.784245036542416,0.02,0.9149829857051373,3.229368943721056,0.5145649192854762,0.08,0.35,0.05,0.45,1.2,28.593161885254084,865662.908194931,865662.912854126
2269,eye0,pmrnet,loop,18.027954967692494,0.02,0.3533500712364912,3.285554936155677,0.5380880320444703,0.08,0.35,0.05,0.45,1.2,24.35494800712913,865662.912989894,865662.917167129
2270,eye0,pmrnet,loop,16.859752009622753,0.02,0.3621390787884593,3.8439339259639382,0.8747950196266174,0.08,0.35,0.05,0.45,1.2,24.090620034001766,865662.918986326,865662.924067457
2271,eye0,pmrnet,loop,23.163297097198665,0.02,0.5724000511690974,10.133820003829896,0.7357720751315355,0.08,0.35,0.05,0.45,1.2,36.75528922732919,865662.926997399,865662.938439902
2272,eye0,pmrnet,loop,25.70545591879636,0.02,0.6577400490641594,9.3672180082649,0.4093659808859229,0.08,0.35,0.05,0.45,1.2,38.28977995701134,865662.938616306,865662.949051082
2273,eye0,pmrnet,loop,23.665152955800295,0.02,0.38311502430588007,3.926323028281331,0.8777100592851639,0.08,0.35,0.05,0.45,1.2,31.00230106767267,865662.949892679,865662.955080081
2274,eye0,pmrnet,loop,19.454968045465648,0.02,0.35738805308938026,3.164210938848555,0.21359696984291077,0.08,0.35,0.05,0.45,1.2,25.340164007246493,865662.955203633,865662.95893905
2275,eye0,pmrnet,loop,16.598343034274876,0.02,0.34012203104794025,3.855030983686447,0.910372007638216,0.08,0.35,0.05,0.45,1.2,23.853868056647478,865662.959045365,865662.964151148
2276,eye0,pmrnet,loop,15.480499947443604,0.02,0.3940738970413804,3.3792658941820264,0.3524610074236989,0.08,0.35,0.05,0.45,1.2,21.75630074609071,865662.966976274,865662.971102399
2277,eye0,pmrnet,loop,15.455930028110743,0.02,0.3608419792726636,3.2954710768535733,0.5492819473147392,0.08,0.35,0.05,0.45,1.2,21.811525031551717,865662.974941076,865662.979146919
2278,eye0,pmrnet,loop,17.4077550182119,0.02,0.41549094021320343,4.472434986382723,1.316562993451953,0.08,0.35,0.05,0.45,1.2,25.76224393825978,865662.982962706,865662.989167528
2279,eye0,pmrnet,loop,17.49010500498116,0.02,0.564588000997901,3.863475052639842,1.9389820517972112,0.08,0.35,0.05,0.45,1.2,26.007150110416113,865662.990951765,865662.997319052
2280,eye0,pmrnet,loop,16.231710906140506,0.02,0.36555901169776917,3.797527984715998,1.013051951304078,0.08,0.35,0.05,0.45,1.2,23.55784985385835,865662.998953071,865663.004129551
2281,eye0,pmrnet,loop,15.39186097215861,0.02,0.4059090279042721,3.3962950110435486,0.596843077801168,0.08,0.35,0.05,0.45,1.2,21.940908088907598,865663.006959568,865663.011358913
2282,eye0,pmrnet,loop,20.613363943994045,0.02,0.34315709490329027,8.693351992405951,0.6806430174037814,0.08,0.35,0.05,0.45,1.2,32.48051604870707,865663.014931005,865663.024648469
2283,eye0,pmrnet,loop,23.553351988084614,0.02,0.5969500634819269,9.725775104016066,0.48301892820745707,0.08,0.35,0.05,0.45,1.2,36.50909608379006,865663.024851434,865663.035657816
2284,eye0,pmrnet,loop,27.4431660072878,0.02,0.6400910206139088,9.52426705043763,0.6662929663434625,0.08,0.35,0.05,0.45,1.2,40.4238170446828,865663.036785383,865663.047616528
2286,eye0,pmrnet,loop,16.18569192942232,0.02,0.48833899199962616,3.946167998947203,0.2572500379756093,0.08,0.35,0.05,0.45,1.2,23.027448958344756,865663.047805585,865663.052497809
2287,eye0,pmrnet,loop,19.804943003691733,0.02,0.5046830046921968,8.426245069131255,0.2702130004763603,0.08,0.35,0.05,0.45,1.2,31.156084077991544,865663.054983924,865663.064185491
2288,eye0,pmrnet,loop,17.230370081961155,0.02,0.3757510567083955,3.7737300153821707,0.8074950892478228,0.08,0.35,0.05,0.45,1.2,24.337346243299542,865663.064722649,865663.069679875
2289,eye0,pmrnet,loop,21.560265915468335,0.02,0.5444299895316362,9.880247991532087,0.6105639040470123,0.08,0.35,0.05,0.45,1.2,34.74550780057907,865663.071043523,865663.082079283
2290,eye0,pmrnet,loop,19.791738013736904,0.02,0.4591359756886959,4.291281918995082,1.427666051313281,0.08,0.35,0.05,0.45,1.2,28.11982195973396,865663.082200824,865663.088379208
2291,eye0,pmrnet,loop,21.38719893991947,0.02,0.5369780119508505,7.782671018503606,0.4738440038636327,0.08,0.35,0.05,0.45,1.2,32.33069197423756,865663.089249734,865663.098043699
2292,eye0,pmrnet,loop,24.65900604147464,0.02,0.3399100387468934,10.111153940670192,0.7466590031981468,0.08,0.35,0.05,0.45,1.2,38.00672902408987,865663.098185473,865663.109383551
2293,eye0,pmrnet,loop,23.945313063450158,0.02,0.5280589684844017,5.051770946010947,0.4230290651321411,0.08,0.35,0.05,0.45,1.2,32.098172043077646,865663.110736779,865663.116740179
2294,eye0,pmrnet,loop,19.971905974671245,0.02,0.3178819315508008,3.200685023330152,0.4454770823940635,0.08,0.35,0.05,0.45,1.2,26.08595001194626,865663.116871655,865663.120835958
2295,eye0,pmrnet,loop,15.996709931641817,0.02,0.32978702802211046,3.2389049883931875,0.41468499694019556,0.08,0.35,0.05,0.45,1.2,22.13008694499731,865663.120945923,865663.124929568
2296,eye0,pmrnet,loop,15.486684045754373,0.02,0.3585719969123602,3.69559193495661,1.4572719810530543,0.08,0.35,0.05,0.45,1.2,23.148119958676396,865663.126976849,865663.132488603
2297,eye0,pmrnet,loop,20.555109018459916,0.02,0.5140390712767839,9.637217037379742,0.49172795843333006,0.08,0.35,0.05,0.45,1.2,33.34809308554978,865663.134981659,865663.145625189
2298,eye0,pmrnet,loop,23.26072391588241,0.02,0.533832935616374,9.632193949073553,0.40820008143782616,0.08,0.35,0.05,0.45,1.2,35.98495088201016,865663.145824795,865663.15639955
2299,eye0,pmrnet,loop,25.959932943806052,0.02,0.5512009374797344,8.396283024922013,0.28809800278395414,0.08,0.35,0.05,0.45,1.2,37.34551490899175,865663.157932458,865663.16716856
2301,eye0,pmrnet,loop,21.027326001785696,0.02,0.4092500312253833,10.006488068029284,0.634909956716001,0.08,0.35,0.05,0.45,1.2,34.22797405775636,865663.167322953,865663.178373968
2302,eye0,pmrnet,loop,25.430230074562132,0.02,0.5607119528576732,9.865758009254932,0.49856503028422594,0.08,0.35,0.05,0.45,1.2,38.50526506695896,865663.179919779,865663.190845379
2304,eye0,pmrnet,loop,16.86966500710696,0.02,0.42829092126339674,5.054611014202237,0.8421910461038351,0.08,0.35,0.05,0.45,1.2,25.344757988676427,865663.192098214,865663.198423738
2305,eye0,pmrnet,loop,17.34023995231837,0.02,0.49684999976307154,7.001089979894459,0.24899200070649385,0.08,0.35,0.05,0.45,1.2,27.237171932682394,865663.199215741,865663.206963119
2306,eye0,pmrnet,loop,15.461315982975066,0.02,0.3873200621455908,4.682627972215414,0.9800830157473683,0.08,0.35,0.05,0.45,1.2,23.661347033083437,865663.207102962,865663.213153214
2307,eye0,pmrnet,loop,14.903822913765907,0.02,0.3576669842004776,4.57581807859242,0.7449199911206961,0.08,0.35,0.05,0.45,1.2,22.7322279676795,865663.214985684,865663.220664495
2308,eye0,pmrnet,loop,17.15499593410641,0.02,0.4958760691806674,6.086315028369427,1.4173119561746716,0.08,0.35,0.05,0.45,1.2,27.304498987831174,865663.222985478,865663.230985384
2309,eye0,pmrnet,loop,14.235059032216668,0.02,0.3898260183632374,4.208698985166848,0.3980419132858515,0.08,0.35,0.05,0.45,1.2,21.381625949032603,865663.231137838,865663.236134804
2310,eye0,pmrnet,loop,13.51646101102233,0.02,0.33168995287269354,3.8369339890778065,0.34036103170365095,0.08,0.35,0.05,0.45,1.2,20.17544598467648,865663.238976176,865663.243485369
2311,eye0,pmrnet,loop,18.864199984818697,0.02,0.5436571082100272,9.07463300973177,0.27512095402926207,0.08,0.35,0.05,0.45,1.2,30.907611056789754,865663.247007857,865663.256901816
2312,eye0,pmrnet,loop,20.6488718977198,0.02,0.36432896740734577,9.002212900668383,0.344329047948122,0.08,0.35,0.05,0.45,1.2,32.50974281374365,865663.257044159,865663.266755332
2313,eye0,pmrnet,loop,18.1322549469769,0.02,0.39855099748820066,3.6691740388050675,0.6701850797981024,0.08,0.35,0.05,0.45,1.2,25.02016506306827,865663.267569729,865663.272307913
2314,eye0,pmrnet,loop,14.223285019397736,0.02,0.35429897252470255,3.2875239849090576,0.3898619906976819,0.08,0.35,0.05,0.45,1.2,20.404969967529176,865663.272436169,865663.276468088
2315,eye0,pmrnet,loop,12.553111999295652,0.02,0.3495860146358609,3.2162469578906894,0.21578697487711906,0.08,0.35,0.05,0.45,1.2,18.48473194669932,865663.279085329,865663.282867185
2316,eye0,pmrnet,loop,13.407108024694026,0.02,0.3504469059407711,3.7717309314757586,0.5793060408905149,0.08,0.35,0.05,0.45,1.2,20.25859190300107,865663.287088116,865663.291789849
2317,eye0,pmrnet,loop,17.31404196470976,0.02,0.4432880086824298,7.782800938002765,0.5562129663303494,0.08,0.35,0.05,0.45,1.2,28.2463438777253,865663.294983004,865663.303765644
2318,eye0,pmrnet,loop,14.559593982994556,0.02,0.36215607542544603,3.7391859805211425,1.0719270212575793,0.08,0.35,0.05,0.45,1.2,21.882863060198723,865663.303906743,865663.309080366
2319,eye0,pmrnet,loop,13.378508039750159,0.02,0.3524420317262411,3.932286985218525,0.5528000183403492,0.08,0.35,0.05,0.45,1.2,20.366037075035273,865663.311130665,865663.315968486
2320,eye0,pmrnet,loop,12.1460190275684,0.02,0.343716936185956,3.2296410063281655,0.24772097822278738,0.08,0.35,0.05,0.45,1.2,18.117097948305307,865663.318983649,865663.322804966
2321,eye0,pmrnet,loop,16.59715489950031,0.02,0.46262505929917097,3.6212519044056535,0.25469204410910606,0.08,0.35,0.05,0.45,1.2,23.08572390731424,865663.330986126,865663.3353251
2322,eye0,pmrnet,loop,16.43608300946653,0.02,0.38870307616889477,3.4579409984871745,0.377324060536921,0.08,0.35,0.05,0.45,1.2,22.810051144659518,865663.339008959,865663.343233208
2323,eye0,pmrnet,loop,17.386585008352995,0.02,0.40787295438349247,3.5193570656701922,1.2913609389215708,0.08,0.35,0.05,0.45,1.2,24.75517596732825,865663.347033642,865663.352252506
2324,eye0,pmrnet,loop,22.854479029774666,0.02,0.5204259650781751,9.776688064448535,0.49203098751604557,0.08,0.35,0.05,0.45,1.2,35.79362404681742,865663.354999077,865663.365788806
2325,eye0,pmrnet,loop,25.803267024457455,0.02,0.5046009318903089,9.773541940376163,0.5546160973608494,0.08,0.35,0.05,0.45,1.2,38.786025994084774,865663.365973089,865663.376806425
2326,eye0,pmrnet,loop,29.498061980120838,0.02,0.6264969706535339,9.446960990317166,0.48218294978141785,0.08,0.35,0.05,0.45,1.2,42.203702890872954,865663.378013946,865663.388570127
2328,eye0,pmrnet,loop,27.1732920082286,0.02,0.5406099371612072,10.958002065308392,2.1149039966985583,0.08,0.35,0.05,0.45,1.2,42.936808007396756,865663.38876931,865663.402383389
2330,eye0,pmrnet,loop,17.437174916267395,0.02,0.5191599484533072,3.9474579971283674,0.913705094717443,0.08,0.35,0.05,0.45,1.2,24.96749795656651,865663.403405465,865663.408786167
2331,eye0,pmrnet,loop,17.259120009839535,0.02,0.38629595655947924,4.026630078442395,1.2928060023114085,0.08,0.35,0.05,0.45,1.2,25.114852047152816,865663.410971313,865663.416677253
2332,eye0,pmrnet,loop,15.304003027267754,0.02,0.3616770263761282,3.2302349573001266,0.22026500664651394,0.08,0.35,0.05,0.45,1.2,21.26618001759052,865663.418978744,865663.422791179
2333,eye0,pmrnet,loop,17.465563025325537,0.02,0.3842609003186226,3.960908972658217,1.6657699597999454,0.08,0.35,0.05,0.45,1.2,25.62650285810232,865663.427009742,865663.4330211
2334,eye0,pmrnet,loop,15.320105012506247,0.02,0.4080459475517273,3.29922407399863,0.24246401153504848,0.08,0.35,0.05,0.45,1.2,21.41983904559165,865663.434994931,865663.438945033
2335,eye0,pmrnet,loop,16.34844799991697,0.02,0.36413304042071104,4.094604984857142,0.6146089872345328,0.08,0.35,0.05,0.45,1.2,23.571795012429355,865663.442968942,865663.448042499
2336,eye0,pmrnet,loop,22.248417022638023,0.02,0.5390209844335914,9.86744393594563,0.56851701810956,0.08,0.35,0.05,0.45,1.2,35.3733989611268,865663.451035065,865663.462010593
2337,eye0,pmrnet,loop,25.713520008139312,0.02,0.4788460209965706,9.679934941232204,1.1871210299432278,0.08,0.35,0.05,0.45,1.2,39.209422000311314,865663.462197918,865663.473544389
2338,eye0,pmrnet,loop,29.10296607296914,0.02,0.5452419864013791,9.493410005234182,0.3510710084810853,0.08,0.35,0.05,0.45,1.2,41.64268907308578,865663.474609034,865663.484999332
2340,eye0,pmrnet,loop,24.649422033689916,0.02,0.45704992953687906,9.73295490257442,1.3243769062682986,0.08,0.35,0.05,0.45,1.2,38.31380377206951,865663.485172352,865663.49668722
2341,eye0,pmrnet,loop,22.66887901350856,0.02,0.5392769817262888,3.6814860068261623,0.676196999847889,0.08,0.35,0.05,0.45,1.2,29.715839001908897,865663.497879463,865663.502776924
2342,eye0,pmrnet,loop,18.757555983029306,0.02,0.3412640653550625,3.2816120656207204,0.4116389900445938,0.08,0.35,0.05,0.45,1.2,24.94207110404968,865663.502899829,865663.5069346
