frame_id,process,model,phase,ingest_ms,roi_ms,preprocess_ms,inference_ms,ellipse_fit_ms,pye3d_ms,ipc_transport_ms,gaze_mapping_ms,render_ms,buffer_swap_ms,total_system_latency_ms,t_start,t_end
2,eye1,pmrnet,boot,235.4034170275554,0.02,26.108918013051152,195.6127641024068,2.4686440592631698,0.08,0.35,0.05,0.45,1.2,461.7437432022765,870411.416345181,870411.640536551
33,eye1,pmrnet,loop,21.71274891588837,0.02,0.5653270054608583,3.7492080591619015,0.25889696553349495,0.08,0.35,0.05,0.45,1.2,28.436180946044622,870411.672413596,870411.676987401
34,eye1,pmrnet,loop,24.527953006327152,0.02,0.4049069248139858,9.177030995488167,0.6244949763640761,0.08,0.35,0.05,0.45,1.2,36.88438590299338,870411.677661481,870411.687868455
59,eye1,pmrnet,loop,18.420089036226273,0.02,0.55262993555516,3.803880070336163,0.3973330603912473,0.08,0.35,0.05,0.45,1.2,25.32393210250884,870411.878734479,870411.88348881
60,eye1,pmrnet,loop,20.209009991958737,0.02,0.46834000386297703,3.7955070147290826,1.2657090555876493,0.08,0.35,0.05,0.45,1.2,27.888566066138445,870411.887817423,870411.893347352
61,eye1,pmrnet,loop,23.987264954485,0.02,0.39771199226379395,9.799321996979415,0.5335099995136261,0.08,0.35,0.05,0.45,1.2,36.86780894324183,870411.89446273,870411.905193825
62,eye1,pmrnet,loop,23.104164050891995,0.02,0.5995469400659204,3.9836049545556307,0.23089000023901463,0.08,0.35,0.05,0.45,1.2,30.06820594575256,870411.90756602,870411.912380555
63,eye1,pmrnet,loop,20.11451101861894,0.02,0.4369660746306181,3.3010030165314674,0.24913204833865166,0.08,0.35,0.05,0.45,1.2,26.251612158119677,870411.913472114,870411.917459588
64,eye1,pmrnet,loop,16.660077963024378,0.02,0.3167879767715931,3.234233008697629,0.22552802693098783,0.08,0.35,0.05,0.45,1.2,22.586626975424586,870411.918298267,870411.922075122
65,eye1,pmrnet,loop,14.306586002930999,0.02,0.317345024086535,3.2044020481407642,0.27957395650446415,0.08,0.35,0.05,0.45,1.2,20.25790703166276,870411.923988842,870411.927790414
66,eye1,pmrnet,loop,16.987771028652787,0.02,0.3140330081805587,5.993147031404078,0.21296099293977022,0.08,0.35,0.05,0.45,1.2,25.657912061177193,870411.932020248,870411.938540654
67,eye1,pmrnet,loop,14.14255506824702,0.02,0.337786041200161,3.1705780420452356,0.23604603484272957,0.08,0.35,0.05,0.45,1.2,20.036965186335145,870411.940019882,870411.943764571
68,eye1,pmrnet,loop,13.919276068918407,0.02,0.31850894447416067,3.1043309718370438,0.19891909323632717,0.08,0.35,0.05,0.45,1.2,19.691035078465937,870411.947988314,870411.951610333
69,eye1,pmrnet,loop,13.925045961514115,0.02,0.3321189433336258,3.1330320052802563,0.20189897622913122,0.08,0.35,0.05,0.45,1.2,19.742095886357127,870411.95601775,870411.959685055
70,eye1,pmrnet,loop,13.808878022246063,0.02,0.3245830303058028,3.120169974863529,0.1963799586519599,0.08,0.35,0.05,0.45,1.2,19.600010986067353,870411.963996588,870411.967637964
71,eye1,pmrnet,loop,14.036267064511776,0.02,0.32436405308544636,3.352039959281683,0.1990670571103692,0.08,0.35,0.05,0.45,1.2,20.061738133989273,870411.972058497,870411.975934252
72,eye1,pmrnet,loop,13.737130095250905,0.02,0.31206500716507435,3.1780590070411563,0.1989080337807536,0.08,0.35,0.05,0.45,1.2,19.576162143237887,870411.980014857,870411.983704171
73,eye1,pmrnet,loop,13.64438096061349,0.02,0.30448101460933685,3.1746659660711884,0.19743095617741346,0.08,0.35,0.05,0.45,1.2,19.470958897471426,870411.988003688,870411.991680514
74,eye1,pmrnet,loop,13.948509935289621,0.02,0.2410040469840169,3.2028229907155037,0.20251201931387186,0.08,0.35,0.05,0.45,1.2,19.744848992303012,870411.996406907,870412.000053548
75,eye1,pmrnet,loop,16.18727995082736,0.02,0.46118698082864285,5.631246953271329,0.21431304048746824,0.08,0.35,0.05,0.45,1.2,24.6440269254148,870412.004054035,870412.010361153
76,eye1,pmrnet,loop,13.673493987880647,0.02,0.30638696625828743,3.219065023586154,0.3874449757859111,0.08,0.35,0.05,0.45,1.2,19.736390953511,870412.012003337,870412.0159165
77,eye1,pmrnet,loop,13.314985088072717,0.02,0.30275993049144745,3.1407150672748685,0.19723293371498585,0.08,0.35,0.05,0.45,1.2,19.105693019554018,870412.019986109,870412.023627093
78,eye1,pmrnet,loop,14.141932013444602,0.02,0.45544200111180544,3.839791053906083,0.20049395971000195,0.08,0.35,0.05,0.45,1.2,20.78765902817249,870412.028026768,870412.032522943
79,eye1,pmrnet,loop,13.199632987380028,0.02,0.30780606903135777,3.1470649410039186,0.19800302106887102,0.08,0.35,0.05,0.45,1.2,19.002507018484174,870412.035996556,870412.03964968
80,eye1,pmrnet,loop,13.702793046832085,0.02,0.4543251125141978,3.5255010006949306,0.1974189653992653,0.08,0.35,0.05,0.45,1.2,20.030038125440477,870412.044044192,870412.048221829
81,eye1,pmrnet,loop,19.487085985019803,0.02,0.45085197780281305,9.24649101216346,0.34837296698242426,0.08,0.35,0.05,0.45,1.2,31.6828019419685,870412.052028395,870412.062074604
82,eye1,pmrnet,loop,16.13097300287336,0.02,0.42891199700534344,3.2040029764175415,0.20694301929324865,0.08,0.35,0.05,0.45,1.2,22.120830995589493,870412.062947777,870412.066787929
83,eye1,pmrnet,loop,13.438454014249146,0.02,0.3383379662409425,3.261103993281722,0.20791299175471067,0.08,0.35,0.05,0.45,1.2,19.39580896552652,870412.068357793,870412.072165362
84,eye1,pmrnet,loop,12.96724402345717,0.02,0.33034197986125946,3.2112799817696214,0.19937998149544,0.08,0.35,0.05,0.45,1.2,18.85824596658349,870412.076022034,870412.079763275
85,eye1,pmrnet,loop,12.88134406786412,0.02,0.3193709999322891,3.2007199479267,0.1990610035136342,0.08,0.35,0.05,0.45,1.2,18.750496019236742,870412.084026972,870412.08774638
86,eye1,pmrnet,loop,12.773515074513853,0.02,0.3190450370311737,3.1912520062178373,0.19983097445219755,0.08,0.35,0.05,0.45,1.2,18.63364309221506,870412.091997187,870412.095707537
87,eye1,pmrnet,loop,12.69655697979033,0.02,0.30945497564971447,3.1785659957677126,0.19909092225134373,0.08,0.35,0.05,0.45,1.2,18.5336688734591,870412.10001226,870412.103699634
88,eye1,pmrnet,loop,12.652231962420046,0.02,0.30794308986514807,3.2014219323173165,0.2004409907385707,0.08,0.35,0.05,0.45,1.2,18.51203797534108,870412.108014126,870412.111724204
89,eye1,pmrnet,loop,12.606097967363894,0.02,0.31323591247200966,3.1924151116982102,0.20138605032116175,0.08,0.35,0.05,0.45,1.2,18.463135041855274,870412.11603973,870412.119747068
90,eye1,pmrnet,loop,12.495641014538705,0.02,0.3098869929090142,3.181745996698737,0.20028103608638048,0.08,0.35,0.05,0.45,1.2,18.337555040232836,870412.124013441,870412.127705642
91,eye1,pmrnet,loop,12.773456983268261,0.02,0.2424359554424882,3.1660449458286166,0.20336592569947243,0.08,0.35,0.05,0.45,1.2,18.535303810238837,870412.132440351,870412.136052475
92,eye1,pmrnet,loop,12.348257936537266,0.02,0.30935800168663263,3.174143028445542,0.20013796165585518,0.08,0.35,0.05,0.45,1.2,18.181896928325294,870412.140012239,870412.143696173
93,eye1,pmrnet,loop,18.537466996349394,0.02,0.3053669352084398,9.30227106437087,0.3426970215514302,0.08,0.35,0.05,0.45,1.2,30.637802017480134,870412.148003175,870412.157953877
94,eye1,pmrnet,loop,16.24246803112328,0.02,0.3687419230118394,3.9844649145379663,0.19946007523685694,0.08,0.35,0.05,0.45,1.2,22.94513494390994,870412.159175555,870412.163728459
95,eye1,pmrnet,loop,19.154831999912858,0.02,0.5023650592193007,9.181504952721298,0.3401839639991522,0.08,0.35,0.05,0.45,1.2,31.328885975852607,870412.164684877,870412.174709419
96,eye1,pmrnet,loop,16.48554194252938,0.02,0.516585074365139,3.1964690424501896,0.20645000040531158,0.08,0.35,0.05,0.45,1.2,22.55504605975002,870412.176189828,870412.180109569
97,eye1,pmrnet,loop,12.778714997693896,0.02,0.3123919013887644,3.155298065394163,0.21189602557569742,0.08,0.35,0.05,0.45,1.2,18.60830099005252,870412.180791859,870412.184471676
98,eye1,pmrnet,loop,11.984587996266782,0.02,0.3135909792035818,3.183222026564181,0.21188799291849136,0.08,0.35,0.05,0.45,1.2,17.843288994953035,870412.188037388,870412.191746357
99,eye1,pmrnet,loop,11.857512989081442,0.02,0.31176896300166845,3.1865270575508475,0.18031499348580837,0.08,0.35,0.05,0.45,1.2,17.686124003119765,870412.196009653,870412.199688523
100,eye1,pmrnet,loop,12.244322919286788,0.02,0.31230307649821043,3.427139949053526,0.38022606167942286,0.08,0.35,0.05,0.45,1.2,18.513992006517945,870412.204024349,870412.208144317
101,eye1,pmrnet,loop,11.794528923928738,0.02,0.32250501681119204,3.217497025616467,0.2022170228883624,0.08,0.35,0.05,0.45,1.2,17.686747989244758,870412.212021023,870412.215763486
102,eye1,pmrnet,loop,12.107991031371057,0.02,0.32172701321542263,3.2818809850141406,0.5285500083118677,0.08,0.35,0.05,0.45,1.2,18.390149037912487,870412.220013518,870412.224145908
103,eye1,pmrnet,loop,11.662602075375617,0.02,0.32723904587328434,3.2051079906523228,0.21226902026683092,0.08,0.35,0.05,0.45,1.2,17.557218132168053,870412.228024533,870412.231769372
104,eye1,pmrnet,loop,11.546781053766608,0.02,0.31332497019320726,3.187697962857783,0.20138488616794348,0.08,0.35,0.05,0.45,1.2,17.39918887298554,870412.236020201,870412.239722831
105,eye1,pmrnet,loop,13.281047926284373,0.02,0.3187829861417413,4.821239039301872,0.3489480586722493,0.08,0.35,0.05,0.45,1.2,20.920018010400234,870412.244036153,870412.249525466
106,eye1,pmrnet,loop,11.451562982983887,0.02,0.34463999327272177,3.1549559207633138,0.19711698405444622,0.08,0.35,0.05,0.45,1.2,17.298275881074368,870412.25206858,870412.255765549
107,eye1,pmrnet,loop,11.326543055474758,0.02,0.31879893504083157,3.1543381046503782,0.1973169855773449,0.08,0.35,0.05,0.45,1.2,17.14699708074331,870412.260038907,870412.26370962
108,eye1,pmrnet,loop,11.480689980089664,0.02,0.3071350511163473,3.134344005957246,0.46671403106302023,0.08,0.35,0.05,0.45,1.2,17.538883068226276,870412.268024294,870412.27193272
109,eye1,pmrnet,loop,19.06997198238969,0.02,4.096024902537465,3.233677940443158,0.2163749886676669,0.08,0.35,0.05,0.45,1.2,28.766049814037977,870412.280044326,870412.287590699
110,eye1,pmrnet,loop,16.326933982782066,0.02,0.28435501735657454,3.153534955345094,0.20037300419062376,0.08,0.35,0.05,0.45,1.2,22.115196959674357,870412.289278515,870412.292917
111,eye1,pmrnet,loop,15.052897040732205,0.02,0.30955206602811813,3.175435005687177,0.20340306218713522,0.08,0.35,0.05,0.45,1.2,20.891287174634634,870412.296023287,870412.299711909
112,eye1,pmrnet,loop,15.036419965326786,0.02,0.3445070469751954,3.215144039131701,0.2004989655688405,0.08,0.35,0.05,0.45,1.2,20.94657001700252,870412.304004108,870412.307764516
113,eye1,pmrnet,loop,20.192357013002038,0.02,0.47963601537048817,8.201395045034587,0.22119504865258932,0.08,0.35,0.05,0.45,1.2,31.2445831220597,870412.312086446,870412.320989103
114,eye1,pmrnet,loop,17.56639196537435,0.02,1.3555820332840085,3.116633975878358,0.21122198086231947,0.08,0.35,0.05,0.45,1.2,24.399829955399035,870412.321748517,870412.326432192
115,eye1,pmrnet,loop,14.711768948473036,0.02,0.30349602457135916,3.125671064481139,0.196389970369637,0.08,0.35,0.05,0.45,1.2,20.48732600789517,870412.328020973,870412.33164676
116,eye1,pmrnet,loop,14.65718203689903,0.02,0.30305597465485334,3.141877008602023,0.1972379395738244,0.08,0.35,0.05,0.45,1.2,20.44935295972973,870412.336018842,870412.339661278
117,eye1,pmrnet,loop,14.549302984960377,0.02,0.30288100242614746,3.124340088106692,0.19621499814093113,0.08,0.35,0.05,0.45,1.2,20.322739073634146,870412.343998791,870412.347622438
118,eye1,pmrnet,loop,14.599689980968833,0.02,0.3180060302838683,3.1844580080360174,0.2047190209850669,0.08,0.35,0.05,0.45,1.2,20.456873040273784,870412.352034383,870412.355741809
119,eye1,pmrnet,loop,17.748938989825547,0.02,0.4691369831562042,6.24269200488925,0.20273099653422832,0.08,0.35,0.05,0.45,1.2,26.813498974405228,870412.360045,870412.36695999
120,eye1,pmrnet,loop,14.541479991748929,0.02,0.30518299899995327,3.1475339783355594,0.2114620292559266,0.08,0.35,0.05,0.45,1.2,20.355658998340367,870412.368156897,870412.371821361
121,eye1,pmrnet,loop,14.578933012671769,0.02,0.30829093884676695,3.383563016541302,0.19854598212987185,0.08,0.35,0.05,0.45,1.2,20.61933295018971,870412.376037414,870412.379928053
122,eye1,pmrnet,loop,14.253046014346182,0.02,0.30173000413924456,3.1605400145053864,0.1966250129044056,0.08,0.35,0.05,0.45,1.2,20.061941045895217,870412.384012041,870412.387671206
123,eye1,pmrnet,loop,14.797287993133068,0.02,0.3079070011153817,3.4605549881234765,0.47723192255944014,0.08,0.35,0.05,0.45,1.2,21.192981904931365,870412.392039095,870412.396285082
124,eye1,pmrnet,loop,14.24920093268156,0.02,0.33605308271944523,3.238352946937084,0.2068299800157547,0.08,0.35,0.05,0.45,1.2,20.180436942353843,870412.400024723,870412.403806131
125,eye1,pmrnet,loop,14.145342982374132,0.02,0.32525393180549145,3.2078520162031054,0.20661205053329468,0.08,0.35,0.05,0.45,1.2,20.035060980916022,870412.408031344,870412.411771354
126,eye1,pmrnet,loop,14.041308080777526,0.02,0.31434500124305487,3.200046019628644,0.20502600818872452,0.08,0.35,0.05,0.45,1.2,19.910725109837948,870412.416016567,870412.419736253
127,eye1,pmrnet,loop,14.069717028178275,0.02,0.3086460055783391,3.1713959760963917,0.197696965187788,0.08,0.35,0.05,0.45,1.2,19.897455975040792,870412.424155825,870412.427833795
128,eye1,pmrnet,loop,13.838623999617994,0.02,0.30522397719323635,3.1556920148432255,0.19782595336437225,0.08,0.35,0.05,0.45,1.2,19.647365945018826,870412.432012654,870412.435671652
129,eye1,pmrnet,loop,13.802913948893547,0.02,0.324997934512794,3.1344169983640313,0.1948180142790079,0.08,0.35,0.05,0.45,1.2,19.60714689604938,870412.440050419,870412.443704907
130,eye1,pmrnet,loop,14.146590023301542,0.02,0.23529899772256613,3.2326080836355686,0.20190700888633728,0.08,0.35,0.05,0.45,1.2,19.966404113546012,870412.448447592,870412.452117642
131,eye1,pmrnet,loop,13.6377940652892,0.02,0.30842795968055725,3.1399199506267905,0.19679800607264042,0.08,0.35,0.05,0.45,1.2,19.432939981669186,870412.456032376,870412.459677735
132,eye1,pmrnet,loop,13.55607493314892,0.02,0.31033391132950783,3.137190011329949,0.19687204621732235,0.08,0.35,0.05,0.45,1.2,19.350470902025698,870412.46402054,870412.467665205
133,eye1,pmrnet,loop,13.63127795048058,0.02,0.3046419005841017,3.26778891030699,0.21228392142802477,0.08,0.35,0.05,0.45,1.2,19.565992682799696,870412.472024268,870412.475809234
134,eye1,pmrnet,loop,13.440713053569198,0.02,0.3051679814234376,3.1479730969294906,0.1974609913304448,0.08,0.35,0.05,0.45,1.2,19.24131512325257,870412.480036893,870412.483687763
135,eye1,pmrnet,loop,13.354400056414306,0.02,0.30024396255612373,3.1536919996142387,0.19750301726162434,0.08,0.35,0.05,0.45,1.2,19.15583903584629,870412.488018734,870412.491670439
136,eye1,pmrnet,loop,13.607976026833057,0.02,0.3060540184378624,3.451084950938821,0.2070909831672907,0.08,0.35,0.05,0.45,1.2,19.72220597937703,870412.496028464,870412.499992919
137,eye1,pmrnet,loop,13.216999010182917,0.02,0.30171999242156744,3.159794956445694,0.19430893007665873,0.08,0.35,0.05,0.45,1.2,19.022822889126836,870412.504014874,870412.507670939
138,eye1,pmrnet,loop,13.667318038642406,0.02,0.3036858979612589,3.393857041373849,0.4613790661096573,0.08,0.35,0.05,0.45,1.2,19.97624004408717,870412.512031036,870412.516190191
139,eye1,pmrnet,loop,13.062612968496978,0.02,0.3038259455934167,3.12108697835356,0.19581301603466272,0.08,0.35,0.05,0.45,1.2,18.833338908478616,870412.520033695,870412.523654621
140,eye1,pmrnet,loop,13.037231052294374,0.02,0.3041120944544673,3.1879759626463056,0.1950979931280017,0.08,0.35,0.05,0.45,1.2,18.874417102523147,870412.528010907,870412.531698355
141,eye1,pmrnet,loop,12.973012984730303,0.02,0.3074730047956109,3.1611939193680882,0.19926694221794605,0.08,0.35,0.05,0.45,1.2,18.790946851111947,870412.536034823,870412.539703022
142,eye1,pmrnet,loop,12.90778093971312,0.02,0.3067589132115245,3.1635359628126025,0.20962103735655546,0.08,0.35,0.05,0.45,1.2,18.7376968530938,870412.544026516,870412.547706685
143,eye1,pmrnet,loop,12.822026037611067,0.02,0.30524900648742914,3.142348024994135,0.1982100075110793,0.08,0.35,0.05,0.45,1.2,18.61783307660371,870412.552044023,870412.555690058
144,eye1,pmrnet,loop,12.787700048647821,0.02,0.31416292767971754,3.1773539958521724,0.2009510062634945,0.08,0.35,0.05,0.45,1.2,18.630167978443204,870412.560032083,870412.563724774
145,eye1,pmrnet,loop,12.68997706938535,0.02,0.30519708525389433,3.152284072712064,0.19744399469345808,0.08,0.35,0.05,0.45,1.2,18.494902222044765,870412.568040923,870412.57169611
146,eye1,pmrnet,loop,12.731110909953713,0.02,0.3590160049498081,3.1523549696430564,0.20746502559632063,0.08,0.35,0.05,0.45,1.2,18.599946910142897,870412.576087129,870412.579806198
147,eye1,pmrnet,loop,12.705396045930684,0.02,0.3402360016480088,3.256953088566661,0.20624208264052868,0.08,0.35,0.05,0.45,1.2,18.65882721878588,870412.584045691,870412.587849413
148,eye1,pmrnet,loop,12.571678031235933,0.02,0.3346650628373027,3.2074489863589406,0.20399398636072874,0.08,0.35,0.05,0.45,1.2,18.467786066792904,870412.592038425,870412.595784778
149,eye1,pmrnet,loop,12.483249069191515,0.02,0.3315770300105214,3.1905960058793426,0.19857799634337425,0.08,0.35,0.05,0.45,1.2,18.354000101424752,870412.600044226,870412.603765264
150,eye1,pmrnet,loop,12.358127976767719,0.02,0.30960701406002045,3.149947035126388,0.207597971893847,0.08,0.35,0.05,0.45,1.2,18.175279997847973,870412.60804166,870412.611708994
151,eye1,pmrnet,loop,12.248049024492502,0.02,0.30765903647989035,3.1304649310186505,0.2101510763168335,0.08,0.35,0.05,0.45,1.2,18.046324068307875,870412.616019382,870412.619667922
152,eye1,pmrnet,loop,12.582152034156024,0.02,0.2668970264494419,3.142155008390546,0.20224100444465876,0.08,0.35,0.05,0.45,1.2,18.34344507344067,870412.624459705,870412.628071272
153,eye1,pmrnet,loop,12.130004004575312,0.02,0.3045460907742381,3.1433190451934934,0.21743401885032654,0.08,0.35,0.05,0.45,1.2,17.94530315939337,870412.632022314,870412.635687815
154,eye1,pmrnet,loop,12.222076999023557,0.02,0.3095989814028144,3.2820809865370393,0.20076206419616938,0.08,0.35,0.05,0.45,1.2,18.16451903115958,870412.640056465,870412.643849128
155,eye1,pmrnet,loop,12.25084497127682,0.02,0.3049250226467848,3.233631025068462,0.36482198629528284,0.08,0.35,0.05,0.45,1.2,18.304223005287348,870412.648043153,870412.651946774
156,eye1,pmrnet,loop,11.923279031179845,0.02,0.30731502920389175,3.157151979394257,0.1990570453926921,0.08,0.35,0.05,0.45,1.2,17.736803085170685,870412.656024698,870412.659688447
157,eye1,pmrnet,loop,11.976161040365696,0.02,0.30362699180841446,3.1463209306821227,0.3386660246178508,0.08,0.35,0.05,0.45,1.2,17.914774987474082,870412.664021283,870412.667810158
158,eye1,pmrnet,loop,12.380009051412344,0.02,0.30277599580585957,3.7540490739047527,0.19437994342297316,0.08,0.35,0.05,0.45,1.2,18.781214064545928,870412.672031366,870412.676282804
159,eye1,pmrnet,loop,13.122679898515344,0.02,0.5027820589020848,4.309821058996022,0.1967590069398284,0.08,0.35,0.05,0.45,1.2,20.282042023353277,870412.68008481,870412.68509461
160,eye1,pmrnet,loop,11.86030893586576,0.02,0.3538430901244283,3.2924339175224304,0.201062997803092,0.08,0.35,0.05,0.45,1.2,17.85764894131571,870412.688053459,870412.691900986
161,eye1,pmrnet,loop,11.676177964545786,0.02,0.32165099401026964,3.20081296376884,0.21644204389303923,0.08,0.35,0.05,0.45,1.2,17.565083966217934,870412.696047024,870412.69978615
162,eye1,pmrnet,loop,11.614518007263541,0.02,0.3256570780649781,3.217300050891936,0.20764197688549757,0.08,0.35,0.05,0.45,1.2,17.51511711310595,870412.70404243,870412.707793267
163,eye1,pmrnet,loop,11.50668109767139,0.02,0.30740094371140003,3.20039305370301,0.18668104894459248,0.08,0.35,0.05,0.45,1.2,17.35115614403039,870412.712059933,870412.715754607
164,eye1,pmrnet,loop,11.42533600796014,0.02,0.30855496879667044,3.1754960073158145,0.2171770902350545,0.08,0.35,0.05,0.45,1.2,17.27656407430768,870412.720041717,870412.723743229
165,eye1,pmrnet,loop,17.80656003393233,0.02,0.4707290790975094,9.292197995819151,0.3532289993017912,0.08,0.35,0.05,0.45,1.2,30.07271610815078,870412.728076924,870412.73819355
166,eye1,pmrnet,loop,14.22042096965015,0.02,0.3150319680571556,3.212040988728404,0.20277395378798246,0.08,0.35,0.05,0.45,1.2,20.10026788022369,870412.738946358,870412.742676458
167,eye1,pmrnet,loop,21.694619092158973,0.02,0.5052259657531977,9.272526949644089,0.3611609572544694,0.08,0.35,0.05,0.45,1.2,33.98353296481073,870412.748079627,870412.758218996
168,eye1,pmrnet,loop,19.456616952084005,0.02,1.345439930446446,3.2871579751372337,0.32701005693525076,0.08,0.35,0.05,0.45,1.2,26.566224914602934,870412.759090643,870412.764050545
169,eye1,pmrnet,loop,16.683617956005037,0.02,0.31830102670937777,3.4546650713309646,0.3574569709599018,0.08,0.35,0.05,0.45,1.2,22.96404102500528,870412.765215881,870412.769346562
170,eye1,pmrnet,loop,15.124888974241912,0.02,0.30871701892465353,3.324666991829872,0.18905708566308022,0.08,0.35,0.05,0.45,1.2,21.097330070659517,870412.772033988,870412.775856698
171,eye1,pmrnet,loop,15.00848401337862,0.02,0.31515699811279774,3.2699210569262505,0.20120898261666298,0.08,0.35,0.05,0.45,1.2,20.94477105103433,870412.780022976,870412.783809555
172,eye1,pmrnet,loop,14.890028047375381,0.02,0.31370006036013365,3.210980095900595,0.18025492317974567,0.08,0.35,0.05,0.45,1.2,20.744963126815854,870412.788054874,870412.791760071
173,eye1,pmrnet,loop,14.787402004003525,0.02,0.31459692399948835,3.205719985999167,0.18229091074317694,0.08,0.35,0.05,0.45,1.2,20.640009824745356,870412.796023637,870412.799726544
174,eye1,pmrnet,loop,14.952647965401411,0.02,0.31238188967108727,3.2933600014075637,0.2933240029960871,0.08,0.35,0.05,0.45,1.2,21.001713859476148,870412.804061138,870412.80796045
175,eye1,pmrnet,loop,14.797881012782454,0.02,0.3128020325675607,3.3227469539269805,0.1733509125187993,0.08,0.35,0.05,0.45,1.2,20.756780911795794,870412.812065811,870412.815874936
176,eye1,pmrnet,loop,14.76081006694585,0.02,0.3302000695839524,3.3246868988499045,0.20512891933321953,0.08,0.35,0.05,0.45,1.2,20.770825954712926,870412.820046421,870412.823906726
177,eye1,pmrnet,loop,15.02743095625192,0.02,0.24273793678730726,3.321932046674192,0.19642396364361048,0.08,0.35,0.05,0.45,1.2,20.938524903357028,870412.828481079,870412.832242438
178,eye1,pmrnet,loop,20.882254000753164,0.02,0.4709128988906741,9.28561994805932,0.31391798984259367,0.08,0.35,0.05,0.45,1.2,33.10270483754575,870412.836095071,870412.846166036
179,eye1,pmrnet,loop,17.077957978472114,0.02,0.311142997816205,3.1268559396266937,0.1763720065355301,0.08,0.35,0.05,0.45,1.2,22.84232892245054,870412.846816472,870412.850431062
180,eye1,pmrnet,loop,18.171910080127418,0.02,0.454101013019681,6.861569941975176,0.20610808860510588,0.08,0.35,0.05,0.45,1.2,27.84368912372738,870412.852071696,870412.859593839
181,eye1,pmrnet,loop,14.52412805519998,0.02,0.33004709985107183,3.19608801510185,0.23071502801030874,0.08,0.35,0.05,0.45,1.2,20.43097819816321,870412.860257693,870412.864014795
182,eye1,pmrnet,loop,14.160020975396037,0.02,0.307859038002789,3.1633280450478196,0.20906608551740646,0.08,0.35,0.05,0.45,1.2,19.99027414396405,870412.868039283,870412.871719785
183,eye1,pmrnet,loop,15.393501962535083,0.02,0.4850500263273716,4.1864970698952675,0.20056392531841993,0.08,0.35,0.05,0.45,1.2,22.41561298407614,870412.876149623,870412.881022226
184,eye1,pmrnet,loop,14.112747041508555,0.02,0.30370906461030245,3.1728310277685523,0.29506697319447994,0.08,0.35,0.05,0.45,1.2,20.03435410708189,870412.884038769,870412.887810642
185,eye1,pmrnet,loop,13.907129992730916,0.02,0.3014259273186326,3.1443641055375338,0.2010859316214919,0.08,0.35,0.05,0.45,1.2,19.704005957208572,870412.892027089,870412.895674199
186,eye1,pmrnet,loop,20.234022988006473,0.02,0.45590405352413654,9.213094017468393,0.3320099785923958,0.08,0.35,0.05,0.45,1.2,32.385031037591396,870412.900068479,870412.910069939
187,eye1,pmrnet,loop,16.563193988986313,0.02,0.3191150026395917,3.157513099722564,0.20873593166470528,0.08,0.35,0.05,0.45,1.2,22.398558023013173,870412.910782453,870412.914468049
188,eye1,pmrnet,loop,20.258844015188515,0.02,0.4603629931807518,9.251115960069,0.43261307291686535,0.08,0.35,0.05,0.45,1.2,32.55293604135513,870412.916087713,870412.926232276
189,eye1,pmrnet,loop,16.976690967567265,0.02,0.5381270311772823,3.1815459951758385,0.20630203653126955,0.08,0.35,0.05,0.45,1.2,23.052666030451654,870412.92709346,870412.931019686
190,eye1,pmrnet,loop,13.758585089817643,0.02,0.3170439740642905,3.1837839633226395,0.19847392104566097,0.08,0.35,0.05,0.45,1.2,19.607886948250233,870412.932171085,870412.935870637
191,eye1,pmrnet,loop,13.554144999943674,0.02,0.31737901736050844,3.1864169286563993,0.1982090761885047,0.08,0.35,0.05,0.45,1.2,19.406150022149085,870412.940032997,870412.943735238
192,eye1,pmrnet,loop,13.501942972652614,0.02,0.30807696748524904,3.212000010535121,0.1804589992389083,0.08,0.35,0.05,0.45,1.2,19.35247894991189,870412.948051251,870412.951752049
193,eye1,pmrnet,loop,13.474936014972627,0.02,0.31141797080636024,3.199505968950689,0.1786000793799758,0.08,0.35,0.05,0.45,1.2,19.31446003410965,870412.956104262,870412.959794032
196,eye1,pmrnet,loop,13.249641982838511,0.02,0.34374604001641273,3.125473973341286,0.21850899793207645,0.08,0.35,0.05,0.45,1.2,19.087370994128285,870412.980087489,870412.983775472
197,eye1,pmrnet,loop,13.16032197792083,0.02,0.3091859398409724,3.142740926705301,0.19957299809902906,0.08,0.35,0.05,0.45,1.2,18.96182184256613,870412.988103657,870412.991755419
198,eye1,pmrnet,loop,19.412408000789583,0.02,0.46013505198061466,9.205268928781152,0.3287169383838773,0.08,0.35,0.05,0.45,1.2,31.556528919935225,870412.996081291,870413.006075898
199,eye1,pmrnet,loop,16.263643046841025,0.02,0.3228699788451195,3.2353269634768367,0.21106493659317493,0.08,0.35,0.05,0.45,1.2,22.182904925756155,870413.007227071,870413.010996577
200,eye1,pmrnet,loop,13.50057392846793,0.02,0.31766295433044434,3.698109998367727,0.2248220844194293,0.08,0.35,0.05,0.45,1.2,19.89116896558553,870413.012061623,870413.016302456
201,eye1,pmrnet,loop,13.327289023436606,0.02,0.32178708352148533,3.599232994019985,0.20980602130293846,0.08,0.35,0.05,0.45,1.2,19.608115122281013,870413.020067246,870413.02419833
202,eye1,pmrnet,loop,19.311127020046115,0.02,0.4742679884657264,9.411953040398657,0.25620998349040747,0.08,0.35,0.05,0.45,1.2,31.603558032400905,870413.028108128,870413.03825109
203,eye1,pmrnet,loop,15.763301053084433,0.02,0.3180250059813261,3.1809170031920075,0.20186393521726131,0.08,0.35,0.05,0.45,1.2,21.614106997475027,870413.039071268,870413.04277229
204,eye1,pmrnet,loop,13.333743088878691,0.02,0.24532305542379618,3.460815059952438,0.21584099158644676,0.08,0.35,0.05,0.45,1.2,19.40572219584137,870413.044490372,870413.048412567
205,eye1,pmrnet,loop,12.754933908581734,0.02,0.30767894349992275,3.346632933244109,0.19891804549843073,0.08,0.35,0.05,0.45,1.2,18.758163830824195,870413.052049499,870413.055902982
206,eye1,pmrnet,loop,12.851955951191485,0.02,0.32329896930605173,3.4549570409581065,0.2071330090984702,0.08,0.35,0.05,0.45,1.2,18.987344970554112,870413.060083246,870413.064068915
207,eye1,pmrnet,loop,13.683294062502682,0.02,0.47298299614340067,4.198334994725883,0.20432600285857916,0.08,0.35,0.05,0.45,1.2,20.708938056230544,870413.06809313,870413.072969169
208,eye1,pmrnet,loop,12.42647203616798,0.02,0.31239003874361515,3.1862009782344103,0.2000979147851467,0.08,0.35,0.05,0.45,1.2,18.27516096793115,870413.076082542,870413.079781474
209,eye1,pmrnet,loop,18.550720997154713,0.02,0.3061599563807249,9.281081962399185,0.34493603743612766,0.08,0.35,0.05,0.45,1.2,30.63289895337075,870413.084041608,870413.093974152
210,eye1,pmrnet,loop,20.196798956021667,0.02,0.6082250038161874,6.899055908434093,0.2032910706475377,0.08,0.35,0.05,0.45,1.2,30.057370938919483,870413.095978902,870413.1036899
211,eye1,pmrnet,loop,16.698649036698043,0.02,0.3314369823783636,3.28085501678288,0.2212610561400652,0.08,0.35,0.05,0.45,1.2,22.68220209199935,870413.104426645,870413.108260505
212,eye1,pmrnet,loop,13.13261198811233,0.02,0.3262109821662307,3.2392319990321994,0.1983880065381527,0.08,0.35,0.05,0.45,1.2,19.04644297584891,870413.108999536,870413.112763606
213,eye1,pmrnet,loop,12.529785046353936,0.02,0.32283097971230745,3.633309039287269,0.19824993796646595,0.08,0.35,0.05,0.45,1.2,18.834175003319977,870413.116075093,870413.120229699
214,eye1,pmrnet,loop,11.978170950897038,0.02,0.36286807153373957,3.1308409525081515,0.19708205945789814,0.08,0.35,0.05,0.45,1.2,17.818962034396826,870413.124056264,870413.127747253
215,eye1,pmrnet,loop,11.893126997165382,0.02,0.33166108187288046,3.129862016066909,0.19643106497824192,0.08,0.35,0.05,0.45,1.2,17.70108116008341,870413.132072984,870413.135731159
216,eye1,pmrnet,loop,11.810393072664738,0.02,0.3264980623498559,3.133153892122209,0.19630801398307085,0.08,0.35,0.05,0.45,1.2,17.616353041119872,870413.140061272,870413.143717424
217,eye1,pmrnet,loop,11.710236081853509,0.02,0.3023479366675019,3.1279479153454304,0.19580405205488205,0.08,0.35,0.05,0.45,1.2,17.486335985921322,870413.148059974,870413.151686282
218,eye1,pmrnet,loop,11.692650965414941,0.02,0.34594396129250526,3.136407001875341,0.19460590556263924,0.08,0.35,0.05,0.45,1.2,17.519607834145425,870413.156060461,870413.159737716
219,eye1,pmrnet,loop,11.572632938623428,0.02,0.30426192097365856,3.140412038192153,0.19622105173766613,0.08,0.35,0.05,0.45,1.2,17.363527949526905,870413.164045449,870413.167686649
220,eye1,pmrnet,loop,12.04558799508959,0.02,0.3246309934183955,3.640445997007191,0.21070009097456932,0.08,0.35,0.05,0.45,1.2,18.371365076489745,870413.17205225,870413.176228338
221,eye1,pmrnet,loop,11.468440061435103,0.02,0.3117769956588745,3.1460870523005724,0.1966790296137333,0.08,0.35,0.05,0.45,1.2,17.272983139008282,870413.180065639,870413.183720413
222,eye1,pmrnet,loop,17.978019081056118,0.02,0.46071200631558895,9.284003055654466,0.4519280046224594,0.08,0.35,0.05,0.45,1.2,30.32466214764863,870413.188101609,870413.198298797
223,eye1,pmrnet,loop,14.514392940327525,0.02,0.5384060787037015,3.126331022940576,0.20946899894624949,0.08,0.35,0.05,0.45,1.2,20.53859904091805,870413.199029902,870413.202904347
224,eye1,pmrnet,loop,17.717832000926137,0.02,0.46137894969433546,9.2791470233351,0.28869102243334055,0.08,0.35,0.05,0.45,1.2,29.89704899638891,870413.204147173,870413.214176827
225,eye1,pmrnet,loop,15.564521076157689,0.02,0.5467960145324469,3.292666980996728,0.21038600243628025,0.08,0.35,0.05,0.45,1.2,21.764370074123143,870413.216042459,870413.220092608
226,eye1,pmrnet,loop,15.219023101963103,0.02,0.31435699202120304,3.2147789606824517,0.21021498832851648,0.08,0.35,0.05,0.45,1.2,21.108374042995273,870413.224076282,870413.227815894
227,eye1,pmrnet,loop,15.211384976282716,0.02,0.33942493610084057,3.291152068413794,0.2006769645959139,0.08,0.35,0.05,0.45,1.2,21.192638945393263,870413.232045868,870413.235877419
228,eye1,pmrnet,loop,15.29485802166164,0.02,0.3117730375379324,3.2937199575826526,0.3386000171303749,0.08,0.35,0.05,0.45,1.2,21.388951033912598,870413.240085325,870413.2440297
229,eye1,pmrnet,loop,14.948872965760529,0.02,0.3160129999741912,3.170481068082154,0.19470695406198502,0.08,0.35,0.05,0.45,1.2,20.780073987878858,870413.24807155,870413.251752964
230,eye1,pmrnet,loop,14.910869067534804,0.02,0.34090608824044466,3.1388209899887443,0.19716890528798103,0.08,0.35,0.05,0.45,1.2,20.737765051051973,870413.256106761,870413.259783904
231,eye1,pmrnet,loop,14.829825959168375,0.02,0.30978198628872633,3.124444978311658,0.19359507132321596,0.08,0.35,0.05,0.45,1.2,20.607647995091973,870413.264143823,870413.267771878
232,eye1,pmrnet,loop,14.793487964197993,0.02,0.31103205401450396,3.1982489163056016,0.20249909721314907,0.08,0.35,0.05,0.45,1.2,20.655268031731246,870413.272092345,870413.275804404
233,eye1,pmrnet,loop,14.62346303742379,0.02,0.3106289077550173,3.127553965896368,0.19648100715130568,0.08,0.35,0.05,0.45,1.2,20.40812691822648,870413.280068632,870413.283703562
234,eye1,pmrnet,loop,14.902767026796937,0.02,0.23757107555866241,3.1289709731936455,0.21813996136188507,0.08,0.35,0.05,0.45,1.2,20.63744903691113,870413.288466689,870413.292051662
235,eye1,pmrnet,loop,17.942729988135397,0.02,0.4708090564236045,6.292521022260189,0.2934139920398593,0.08,0.35,0.05,0.45,1.2,27.14947405885905,870413.296102838,870413.303159982
236,eye1,pmrnet,loop,14.775627991184592,0.02,0.3599459305405617,3.234142903238535,0.3621550276875496,0.08,0.35,0.05,0.45,1.2,20.881871852651237,870413.3041061,870413.30806256
237,eye1,pmrnet,loop,14.465102925896645,0.02,0.31570601277053356,3.229434951208532,0.2050379989668727,0.08,0.35,0.05,0.45,1.2,20.36528188884258,870413.312070649,870413.315821076
238,eye1,pmrnet,loop,14.656124985776842,0.02,0.31384092289954424,3.3406789880245924,0.34780194982886314,0.08,0.35,0.05,0.45,1.2,20.80844684652984,870413.320078522,870413.32408111
239,eye1,pmrnet,loop,14.277057023718953,0.02,0.30779698863625526,3.2036060001701117,0.20093692000955343,0.08,0.35,0.05,0.45,1.2,20.139396932534872,870413.328058547,870413.331771164
240,eye1,pmrnet,loop,14.35737288556993,0.02,0.30640908516943455,3.2235239632427692,0.34263008274137974,0.08,0.35,0.05,0.45,1.2,20.379936016723512,870413.336047519,870413.339920312
241,eye1,pmrnet,loop,14.177744975313544,0.02,0.310849049128592,3.226164961233735,0.20404101815074682,0.08,0.35,0.05,0.45,1.2,20.068800003826617,870413.344068463,870413.34780974
242,eye1,pmrnet,loop,14.093055971898139,0.02,0.3051789244636893,3.221578081138432,0.20260398741811514,0.08,0.35,0.05,0.45,1.2,19.972416964918374,870413.352064424,870413.355794091
243,eye1,pmrnet,loop,14.012683066539466,0.02,0.31243101693689823,3.208187990821898,0.2014049096032977,0.08,0.35,0.05,0.45,1.2,19.88470698390156,870413.360061471,870413.363783737
244,eye1,pmrnet,loop,15.18441701773554,0.02,0.4705289611592889,4.243956063874066,0.20358699839562178,0.08,0.35,0.05,0.45,1.2,22.252489041164516,870413.36810602,870413.373024447
245,eye1,pmrnet,loop,14.4487019861117,0.02,0.31088292598724365,3.7714659702032804,0.2029850147664547,0.08,0.35,0.05,0.45,1.2,20.884035897068678,870413.376072189,870413.380357745
246,eye1,pmrnet,loop,13.917776988819242,0.02,0.30577799770981073,3.1803640304133296,0.32620399724692106,0.08,0.35,0.05,0.45,1.2,19.8801230141893,870413.384083219,870413.387895818
247,eye1,pmrnet,loop,13.788309996016324,0.02,0.3302480326965451,3.211766015738249,0.20297197625041008,0.08,0.35,0.05,0.45,1.2,19.683296020701526,870413.39209008,870413.395835323
248,eye1,pmrnet,loop,13.67519807536155,0.02,0.3066249191761017,3.2106570433825254,0.20839192438870668,0.08,0.35,0.05,0.45,1.2,19.550871962308882,870413.400065276,870413.403791235
249,eye1,pmrnet,loop,13.602075050584972,0.02,0.3113750135526061,3.197777085006237,0.20637200213968754,0.08,0.35,0.05,0.45,1.2,19.4675991512835,870413.408071385,870413.411787153
250,eye1,pmrnet,loop,13.523850007914007,0.02,0.3071159590035677,3.1917470041662455,0.20230701193213463,0.08,0.35,0.05,0.45,1.2,19.375019983015953,870413.416076394,870413.419777787
251,eye1,pmrnet,loop,13.585263979621232,0.02,0.3031339729204774,3.211517003364861,0.20185904577374458,0.08,0.35,0.05,0.45,1.2,19.451774001680313,870413.424191526,870413.427908265
252,eye1,pmrnet,loop,13.356916955672204,0.02,0.30229100957512856,3.1952670542523265,0.1999849919229746,0.08,0.35,0.05,0.45,1.2,19.204460011422633,870413.432051119,870413.435748932
253,eye1,pmrnet,loop,15.855393023230135,0.02,0.4705230239778757,5.534191965125501,0.20033807959407568,0.08,0.35,0.05,0.45,1.2,24.210446091927587,870413.440110967,870413.446316431
254,eye1,pmrnet,loop,16.07679994776845,0.02,0.3076939610764384,6.02008996065706,0.2038930542767048,0.08,0.35,0.05,0.45,1.2,24.75847692377865,870413.448074881,870413.454606813
255,eye1,pmrnet,loop,19.54581798054278,0.02,0.45558693818748,9.22584894578904,0.3305020509287715,0.08,0.35,0.05,0.45,1.2,31.707755915448068,870413.456132509,870413.466144918
256,eye1,pmrnet,loop,16.21609996072948,0.02,0.5440260283648968,3.201835905201733,0.210811966098845,0.08,0.35,0.05,0.45,1.2,22.322773860394953,870413.466927006,870413.470883967
257,eye1,pmrnet,loop,13.586579007096589,0.02,0.3116769948974252,3.572428016923368,0.20110397599637508,0.08,0.35,0.05,0.45,1.2,19.821787994913755,870413.472238159,870413.476323628
258,eye1,pmrnet,loop,13.0053540924564,0.02,0.3171809948980808,3.1978279585018754,0.20045903511345387,0.08,0.35,0.05,0.45,1.2,18.87082208096981,870413.480095707,870413.483811434
259,eye1,pmrnet,loop,12.880966998636723,0.02,0.30801002867519855,3.1774149974808097,0.20214298274368048,0.08,0.35,0.05,0.45,1.2,18.71853500753641,870413.488068229,870413.491756032
260,eye1,pmrnet,loop,12.821380980312824,0.02,0.329192029312253,3.1609380384907126,0.20050292368978262,0.08,0.35,0.05,0.45,1.2,18.66201397180557,870413.496074527,870413.499765422
261,eye1,pmrnet,loop,12.759373988956213,0.02,0.31697098165750504,3.173097036778927,0.21937699057161808,0.08,0.35,0.05,0.45,1.2,18.61881899796426,870413.504062436,870413.507772165
262,eye1,pmrnet,loop,13.18646501749754,0.02,0.3071579849347472,3.682613023556769,0.19967404659837484,0.08,0.35,0.05,0.45,1.2,19.52591007258743,870413.512078865,870413.516268522
263,eye1,pmrnet,loop,12.605914962477982,0.02,0.3071920946240425,3.180698025971651,0.19993004389107227,0.08,0.35,0.05,0.45,1.2,18.443735126964746,870413.520068827,870413.523756876
264,eye1,pmrnet,loop,13.233623933047056,0.02,0.3098190063610673,3.348946920596063,0.7292060181498528,0.08,0.35,0.05,0.45,1.2,19.771595878154038,870413.528065381,870413.532453606
265,eye1,pmrnet,loop,12.631413992494345,0.02,0.30709803104400635,3.3333241008222103,0.2110890345647931,0.08,0.35,0.05,0.45,1.2,18.632925158925353,870413.536068467,870413.539920224
266,eye1,pmrnet,loop,12.407863978296518,0.02,0.30670908745378256,3.1789649510756135,0.19840197637677193,0.08,0.35,0.05,0.45,1.2,18.241939993202685,870413.544081595,870413.547765897
267,eye1,pmrnet,loop,12.725487002171576,0.02,0.24139799643307924,3.177931997925043,0.219138921238482,0.08,0.35,0.05,0.45,1.2,18.51395591776818,870413.552513817,870413.55615257
268,eye1,pmrnet,loop,12.278493959456682,0.02,0.3029650542885065,3.1925360672175884,0.20962499547749758,0.08,0.35,0.05,0.45,1.2,18.133620076440273,870413.56006904,870413.563774434
269,eye1,pmrnet,loop,12.21726497169584,0.02,0.3109730314463377,3.1894920393824577,0.1991080353036523,0.08,0.35,0.05,0.45,1.2,18.066838077828287,870413.568082407,870413.571782219
270,eye1,pmrnet,loop,12.254611006937921,0.02,0.3160289488732815,3.2933340407907963,0.1930069411173463,0.08,0.35,0.05,0.45,1.2,18.206980937719344,870413.576085878,870413.579888503
271,eye1,pmrnet,loop,12.205301085487008,0.02,0.33498695120215416,3.256188938394189,0.206099939532578,0.08,0.35,0.05,0.45,1.2,18.152576914615928,870413.584110865,870413.587908378
272,eye1,pmrnet,loop,12.072653975337744,0.02,0.3152129938825965,3.240432939492166,0.18194690346717834,0.08,0.35,0.05,0.45,1.2,17.960246812179683,870413.592106853,870413.59584475
273,eye1,pmrnet,loop,11.997331981547177,0.02,0.31268701422959566,3.225086024031043,0.21528592333197594,0.08,0.35,0.05,0.45,1.2,17.90039094313979,870413.600084793,870413.603838109
274,eye1,pmrnet,loop,11.923782993108034,0.02,0.3332289634272456,3.218277939595282,0.1984139671549201,0.08,0.35,0.05,0.45,1.2,17.82370386328548,870413.608083673,870413.611833842
275,eye1,pmrnet,loop,11.859140009619296,0.02,0.31326094176620245,3.224338055588305,0.22077595349401236,0.08,0.35,0.05,0.45,1.2,17.767514960467814,870413.616079325,870413.619837969
276,eye1,pmrnet,loop,11.856108088977635,0.02,0.33297704067081213,3.255167044699192,0.19865098875015974,0.08,0.35,0.05,0.45,1.2,17.792903163097797,870413.624117083,870413.627904139
277,eye1,pmrnet,loop,11.727876961231232,0.02,0.33226492814719677,3.2239429419860244,0.20058394875377417,0.08,0.35,0.05,0.45,1.2,17.634668780118226,870413.632087853,870413.635844908
278,eye1,pmrnet,loop,11.641560005955398,0.02,0.306137022562325,3.2041689846664667,0.21510501392185688,0.08,0.35,0.05,0.45,1.2,17.516971027106045,870413.640101663,870413.643827335
279,eye1,pmrnet,loop,11.53389597311616,0.02,0.30919606797397137,3.218378988094628,0.18013000953942537,0.08,0.35,0.05,0.45,1.2,17.391601038724183,870413.64808091,870413.651788861
280,eye1,pmrnet,loop,11.500141001306474,0.02,0.3146620001643896,3.206648980267346,0.20181294530630112,0.08,0.35,0.05,0.45,1.2,17.37326492704451,870413.656100833,870413.659824239
281,eye1,pmrnet,loop,11.447075987234712,0.02,0.3123249625787139,3.2037559431046247,0.21215202286839485,0.08,0.35,0.05,0.45,1.2,17.325308915786444,870413.664111477,870413.667839982
282,eye1,pmrnet,loop,11.502455919981003,0.02,0.3170999698340893,3.3024920849129558,0.221497961319983,0.08,0.35,0.05,0.45,1.2,17.49354593604803,870413.672123006,870413.67596435
283,eye1,pmrnet,loop,15.311363036744297,0.02,0.34841406159102917,3.226359956897795,0.2018819795921445,0.08,0.35,0.05,0.45,1.2,21.238019034825264,870413.684066452,870413.687843364
284,eye1,pmrnet,loop,15.184690011665225,0.02,0.31409598886966705,3.1758889090269804,0.214280909858644,0.08,0.35,0.05,0.45,1.2,21.038955819420515,870413.692081094,870413.695785592
285,eye1,pmrnet,loop,15.135569032281637,0.02,0.3068610094487667,3.227927954867482,0.20068103913217783,0.08,0.35,0.05,0.45,1.2,21.021039035730062,870413.700069869,870413.703805568
286,eye1,pmrnet,loop,20.47476195730269,0.02,0.31004694756120443,8.458346943370998,0.3494459670037031,0.08,0.35,0.05,0.45,1.2,31.742601815238594,870413.708095094,870413.717213272
287,eye1,pmrnet,loop,19.43062001373619,0.02,0.6031970260664821,3.7893709959462285,0.203192001208663,0.08,0.35,0.05,0.45,1.2,26.17638003695756,870413.719642313,870413.724238412
288,eye1,pmrnet,loop,15.73465601541102,0.02,0.33364701084792614,3.2097710063681006,0.20078197121620178,0.08,0.35,0.05,0.45,1.2,21.628856003843246,870413.724867221,870413.728611667
289,eye1,pmrnet,loop,21.29601698834449,0.02,0.4617789527401328,9.162606904283166,0.4006200470030308,0.08,0.35,0.05,0.45,1.2,33.471022892370826,870413.732216262,870413.742241734
290,eye1,pmrnet,loop,20.652002887800336,0.02,0.3135749138891697,5.6278189877048135,0.20220596343278885,0.08,0.35,0.05,0.45,1.2,28.945602752827106,870413.743523237,870413.749667073
291,eye1,pmrnet,loop,16.894990927539766,0.02,0.3040960291400552,3.1743759755045176,0.1775870332494378,0.08,0.35,0.05,0.45,1.2,22.701049965433775,870413.750322818,870413.753979109
292,eye1,pmrnet,loop,14.594619977287948,0.02,0.3064349293708801,3.155524027533829,0.19540300127118826,0.08,0.35,0.05,0.45,1.2,20.401981935463844,870413.756090088,870413.759747686
293,eye1,pmrnet,loop,14.521402074024081,0.02,0.30555902048945427,3.1493500573560596,0.19908801186829805,0.08,0.35,0.05,0.45,1.2,20.32539916373789,870413.764089225,870413.76774347
294,eye1,pmrnet,loop,17.39133906085044,0.02,0.3346370067447424,5.842203972861171,0.4027059767395258,0.08,0.35,0.05,0.45,1.2,26.12088601719588,870413.772101396,870413.77868128
295,eye1,pmrnet,loop,20.761910011060536,0.02,0.5031910259276628,8.67546396329999,0.2528700279071927,0.08,0.35,0.05,0.45,1.2,32.34343502819538,870413.780689502,870413.790121477
296,eye1,pmrnet,loop,17.28568400721997,0.02,0.3762240521609783,3.2314680283889174,0.2100629499182105,0.08,0.35,0.05,0.45,1.2,23.253439037688075,870413.790896755,870413.794714735
297,eye1,pmrnet,loop,14.413867960684001,0.02,0.3083079354837537,3.2415769528597593,0.20855700131505728,0.08,0.35,0.05,0.45,1.2,20.32230985034257,870413.796153225,870413.799911912
298,eye1,pmrnet,loop,20.83664806559682,0.02,0.4861369961872697,9.50038991868496,0.23088802117854357,0.08,0.35,0.05,0.45,1.2,33.2040630016476,870413.804185897,870413.814403728
299,eye1,pmrnet,loop,17.240692977793515,0.02,0.31332799699157476,3.1650930177420378,0.21094398107379675,0.08,0.35,0.05,0.45,1.2,23.080057973600923,870413.815186956,870413.818876561
300,eye1,pmrnet,loop,17.36747892573476,0.02,0.45644096098840237,5.991099053062499,0.1914160093292594,0.08,0.35,0.05,0.45,1.2,26.156434949114917,870413.820433246,870413.827072549
301,eye1,pmrnet,loop,14.051317004486918,0.02,0.3118020249530673,3.1331690261140466,0.20258803851902485,0.08,0.35,0.05,0.45,1.2,19.848876094073056,870413.828177672,870413.831825447
302,eye1,pmrnet,loop,14.658130006864667,0.02,1.0269369231536984,3.1646150164306164,0.20860799122601748,0.08,0.35,0.05,0.45,1.2,21.208289937674998,870413.836100701,870413.840501074
303,eye1,pmrnet,loop,15.472211060114205,0.02,0.4414960276335478,3.5744979977607727,0.21197402384132147,0.08,0.35,0.05,0.45,1.2,21.850179109349845,870413.845155929,870413.849384264
304,eye1,pmrnet,loop,13.745125965215266,0.02,0.30834798235446215,3.1558140181005,0.17832196317613125,0.08,0.35,0.05,0.45,1.2,19.537609928846358,870413.852083519,870413.855726298
305,eye1,pmrnet,loop,13.734405976720154,0.02,0.3308600280433893,3.1298069516196847,0.2011429751291871,0.08,0.35,0.05,0.45,1.2,19.546215931512414,870413.860122429,870413.863784465
306,eye1,pmrnet,loop,20.12610004749149,0.02,0.45904796570539474,9.353672037832439,0.3313249908387661,0.08,0.35,0.05,0.45,1.2,32.42014504186809,870413.868100399,870413.878244911
307,eye1,pmrnet,loop,17.26755208801478,0.02,1.0538420174270868,3.165993024595082,0.2198240254074335,0.08,0.35,0.05,0.45,1.2,23.857211155444382,870413.879015555,870413.883455452
308,eye1,pmrnet,loop,14.519684948027134,0.02,0.3077819710597396,3.1636370113119483,0.19785703625530005,0.08,0.35,0.05,0.45,1.2,20.33896096665412,870413.885107317,870413.88877682
309,eye1,pmrnet,loop,13.434636988677084,0.02,0.3067149082198739,3.1563679222017527,0.197709072381258,0.08,0.35,0.05,0.45,1.2,19.245428891479968,870413.892099625,870413.895760689
310,eye1,pmrnet,loop,13.328396016731858,0.02,0.30372501350939274,3.1338169937953353,0.19719195552170277,0.08,0.35,0.05,0.45,1.2,19.113129979558288,870413.900088472,870413.903723461
311,eye1,pmrnet,loop,13.990825973451138,0.02,0.46050501987338066,3.6586710484698415,0.20482903346419334,0.08,0.35,0.05,0.45,1.2,20.46483107525855,870413.908130525,870413.912454905
312,eye1,pmrnet,loop,13.25807604007423,0.02,0.3416570834815502,3.133482066914439,0.19665795844048262,0.08,0.35,0.05,0.45,1.2,19.0798731489107,870413.916119007,870413.919791061
313,eye1,pmrnet,loop,14.71200690139085,0.02,0.30449696350842714,3.5225190222263336,1.4005909906700253,0.08,0.35,0.05,0.45,1.2,22.089613877795635,870413.924085159,870413.929313101
314,eye1,pmrnet,loop,20.52526199258864,0.02,0.6086440989747643,9.917314047925174,0.502679031342268,0.08,0.35,0.05,0.45,1.2,33.703899170830844,870413.93216622,870413.943195414
315,eye1,pmrnet,loop,18.82510504219681,0.02,1.9255030201748013,3.2337860902771354,0.20083598792552948,0.08,0.35,0.05,0.45,1.2,26.335230140574275,870413.94420484,870413.949565207
316,eye1,pmrnet,loop,18.172534997574985,0.02,0.4902029177173972,5.486160982400179,0.1977570354938507,0.08,0.35,0.05,0.45,1.2,26.49665593318641,870413.950807217,870413.956981688
317,eye1,pmrnet,loop,14.425095985643566,0.02,0.30204199720174074,3.159763989970088,0.19681593403220177,0.08,0.35,0.05,0.45,1.2,20.233717906847595,870413.957644341,870413.961303234
318,eye1,pmrnet,loop,12.733978917822242,0.02,0.30323793180286884,3.109663026407361,0.17647002823650837,0.08,0.35,0.05,0.45,1.2,18.47334990426898,870413.964091534,870413.967681098
319,eye1,pmrnet,loop,17.80534500721842,0.02,0.4663310246542096,6.873387028463185,1.3661180855706334,0.08,0.35,0.05,0.45,1.2,28.661181145906447,870413.97211508,870413.980821275
320,eye1,pmrnet,loop,14.841691008768976,0.02,0.32237102277576923,3.567313076928258,0.4595520440489054,0.08,0.35,0.05,0.45,1.2,21.340927152521907,870413.981577075,870413.985926551
321,eye1,pmrnet,loop,13.35616409778595,0.02,0.31357991974800825,3.624557051807642,0.4475800087675452,0.08,0.35,0.05,0.45,1.2,19.891881078109144,870413.988124101,870413.992510065
322,eye1,pmrnet,loop,12.774465954862535,0.02,0.31345896422863007,3.3968599746003747,0.2009739400818944,0.08,0.35,0.05,0.45,1.2,18.835758833773433,870413.99608598,870413.999997514
323,eye1,pmrnet,loop,12.700608931481838,0.02,0.312180956825614,3.3715140307322145,0.2112679649144411,0.08,0.35,0.05,0.45,1.2,18.745571883954106,870414.004098423,870414.007993642
324,eye1,pmrnet,loop,16.99189899954945,0.02,0.5001070676371455,7.509128889068961,0.21125294733792543,0.08,0.35,0.05,0.45,1.2,27.36238790359348,870414.012133052,870414.020353923
325,eye1,pmrnet,loop,13.706546043977141,0.02,0.32422097865492105,3.406435949727893,0.392159097827971,0.08,0.35,0.05,0.45,1.2,19.979362070187925,870414.02101436,870414.02513742
326,eye1,pmrnet,loop,18.68348300922662,0.02,0.46550098340958357,9.231831994839013,0.322312000207603,0.08,0.35,0.05,0.45,1.2,30.853127987682818,870414.028163008,870414.038183124
327,eye1,pmrnet,loop,14.99579194933176,0.02,0.3236520569771528,3.1760960118845105,0.2031449694186449,0.08,0.35,0.05,0.45,1.2,20.848684987612067,870414.038861679,870414.042564788
328,eye1,pmrnet,loop,16.652549034915864,0.02,0.464386073872447,7.458364008925855,0.20235893316566944,0.08,0.35,0.05,0.45,1.2,26.927658050879835,870414.044165103,870414.052290562
329,eye1,pmrnet,loop,12.867399025708437,0.02,0.3064749762415886,3.1542780343443155,0.1972789177671075,0.08,0.35,0.05,0.45,1.2,18.675430954061447,870414.052916122,870414.05657442
330,eye1,pmrnet,loop,12.0014320127666,0.02,0.30823005363345146,3.14635899849236,0.2100620185956359,0.08,0.35,0.05,0.45,1.2,17.816083083488046,870414.060112398,870414.063777282
331,eye1,pmrnet,loop,13.134858920238912,0.02,0.4652049392461777,4.168483079411089,0.2080440754070878,0.08,0.35,0.05,0.45,1.2,20.126591014303266,870414.068137655,870414.07297978
332,eye1,pmrnet,loop,11.880088946782053,0.02,0.32749504316598177,3.160104970447719,0.17718703020364046,0.08,0.35,0.05,0.45,1.2,17.694875990599392,870414.076129188,870414.07979423
333,eye1,pmrnet,loop,11.77067100070417,0.02,0.30337192583829165,3.1617910135537386,0.2090840134769678,0.08,0.35,0.05,0.45,1.2,17.594917953573166,870414.084079108,870414.087753585
334,eye1,pmrnet,loop,12.026189011521637,0.02,0.31235197093337774,3.468245966359973,0.20082807168364525,0.08,0.35,0.05,0.45,1.2,18.157615020498632,870414.092096582,870414.096078261
335,eye1,pmrnet,loop,11.673398083075881,0.02,0.319252023473382,3.177508944645524,0.19593490287661552,0.08,0.35,0.05,0.45,1.2,17.5160939540714,870414.100101585,870414.103794494
336,eye1,pmrnet,loop,11.600537924095988,0.02,0.3358329413458705,3.142270026728511,0.17676502466201782,0.08,0.35,0.05,0.45,1.2,17.405405916832386,870414.108135493,870414.111790574
337,eye1,pmrnet,loop,12.755256961099803,0.02,0.48691697884351015,4.182297037914395,0.20305602811276913,0.08,0.35,0.05,0.45,1.2,19.777527005970477,870414.116141611,870414.121014307
338,eye1,pmrnet,loop,11.412305990234017,0.02,0.30480604618787766,3.141356981359422,0.20102399867027998,0.08,0.35,0.05,0.45,1.2,17.209493016451596,870414.124092933,870414.127740388
339,eye1,pmrnet,loop,11.410845094360411,0.02,0.31003495678305626,3.175119054503739,0.19809394143521786,0.08,0.35,0.05,0.45,1.2,17.244093047082423,870414.132124416,870414.135807917
340,eye1,pmrnet,loop,11.351638939231634,0.02,0.313948024995625,3.1926550436764956,0.19967695698142052,0.08,0.35,0.05,0.45,1.2,17.207918964885174,870414.140111149,870414.143817675
341,eye1,pmrnet,loop,15.380667988210917,0.02,0.34778600092977285,3.183400956913829,0.21491805091500282,0.08,0.35,0.05,0.45,1.2,21.27677299696952,870414.152169123,870414.155915488
342,eye1,pmrnet,loop,21.342425956390798,0.02,0.39281498175114393,8.190916036255658,0.21676602773368359,0.08,0.35,0.05,0.45,1.2,32.29292300213128,870414.161145604,870414.169946488
343,eye1,pmrnet,loop,23.668659036047757,0.02,0.3285800339654088,9.166343021206558,0.22379797883331776,0.08,0.35,0.05,0.45,1.2,35.53738007005304,870414.170622609,870414.180341564
344,eye1,pmrnet,loop,22.790921037085354,0.02,0.5035110516473651,5.196594982407987,0.20307593513280153,0.08,0.35,0.05,0.45,1.2,30.844103006273507,870414.181629404,870414.18753296
345,eye1,pmrnet,loop,19.000875996425748,0.02,0.30373292975127697,3.143661073409021,0.19877904560416937,0.08,0.35,0.05,0.45,1.2,24.797049045190214,870414.188165561,870414.191811976
346,eye1,pmrnet,loop,15.21405903622508,0.02,0.2963719889521599,3.146874951198697,0.1990419114008546,0.08,0.35,0.05,0.45,1.2,21.00634788777679,870414.192451581,870414.196094111
347,eye1,pmrnet,loop,14.826314989477396,0.02,0.30326598789542913,3.1732270726934075,0.19931502174586058,0.08,0.35,0.05,0.45,1.2,20.652123071812092,870414.200099364,870414.203775429
348,eye1,pmrnet,loop,15.555886086076498,0.02,0.48327294643968344,3.725040005519986,0.21552701946347952,0.08,0.35,0.05,0.45,1.2,22.129726057499646,870414.208149482,870414.212573654
349,eye1,pmrnet,loop,14.830356929451227,0.02,0.3069569356739521,3.2754979329183698,0.21298404317349195,0.08,0.35,0.05,0.45,1.2,20.77579584121704,870414.216121487,870414.219917202
350,eye1,pmrnet,loop,14.970607007853687,0.02,0.3682860406115651,3.35868401452899,0.23496802896261215,0.08,0.35,0.05,0.45,1.2,21.082545091956852,870414.224164159,870414.228126419
351,eye1,pmrnet,loop,20.070099039003253,0.02,0.6861509755253792,6.7549130180850625,0.4966440610587597,0.08,0.35,0.05,0.45,1.2,30.157807093672453,870414.23335419,870414.241292521
352,eye1,pmrnet,loop,25.27500200085342,0.02,0.6138320313766599,10.438836994580925,0.64389209728688,0.08,0.35,0.05,0.45,1.2,39.12156312409788,870414.242868977,870414.254566358
354,eye1,pmrnet,loop,24.537986959330738,0.02,0.5155140534043312,10.54276607464999,0.509744044393301,0.08,0.35,0.05,0.45,1.2,38.25601113177836,870414.258398649,870414.269967135
355,eye1,pmrnet,loop,29.111637035384774,0.02,0.6026349728927016,9.994805906899273,0.4444499500095844,0.08,0.35,0.05,0.45,1.2,42.30352786518633,870414.271567601,870414.282610097
357,eye1,pmrnet,loop,25.06842208094895,0.02,0.5892860936000943,7.501533953472972,1.452284981496632,0.08,0.35,0.05,0.45,1.2,36.761527109518646,870414.28516286,870414.294706509
358,eye1,pmrnet,loop,23.996484000235796,0.02,0.41214702650904655,4.16609994135797,1.419764943420887,0.08,0.35,0.05,0.45,1.2,32.1444959115237,870414.295705209,870414.301703522
359,eye1,pmrnet,loop,25.29837901238352,0.02,0.665545929223299,6.831236998550594,0.2453019842505455,0.08,0.35,0.05,0.45,1.2,35.19046392440796,870414.30333244,870414.31107494
361,eye1,pmrnet,loop,14.158991049043834,0.02,0.33930898644030094,3.2775450963526964,0.2163879107683897,0.08,0.35,0.05,0.45,1.2,20.14223304260522,870414.312240458,870414.316073929
362,eye1,pmrnet,loop,14.108373899944127,0.02,0.318238977342844,3.2263260800391436,0.42649905662983656,0.08,0.35,0.05,0.45,1.2,20.22943801395595,870414.320121129,870414.324092434
363,eye1,pmrnet,loop,14.227433945052326,0.02,0.3275600029155612,3.2672539819031954,0.5520329577848315,0.08,0.35,0.05,0.45,1.2,20.524280887655912,870414.328133441,870414.332280505
364,eye1,pmrnet,loop,13.759003952145576,0.02,0.31306000892072916,3.2299960730597377,0.21114805713295937,0.08,0.35,0.05,0.45,1.2,19.663208091259,870414.336127479,870414.339881913
365,eye1,pmrnet,loop,14.133378048427403,0.02,0.4134990740567446,3.5642239963635802,0.2171369269490242,0.08,0.35,0.05,0.45,1.2,20.47823804579675,870414.344129843,870414.348325038
366,eye1,pmrnet,loop,13.54779303073883,0.02,0.3121600020676851,3.1665079295635223,0.20195194520056248,0.08,0.35,0.05,0.45,1.2,19.3784129075706,870414.352127843,870414.355808751
367,eye1,pmrnet,loop,13.43485398683697,0.02,0.3007780760526657,3.1589079881086946,0.2004830166697502,0.08,0.35,0.05,0.45,1.2,19.24502306766808,870414.360104374,870414.363764817
368,eye1,pmrnet,loop,13.362696976400912,0.02,0.3013209206983447,3.1385490437969565,0.20136707462370396,0.08,0.35,0.05,0.45,1.2,19.153934015519916,870414.368120221,870414.371761754
369,eye1,pmrnet,loop,14.177636941894889,0.02,0.4587129224091768,3.7732160417363048,0.21685101091861725,0.08,0.35,0.05,0.45,1.2,20.776416916958986,870414.376196252,870414.380645421
370,eye1,pmrnet,loop,13.703264063224196,0.02,0.30404701828956604,3.3120220759883523,0.4939449718222022,0.08,0.35,0.05,0.45,1.2,19.963278129324316,870414.384130067,870414.388240339
371,eye1,pmrnet,loop,13.220064109191298,0.02,0.3056329442188144,3.2081560930237174,0.20002503879368305,0.08,0.35,0.05,0.45,1.2,19.083878185227512,870414.392112041,870414.395826134
372,eye1,pmrnet,loop,16.486726934090257,0.02,0.45974506065249443,6.337439059279859,0.21083897445350885,0.08,0.35,0.05,0.45,1.2,25.644750028476118,870414.400153351,870414.407161767
373,eye1,pmrnet,loop,13.119912007823586,0.02,0.3075930289924145,3.2479920191690326,0.19966298714280128,0.08,0.35,0.05,0.45,1.2,19.025160043127833,870414.408108468,870414.411863978
374,eye1,pmrnet,loop,13.291095034219325,0.02,0.30182593036442995,3.30443202983588,0.36580790765583515,0.08,0.35,0.05,0.45,1.2,19.413160902075468,870414.416131808,870414.420104133
375,eye1,pmrnet,loop,13.146077049896121,0.02,0.3272000467404723,3.1877909786999226,0.20433892495930195,0.08,0.35,0.05,0.45,1.2,19.015407000295816,870414.424308415,870414.428028035
376,eye1,pmrnet,loop,12.80589692760259,0.02,0.3003479214385152,3.1535980524495244,0.19729696214199066,0.08,0.35,0.05,0.45,1.2,18.607139863632618,870414.432105408,870414.435756902
377,eye1,pmrnet,loop,13.602754916064441,0.02,0.37423300091177225,3.4990099957212806,0.5975030362606049,0.08,0.35,0.05,0.45,1.2,20.223500948958097,870414.440150668,870414.444621664
378,eye1,pmrnet,loop,20.119562977924943,0.02,0.6709970766678452,9.942330070771277,0.42054697405546904,0.08,0.35,0.05,0.45,1.2,33.30343709941954,870414.448173199,870414.459207626
379,eye1,pmrnet,loop,23.416829062625766,0.02,0.502933980897069,9.258338948711753,0.30794902704656124,0.08,0.35,0.05,0.45,1.2,35.63605101928115,870414.460504806,870414.470574595
380,eye1,pmrnet,loop,20.623880089260638,0.02,0.3564519574865699,3.3223460195586085,0.21302304230630398,0.08,0.35,0.05,0.45,1.2,26.66570110861212,870414.471958717,870414.475850782
381,eye1,pmrnet,loop,17.015903955325484,0.02,0.31929800752550364,3.1982799991965294,0.20514102652668953,0.08,0.35,0.05,0.45,1.2,22.888622988574205,870414.476588986,870414.480311954
382,eye1,pmrnet,loop,13.296077027916908,0.02,0.3153339494019747,3.2042840030044317,0.1816869480535388,0.08,0.35,0.05,0.45,1.2,19.147381928376852,870414.480959547,870414.484661132
383,eye1,pmrnet,loop,12.440467020496726,0.02,0.32547488808631897,3.210364026017487,0.2094210358336568,0.08,0.35,0.05,0.45,1.2,18.335726970434187,870414.488128943,870414.491874462
384,eye1,pmrnet,loop,18.278861069120467,0.02,0.4922420484945178,8.864639909006655,0.23055600468069315,0.08,0.35,0.05,0.45,1.2,30.01629903130233,870414.496193705,870414.505781568
385,eye1,pmrnet,loop,15.356449992395937,0.02,0.26837398763746023,3.2688709907233715,0.20822393707931042,0.08,0.35,0.05,0.45,1.2,21.251918907836078,870414.507182568,870414.510928276
386,eye1,pmrnet,loop,12.364007998257875,0.02,0.32019405625760555,3.3297360641881824,0.21209404803812504,0.08,0.35,0.05,0.45,1.2,18.376032166741787,870414.512142598,870414.516004808
387,eye1,pmrnet,loop,12.199201970361173,0.02,0.3246550913900137,3.2471090089529753,0.2176279667764902,0.08,0.35,0.05,0.45,1.2,18.13859403748065,870414.520119532,870414.523909149
388,eye1,pmrnet,loop,14.177237055264413,0.02,0.42779394425451756,5.075728986412287,0.29095401987433434,0.08,0.35,0.05,0.45,1.2,22.12171400580555,870414.528161001,870414.533955854
389,eye1,pmrnet,loop,19.62198200635612,0.02,0.6750180618837476,10.125112952664495,0.4675140371546149,0.08,0.35,0.05,0.45,1.2,33.039627058058976,870414.536199095,870414.547467365
390,eye1,pmrnet,loop,24.271845002658665,0.02,0.5846510175615549,10.095431003719568,0.4567890428006649,0.08,0.35,0.05,0.45,1.2,37.55871606674045,870414.549049309,870414.560186755
392,eye1,pmrnet,loop,18.661141977645457,0.02,0.5845170235261321,7.370685925707221,0.23886107373982668,0.08,0.35,0.05,0.45,1.2,29.005206000618635,870414.562521449,870414.570715978
393,eye1,pmrnet,loop,15.279039042070508,0.02,0.33993192482739687,3.3602750627323985,0.2065780572593212,0.08,0.35,0.05,0.45,1.2,21.335824086889623,870414.57149593,870414.575402945
394,eye1,pmrnet,loop,11.987563921138644,0.02,0.40733697824180126,3.3719060011208057,0.23971707560122013,0.08,0.35,0.05,0.45,1.2,18.15652397610247,870414.576161055,870414.580180324
395,eye1,pmrnet,loop,12.366589973680675,0.02,0.4091999726369977,3.6627419758588076,0.39337598718702793,0.08,0.35,0.05,0.45,1.2,18.981907909363507,870414.584162682,870414.588628305
396,eye1,pmrnet,loop,11.883429950103164,0.02,0.4103600513190031,3.4355369862169027,0.23561902344226837,0.08,0.35,0.05,0.45,1.2,18.114946011081337,870414.592132442,870414.596214216
397,eye1,pmrnet,loop,11.802999069914222,0.02,0.36892201751470566,3.3649220131337643,0.3523770719766617,0.08,0.35,0.05,0.45,1.2,18.039220172539352,870414.600116471,870414.604202933
398,eye1,pmrnet,loop,15.693859080784023,0.02,0.4180680261924863,3.357545007020235,0.19484502263367176,0.08,0.35,0.05,0.45,1.2,21.814317136630414,870414.612192014,870414.616162739
399,eye1,pmrnet,loop,15.460470924153924,0.02,0.3359760157763958,3.3388190204277635,0.19056489691138268,0.08,0.35,0.05,0.45,1.2,21.475830857269465,870414.620132826,870414.623998427
400,eye1,pmrnet,loop,18.225918989628553,0.02,0.4559160443022847,5.82193594891578,0.38996501825749874,0.08,0.35,0.05,0.45,1.2,27.043736001104115,870414.628164081,870414.634832247
401,eye1,pmrnet,loop,15.294003998860717,0.02,0.39860804099589586,3.2477419590577483,0.18777395598590374,0.08,0.35,0.05,0.45,1.2,21.278127954900263,870414.63613542,870414.63996988
402,eye1,pmrnet,loop,15.227393014356494,0.02,0.327578978613019,3.2684060279279947,0.20041002426296473,0.08,0.35,0.05,0.45,1.2,21.17378804516047,870414.644175778,870414.647972412
403,eye1,pmrnet,loop,15.326724969781935,0.02,0.3715950297191739,3.381062997505069,0.2390439622104168,0.08,0.35,0.05,0.45,1.2,21.468426959216593,870414.652148606,870414.656140583
404,eye1,pmrnet,loop,15.092381974682212,0.02,0.34262798726558685,3.2868069829419255,0.20859693177044392,0.08,0.35,0.05,0.45,1.2,21.080413876660167,870414.660138108,870414.663976337
405,eye1,pmrnet,loop,14.910602010786533,0.02,0.3234070027247071,3.2264699693769217,0.20475301425904036,0.08,0.35,0.05,0.45,1.2,20.8152319971472,870414.668108731,870414.67186362
406,eye1,pmrnet,loop,14.89826396573335,0.02,0.33226702362298965,3.2644669990986586,0.1864369260147214,0.08,0.35,0.05,0.45,1.2,20.831434914469718,870414.676136807,870414.679920255
407,eye1,pmrnet,loop,15.066782012581825,0.02,0.327726942487061,3.3155300188809633,0.40482310578227043,0.08,0.35,0.05,0.45,1.2,21.26486207973212,870414.684109375,870414.688157745
408,eye1,pmrnet,loop,14.998214901424944,0.02,0.3277509240433574,3.4758870024234056,0.2160260919481516,0.08,0.35,0.05,0.45,1.2,21.167878919839858,870414.692138097,870414.696157966
409,eye1,pmrnet,loop,14.927003998309374,0.02,0.32699492294341326,3.3535020193085074,0.34502195194363594,0.08,0.35,0.05,0.45,1.2,21.10252289250493,870414.700130018,870414.70415586
410,eye1,pmrnet,loop,14.58585704676807,0.02,0.32064795959740877,3.2104450510814786,0.21704798564314842,0.08,0.35,0.05,0.45,1.2,20.483998043090104,870414.708135169,870414.711883558
411,eye1,pmrnet,loop,14.506280072964728,0.02,0.31786004547029734,3.2173088984563947,0.20470505114644766,0.08,0.35,0.05,0.45,1.2,20.396154068037866,870414.716133195,870414.719873316
412,eye1,pmrnet,loop,14.92251199670136,0.02,0.4051459254696965,3.5558120580390096,0.22933504078537226,0.08,0.35,0.05,0.45,1.2,21.262805020995437,870414.724167152,870414.728357772
413,eye1,pmrnet,loop,14.814296970143914,0.02,0.37076009903103113,3.491381066851318,0.2900440013036132,0.08,0.35,0.05,0.45,1.2,21.116482137329875,870414.732165443,870414.736317961
414,eye1,pmrnet,loop,15.451460028998554,0.02,0.4980560624971986,4.1139289969578385,0.2345460234209895,0.08,0.35,0.05,0.45,1.2,22.44799111187458,870414.740177992,870414.745024997
415,eye1,pmrnet,loop,14.664298039861023,0.02,0.39390905294567347,3.5039240028709173,0.2333919983357191,0.08,0.35,0.05,0.45,1.2,20.945523094013332,870414.748175603,870414.752307089
416,eye1,pmrnet,loop,14.313340070657432,0.02,0.36927289329469204,3.31970292609185,0.2004830166697502,0.08,0.35,0.05,0.45,1.2,20.352798906713723,870414.756135356,870414.760025064
417,eye1,pmrnet,loop,14.170690905302763,0.02,0.3428240306675434,3.2565610017627478,0.2082959981635213,0.08,0.35,0.05,0.45,1.2,20.128371935896574,870414.764143727,870414.767951653
418,eye1,pmrnet,loop,14.12321103271097,0.02,0.33973902463912964,3.272386034950614,0.2058419631794095,0.08,0.35,0.05,0.45,1.2,20.09117805548012,870414.77215484,870414.775973069
419,eye1,pmrnet,loop,13.995839981362224,0.02,0.3155319718644023,3.277682000771165,0.18155004363507032,0.08,0.35,0.05,0.45,1.2,19.92060399763286,870414.780139837,870414.783914865
420,eye1,pmrnet,loop,13.905912055633962,0.02,0.3123149508610368,3.2501259120181203,0.18101104069501162,0.08,0.35,0.05,0.45,1.2,19.79936395920813,870414.788150313,870414.791894025
421,eye1,pmrnet,loop,13.83739395532757,0.02,0.31244405545294285,3.2623079605400562,0.18251000437885523,0.08,0.35,0.05,0.45,1.2,19.744655975699423,870414.796136911,870414.799894416
422,eye1,pmrnet,loop,13.742221985012293,0.02,0.3121050540357828,3.200571984052658,0.2049879403784871,0.08,0.35,0.05,0.45,1.2,19.60988696347922,870414.804150399,870414.807868302
423,eye1,pmrnet,loop,13.618791941553354,0.02,0.3080790629610419,3.164627938531339,0.20131596829742193,0.08,0.35,0.05,0.45,1.2,19.442814911343156,870414.812139537,870414.815813776
424,eye1,pmrnet,loop,13.547264970839024,0.02,0.3117379965260625,3.1632939353585243,0.18072000239044428,0.08,0.35,0.05,0.45,1.2,19.353016905114053,870414.820155357,870414.823811357
425,eye1,pmrnet,loop,13.452816056087613,0.02,0.3066320205107331,3.157242084853351,0.17772300634533167,0.08,0.35,0.05,0.45,1.2,19.244413167797028,870414.828144014,870414.831785853
426,eye1,pmrnet,loop,13.361494988203049,0.02,0.3089969977736473,3.152953926473856,0.18192105926573277,0.08,0.35,0.05,0.45,1.2,19.155366971716283,870414.836119533,870414.839763605
427,eye1,pmrnet,loop,13.388884020969272,0.02,0.3402220318093896,3.1821350567042828,0.21376705262809992,0.08,0.35,0.05,0.45,1.2,19.275008162111043,870414.844123492,870414.847859859
428,eye1,pmrnet,loop,13.266333029605448,0.02,0.309809111058712,3.1551370630040765,0.20319095347076654,0.08,0.35,0.05,0.45,1.2,19.084470157139002,870414.852137917,870414.855806318
429,eye1,pmrnet,loop,13.21152609307319,0.02,0.30648906249552965,3.19026003126055,0.19981805235147476,0.08,0.35,0.05,0.45,1.2,19.058093239180742,870414.860123735,870414.863820574
430,eye1,pmrnet,loop,13.143693911843002,0.02,0.3287680447101593,3.1582070514559746,0.214860076084733,0.08,0.35,0.05,0.45,1.2,18.995529084093867,870414.868119422,870414.871821542
431,eye1,pmrnet,loop,13.063088990747929,0.02,0.31276699155569077,3.1707349698990583,0.1998860388994217,0.08,0.35,0.05,0.45,1.2,18.896476991102098,870414.87612648,870414.879810155
432,eye1,pmrnet,loop,13.085628976114094,0.02,0.31094695441424847,3.2619190169498324,0.20064401905983686,0.08,0.35,0.05,0.45,1.2,19.00913896653801,870414.884127965,870414.887901705
433,eye1,pmrnet,loop,13.343253056518734,0.02,0.2628860529512167,3.2040280057117343,0.1851390115916729,0.08,0.35,0.05,0.45,1.2,19.145306126773356,870414.892576076,870414.896228338
434,eye1,pmrnet,loop,13.373860041610897,0.02,0.3120700130239129,3.452928038313985,0.41712401434779167,0.08,0.35,0.05,0.45,1.2,19.705982107296585,870414.900145609,870414.904327978
435,eye1,pmrnet,loop,12.805614969693124,0.02,0.3119109896942973,3.207026980817318,0.18059799913316965,0.08,0.35,0.05,0.45,1.2,18.655150939337908,870414.908128879,870414.911828666
436,eye1,pmrnet,loop,13.042900012806058,0.02,0.31147501431405544,3.3249909756705165,0.35331002436578274,0.08,0.35,0.05,0.45,1.2,19.18267602715641,870414.916144935,870414.920134976
437,eye1,pmrnet,loop,12.706369976513088,0.02,0.3197470214217901,3.2072890317067504,0.18042896408587694,0.08,0.35,0.05,0.45,1.2,18.563834993727504,870414.924159715,870414.927867495
438,eye1,pmrnet,loop,12.675418052822351,0.02,0.3135009901598096,3.2147159799933434,0.1775519922375679,0.08,0.35,0.05,0.45,1.2,18.53118701521307,870414.932199474,870414.935905556
439,eye1,pmrnet,loop,13.754016952589154,0.02,0.317523954436183,4.353953991085291,0.19532896112650633,0.08,0.35,0.05,0.45,1.2,20.770823859237133,870414.940185724,870414.945052817
440,eye1,pmrnet,loop,18.82419199682772,0.02,0.4513859748840332,9.183682966977358,0.3640800714492798,0.08,0.35,0.05,0.45,1.2,30.97334101013839,870414.948192548,870414.958192163
441,eye1,pmrnet,loop,17.37173495348543,0.02,1.891308929771185,3.1739589758217335,0.18014595843851566,0.08,0.35,0.05,0.45,1.2,24.767148817516862,870414.959563251,870414.96480889
442,eye1,pmrnet,loop,13.583300984464586,0.02,0.30177889857441187,3.166471025906503,0.18899806309491396,0.08,0.35,0.05,0.45,1.2,19.390548972040413,870414.965431698,870414.969089222
443,eye1,pmrnet,loop,12.219829019159079,0.02,0.3016199916601181,3.175422898493707,0.1807080116122961,0.08,0.35,0.05,0.45,1.2,18.0275799209252,870414.972137884,870414.975795913
444,eye1,pmrnet,loop,12.15519499965012,0.02,0.3052930114790797,3.1666619470342994,0.17765106167644262,0.08,0.35,0.05,0.45,1.2,17.95480101983994,870414.98015048,870414.983800305
445,eye1,pmrnet,loop,12.88123894482851,0.02,0.46055205166339874,3.787955967709422,0.18240290228277445,0.08,0.35,0.05,0.45,1.2,19.462149866484104,870414.988163863,870414.99259519
446,eye1,pmrnet,loop,12.025863048620522,0.02,0.3246330888941884,3.1636999920010567,0.1770199742168188,0.08,0.35,0.05,0.45,1.2,17.841216103732584,870414.996143342,870414.999808943
447,eye1,pmrnet,loop,11.984948068857193,0.02,0.3282231045886874,3.1617130152881145,0.18471700605005026,0.08,0.35,0.05,0.45,1.2,17.809601194784044,870415.004162037,870415.007836903
448,eye1,pmrnet,loop,11.863425024785101,0.02,0.31156803015619516,3.157477010972798,0.17848704010248184,0.08,0.35,0.05,0.45,1.2,17.660957106016575,870415.012136563,870415.015784363
449,eye1,pmrnet,loop,11.923037935048342,0.02,0.3280729288235307,3.169853938743472,0.18612295389175415,0.08,0.35,0.05,0.45,1.2,17.757087756507097,870415.020228638,870415.023912955
450,eye1,pmrnet,loop,12.20003399066627,0.02,0.3141420893371105,3.2436229521408677,0.5461180116981268,0.08,0.35,0.05,0.45,1.2,18.453917043842374,870415.028154915,870415.032259112
451,eye1,pmrnet,loop,11.778417974710464,0.02,0.30764692928642035,3.286469029262662,0.17887400463223457,0.08,0.35,0.05,0.45,1.2,17.70140793789178,870415.036133251,870415.039906545
452,eye1,pmrnet,loop,11.599424062296748,0.02,0.31137396581470966,3.1763840233907104,0.17821299843490124,0.08,0.35,0.05,0.45,1.2,17.415395049937068,870415.044130199,870415.047796439
453,eye1,pmrnet,loop,11.5545749431476,0.02,0.3058210713788867,3.190552000887692,0.17713697161525488,0.08,0.35,0.05,0.45,1.2,17.378084987029432,870415.052146901,870415.055820701
454,eye1,pmrnet,loop,11.515841935761273,0.02,0.3085560165345669,3.22994205635041,0.17543998546898365,0.08,0.35,0.05,0.45,1.2,17.379779994115232,870415.060136752,870415.063850937
455,eye1,pmrnet,loop,11.403201962821186,0.02,0.3126850351691246,3.184912959113717,0.1781329046934843,0.08,0.35,0.05,0.45,1.2,17.22893286179751,870415.068131246,870415.071807219
456,eye1,pmrnet,loop,15.440772054716945,0.02,0.3465448971837759,3.214034950360656,0.17962104175239801,0.08,0.35,0.05,0.45,1.2,21.330972944013773,870415.080173414,870415.083913913
457,eye1,pmrnet,loop,16.15663303527981,0.02,0.31353707890957594,3.916937974281609,0.31684397254139185,0.08,0.35,0.05,0.45,1.2,22.853952061012386,870415.088150408,870415.092698072
458,eye1,pmrnet,loop,15.661865007132292,0.02,0.44553494080901146,3.4802950685843825,0.17938599921762943,0.08,0.35,0.05,0.45,1.2,21.917081015743314,870415.096167295,870415.10027291
459,eye1,pmrnet,loop,15.220799017697573,0.02,0.30682096257805824,3.293944988399744,0.17870694864541292,0.08,0.35,0.05,0.45,1.2,21.150271917320786,870415.104121187,870415.10790091
460,eye1,pmrnet,loop,15.209418023005128,0.02,0.3136759623885155,3.294068039394915,0.20905095152556896,0.08,0.35,0.05,0.45,1.2,21.176212976314126,870415.112141348,870415.115958391
461,eye1,pmrnet,loop,15.201264061033726,0.02,0.3046320052817464,3.408728982321918,0.18126401118934155,0.08,0.35,0.05,0.45,1.2,21.24588905982673,870415.120124393,870415.124019261
462,eye1,pmrnet,loop,15.127769904211164,0.02,0.32320606987923384,3.165228059515357,0.37042004987597466,0.08,0.35,0.05,0.45,1.2,21.136624083481728,870415.128155637,870415.132014708
463,eye1,pmrnet,loop,14.824562007561326,0.02,0.31006999779492617,3.148854011669755,0.17842301167547703,0.08,0.35,0.05,0.45,1.2,20.611909028701483,870415.136143028,870415.139780632
464,eye1,pmrnet,loop,14.79508203919977,0.02,0.31325698364526033,3.152076038531959,0.17516198568046093,0.08,0.35,0.05,0.45,1.2,20.58557704705745,870415.144179433,870415.147820156
465,eye1,pmrnet,loop,14.699061051942408,0.02,0.30589301604777575,3.147650044411421,0.18508592620491982,0.08,0.35,0.05,0.45,1.2,20.487690038606523,870415.15215413,870415.155793004
466,eye1,pmrnet,loop,14.615301042795181,0.02,0.31185196712613106,3.1439560698345304,0.17500203102827072,0.08,0.35,0.05,0.45,1.2,20.396111110784112,870415.16014717,870415.16377825
467,eye1,pmrnet,loop,14.547067927196622,0.02,0.306991976685822,3.1447940273210406,0.17997401300817728,0.08,0.35,0.05,0.45,1.2,20.32882794421166,870415.168147088,870415.171779096
468,eye1,pmrnet,loop,14.514519949443638,0.02,0.32171502243727446,3.155660000629723,0.17797201871871948,0.08,0.35,0.05,0.45,1.2,20.319866991229354,870415.176160029,870415.179815624
469,eye1,pmrnet,loop,15.041748061776161,0.02,0.3093499690294266,3.7647910648956895,0.18168601673096418,0.08,0.35,0.05,0.45,1.2,21.44757511243224,870415.184155665,870415.188411757
470,eye1,pmrnet,loop,14.37153306324035,0.02,0.3119830507785082,3.170424955897033,0.18427101895213127,0.08,0.35,0.05,0.45,1.2,20.18821208886802,870415.192143445,870415.195810425
471,eye1,pmrnet,loop,14.64779395610094,0.02,0.3013140521943569,3.2909830333665013,0.4034709418192506,0.08,0.35,0.05,0.45,1.2,20.793561983481048,870415.200159839,870415.204155881
472,eye1,pmrnet,loop,20.095727988518775,0.02,0.4671940114349127,8.825629018247128,0.18316099885851145,0.08,0.35,0.05,0.45,1.2,31.721712017059325,870415.208196376,870415.21767275
473,eye1,pmrnet,loop,16.401558998040855,0.02,0.3183590015396476,3.189441980794072,0.19242404960095882,0.08,0.35,0.05,0.45,1.2,22.251784029975532,870415.218346837,870415.222047309
474,eye1,pmrnet,loop,14.461103011853993,0.02,0.3121810732409358,3.4747730242088437,0.2195819979533553,0.08,0.35,0.05,0.45,1.2,20.617639107257126,870415.224169198,870415.228175991
475,eye1,pmrnet,loop,14.019175083376467,0.02,0.3113130806013942,3.1502069905400276,0.1835731090977788,0.08,0.35,0.05,0.45,1.2,19.814268263615666,870415.232157753,870415.235803088
476,eye1,pmrnet,loop,13.955277972854674,0.02,0.3033860120922327,3.1548619735985994,0.17768796533346176,0.08,0.35,0.05,0.45,1.2,19.741213923878966,870415.240172225,870415.243808404
477,eye1,pmrnet,loop,13.961744960397482,0.02,0.3082259790971875,3.2028950517997146,0.2137530827894807,0.08,0.35,0.05,0.45,1.2,19.836619074083863,870415.248158402,870415.251883525
478,eye1,pmrnet,loop,14.100152999162674,0.02,0.3048429498448968,3.4104679943993688,0.20172493532299995,0.08,0.35,0.05,0.45,1.2,20.167188878729938,870415.256173938,870415.260091241
479,eye1,pmrnet,loop,13.75172904226929,0.02,0.3069789381697774,3.1661500688642263,0.18536299467086792,0.08,0.35,0.05,0.45,1.2,19.56022104397416,870415.264153024,870415.267811754
480,eye1,pmrnet,loop,13.893647934310138,0.02,0.3612589789554477,3.306568949483335,0.19555003382265568,0.08,0.35,0.05,0.45,1.2,19.907025896571575,870415.272158799,870415.276022468
481,eye1,pmrnet,loop,13.60958896111697,0.02,0.314361066557467,3.1535830348730087,0.2049299655482173,0.08,0.35,0.05,0.45,1.2,19.43246302809566,870415.280134599,870415.283807733
482,eye1,pmrnet,loop,13.593686977401376,0.02,0.31352194491773844,3.1645200215280056,0.22057199385017157,0.08,0.35,0.05,0.45,1.2,19.44230093769729,870415.288161474,870415.291860324
483,eye1,pmrnet,loop,14.808709966018796,0.02,0.4754990804940462,4.250522935763001,0.2128260675817728,0.08,0.35,0.05,0.45,1.2,21.897558049857615,870415.296206045,870415.301145268
484,eye1,pmrnet,loop,14.006662066094577,0.02,0.4942989908158779,3.5500519443303347,0.21536392159759998,0.08,0.35,0.05,0.45,1.2,20.41637692283839,870415.304152648,870415.3084127
485,eye1,pmrnet,loop,13.733103987760842,0.02,0.25241205003112555,3.1816839473322034,0.18265703693032265,0.08,0.35,0.05,0.45,1.2,19.499857022054492,870415.312591105,870415.316208068
486,eye1,pmrnet,loop,13.326194952242076,0.02,0.32051000744104385,3.1861229799687862,0.20596105605363846,0.08,0.35,0.05,0.45,1.2,19.188788995705544,870415.320157369,870415.323870201
487,eye1,pmrnet,loop,13.399234041571617,0.02,0.3114999271929264,3.1614480540156364,0.3738959785550833,0.08,0.35,0.05,0.45,1.2,19.396078001335262,870415.328165158,870415.332012265
488,eye1,pmrnet,loop,13.123006094247103,0.02,0.30785705894231796,3.1579899368807673,0.18970808014273643,0.08,0.35,0.05,0.45,1.2,18.928561170212923,870415.336149051,870415.339804847
489,eye1,pmrnet,loop,13.135712943039834,0.02,0.3125600051134825,3.2031789887696505,0.20516104996204376,0.08,0.35,0.05,0.45,1.2,19.00661298688501,870415.344165493,870415.347886682
490,eye1,pmrnet,loop,13.204328948631883,0.02,0.31473999843001366,3.3351220190525055,0.2151319058611989,0.08,0.35,0.05,0.45,1.2,19.2193228719756,870415.352158953,870415.356024209
491,eye1,pmrnet,loop,12.953817029483616,0.02,0.3088080557063222,3.181652049534023,0.1825419021770358,0.08,0.35,0.05,0.45,1.2,18.776819036900996,870415.360169697,870415.36384294
492,eye1,pmrnet,loop,12.948150048032403,0.02,0.31373801175504923,3.1940259505063295,0.21975603885948658,0.08,0.35,0.05,0.45,1.2,18.825670049153267,870415.368178174,870415.371905938
493,eye1,pmrnet,loop,13.540429063141346,0.02,0.35897805355489254,3.8286589551717043,0.20461506210267544,0.08,0.35,0.05,0.45,1.2,20.082681133970617,870415.376174817,870415.38056739
494,eye1,pmrnet,loop,15.818655956536531,0.02,0.3109320532530546,6.247514975257218,0.1846899976953864,0.08,0.35,0.05,0.45,1.2,24.71179298274219,870415.384171116,870415.390914553
495,eye1,pmrnet,loop,12.645856942981482,0.02,0.3033929970115423,3.1708430033177137,0.2001989632844925,0.08,0.35,0.05,0.45,1.2,18.47029190659523,870415.392136172,870415.395810855
496,eye1,pmrnet,loop,12.854389962740242,0.02,0.3039849689230323,3.309123101644218,0.31564896926283836,0.08,0.35,0.05,0.45,1.2,18.93314700257033,870415.400159518,870415.404088544
497,eye1,pmrnet,loop,12.5385980354622,0.02,0.30723889358341694,3.1668449519202113,0.18740398809313774,0.08,0.35,0.05,0.45,1.2,18.350085869058965,870415.408179822,870415.411841601
498,eye1,pmrnet,loop,12.558153946883976,0.02,0.30040391720831394,3.1324969604611397,0.3173899604007602,0.08,0.35,0.05,0.45,1.2,18.45844478495419,870415.416179717,870415.419930247
499,eye1,pmrnet,loop,12.50955299474299,0.02,0.2996079856529832,3.1788439955562353,0.2039700048044324,0.08,0.35,0.05,0.45,1.2,18.34197498075664,870415.424267982,870415.427950667
500,eye1,pmrnet,loop,12.277679983526468,0.02,0.3026140620931983,3.1603160314261913,0.1781450118869543,0.08,0.35,0.05,0.45,1.2,18.06875508893281,870415.432146342,870415.435787669
501,eye1,pmrnet,loop,12.241521035321057,0.02,0.29960600659251213,3.1588439596816897,0.18591899424791336,0.08,0.35,0.05,0.45,1.2,18.03588999584317,870415.440175723,870415.443820336
502,eye1,pmrnet,loop,12.13712606113404,0.02,0.3067780053243041,3.1417699065059423,0.17672590911388397,0.08,0.35,0.05,0.45,1.2,17.91239988207817,870415.448159687,870415.45178522
503,eye1,pmrnet,loop,12.146406923420727,0.02,0.30892796348780394,3.18827701266855,0.18107995856553316,0.08,0.35,0.05,0.45,1.2,17.974691858142613,870415.456184904,870415.459863447
504,eye1,pmrnet,loop,12.057072017341852,0.02,0.31736702658236027,3.1983740627765656,0.18175703007727861,0.08,0.35,0.05,0.45,1.2,17.904570136778055,870415.464145377,870415.467843147
505,eye1,pmrnet,loop,12.253880966454744,0.02,0.3014449030160904,3.4649439621716738,0.19057397730648518,0.08,0.35,0.05,0.45,1.2,18.360843808948992,870415.472151753,870415.476108943
506,eye1,pmrnet,loop,11.91170106176287,0.02,0.31083798967301846,3.1709360191598535,0.206112046726048,0.08,0.35,0.05,0.45,1.2,17.749587117321788,870415.48014765,870415.483835745
507,eye1,pmrnet,loop,11.855383985675871,0.02,0.30229997355490923,3.174811019562185,0.20237499848008156,0.08,0.35,0.05,0.45,1.2,17.684869977273046,870415.488168671,870415.491848456
508,eye1,pmrnet,loop,11.784162023104727,0.02,0.3023759927600622,3.152949968352914,0.2106649335473776,0.08,0.35,0.05,0.45,1.2,17.60015291776508,870415.496179873,870415.499846095
509,eye1,pmrnet,loop,11.669881991110742,0.02,0.30562200117856264,3.1497719464823604,0.19941001664847136,0.08,0.35,0.05,0.45,1.2,17.474685955420135,870415.504145807,870415.507800837
510,eye1,pmrnet,loop,11.808469076640904,0.02,0.299856998026371,3.363330033607781,0.20253495313227177,0.08,0.35,0.05,0.45,1.2,17.824191061407326,870415.512142482,870415.516008467
511,eye1,pmrnet,loop,11.533378041349351,0.02,0.300557934679091,3.156588994897902,0.1968549331650138,0.08,0.35,0.05,0.45,1.2,17.337379904091357,870415.520148103,870415.523802361
512,eye1,pmrnet,loop,11.495595914311707,0.02,0.30591804534196854,3.159129060804844,0.19579892978072166,0.08,0.35,0.05,0.45,1.2,17.30644195023924,870415.528172491,870415.531833584
513,eye1,pmrnet,loop,11.411385028623044,0.02,0.30243699438869953,3.1544530065730214,0.1876129535958171,0.08,0.35,0.05,0.45,1.2,17.20588798318058,870415.536173507,870415.539818233
514,eye1,pmrnet,loop,15.474017011001706,0.02,0.3161219647154212,3.1973329605534673,0.20214798860251904,0.08,0.35,0.05,0.45,1.2,21.339619924873112,870415.548234211,870415.551950077
515,eye1,pmrnet,loop,15.279332059435546,0.02,0.30733796302229166,3.1632790341973305,0.19975705072283745,0.08,0.35,0.05,0.45,1.2,21.099706107378005,870415.556153708,870415.55982433
516,eye1,pmrnet,loop,15.440207906067371,0.02,0.3179870545864105,3.1863240292295814,0.36096107214689255,0.08,0.35,0.05,0.45,1.2,21.455480062030254,870415.564188553,870415.568054071
517,eye1,pmrnet,loop,15.214464976452291,0.02,0.3109540557488799,3.211654955521226,0.21736498456448317,0.08,0.35,0.05,0.45,1.2,21.10443897228688,870415.572157103,870415.575897307
518,eye1,pmrnet,loop,15.283148968592286,0.02,0.32670702785253525,3.2903060782700777,0.22442603949457407,0.08,0.35,0.05,0.45,1.2,21.27458811420947,870415.580193156,870415.584034851
519,eye1,pmrnet,loop,15.113587025552988,0.02,0.3398340195417404,3.239191952161491,0.18525496125221252,0.08,0.35,0.05,0.45,1.2,21.02786795850843,870415.588170053,870415.591934584
532,eye1,pmrnet,loop,14.138296013697982,0.02,0.3128389362245798,3.1764289597049356,0.18183502834290266,0.08,0.35,0.05,0.45,1.2,19.9593989379704,870415.692185976,870415.695857316
533,eye1,pmrnet,loop,14.325049007311463,0.02,0.3115730360150337,3.2889919821172953,0.35268894862383604,0.08,0.35,0.05,0.45,1.2,20.428302974067627,870415.700159715,870415.704113205
534,eye1,pmrnet,loop,13.956493930891156,0.02,0.30313292518258095,3.172838012687862,0.17713510897010565,0.08,0.35,0.05,0.45,1.2,19.759599977731703,870415.7081602,870415.711813537
535,eye1,pmrnet,loop,14.378935913555324,0.02,0.31072902493178844,3.2552649499848485,0.5797960329800844,0.08,0.35,0.05,0.45,1.2,20.674725921452044,870415.716158809,870415.720304813
537,eye1,pmrnet,loop,20.09180106688291,0.02,0.4578549414873123,9.211888071149588,0.27971493545919657,0.08,0.35,0.05,0.45,1.2,32.191259014979,870415.732205956,870415.742155895
538,eye1,pmrnet,loop,16.348170000128448,0.02,0.32412493601441383,3.181006060913205,0.17574289813637733,0.08,0.35,0.05,0.45,1.2,22.179043895192443,870415.742800188,870415.746481297
539,eye1,pmrnet,loop,13.585550943389535,0.02,0.2990399952977896,3.154193051159382,0.1784029882401228,0.08,0.35,0.05,0.45,1.2,19.367186978086828,870415.748155845,870415.751787699
540,eye1,pmrnet,loop,13.554633012972772,0.02,0.3101769834756851,3.14514699857682,0.18466601613909006,0.08,0.35,0.05,0.45,1.2,19.344623011164366,870415.756185349,870415.759825574
541,eye1,pmrnet,loop,14.06062999740243,0.02,0.3087009536102414,3.6963479360565543,0.2113210503011942,0.08,0.35,0.05,0.45,1.2,20.426999937370418,870415.764184065,870415.768400646
542,eye1,pmrnet,loop,13.87990906368941,0.02,0.24558999575674534,3.267659922130406,0.18316402565687895,0.08,0.35,0.05,0.45,1.2,19.72632300723344,870415.772592277,870415.776288994
543,eye1,pmrnet,loop,13.361747958697379,0.02,0.30429905746132135,3.160815918818116,0.17646001651883125,0.08,0.35,0.05,0.45,1.2,19.153322951495646,870415.780198041,870415.783839887
544,eye1,pmrnet,loop,13.337958022020757,0.02,0.30645309016108513,3.2419050112366676,0.1783709740266204,0.08,0.35,0.05,0.45,1.2,19.21468709744513,870415.788158091,870415.791885076
545,eye1,pmrnet,loop,13.295807992108166,0.02,0.31859998125582933,3.224257961846888,0.1780529273673892,0.08,0.35,0.05,0.45,1.2,19.16671886257827,870415.796190764,870415.799911922
546,eye1,pmrnet,loop,13.234890066087246,0.02,0.314394012093544,3.221249091438949,0.18023396842181683,0.08,0.35,0.05,0.45,1.2,19.100767138041554,870415.804203784,870415.807919921
547,eye1,pmrnet,loop,13.079783995635808,0.02,0.31219294760376215,3.18164995405823,0.17851393204182386,0.08,0.35,0.05,0.45,1.2,18.902140829339622,870415.812161243,870415.815833872
548,eye1,pmrnet,loop,13.051706948317587,0.02,0.305945985019207,3.2060930971056223,0.17964700236916542,0.08,0.35,0.05,0.45,1.2,18.89339303281158,870415.820182831,870415.823874774
549,eye1,pmrnet,loop,13.308065943419933,0.02,0.3034720430150628,3.2267810311168432,0.5098279798403382,0.08,0.35,0.05,0.45,1.2,19.498146997392176,870415.828159824,870415.83220017
550,eye1,pmrnet,loop,12.884950963780284,0.02,0.30545901972800493,3.177928039804101,0.17690309323370457,0.08,0.35,0.05,0.45,1.2,18.695241116546093,870415.83618551,870415.839846031
551,eye1,pmrnet,loop,12.835194007493556,0.02,0.3111680271103978,3.1951350392773747,0.1764930784702301,0.08,0.35,0.05,0.45,1.2,18.667990152351557,870415.844182159,870415.847865191
552,eye1,pmrnet,loop,12.753705959767103,0.02,0.3027190687134862,3.182034008204937,0.18024002201855183,0.08,0.35,0.05,0.45,1.2,18.568699058704077,870415.852187575,870415.855852831
553,eye1,pmrnet,loop,12.73163198493421,0.02,0.3071479732170701,3.2296079443767667,0.17720693722367287,0.08,0.35,0.05,0.45,1.2,18.59559483975172,870415.860185482,870415.863899736
554,eye1,pmrnet,loop,12.598918983712792,0.02,0.30856893863528967,3.1785459723323584,0.17750298138707876,0.08,0.35,0.05,0.45,1.2,18.413536876067518,870415.868171093,870415.87183595
555,eye1,pmrnet,loop,12.558736023493111,0.02,0.31184998806566,3.1809030333533883,0.17582997679710388,0.08,0.35,0.05,0.45,1.2,18.377319021709262,870415.876196022,870415.879864834
556,eye1,pmrnet,loop,12.962118024006486,0.02,0.3130420809611678,3.4514060243964195,0.38442004006356,0.08,0.35,0.05,0.45,1.2,19.260986169427632,870415.884187996,870415.888337114
557,eye1,pmrnet,loop,12.561581912450492,0.02,0.31912699341773987,3.2975859940052032,0.18319697119295597,0.08,0.35,0.05,0.45,1.2,18.51149187106639,870415.892205483,870415.896005632
558,eye1,pmrnet,loop,12.51230703201145,0.02,0.3092570696026087,3.2311499817296863,0.32298604492098093,0.08,0.35,0.05,0.45,1.2,18.525700128264724,870415.900161726,870415.904025406
559,eye1,pmrnet,loop,12.404229026287794,0.02,0.34975504968315363,3.2804859802126884,0.17707899678498507,0.08,0.35,0.05,0.45,1.2,18.36154905296862,870415.908178721,870415.911986299
560,eye1,pmrnet,loop,12.4979040119797,0.02,0.3059870796278119,3.3487359760329127,0.3251460148021579,0.08,0.35,0.05,0.45,1.2,18.62777308244258,870415.916168858,870415.920149009
561,eye1,pmrnet,loop,12.17282295692712,0.02,0.326756970025599,3.1734119402244687,0.18714892212301493,0.08,0.35,0.05,0.45,1.2,18.010140789300202,870415.92420505,870415.92789269
562,eye1,pmrnet,loop,12.054370017722249,0.02,0.3104789648205042,3.159343032166362,0.1761940075084567,0.08,0.35,0.05,0.45,1.2,17.85038602221757,870415.93219715,870415.935843423
563,eye1,pmrnet,loop,11.965382029302418,0.02,0.3052119864150882,3.170112962834537,0.18042302690446377,0.08,0.35,0.05,0.45,1.2,17.771130005456506,870415.940167468,870415.943823479
564,eye1,pmrnet,loop,11.955767986364663,0.02,0.30410406179726124,3.231124021112919,0.178447924554348,0.08,0.35,0.05,0.45,1.2,17.81944399382919,870415.948169865,870415.951883809
565,eye1,pmrnet,loop,11.911489069461823,0.02,0.3070050152018666,3.2481099478900433,0.17818110063672066,0.08,0.35,0.05,0.45,1.2,17.79478513319045,870415.956174924,870415.959908497
566,eye1,pmrnet,loop,11.81853492744267,0.02,0.31321507412940264,3.19249602034688,0.18015096429735422,0.08,0.35,0.05,0.45,1.2,17.654396986216305,870415.96419847,870415.967884597
567,eye1,pmrnet,loop,11.779107968322933,0.02,0.30640303157269955,3.2365520019084215,0.18944498151540756,0.08,0.35,0.05,0.45,1.2,17.66150798331946,870415.972181561,870415.975914226
610,eye1,pmrnet,loop,12.728144065476954,0.02,0.3011190565302968,3.1333049992099404,0.1901669893413782,0.08,0.35,0.05,0.45,1.2,18.502735110558568,870416.320206193,870416.323830997
611,eye1,pmrnet,loop,18.950870959088206,0.02,0.4684249870479107,9.03952307999134,0.3580549964681268,0.08,0.35,0.05,0.45,1.2,30.966874022595583,870416.32825642,870416.338122786
612,eye1,pmrnet,loop,16.24510996043682,0.02,1.1128520127385855,3.1998390331864357,0.18136599101126194,0.08,0.35,0.05,0.45,1.2,22.889166997373103,870416.33899185,870416.343486143
613,eye1,pmrnet,loop,13.152612023986876,0.02,0.31547597609460354,3.17595899105072,0.17925410065799952,0.08,0.35,0.05,0.45,1.2,18.973301091790198,870416.34479175,870416.348462676
614,eye1,pmrnet,loop,12.585783028043807,0.02,0.324634020216763,3.212720970623195,0.22174895275384188,0.08,0.35,0.05,0.45,1.2,18.494886971637605,870416.352205357,870416.355964682
615,eye1,pmrnet,loop,12.453564093448222,0.02,0.3140910994261503,3.181327017955482,0.18121302127838135,0.08,0.35,0.05,0.45,1.2,18.280195232108234,870416.360224807,870416.363901683
616,eye1,pmrnet,loop,12.377138948068023,0.02,0.3080309834331274,3.1870940001681447,0.1821749610826373,0.08,0.35,0.05,0.45,1.2,18.20443889275193,870416.368216447,870416.371894037
617,eye1,pmrnet,loop,12.842530035413802,0.02,0.36875298246741295,3.5693460376933217,0.21003803703933954,0.08,0.35,0.05,0.45,1.2,19.140667092613874,870416.376279953,870416.380428373
618,eye1,pmrnet,loop,12.347957002930343,0.02,0.3057509893551469,3.1561830546706915,0.3365779994055629,0.08,0.35,0.05,0.45,1.2,18.296469046361743,870416.384201043,870416.387999805
619,eye1,pmrnet,loop,18.577203038148582,0.02,0.4725910257548094,9.352489025332034,0.2252659760415554,0.08,0.35,0.05,0.45,1.2,30.77754906527698,870416.392250457,870416.402301208
620,eye1,pmrnet,loop,17.817582935094833,0.02,3.0913669615983963,3.2775590661913157,0.20832405425608158,0.08,0.35,0.05,0.45,1.2,26.544833017140625,870416.403033129,870416.409610659
621,eye1,pmrnet,loop,18.722867011092603,0.02,0.49558200407773256,6.994302966631949,0.1811700640246272,0.08,0.35,0.05,0.45,1.2,28.54392204582691,870416.410913529,870416.418584967
622,eye1,pmrnet,loop,14.916872954927385,0.02,0.31938892789185047,3.1348849879577756,0.18054002430289984,0.08,0.35,0.05,0.45,1.2,20.70168689507991,870416.419212944,870416.422847976
623,eye1,pmrnet,loop,13.267362024635077,0.02,0.3036659909412265,3.191355965100229,1.4089120086282492,0.08,0.35,0.05,0.45,1.2,20.32129598930478,870416.424362162,870416.429266402
624,eye1,pmrnet,loop,12.229073094204068,0.02,0.4093300085514784,3.4521380439400673,0.18969492521137,0.08,0.35,0.05,0.45,1.2,18.430236071906982,870416.432246667,870416.436298074
625,eye1,pmrnet,loop,11.95724995341152,0.02,0.34639600198715925,3.3295509638264775,0.187086989171803,0.08,0.35,0.05,0.45,1.2,17.970283908396958,870416.440232,870416.444095248
626,eye1,pmrnet,loop,11.704199016094208,0.02,0.3135149599984288,3.2063229009509087,0.19131496082991362,0.08,0.35,0.05,0.45,1.2,17.565351837873457,870416.448199473,870416.451910861
627,eye1,pmrnet,loop,11.667983024381101,0.02,0.31313300132751465,3.221775987185538,0.1830320106819272,0.08,0.35,0.05,0.45,1.2,17.53592402357608,870416.456225958,870416.45994411
628,eye1,pmrnet,loop,11.498353094793856,0.02,0.3073420375585556,3.1519149197265506,0.1765440683811903,0.08,0.35,0.05,0.45,1.2,17.28415412046015,870416.464207312,870416.467843355
629,eye1,pmrnet,loop,11.461927904747427,0.02,0.30671595595777035,3.1490579713135958,0.18736592028290033,0.08,0.35,0.05,0.45,1.2,17.25506775230169,870416.472232489,870416.475875872
630,eye1,pmrnet,loop,15.665262006223202,0.02,0.35219197161495686,3.27993999235332,0.2023389097303152,0.08,0.35,0.05,0.45,1.2,21.649732879921793,870416.484313454,870416.488148131
631,eye1,pmrnet,loop,21.628814982250333,0.02,0.3150439588353038,9.255544980987906,0.38419291377067566,0.08,0.35,0.05,0.45,1.2,33.73359683584422,870416.492225059,870416.502180215
632,eye1,pmrnet,loop,19.755418063141406,0.02,0.5141270812600851,3.4934019204229116,0.21552399266511202,0.08,0.35,0.05,0.45,1.2,26.128471057489513,870416.504153017,870416.508376415
633,eye1,pmrnet,loop,15.965462080202997,0.02,0.3061629831790924,3.1610250007361174,0.19425107166171074,0.08,0.35,0.05,0.45,1.2,21.776901135779916,870416.508993869,870416.512655521
634,eye1,pmrnet,loop,15.372986905276775,0.02,0.29845302924513817,3.293000045232475,0.3414240200072527,0.08,0.35,0.05,0.45,1.2,21.45586399976164,870416.516198874,870416.520132043
635,eye1,pmrnet,loop,15.050758956931531,0.02,0.3088240046054125,3.1567319529131055,0.1777650322765112,0.08,0.35,0.05,0.45,1.2,20.84407994672656,870416.524235247,870416.527878834
636,eye1,pmrnet,loop,14.967608032748103,0.02,0.29706000350415707,3.1819770811125636,0.17585500609129667,0.08,0.35,0.05,0.45,1.2,20.77250012345612,870416.532209563,870416.535864683
637,eye1,pmrnet,loop,14.902609051205218,0.02,0.2987949410453439,3.1806729966774583,0.1798979938030243,0.08,0.35,0.05,0.45,1.2,20.711974982731043,870416.540209107,870416.543868696
638,eye1,pmrnet,loop,15.064896899275482,0.02,0.30783505644649267,3.356333007104695,0.19594898913055658,0.08,0.35,0.05,0.45,1.2,21.075013951957224,870416.548239197,870416.552099572
639,eye1,pmrnet,loop,15.211501973681152,0.02,0.40459807496517897,3.476480022072792,0.19464700017124414,0.08,0.35,0.05,0.45,1.2,21.437227070890366,870416.556239194,870416.56031516
640,eye1,pmrnet,loop,15.789923956617713,0.02,0.3799309488385916,4.1217120597139,0.19882002379745245,0.08,0.35,0.05,0.45,1.2,22.640386988967656,870416.564262259,870416.568963042
641,eye1,pmrnet,loop,14.839609037153423,0.02,0.32837502658367157,3.3138140570372343,0.22132706362754107,0.08,0.35,0.05,0.45,1.2,20.85312518440187,870416.572217811,870416.576081573
642,eye1,pmrnet,loop,17.915146076120436,0.02,0.4890519194304943,6.195647991262376,0.24717801716178656,0.08,0.35,0.05,0.45,1.2,26.997024003975092,870416.580293596,870416.587225876
644,eye1,pmrnet,loop,19.47007200215012,0.02,0.519110937602818,4.591398988850415,0.19029295071959496,0.08,0.35,0.05,0.45,1.2,26.920874879322945,870416.599619024,870416.604920208
646,eye1,pmrnet,loop,19.18118807952851,0.02,0.47742296010255814,4.776968969963491,0.18646300304681063,0.08,0.35,0.05,0.45,1.2,26.77204301264137,870416.615328059,870416.620769316
647,eye1,pmrnet,loop,15.48603200353682,0.02,0.31109596602618694,3.2023520907387137,0.18645892851054668,0.08,0.35,0.05,0.45,1.2,21.335938988812266,870416.621442768,870416.625142964
648,eye1,pmrnet,loop,18.941395916044712,0.02,0.34208595752716064,3.3083680318668485,0.1942249946296215,0.08,0.35,0.05,0.45,1.2,24.93607490006834,870416.632822238,870416.636667166
649,eye1,pmrnet,loop,15.37946704775095,0.02,0.3127740928903222,3.210502094589174,0.22878102026879787,0.08,0.35,0.05,0.45,1.2,21.281524255499242,870416.637421895,870416.641174194
650,eye1,pmrnet,loop,13.989086961373687,0.02,0.30370301101356745,3.156592953018844,0.17802196089178324,0.08,0.35,0.05,0.45,1.2,19.77740488629788,870416.644214567,870416.647853144
651,eye1,pmrnet,loop,15.162931988015771,0.02,0.4682560684159398,4.1428490076214075,0.20103598944842815,0.08,0.35,0.05,0.45,1.2,22.125073053501545,870416.652283296,870416.657095795
652,eye1,pmrnet,loop,13.894187984988093,0.02,0.31358201522380114,3.1940049957484007,0.1820150064304471,0.08,0.35,0.05,0.45,1.2,19.73379000239074,870416.66020638,870416.663896226
653,eye1,pmrnet,loop,13.918299926444888,0.02,0.3087959485128522,3.235177951864898,0.218514003790915,0.08,0.35,0.05,0.45,1.2,19.830787830613552,870416.66822654,870416.671989274
654,eye1,pmrnet,loop,13.866328983567655,0.02,0.3176419995725155,3.236513934098184,0.20681798923760653,0.08,0.35,0.05,0.45,1.2,19.77730290647596,870416.676244976,870416.68000619
655,eye1,pmrnet,loop,13.695965986698866,0.02,0.30739803332835436,3.202752093784511,0.18284597899764776,0.08,0.35,0.05,0.45,1.2,19.538962092809378,870416.684211862,870416.687905092
656,eye1,pmrnet,loop,13.718203059397638,0.02,0.3114680293947458,3.263366990722716,0.19039795733988285,0.08,0.35,0.05,0.45,1.2,19.63343603685498,870416.692230623,870416.695996098
657,eye1,pmrnet,loop,13.988546910695732,0.02,0.47344097401946783,3.4239389933645725,0.18482806626707315,0.08,0.35,0.05,0.45,1.2,20.220754944346844,870416.70025301,870416.704335608
658,eye1,pmrnet,loop,13.561464031226933,0.02,0.30853901989758015,3.2556100049987435,0.18624996300786734,0.08,0.35,0.05,0.45,1.2,19.461863019131123,870416.708226744,870416.711977397
659,eye1,pmrnet,loop,13.392389984801412,0.02,0.3059360897168517,3.169917967170477,0.18124596681445837,0.08,0.35,0.05,0.45,1.2,19.199490008503197,870416.716220165,870416.719877518
660,eye1,pmrnet,loop,20.263126003555954,0.02,0.4660720005631447,9.709013975225389,0.37372694350779057,0.08,0.35,0.05,0.45,1.2,32.961938922852276,870416.724266412,870416.734815751
661,eye1,pmrnet,loop,18.029814935289323,0.02,1.0733860544860363,3.516250988468528,0.193928019143641,0.08,0.35,0.05,0.45,1.2,24.963379997387527,870416.735868697,870416.740652497
662,eye1,pmrnet,loop,17.822284949943423,0.02,0.5023560952395201,5.585563951171935,0.21793402265757322,0.08,0.35,0.05,0.45,1.2,26.27813901901245,870416.742207934,870416.748514168
663,eye1,pmrnet,loop,14.265701989643276,0.02,0.3095649881288409,3.2693399116396904,0.2044610446318984,0.08,0.35,0.05,0.45,1.2,20.199067934043704,870416.749242863,870416.753026503
664,eye1,pmrnet,loop,13.10955302324146,0.02,0.3068380756303668,3.228329005651176,0.17513905186206102,0.08,0.35,0.05,0.45,1.2,18.969859156385063,870416.756229109,870416.759939693
731,eye1,pmrnet,loop,22.8883899981156,0.02,2.7288980782032013,7.486953982152045,0.30599208548665047,0.08,0.35,0.05,0.45,1.2,35.560234143957494,870417.299819248,870417.310341711
734,eye1,pmrnet,loop,31.370545970275998,0.02,3.8416190072894096,14.12911107763648,0.4816419677808881,0.08,0.35,0.05,0.45,1.2,51.972918022982775,870417.324576324,870417.34302967
742,eye1,pmrnet,loop,24.081808980554342,0.02,6.244749063625932,8.15359700936824,0.4356079734861851,0.08,0.35,0.05,0.45,1.2,41.0657630270347,870417.385458869,870417.400293876
745,eye1,pmrnet,loop,22.643764968961477,0.02,0.5646239733323455,4.847066011279821,0.3331300104036927,0.08,0.35,0.05,0.45,1.2,30.538584963977335,870417.417317539,870417.423062694
746,eye1,pmrnet,loop,27.04639604780823,0.02,3.596436930820346,5.859728902578354,0.4572359612211585,0.08,0.35,0.05,0.45,1.2,39.10979784242809,870417.425619495,870417.435534011
748,eye1,pmrnet,loop,22.881377022713423,0.02,2.581499982625246,7.61189591139555,0.5209050141274929,0.08,0.35,0.05,0.45,1.2,35.74567793086171,870417.436790999,870417.447506299
749,eye1,pmrnet,loop,26.508520008064806,0.02,0.784264993853867,7.10899499244988,0.4277119878679514,0.08,0.35,0.05,0.45,1.2,36.9794919822365,870417.450880753,870417.459202522
750,eye1,pmrnet,loop,27.330756071023643,0.02,0.5680460017174482,6.1165980296209455,0.4580039530992508,0.08,0.35,0.05,0.45,1.2,36.623404055461286,870417.460950292,870417.468093768
752,eye1,pmrnet,loop,29.941017972305417,0.02,3.2299159793183208,7.948601967655122,0.43149199336767197,0.08,0.35,0.05,0.45,1.2,43.70102791264653,870417.475231248,870417.486842476
754,eye1,pmrnet,loop,25.661431020125747,0.02,0.7810259703546762,7.599454955197871,0.5210499512031674,0.08,0.35,0.05,0.45,1.2,36.71296189688146,870417.489797831,870417.498700222
755,eye1,pmrnet,loop,27.931482065469027,0.02,0.7028710097074509,8.112288895063102,0.4524439573287964,0.08,0.35,0.05,0.45,1.2,39.349085927568375,870417.499772103,870417.509040353
757,eye1,pmrnet,loop,38.14701596274972,0.02,1.8504250328987837,15.648128930479288,2.395105082541704,0.08,0.35,0.05,0.45,1.2,60.1906750086695,870417.515498629,870417.535393167
761,eye1,pmrnet,loop,21.521486924029887,0.02,4.2868549935519695,4.811916034668684,0.6690960144624114,0.08,0.35,0.05,0.45,1.2,33.43935396671296,870417.541274811,870417.551043993
762,eye1,pmrnet,loop,23.087345995008945,0.02,0.9663940872997046,6.477607064880431,0.40211097802966833,0.08,0.35,0.05,0.45,1.2,33.08345812521875,870417.552831975,870417.560679014
763,eye1,pmrnet,loop,28.16292701754719,0.02,3.1038160668686032,7.074819062836468,0.4014780279248953,0.08,0.35,0.05,0.45,1.2,40.893040175177156,870417.563241676,870417.573822887
765,eye1,pmrnet,loop,22.351588937453926,0.02,0.6698369979858398,7.7147119445726275,0.4796170396730304,0.08,0.35,0.05,0.45,1.2,33.36575491968543,870417.575285736,870417.584150547
768,eye1,pmrnet,loop,23.03676202427596,0.02,4.855424980632961,7.308958913199604,0.43051294051110744,0.08,0.35,0.05,0.45,1.2,37.78165885861963,870417.596447222,870417.609043204
769,eye1,pmrnet,loop,28.939012088812888,0.02,3.640039009042084,7.223005988635123,0.41249196510761976,0.08,0.35,0.05,0.45,1.2,42.36454905159771,870417.611737106,870417.623013692
771,eye1,pmrnet,loop,22.99978898372501,0.02,2.2709649056196213,6.524990894831717,0.40022004395723343,0.08,0.35,0.05,0.45,1.2,34.34596482813358,870417.624016254,870417.633213208
772,eye1,pmrnet,loop,26.867522043175995,0.02,1.7876800848171115,7.417968008667231,0.4346308996900916,0.08,0.35,0.05,0.45,1.2,38.65780103635043,870417.635509365,870417.645150343
774,eye1,pmrnet,loop,18.720069900155067,0.02,1.0009530233219266,5.8017539558932185,0.3473099786788225,0.08,0.35,0.05,0.45,1.2,28.020086858049034,870417.64599057,870417.653141057
781,eye1,pmrnet,loop,27.5218189926818,0.02,4.457946983166039,12.433105963282287,0.533269951120019,0.08,0.35,0.05,0.45,1.2,47.096141890250145,870417.700998888,870417.718424439
783,eye1,pmrnet,loop,46.452728915028274,0.02,22.737285937182605,8.882350055500865,0.389271997846663,0.08,0.35,0.05,0.45,1.2,80.61163690555841,870417.721484295,870417.753494208
789,eye1,pmrnet,loop,38.159543997608125,0.02,21.76041097845882,6.7316730273887515,0.4028590628877282,0.08,0.35,0.05,0.45,1.2,69.20448706634343,870417.764719167,870417.793615052
793,eye1,pmrnet,loop,22.895214962773025,0.02,7.729827077127993,5.8159600012004375,0.3802970750257373,0.08,0.35,0.05,0.45,1.2,38.97129911612719,870417.796699862,870417.810627178
795,eye1,pmrnet,loop,18.104705028235912,0.02,2.3924129782244563,6.25173095613718,0.3953640116378665,0.08,0.35,0.05,0.45,1.2,29.294212974235414,870417.812933374,870417.821973791
796,eye1,pmrnet,loop,28.128714067861438,0.02,9.989557904191315,6.176618975587189,0.5016620270907879,0.08,0.35,0.05,0.45,1.2,46.94655297473073,870417.823397206,870417.840066061
799,eye1,pmrnet,loop,40.49306805245578,0.02,7.523018983192742,22.56275899708271,0.7064070086926222,0.08,0.35,0.05,0.45,1.2,73.43525304142386,870417.845844199,870417.876637529
803,eye1,pmrnet,loop,29.17510794941336,0.02,4.155542002990842,11.637182906270027,0.527112977579236,0.08,0.35,0.05,0.45,1.2,47.64494583625346,870417.881274636,870417.897595705
805,eye1,pmrnet,loop,26.342577068135142,0.02,0.6639029597863555,7.703805924393237,0.4828328965231776,0.08,0.35,0.05,0.45,1.2,37.34311884883791,870417.902051893,870417.910903264
807,eye1,pmrnet,loop,28.28692994080484,0.02,3.8214809028431773,11.96139503736049,0.5889739841222763,0.08,0.35,0.05,0.45,1.2,46.80877986513078,870417.912611466,870417.92898432
809,eye1,pmrnet,loop,39.97270006220788,0.02,13.597324956208467,10.599239962175488,0.6356269586831331,0.08,0.35,0.05,0.45,1.2,66.95489193927497,870417.931974355,870417.956807912
813,eye1,pmrnet,loop,19.32765997480601,0.02,0.7845560321584344,4.961753962561488,0.32579293474555016,0.08,0.35,0.05,0.45,1.2,27.549762904271482,870417.962367835,870417.968440632
814,eye1,pmrnet,loop,18.5937590431422,0.02,0.6172989960759878,5.259343073703349,0.3138550091534853,0.08,0.35,0.05,0.45,1.2,26.93425612207502,870417.969585011,870417.975775921
815,eye1,pmrnet,loop,17.459410009905696,0.02,0.5049799801781774,4.112949944101274,0.4732649540528655,0.08,0.35,0.05,0.45,1.2,24.70060488823801,870417.977619006,870417.982710645
816,eye1,pmrnet,loop,23.646621964871883,0.02,0.7057460024952888,11.346818064339459,0.5352619336917996,0.08,0.35,0.05,0.45,1.2,38.38444796539843,870417.984376812,870417.996965383
817,eye1,pmrnet,loop,24.775982019491494,0.02,1.8949030200019479,4.058122984133661,0.4375720163807273,0.08,0.35,0.05,0.45,1.2,33.316580040007835,870417.999773238,870418.006164415
818,eye1,pmrnet,loop,30.023306026123464,0.02,0.5359970964491367,11.249357950873673,0.5029489984735847,0.08,0.35,0.05,0.45,1.2,44.46161007191986,870418.007190877,870418.019479744
820,eye1,pmrnet,loop,21.160469972528517,0.02,0.5233139963820577,4.055781057104468,0.3279750235378742,0.08,0.35,0.05,0.45,1.2,28.217540049552916,870418.021849333,870418.026756785
821,eye1,pmrnet,loop,21.805788041092455,0.02,1.29415700212121,6.026703049428761,0.44544797856360674,0.08,0.35,0.05,0.45,1.2,31.722096071206032,870418.027703579,870418.035470881
822,eye1,pmrnet,loop,19.500271999277174,0.02,0.5346629768610001,3.884813981130719,0.2844850532710552,0.08,0.35,0.05,0.45,1.2,26.354234010539948,870418.036530141,870418.041234473
823,eye1,pmrnet,loop,18.717559054493904,0.02,0.4939459031447768,4.478794056922197,0.6161329802125692,0.08,0.35,0.05,0.45,1.2,26.456431994773446,870418.042930052,870418.048519469
824,eye1,pmrnet,loop,27.323407004587352,0.02,1.031614956445992,12.349545024335384,1.6473400173708797,0.08,0.35,0.05,0.45,1.2,44.50190700273961,870418.050165298,870418.06519465
826,eye1,pmrnet,loop,25.727867032401264,0.02,0.728099956177175,10.882055037654936,0.44391804840415716,0.08,0.35,0.05,0.45,1.2,39.93194007463753,870418.067682326,870418.079737087
828,eye1,pmrnet,loop,22.860439959913492,0.02,1.0768730426207185,10.38843602873385,0.3544449573382735,0.08,0.35,0.05,0.45,1.2,36.83019398860633,870418.081188305,870418.093008594
829,eye1,pmrnet,loop,29.810162028297782,0.02,0.6886040791869164,11.501700966618955,0.513434992171824,0.08,0.35,0.05,0.45,1.2,44.663902066275476,870418.095321458,870418.108025967
831,eye1,pmrnet,loop,27.081735082902014,0.02,0.6789499893784523,10.521229938603938,0.5549200577661395,0.08,0.35,0.05,0.45,1.2,40.98683506865054,870418.109679862,870418.12143586
833,eye1,pmrnet,loop,26.586518972180784,0.02,0.7193089695647359,11.07586792204529,0.7492330623790622,0.08,0.35,0.05,0.45,1.2,41.28092892616987,870418.124532635,870418.137077784
835,eye1,pmrnet,loop,26.208103052340448,0.02,0.656516058370471,11.740137008018792,0.723098055459559,0.08,0.35,0.05,0.45,1.2,41.47785417418927,870418.139717194,870418.152837709
837,eye1,pmrnet,loop,32.075266004540026,0.02,7.695380016230047,11.033106013201177,0.4758370341733098,0.08,0.35,0.05,0.45,1.2,53.429589068144566,870418.155637069,870418.174842769
841,eye1,pmrnet,loop,30.159065034240484,0.02,0.6988629465922713,12.059130007401109,0.568624003790319,0.08,0.35,0.05,0.45,1.2,45.63568199202418,870418.19187516,870418.205202716
844,eye1,pmrnet,loop,29.104077024385333,0.02,4.600287997163832,12.951298034749925,0.9265569970011711,0.08,0.35,0.05,0.45,1.2,49.73222005330026,870418.209874371,870418.228353654
848,eye1,pmrnet,loop,35.88941099587828,0.02,4.378576064482331,17.444463912397623,0.621684012003243,0.08,0.35,0.05,0.45,1.2,60.48413498476148,870418.244971948,870418.267417411
851,eye1,pmrnet,loop,32.90106693748385,0.02,4.674338037148118,12.503206031396985,0.689988024532795,0.08,0.35,0.05,0.45,1.2,52.91859903056175,870418.270767105,870418.288635554
854,eye1,pmrnet,loop,26.227248017676175,0.02,0.8027340518310666,12.913090991787612,0.5905739963054657,0.08,0.35,0.05,0.45,1.2,42.68364705760032,870418.291862569,870418.306169568
856,eye1,pmrnet,loop,25.835618027485907,0.02,0.9487950010225177,12.921010027639568,0.5188341019675136,0.08,0.35,0.05,0.45,1.2,42.374257158115505,870418.307526314,870418.321915794
858,eye1,pmrnet,loop,25.655647041276097,0.02,1.2645910028368235,11.09665201511234,0.49977703019976616,0.08,0.35,0.05,0.45,1.2,40.666667089425026,870418.325012183,870418.337873893
862,eye1,pmrnet,loop,28.780631022527814,0.02,4.224523901939392,9.207973955199122,0.48710196278989315,0.08,0.35,0.05,0.45,1.2,44.85023084245622,870418.359354823,870418.373275284
864,eye1,pmrnet,loop,26.027830899693072,0.02,0.7475940510630608,10.251994943246245,0.4967849235981703,0.08,0.35,0.05,0.45,1.2,39.67420481760055,870418.375164257,870418.386661141
865,eye1,pmrnet,loop,23.648350965231657,0.02,0.5602710880339146,3.73633299022913,0.1948659773916006,0.08,0.35,0.05,0.45,1.2,30.2898210208863,870418.387860231,870418.392352231
866,eye1,pmrnet,loop,22.439587046392262,0.02,0.360656064003706,4.594096913933754,0.18592702690511942,0.08,0.35,0.05,0.45,1.2,29.73026705123484,870418.394071556,870418.399212457
867,eye1,pmrnet,loop,20.146091002970934,0.02,0.4832800477743149,4.098066012375057,0.317008001729846,0.08,0.35,0.05,0.45,1.2,27.19444506485015,870418.400089383,870418.40498817
868,eye1,pmrnet,loop,17.29418500326574,0.02,0.3175400197505951,3.5592360654845834,0.6911889649927616,0.08,0.35,0.05,0.45,1.2,24.012150053493677,870418.405636842,870418.410205147
869,eye1,pmrnet,loop,18.69734190404415,0.02,0.4759239964187145,6.632770993746817,0.2003960544243455,0.08,0.35,0.05,0.45,1.2,28.156432948634027,870418.412367471,870418.41967698
870,eye1,pmrnet,loop,21.39758493285626,0.02,0.6126340012997389,8.688309928402305,0.47249102499336004,0.08,0.35,0.05,0.45,1.2,33.32101988755167,870418.420672477,870418.430446372
871,eye1,pmrnet,loop,26.03945101145655,0.02,0.5376240005716681,9.978530928492546,0.4501329967752099,0.08,0.35,0.05,0.45,1.2,39.15573893729597,870418.432190022,870418.443156876
876,eye1,pmrnet,loop,17.548548988997936,0.02,0.3440770087763667,3.573224996216595,0.684001948684454,0.08,0.35,0.05,0.45,1.2,24.29985294267535,870418.470409816,870418.475011345
877,eye1,pmrnet,loop,14.812477049417794,0.02,0.33654598519206047,3.3600489841774106,0.34741393756121397,0.08,0.35,0.05,0.45,1.2,21.006485956348477,870418.476300115,870418.480344374
879,eye1,pmrnet,loop,25.855879997834563,0.02,0.5096299573779106,10.015350067988038,0.4672710783779621,0.08,0.35,0.05,0.45,1.2,38.99813110157847,870418.496532104,870418.507524832
890,eye1,pmrnet,loop,19.170592073351145,0.02,0.5855179624632001,4.456316004507244,0.498528010211885,0.08,0.35,0.05,0.45,1.2,26.860954050533472,870418.584058499,870418.589599225
891,eye1,pmrnet,loop,23.110099020414054,0.02,0.5308319814503193,9.866351960226893,0.4227480385452509,0.08,0.35,0.05,0.45,1.2,36.08003100063652,870418.590787222,870418.60160771
894,eye1,pmrnet,loop,21.076943958178163,0.02,0.5350379506126046,7.554839015938342,0.3294179914519191,0.08,0.35,0.05,0.45,1.2,31.646238916181026,870418.615362767,870418.623782502
895,eye1,pmrnet,loop,25.780069059692323,0.02,0.5580040160566568,9.909564978443086,0.5413340404629707,0.08,0.35,0.05,0.45,1.2,38.938972094655036,870418.625544394,870418.636553786
912,eye1,pmrnet,loop,18.778400029987097,0.02,0.6325090071186423,7.967822020873427,0.5582900485023856,0.08,0.35,0.05,0.45,1.2,30.08702110648155,870418.757564693,870418.766724035
913,eye1,pmrnet,loop,17.5339390989393,0.02,0.5220470484346151,4.809319041669369,0.5244370549917221,0.08,0.35,0.05,0.45,1.2,25.539742244035004,870418.767692357,870418.773548559
915,eye1,pmrnet,loop,15.229049953632057,0.02,2.672678092494607,3.939963993616402,0.2652739640325308,0.08,0.35,0.05,0.45,1.2,24.256966003775595,870418.78050407,870418.787382441
916,eye1,pmrnet,loop,14.232938061468303,0.02,0.48216700088232756,5.114039056934416,0.5138679407536983,0.08,0.35,0.05,0.45,1.2,22.493012060038744,870418.788345118,870418.794455493
917,eye1,pmrnet,loop,20.333384978584945,0.02,0.6968099623918533,10.833579930476844,0.43503905180841684,0.08,0.35,0.05,0.45,1.2,34.44881392326206,870418.796658557,870418.808624697
918,eye1,pmrnet,loop,19.37188010197133,0.02,0.4873870639130473,5.07669395301491,0.47400000039488077,0.08,0.35,0.05,0.45,1.2,27.559961119294165,870418.809693709,870418.8157321
919,eye1,pmrnet,loop,27.39654597826302,0.02,0.7101659430190921,11.148454039357603,0.6708489963784814,0.08,0.35,0.05,0.45,1.2,42.076014957018195,870418.8192946,870418.831824687
921,eye1,pmrnet,loop,26.47203707601875,0.02,1.8912109080702066,11.142574017867446,0.629190937615931,0.08,0.35,0.05,0.45,1.2,42.28501293957233,870418.833374751,870418.847038248
923,eye1,pmrnet,loop,20.630722981877625,0.02,0.6823190487921238,6.453515961766243,0.4861089400947094,0.08,0.35,0.05,0.45,1.2,30.4026669325307,870418.849714737,870418.857337224
924,eye1,pmrnet,loop,19.27458494901657,0.02,0.45785889960825443,4.855552106164396,0.48948300536721945,0.08,0.35,0.05,0.45,1.2,27.22747896015644,870418.858246617,870418.86404995
925,eye1,pmrnet,loop,23.509721970185637,0.02,0.7012939313426614,8.353488054126501,0.8161120349541306,0.08,0.35,0.05,0.45,1.2,35.53061599060893,870418.866482657,870418.876354086
926,eye1,pmrnet,loop,23.303964058868587,0.02,0.48544793389737606,5.752506083808839,0.5053220083937049,0.08,0.35,0.05,0.45,1.2,32.197240084968506,870418.877473596,870418.884217235
927,eye1,pmrnet,loop,23.684873012825847,0.02,0.41760806925594807,4.398372955620289,0.32929598819464445,0.08,0.35,0.05,0.45,1.2,30.980150025896727,870418.887521844,870418.892667473
928,eye1,pmrnet,loop,28.861730941571295,0.02,0.6150399567559361,10.866942000575364,0.5089449696242809,0.08,0.35,0.05,0.45,1.2,43.002657868526875,870418.893920903,870418.905912363
930,eye1,pmrnet,loop,25.82224295474589,0.02,0.5824359832331538,9.796725935302675,0.2934460062533617,0.08,0.35,0.05,0.45,1.2,38.64485087953508,870418.908338613,870418.919011691
931,eye1,pmrnet,loop,24.867985979653895,0.02,0.4668310284614563,4.967879969626665,0.7565499981865287,0.08,0.35,0.05,0.45,1.2,33.20924697592855,870418.919934764,870418.926126443
932,eye1,pmrnet,loop,23.913525976240635,0.02,0.4618589300662279,3.974467981606722,1.0163229890167713,0.08,0.35,0.05,0.45,1.2,31.516175876930355,870418.927788254,870418.933241274
933,eye1,pmrnet,loop,22.305983933620155,0.02,0.44287205673754215,4.4926319969818,0.5712020210921764,0.08,0.35,0.05,0.45,1.2,29.96269000843167,870418.934195428,870418.93970248
934,eye1,pmrnet,loop,21.877806051634252,0.02,0.6798910908401012,4.978263052180409,0.5057289963588119,0.08,0.35,0.05,0.45,1.2,30.191689191013573,870418.941177576,870418.947342307
940,eye1,pmrnet,loop,25.525148026645184,0.02,0.8734349394217134,10.88080310728401,0.9883269667625427,0.08,0.35,0.05,0.45,1.2,40.41771304011345,870418.986659685,870418.999402954
942,eye1,pmrnet,loop,25.109176989644766,0.02,0.7057540351524949,11.273165000602603,0.621371902525425,0.08,0.35,0.05,0.45,1.2,39.85946792792529,870419.002523947,870419.015124996
944,eye1,pmrnet,loop,25.164170074276626,0.02,1.8804209539666772,12.058765976689756,0.5523930303752422,0.08,0.35,0.05,0.45,1.2,41.8057500353083,870419.016826092,870419.031318275
946,eye1,pmrnet,loop,23.076153942383826,0.02,0.6871770601719618,10.04599709995091,0.28027803637087345,0.08,0.35,0.05,0.45,1.2,36.23960613887757,870419.034355691,870419.045369602
947,eye1,pmrnet,loop,20.857473951764405,0.02,0.44599000830203295,3.8075409829616547,0.5197409773245454,0.08,0.35,0.05,0.45,1.2,27.780745920352636,870419.046446725,870419.051220296
948,eye1,pmrnet,loop,25.930069969035685,0.02,0.5614449037238955,10.38289105053991,0.47368404921144247,0.08,0.35,0.05,0.45,1.2,39.49808997251093,870419.052942076,870419.064360606
950,eye1,pmrnet,loop,23.511056904681027,0.02,0.6354619981721044,10.97382593434304,0.6064919289201498,0.08,0.35,0.05,0.45,1.2,37.87683676611632,870419.065862626,870419.078079038
952,eye1,pmrnet,loop,16.482269042171538,0.02,0.7660790579393506,4.843994043767452,0.7268289336934686,0.08,0.35,0.05,0.45,1.2,24.969171077571808,870419.080851885,870419.087189375
953,eye1,pmrnet,loop,22.19089400023222,0.02,0.761425937525928,10.8535640174523,0.7985320407897234,0.08,0.35,0.05,0.45,1.2,36.75441599600017,870419.088552962,870419.100967154
955,eye1,pmrnet,loop,21.958324941806495,0.02,1.536316005513072,9.242100990377367,1.1772590223699808,0.08,0.35,0.05,0.45,1.2,36.06400096006691,870419.104916677,870419.116872797
956,eye1,pmrnet,loop,22.063993965275586,0.02,0.8154780371114612,5.33542491029948,0.5587149644270539,0.08,0.35,0.05,0.45,1.2,30.92361187711358,870419.118337843,870419.125047801
957,eye1,pmrnet,loop,22.503984975628555,0.02,0.7026609964668751,4.522575996816158,1.6247750027105212,0.08,0.35,0.05,0.45,1.2,31.503996971622108,870419.126706382,870419.133556805
958,eye1,pmrnet,loop,23.63015804439783,0.02,0.6917680148035288,6.473034969531,0.4684410523623228,0.08,0.35,0.05,0.45,1.2,33.41340208109469,870419.135117876,870419.142751551
960,eye1,pmrnet,loop,21.0779570043087,0.02,0.6497260183095932,10.444217012263834,0.5173820536583662,0.08,0.35,0.05,0.45,1.2,34.83928208854049,870419.144724612,870419.156336463
961,eye1,pmrnet,loop,25.575835956260562,0.02,0.5719609325751662,9.983284049667418,0.6005580071359873,0.08,0.35,0.05,0.45,1.2,38.88163894563913,870419.157747635,870419.168903915
963,eye1,pmrnet,loop,16.999003011733294,0.02,0.46227395068854094,3.987056901678443,0.5167130148038268,0.08,0.35,0.05,0.45,1.2,24.115046878904103,870419.171500036,870419.176466315
964,eye1,pmrnet,loop,20.170261966995895,0.02,0.5225950153544545,9.210324962623417,0.7106909761205316,0.08,0.35,0.05,0.45,1.2,32.7638729210943,870419.177262766,870419.187706715
965,eye1,pmrnet,loop,25.504773948341608,0.02,0.5825150292366743,9.812787058763206,0.38167391903698444,0.08,0.35,0.05,0.45,1.2,38.43174995537847,870419.190332988,870419.201110516
967,eye1,pmrnet,loop,21.355738979764283,0.02,0.517216045409441,9.464496979489923,0.7364550838246942,0.08,0.35,0.05,0.45,1.2,34.22390708848834,870419.202380911,870419.213099646
968,eye1,pmrnet,loop,19.552222918719053,0.02,0.3714649938046932,3.312818007543683,0.21803099662065506,0.08,0.35,0.05,0.45,1.2,25.604536916688083,870419.215463584,870419.219366155
969,eye1,pmrnet,loop,18.279867013916373,0.02,0.4858970642089844,4.8832009779289365,0.44344901107251644,0.08,0.35,0.05,0.45,1.2,26.24241406712681,870419.220349178,870419.226162078
970,eye1,pmrnet,loop,15.167825971730053,0.02,0.3373620565980673,3.356889938004315,0.5641099996864796,0.08,0.35,0.05,0.45,1.2,21.576187966018914,870419.226860951,870419.231119558
971,eye1,pmrnet,loop,18.852486042305827,0.02,0.49053796101361513,9.516572928987443,0.3794599324464798,0.08,0.35,0.05,0.45,1.2,31.389056864753364,870419.232484933,870419.242871963
972,eye1,pmrnet,loop,17.561952001415193,0.02,1.8847070168703794,3.4718180540949106,0.2112960210070014,0.08,0.35,0.05,0.45,1.2,25.279773093387483,870419.244083621,870419.249651751
973,eye1,pmrnet,loop,15.259065898135304,0.02,0.38851506542414427,3.416404942981899,0.5109640769660473,0.08,0.35,0.05,0.45,1.2,21.724949983507393,870419.251101879,870419.255418005
974,eye1,pmrnet,loop,12.598713976331055,0.02,0.3681040834635496,3.6925310268998146,0.4108139546588063,0.08,0.35,0.05,0.45,1.2,19.220163041353224,870419.256354876,870419.260826618
975,eye1,pmrnet,loop,19.075365038588643,0.02,0.8094899822026491,9.677432011812925,0.49775000661611557,0.08,0.35,0.05,0.45,1.2,32.21003703922033,870419.26438588,870419.275371038
976,eye1,pmrnet,loop,24.341030977666378,0.02,0.6442159647122025,10.171731002628803,0.42118504643440247,0.08,0.35,0.05,0.45,1.2,37.728162991441785,870419.277468434,870419.288706023
977,eye1,pmrnet,loop,24.293424910865724,0.02,0.5880929529666901,5.8912389213219285,0.27781492099165916,0.08,0.35,0.05,0.45,1.2,33.20057170614601,870419.289969951,870419.296727525
978,eye1,pmrnet,loop,29.47889396455139,0.02,0.6422459846362472,10.344704031012952,0.4107709974050522,0.08,0.35,0.05,0.45,1.2,43.02661497760564,870419.298583237,870419.309981419
980,eye1,pmrnet,loop,24.14177404716611,0.02,0.509509933181107,8.881967980414629,0.193736981600523,0.08,0.35,0.05,0.45,1.2,35.87698894236237,870419.311198084,870419.320783668
981,eye1,pmrnet,loop,22.394886007532477,0.02,0.336849014274776,3.9030490443110466,0.5903339479118586,0.08,0.35,0.05,0.45,1.2,29.375118014030157,870419.322275216,870419.327105703
982,eye1,pmrnet,loop,19.047073903493583,0.02,0.33100892324000597,3.4299750113859773,0.2314349403604865,0.08,0.35,0.05,0.45,1.2,25.18949277848005,870419.327834116,870419.331826797
983,eye1,pmrnet,loop,16.070940997451544,0.02,0.3534079296514392,3.5487579880282283,0.40715199429541826,0.08,0.35,0.05,0.45,1.2,22.530258909426628,870419.332610066,870419.336919627
984,eye1,pmrnet,loop,15.50825301092118,0.02,0.4385929787531495,3.3861559350043535,0.23051095195114613,0.08,0.35,0.05,0.45,1.2,21.713512876629828,870419.34037051,870419.344425999
985,eye1,pmrnet,loop,15.74889407493174,0.02,0.4075319739058614,3.493253025226295,0.4842790076509118,0.08,0.35,0.05,0.45,1.2,22.283958081714808,870419.348350381,870419.352735665
986,eye1,pmrnet,loop,22.07900199573487,0.02,0.5466319853439927,9.796996950171888,0.39289798587560654,0.08,0.35,0.05,0.45,1.2,34.965528917126356,870419.356396099,870419.367133104
987,eye1,pmrnet,loop,27.222886914387345,0.02,0.6250239675864577,9.763348964042962,0.3875059774145484,0.08,0.35,0.05,0.45,1.2,40.14876582343131,870419.369569992,870419.380346389
989,eye1,pmrnet,loop,23.398168035782874,0.02,0.5373250460252166,9.998782072216272,0.5628890357911587,0.08,0.35,0.05,0.45,1.2,36.64716418981552,870419.381559174,870419.39265881
990,eye1,pmrnet,loop,28.881200007162988,0.02,0.5650620441883802,10.168345994316041,0.5131540820002556,0.08,0.35,0.05,0.45,1.2,42.277762127667664,870419.394964491,870419.406211675
992,eye1,pmrnet,loop,24.54369398765266,0.02,0.5215819692239165,9.6238519763574,0.3632160369306803,0.08,0.35,0.05,0.45,1.2,37.202343970164655,870419.407503792,870419.418012943
993,eye1,pmrnet,loop,22.32344902586192,0.02,0.4063970409333706,3.4172339364886284,0.6840629503130913,0.08,0.35,0.05,0.45,1.2,28.981142953597008,870419.419354447,870419.423862424
994,eye1,pmrnet,loop,18.82222108542919,0.02,0.33282500226050615,3.3092700177803636,0.21825905423611403,0.08,0.35,0.05,0.45,1.2,24.832575159706174,870419.424569395,870419.428430026
995,eye1,pmrnet,loop,16.90341392531991,0.02,0.33961900044232607,3.831982030533254,1.294646062888205,0.08,0.35,0.05,0.45,1.2,24.519661019183694,870419.429113605,870419.434580091
996,eye1,pmrnet,loop,15.836825943551958,0.02,0.407201936468482,4.023251007311046,0.5773539887741208,0.08,0.35,0.05,0.45,1.2,22.994632876105605,870419.436574564,870419.441582685
997,eye1,pmrnet,loop,21.4101099409163,0.02,0.5375760374590755,9.762851055711508,0.5060889525339007,0.08,0.35,0.05,0.45,1.2,34.36662598662078,870419.444416514,870419.45522355
998,eye1,pmrnet,loop,22.376809967681766,0.02,0.564622925594449,6.502815056592226,0.6618349580094218,0.08,0.35,0.05,0.45,1.2,32.25608290787786,870419.456530504,870419.464260211
999,eye1,pmrnet,loop,26.742021087557077,0.02,0.6331760669127107,9.498159983195364,0.45821897219866514,0.08,0.35,0.05,0.45,1.2,39.481576109863816,870419.466104657,870419.476694778
1001,eye1,pmrnet,loop,15.774063998833299,0.02,0.6838958943262696,3.378305002115667,0.22579205688089132,0.08,0.35,0.05,0.45,1.2,22.212056952156125,870419.47757645,870419.481864691
1002,eye1,pmrnet,loop,14.32834705337882,0.02,0.383228063583374,3.30306903924793,0.4151939647272229,0.08,0.35,0.05,0.45,1.2,20.579838120937346,870419.484386338,870419.488488015
1003,eye1,pmrnet,loop,14.69659199938178,0.02,0.544038019143045,3.5942760296165943,0.41001802310347557,0.08,0.35,0.05,0.45,1.2,21.394924071244894,870419.492376822,870419.496925398
1004,eye1,pmrnet,loop,14.71739902626723,0.02,0.4015519516542554,3.752521937713027,0.4787129582837224,0.08,0.35,0.05,0.45,1.2,21.500185873918234,870419.500382717,870419.505015795
1005,eye1,pmrnet,loop,14.759126002900302,0.02,0.40925596840679646,3.840386983938515,0.523936003446579,0.08,0.35,0.05,0.45,1.2,21.68270495869219,870419.508352998,870419.513126861
1006,eye1,pmrnet,loop,19.241321948356926,0.02,0.40145497769117355,8.393850061111152,0.4909290000796318,0.08,0.35,0.05,0.45,1.2,30.677555987238883,870419.51639058,870419.525677192
1007,eye1,pmrnet,loop,25.43933200649917,0.02,0.5802129162475467,9.917458985000849,1.3338789576664567,0.08,0.35,0.05,0.45,1.2,39.42088286541402,870419.528111953,870419.539944
1009,eye1,pmrnet,loop,17.71086093503982,0.02,0.5791180301457644,5.964659037999809,0.5741269560530782,0.08,0.35,0.05,0.45,1.2,26.978764959238468,870419.541235966,870419.548354375
1010,eye1,pmrnet,loop,16.271553933620453,0.02,0.36673503927886486,3.8085379637777805,0.904759974218905,0.08,0.35,0.05,0.45,1.2,23.501586910896002,870419.54990422,870419.554984533
1011,eye1,pmrnet,loop,14.808287029154599,0.02,0.36719092167913914,3.534401999786496,1.260180026292801,0.08,0.35,0.05,0.45,1.2,22.120059976913033,870419.556428221,870419.561590233
1012,eye1,pmrnet,loop,15.231635072268546,0.02,0.7177779916673899,3.4566130489110947,1.4834410976618528,0.08,0.35,0.05,0.45,1.2,23.03946721050888,870419.564424406,870419.570082472
1013,eye1,pmrnet,loop,20.797815057449043,0.02,0.5459160311147571,10.1609070552513,0.5664869677275419,0.08,0.35,0.05,0.45,1.2,34.22112511154264,870419.572441283,870419.58371522
1014,eye1,pmrnet,loop,25.53615893702954,0.02,0.5611800588667393,10.216039954684675,0.5372270243242383,0.08,0.35,0.05,0.45,1.2,39.00060597490519,870419.585207898,870419.596522935
1016,eye1,pmrnet,loop,22.271543042734265,0.02,0.5576489493250847,9.637316106818616,0.4622340202331543,0.08,0.35,0.05,0.45,1.2,35.07874211911112,870419.598739948,870419.609397678
1017,eye1,pmrnet,loop,26.67571499478072,0.02,0.4920860519632697,9.474299033172429,0.5631799576804042,0.08,0.35,0.05,0.45,1.2,39.35528003759682,870419.611341087,870419.621871158
1019,eye1,pmrnet,loop,16.635439940728247,0.02,0.5322089418768883,3.6940269637852907,0.3506150096654892,0.08,0.35,0.05,0.45,1.2,23.362290856055914,870419.623392098,870419.627969189
1020,eye1,pmrnet,loop,15.134082990698516,0.02,0.3464650362730026,3.6359899677336216,1.8231190042570233,0.08,0.35,0.05,0.45,1.2,23.089656998962163,870419.628731052,870419.634536885
1021,eye1,pmrnet,loop,19.726781989447773,0.02,0.3675749758258462,9.944936027750373,0.5209820810705423,0.08,0.35,0.05,0.45,1.2,32.71027507409453,870419.636363795,870419.647197638
1022,eye1,pmrnet,loop,18.59899703413248,0.02,0.4018159816041589,3.729715012013912,0.5689329700544477,0.08,0.35,0.05,0.45,1.2,25.449460997804998,870419.649438911,870419.654139616
1023,eye1,pmrnet,loop,15.693065943196416,0.02,0.3453700337558985,3.371507045812905,0.6713810143992305,0.08,0.35,0.05,0.45,1.2,22.23132403716445,870419.654914388,870419.659302864
1024,eye1,pmrnet,loop,19.495810964144766,0.02,0.49537699669599533,9.626687970012426,0.6663269596174359,0.08,0.35,0.05,0.45,1.2,32.43420289047062,870419.660384814,870419.671173682
1025,eye1,pmrnet,loop,21.50078199338168,0.02,0.8279300527647138,6.609847070649266,0.49485894851386547,0.08,0.35,0.05,0.45,1.2,31.583418065309523,870419.673314831,870419.681247867
1026,eye1,pmrnet,loop,21.72407798934728,0.02,0.5163419991731644,5.965329939499497,0.5204729968681931,0.08,0.35,0.05,0.45,1.2,30.876222924888133,870419.682538285,870419.689540791
1027,eye1,pmrnet,loop,26.677751913666725,0.02,0.5204259650781751,9.842409053817391,0.5663220072165132,0.08,0.35,0.05,0.45,1.2,39.7569089397788,870419.691632102,870419.70256179
1029,eye1,pmrnet,loop,18.498040968552232,0.02,0.4975080955773592,4.514526925049722,0.22412894759327173,0.08,0.35,0.05,0.45,1.2,25.884204936772583,870419.705285238,870419.71052187
1030,eye1,pmrnet,loop,17.44521304499358,0.02,0.5163421155884862,4.363771062344313,0.38989505264908075,0.08,0.35,0.05,0.45,1.2,24.865221275575458,870419.712267625,870419.717538072
1031,eye1,pmrnet,loop,14.11945407744497,0.02,0.344283995218575,3.4696769434958696,0.21993496920913458,0.08,0.35,0.05,0.45,1.2,20.30334998536855,870419.718247123,870419.722281242
1032,eye1,pmrnet,loop,13.054676936008036,0.02,0.34895690623670816,3.858719952404499,0.6780968979001045,0.08,0.35,0.05,0.45,1.2,20.090450692549346,870419.724399013,870419.729285067
1033,eye1,pmrnet,loop,17.861722968518734,0.02,0.787879922427237,8.167951949872077,0.7878929609432817,0.08,0.35,0.05,0.45,1.2,29.755447801761328,870419.732417156,870419.742161246
1034,eye1,pmrnet,loop,15.285991015844047,0.02,0.36118202842772007,3.422269015572965,0.946305925026536,0.08,0.35,0.05,0.45,1.2,22.165747984871267,870419.742924383,870419.747654403
1035,eye1,pmrnet,loop,26.211483986116946,0.02,2.396360971033573,10.681409970857203,1.1711400002241135,0.08,0.35,0.05,0.45,1.2,42.610394928231834,870419.752397214,870419.766646692
1037,eye1,pmrnet,loop,22.961730952374637,0.02,0.5438339430838823,9.58729104604572,0.3673869650810957,0.08,0.35,0.05,0.45,1.2,35.610242906585334,870419.769037962,870419.779536898
1038,eye1,pmrnet,loop,26.871277950704098,0.02,0.5657529691234231,9.66753892134875,0.472113024443388,0.08,0.35,0.05,0.45,1.2,39.72668286561966,870419.780809419,870419.791515348
1040,eye1,pmrnet,loop,23.642858024686575,0.02,0.4925390239804983,9.880265919491649,0.4525399999693036,0.08,0.35,0.05,0.45,1.2,36.618202968128024,870419.793599116,870419.804424958
1041,eye1,pmrnet,loop,27.403604006394744,0.02,0.5098780384287238,9.631583001464605,0.48134999815374613,0.08,0.35,0.05,0.45,1.2,40.17641504444182,870419.805631219,870419.816254624
1043,eye1,pmrnet,loop,24.24504596274346,0.02,0.5112399812787771,9.5735730137676,0.5227950168773532,0.08,0.35,0.05,0.45,1.2,37.00265397466719,870419.818626936,870419.829235026
1044,eye1,pmrnet,loop,28.94568699412048,0.02,0.4982319660484791,9.7564070019871,1.293331035412848,0.08,0.35,0.05,0.45,1.2,42.643656997568904,870419.830456202,870419.84200472
1046,eye1,pmrnet,loop,25.84226697217673,0.02,0.5515579832717776,9.840048965997994,0.460344017483294,0.08,0.35,0.05,0.45,1.2,38.844217938929795,870419.844186891,870419.855039366
1047,eye1,pmrnet,loop,23.70762696955353,0.02,0.43095892760902643,4.001154098659754,0.4098889185115695,0.08,0.35,0.05,0.45,1.2,30.69962891433388,870419.856132263,870419.860974576
1048,eye1,pmrnet,loop,22.218615980818868,0.02,0.4975789925083518,3.8580429973080754,0.4255599342286587,0.08,0.35,0.05,0.45,1.2,29.149797904863952,870419.862772901,870419.867554477
1049,eye1,pmrnet,loop,19.938433077186346,0.02,0.32024201937019825,3.721217974089086,1.0360119631513953,0.08,0.35,0.05,0.45,1.2,27.165905033797024,870419.868265488,870419.873343186
1050,eye1,pmrnet,loop,17.757741967216134,0.02,0.330677954480052,4.066469031386077,0.801229034550488,0.08,0.35,0.05,0.45,1.2,25.10611798763275,870419.874032913,870419.879231638
1051,eye1,pmrnet,loop,16.637118998914957,0.02,0.5124540766701102,3.904307959601283,0.7290870416909456,0.08,0.35,0.05,0.45,1.2,23.932968076877295,870419.881033726,870419.886179936
1052,eye1,pmrnet,loop,14.915456995368004,0.02,0.3209109418094158,3.3943490125238895,0.42350206058472395,0.08,0.35,0.05,0.45,1.2,21.20421901028603,870419.888388305,870419.892527292
1053,eye1,pmrnet,loop,15.799259999766946,0.02,0.9319699602201581,3.4517240710556507,0.7069240091368556,0.08,0.35,0.05,0.45,1.2,23.03987804017961,870419.896389145,870419.90148011
1054,eye1,pmrnet,loop,14.533827896229923,0.02,0.3539019962772727,3.3276129979640245,0.2158640418201685,0.08,0.35,0.05,0.45,1.2,20.581206932291387,870419.904386138,870419.908283746
1055,eye1,pmrnet,loop,21.377068012952805,0.02,0.5219330778345466,9.735853993333876,0.47117797657847404,0.08,0.35,0.05,0.45,1.2,34.2560330606997,870419.91246507,870419.923194594
1056,eye1,pmrnet,loop,24.76210903842002,0.02,0.8867089636623859,7.9975639237090945,0.4035320598632097,0.08,0.35,0.05,0.45,1.2,36.19991398565471,870419.925361752,870419.93465009
1057,eye1,pmrnet,loop,22.94520800933242,0.02,1.745775924064219,3.3683819929137826,0.3970549441874027,0.08,0.35,0.05,0.45,1.2,30.60642087049782,870419.935390686,870419.940902137
1058,eye1,pmrnet,loop,21.529896068386734,0.02,0.3412209916859865,3.649285063147545,1.2264980468899012,0.08,0.35,0.05,0.45,1.2,28.896900170110165,870419.94233855,870419.947555813
1059,eye1,pmrnet,loop,24.523384985513985,0.02,0.39060809649527073,9.363910998217762,0.5403660470619798,0.08,0.35,0.05,0.45,1.2,36.968270127288996,870419.94832272,870419.958617978
1061,eye1,pmrnet,loop,16.224537044763565,0.02,0.4426640225574374,3.4091220004484057,1.7294069984927773,0.08,0.35,0.05,0.45,1.2,23.955730066262184,870419.96087584,870419.96645734
1062,eye1,pmrnet,loop,15.24919702205807,0.02,0.3420390421524644,3.675948944874108,1.1601269943639636,0.08,0.35,0.05,0.45,1.2,22.577312003448604,870419.968372893,870419.973551257
1063,eye1,pmrnet,loop,15.430173953063786,0.02,0.32960192766040564,3.632612992078066,1.4564349548891187,0.08,0.35,0.05,0.45,1.2,22.998823827691375,870419.976382031,870419.981801017
1064,eye1,pmrnet,loop,15.19366994034499,0.02,0.3542249323800206,3.6909199552610517,1.2029639910906553,0.08,0.35,0.05,0.45,1.2,22.591778819076715,870419.984384754,870419.989633179
1065,eye1,pmrnet,loop,13.843095046468079,0.02,0.349785084836185,3.363153082318604,0.2471479820087552,0.08,0.35,0.05,0.45,1.2,19.953181195631622,870419.9923916,870419.996351912
1066,eye1,pmrnet,loop,14.988412032835186,0.02,0.35180605482310057,3.6504239542409778,1.179168000817299,0.08,0.35,0.05,0.45,1.2,22.31981004271656,870420.000384401,870420.005566042
1067,eye1,pmrnet,loop,16.553137102164328,0.02,0.49549294635653496,5.1457679364830256,1.1212339159101248,0.08,0.35,0.05,0.45,1.2,25.465631900914012,870420.008436743,870420.015199755
1068,eye1,pmrnet,loop,13.985208002850413,0.02,0.324710039421916,3.580574062652886,0.39957102853804827,0.08,0.35,0.05,0.45,1.2,20.440063133463262,870420.016396051,870420.020701125
1069,eye1,pmrnet,loop,13.703825999982655,0.02,0.34083903301507235,3.3581260358914733,0.4301030421629548,0.08,0.35,0.05,0.45,1.2,19.982894111052154,870420.024359252,870420.028488536
1070,eye1,pmrnet,loop,14.185937005095184,0.02,0.39155210833996534,3.8458469789475203,0.37313997745513916,0.08,0.35,0.05,0.45,1.2,20.946476069837807,870420.032428649,870420.037039513
1071,eye1,pmrnet,loop,13.485801056958735,0.02,0.36120694130659103,3.4178049536421895,0.2306120004504919,0.08,0.35,0.05,0.45,1.2,19.645424952358006,870420.040398735,870420.044408638
1072,eye1,pmrnet,loop,20.110092940740287,0.02,0.5197660066187382,9.686995996162295,0.4328989889472723,0.08,0.35,0.05,0.45,1.2,32.89975393246859,870420.048460715,870420.05910082
1073,eye1,pmrnet,loop,23.791503976099193,0.02,0.5703570786863565,9.142134920693934,0.22338598500937223,0.08,0.35,0.05,0.45,1.2,35.877381960488854,870420.060916065,870420.07085238
1074,eye1,pmrnet,loop,23.862814996391535,0.02,3.0507019255310297,3.47774603869766,0.3778059035539627,0.08,0.35,0.05,0.45,1.2,32.919068864174186,870420.072086099,870420.078992612
1076,eye1,pmrnet,loop,14.704411034472287,0.02,0.49470202066004276,4.776126937940717,0.23511506151407957,0.08,0.35,0.05,0.45,1.2,22.360355054587124,870420.080465651,870420.085972071
1077,eye1,pmrnet,loop,13.008826994337142,0.02,0.3258540527895093,3.410852048546076,0.2108629560098052,0.08,0.35,0.05,0.45,1.2,19.10639605168253,870420.088397794,870420.092345645
1078,eye1,pmrnet,loop,13.167274999432266,0.02,0.3340599359944463,3.3025690354406834,0.5590299842879176,0.08,0.35,0.05,0.45,1.2,19.51293395515531,870420.096377089,870420.100573004
1079,eye1,pmrnet,loop,13.310063048265874,0.02,0.3427850315347314,3.7034150445833802,0.3438190324231982,0.08,0.35,0.05,0.45,1.2,19.850082156807183,870420.104394528,870420.108784761
1080,eye1,pmrnet,loop,13.483036076650023,0.02,0.3344619181007147,3.7957470631226897,0.5151960067451,0.08,0.35,0.05,0.45,1.2,20.278441064618526,870420.112381113,870420.117026763
1081,eye1,pmrnet,loop,19.38444294501096,0.02,0.3899920266121626,9.670956991612911,0.502687063999474,0.08,0.35,0.05,0.45,1.2,32.09807902723551,870420.120432302,870420.130996288
1082,eye1,pmrnet,loop,18.038855982013047,0.02,0.5656220018863678,3.7684839917346835,0.3914430271834135,0.08,0.35,0.05,0.45,1.2,24.91440500281751,870420.132994531,870420.137720566
1083,eye1,pmrnet,loop,14.718441991135478,0.02,0.34129898995161057,3.395996056497097,0.3251179587095976,0.08,0.35,0.05,0.45,1.2,20.93085499629378,870420.138407787,870420.142470418
1084,eye1,pmrnet,loop,13.463861076161265,0.02,0.32998097594827414,3.744940971955657,0.8257590234279633,0.08,0.35,0.05,0.45,1.2,20.51454204749316,870420.144383764,870420.149284679
1085,eye1,pmrnet,loop,12.395275058224797,0.02,0.3418379928916693,3.319762065075338,0.2247840166091919,0.08,0.35,0.05,0.45,1.2,18.431659132800995,870420.152398228,870420.156285006
1086,eye1,pmrnet,loop,12.664587004110217,0.02,0.3366359742358327,3.3348719589412212,0.5468259332701564,0.08,0.35,0.05,0.45,1.2,19.032920870557426,870420.160405061,870420.16462362
1087,eye1,pmrnet,loop,12.759589008055627,0.02,0.35320501774549484,3.4400629810988903,0.6051259115338326,0.08,0.35,0.05,0.45,1.2,19.307982918433844,870420.168388866,870420.172787507
1088,eye1,pmrnet,loop,13.240671018138528,0.02,0.47155399806797504,3.723748028278351,0.7470670389011502,0.08,0.35,0.05,0.45,1.2,20.333040083386003,870420.176394387,870420.181336981
1089,eye1,pmrnet,loop,13.812799006700516,0.02,0.682881916873157,4.059722064994276,0.8147460175678134,0.08,0.35,0.05,0.45,1.2,21.52014900613576,870420.184421055,870420.189978844
1090,eye1,pmrnet,loop,18.956468091346323,0.02,0.5056860391050577,9.801878011785448,0.4383469931781292,0.08,0.35,0.05,0.45,1.2,31.852379135414957,870420.192443767,870420.203190169
1091,eye1,pmrnet,loop,19.453971995972097,0.02,2.7749069267883897,4.326491034589708,0.22733502555638552,0.08,0.35,0.05,0.45,1.2,28.93270498290658,870420.204428738,870420.211757794
1092,eye1,pmrnet,loop,22.11460203398019,0.02,0.4984290571883321,7.641212083399296,0.6690660957247019,0.08,0.35,0.05,0.45,1.2,33.07330927029252,870420.213678223,870420.222487317
1093,eye1,pmrnet,loop,18.576335976831615,0.02,0.32597791869193316,3.280962002463639,0.21405692677944899,0.08,0.35,0.05,0.45,1.2,24.547332824766634,870420.223197032,870420.227018261
1094,eye1,pmrnet,loop,15.769827994517982,0.02,0.3176969476044178,3.3515080576762557,0.21162396296858788,0.08,0.35,0.05,0.45,1.2,21.800656962767242,870420.228399623,870420.232280682
1095,eye1,pmrnet,loop,22.32127997558564,0.02,0.5363629898056388,9.564081090502441,0.3725349670276046,0.08,0.35,0.05,0.45,1.2,34.94425902292132,870420.236427022,870420.246900492
1096,eye1,pmrnet,loop,26.06951294001192,0.02,0.49543206114321947,9.64693701826036,0.4619150422513485,0.08,0.35,0.05,0.45,1.2,38.823797061666845,870420.248113132,870420.258717915
1098,eye1,pmrnet,loop,28.46216398756951,0.02,0.5900460528209805,9.68669494614005,0.4522430244833231,0.08,0.35,0.05,0.45,1.2,41.341148011013864,870420.266519055,870420.277248494
1100,eye1,pmrnet,loop,23.7533439649269,0.02,0.44301000889390707,4.256935906596482,0.8296659216284752,0.08,0.35,0.05,0.45,1.2,31.43295580204576,870420.283148389,870420.288678224
1101,eye1,pmrnet,loop,24.432335048913956,0.02,0.34461694303900003,7.1850919630378485,0.46623998787254095,0.08,0.35,0.05,0.45,1.2,34.578283942863344,870420.289429601,870420.297425872
1102,eye1,pmrnet,loop,30.9038320556283,0.02,0.5403190152719617,11.026869062334299,0.6631260039284825,0.08,0.35,0.05,0.45,1.2,45.28414613716304,870420.299733806,870420.311964576
1104,eye1,pmrnet,loop,27.1654250100255,0.02,0.5287930835038424,10.014137020334601,0.48595305997878313,0.08,0.35,0.05,0.45,1.2,40.34430817384273,870420.313335788,870420.324365191
1106,eye1,pmrnet,loop,23.99676200002432,0.02,0.5061510019004345,9.741891059093177,0.5120290443301201,0.08,0.35,0.05,0.45,1.2,36.90683310534805,870420.326574468,870420.337334975
1107,eye1,pmrnet,loop,28.587409062311053,0.02,1.6779539873823524,9.438849054276943,0.3578459145501256,0.08,0.35,0.05,0.45,1.2,42.21205801852047,870420.338519448,870420.349994569
1109,eye1,pmrnet,loop,25.00422392040491,0.02,2.0268100779503584,7.802598061971366,0.5456380313262343,0.08,0.35,0.05,0.45,1.2,37.52927009165287,870420.352174564,870420.362550031
1110,eye1,pmrnet,loop,25.59628593735397,0.02,3.807747969403863,3.5887790145352483,0.47995499335229397,0.08,0.35,0.05,0.45,1.2,35.62276791464537,870420.363334219,870420.371210974
1112,eye1,pmrnet,loop,16.222340054810047,0.02,0.5096440436318517,4.057246958836913,0.5012350156903267,0.08,0.35,0.05,0.45,1.2,23.440466072969137,870420.37290688,870420.377975338
1113,eye1,pmrnet,loop,15.93522890470922,0.02,0.3580100601539016,4.662798019126058,0.3304269630461931,0.08,0.35,0.05,0.45,1.2,23.43646394703537,870420.380405729,870420.385757198
1114,eye1,pmrnet,loop,14.805051032453775,0.02,0.3414429957047105,3.546951920725405,0.39771106094121933,0.08,0.35,0.05,0.45,1.2,21.24115700982511,870420.38840937,870420.392695717
1115,eye1,pmrnet,loop,20.941936993040144,0.02,0.5139920394867659,9.56745503935963,0.3687440184876323,0.08,0.35,0.05,0.45,1.2,33.54212809037418,870420.396450289,870420.406900938
1116,eye1,pmrnet,loop,24.617841001600027,0.02,0.519575085490942,9.698978043161333,0.23053307086229324,0.08,0.35,0.05,0.45,1.2,37.21692720111459,870420.408197294,870420.418646794
1118,eye1,pmrnet,loop,15.811724006198347,0.02,0.7095990004017949,4.4282079907134175,0.40771299973130226,0.08,0.35,0.05,0.45,1.2,23.50724399704486,870420.420432971,870420.425978739
1119,eye1,pmrnet,loop,16.16893196478486,0.02,0.3518579760566354,5.045095109380782,0.5811819573864341,0.08,0.35,0.05,0.45,1.2,24.29706700760871,870420.428426403,870420.434404825
1120,eye1,pmrnet,loop,14.246882987208664,0.02,0.3339559771120548,3.319157985970378,0.38467603735625744,0.08,0.35,0.05,0.45,1.2,20.434672987647353,870420.436513743,870420.440551875
1121,eye1,pmrnet,loop,17.199738998897374,0.02,0.4991220775991678,4.993338952772319,1.6193310730159283,0.08,0.35,0.05,0.45,1.2,26.461531102284788,870420.444461381,870420.451573529
1122,eye1,pmrnet,loop,15.061065903864801,0.02,0.3631210420280695,4.308913019485772,0.3269389271736145,0.08,0.35,0.05,0.45,1.2,22.210038892552255,870420.452504575,870420.457503776
1123,eye1,pmrnet,loop,20.604598917998374,0.02,0.4900810308754444,9.732378995977342,0.4569410812109709,0.08,0.35,0.05,0.45,1.2,33.43400002606214,870420.460436373,870420.471116289
1124,eye1,pmrnet,loop,22.26863196119666,0.02,0.5184869514778256,7.5739509193226695,0.3887489438056946,0.08,0.35,0.05,0.45,1.2,32.89981877580285,870420.472368764,870420.480850303
1125,eye1,pmrnet,loop,26.426075026392937,0.02,0.513743027113378,9.634439018554986,0.372536014765501,0.08,0.35,0.05,0.45,1.2,39.0967930868268,870420.48255481,870420.493075969
1127,eye1,pmrnet,loop,22.897340008057654,0.02,1.172007992863655,9.764611953869462,0.44701306615024805,0.08,0.35,0.05,0.45,1.2,36.43097302094102,870420.494301249,870420.505685542
1128,eye1,pmrnet,loop,22.89132704026997,0.02,2.389407018199563,3.35378700401634,0.20986399613320827,0.08,0.35,0.05,0.45,1.2,30.99438505861908,870420.507795937,870420.51374926
1129,eye1,pmrnet,loop,19.99161101412028,0.02,0.3610949497669935,3.6532790400087833,0.44401607010513544,0.08,0.35,0.05,0.45,1.2,26.60000107400119,870420.51445999,870420.518918614
1130,eye1,pmrnet,loop,16.731290030293167,0.02,0.3105970099568367,3.4076899755746126,0.4085199907422066,0.08,0.35,0.05,0.45,1.2,23.00809700656682,870420.519600315,870420.523727346
1131,eye1,pmrnet,loop,15.897330944426358,0.02,0.4977709613740444,4.56609099637717,0.4232969367876649,0.08,0.35,0.05,0.45,1.2,23.534489838965236,870420.525474793,870420.530962379
1132,eye1,pmrnet,loop,13.248989009298384,0.02,0.3373119980096817,3.21072805672884,0.39247493259608746,0.08,0.35,0.05,0.45,1.2,19.339503996632992,870420.532442015,870420.536382802
1133,eye1,pmrnet,loop,13.758115004748106,0.02,0.34506700467318296,3.6930550122633576,0.46418991405516863,0.08,0.35,0.05,0.45,1.2,20.410426935739814,870420.540458401,870420.544960985
1134,eye1,pmrnet,loop,19.942849990911782,0.02,0.4825479118153453,9.770283941179514,0.5185279296711087,0.08,0.35,0.05,0.45,1.2,32.86420977357775,870420.548442209,870420.559214104
1135,eye1,pmrnet,loop,17.731121042743325,0.02,1.1433579493314028,3.357360023073852,0.5353119922801852,0.08,0.35,0.05,0.45,1.2,24.917151007428764,870420.560035596,870420.565071919
1136,eye1,pmrnet,loop,15.13943390455097,0.02,0.33413199707865715,3.433609032072127,0.3900810843333602,0.08,0.35,0.05,0.45,1.2,21.447256018035112,870420.566390976,870420.570549036
1137,eye1,pmrnet,loop,12.97873503062874,0.02,0.35850994754582644,3.4353570081293583,0.24441501591354609,0.08,0.35,0.05,0.45,1.2,19.16701700221747,870420.572418721,870420.576457214
1138,eye1,pmrnet,loop,19.89118999335915,0.02,0.5001260433346033,10.184468002989888,0.28345000464469194,0.08,0.35,0.05,0.45,1.2,33.00923404432833,870420.580469273,870420.591437789
1139,eye1,pmrnet,loop,17.450097016990185,0.02,0.41511503513902426,3.369478974491358,0.4320000298321247,0.08,0.35,0.05,0.45,1.2,23.81669105645269,870420.592850214,870420.59706701
1140,eye1,pmrnet,loop,14.568956918083131,0.02,0.2680419711396098,3.48359695635736,0.3326790174469352,0.08,0.35,0.05,0.45,1.2,20.803274863027035,870420.598170425,870420.602254989
1141,eye1,pmrnet,loop,12.790904962457716,0.02,0.3539770841598511,3.336446941830218,0.44150406029075384,0.08,0.35,0.05,0.45,1.2,19.072833048738538,870420.604413787,870420.60854595
1142,eye1,pmrnet,loop,19.243457005359232,0.02,0.5038429517298937,9.617117000743747,0.48840499948710203,0.08,0.35,0.05,0.45,1.2,32.00282195731997,870420.612456667,870420.6230665
1143,eye1,pmrnet,loop,22.898343042470515,0.02,0.6189870182424784,9.52616601716727,0.3471239469945431,0.08,0.35,0.05,0.45,1.2,35.540620024874805,870420.624297324,870420.63479023
1145,eye1,pmrnet,loop,13.24445498175919,0.02,0.5026540020480752,3.4641959937289357,0.3862399607896805,0.08,0.35,0.05,0.45,1.2,19.74754493832588,870420.636921924,870420.641275388
1146,eye1,pmrnet,loop,12.655794969759881,0.02,0.3351210616528988,3.5121189430356026,0.4756359849125147,0.08,0.35,0.05,0.45,1.2,19.128670959360896,870420.644432668,870420.648755792
1147,eye1,pmrnet,loop,12.190286070108414,0.02,0.3208480775356293,3.219040110707283,0.40174496825784445,0.08,0.35,0.05,0.45,1.2,18.28191922660917,870420.652417285,870420.656359199
1148,eye1,pmrnet,loop,18.86849000584334,0.02,0.5081739509478211,9.761036024428904,0.3808169858530164,0.08,0.35,0.05,0.45,1.2,31.66851696707308,870420.660455057,870420.671105677
1149,eye1,pmrnet,loop,21.565344999544322,0.02,0.5685379728674889,8.753125090152025,0.20984199363738298,0.08,0.35,0.05,0.45,1.2,33.246850056201225,870420.672340364,870420.681872297
1150,eye1,pmrnet,loop,20.12101502623409,0.02,0.4975500050932169,4.044480039738119,0.4421949852257967,0.08,0.35,0.05,0.45,1.2,27.25524005629122,870420.683512229,870420.68849695
1151,eye1,pmrnet,loop,19.612058997154236,0.02,0.31522405333817005,6.291509955190122,0.2365359105169773,0.08,0.35,0.05,0.45,1.2,28.605328916199504,870420.689213208,870420.696056746
1152,eye1,pmrnet,loop,17.195660970173776,0.02,0.3323190612718463,4.207188030704856,0.36614108830690384,0.08,0.35,0.05,0.45,1.2,24.25130915045738,870420.696803488,870420.701709568
1153,eye1,pmrnet,loop,21.287371055223048,0.02,0.34406897611916065,8.714219904504716,0.4055340541526675,0.08,0.35,0.05,0.45,1.2,32.90119398999959,870420.70440569,870420.713869772
1154,eye1,pmrnet,loop,18.034000997431576,0.02,0.3509119851514697,3.2154640648514032,0.2202639589086175,0.08,0.35,0.05,0.45,1.2,23.970641006343065,870420.714898603,870420.718685553
1155,eye1,pmrnet,loop,19.979206030257046,0.02,0.3312290646135807,7.449105964042246,0.48365502152591944,0.08,0.35,0.05,0.45,1.2,30.39319608043879,870420.72043477,870420.728699082
1156,eye1,pmrnet,loop,23.789154016412795,0.02,0.5076889647170901,9.815739002078772,0.3750029718503356,0.08,0.35,0.05,0.45,1.2,36.63758495505899,870420.729879154,870420.740578237
1157,eye1,pmrnet,loop,27.7647360926494,0.02,0.5195609992370009,9.276275988668203,0.23372203577309847,0.08,0.35,0.05,0.45,1.2,39.9442951163277,870420.742593269,870420.75262323
1159,eye1,pmrnet,loop,16.566973994486034,0.02,0.32883696258068085,3.4118249313905835,0.5049740429967642,0.08,0.35,0.05,0.45,1.2,22.96260993145406,870420.753317942,870420.757563801
1160,eye1,pmrnet,loop,15.311053022742271,0.02,0.3211291041225195,3.214602009393275,0.4211169434711337,0.08,0.35,0.05,0.45,1.2,21.417901079729198,870420.760420043,870420.764377147
1161,eye1,pmrnet,loop,21.77614497486502,0.02,0.49607595428824425,9.60338197182864,0.3606039099395275,0.08,0.35,0.05,0.45,1.2,34.38620681092143,870420.768449639,870420.77891026
1162,eye1,pmrnet,loop,20.46440599951893,0.02,0.8367670234292746,3.699554014019668,1.0904540540650487,0.08,0.35,0.05,0.45,1.2,28.24118109103292,870420.780041064,870420.785668086
1163,eye1,pmrnet,loop,24.972304003313184,0.02,0.5029089516028762,9.705181000754237,0.679449993185699,0.08,0.35,0.05,0.45,1.2,38.009843948855995,870420.787355813,870420.798243901
1164,eye1,pmrnet,loop,28.776325983926654,0.02,0.4936030600219965,9.668237995356321,0.5012439796701074,0.08,0.35,0.05,0.45,1.2,41.58941101897508,870420.799454352,870420.810118058
1166,eye1,pmrnet,loop,24.69078009016812,0.02,0.5046119913458824,8.828312042169273,0.5437380168586969,0.08,0.35,0.05,0.45,1.2,36.71744214054197,870420.812294115,870420.822171196
1167,eye1,pmrnet,loop,21.85045089572668,0.02,0.3444880712777376,3.638504073023796,0.46935793943703175,0.08,0.35,0.05,0.45,1.2,28.452800979465245,870420.822947667,870420.827400264
1168,eye1,pmrnet,loop,23.959112004376948,0.02,0.6515959976240993,7.566533982753754,0.437702052295208,0.08,0.35,0.05,0.45,1.2,34.76494403705001,870420.82892162,870420.837577814
1169,eye1,pmrnet,loop,21.325443987734616,0.02,1.1738849570974708,3.3170079113915563,0.21154002752155066,0.08,0.35,0.05,0.45,1.2,28.177876883745192,870420.838310683,870420.843013455
1170,eye1,pmrnet,loop,18.68265401571989,0.02,0.32166100572794676,4.038162995129824,0.3382930299267173,0.08,0.35,0.05,0.45,1.2,25.530771046504377,870420.843741214,870420.848439699
1171,eye1,pmrnet,loop,17.10565702524036,0.02,0.36231696140021086,4.418672993779182,0.33373397309333086,0.08,0.35,0.05,0.45,1.2,24.370380953513084,870420.849816404,870420.854931384
1172,eye1,pmrnet,loop,15.411320957355201,0.02,0.3633709857240319,4.174806061200798,0.3316879738122225,0.08,0.35,0.05,0.45,1.2,22.431185978092252,870420.856436107,870420.861306212
1173,eye1,pmrnet,loop,14.367882977239788,0.02,0.3262889804318547,3.3136989222839475,0.20684301853179932,0.08,0.35,0.05,0.45,1.2,20.364713898487388,870420.864484762,870420.868331929
1174,eye1,pmrnet,loop,20.404517999850214,0.02,0.4983379039913416,9.221430053003132,0.28613791801035404,0.08,0.35,0.05,0.45,1.2,32.56042387485504,870420.872430617,870420.882437027
1175,eye1,pmrnet,loop,18.294756999239326,0.02,0.46920194290578365,4.138348042033613,0.6217469926923513,0.08,0.35,0.05,0.45,1.2,25.674053976871072,870420.883166789,870420.88839642
1176,eye1,pmrnet,loop,17.77372497599572,0.02,0.36362907849252224,4.631376941688359,1.2109610252082348,0.08,0.35,0.05,0.45,1.2,26.129692021384834,870420.889738338,870420.895944566
1177,eye1,pmrnet,loop,15.550093026831746,0.02,0.3272059839218855,3.425830975174904,1.306392950937152,0.08,0.35,0.05,0.45,1.2,22.759522936865686,870420.896730345,870420.901790028
1178,eye1,pmrnet,loop,14.015194959938526,0.02,0.33417006488889456,3.307228907942772,0.20868098363280296,0.08,0.35,0.05,0.45,1.2,20.015274916402994,870420.90447397,870420.908324268
1179,eye1,pmrnet,loop,16.56111003831029,0.02,0.48975308891385794,5.782269989140332,0.2186500933021307,0.08,0.35,0.05,0.45,1.2,25.20178320966661,870420.912447752,870420.918938945
1180,eye1,pmrnet,loop,14.39694908913225,0.02,0.3458209102973342,3.3638690365478396,0.6883780006319284,0.08,0.35,0.05,0.45,1.2,20.94501703660935,870420.920445662,870420.924843976
1181,eye1,pmrnet,loop,14.249484986066818,0.02,0.355200027115643,3.284978913143277,0.698431977070868,0.08,0.35,0.05,0.45,1.2,20.738095903396605,870420.928426594,870420.932765429
1182,eye1,pmrnet,loop,20.161801017820835,0.02,0.5015799542888999,9.444115101359785,0.3403919981792569,0.08,0.35,0.05,0.45,1.2,32.597888071648775,870420.936459658,870420.946746252
1183,eye1,pmrnet,loop,17.35137205105275,0.02,0.48543803859502077,3.484293003566563,0.40150596760213375,0.08,0.35,0.05,0.45,1.2,23.872609060816465,870420.947633866,870420.952005359
1184,eye1,pmrnet,loop,21.565554081462324,0.02,0.4964950494468212,9.711051010526717,0.48924190923571587,0.08,0.35,0.05,0.45,1.2,34.412342050671576,870420.953589917,870420.964287123
1185,eye1,pmrnet,loop,24.870813940651715,0.02,0.5009929882362485,9.15205106139183,0.5157140549272299,0.08,0.35,0.05,0.45,1.2,37.18957204520702,870420.965491616,870420.975661113
1187,eye1,pmrnet,loop,16.667488031089306,0.02,0.5165829788893461,3.4436510177329183,0.6747619481757283,0.08,0.35,0.05,0.45,1.2,23.452483975887297,870420.978961038,870420.983596377
1188,eye1,pmrnet,loop,20.38594800978899,0.02,0.5172230303287506,9.701438015326858,0.4446170059964061,0.08,0.35,0.05,0.45,1.2,33.199226061441,870420.984720523,870420.995384388
1189,eye1,pmrnet,loop,18.20556609891355,0.02,0.5097859539091587,3.4917270531877875,0.5066159646958113,0.08,0.35,0.05,0.45,1.2,24.863695070706306,870420.996765067,870421.001273424
1190,eye1,pmrnet,loop,14.784610946662724,0.02,0.3302179975435138,3.2467179698869586,0.3998179454356432,0.08,0.35,0.05,0.45,1.2,20.911364859528838,870421.001944315,870421.005921335
1191,eye1,pmrnet,loop,19.739493960514665,0.02,0.4908740520477295,9.602549020200968,0.37253706250339746,0.08,0.35,0.05,0.45,1.2,32.35545409526676,870421.00847806,870421.018944508
1192,eye1,pmrnet,loop,20.02688404172659,0.02,2.3532580817118287,3.3602860057726502,0.830457080155611,0.08,0.35,0.05,0.45,1.2,28.720885209366678,870421.02075748,870421.027301731
1193,eye1,pmrnet,loop,23.800431983545423,0.02,0.4822510527446866,9.632156929001212,0.6098769372329116,0.08,0.35,0.05,0.45,1.2,36.67471690252423,870421.028418586,870421.039143343
1195,eye1,pmrnet,loop,15.399492927826941,0.02,0.5181949818506837,4.726459970697761,0.45290798880159855,0.08,0.35,0.05,0.45,1.2,23.247055869176982,870421.041183135,870421.046881147
1196,eye1,pmrnet,loop,13.30870995298028,0.02,0.3359009278938174,3.749208990484476,0.33321999944746494,0.08,0.35,0.05,0.45,1.2,19.877039870806037,870421.048441016,870421.052859657
1197,eye1,pmrnet,loop,19.259363994933665,0.02,0.4881169879809022,9.56253008916974,0.3709159791469574,0.08,0.35,0.05,0.45,1.2,31.830927051231264,870421.056456134,870421.066878218
1198,eye1,pmrnet,loop,17.267430084757507,0.02,0.36360800731927156,3.3583490876480937,0.33434503711760044,0.08,0.35,0.05,0.45,1.2,23.47373221684247,870421.06889986,870421.072956423
1199,eye1,pmrnet,loop,13.855454977601767,0.02,0.38926093839108944,3.344643977470696,0.20615209359675646,0.08,0.35,0.05,0.45,1.2,19.945511987060307,870421.073673137,870421.077613424
1200,eye1,pmrnet,loop,12.676829937845469,0.02,0.32376404851675034,3.3466279273852706,0.3882299643009901,0.08,0.35,0.05,0.45,1.2,18.885451878048478,870421.080444934,870421.084503809
1201,eye1,pmrnet,loop,19.57981300074607,0.02,0.501772970892489,10.177341988310218,0.327393994666636,0.08,0.35,0.05,0.45,1.2,32.73632195461541,870421.088468483,870421.099475437
1202,eye1,pmrnet,loop,19.78468499146402,0.02,2.763535943813622,4.1614260990172625,0.43699995148926973,0.08,0.35,0.05,0.45,1.2,29.29664698578417,870421.100387281,870421.107749549
1203,eye1,pmrnet,loop,22.286648978479207,0.02,0.5183739122003317,5.065157078206539,0.3954028943553567,0.08,0.35,0.05,0.45,1.2,30.415582863241433,870421.112341197,870421.118320528
1204,eye1,pmrnet,loop,23.9249209407717,0.02,0.32438302878290415,8.232852909713984,0.4594919737428427,0.08,0.35,0.05,0.45,1.2,35.09164885301143,870421.119010898,870421.12802802
1206,eye1,pmrnet,loop,14.94274998549372,0.02,0.5036420188844204,4.051891970448196,0.6128760287538171,0.08,0.35,0.05,0.45,1.2,22.26116000358015,870421.130015688,870421.135184508
1207,eye1,pmrnet,loop,12.305502081289887,0.02,0.3370080376043916,3.4962219651788473,0.34368596971035004,0.08,0.35,0.05,0.45,1.2,18.632418053783475,870421.13643937,870421.140616542
1208,eye1,pmrnet,loop,13.10704997740686,0.02,0.32925501000136137,3.5832589492201805,1.1474920902401209,0.08,0.35,0.05,0.45,1.2,20.31705602686852,870421.144426573,870421.149486814
1209,eye1,pmrnet,loop,18.604391952976584,0.02,0.6100570317357779,9.593160939402878,0.36013207864016294,0.08,0.35,0.05,0.45,1.2,31.317742002755402,870421.152489095,870421.163052906
1210,eye1,pmrnet,loop,17.67152000684291,0.02,0.8888309821486473,3.373746993020177,1.4712050324305892,0.08,0.35,0.05,0.45,1.2,25.555303014442323,870421.164455352,870421.17018942
1211,eye1,pmrnet,loop,22.463997011072934,0.02,0.5068460013717413,9.554223041050136,0.5149430362507701,0.08,0.35,0.05,0.45,1.2,35.19000908974558,870421.172473695,870421.183050155
1212,eye1,pmrnet,loop,26.328708045184612,0.02,0.49022899474948645,9.661515010520816,0.4881779896095395,0.08,0.35,0.05,0.45,1.2,39.11863004006445,870421.184342783,870421.194983201
1214,eye1,pmrnet,loop,22.23936200607568,0.02,0.36195293068885803,9.439373039640486,0.37219503428786993,0.08,0.35,0.05,0.45,1.2,34.56288301069289,870421.196858515,870421.207032384
1215,eye1,pmrnet,loop,20.11466003023088,0.02,0.5084569565951824,3.8776471046730876,0.33531791996210814,0.08,0.35,0.05,0.45,1.2,26.986082011461257,870421.208255787,870421.212977703
1216,eye1,pmrnet,loop,18.677348038181663,0.02,0.3341239644214511,3.582512028515339,1.3220009859651327,0.08,0.35,0.05,0.45,1.2,26.065985017083584,870421.214370483,870421.219609379
1217,eye1,pmrnet,loop,15.492158941924572,0.02,0.32394297886639833,3.2661600271239877,0.4339889856055379,0.08,0.35,0.05,0.45,1.2,21.666250933520494,870421.220468831,870421.224493159
1218,eye1,pmrnet,loop,16.419027000665665,0.02,0.32246601767838,3.542421036399901,1.1523059802129865,0.08,0.35,0.05,0.45,1.2,23.58622003495693,870421.228471555,870421.233488988
1219,eye1,pmrnet,loop,19.08168802037835,0.02,0.498114968650043,6.729538086801767,0.5257170414552093,0.08,0.35,0.05,0.45,1.2,28.98505811728537,870421.236466589,870421.244220372
1220,eye1,pmrnet,loop,17.457745037972927,0.02,0.32546697184443474,3.3559169387444854,2.0453130127862096,0.08,0.35,0.05,0.45,1.2,25.334441961348055,870421.244938608,870421.250665571
1221,eye1,pmrnet,loop,21.63418906275183,0.02,0.548367970623076,9.542829007841647,0.357366050593555,0.08,0.35,0.05,0.45,1.2,34.232752091810106,870421.25246122,870421.262910383
1222,eye1,pmrnet,loop,19.652904011309147,0.02,1.3413180131465197,3.417816013097763,0.4089289577677846,0.08,0.35,0.05,0.45,1.2,26.970966995321213,870421.263830516,870421.268998884
1223,eye1,pmrnet,loop,23.51446298416704,0.02,0.4974090261384845,9.56897099968046,0.352775095961988,0.08,0.35,0.05,0.45,1.2,36.08361810594797,870421.27050884,870421.280928472
1224,eye1,pmrnet,loop,27.065837057307363,0.02,0.4896699683740735,9.470624034292996,0.39367005228996277,0.08,0.35,0.05,0.45,1.2,39.56980111226439,870421.28219436,870421.292548832
1226,eye1,pmrnet,loop,23.887504008598626,0.02,0.5319199990481138,9.673253051005304,0.4916680045425892,0.08,0.35,0.05,0.45,1.2,36.73434506319463,870421.294810454,870421.305507688
1227,eye1,pmrnet,loop,27.72205392830074,0.02,0.5276110023260117,9.660430019721389,0.45609206426888704,0.08,0.35,0.05,0.45,1.2,40.516187014617024,870421.30676734,870421.317412024
1229,eye1,pmrnet,loop,26.885956060141325,0.02,2.754244953393936,10.060753091238439,0.45559892896562815,0.08,0.35,0.05,0.45,1.2,42.30655303373933,870421.319442875,870421.332714092
1231,eye1,pmrnet,loop,22.46886701323092,0.02,0.5018129013478756,9.583870065398514,0.4468620754778385,0.08,0.35,0.05,0.45,1.2,35.15141205545515,870421.333902069,870421.344435126
1232,eye1,pmrnet,loop,27.333882986567914,0.02,0.5198790458962321,9.733586106449366,0.47578196972608566,0.08,0.35,0.05,0.45,1.2,40.2131301086396,870421.346638869,870421.357368706
1234,eye1,pmrnet,loop,20.853824098594487,0.02,0.5271750269457698,6.20562897529453,1.7061399994418025,0.08,0.35,0.05,0.45,1.2,31.442768100276588,870421.358588097,870421.367027526
1235,eye1,pmrnet,loop,26.521057006902993,0.02,0.5509520415216684,10.506580001674592,0.5989429773762822,0.08,0.35,0.05,0.45,1.2,40.327532027475534,870421.369105947,870421.380762914
1237,eye1,pmrnet,loop,16.580850002355874,0.02,0.36627904046326876,4.022451001219451,0.8152530062943697,0.08,0.35,0.05,0.45,1.2,23.934833050332962,870421.381757479,870421.386961699
1238,eye1,pmrnet,loop,19.10615002270788,0.02,0.5180829903110862,8.114220923744142,0.41889597196131945,0.08,0.35,0.05,0.45,1.2,30.307349908724426,870421.388504189,870421.397555831
1239,eye1,pmrnet,loop,15.813895035535097,0.02,0.3275880590081215,3.2308290246874094,0.48591301310807467,0.08,0.35,0.05,0.45,1.2,22.0082251323387,870421.3982883,870421.402332821
1240,eye1,pmrnet,loop,14.348629978485405,0.02,0.3160299966111779,3.6133209941908717,0.57423603720963,0.08,0.35,0.05,0.45,1.2,21.002217006497084,870421.404432607,870421.40893642
1241,eye1,pmrnet,loop,14.267181046307087,0.02,0.3392590442672372,3.6599849117919803,0.45565294567495584,0.08,0.35,0.05,0.45,1.2,20.87207794804126,870421.412468773,870421.416923928
1242,eye1,pmrnet,loop,13.765876996330917,0.02,0.329631962813437,3.5273409448564053,0.20608305931091309,0.08,0.35,0.05,0.45,1.2,19.97893296331167,870421.420428646,870421.424491954
1243,eye1,pmrnet,loop,20.377156091853976,0.02,0.4759840667247772,9.736973908729851,0.4572070902213454,0.08,0.35,0.05,0.45,1.2,33.19732115752995,870421.42850209,870421.439172761
1244,eye1,pmrnet,loop,24.972509942017496,0.02,0.5112349754199386,9.535082033835351,0.8695829892531037,0.08,0.35,0.05,0.45,1.2,38.03840994052589,870421.440919942,870421.451836347
1246,eye1,pmrnet,loop,16.200897051021457,0.02,0.520584057085216,3.810731926932931,0.9676360059529543,0.08,0.35,0.05,0.45,1.2,23.649849040992557,870421.453904601,870421.459203945
1247,eye1,pmrnet,loop,20.09985805489123,0.02,0.49754593055695295,9.414299041964114,0.47156400978565216,0.08,0.35,0.05,0.45,1.2,32.633267037197946,870421.460786813,870421.471170701
1248,eye1,pmrnet,loop,23.58493208885193,0.02,2.077750046737492,7.88290798664093,0.7166649447754025,0.08,0.35,0.05,0.45,1.2,36.41225506700575,870421.472047378,870421.482725038
1250,eye1,pmrnet,loop,14.238380943425,0.02,0.5066889571025968,4.174035042524338,0.3315609646961093,0.08,0.35,0.05,0.45,1.2,21.400665907748042,870421.484504586,870421.489517274
1251,eye1,pmrnet,loop,20.531593007035553,0.02,0.4824239294975996,9.595896932296455,1.3112040469422936,0.08,0.35,0.05,0.45,1.2,34.07111791577191,870421.492488821,870421.503878797
1252,eye1,pmrnet,loop,26.305036037229,0.02,2.5848509976640344,8.967798901721835,0.2165599726140499,0.08,0.35,0.05,0.45,1.2,40.22424590922892,870421.505952112,870421.517721721
1254,eye1,pmrnet,loop,15.362732927314937,0.02,0.5571510409936309,3.419667948037386,0.5189699586480856,0.08,0.35,0.05,0.45,1.2,22.008521874994038,870421.51842161,870421.522917621
1255,eye1,pmrnet,loop,19.958336954005063,0.02,0.4893980221822858,9.948984021320939,0.5640280432999134,0.08,0.35,0.05,0.45,1.2,33.1107470408082,870421.524578522,870421.535581412
1256,eye1,pmrnet,loop,23.946778033860028,0.02,0.5080009577795863,9.383575059473515,0.8421340025961399,0.08,0.35,0.05,0.45,1.2,36.83048805370927,870421.536904869,870421.547639003
1258,eye1,pmrnet,loop,20.446460926905274,0.02,0.6212759763002396,9.671453037299216,0.45867194421589375,0.08,0.35,0.05,0.45,1.2,33.34786188472063,870421.549524361,870421.560276291
1259,eye1,pmrnet,loop,24.32756603229791,0.02,0.4778930451720953,9.807746042497456,0.5189720541238785,0.08,0.35,0.05,0.45,1.2,37.28217717409134,870421.56142075,870421.572225785
1261,eye1,pmrnet,loop,21.932438015937805,0.02,0.551631092093885,10.352401994168758,0.7034559966996312,0.08,0.35,0.05,0.45,1.2,35.68992709890008,870421.57436044,870421.585968371
1262,eye1,pmrnet,loop,22.735197911970317,0.02,0.52103609777987,6.829595076851547,0.20532298367470503,0.08,0.35,0.05,0.45,1.2,32.44115207027644,870421.587285732,870421.594842188
1263,eye1,pmrnet,loop,21.64025802630931,0.02,0.25253999046981335,4.458357929252088,0.5705109797418118,0.08,0.35,0.05,0.45,1.2,29.071666925773023,870421.596534525,870421.601816162
1264,eye1,pmrnet,loop,19.241241039708257,0.02,0.31777098774909973,4.3482399778440595,0.31999603379517794,0.08,0.35,0.05,0.45,1.2,26.377248039096592,870421.602499931,870421.607486199
1265,eye1,pmrnet,loop,16.868949052877724,0.02,0.31294801738113165,4.409190965816379,0.32019009813666344,0.08,0.35,0.05,0.45,1.2,24.061278134211896,870421.608140335,870421.613182923
1266,eye1,pmrnet,loop,15.431245090439916,0.02,0.3113970160484314,3.55591403786093,1.5877620317041874,0.08,0.35,0.05,0.45,1.2,23.036318176053463,870421.614358757,870421.619814113
1267,eye1,pmrnet,loop,15.802889945916831,0.02,0.3206710098311305,3.2144089927896857,0.20491203758865595,0.08,0.35,0.05,0.45,1.2,21.692881986126302,870421.624514637,870421.628254879
1268,eye1,pmrnet,loop,22.233502939343452,0.02,0.46389398630708456,9.376443922519684,0.4137390060350299,0.08,0.35,0.05,0.45,1.2,34.63757985420525,870421.63249908,870421.642753602
1269,eye1,pmrnet,loop,24.544178042560816,0.02,0.5133679369464517,7.02487793751061,0.4808990051969886,0.08,0.35,0.05,0.45,1.2,34.713322922214864,870421.64511448,870421.653134005
1270,eye1,pmrnet,loop,21.124121034517884,0.02,0.31793094240128994,3.325382014736533,0.37189899012446404,0.08,0.35,0.05,0.45,1.2,27.28933298178017,870421.653767537,870421.65778303
1271,eye1,pmrnet,loop,17.570497002452612,0.02,0.31044904608279467,3.2516960054636,0.3236199263483286,0.08,0.35,0.05,0.45,1.2,23.606261980347334,870421.658412535,870421.662298532
1272,eye1,pmrnet,loop,16.185725922696292,0.02,0.3189290873706341,3.654259955510497,0.5592569941654801,0.08,0.35,0.05,0.45,1.2,22.868171959742902,870421.664449936,870421.668982611
1273,eye1,pmrnet,loop,15.812559984624386,0.02,0.3531429683789611,3.4674619091674685,0.3897129790857434,0.08,0.35,0.05,0.45,1.2,22.172877841256557,870421.672467966,870421.676678574
1274,eye1,pmrnet,loop,20.055642002262175,0.02,0.42421102989465,7.14764604344964,0.9790969779714942,0.08,0.35,0.05,0.45,1.2,30.756596053577958,870421.680439129,870421.688990353
1275,eye1,pmrnet,loop,18.094639061018825,0.02,0.3543930361047387,3.846958978101611,0.48478099051862955,0.08,0.35,0.05,0.45,1.2,24.930772065743803,870421.690411683,870421.695098117
1276,eye1,pmrnet,loop,15.413258923217654,0.02,0.34300400875508785,3.2868339912965894,0.41222095023840666,0.08,0.35,0.05,0.45,1.2,21.605317873507737,870421.696443919,870421.700486213
1277,eye1,pmrnet,loop,15.505717019550502,0.02,0.3480770392343402,3.4406910417601466,0.40856096893548965,0.08,0.35,0.05,0.45,1.2,21.853046069480477,870421.704450194,870421.708647735
1278,eye1,pmrnet,loop,16.414168057963252,0.02,0.36750605795532465,4.457934061065316,0.33364701084792614,0.08,0.35,0.05,0.45,1.2,23.723255187831818,870421.712465708,870421.717625111
1279,eye1,pmrnet,loop,19.189703045412898,0.02,0.37891301326453686,4.564678994938731,3.0552459647879004,0.08,0.35,0.05,0.45,1.2,29.338541018404065,870421.72046948,870421.728468605
1280,eye1,pmrnet,loop,19.673920003697276,0.02,0.38647197652608156,5.299521959386766,1.516505959443748,0.08,0.35,0.05,0.45,1.2,29.02641989905387,870421.729819435,870421.737022157
1281,eye1,pmrnet,loop,17.438855022192,0.02,0.3565059741958976,3.955185995437205,0.8363529341295362,0.08,0.35,0.05,0.45,1.2,24.73689992595464,870421.737708321,870421.742856588
1282,eye1,pmrnet,loop,16.038447036407888,0.02,0.33033103682100773,3.6203520139679313,1.1303629726171494,0.08,0.35,0.05,0.45,1.2,23.269493059813975,870421.744443889,870421.749525188
1283,eye1,pmrnet,loop,21.3270359672606,0.02,0.4952480085194111,9.539986960589886,0.35475404001772404,0.08,0.35,0.05,0.45,1.2,33.86702497638762,870421.75249255,870421.762883004
1284,eye1,pmrnet,loop,27.42418402340263,0.02,0.47425308730453253,10.471904999576509,2.1025839960202575,0.08,0.35,0.05,0.45,1.2,42.62292610630393,870421.763999333,870421.7770485
1286,eye1,pmrnet,loop,24.36808601487428,0.02,0.5196940619498491,9.821445913985372,0.5135319661349058,0.08,0.35,0.05,0.45,1.2,37.372757956944405,870421.779275805,870421.790131025
1287,eye1,pmrnet,loop,23.12279399484396,0.02,1.2519219890236855,4.3758489191532135,0.328555004671216,0.08,0.35,0.05,0.45,1.2,31.229119907692073,870421.790999079,870421.796955727
1288,eye1,pmrnet,loop,22.112857084721327,0.02,0.34430099185556173,4.812694038264453,0.4441260825842619,0.08,0.35,0.05,0.45,1.2,29.863978197425602,870421.798413376,870421.804014791
1289,eye1,pmrnet,loop,24.249244946986437,0.02,0.3378910478204489,8.425109088420868,0.7020039483904839,0.08,0.35,0.05,0.45,1.2,35.864249031618236,870421.804754068,870421.814219389
1290,eye1,pmrnet,loop,26.070469990372658,0.02,0.5088490433990955,6.952426978386939,0.4321340238675475,0.08,0.35,0.05,0.45,1.2,36.11388003602624,870421.816216383,870421.824110177
1292,eye1,pmrnet,loop,14.668670017272234,0.02,0.3158419858664274,3.3676449675112963,0.3368109464645386,0.08,0.35,0.05,0.45,1.2,20.838967917114495,870421.824825719,870421.828846284
1293,eye1,pmrnet,loop,14.241064083762467,0.02,0.3463560715317726,3.475959994830191,0.20704593043774366,0.08,0.35,0.05,0.45,1.2,20.420426080562173,870421.832458258,870421.836487892
1294,eye1,pmrnet,loop,20.714400918222964,0.02,0.5016580689698458,9.671902982518077,0.35974406637251377,0.08,0.35,0.05,0.45,1.2,33.397706036083406,870421.840495504,870421.851029296
1295,eye1,pmrnet,loop,25.660580955445766,0.02,1.8974740523844957,9.508312912657857,0.3446310292929411,0.08,0.35,0.05,0.45,1.2,39.56099894978106,870421.85229408,870421.864044968
1297,eye1,pmrnet,loop,22.461018059402704,0.02,0.4743169993162155,9.690945036709309,0.5973590305075049,0.08,0.35,0.05,0.45,1.2,35.37363912593573,870421.866220065,870421.876983125
1298,eye1,pmrnet,loop,24.20974289998412,0.02,0.46293402556329966,7.556019001640379,0.6921399617567658,0.08,0.35,0.05,0.45,1.2,35.070835888944565,870421.878090049,870421.886801519
1299,eye1,pmrnet,loop,22.27138599846512,0.02,0.4376299912109971,4.077045945450664,0.48241601325571537,0.08,0.35,0.05,0.45,1.2,29.418477948382495,870421.887934089,870421.892931545
1300,eye1,pmrnet,loop,22.639177972450852,0.02,0.4986179992556572,6.1461200239136815,0.647692009806633,0.08,0.35,0.05,0.45,1.2,32.08160800542682,870421.894076083,870421.901368921
1301,eye1,pmrnet,loop,19.33808997273445,0.02,0.3228338900953531,3.2927339198067784,0.3858379786834121,0.08,0.35,0.05,0.45,1.2,25.489495761319994,870421.902135233,870421.906137028
1302,eye1,pmrnet,loop,16.11233304720372,0.02,0.31495094299316406,3.2291539246216416,0.20238105207681656,0.08,0.35,0.05,0.45,1.2,22.00881896689534,870421.907233633,870421.91098037
1303,eye1,pmrnet,loop,14.045899966731668,0.02,0.3103510243818164,3.821533056907356,0.4000080516561866,0.08,0.35,0.05,0.45,1.2,20.727792099677025,870421.912450791,870421.91698293
1304,eye1,pmrnet,loop,13.89071496669203,0.02,0.30961097218096256,3.48286097869277,0.6525119533762336,0.08,0.35,0.05,0.45,1.2,20.485698870941995,870421.920451338,870421.924896583
1305,eye1,pmrnet,loop,19.98023595660925,0.02,0.4589639138430357,9.305268991738558,0.785009004175663,0.08,0.35,0.05,0.45,1.2,32.679477866366504,870421.92850467,870421.939054343
1306,eye1,pmrnet,loop,18.08087306562811,0.02,0.3627700498327613,4.40277298912406,0.322938896715641,0.08,0.35,0.05,0.45,1.2,25.319355001300572,870421.940136275,870421.945225013
1307,eye1,pmrnet,loop,16.840573982335627,0.02,0.33215805888175964,4.897026927210391,0.322472071275115,0.08,0.35,0.05,0.45,1.2,24.54223103970289,870421.946501694,870421.952053603
1308,eye1,pmrnet,loop,13.799760024994612,0.02,0.31879590824246407,3.5035450709983706,0.4395039286464453,0.08,0.35,0.05,0.45,1.2,20.21160493288189,870421.95281973,870421.957081836
1309,eye1,pmrnet,loop,12.813798966817558,0.02,0.3130200784653425,3.188687958754599,0.20519306417554617,0.08,0.35,0.05,0.45,1.2,18.670700068213044,870421.960457621,870421.964164779
1310,eye1,pmrnet,loop,17.106186016462743,0.02,0.4729770589619875,7.3450939962640405,0.2114010276272893,0.08,0.35,0.05,0.45,1.2,27.28565809931606,870421.968496289,870421.976526143
1311,eye1,pmrnet,loop,13.720722054131329,0.02,0.3084320342168212,3.128205076791346,0.5314520094543695,0.08,0.35,0.05,0.45,1.2,19.838811174593864,870421.977241327,870421.981209745
1312,eye1,pmrnet,loop,25.07325995247811,0.02,5.715355975553393,9.910091990604997,0.5104599986225367,0.08,0.35,0.05,0.45,1.2,43.359167917259036,870421.984494184,870422.000630599
1314,eye1,pmrnet,loop,20.707927993498743,0.02,0.48988498747348785,9.484969894401729,0.21700002253055573,0.08,0.35,0.05,0.45,1.2,33.049782897904514,870422.002211676,870422.012403921
1315,eye1,pmrnet,loop,22.362085059285164,0.02,2.0592419896274805,5.526509019546211,1.4655539998784661,0.08,0.35,0.05,0.45,1.2,33.56339006833733,870422.013075098,870422.022126678
1316,eye1,pmrnet,loop,27.054613921791315,0.02,0.5259430035948753,9.765840019099414,1.0008820099756122,0.08,0.35,0.05,0.45,1.2,40.497278954461216,870422.023594414,870422.034887639
1318,eye1,pmrnet,loop,22.671528975479305,0.02,0.5042840493842959,9.476045030169189,0.43373205699026585,0.08,0.35,0.05,0.45,1.2,35.235590112023054,870422.036228839,870422.046643401
1319,eye1,pmrnet,loop,21.38994401320815,0.02,0.38198602851480246,4.768330953083932,0.43791509233415127,0.08,0.35,0.05,0.45,1.2,29.128176087141036,870422.047842419,870422.053430916
1320,eye1,pmrnet,loop,18.935339991003275,0.02,0.35480200313031673,4.0452900575473905,0.5239640595391393,0.08,0.35,0.05,0.45,1.2,26.00939611122012,870422.054120753,870422.059045088
1321,eye1,pmrnet,loop,16.540254931896925,0.02,0.3460790030658245,3.7010220112279058,0.9519930463284254,0.08,0.35,0.05,0.45,1.2,23.68934899251908,870422.059719842,870422.064719156
1322,eye1,pmrnet,loop,14.797847950831056,0.02,0.34468097146600485,3.7493149284273386,1.039516064338386,0.08,0.35,0.05,0.45,1.2,22.081359915062784,870422.065912027,870422.071045862
1323,eye1,pmrnet,loop,12.198882992379367,0.02,0.31967402901500463,3.310062922537327,0.42949907947331667,0.08,0.35,0.05,0.45,1.2,18.408119023405014,870422.072457362,870422.076516821
1324,eye1,pmrnet,loop,13.636536081321537,0.02,0.316586927510798,4.597635939717293,0.6517689907923341,0.08,0.35,0.05,0.45,1.2,21.35252793934196,870422.080457237,870422.086023478
1325,eye1,pmrnet,loop,22.776451078243554,0.02,0.5253880517557263,9.637340903282166,0.5169840296730399,0.08,0.35,0.05,0.45,1.2,35.606164062954484,870422.092552088,870422.103232255
1326,eye1,pmrnet,loop,27.949718991294503,0.02,1.3994850451126695,9.142301976680756,1.2098849983885884,0.08,0.35,0.05,0.45,1.2,41.851391011476515,870422.104721894,870422.116473925
1328,eye1,pmrnet,loop,23.118257988244295,0.02,0.4981330130249262,9.320730925537646,0.35120302345603704,0.08,0.35,0.05,0.45,1.2,35.4383249502629,870422.117609936,870422.127780505
1329,eye1,pmrnet,loop,27.350415010005236,0.02,0.5442599067464471,9.34793392661959,0.45189401134848595,0.08,0.35,0.05,0.45,1.2,39.84450285471976,870422.129737204,870422.140081758
1331,eye1,pmrnet,loop,20.019751973450184,0.02,3.835737006738782,3.4329270711168647,0.32102293334901333,0.08,0.35,0.05,0.45,1.2,29.759438984654842,870422.141299801,870422.148889786
1332,eye1,pmrnet,loop,23.95225700456649,0.02,0.478125992231071,9.503759909421206,0.48779998905956745,0.08,0.35,0.05,0.45,1.2,36.57194289527833,870422.150420009,870422.160890247
1333,eye1,pmrnet,loop,27.559375041164458,0.02,0.5127700278535485,9.482859051786363,0.4405870568007231,0.08,0.35,0.05,0.45,1.2,40.14559117760509,870422.162130021,870422.17256678
1335,eye1,pmrnet,loop,17.758526955731213,0.02,0.34536898601800203,3.5638039698824286,0.45991793740540743,0.08,0.35,0.05,0.45,1.2,24.27761784903705,870422.174534996,870422.178904398
1336,eye1,pmrnet,loop,15.290413983166218,0.02,0.34527608659118414,3.300320007838309,0.39562792517244816,0.08,0.35,0.05,0.45,1.2,21.481638002768157,870422.180463942,870422.184505421
1337,eye1,pmrnet,loop,15.208903001621366,0.02,0.33379695378243923,3.3693229779601097,0.32669701613485813,0.08,0.35,0.05,0.45,1.2,21.38871994949877,870422.188462822,870422.192492965
1338,eye1,pmrnet,loop,21.695995004847646,0.02,0.4804080817848444,9.703377960249782,0.3689420409500599,0.08,0.35,0.05,0.45,1.2,34.39872308783233,870422.196494778,870422.20704796
1339,eye1,pmrnet,loop,25.858939974568784,0.02,0.6204351084306836,10.077405022457242,0.25824003387242556,0.08,0.35,0.05,0.45,1.2,38.965020139329134,870422.208323684,870422.219280287
1341,eye1,pmrnet,loop,15.82278695423156,0.02,0.36788207944482565,3.60278005246073,0.674139941111207,0.08,0.35,0.05,0.45,1.2,22.61758902724832,870422.220737403,870422.225382534
1342,eye1,pmrnet,loop,16.240540076978505,0.02,0.3699909429997206,3.791721072047949,1.2557239970192313,0.08,0.35,0.05,0.45,1.2,23.807976089045404,870422.228451689,870422.233869374
1343,eye1,pmrnet,loop,19.99561709817499,0.02,0.3198810154572129,8.462869096547365,0.45271601993590593,0.08,0.35,0.05,0.45,1.2,31.381083230115472,870422.236456654,870422.245692464
1344,eye1,pmrnet,loop,19.895224017091095,0.02,0.5980059504508972,5.020695040002465,0.20630902145057917,0.08,0.35,0.05,0.45,1.2,27.870234028995036,870422.24783672,870422.25366212
1345,eye1,pmrnet,loop,18.874975969083607,0.02,0.3119510365650058,3.766398993320763,2.232754952274263,0.08,0.35,0.05,0.45,1.2,27.336080951243638,870422.254399632,870422.260711001
1346,eye1,pmrnet,loop,19.352809991687536,0.02,0.3208089619874954,5.5842610308900476,1.9667749293148518,0.08,0.35,0.05,0.45,1.2,29.37465491387993,870422.261385567,870422.269257695
1347,eye1,pmrnet,loop,18.670461024157703,0.02,0.4813870182260871,5.187886068597436,0.20098895765841007,0.08,0.35,0.05,0.45,1.2,26.690723068639635,870422.270773938,870422.276644544
1348,eye1,pmrnet,loop,21.80904697161168,0.02,0.4622730193659663,9.431382059119642,0.3561240155249834,0.08,0.35,0.05,0.45,1.2,34.20882606562227,870422.277600923,870422.287851171
1349,eye1,pmrnet,loop,27.596151921898127,0.02,1.7355660675093532,9.598327917046845,0.403432990424335,0.08,0.35,0.05,0.45,1.2,41.48347889687866,870422.289968432,870422.301706312
1351,eye1,pmrnet,loop,23.995611001737416,0.02,0.9229970164597034,10.050582000985742,0.3401590511202812,0.08,0.35,0.05,0.45,1.2,37.45934907030314,870422.302930583,870422.314244842
1352,eye1,pmrnet,loop,22.170216077938676,0.02,0.5094869993627071,3.5260600270703435,0.35460107028484344,0.08,0.35,0.05,0.45,1.2,28.71036417465657,870422.316098139,870422.320488643
1353,eye1,pmrnet,loop,25.708907982334495,0.02,0.4776580026373267,9.614564012736082,0.4393989220261574,0.08,0.35,0.05,0.45,1.2,38.39052891973406,870422.32156287,870422.332095034
1355,eye1,pmrnet,loop,18.08779500424862,0.02,0.5503130378201604,3.494835924357176,0.37907599471509457,0.08,0.35,0.05,0.45,1.2,24.66201996114105,870422.336189132,870422.34061374
1356,eye1,pmrnet,loop,14.905465068295598,0.02,0.34947600215673447,3.283556899987161,0.516924075782299,0.08,0.35,0.05,0.45,1.2,21.20542204622179,870422.341350048,870422.345500263
1357,eye1,pmrnet,loop,20.477023907005787,0.02,0.5171640077605844,9.67186491470784,0.4382830811664462,0.08,0.35,0.05,0.45,1.2,33.25433591064066,870422.348512768,870422.359140548
1358,eye1,pmrnet,loop,19.000406027771533,0.02,0.3611340653151274,4.086980014108121,0.604195985943079,0.08,0.35,0.05,0.45,1.2,26.20271609313786,870422.360681019,870422.365733548
1359,eye1,pmrnet,loop,16.859918017871678,0.02,0.32887794077396393,3.697513951919973,1.169207040220499,0.08,0.35,0.05,0.45,1.2,24.205516950786112,870422.366466065,870422.371661921
1360,eye1,pmrnet,loop,13.35113903041929,0.02,0.3119360189884901,3.229904919862747,0.20809692796319723,0.08,0.35,0.05,0.45,1.2,19.251076897233723,870422.372472035,870422.37622226
1361,eye1,pmrnet,loop,19.862656015902758,0.02,0.4932370502501726,9.413204970769584,0.37368107587099075,0.08,0.35,0.05,0.45,1.2,32.292779112793504,870422.380521316,870422.390801899
1362,eye1,pmrnet,loop,23.60694599337876,0.02,0.4828820237889886,9.686823934316635,0.4362049512565136,0.08,0.35,0.05,0.45,1.2,36.362856902740894,870422.392009383,870422.402615736
1363,eye1,pmrnet,loop,27.125235996209085,0.02,2.24802503362298,7.7993180602788925,0.21486496552824974,0.08,0.35,0.05,0.45,1.2,39.537444055639206,870422.403940512,870422.414203109
1365,eye1,pmrnet,loop,16.253438079729676,0.02,0.32162806019186974,3.7382489535957575,0.5033239722251892,0.08,0.35,0.05,0.45,1.2,22.96663906574249,870422.414906722,870422.419470344
1366,eye1,pmrnet,loop,13.592061004601419,0.02,0.3121789777651429,3.573582973331213,0.3725739661604166,0.08,0.35,0.05,0.45,1.2,20.00039692185819,870422.420619471,870422.424878053
1367,eye1,pmrnet,loop,13.591345981694758,0.02,0.3112769918516278,3.549201996065676,0.6035469705238938,0.08,0.35,0.05,0.45,1.2,20.205371940135954,870422.428482017,870422.432946267
1368,eye1,pmrnet,loop,12.955929967574775,0.02,0.30373199842870235,3.39639896992594,0.20318292081356049,0.08,0.35,0.05,0.45,1.2,19.009243856742977,870422.436476335,870422.440379854
1369,eye1,pmrnet,loop,19.45170504041016,0.02,0.47988700680434704,9.370921994559467,0.35257497802376747,0.08,0.35,0.05,0.45,1.2,31.80508901979774,870422.444740177,870422.454944126
1370,eye1,pmrnet,loop,23.026799084618688,0.02,1.8479169812053442,8.08996509294957,0.9013930102810264,0.08,0.35,0.05,0.45,1.2,36.016074169054626,870422.455748447,870422.46658807
1371,eye1,pmrnet,loop,25.387896923348308,0.02,0.735002919100225,7.600964978337288,0.22305292077362537,0.08,0.35,0.05,0.45,1.2,36.096917741559444,870422.46845917,870422.477018612
1373,eye1,pmrnet,loop,14.403676032088697,0.02,0.31257804948836565,3.474131925031543,0.6491659441962838,0.08,0.35,0.05,0.45,1.2,20.989551950804888,870422.477736431,870422.482172616
1374,eye1,pmrnet,loop,12.486770981922746,0.02,0.32085401471704245,3.295665024779737,0.21295901387929916,0.08,0.35,0.05,0.45,1.2,18.466249035298823,870422.484494715,870422.488324389
1375,eye1,pmrnet,loop,19.44765995722264,0.02,0.49689004663378,9.835495962761343,0.4963519750162959,0.08,0.35,0.05,0.45,1.2,32.42639794163406,870422.492524876,870422.503354072
1376,eye1,pmrnet,loop,23.54345691855997,0.02,0.5352250300347805,10.040884953923523,0.45435805805027485,0.08,0.35,0.05,0.45,1.2,36.723924960568546,870422.504486143,870422.515517133
1378,eye1,pmrnet,loop,21.319788065738976,0.02,0.5485169822350144,10.058957966975868,0.8432129397988319,0.08,0.35,0.05,0.45,1.2,34.92047595474869,870422.51798016,870422.529431346
1379,eye1,pmrnet,loop,25.386530091054738,0.02,0.5530249327421188,9.81425098143518,0.36053801886737347,0.08,0.35,0.05,0.45,1.2,38.26434402409941,870422.530839759,870422.541568145
1381,eye1,pmrnet,loop,21.976655931212008,0.02,0.5165099864825606,9.599602897651494,0.46092504635453224,0.08,0.35,0.05,0.45,1.2,34.70369386170059,870422.543719069,870422.55429666
1382,eye1,pmrnet,loop,25.91604902409017,0.02,0.4764330806210637,9.827357018366456,0.5155450198799372,0.08,0.35,0.05,0.45,1.2,38.885384142957626,870422.555484309,870422.566304195
1384,eye1,pmrnet,loop,22.691827965900302,0.02,0.5432609468698502,9.722727001644671,0.37876307033002377,0.08,0.35,0.05,0.45,1.2,35.486578984744845,870422.568573532,870422.579218868
1385,eye1,pmrnet,loop,26.162405963987112,0.02,0.4491290310397744,9.739027009345591,0.5608770297840238,0.08,0.35,0.05,0.45,1.2,39.0614390341565,870422.580008422,870422.590757844
1387,eye1,pmrnet,loop,17.522544017992914,0.02,1.0212380439043045,3.4735999070107937,0.6081749452278018,0.08,0.35,0.05,0.45,1.2,24.775556914135812,870422.593154078,870422.598257366
1388,eye1,pmrnet,loop,16.04176906403154,0.02,0.38328999653458595,3.5697859711945057,0.385420979000628,0.08,0.35,0.05,0.45,1.2,22.53026601076126,870422.600507046,870422.604845839
1389,eye1,pmrnet,loop,22.194354911334813,0.02,0.5232249386608601,9.637751965783536,0.3823860315605998,0.08,0.35,0.05,0.45,1.2,34.88771784733981,870422.608523034,870422.619066889
1390,eye1,pmrnet,loop,26.722509996034205,0.02,0.5068619502708316,9.896555915474892,0.5279199685901403,0.08,0.35,0.05,0.45,1.2,39.80384783037007,870422.620730767,870422.631662714
1392,eye1,pmrnet,loop,16.08323003165424,0.02,0.3634790191426873,3.4014310222119093,0.4017680184915662,0.08,0.35,0.05,0.45,1.2,22.3999080915004,870422.632996333,870422.637163236
1393,eye1,pmrnet,loop,21.92650397773832,0.02,1.7233139369636774,8.571070968173444,0.2371880691498518,0.08,0.35,0.05,0.45,1.2,34.60807695202529,870422.640542641,870422.65107467
1394,eye1,pmrnet,loop,19.703098922036588,0.02,0.44129800517112017,4.206093959510326,0.3372190985828638,0.08,0.35,0.05,0.45,1.2,26.837709985300897,870422.651935678,870422.656920638
1395,eye1,pmrnet,loop,23.725170991383493,0.02,0.508883036673069,9.332556976005435,0.46671892050653696,0.08,0.35,0.05,0.45,1.2,36.18332992456853,870422.658702791,870422.6690114
1396,eye1,pmrnet,loop,23.411725065670907,0.02,0.4671189235523343,5.704451003111899,0.44875708408653736,0.08,0.35,0.05,0.45,1.2,32.18205207642168,870422.670147054,870422.676767791
1397,eye1,pmrnet,loop,27.15212106704712,0.02,0.5568430060520768,9.434391045942903,0.34723395947366953,0.08,0.35,0.05,0.45,1.2,39.64058907851577,870422.67823738,870422.688576318
1399,eye1,pmrnet,loop,23.511481937021017,0.02,0.5112469661980867,9.3816879671067,0.478119938634336,0.08,0.35,0.05,0.45,1.2,36.03253680896014,870422.690702226,870422.701073731
1400,eye1,pmrnet,loop,27.97996997833252,0.02,0.5176470149308443,9.461584035307169,0.5067449528723955,0.08,0.35,0.05,0.45,1.2,40.61594598144293,870422.7031248,870422.713611232
1402,eye1,pmrnet,loop,23.453159956261516,0.02,0.4803040064871311,9.55497706308961,0.33845100551843643,0.08,0.35,0.05,0.45,1.2,35.97689203135669,870422.714848187,870422.725222365
1403,eye1,pmrnet,loop,28.426298988051713,0.02,0.4756359849125147,9.710029000416398,0.5226510111242533,0.08,0.35,0.05,0.45,1.2,41.28461498450488,870422.727555585,870422.738264375
1405,eye1,pmrnet,loop,17.51032506581396,0.02,0.429899082519114,3.3527479972690344,0.43116905726492405,0.08,0.35,0.05,0.45,1.2,23.87414120286703,870422.739274317,870422.743488357
1406,eye1,pmrnet,loop,21.213427069596946,0.02,0.498528010211885,9.391607018187642,0.34982897341251373,0.08,0.35,0.05,0.45,1.2,33.60339107140899,870422.74501929,870422.755259721
1407,eye1,pmrnet,loop,26.003430946730077,0.02,1.7009139992296696,9.462735033594072,0.46921696048229933,0.08,0.35,0.05,0.45,1.2,39.78629694003612,870422.756485386,870422.768118638
1409,eye1,pmrnet,loop,19.108645035885274,0.02,1.138548948802054,5.80690405331552,0.3527479711920023,0.08,0.35,0.05,0.45,1.2,28.55684600919485,870422.77006317,870422.777361837
1410,eye1,pmrnet,loop,23.451923043467104,0.02,0.46620797365903854,9.816684992983937,0.9765690192580223,0.08,0.35,0.05,0.45,1.2,36.8613850293681,870422.778514446,870422.789774328
1411,eye1,pmrnet,loop,27.593295904807746,0.02,0.48708391841501,9.420473943464458,0.4658299731090665,0.08,0.35,0.05,0.45,1.2,40.11668373979628,870422.791610726,870422.80198457
1413,eye1,pmrnet,loop,22.79248693957925,0.02,0.34167803823947906,9.241494932211936,0.6080960156396031,0.08,0.35,0.05,0.45,1.2,35.133755925670265,870422.803130046,870422.813321679
1414,eye1,pmrnet,loop,27.94461406301707,0.02,0.5579090211540461,10.01314097084105,0.5160990403965116,0.08,0.35,0.05,0.45,1.2,41.18176309540868,870422.815453943,870422.826541746
1416,eye1,pmrnet,loop,18.338316003791988,0.02,0.38235506508499384,4.044860950671136,1.056312001310289,0.08,0.35,0.05,0.45,1.2,25.971844020858406,870422.827591197,870422.833074957
1417,eye1,pmrnet,loop,22.677193977870047,0.02,0.5328339757397771,9.70133300870657,0.6195269525051117,0.08,0.35,0.05,0.45,1.2,35.680887914821504,870422.834628046,870422.845482197
1418,eye1,pmrnet,loop,26.338577968999743,0.02,0.5349629791453481,9.547792957164347,0.4235069500282407,0.08,0.35,0.05,0.45,1.2,38.99484085533768,870422.846706179,870422.857212867
1420,eye1,pmrnet,loop,20.35505697131157,0.02,0.46979403123259544,7.522466010414064,0.20784197840839624,0.08,0.35,0.05,0.45,1.2,30.705158991366623,870422.859167474,870422.867367946
1421,eye1,pmrnet,loop,24.700703914277256,0.02,0.4594220081344247,9.828326990827918,1.1669020168483257,0.08,0.35,0.05,0.45,1.2,38.30535493008792,870422.868326705,870422.879781798
1423,eye1,pmrnet,loop,14.030587975867093,0.02,0.3323269775137305,3.3399969106540084,0.4989790031686425,0.08,0.35,0.05,0.45,1.2,20.351890867203473,870422.881078977,870422.885250525
1424,eye1,pmrnet,loop,13.306371052749455,0.02,0.3169990377500653,3.3935029059648514,0.40045101195573807,0.08,0.35,0.05,0.45,1.2,19.56732400842011,870422.888484055,870422.892595243
1425,eye1,pmrnet,loop,13.717383961193264,0.02,0.33471803180873394,3.788048983551562,0.4412509733811021,0.08,0.35,0.05,0.45,1.2,20.43140194993466,870422.896511205,870422.901075461
1426,eye1,pmrnet,loop,12.827591970562935,0.02,0.3111109836027026,3.2288479851558805,0.20735198631882668,0.08,0.35,0.05,0.45,1.2,18.724902925640343,870422.904506992,870422.908254534
1427,eye1,pmrnet,loop,19.487682031467557,0.02,0.4721930017694831,9.535857010632753,0.43246103450655937,0.08,0.35,0.05,0.45,1.2,32.07819307837635,870422.912542138,870422.922983109
1428,eye1,pmrnet,loop,23.871210985817015,0.02,0.5333640147000551,9.70999791752547,0.43744000140577555,0.08,0.35,0.05,0.45,1.2,36.702012919448315,870422.924754238,870422.935435577
1429,eye1,pmrnet,loop,27.122736908495426,0.02,0.4623680142685771,9.473832906223834,0.3386631142348051,0.08,0.35,0.05,0.45,1.2,39.54760094322264,870422.936480639,870422.946755988
1431,eye1,pmrnet,loop,22.837045951746404,0.02,0.4817500011995435,9.199070045724511,0.35937305074185133,0.08,0.35,0.05,0.45,1.2,35.02723904941231,870422.948568471,870422.958609064
1432,eye1,pmrnet,loop,19.33336106594652,0.02,0.3082609036937356,3.1926619121804833,0.4475190071389079,0.08,0.35,0.05,0.45,1.2,25.431802888959645,870422.959225691,870422.963174329
1433,eye1,pmrnet,loop,17.34708610456437,0.02,0.30697102192789316,4.702806007117033,0.4605349386110902,0.08,0.35,0.05,0.45,1.2,24.967398072220384,870422.963786594,870422.969257104
1434,eye1,pmrnet,loop,21.160587901249528,0.02,0.463780015707016,9.605687926523387,0.4864279180765152,0.08,0.35,0.05,0.45,1.2,33.866483761556445,870422.970582405,870422.981138745
1435,eye1,pmrnet,loop,23.719124030321836,0.02,0.4942950326949358,8.724926970899105,0.21818303503096104,0.08,0.35,0.05,0.45,1.2,35.30652906894684,870422.982329139,870422.991766896
1437,eye1,pmrnet,loop,16.519511002115905,0.02,0.48837007489055395,5.621148971840739,0.7111040176823735,0.08,0.35,0.05,0.45,1.2,25.49013406652957,870422.993884374,870423.000705344
1438,eye1,pmrnet,loop,20.589104969985783,0.02,0.46437897253781557,9.561712038703263,1.0286759352311492,0.08,0.35,0.05,0.45,1.2,33.79387191645801,870423.001788016,870423.012843265
1439,eye1,pmrnet,loop,25.15759796369821,0.02,0.4885600646957755,9.870010078884661,0.3820679849013686,0.08,0.35,0.05,0.45,1.2,38.04823609218001,870423.014738656,870423.025479757
1440,eye1,pmrnet,loop,23.95592804532498,0.02,0.5906620062887669,4.78506600484252,0.2228559460490942,0.08,0.35,0.05,0.45,1.2,31.70451200250536,870423.02674961,870423.032348585
1441,eye1,pmrnet,loop,21.084386971779168,0.02,0.31677691731601954,3.3066710457205772,0.19865506328642368,0.08,0.35,0.05,0.45,1.2,27.056489998102187,870423.033724093,870423.03754643
1442,eye1,pmrnet,loop,19.383022096008062,0.02,0.30830304604023695,4.6498270239681005,0.7146050920709968,0.08,0.35,0.05,0.45,1.2,27.205757258087395,870423.038240393,870423.043913422
1443,eye1,pmrnet,loop,20.840273005887866,0.02,0.45717600733041763,7.793940021656454,0.20300701726228,0.08,0.35,0.05,0.45,1.2,31.444396052137016,870423.044986847,870423.05344129
1444,eye1,pmrnet,loop,19.063726998865604,0.02,0.3151179989799857,3.6312059964984655,1.207524910569191,0.08,0.35,0.05,0.45,1.2,26.367575904913245,870423.054579434,870423.059733645
1445,eye1,pmrnet,loop,18.333523999899626,0.02,0.47289603389799595,4.7381180338561535,1.1171979131177068,0.08,0.35,0.05,0.45,1.2,26.81173598077148,870423.060743618,870423.067072189
1446,eye1,pmrnet,loop,15.63232799526304,0.02,0.30851399060338736,3.298954921774566,0.3303559496998787,0.08,0.35,0.05,0.45,1.2,21.72015285734087,870423.068502216,870423.072440309
1447,eye1,pmrnet,loop,22.158527048304677,0.02,0.4587749717757106,9.54293494578451,0.49973209388554096,0.08,0.35,0.05,0.45,1.2,34.809969059750436,870423.076532678,870423.08703457
1448,eye1,pmrnet,loop,25.643697008490562,0.02,0.4689039196819067,9.558825986459851,0.33193198032677174,0.08,0.35,0.05,0.45,1.2,38.15335889495909,870423.088228789,870423.098588905
1450,eye1,pmrnet,loop,17.028075992129743,0.02,0.49180397763848305,4.715929972007871,0.3747959854081273,0.08,0.35,0.05,0.45,1.2,24.760605927184223,870423.100529153,870423.106112055
1451,eye1,pmrnet,loop,21.823166985996068,0.02,0.31018792651593685,9.609079919755459,0.566605944186449,0.08,0.35,0.05,0.45,1.2,34.45904077645391,870423.108489236,870423.11897539
1452,eye1,pmrnet,loop,23.971611983142793,0.02,0.4876829916611314,7.140144007280469,0.668233959004283,0.08,0.35,0.05,0.45,1.2,34.417672941088675,870423.120896984,870423.129193501
1453,eye1,pmrnet,loop,20.87451599072665,0.02,0.3104660427197814,3.4490579273551702,0.4456629976630211,0.08,0.35,0.05,0.45,1.2,27.22970295846462,870423.12996008,870423.134165494
1454,eye1,pmrnet,loop,17.55514496471733,0.02,0.31289004255086184,3.426888957619667,0.34487503580749035,0.08,0.35,0.05,0.45,1.2,23.789799000695346,870423.134830173,870423.138915083
1455,eye1,pmrnet,loop,21.641414030455053,0.02,0.5223070038482547,9.58420499227941,0.40057196747511625,0.08,0.35,0.05,0.45,1.2,34.29849799405783,870423.140561774,870423.151069407
1456,eye1,pmrnet,loop,25.100974016822875,0.02,0.5333020817488432,9.446113021112978,0.3686480922624469,0.08,0.35,0.05,0.45,1.2,37.59903721194714,870423.152249921,870423.162598364
1458,eye1,pmrnet,loop,21.303448011167347,0.02,0.5020638927817345,9.37366799917072,0.4253850784152746,0.08,0.35,0.05,0.45,1.2,33.754564981535076,870423.164637237,870423.174938795
1459,eye1,pmrnet,loop,24.81325506232679,0.02,0.5234760465100408,9.603926097042859,0.2426779828965664,0.08,0.35,0.05,0.45,1.2,37.33333518877625,870423.176147079,870423.186517547
1460,eye1,pmrnet,loop,28.17203209269792,0.02,0.5210459930822253,8.65696999244392,0.5421199603006244,0.08,0.35,0.05,0.45,1.2,40.042168038524686,870423.188224572,870423.197945168
1462,eye1,pmrnet,loop,23.82830495480448,0.02,0.4933779127895832,9.487217990681529,0.5143469898030162,0.08,0.35,0.05,0.45,1.2,36.47324784807861,870423.199244994,870423.209740313
1463,eye1,pmrnet,loop,21.389325032941997,0.02,0.37701090332120657,3.512423951178789,0.4608129383996129,0.08,0.35,0.05,0.45,1.2,27.889572825841604,870423.211019676,870423.215370148
1464,eye1,pmrnet,loop,17.93340197764337,0.02,0.31709601171314716,3.2559720566496253,0.3781459527090192,0.08,0.35,0.05,0.45,1.2,24.03461599871516,870423.216031828,870423.219983295
1465,eye1,pmrnet,loop,14.43790306802839,0.02,0.33263699151575565,3.225481021218002,0.3241710364818573,0.08,0.35,0.05,0.45,1.2,20.470192117244004,870423.220674386,870423.224556891
1466,eye1,pmrnet,loop,20.852985908277333,0.02,0.3812320064753294,9.571879985742271,0.5623599281534553,0.08,0.35,0.05,0.45,1.2,33.518457828648394,870423.228524563,870423.239040382
1467,eye1,pmrnet,loop,27.031900943256915,0.02,0.8493789937347174,9.896093048155308,1.4504889259114861,0.08,0.35,0.05,0.45,1.2,41.377861911058424,870423.241090518,870423.253287021
1469,eye1,pmrnet,loop,23.750485037453473,0.02,1.407100004144013,9.314272901974618,0.8079790277406573,0.08,0.35,0.05,0.45,1.2,37.42983697131276,870423.254614339,870423.266144201
1470,eye1,pmrnet,loop,28.157665976323187,0.02,0.5992939695715904,9.51216509565711,0.46576594468206167,0.08,0.35,0.05,0.45,1.2,40.88489098623395,870423.268043524,870423.278621185
1472,eye1,pmrnet,loop,20.214547053910792,0.02,0.5728621035814285,6.644107983447611,0.2100089332088828,0.08,0.35,0.05,0.45,1.2,29.791526074148713,870423.279388953,870423.286816294
1473,eye1,pmrnet,loop,18.54208006989211,0.02,0.32395694870501757,3.9962870068848133,0.5983620649203658,0.08,0.35,0.05,0.45,1.2,25.610686090402304,870423.288294219,870423.293213078
1474,eye1,pmrnet,loop,16.63284609094262,0.02,0.49052503891289234,3.7814630195498466,1.07231002766639,0.08,0.35,0.05,0.45,1.2,24.12714417707175,870423.294028019,870423.299372516
1475,eye1,pmrnet,loop,17.704245983622968,0.02,0.438435934484005,7.079997914843261,0.3731169272214174,0.08,0.35,0.05,0.45,1.2,27.74579676017165,870423.300620462,870423.308512401
1476,eye1,pmrnet,loop,22.26168301422149,0.02,0.5375860491767526,9.578833007253706,0.4607549635693431,0.08,0.35,0.05,0.45,1.2,34.98885703422129,870423.310561242,870423.321138936
1477,eye1,pmrnet,loop,20.482191001065075,0.02,0.5202419124543667,4.170999978668988,0.43497199658304453,0.08,0.35,0.05,0.45,1.2,27.758404888771473,870423.322302341,870423.327428969
1478,eye1,pmrnet,loop,24.497876991517842,0.02,0.49971998669207096,9.666230995208025,0.49049605149775743,0.08,0.35,0.05,0.45,1.2,37.304324024915694,870423.328856179,870423.339513169
1480,eye1,pmrnet,loop,15.24352002888918,0.02,1.530118053779006,3.6934009985998273,0.6104169879108667,0.08,0.35,0.05,0.45,1.2,23.227456069178878,870423.340563321,870423.346397517
1481,eye1,pmrnet,loop,13.389882980845869,0.02,0.36454189103096724,3.331501968204975,0.40451495442539454,0.08,0.35,0.05,0.45,1.2,19.640441794507204,870423.348512088,870423.352612856
1482,eye1,pmrnet,loop,14.42135707475245,0.02,0.38030894938856363,4.280072986148298,0.5119839916005731,0.08,0.35,0.05,0.45,1.2,21.743723001889883,870423.356540643,870423.361713293
1483,eye1,pmrnet,loop,13.410155079327524,0.02,0.3428909694775939,3.5852229921147227,0.3270369488745928,0.08,0.35,0.05,0.45,1.2,19.81530598979443,870423.3645166,870423.368772074
1484,eye1,pmrnet,loop,22.878982941620052,0.02,2.5082890642806888,8.382230997085571,1.5024059684947133,0.08,0.35,0.05,0.45,1.2,37.421908971481024,870423.373916161,870423.38630953
1485,eye1,pmrnet,loop,20.046368008479476,0.02,0.3691599704325199,3.304674057289958,0.2041900297626853,0.08,0.35,0.05,0.45,1.2,26.074392065964638,870423.387668169,870423.391546426
1486,eye1,pmrnet,loop,17.29809306561947,0.02,0.36013894714415073,3.799975966103375,0.38802402559667826,0.08,0.35,0.05,0.45,1.2,23.99623200446367,870423.392318559,870423.396866955
1487,eye1,pmrnet,loop,13.981622061692178,0.02,0.34385500475764275,3.4374799579381943,0.3025410696864128,0.08,0.35,0.05,0.45,1.2,20.215498094074427,870423.397535608,870423.401619722
1488,eye1,pmrnet,loop,13.241657987236977,0.02,0.3566410159692168,3.3496259711682796,0.7132990285754204,0.08,0.35,0.05,0.45,1.2,19.811224002949892,870423.404528875,870423.408948675
1489,eye1,pmrnet,loop,12.905473005957901,0.02,0.3980280598625541,3.3776990603655577,0.36351103335618973,0.08,0.35,0.05,0.45,1.2,19.1947111595422,870423.412541998,870423.416681468
1490,eye1,pmrnet,loop,12.687581009231508,0.02,0.3601799253374338,3.3610669197514653,0.27869793120771646,0.08,0.35,0.05,0.45,1.2,18.837525785528122,870423.420522065,870423.424522365
1491,eye1,pmrnet,loop,15.041767037473619,0.02,0.5084050353616476,4.942951956763864,0.9567310335114598,0.08,0.35,0.05,0.45,1.2,23.59985506311059,870423.428547087,870423.434955633
1492,eye1,pmrnet,loop,14.500309014692903,0.02,0.5011010216549039,4.863737034611404,0.5536309909075499,0.08,0.35,0.05,0.45,1.2,22.56877806186676,870423.43656439,870423.442483231
1493,eye1,pmrnet,loop,12.666333001106977,0.02,0.3264440456405282,3.370471065863967,0.38232700899243355,0.08,0.35,0.05,0.45,1.2,18.895575121603905,870423.444638515,870423.448718101
1494,eye1,pmrnet,loop,12.505167978815734,0.02,0.33469300251454115,3.350118058733642,0.411772052757442,0.08,0.35,0.05,0.45,1.2,18.751751092821358,870423.452529396,870423.456626218
1495,eye1,pmrnet,loop,18.749632057733834,0.02,0.47355901915580034,9.375651949085295,0.5244379863142967,0.08,0.35,0.05,0.45,1.2,31.273281012289225,870423.460564417,870423.470938554
1496,eye1,pmrnet,loop,22.26790599524975,0.02,0.848276074975729,9.650633088313043,0.35601702984422445,0.08,0.35,0.05,0.45,1.2,35.27283218838274,870423.471670767,870423.482526163
1498,eye1,pmrnet,loop,17.71412999369204,0.02,0.4889689153060317,8.589777979068458,0.46799296978861094,0.08,0.35,0.05,0.45,1.2,29.41086985785514,870423.484563004,870423.494110281
1499,eye1,pmrnet,loop,22.47960795648396,0.02,0.4911619471386075,9.49681201018393,0.40207605343312025,0.08,0.35,0.05,0.45,1.2,35.01965796723962,870423.496554441,870423.506945032
1500,eye1,pmrnet,loop,19.324515014886856,0.02,0.3180629573762417,3.2234779791906476,0.18648698460310698,0.08,0.35,0.05,0.45,1.2,25.20254293605685,870423.508131278,870423.511859546
1501,eye1,pmrnet,loop,17.338760080747306,0.02,0.309209106490016,3.6982010351493955,1.416756073012948,0.08,0.35,0.05,0.45,1.2,24.912926295399664,870423.512518356,870423.517942748
1502,eye1,pmrnet,loop,15.707365004345775,0.02,0.31176896300166845,3.230087924748659,0.3151659620925784,0.08,0.35,0.05,0.45,1.2,21.71438785418868,870423.52052297,870423.524380215
1503,eye1,pmrnet,loop,21.837692940607667,0.02,0.47517905477434397,9.342937031760812,0.1980561064556241,0.08,0.35,0.05,0.45,1.2,34.003865133598445,870423.528562706,870423.538579266
1504,eye1,pmrnet,loop,19.794709980487823,0.02,0.5949719343334436,4.0678930236026645,0.6217170739546418,0.08,0.35,0.05,0.45,1.2,27.229292012378572,870423.539320354,870423.54460527
1505,eye1,pmrnet,loop,24.89042398519814,0.02,0.484923948533833,9.466510964557528,1.2918220600113273,0.08,0.35,0.05,0.45,1.2,38.28368095830083,870423.546525792,870423.55776957
1506,eye1,pmrnet,loop,28.153623919934034,0.02,0.4787989892065525,9.360359981656075,0.3231189912185073,0.08,0.35,0.05,0.45,1.2,40.46590188201517,870423.558939241,870423.56910199
1508,eye1,pmrnet,loop,19.876108039170504,0.02,2.482822979800403,3.4393100067973137,0.3288229927420616,0.08,0.35,0.05,0.45,1.2,28.27706401851028,870423.570711505,870423.576962842
1509,eye1,pmrnet,loop,18.85366498026997,0.02,0.3366619348526001,4.451735992915928,1.5700410585850477,0.08,0.35,0.05,0.45,1.2,27.362103966623543,870423.577650193,870423.584008937
1510,eye1,pmrnet,loop,16.89490000717342,0.02,0.3665689146146178,3.5059209913015366,1.432107063010335,0.08,0.35,0.05,0.45,1.2,24.349496976099907,870423.584814841,870423.59011969
1511,eye1,pmrnet,loop,21.539844921790063,0.02,0.5101429997012019,9.373312932439148,0.3545640502125025,0.08,0.35,0.05,0.45,1.2,33.927864904142915,870423.592594597,870423.602833083
1512,eye1,pmrnet,loop,25.361315929330885,0.02,0.5124690942466259,9.684356045909226,0.5054579814895988,0.08,0.35,0.05,0.45,1.2,38.213599050976335,870423.604020977,870423.614723758
1513,eye1,pmrnet,loop,28.42028997838497,0.02,0.6181009812280536,8.486384991556406,0.1913339365273714,0.08,0.35,0.05,0.45,1.2,39.8661098876968,870423.616556001,870423.625852237
1515,eye1,pmrnet,loop,19.115402945317328,0.02,2.012355951592326,3.3940469147637486,0.7416489534080029,0.08,0.35,0.05,0.45,1.2,27.413454765081404,870423.626537092,870423.632685386
1516,eye1,pmrnet,loop,22.819496924057603,0.02,0.48031704500317574,9.60178708191961,0.42810989543795586,0.08,0.35,0.05,0.45,1.2,35.479710946418344,870423.633947345,870423.644458041
1517,eye1,pmrnet,loop,26.206142967566848,0.02,3.42467799782753,6.426537991501391,0.7030400447547436,0.08,0.35,0.05,0.45,1.2,38.91039900165051,870423.645358968,870423.655913579
1519,eye1,pmrnet,loop,17.490787082351744,0.02,0.4717400297522545,4.458866082131863,0.9915669215843081,0.08,0.35,0.05,0.45,1.2,25.562960115820168,870423.657414248,870423.663336822
1520,eye1,pmrnet,loop,17.225918942131102,0.02,0.31046895310282707,5.332789965905249,0.9693540632724762,0.08,0.35,0.05,0.45,1.2,25.988531924411653,870423.664527869,870423.671140784
1521,eye1,pmrnet,loop,14.330522040836513,0.02,0.31744397711008787,3.244202001951635,0.21875090897083282,0.08,0.35,0.05,0.45,1.2,20.260918928869067,870423.672533933,870423.67631463
1522,eye1,pmrnet,loop,20.826442050747573,0.02,0.4733089590445161,9.39453998580575,0.45316305477172136,0.08,0.35,0.05,0.45,1.2,33.297454050369566,870423.680557199,870423.690878679
1523,eye1,pmrnet,loop,17.64652202837169,0.02,0.4427150124683976,3.2599250553175807,0.18070300575345755,0.08,0.35,0.05,0.45,1.2,23.679865101911126,870423.691885909,870423.695769488
1524,eye1,pmrnet,loop,15.918719000183046,0.02,0.3201999934390187,4.474506014958024,0.3645430551841855,0.08,0.35,0.05,0.45,1.2,23.227968063764273,870423.696951193,870423.702110667
1525,eye1,pmrnet,loop,13.937387964688241,0.02,0.3088719677180052,3.180584986694157,0.18632994033396244,0.08,0.35,0.05,0.45,1.2,19.763174859434365,870423.704522316,870423.708198349
1526,eye1,pmrnet,loop,17.282332992181182,0.02,0.4726110491901636,6.22620596550405,0.35129894968122244,0.08,0.35,0.05,0.45,1.2,26.482448956556617,870423.712561788,870423.719612306
1527,eye1,pmrnet,loop,15.721905045211315,0.02,0.46952604316174984,4.377907025627792,0.42942201253026724,0.08,0.35,0.05,0.45,1.2,23.148760126531123,870423.720843608,870423.726120866
1528,eye1,pmrnet,loop,15.169966034591198,0.02,0.33864693250507116,4.160445067100227,0.5877410294488072,0.08,0.35,0.05,0.45,1.2,22.406799063645302,870423.728550623,870423.733637742
1529,eye1,pmrnet,loop,13.76762194558978,0.02,0.31694199424237013,3.261275007389486,0.20552403293550014,0.08,0.35,0.05,0.45,1.2,19.701362980157135,870423.736520538,870423.740304538
1530,eye1,pmrnet,loop,20.150829921476543,0.02,0.4748969804495573,9.3534350162372,0.3491489915177226,0.08,0.35,0.05,0.45,1.2,32.47831090968102,870423.744578194,870423.754756114
1531,eye1,pmrnet,loop,17.47287902981043,0.02,0.5523259751498699,3.6001791013404727,0.35228696651756763,0.08,0.35,0.05,0.45,1.2,24.127671072818337,870423.755642913,870423.760147986
1532,eye1,pmrnet,loop,14.466903056018054,0.02,0.3178970655426383,3.4104130463674664,0.19647495355457067,0.08,0.35,0.05,0.45,1.2,20.54168812148273,870423.761285932,870423.765210966
1533,eye1,pmrnet,loop,13.895859010517597,0.02,0.32203400041908026,3.4737649839371443,0.3651329316198826,0.08,0.35,0.05,0.45,1.2,20.206790926493703,870423.768547757,870423.772708913
1534,eye1,pmrnet,loop,14.324932941235602,0.02,0.3172180149704218,3.8002529181540012,0.5116460379213095,0.08,0.35,0.05,0.45,1.2,21.104049912281333,870423.776577484,870423.781206924
1535,eye1,pmrnet,loop,20.218192948959768,0.02,0.4725409671664238,9.644333040341735,0.47548196744173765,0.08,0.35,0.05,0.45,1.2,32.96054892390966,870423.784575418,870423.795168231
1536,eye1,pmrnet,loop,24.485202971845865,0.02,0.9035429684445262,9.731917991302907,0.528904958628118,0.08,0.35,0.05,0.45,1.2,37.799568890221416,870423.79633949,870423.80750438
1538,eye1,pmrnet,loop,15.156931011006236,0.02,0.39001903496682644,3.6355629563331604,0.6949270609766245,0.08,0.35,0.05,0.45,1.2,22.027440063282846,870423.809594119,870423.814314877
